Method,Number of Swaps,Node,Eigenvector Centrality,Betweenness Centrality,Closeness Centrality,Methods
,235560,Contig_60400.fasta,0.0223887422119089,0.0001007547244303059,0.4724016547898198,CM
,235560,Contig_303000.fasta,0.013754130583796258,3.279288824473421e-05,0.4505670092145561,CM
,235560,Contig_58480.fasta,0.0032122850574609757,1.3941401131584342e-06,0.3688717690731703,CM
,235560,Contig_547953.fasta,0.020091350513319572,8.151360336388445e-05,0.46908655545796146,CM
,235560,Contig_501261.fasta,0.013990924080776535,3.9431052143562894e-05,0.4558342319233478,CM
,235560,Contig_59812.fasta,0.01998532797112838,7.920147345011923e-05,0.4669798793106951,CM
,235560,Contig_137842.fasta,0.02632873197790249,0.00014268867399716393,0.4772196216923167,CM
,235560,Contig_305555.fasta,0.020264195196029136,7.754574954487111e-05,0.46767999906978164,CM
,235560,Contig_1064437.fasta,0.02046001676525389,8.069026043412445e-05,0.4681479130258295,CM
,235560,Contig_302768.fasta,0.004794413976183189,3.1902485046924805e-06,0.4044199127651828,CM
,235560,Contig_308773.fasta,0.011202560398491924,2.42920426121314e-05,0.45013356331824583,CM
,235560,Contig_548846.fasta,0.0012946728045573122,0.0,0.32595878723045385,CM
,235560,Contig_367992.fasta,0.004798268362777557,4.640761247330481e-06,0.41045073602571625,CM
,235560,Contig_2515.fasta,0.019807227989675477,7.489908149495192e-05,0.4644306094980809,CM
,235560,Contig_139114.fasta,0.024438634746214338,0.00011977064353485686,0.47407683796283334,CM
,235560,Contig_1118110.fasta,0.020503647143391278,8.464753895695268e-05,0.4674463926766399,CM
,235560,Contig_499911.fasta,0.022903851712509013,0.00010328664559408813,0.471925203297344,CM
,235560,Contig_552124.fasta,0.0,0.0,0.0,CM
,235560,Contig_133566.fasta,0.01631199925962768,4.967965330332054e-05,0.45873905791109465,CM
,235560,Contig_131655.fasta,0.004310987639723125,2.8724788431640072e-06,0.3928747599238594,CM
,235560,Contig_550217.fasta,0.006955295707624529,1.0338396941683123e-05,0.42518295235739806,CM
,235560,Contig_1065858.fasta,0.02019610744092596,8.274632911908767e-05,0.4688515421536238,CM
,235560,Contig_502682.fasta,0.004875008577804687,3.1592547168877905e-06,0.4075904521509726,CM
,235560,Contig_59781.fasta,0.009522681233631602,1.540625165005246e-05,0.4381215721622814,CM
,235560,Contig_544167.fasta,0.02028679174421738,8.104573217460043e-05,0.4688515421536238,CM
,235560,Contig_500923.fasta,0.004898521743010591,3.8473134392543425e-06,0.4070585811825285,CM
,235560,Contig_53423.fasta,0.008309826423175815,1.2018512800012737e-05,0.4344603891080005,CM
,235560,Contig_54970.fasta,0.009260102404896373,1.4411846291238368e-05,0.43506633107328363,CM
,235560,Contig_371293.fasta,0.025551451076897255,0.00012531432325838364,0.47383679905753573,CM
,235560,Contig_368039.fasta,0.012210230731171938,3.0318580629657422e-05,0.453185316289895,CM
,235560,Contig_139681.fasta,0.00831050570234788,1.244711677525431e-05,0.4332535546938116,CM
,235560,Contig_139250.fasta,0.007197608423510894,9.289810253371347e-06,0.4253762173357423,CM
,235560,Contig_55970.fasta,0.02109519512434862,8.940151598461047e-05,0.47026516489378545,CM
,235560,Contig_370642.fasta,0.007359328177504224,8.921635625158306e-06,0.4286888127066574,CM
,235560,Contig_424505.fasta,0.01572268315992665,4.7825217568573255e-05,0.46145349020642656,CM
,235560,Contig_1064106.fasta,0.008511604931984752,1.437447917940192e-05,0.4379165550484947,CM
,235560,Contig_53687.fasta,0.002046450144552318,2.893613790677284e-07,0.3401772730420331,CM
,235560,Contig_988292.fasta,0.010899549858171426,2.1187889266110038e-05,0.4452082198566285,CM
,235560,Contig_2.fasta,0.004824071741766514,3.426028546742229e-06,0.4093734375059637,CM
,235560,Contig_55746.fasta,0.003643836591391579,2.0055809123047338e-06,0.3928747599238594,CM
,235560,Contig_370874.fasta,0.016792729916186296,5.688573769421008e-05,0.4630517952195117,CM
,235560,Contig_62202.fasta,0.021038129363002946,9.513014788036558e-05,0.4721633088489572,CM
,235560,Contig_131826.fasta,0.019865609146701154,7.308704723000958e-05,0.4662818525852681,CM
,235560,Contig_60972.fasta,0.018274014885869622,6.393133252269691e-05,0.4621371250067324,CM
,235560,Contig_502426.fasta,0.010147024871985178,1.947047292992393e-05,0.4399754010994984,CM
,235560,Contig_302574.fasta,0.009455243602286651,1.4623387737741186e-05,0.4358768878149199,CM
,235560,Contig_369922.fasta,0.027409680108071096,0.00014720247398170296,0.47624818225884635,CM
,235560,Contig_56774.fasta,0.002328357796649308,5.286346755754763e-07,0.3600722116731947,CM
,235560,Contig_53586.fasta,0.01813015938027196,6.373861262960329e-05,0.46351048941982814,CM
,235560,Contig_305448.fasta,0.019336594133027865,6.951287684607061e-05,0.4630517952195117,CM
,235560,Contig_423780.fasta,0.020795274619730485,8.296278705374235e-05,0.46721301954000655,CM
,235560,Contig_368225.fasta,0.02169813466442408,9.660666962785935e-05,0.470501597857533,CM
,235560,Contig_498426.fasta,0.024513013745466133,0.00011699831417187429,0.4721633088489572,CM
,235560,Contig_543905.fasta,0.006076633787668692,6.681664068124904e-06,0.4224955657510759,CM
,235560,Contig_799449.fasta,0.014670626133169249,4.47092755419099e-05,0.4578413298134213,CM
,235560,Contig_307703.fasta,0.02129737577050074,8.704893496785039e-05,0.4665142961807742,CM
,235560,Contig_135212.fasta,0.024613030729963268,0.00012095643912282809,0.47407683796283334,CM
,235560,Contig_542656.fasta,0.018929671460804553,6.942341669278244e-05,0.4660496405072874,CM
,235560,Contig_368570.fasta,0.006843361188108206,5.6433977341324926e-06,0.41555403114504136,CM
,235560,Contig_58171.fasta,0.0192816794045681,6.986830867973711e-05,0.4639700932764666,CM
,235560,Contig_989217.fasta,0.020729909801105968,8.210400784748689e-05,0.46791383906931655,CM
,235560,Contig_24573992.fasta,0.0011885215161410155,0.0,0.31403613360356813,CM
,235560,Contig_422441.fasta,0.0010969565277297844,0.0,0.30713084284169123,CM
,235560,Contig_58619.fasta,0.0103940509599962,2.1493952011162793e-05,0.44310022639139823,CM
,235560,Contig_55786.fasta,0.0218416749042592,9.290636071589512e-05,0.4700289694317595,CM
,235560,Contig_84.fasta,0.009250538727113032,1.7558802269116896e-05,0.4395620846118521,CM
,235560,Contig_302648.fasta,0.005121941327335186,5.034694678334031e-06,0.4007827315368878,CM
,235560,Contig_56021.fasta,0.004767640785658958,4.286646870133957e-06,0.40741300746131176,CM
,235560,Contig_500040.fasta,0.024613558508116952,0.00011941121090673365,0.4731181385938489,CM
,235560,Contig_1066208.fasta,0.016307808734641216,4.986838716255922e-05,0.457617446522559,CM
,235560,Contig_56448.fasta,0.0062093501861138385,7.176445944466231e-06,0.4224955657510759,CM
,235560,Contig_211575.fasta,0.002493608039202456,7.438542043137106e-07,0.3696001888383227,CM
,235560,Contig_58270.fasta,0.027722209159638373,0.00015441370466886295,0.4774631010911394,CM
,235560,Contig_501846.fasta,0.023000826900950476,0.00010892163244883952,0.4726402414841581,CM
,235560,Contig_542512.fasta,0.011784366233253575,2.40955149595926e-05,0.4471226364733077,CM
,235560,Contig_134156.fasta,0.016756816753336366,5.3817926538143955e-05,0.4591892434438828,CM
,235560,Contig_24575311.fasta,0.004899371794488676,3.332538778055155e-06,0.4084799991875308,CM
,235560,Contig_56365.fasta,0.02447835338622626,0.00011525032490159479,0.4724016547898198,CM
,235560,Contig_24577067.fasta,0.015553136491734112,4.4743938732765554e-05,0.4573937820814434,CM
,235560,Contig_302549.fasta,0.020970929666544198,8.21199322612301e-05,0.46767999906978164,CM
,235560,Contig_61598.fasta,0.017578169014191396,6.689856295474205e-05,0.4662818525852681,CM
,235560,Contig_57982.fasta,0.01978159141794888,7.652117843422957e-05,0.46512310046651745,CM
,235560,Contig_367952.fasta,0.017236534072537762,5.753063487926727e-05,0.46259400797757444,CM
,235560,Contig_548080.fasta,0.01026202109035304,1.6566563536359823e-05,0.43526868750634096,CM
,235560,Contig_55623.fasta,0.01747960933140453,5.886085493007608e-05,0.4623654536258069,CM
,235560,Contig_56982.fasta,0.024475744536754895,0.00012108586792634364,0.47383679905753573,CM
,235560,Contig_1066315.fasta,0.010817479902602505,2.1075850555143993e-05,0.44648267086766846,CM
,235560,Contig_369802.fasta,0.02330211445034225,0.00010730413753262747,0.4712123253467438,CM
,235560,Contig_132276.fasta,0.019646990563600673,7.429566970473925e-05,0.4660496405072874,CM
,235560,Contig_985545.fasta,0.02112192087560017,8.964524354283641e-05,0.46908655545796146,CM
,235560,Contig_56278.fasta,0.0,0.0,0.0,CM
,235560,Contig_61852.fasta,0.019697992398693825,7.448370687455672e-05,0.46558590952170803,CM
,235560,Contig_985500.fasta,0.01833144574713413,6.150427048584173e-05,0.4603185824587472,CM
,235560,Contig_499607.fasta,0.015010440117033527,4.685150259775565e-05,0.45806543227539553,CM
,235560,Contig_2240.fasta,0.02220778353221018,0.00010310575963653592,0.4731181385938489,CM
,235560,Contig_370216.fasta,0.010059612719416645,1.727706213016955e-05,0.43669047043333326,CM
,235560,Contig_309063.fasta,0.023290433746583943,0.00010511886586446614,0.471925203297344,CM
,235560,Contig_57285.fasta,0.01175241050390157,2.678015304334421e-05,0.4475503004010679,CM
,235560,Contig_3691.fasta,0.008484743269758394,1.257156046685124e-05,0.4340573646283085,CM
,235560,Contig_59029.fasta,0.023494682558261825,0.00011003328974603844,0.4721633088489572,CM
,235560,Contig_3240.fasta,0.013308816561334003,3.1330404692136925e-05,0.4523091726141291,CM
,235560,Contig_56285.fasta,0.022562262124685983,9.805873889733984e-05,0.47168733777148847,CM
,235560,Contig_371253.fasta,0.028036423736314334,0.00015937944671898759,0.4781950322629704,CM
,235560,Contig_1263041.fasta,0.007333558517727337,1.1619487752178429e-05,0.43285276509650006,CM
,235560,Contig_138129.fasta,0.021683840081647383,8.831875454454556e-05,0.4681479130258295,CM
,235560,Contig_302755.fasta,0.010675966476561905,1.8845495807423255e-05,0.442681020879202,CM
,235560,Contig_544576.fasta,0.011472606929391262,2.837281283062673e-05,0.4499171529512659,CM
,235560,Contig_278.fasta,0.0011199973635945921,0.0,0.30773682280126047,CM
,235560,Contig_131695.fasta,0.022382245515024858,9.850895103314854e-05,0.4700289694317595,CM
,235560,Contig_548245.fasta,0.0022046561773923657,3.3012630262311617e-07,0.3462181569140337,CM
,235560,Contig_1065632.fasta,0.005953599449897491,6.732133748079537e-06,0.41946556617598973,CM
,235560,Contig_55072.fasta,0.02053108922472773,7.924806496644205e-05,0.4665142961807742,CM
,235560,Contig_204149.fasta,0.009400971240156186,1.5018595966557587e-05,0.43648679017660125,CM
,235560,Contig_369610.fasta,0.0044337435734649175,2.178186595873647e-06,0.3925451670044602,CM
,235560,Contig_498487.fasta,0.015257269331295292,4.6805777153935935e-05,0.4585142960012901,CM
,235560,Contig_201047.fasta,0.008260179368929199,1.292812423525292e-05,0.43305306716271774,CM
,235560,Contig_136690.fasta,0.01193709737061841,2.7128220886809056e-05,0.4497009505711836,CM
,235560,Contig_550313.fasta,0.019970856407308866,7.705191907081199e-05,0.4660496405072874,CM
,235560,Contig_60291.fasta,0.010823720335866465,1.9249557061101154e-05,0.4420536977508895,CM
,235560,Contig_370828.fasta,0.01754376095447445,5.885042892763099e-05,0.46259400797757444,CM
,235560,Contig_139853.fasta,0.0025307208226260144,9.022973690161432e-07,0.3690172232407859,CM
,235560,Contig_57005.fasta,0.00492168287342737,4.096457884344227e-06,0.40741300746131176,CM
,235560,Contig_1062860.fasta,0.007077690134508585,1.1297837450515398e-05,0.4310583501329494,CM
,235560,Contig_543959.fasta,0.0,0.0,0.0,CM
,235560,Contig_53626.fasta,0.017228156292915662,6.10389994364979e-05,0.4621371250067324,CM
,235560,Contig_54373.fasta,0.02160036910237964,9.381134402102433e-05,0.46955728958285653,CM
,235560,Contig_549101.fasta,0.0,0.0,0.0,CM
,235560,Contig_371402.fasta,0.023099733710939267,0.00011151502760244905,0.47287906929693435,CM
,235560,Contig_421838.fasta,0.003745901535132792,1.9691398581074286e-06,0.39503067882593207,CM
,235560,Contig_1128005.fasta,0.0,0.0,0.0,CM
,235560,Contig_368554.fasta,0.019747396412547462,7.163110439000777e-05,0.4644306094980809,CM
,235560,Contig_58584.fasta,0.019000201217888597,7.001865892644953e-05,0.46535438992473055,CM
,235560,Contig_368185.fasta,0.01620634837180776,5.0052764096507096e-05,0.45986618090350523,CM
,235560,Contig_707918.fasta,0.016111007819651305,5.173221063759415e-05,0.4591892434438828,CM
,235560,Contig_992623.fasta,0.021084197759650647,8.26311655260965e-05,0.46838222129060714,CM
,235560,Contig_1062938.fasta,0.016497997159275482,4.946453734164819e-05,0.4585142960012901,CM
,235560,Contig_133910.fasta,0.007260238734930195,9.427798083496228e-06,0.4269286852822231,CM
,235560,Contig_136735.fasta,0.018137666908297243,6.311225845136449e-05,0.4639700932764666,CM
,235560,Contig_133582.fasta,0.028971201918417545,0.00016700934805253894,0.47868423434201185,CM
,235560,Contig_303771.fasta,0.025007204057886343,0.00012938351860116023,0.4750394305272249,CM
,235560,Contig_542493.fasta,0.017758825149861487,6.129288457036194e-05,0.464200237171941,CM
,235560,Contig_370277.fasta,0.020453442875669314,8.219605389986279e-05,0.46908655545796146,CM
,235560,Contig_422210.fasta,0.017480382636632003,5.866508800905708e-05,0.46282278839695007,CM
,235560,Contig_53810.fasta,0.012996728155520013,3.802282094954025e-05,0.45694710846612946,CM
,235560,Contig_54994.fasta,0.028725640316834816,0.00016456000109001364,0.478439508250835,CM
,235560,Contig_54506.fasta,0.01748565737901397,6.730978980891429e-05,0.46581765960111154,CM
,235560,Contig_24570062.fasta,0.0033446252760834494,1.7624629606260386e-06,0.3782650275418889,CM
,235560,Contig_502567.fasta,0.019243953917340306,6.969109315198357e-05,0.46351048941982814,CM
,235560,Contig_985561.fasta,0.017701368043871395,5.591755356350696e-05,0.4616811436303074,CM
,235560,Contig_54969.fasta,0.0010918350451168265,0.0,0.3047306018035275,CM
,235560,Contig_135393.fasta,0.026993275926411642,0.00014750244812589082,0.4769763904885999,CM
,235560,Contig_132217.fasta,0.016389905825245726,4.558861312774772e-05,0.457617446522559,CM
,235560,Contig_61833.fasta,0.0202003656748649,7.914834718582326e-05,0.4662818525852681,CM
,235560,Contig_499666.fasta,0.0,0.0,0.0,CM
,235560,Contig_62792.fasta,0.009356733280638418,1.735802645620686e-05,0.44080437029610603,CM
,235560,Contig_1065841.fasta,0.028026183957106085,0.000157165346656571,0.4779508059952161,CM
,235560,Contig_134869.fasta,0.008444733369821133,1.2489274490459327e-05,0.4358768878149199,CM
,235560,Contig_555468.fasta,0.007798765064200029,1.2698597775112109e-05,0.4310583501329494,CM
,235560,Contig_367976.fasta,0.0,0.0,0.0,CM
,235560,Contig_55642.fasta,0.0035109159197184306,1.445037234240646e-06,0.38228254825924557,CM
,235560,Contig_58349.fasta,0.01067279983980709,1.786725708073019e-05,0.43935571743597795,CM
,235560,Contig_136319.fasta,0.018116213634220845,6.778167367503769e-05,0.4662818525852681,CM
,235560,Contig_131609.fasta,0.020150539302824278,8.073272610488795e-05,0.46767999906978164,CM
,235560,Contig_420267.fasta,0.019624125638811534,7.009471326868448e-05,0.4630517952195117,CM
,235560,Contig_368748.fasta,0.021104336533379238,8.58506681971521e-05,0.4688515421536238,CM
,235560,Contig_1065496.fasta,0.024431730315584713,0.00011681635037762114,0.4721633088489572,CM
,235560,Contig_2120.fasta,0.008410548349105368,1.4338531082260748e-05,0.4381215721622814,CM
,235560,Contig_368399.fasta,0.015949201304219895,5.117018667208267e-05,0.4596403134276194,CM
,235560,Contig_367933.fasta,0.008069071778791594,1.0915043305756614e-05,0.4292787514397399,CM
,235560,Contig_24566365.fasta,0.001221702503934231,0.0,0.31830873406075955,CM
,235560,Contig_985209.fasta,0.011893706761288377,2.9148699429569152e-05,0.4523091726141291,CM
,235560,Contig_371176.fasta,0.02310616216073972,0.00011055865065396202,0.47287906929693435,CM
,235560,Contig_138521.fasta,0.003283678800543801,1.610093210381122e-06,0.3782650275418889,CM
,235560,Contig_54607.fasta,0.024191247535148758,0.00011766303671833227,0.47407683796283334,CM
,235560,Contig_1063557.fasta,0.011672216876428623,2.7147449150367723e-05,0.4492691685735156,CM
,235560,Contig_137319.fasta,0.017505773234053647,6.0790853322040516e-05,0.46259400797757444,CM
,235560,Contig_53407.fasta,0.009807430010697494,1.827100574358746e-05,0.44457371883070457,CM
,235560,Contig_1062202.fasta,0.017056154575903735,5.279131067333595e-05,0.4582897542304766,CM
,235560,Contig_422644.fasta,0.021619683638765208,9.707948360597945e-05,0.47026516489378545,CM
,235560,Contig_991144.fasta,0.02562600858755505,0.00012863968264177934,0.4743171201919073,CM
,235560,Contig_500942.fasta,0.018168328022773367,6.18753234171722e-05,0.4639700932764666,CM
,235560,Contig_553943.fasta,0.007218127660167998,9.318401810638604e-06,0.42829642020074743,CM
,235560,Contig_137361.fasta,0.023207805925613178,0.00011065213307388802,0.4735970031065957,CM
,235560,Contig_551233.fasta,0.0010918350451168265,0.0,0.3047306018035275,CM
,235560,Contig_54682.fasta,0.0,0.0,0.0,CM
,235560,Contig_53743.fasta,0.013037717407885818,3.214441010711976e-05,0.45384465477140307,CM
,235560,Contig_138130.fasta,0.008535676570103005,1.2556400683906737e-05,0.4375070959039893,CM
,235560,Contig_59389.fasta,0.003674068209901939,2.5382979271209615e-06,0.39270989430912,CM
,235560,Contig_1194793.fasta,0.015498624182697311,4.462642610269168e-05,0.45806543227539553,CM
,235560,Contig_62383.fasta,0.027096131299700107,0.00014600756688312353,0.4769763904885999,CM
,235560,Contig_58030.fasta,0.0176581169783854,5.860256978433291e-05,0.46259400797757444,CM
,235560,Contig_930757.fasta,0.011548050029298098,2.2725312015210245e-05,0.44310022639139823,CM
,235560,Contig_368431.fasta,0.024981648768523698,0.00012059131101379418,0.4726402414841581,CM
,235560,Contig_990245.fasta,0.026553542332725333,0.00014391851977835576,0.47624818225884635,CM
,235560,Contig_985135.fasta,0.017186329110631542,5.928370239113735e-05,0.4619090217860973,CM
,235560,Contig_368201.fasta,0.0012946728045573122,0.0,0.32595878723045385,CM
,235560,Contig_136281.fasta,0.02218749204072208,9.880091377387111e-05,0.47073826868140495,CM
,235560,Contig_547390.fasta,0.017435428892673462,5.781988983838201e-05,0.46145349020642656,CM
,235560,Contig_369244.fasta,0.013266305060649493,3.026375826479827e-05,0.45143641010064306,CM
,235560,Contig_4654.fasta,0.019524815264087954,7.208645783294083e-05,0.464200237171941,CM
,235560,Contig_57750.fasta,0.009475032269887182,1.4454309575834002e-05,0.4358768878149199,CM
,235560,Contig_370786.fasta,0.0033549528732273724,1.3142374873485852e-06,0.3782650275418889,CM
,235560,Contig_552788.fasta,0.003347203317938407,2.0653497203861664e-06,0.3835359336633742,CM
,235560,Contig_372448.fasta,0.02314242456423925,0.00010740173946525635,0.4731181385938489,CM
,235560,Contig_499703.fasta,0.0087868708136287,1.2018259949618347e-05,0.42888527870698123,CM
,235560,Contig_62226.fasta,0.025691995660814152,0.0001262932515938906,0.4743171201919073,CM
,235560,Contig_368906.fasta,0.009408695157795402,1.5151849911662524e-05,0.4342587833589945,CM
,235560,Contig_543263.fasta,0.021272499047835892,8.399674569277545e-05,0.46791383906931655,CM
,235560,Contig_551403.fasta,0.0,0.0,0.0,CM
,235560,Contig_423759.fasta,0.0025903695963672337,4.4730276989369517e-07,0.37047809902558715,CM
,235560,Contig_310330.fasta,0.019767399863025344,7.991244852729529e-05,0.4674463926766399,CM
,235560,Contig_61150.fasta,0.022053206806477595,9.68454378067989e-05,0.47073826868140495,CM
,235560,Contig_500731.fasta,0.021961398013670214,9.755713787686361e-05,0.47026516489378545,CM
,235560,Contig_710339.fasta,0.024148544461431137,0.00010821644721982016,0.4714497119086313,CM
,235560,Contig_137986.fasta,0.0033863105842639415,1.5163232090431752e-06,0.3821264508528514,CM
,235560,Contig_56080.fasta,0.01878384077085424,6.762593712807394e-05,0.46466121059515053,CM
,235560,Contig_549184.fasta,0.017496545200179115,5.9602791264549694e-05,0.4621371250067324,CM
,235560,Contig_54762.fasta,0.0020973399468353694,4.151743317154911e-07,0.3405486456108563,CM
,235560,Contig_25.fasta,0.02003366554565538,8.311126937755123e-05,0.4681479130258295,CM
,235560,Contig_1197505.fasta,0.014279306609434009,3.792192755394589e-05,0.45561230678609205,CM
,235560,Contig_57080.fasta,0.009303747302250457,1.6675249117281357e-05,0.43730265333580987,CM
,235560,Contig_370487.fasta,0.018289994559231394,6.583966967003787e-05,0.46512310046651745,CM
,235560,Contig_24576382.fasta,0.025180173809213093,0.00012207508855721774,0.4731181385938489,CM
,235560,Contig_1067254.fasta,0.0022967159009381756,5.074633159506075e-07,0.35677761271011554,CM
,235560,Contig_131537.fasta,0.012795337293275219,3.003590249794478e-05,0.4497009505711836,CM
,235560,Contig_370248.fasta,0.015404030187870276,4.209867977568825e-05,0.4558342319233478,CM
,235560,Contig_555756.fasta,0.02058727589021662,8.309048460163035e-05,0.46721301954000655,CM
,235560,Contig_928928.fasta,0.022136015702962343,9.258900479880831e-05,0.46908655545796146,CM
,235560,Contig_307640.fasta,0.02232832819307519,9.64005487951392e-05,0.47026516489378545,CM
,235560,Contig_554387.fasta,0.0011709711853003697,0.0,0.3116309284510933,CM
,235560,Contig_621002.fasta,0.013267295206093606,3.401846686264145e-05,0.45384465477140307,CM
,235560,Contig_1271583.fasta,0.02378012787722699,0.0001087372580826417,0.47287906929693435,CM
,235560,Contig_54680.fasta,0.015588829075961218,5.0007323124769506e-05,0.46145349020642656,CM
,235560,Contig_53390.fasta,0.02315884509828882,0.00011033382089681224,0.47287906929693435,CM
,235560,Contig_56162.fasta,0.020795832055901065,9.043780947795117e-05,0.47026516489378545,CM
,235560,Contig_2576.fasta,0.007345299761515434,8.537322369587862e-06,0.4275137862670777,CM
,235560,Contig_795410.fasta,0.013473307178741394,3.5648467005038456e-05,0.4520906657674556,CM
,235560,Contig_552102.fasta,0.0021943962939784964,4.152678848793368e-07,0.3494502158844784,CM
,235560,Contig_542414.fasta,0.00726971412725855,7.88056266707815e-06,0.4255696580894193,CM
,235560,Contig_58376.fasta,0.016540781196466472,5.2829222943626185e-05,0.45986618090350523,CM
,235560,Contig_1062568.fasta,0.020037324796448687,7.560985304795733e-05,0.466746971640216,CM
,235560,Contig_991597.fasta,0.008288726559588436,1.297857928855972e-05,0.43567396561388877,CM
,235560,Contig_542451.fasta,0.017919061107417693,6.10155721604619e-05,0.4639700932764666,CM
,235560,Contig_369777.fasta,0.002649124029792847,6.17281817071803e-07,0.37643913038561266,CM
,235560,Contig_543886.fasta,0.022447437146226556,0.00010066704735336784,0.47168733777148847,CM
,235560,Contig_371149.fasta,0.024363527961592225,0.00011119287546348273,0.471925203297344,CM
,235560,Contig_987903.fasta,0.022335360018674196,9.519728171180722e-05,0.46955728958285653,CM
,235560,Contig_135856.fasta,0.015155619388208088,4.371540725499706e-05,0.4562787314181536,CM
,235560,Contig_985989.fasta,0.02388205759371257,0.00011771753714568358,0.4743171201919073,CM
,235560,Contig_1993.fasta,0.004760619454660858,3.7366945342429833e-06,0.4045947592471392,CM
,235560,Contig_1061935.fasta,0.008754661893498864,1.312760904000442e-05,0.43730265333580987,CM
,235560,Contig_24577161.fasta,0.0267159554930571,0.00014392824734810167,0.4769763904885999,CM
,235560,Contig_308454.fasta,0.025423292906111304,0.00012885310308733506,0.4743171201919073,CM
,235560,Contig_1066423.fasta,0.022180916010256773,9.521004537299362e-05,0.46979301111377164,CM
,235560,Contig_498288.fasta,0.019636508685821452,7.70268726745635e-05,0.46558590952170803,CM
,235560,Contig_544629.fasta,0.0023115450488929165,5.411528695507077e-07,0.35327583168691323,CM
,235560,Contig_131958.fasta,0.0,0.0,0.0,CM
,235560,Contig_60849.fasta,0.02575386460798758,0.000132864409685976,0.47528068976060595,CM
,235560,Contig_57263.fasta,0.016442018151523786,5.399775713020823e-05,0.46145349020642656,CM
,235560,Contig_54725.fasta,0.022159946884301382,9.611464182099915e-05,0.47073826868140495,CM
,235560,Contig_62.fasta,0.0008579286284113024,0.0,0.2857489093553078,CM
,235560,Contig_27.fasta,0.0075189339036461425,8.488230764607233e-06,0.42078582650118396,CM
,235560,Contig_57082.fasta,0.015266970154750117,4.606171934645735e-05,0.4578413298134213,CM
,235560,Contig_499069.fasta,0.017271093590223555,6.191813702324122e-05,0.46512310046651745,CM
,235560,Contig_24566202.fasta,0.010685942388063401,1.89426380626131e-05,0.4420536977508895,CM
,235560,Contig_58991.fasta,0.013997231260763425,3.9195078648841305e-05,0.45450591458894274,CM
,235560,Contig_55008.fasta,0.01884148844329447,7.048843572225883e-05,0.4660496405072874,CM
,235560,Contig_420468.fasta,0.02023082280637963,8.345077256774176e-05,0.46932180448276484,CM
,235560,Contig_550444.fasta,0.024184318251156318,0.0001121140125845675,0.47168733777148847,CM
,235560,Contig_554267.fasta,0.019936314145673963,7.584222879186391e-05,0.4669798793106951,CM
,235560,Contig_498701.fasta,0.010692459675216776,2.193311888681725e-05,0.44331012701972194,CM
,235560,Contig_985894.fasta,0.01571191378473809,5.244134548634627e-05,0.4621371250067324,CM
,235560,Contig_54008.fasta,0.02118236011805552,8.490437638833762e-05,0.46861676421564,CM
,235560,Contig_544318.fasta,0.0012637387933446334,0.0,0.3211488257167581,CM
,235560,Contig_705467.fasta,0.0,0.0,0.0,CM
,235560,Contig_54461.fasta,0.014215402397292784,4.0221712820554434e-05,0.45694710846612946,CM
,235560,Contig_370355.fasta,0.020795727519617512,8.402466466329918e-05,0.4669798793106951,CM
,235560,Contig_993069.fasta,0.02298359946338791,9.968701338771557e-05,0.46955728958285653,CM
,235560,Contig_994211.fasta,0.029928037356817632,0.00017849840571055516,0.4794199170792178,CM
,235560,Contig_60682.fasta,0.01036951860808436,1.765883885043966e-05,0.4387377769051257,CM
,235560,Contig_131793.fasta,0.012632705552713203,2.9646725363784473e-05,0.4471226364733077,CM
,235560,Contig_136283.fasta,0.02340712006443149,0.0001112443892204519,0.473357449741342,CM
,235560,Contig_1062059.fasta,0.01861730849760045,6.48048702889112e-05,0.4632810287815015,CM
,235560,Contig_499445.fasta,0.005731133125757589,6.071509085750576e-06,0.4129866187725653,CM
,235560,Contig_1062488.fasta,0.01506846771200507,3.95241412699325e-05,0.45450591458894274,CM
,235560,Contig_307035.fasta,0.0162000371222729,5.4267341434916365e-05,0.46077187500671246,CM
,235560,Contig_137283.fasta,0.0024240995439170536,5.898387738092155e-07,0.361462988852311,CM
,235560,Contig_137617.fasta,0.02386827880667284,0.00011008172562565031,0.4721633088489572,CM
,235560,Contig_794674.fasta,0.0,0.0,0.0,CM
,235560,Contig_135234.fasta,0.020671199116642513,8.339335608320339e-05,0.46721301954000655,CM
,235560,Contig_369513.fasta,0.005650845523149667,5.029754986581295e-06,0.4113528255554431,CM
,235560,Contig_498784.fasta,0.01690589654539626,5.273143988712951e-05,0.46122606118217496,CM
,235560,Contig_542670.fasta,0.0012448201396734924,0.0,0.31939511199270754,CM
,235560,Contig_62635.fasta,0.02290098156930541,0.00010332492948335266,0.4714497119086313,CM
,235560,Contig_136944.fasta,0.015338874248103514,4.7173701628083016e-05,0.4582897542304766,CM
,235560,Contig_501322.fasta,0.0011835218809891988,0.0,0.31541209239589924,CM
,235560,Contig_55419.fasta,0.018600443481096813,7.219639615938157e-05,0.4665142961807742,CM
,235560,Contig_55334.fasta,0.016024861416658633,4.8361364873843575e-05,0.4594146677165602,CM
,235560,Contig_139851.fasta,0.023361697243642073,0.00010961594350469226,0.47287906929693435,CM
,235560,Contig_5146.fasta,0.007295104365811323,1.1061592550228692e-05,0.4281004932015705,CM
,235560,Contig_139057.fasta,0.025425493258700197,0.000128978259307899,0.4743171201919073,CM
,235560,Contig_133009.fasta,0.0009450179613114567,0.0,0.29217223794524916,CM
,235560,Contig_371892.fasta,0.010687039414314193,2.2019893763961428e-05,0.4449965183731018,CM
,235560,Contig_53661.fasta,0.01413723691717352,3.749460588182485e-05,0.45362466220971065,CM
,235560,Contig_135135.fasta,0.002452260309485649,5.090661491851692e-07,0.36456084072404876,CM
,235560,Contig_707468.fasta,0.002451389798761992,5.227834646971717e-07,0.3609053907206452,CM
,235560,Contig_623155.fasta,0.021810458217876617,8.900920141136584e-05,0.46791383906931655,CM
,235560,Contig_426668.fasta,0.019027931596041898,6.88627672009495e-05,0.46535438992473055,CM
,235560,Contig_987025.fasta,0.011887410838155343,3.149631191999838e-05,0.45296596231298797,CM
,235560,Contig_499011.fasta,0.016759744935330587,5.1779527253581764e-05,0.4616811436303074,CM
,235560,Contig_501860.fasta,0.01770936949886702,6.259521215544499e-05,0.4639700932764666,CM
,235560,Contig_993478.fasta,0.024319120780032562,0.00011609709267702392,0.47287906929693435,CM
,235560,Contig_57792.fasta,0.021137643318550624,9.058875075088147e-05,0.46955728958285653,CM
,235560,Contig_55876.fasta,0.014065868074545965,3.5982186394610774e-05,0.4547267629439422,CM
,235560,Contig_420410.fasta,0.0023865078496741387,6.360044553147155e-07,0.3610446289115097,CM
,235560,Contig_548202.fasta,0.009712557732662896,1.704458286496085e-05,0.4410121009135877,CM
,235560,Contig_54035.fasta,0.015356015181287142,4.829077097433049e-05,0.46122606118217496,CM
,235560,Contig_56306.fasta,0.006851214629268106,7.782863113941661e-06,0.4242192557292081,CM
,235560,Contig_138787.fasta,0.024102215508910837,0.00010969391061092446,0.4712123253467438,CM
,235560,Contig_367974.fasta,0.004931736640065387,3.890616535425348e-06,0.4117147726082856,CM
,235560,Contig_370972.fasta,0.012209908760699092,2.6086472490670213e-05,0.44905358835826925,CM
,235560,Contig_550249.fasta,0.02511541091246542,0.0001251398279809886,0.4735970031065957,CM
,235560,Contig_2122.fasta,0.00459180279899255,3.262294219781019e-06,0.4004397424641134,CM
,235560,Contig_1211.fasta,0.010944180859261942,2.4967574883341892e-05,0.44862304800509734,CM
,235560,Contig_990613.fasta,0.016051700560682752,4.878519798378109e-05,0.4585142960012901,CM
,235560,Contig_59466.fasta,0.02417275332989953,0.00011207158791471376,0.4714497119086313,CM
,235560,Contig_53438.fasta,0.021688499908026862,9.014443695268471e-05,0.4681479130258295,CM
,235560,Contig_61874.fasta,0.020530756973781,8.444688595171178e-05,0.46955728958285653,CM
,235560,Contig_24570409.fasta,0.01516298144098386,4.259630403403475e-05,0.4558342319233478,CM
,235560,Contig_134391.fasta,0.02082984498698084,8.294773912160717e-05,0.4674463926766399,CM
,235560,Contig_368022.fasta,0.012533039177846674,3.0339809494909345e-05,0.44862304800509734,CM
,235560,Contig_550148.fasta,0.009267966877645136,1.7411561353443208e-05,0.4395620846118521,CM
,235560,Contig_498565.fasta,0.005681058681730148,5.323925733181994e-06,0.4111720905705769,CM
,235560,Contig_132580.fasta,0.007326019173696317,1.0118839619863356e-05,0.429475758668487,CM
,235560,Contig_987514.fasta,0.012953758409166422,3.2936073931116096e-05,0.4534048828191052,CM
,235560,Contig_132151.fasta,0.006136925487738689,7.986889968108572e-06,0.4253762173357423,CM
,235560,Contig_544515.fasta,0.0,0.0,0.0,CM
,235560,Contig_988369.fasta,0.015092258532994172,4.3807530624223145e-05,0.45561230678609205,CM
,235560,Contig_993621.fasta,0.020919522478321646,8.320808469818376e-05,0.46721301954000655,CM
,235560,Contig_139909.fasta,0.012843912901257642,3.206414846222554e-05,0.45296596231298797,CM
,235560,Contig_134896.fasta,0.022120595312265498,9.830601471165368e-05,0.47073826868140495,CM
,235560,Contig_1065651.fasta,0.022124894581563446,8.996517510958616e-05,0.46861676421564,CM
,235560,Contig_55852.fasta,0.020868167133619053,8.878644798326424e-05,0.4688515421536238,CM
,235560,Contig_370760.fasta,0.01678715005938257,5.408751277772721e-05,0.4621371250067324,CM
,235560,Contig_704052.fasta,0.012144442110148401,2.9730142239400585e-05,0.4518723699365684,CM
,235560,Contig_1062304.fasta,0.005860291757598839,5.780084294066266e-06,0.4172214347474958,CM
,235560,Contig_368958.fasta,0.012505723748608486,2.86583216436447e-05,0.44776443930078136,CM
,235560,Contig_1065614.fasta,0.019680254552653396,6.99651265915677e-05,0.464200237171941,CM
,235560,Contig_58988.fasta,0.01785772389776969,6.376227795195878e-05,0.46466121059515053,CM
,235560,Contig_53501.fasta,0.01095065422855765,2.0889387298322413e-05,0.4452082198566285,CM
,235560,Contig_53993.fasta,0.0070238255177008276,9.286310131610413e-06,0.42615103740374916,CM
,235560,Contig_423707.fasta,0.010545474192384637,2.071735275955398e-05,0.44310022639139823,CM
,235560,Contig_421471.fasta,0.012259243685064994,2.7435370790890485e-05,0.4512187454863226,CM
,235560,Contig_61908.fasta,0.014131491500366945,3.6480816415192256e-05,0.4547267629439422,CM
,235560,Contig_369636.fasta,0.010414633300187093,2.128915396117865e-05,0.44163646915461685,CM
,235560,Contig_132893.fasta,0.021627474718986874,8.828431280464225e-05,0.4674463926766399,CM
,235560,Contig_54779.fasta,0.014498363896243177,4.155760479119804e-05,0.4571703361693371,CM
,235560,Contig_132095.fasta,0.018303651818524787,6.963775909623164e-05,0.46512310046651745,CM
,235560,Contig_499035.fasta,0.017957530661286355,6.944554515219292e-05,0.46721301954000655,CM
,235560,Contig_542555.fasta,0.002462182184520003,5.36620564852872e-07,0.36541494655940376,CM
,235560,Contig_134585.fasta,0.003249533699139496,1.5598319326714164e-06,0.3744808636008936,CM
,235560,Contig_501844.fasta,0.015418346068910623,4.73412075623671e-05,0.4594146677165602,CM
,235560,Contig_139875.fasta,0.024472544416735312,0.0001223422328058475,0.47479841610280726,CM
,235560,Contig_139036.fasta,0.0012448201396734924,0.0,0.31939511199270754,CM
,235560,Contig_703292.fasta,0.01396320179126664,3.8434611710263035e-05,0.45494782602753187,CM
,235560,Contig_993718.fasta,0.02262781682757673,0.00010579713355248627,0.4724016547898198,CM
,235560,Contig_550719.fasta,0.014406178793261046,3.653662731005957e-05,0.4512187454863226,CM
,235560,Contig_53600.fasta,0.020943821083663786,8.430509073170215e-05,0.46767999906978164,CM
,235560,Contig_54784.fasta,0.012026453422638165,2.957916171748303e-05,0.45252789078270456,CM
,235560,Contig_137925.fasta,0.008951695723692676,1.390345873529945e-05,0.43305306716271774,CM
,235560,Contig_498371.fasta,0.0,0.0,0.0,CM
,235560,Contig_369572.fasta,0.022231167159754574,9.74922912266895e-05,0.46979301111377164,CM
,235560,Contig_709936.fasta,0.018502962764382798,6.238780852758168e-05,0.46282278839695007,CM
,235560,Contig_370309.fasta,0.01455126384732393,4.2322166760510266e-05,0.45873905791109465,CM
,235560,Contig_555617.fasta,0.0,0.0,0.0,CM
,235560,Contig_985297.fasta,0.018888875929850148,6.909644637405605e-05,0.4639700932764666,CM
,235560,Contig_369793.fasta,0.019383854019980072,7.391759176628982e-05,0.46535438992473055,CM
,235560,Contig_502640.fasta,0.01889178352464677,6.295387075728067e-05,0.464200237171941,CM
,235560,Contig_58743.fasta,0.025080938167995413,0.00012648908282953956,0.47383679905753573,CM
,235560,Contig_134420.fasta,0.013624894605822672,2.9985428598016312e-05,0.4497009505711836,CM
,235560,Contig_131697.fasta,0.012677898781723434,2.9213784912407517e-05,0.4492691685735156,CM
,235560,Contig_986689.fasta,0.019894968474815648,7.519239574840755e-05,0.4660496405072874,CM
,235560,Contig_306288.fasta,0.024210447189710167,0.00011258317646448977,0.4721633088489572,CM
,235560,Contig_53836.fasta,0.00961404271357862,1.8359799506882904e-05,0.4420536977508895,CM
,235560,Contig_544688.fasta,0.012903228474991788,3.205904095612132e-05,0.4507840453461624,CM
,235560,Contig_56656.fasta,0.020907978977442277,8.567658981944416e-05,0.4688515421536238,CM
,235560,Contig_54598.fasta,0.024064235145701707,0.00011738599884367258,0.4735970031065957,CM
,235560,Contig_546991.fasta,0.0021887915728466107,6.639444282333032e-07,0.3475037794796261,CM
,235560,Contig_134764.fasta,0.02218228898885738,0.00010352919092448766,0.4721633088489572,CM
,235560,Contig_542365.fasta,0.0023944607376477044,5.882869316045327e-07,0.3571861366941348,CM
,235560,Contig_139193.fasta,0.0,0.0,0.0,CM
,235560,Contig_207429.fasta,0.011946643593514612,2.5150661246971232e-05,0.4469091108589461,CM
,235560,Contig_139542.fasta,0.007139971405597424,7.419269000492785e-06,0.42345143807177965,CM
,235560,Contig_1122224.fasta,0.0,0.0,0.0,CM
,235560,Contig_656.fasta,0.0012859006829525218,0.0,0.3243770114865279,CM
,235560,Contig_53374.fasta,0.02173294764989873,9.053326022860419e-05,0.46861676421564,CM
,235560,Contig_56557.fasta,0.02221402096562503,0.0001043731476166844,0.4726402414841581,CM
,235560,Contig_308360.fasta,0.025159620439671827,0.00012528191831877457,0.47383679905753573,CM
,235560,Contig_1064061.fasta,0.008030669189023726,1.190960165818351e-05,0.43305306716271774,CM
,235560,Contig_53464.fasta,0.0232066738101752,0.00010212752461208113,0.46979301111377164,CM
,235560,Contig_56696.fasta,0.01981901265348171,7.626387464303393e-05,0.46535438992473055,CM
,235560,Contig_1061954.fasta,0.019554842104214584,7.602248911430416e-05,0.4669798793106951,CM
,235560,Contig_2616.fasta,0.0,0.0,0.0,CM
,235560,Contig_499913.fasta,0.02410114963054895,0.00012157086622575973,0.47528068976060595,CM
,235560,Contig_60703.fasta,0.01857644261113248,6.375500072947287e-05,0.4632810287815015,CM
,235560,Contig_542430.fasta,0.02242800099056258,0.00010024690068065471,0.4712123253467438,CM
,235560,Contig_131612.fasta,0.011665505816540883,2.5257056098370522e-05,0.4460570439173656,CM
,235560,Contig_133564.fasta,0.02097122058981507,8.434689892900364e-05,0.46791383906931655,CM
,235560,Contig_550250.fasta,0.0,0.0,0.0,CM
,235560,Contig_131657.fasta,0.012968558257801046,3.338295679249535e-05,0.453185316289895,CM
,235560,Contig_500964.fasta,0.023808492570547804,0.00011217999168999894,0.4726402414841581,CM
,235560,Contig_933392.fasta,0.009689303199840755,1.8488672846018376e-05,0.44122002741095384,CM
,235560,Contig_54659.fasta,0.008468188678446198,1.3903221777142278e-05,0.4379165550484947,CM
,235560,Contig_61746.fasta,0.007408807173969114,8.681657050759624e-06,0.42829642020074743,CM
,235560,Contig_53765.fasta,0.009745725007620339,1.929376700723993e-05,0.441428150065393,CM
,235560,Contig_138153.fasta,0.02088269266309797,8.287675004751846e-05,0.46721301954000655,CM
,235560,Contig_56940.fasta,0.01896699218495729,6.749161023235623e-05,0.46535438992473055,CM
,235560,Contig_54275.fasta,0.019490034122661287,7.433824957031134e-05,0.4665142961807742,CM
,235560,Contig_542488.fasta,0.0,0.0,0.0,CM
,235560,Contig_367990.fasta,0.01490850143058257,4.5923697466202876e-05,0.4573937820814434,CM
,235560,Contig_555859.fasta,0.012750691504240057,2.879702562694682e-05,0.44733636622305595,CM
,235560,Contig_993581.fasta,0.009309107100202038,1.648282041230432e-05,0.4387377769051257,CM
,235560,Contig_547586.fasta,0.004842308133395923,3.058914189691407e-06,0.40512020698642126,CM
,235560,Contig_428255.fasta,0.0012489927587791688,0.0,0.31841703917612557,CM
,235560,Contig_131556.fasta,0.01679307043231755,5.627095514398901e-05,0.46259400797757444,CM
,235560,Contig_303047.fasta,0.00718656567308481,8.963962991430008e-06,0.42576327485834076,CM
,235560,Contig_368885.fasta,0.011742537636991285,2.750247840901569e-05,0.4492691685735156,CM
,235560,Contig_59053.fasta,0.011439605677149698,2.326945909699844e-05,0.44457371883070457,CM
,235560,Contig_551912.fasta,0.008330230472123964,1.4082137698823157e-05,0.43648679017660125,CM
,235560,Contig_554772.fasta,0.011443410119658843,2.3973579412342625e-05,0.44436262019878114,CM
,235560,Contig_544264.fasta,0.0012637387933446334,0.0,0.3211488257167581,CM
,235560,Contig_934117.fasta,0.01524025936112444,4.319123502740815e-05,0.45605637336190696,CM
,235560,Contig_545454.fasta,0.014282813163049786,3.6771145564833486e-05,0.4542852806498219,CM
,235560,Contig_368262.fasta,0.0034813950773713285,1.4053702126700847e-06,0.38322181741958766,CM
,235560,Contig_61277.fasta,0.0070552004878895284,8.064642752373126e-06,0.42268639482323084,CM
,235560,Contig_302677.fasta,0.008374316565478867,1.1884936512937488e-05,0.43265264823792565,CM
,235560,Contig_554901.fasta,0.002429543289509731,5.902748213000819e-07,0.36300530571708034,CM
,235560,Contig_305322.fasta,0.006640693941128821,9.419977577269704e-06,0.4211645716195468,CM
,235560,Contig_544883.fasta,0.0,0.0,0.0,CM
,235560,Contig_135194.fasta,0.01946681313294439,7.25089081675773e-05,0.466746971640216,CM
,235560,Contig_56818.fasta,0.01032815277994544,1.9481916864838773e-05,0.44163646915461685,CM
,235560,Contig_498461.fasta,0.016605509343808184,6.105629496195984e-05,0.4637401774720679,CM
,235560,Contig_543101.fasta,0.0025496394762971547,6.58769617411665e-07,0.36843609375536734,CM
,235560,Contig_421823.fasta,0.008970531526876099,1.4423220688836018e-05,0.43285276509650006,CM
,235560,Contig_135268.fasta,0.012060839872566571,2.532735530531028e-05,0.44776443930078136,CM
,235560,Contig_1064205.fasta,0.023289435911477002,0.00010819586590114406,0.4724016547898198,CM
,235560,Contig_54445.fasta,0.015268039696672411,4.355474720501508e-05,0.4567240986523344,CM
,235560,Contig_549637.fasta,0.0,0.0,0.0,CM
,235560,Contig_55400.fasta,0.01198122327348348,2.820149326372816e-05,0.4499171529512659,CM
,235560,Contig_625718.fasta,0.024156083906015806,0.00011184361294265722,0.4721633088489572,CM
,235560,Contig_801021.fasta,0.0,0.0,0.0,CM
,235560,Contig_1062339.fasta,0.0025463609208064494,8.428002133260967e-07,0.37077166328788946,CM
,235560,Contig_306355.fasta,0.00950201951520437,1.6133311158074102e-05,0.4389435638548935,CM
,235560,Contig_428764.fasta,0.01858541111879,6.0911448915971453e-05,0.46122606118217496,CM
,235560,Contig_369126.fasta,0.003496328382630899,1.8983992520305063e-06,0.3854314984096512,CM
,235560,Contig_302533.fasta,0.01757846746527075,6.207697844564106e-05,0.4644306094980809,CM
,235560,Contig_1315.fasta,0.01076179802906246,2.2763159930470392e-05,0.4481933324418741,CM
,235560,Contig_992309.fasta,0.010130549966676797,1.885232556896175e-05,0.4456322276850634,CM
,235560,Contig_425542.fasta,0.018803487855965882,6.84735217347511e-05,0.46535438992473055,CM
,235560,Contig_498295.fasta,0.019923458831274454,7.86534475313272e-05,0.46791383906931655,CM
,235560,Contig_54108.fasta,0.007093323611953248,9.933169909508036e-06,0.429475758668487,CM
,235560,Contig_796850.fasta,0.023141420415682283,0.00010832477275154559,0.4721633088489572,CM
,235560,Contig_58097.fasta,0.015530903504461383,4.824064974192509e-05,0.4585142960012901,CM
,235560,Contig_984994.fasta,0.0037280144603718205,2.0247548583626106e-06,0.3900907370315269,CM
,235560,Contig_932851.fasta,0.0223114165466607,9.24381136235937e-05,0.4688515421536238,CM
,235560,Contig_60483.fasta,0.014376160024859518,4.1269398556448804e-05,0.4573937820814434,CM
,235560,Contig_542409.fasta,0.004837627543435431,3.2302024488309863e-06,0.40547126435815994,CM
,235560,Contig_628830.fasta,0.017214411112311187,5.740886509882497e-05,0.4616811436303074,CM
,235560,Contig_993268.fasta,0.012236012374499916,3.123097053489731e-05,0.45013356331824583,CM
,235560,Contig_53370.fasta,0.004973415640703694,3.6567144074522863e-06,0.409552594371393,CM
,235560,Contig_4880.fasta,0.012861270040970483,3.5984683933147624e-05,0.45605637336190696,CM
,235560,Contig_368303.fasta,0.024548570628874666,0.00012109215600731812,0.47407683796283334,CM
,235560,Contig_133134.fasta,0.005068046545565104,4.5717486240510956e-06,0.4151853052966429,CM
,235560,Contig_1973.fasta,0.007514309511305262,8.250384720950156e-06,0.4292787514397399,CM
,235560,Contig_371210.fasta,0.015674095946800314,4.4233304377668227e-05,0.4551691041530317,CM
,235560,Contig_1062001.fasta,0.01996430739827607,7.515465278655453e-05,0.4665142961807742,CM
,235560,Contig_1064554.fasta,0.011844719343296626,2.496116945869073e-05,0.4484080872729435,CM
,235560,Contig_498458.fasta,0.005805296202319612,4.756301948466435e-06,0.41389990187467185,CM
,235560,Contig_56821.fasta,0.01226311056634316,3.0224192323625145e-05,0.4516542848159426,CM
,235560,Contig_53604.fasta,0.00681781686089681,7.261923688164144e-06,0.41852758414071245,CM
,235560,Contig_201321.fasta,0.015190083597348521,4.3622337509919843e-05,0.45694710846612946,CM
,235560,Contig_136127.fasta,0.020771111213082165,8.003680153843379e-05,0.4662818525852681,CM
,235560,Contig_1268205.fasta,0.006085247976108559,7.332385562482349e-06,0.42230490890732536,CM
,235560,Contig_56363.fasta,0.014231433254955732,3.701719657111113e-05,0.45406486081447506,CM
,235560,Contig_138376.fasta,0.015494513150847137,4.2910844393778485e-05,0.457617446522559,CM
,235560,Contig_54813.fasta,0.019095401019443244,7.351187013443103e-05,0.4662818525852681,CM
,235560,Contig_56326.fasta,0.004664512855910337,3.7855776932183334e-06,0.4026797238118043,CM
,235560,Contig_213640.fasta,0.023308692124828476,0.00010306149722035354,0.4712123253467438,CM
,235560,Contig_59276.fasta,0.004625817245025294,3.6298663558988788e-06,0.39788591757594943,CM
,235560,Contig_622130.fasta,0.008207423786522247,1.4305704939228648e-05,0.43567396561388877,CM
,235560,Contig_550374.fasta,0.0022679277130301543,5.79361571992754e-07,0.3550180873060065,CM
,235560,Contig_542514.fasta,0.013292041582469254,3.1797845392770864e-05,0.45384465477140307,CM
,235560,Contig_1270443.fasta,0.0,0.0,0.0,CM
,235560,Contig_859.fasta,0.010817530743537746,2.1399790310782444e-05,0.44542012286465166,CM
,235560,Contig_133315.fasta,0.0197967822302864,7.262541785885661e-05,0.46466121059515053,CM
,235560,Contig_1258190.fasta,0.01976138674595234,7.955447019043444e-05,0.46908655545796146,CM
,235560,Contig_62690.fasta,0.020551194804508417,8.394162496797334e-05,0.46861676421564,CM
,235560,Contig_137536.fasta,0.016227655527154855,4.941771649922614e-05,0.4578413298134213,CM
,235560,Contig_302537.fasta,0.009405881834547974,1.7383978449027596e-05,0.43832678132957054,CM
,235560,Contig_61137.fasta,0.01951700034168631,7.961135170377917e-05,0.4681479130258295,CM
,235560,Contig_53538.fasta,0.010682418303112763,2.305297637029768e-05,0.4475503004010679,CM
,235560,Contig_42.fasta,0.0,0.0,0.0,CM
,235560,Contig_421320.fasta,0.002551671237073561,8.286748030972902e-07,0.3744808636008936,CM
,235560,Contig_53681.fasta,0.00614214052504336,5.423569182400287e-06,0.4183404908979138,CM
,235560,Contig_542529.fasta,0.0010918350451168265,0.0,0.3047306018035275,CM
,235560,Contig_4.fasta,0.010544736181876941,1.886104462978299e-05,0.44163646915461685,CM
,235560,Contig_703687.fasta,0.014162573194098036,3.87988556309487e-05,0.45450591458894274,CM
,235560,Contig_501838.fasta,0.019656471390724503,7.522168824038043e-05,0.46581765960111154,CM
,235560,Contig_304363.fasta,0.007380288091232279,1.0249921709217226e-05,0.4316548330897754,CM
,235560,Contig_1124279.fasta,0.018035422484948868,6.240235464456989e-05,0.46489204080408997,CM
,235560,Contig_371458.fasta,0.024021394535008858,0.00011362271019155918,0.4724016547898198,CM
,235560,Contig_371089.fasta,0.02416301110087855,0.00011275855707118477,0.4721633088489572,CM
,235560,Contig_502049.fasta,0.0,0.0,0.0,CM
,235560,Contig_54896.fasta,0.007114263881931123,7.228701133836734e-06,0.42576327485834076,CM
,235560,Contig_308594.fasta,0.021698995641772294,9.360801648759699e-05,0.46979301111377164,CM
,235560,Contig_421862.fasta,0.0,0.0,0.0,CM
,235560,Contig_704447.fasta,0.006034439857600244,5.166114280078829e-06,0.4175937876566859,CM
,235560,Contig_542628.fasta,0.01013901077829191,1.979030932093296e-05,0.4418449849568617,CM
,235560,Contig_1062711.fasta,0.012827940606442467,3.30030892216111e-05,0.4518723699365684,CM
,235560,Contig_56142.fasta,0.005905192138799153,6.382832721619114e-06,0.4187148448047575,CM
,235560,Contig_930489.fasta,0.0025218190540842204,6.98502720071377e-07,0.3701849992636998,CM
,235560,Contig_139157.fasta,0.018795308283304658,7.056364564427506e-05,0.4662818525852681,CM
,235560,Contig_499578.fasta,0.0011835218809891988,0.0,0.31541209239589924,CM
,235560,Contig_991222.fasta,0.007994287894596273,1.2237162226366976e-05,0.43365508718194307,CM
,235560,Contig_55519.fasta,0.0,0.0,0.0,CM
,235560,Contig_371268.fasta,0.02086381304422224,9.129726470195858e-05,0.4700289694317595,CM
,235560,Contig_502154.fasta,0.023215929138529823,0.00010816022609801192,0.4724016547898198,CM
,235560,Contig_61443.fasta,0.009224587095988198,1.5866805697487514e-05,0.4397686457418388,CM
,235560,Contig_546955.fasta,0.007108912699995814,1.0615187194646993e-05,0.4269286852822231,CM
,235560,Contig_137801.fasta,0.016056231674092928,5.350033797910683e-05,0.4609988562259276,CM
,235560,Contig_53460.fasta,0.015423858765504775,4.721445568041434e-05,0.457617446522559,CM
,235560,Contig_213008.fasta,0.025363066456210868,0.0001305413062128272,0.47479841610280726,CM
,235560,Contig_421555.fasta,0.011506823035303882,2.29546666961753e-05,0.44247171543197783,CM
,235560,Contig_549796.fasta,0.0010055049017185429,0.0,0.2968996440795156,CM
,235560,Contig_368839.fasta,0.026052860956156908,0.00013991515850264285,0.4769763904885999,CM
,235560,Contig_55135.fasta,0.02248950166957724,9.843672984726124e-05,0.470501597857533,CM
,235560,Contig_62471.fasta,0.01962417096513454,7.255479324905268e-05,0.46581765960111154,CM
,235560,Contig_55618.fasta,0.017084670345399178,5.676288077849556e-05,0.4619090217860973,CM
,235560,Contig_210082.fasta,0.015476627625194061,4.5457994976397824e-05,0.4578413298134213,CM
,235560,Contig_24578817.fasta,0.0,0.0,0.0,CM
,235560,Contig_54618.fasta,0.009725936769854475,1.5540121699067985e-05,0.4375070959039893,CM
,235560,Contig_988525.fasta,0.02430101661414685,0.00011769851424177702,0.473357449741342,CM
,235560,Contig_987358.fasta,0.013018029063064526,3.037295197226823e-05,0.45013356331824583,CM
,235560,Contig_420491.fasta,0.0,0.0,0.0,CM
,235560,Contig_306388.fasta,0.0,0.0,0.0,CM
,235560,Contig_133758.fasta,0.014294474801330361,4.11145815474188e-05,0.4562787314181536,CM
,235560,Contig_1258149.fasta,0.018855107807834788,6.961100140583387e-05,0.46489204080408997,CM
,235560,Contig_303939.fasta,0.01648734928086577,5.360688165224714e-05,0.46009227047130435,CM
,235560,Contig_139743.fasta,0.021034655040791935,9.035203127267929e-05,0.46979301111377164,CM
,235560,Contig_499329.fasta,0.016352831973559794,5.383925773604729e-05,0.46054511719420915,CM
,235560,Contig_55465.fasta,0.0025903695963672337,4.4730276989369517e-07,0.37047809902558715,CM
,235560,Contig_545474.fasta,0.0010918350451168265,0.0,0.3047306018035275,CM
,235560,Contig_60212.fasta,0.017786088199768093,5.898298709651413e-05,0.4630517952195117,CM
,235560,Contig_306074.fasta,0.024036935710123795,0.00011572387983507722,0.473357449741342,CM
,235560,Contig_502705.fasta,0.0073384924795833785,7.114347159488273e-06,0.42576327485834076,CM
,235560,Contig_302612.fasta,0.014027370582186104,4.054575773037423e-05,0.45539059763437134,CM
,235560,Contig_56457.fasta,0.022041430426419643,0.00010131169916522321,0.47073826868140495,CM
,235560,Contig_554999.fasta,0.0012912109992196331,0.0,0.32641356056457377,CM
,235560,Contig_56086.fasta,0.008278545711240353,1.3009703997793643e-05,0.43265264823792565,CM
,235560,Contig_543199.fasta,0.0022506619713289987,6.73046037718071e-07,0.3536763711786217,CM
,235560,Contig_23.fasta,0.009405453356207209,1.7567915572766836e-05,0.441428150065393,CM
,235560,Contig_1064124.fasta,0.01967810294181296,7.359314782185324e-05,0.4660496405072874,CM
,235560,Contig_133459.fasta,0.00847031871555018,1.1471937568464472e-05,0.4342587833589945,CM
,235560,Contig_370813.fasta,0.01773952105471329,5.861247680643475e-05,0.46259400797757444,CM
,235560,Contig_803076.fasta,0.0012912109992196331,0.0,0.32641356056457377,CM
,235560,Contig_304497.fasta,0.0024439821188431267,8.977547026846007e-07,0.3696001888383227,CM
,235560,Contig_55498.fasta,0.01156827788700724,2.770170897617209e-05,0.44648267086766846,CM
,235560,Contig_60113.fasta,0.021439686719236437,8.631134781558456e-05,0.46932180448276484,CM
,235560,Contig_305805.fasta,0.0012859006829525218,0.0,0.3243770114865279,CM
,235560,Contig_302556.fasta,0.01339454203083605,3.283347387284707e-05,0.45406486081447506,CM
,235560,Contig_61915.fasta,0.009181209749469817,1.57583611166295e-05,0.43914954394116995,CM
,235560,Contig_134054.fasta,0.019978604136535728,7.927300621456327e-05,0.4674463926766399,CM
,235560,Contig_368736.fasta,0.0251493466929084,0.00012509280059399747,0.4745576461149255,CM
,235560,Contig_552143.fasta,0.02387197845781123,0.00010648134874975462,0.4700289694317595,CM
,235560,Contig_131677.fasta,0.015553253058501476,4.8773339571861626e-05,0.4609988562259276,CM
,235560,Contig_500107.fasta,0.017450240991362553,5.69737905118446e-05,0.4619090217860973,CM
,235560,Contig_369773.fasta,0.022249242674603927,9.742211162121168e-05,0.47097517772452596,CM
,235560,Contig_553945.fasta,0.006106720721240393,6.266118944031833e-06,0.42173396941804103,CM
,235560,Contig_135011.fasta,0.009269099219290483,1.3513820527630627e-05,0.43225296911715155,CM
,235560,Contig_1064039.fasta,0.0011835218809891988,0.0,0.31541209239589924,CM
,235560,Contig_987907.fasta,0.006502890145853278,6.539991078617554e-06,0.4144498131703424,CM
,235560,Contig_53369.fasta,0.003511122209182927,2.078950199205418e-06,0.3860675239845846,CM
,235560,Contig_61766.fasta,0.011072487747856224,2.171977812654334e-05,0.4475503004010679,CM
,235560,Contig_53444.fasta,0.013817706787802279,3.582215695379629e-05,0.4523091726141291,CM
,235560,Contig_988014.fasta,0.0,0.0,0.0,CM
,235560,Contig_53893.fasta,0.020133630886417144,7.814981135017873e-05,0.46767999906978164,CM
,235560,Contig_811026.fasta,0.007077977885084227,8.849784024213086e-06,0.42576327485834076,CM
,235560,Contig_548326.fasta,0.015984915647823474,4.807267058965288e-05,0.4573937820814434,CM
,235560,Contig_166.fasta,0.0,0.0,0.0,CM
,235560,Contig_368472.fasta,0.018893922330382718,7.091384647853735e-05,0.46558590952170803,CM
,235560,Contig_131533.fasta,0.009480658205843987,1.6486870995636185e-05,0.43914954394116995,CM
,235560,Contig_713578.fasta,0.008074794901004843,9.79279842373398e-06,0.4246042096817754,CM
,235560,Contig_62754.fasta,0.018816930992958936,7.521079487487667e-05,0.4674463926766399,CM
,235560,Contig_499271.fasta,0.01939908858625412,7.188185100123018e-05,0.46489204080408997,CM
,235560,Contig_547132.fasta,0.01983535795075152,7.498781596345353e-05,0.46558590952170803,CM
,235560,Contig_542385.fasta,0.007793378116133219,1.1564955831774245e-05,0.4273185744925265,CM
,235560,Contig_1061989.fasta,0.008281085212611809,1.0926267087513986e-05,0.4304635134032351,CM
,235560,Contig_137023.fasta,0.003769405684766144,2.5741048645788555e-06,0.3987335654617099,CM
,235560,Contig_626516.fasta,0.02392174533213557,0.0001107925552548788,0.47073826868140495,CM
,235560,Contig_990243.fasta,0.0057567638506438685,4.850314684937787e-06,0.4117147726082856,CM
,235560,Contig_59036.fasta,0.0009568354384000945,0.0,0.29400806727572515,CM
,235560,Contig_1064338.fasta,0.0,0.0,0.0,CM
,235560,Contig_426325.fasta,0.0033757178223788,1.6845195574140782e-06,0.3843234817817795,CM
,235560,Contig_1063105.fasta,0.005967479473809112,5.525071332172168e-06,0.4179668057787553,CM
,235560,Contig_132168.fasta,0.0012271462495269082,0.0,0.31841703917612557,CM
,235560,Contig_372283.fasta,0.016947878674452667,5.2142562913045986e-05,0.4582897542304766,CM
,235560,Contig_134478.fasta,0.0024355412809267335,6.399585320923131e-07,0.36385212991393195,CM
,235560,Contig_370234.fasta,0.022207156811280798,0.00010013135974796726,0.471925203297344,CM
,235560,Contig_801164.fasta,0.01702283231361691,5.47852345583996e-05,0.46282278839695007,CM
,235560,Contig_53484.fasta,0.013166330621566373,3.2709694499557996e-05,0.45252789078270456,CM
,235560,Contig_549737.fasta,0.0,0.0,0.0,CM
,235560,Contig_206708.fasta,0.018855311463409796,7.38367775495252e-05,0.4669798793106951,CM
,235560,Contig_54992.fasta,0.020936782965648423,8.386137063244271e-05,0.46838222129060714,CM
,235560,Contig_1580.fasta,0.01585223093781481,4.613541935987135e-05,0.4589640402837828,CM
,235560,Contig_138626.fasta,0.02007951999668351,7.573345715713341e-05,0.46721301954000655,CM
,235560,Contig_302732.fasta,0.008766262340719614,1.6164964638391517e-05,0.44122002741095384,CM
,235560,Contig_544511.fasta,0.0011276713847590725,0.0,0.3080407103813802,CM
,235560,Contig_987555.fasta,0.022449322094322658,9.530490795810881e-05,0.46932180448276484,CM
,235560,Contig_132953.fasta,0.015297106530564352,4.8389203391830945e-05,0.46054511719420915,CM
,235560,Contig_544554.fasta,0.0,0.0,0.0,CM
,235560,Contig_133584.fasta,0.018152427894817542,6.505150787236893e-05,0.46558590952170803,CM
,235560,Contig_57532.fasta,0.013017640908356116,3.1619398115573856e-05,0.4492691685735156,CM
,235560,Contig_420261.fasta,0.0023148601503472904,7.473482894277912e-07,0.35786909297844477,CM
,235560,Contig_371170.fasta,0.014031376617795467,4.1165672492393196e-05,0.457617446522559,CM
,235560,Contig_135069.fasta,0.0009568354384000945,0.0,0.29400806727572515,CM
,235560,Contig_369063.fasta,0.010464758641769248,2.089147841006461e-05,0.4441517219452459,CM
,235560,Contig_371618.fasta,0.0200003806671723,7.230369262748977e-05,0.46558590952170803,CM
,235560,Contig_555306.fasta,0.006966412932759952,6.250483309850016e-06,0.41946556617598973,CM
,235560,Contig_550560.fasta,0.015117765461832845,4.3961904669759015e-05,0.4571703361693371,CM
,235560,Contig_60835.fasta,0.002516375308491543,7.017510763160656e-07,0.3688717690731703,CM
,235560,Contig_542345.fasta,0.003605866070305584,2.056014469231316e-06,0.3894413974775835,CM
,235560,Contig_61646.fasta,0.02559093946014706,0.0001295100077956518,0.4750394305272249,CM
,235560,Contig_498856.fasta,0.012892890911838205,3.0065245211623167e-05,0.45013356331824583,CM
,235560,Contig_501062.fasta,0.02226711314037338,9.785620991466727e-05,0.4714497119086313,CM
,235560,Contig_368282.fasta,0.01096437568628015,2.039865385572775e-05,0.44478501812672677,CM
,235560,Contig_428054.fasta,0.018425815651377304,6.718693120203542e-05,0.46489204080408997,CM
,235560,Contig_994290.fasta,0.00791824950253037,1.2090205800168016e-05,0.4292787514397399,CM
,235560,Contig_499481.fasta,0.01894336594183221,6.906122220791335e-05,0.46489204080408997,CM
,235560,Contig_542530.fasta,0.0,0.0,0.0,CM
,235560,Contig_371705.fasta,0.007151923904462812,9.246777230635203e-06,0.4290819248686993,CM
,235560,Contig_53599.fasta,0.020765507935418724,7.79649044982503e-05,0.4660496405072874,CM
,235560,Contig_985013.fasta,0.01970654892380367,7.188008706039265e-05,0.4644306094980809,CM
,235560,Contig_992481.fasta,0.00457890508704911,2.684822046310329e-06,0.3980551587148588,CM
,235560,Contig_135275.fasta,0.025525254184301984,0.00013324414962981405,0.47528068976060595,CM
,235560,Contig_931634.fasta,0.01893994642685768,7.494585690851223e-05,0.46721301954000655,CM
,235560,Contig_61990.fasta,0.022423757384800742,0.0001067838082036639,0.47287906929693435,CM
,235560,Contig_134230.fasta,0.008132933160749074,1.346541181308385e-05,0.4342587833589945,CM
,235560,Contig_303596.fasta,0.00448333525563961,3.667263551007922e-06,0.40026846798059584,CM
,235560,Contig_212565.fasta,0.021885200647084456,9.23924302135961e-05,0.46908655545796146,CM
,235560,Contig_1128046.fasta,0.019795378394741422,7.637631710476712e-05,0.466746971640216,CM
,235560,Contig_139855.fasta,0.028706334852883406,0.00016316373507201795,0.4781950322629704,CM
,235560,Contig_989235.fasta,0.017827563191788125,5.7877373334098494e-05,0.4621371250067324,CM
,235560,Contig_499439.fasta,0.011127596255549385,2.2882040936104616e-05,0.4469091108589461,CM
,235560,Contig_1062866.fasta,0.021664083923237317,9.250717044160854e-05,0.46838222129060714,CM
,235560,Contig_4593.fasta,0.007189514957271546,9.248341652822873e-06,0.4269286852822231,CM
,235560,Contig_61074.fasta,0.025274816092613804,0.00012723930086576486,0.4750394305272249,CM
,235560,Contig_990281.fasta,0.02694230210470587,0.0001485802102728808,0.4772196216923167,CM
,235560,Contig_499662.fasta,0.019668275508520225,7.420792401121291e-05,0.4662818525852681,CM
,235560,Contig_62796.fasta,0.022851089727210176,0.00010106316809967492,0.47097517772452596,CM
,235560,Contig_368867.fasta,0.02334192859423578,0.00011254278047769866,0.473357449741342,CM
,235560,Contig_368024.fasta,0.013372214266177058,3.353508548901834e-05,0.449484955878306,CM
,235560,Contig_1065845.fasta,0.0012604602378539277,0.0,0.3222547101028351,CM
,235560,Contig_131648.fasta,0.022312055973688117,0.00010291427437528319,0.4724016547898198,CM
,235560,Contig_1067335.fasta,0.022957619675192338,0.00010440924862844484,0.47097517772452596,CM
,235560,Contig_367937.fasta,0.012263371640274317,2.746822717958435e-05,0.4516542848159426,CM
,235560,Contig_201958.fasta,0.018909360310544573,6.590405428132813e-05,0.46489204080408997,CM
,235560,Contig_546698.fasta,0.0011885215161410155,0.0,0.31403613360356813,CM
,235560,Contig_308342.fasta,0.014998992262602475,3.8900099056297626e-05,0.45450591458894274,CM
,235560,Contig_138109.fasta,0.022946620823843956,9.69113675925225e-05,0.46932180448276484,CM
,235560,Contig_545981.fasta,0.023000786674671824,0.00010395299575445025,0.4712123253467438,CM
,235560,Contig_930043.fasta,0.0046203239430602895,2.5934270406993213e-06,0.39620138786563636,CM
,235560,Contig_53486.fasta,0.0,0.0,0.0,CM
,235560,Contig_24565782.fasta,0.013931044540403625,3.5228854254386076e-05,0.4527468205798902,CM
,235560,Contig_59009.fasta,0.01447410051021368,4.109311394006402e-05,0.4578413298134213,CM
,235560,Contig_53814.fasta,0.01403571353693995,3.550134530949293e-05,0.45252789078270456,CM
,235560,Contig_1116.fasta,0.012251344628384741,2.7139673820161023e-05,0.44797878321619583,CM
,235560,Contig_139857.fasta,0.003557884023290557,1.6342222999768342e-06,0.38670565212340213,CM
,235560,Contig_420383.fasta,0.010852286010867143,2.246792620766588e-05,0.44542012286465166,CM
,235560,Contig_555118.fasta,0.027825288588732837,0.00015343537819468965,0.47673340710067913,CM
,235560,Contig_1066641.fasta,0.023347901728344278,0.00011097551656985399,0.47287906929693435,CM
,235560,Contig_137669.fasta,0.010623374908351826,2.3295098667942838e-05,0.4460570439173656,CM
,235560,Contig_302668.fasta,0.02440123794610856,0.0001197387258473407,0.47383679905753573,CM
,235560,Contig_305455.fasta,0.019863141432772454,7.987466703682476e-05,0.4674463926766399,CM
,235560,Contig_61545.fasta,0.01093697478848347,2.1320533090137256e-05,0.44584453460630447,CM
,235560,Contig_498353.fasta,0.011650336206992623,2.768752422054263e-05,0.45035018197239324,CM
,235560,Contig_988988.fasta,0.0012637387933446334,0.0,0.3211488257167581,CM
,235560,Contig_985054.fasta,0.021933279340168976,9.896456122665629e-05,0.4712123253467438,CM
,235560,Contig_420879.fasta,0.008234942719226378,1.2253796492574899e-05,0.4332535546938116,CM
,235560,Contig_1258176.fasta,0.017732024941651672,6.536227306962499e-05,0.4669798793106951,CM
,235560,Contig_499353.fasta,0.024262061644815223,0.00011595577338713707,0.473357449741342,CM
,235560,Contig_468.fasta,0.0,0.0,0.0,CM
,235560,Contig_993483.fasta,0.02336028332110061,0.00010707063443038785,0.4731181385938489,CM
,235560,Contig_988975.fasta,0.020654249214114278,8.760687260306785e-05,0.46861676421564,CM
,235560,Contig_988930.fasta,0.01765044766783654,6.148839831537521e-05,0.46351048941982814,CM
,235560,Contig_1198429.fasta,0.0012023970399828228,0.0,0.3153058214752807,CM
,235560,Contig_933290.fasta,0.023087803417769965,0.00010709501389333417,0.471925203297344,CM
,235560,Contig_499052.fasta,0.018567065031180097,6.559534200010522e-05,0.4637401774720679,CM
,235560,Contig_305495.fasta,0.022164003667845798,9.634522545871798e-05,0.4700289694317595,CM
,235560,Contig_985400.fasta,0.02327450498030037,0.000108998401185378,0.4724016547898198,CM
,235560,Contig_985094.fasta,0.01733219506980541,5.781439590404104e-05,0.4616811436303074,CM
,235560,Contig_500018.fasta,0.010669990324833924,1.9829766377850273e-05,0.44310022639139823,CM
,235560,Contig_54766.fasta,0.012568023816011943,2.7933222042886222e-05,0.44797878321619583,CM
,235560,Contig_1263528.fasta,0.006122744701060873,6.2138261642824425e-06,0.41946556617598973,CM
,235560,Contig_59228.fasta,0.0,0.0,0.0,CM
,235560,Contig_1065920.fasta,0.014513115133429155,3.949470197250029e-05,0.4571703361693371,CM
,235560,Contig_555509.fasta,0.005557514846039857,3.676291785802915e-06,0.4072357172056715,CM
,235560,Contig_139091.fasta,0.026385173439292135,0.00014084665355206004,0.47600594005016944,CM
,235560,Contig_706082.fasta,0.01419529448785563,3.6690619756704245e-05,0.45494782602753187,CM
,235560,Contig_368629.fasta,0.017333642475389755,5.595136312278164e-05,0.46145349020642656,CM
,235560,Contig_625052.fasta,0.026318349276964047,0.00013592367245151903,0.47528068976060595,CM
,235560,Contig_368691.fasta,0.011934422519236954,2.6357822099445616e-05,0.4471226364733077,CM
,235560,Contig_551706.fasta,0.0025218190540842204,6.98502720071377e-07,0.3701849992636998,CM
,235560,Contig_61210.fasta,0.0009450179613114567,0.0,0.29217223794524916,CM
,235560,Contig_369691.fasta,0.02235890938785237,9.813780980938407e-05,0.4712123253467438,CM
,235560,Contig_498443.fasta,0.0012448201396734924,0.0,0.31939511199270754,CM
,235560,Contig_59641.fasta,0.022706029181703377,0.00010013588271046108,0.470501597857533,CM
,235560,Contig_370353.fasta,0.019287098929313337,7.407733777343085e-05,0.4665142961807742,CM
,235560,Contig_24566591.fasta,0.010554504096658328,2.0734122617137382e-05,0.442681020879202,CM
,235560,Contig_55467.fasta,0.0033258255607738554,1.270168050287846e-06,0.3756835319705472,CM
,235560,Contig_543838.fasta,0.0,0.0,0.0,CM
,235560,Contig_988352.fasta,0.020971368851648214,8.043058776537238e-05,0.46791383906931655,CM
,235560,Contig_56962.fasta,0.017388412022521865,6.418891549014309e-05,0.4637401774720679,CM
,235560,Contig_549823.fasta,0.010371175377265377,1.7051948500931924e-05,0.43914954394116995,CM
,235560,Contig_546289.fasta,0.022160911737165768,9.596197472151754e-05,0.47026516489378545,CM
,235560,Contig_5823.fasta,0.014097749244293356,3.4193552685403e-05,0.45296596231298797,CM
,235560,Contig_304689.fasta,0.021310629820961782,9.162591512766105e-05,0.4700289694317595,CM
,235560,Contig_1062142.fasta,0.013115927516602833,3.341849978425183e-05,0.4542852806498219,CM
,235560,Contig_62387.fasta,0.02077043363864242,8.58222596338542e-05,0.46767999906978164,CM
,235560,Contig_133647.fasta,0.02124835064350879,9.309346760572368e-05,0.470501597857533,CM
,235560,Contig_550173.fasta,0.022884814364318398,0.00010162198498431663,0.47073826868140495,CM
,235560,Contig_542713.fasta,0.008194924951316903,9.66005197019771e-06,0.4277091764801797,CM
,235560,Contig_131574.fasta,0.007002560066928649,8.304499931252222e-06,0.4246042096817754,CM
,235560,Contig_542387.fasta,0.004909955271411751,3.260125974260893e-06,0.4058229306759033,CM
,235560,Contig_306603.fasta,0.023473308882504828,0.00011446698724856306,0.47407683796283334,CM
,235560,Contig_137862.fasta,0.02636770440839575,0.00013779961254798027,0.47600594005016944,CM
,235560,Contig_553205.fasta,0.005926062931783737,6.825123066326632e-06,0.4198419372537609,CM
,235560,Contig_53446.fasta,0.019742937545821574,8.117041333755609e-05,0.46767999906978164,CM
,235560,Contig_61498.fasta,0.019586080515890038,6.93526385125085e-05,0.4632810287815015,CM
,235560,Contig_54950.fasta,0.016287032312622643,5.125688105141018e-05,0.46009227047130435,CM
,235560,Contig_55915.fasta,0.0018147640668113969,2.3500794993409103e-07,0.3243770114865279,CM
,235560,Contig_55113.fasta,0.01783157471265175,6.286922363549922e-05,0.46282278839695007,CM
,235560,Contig_24574211.fasta,0.021991912912277364,9.556504363332221e-05,0.4688515421536238,CM
,235560,Contig_55950.fasta,0.019953092794493563,7.808901936723734e-05,0.466746971640216,CM
,235560,Contig_792106.fasta,0.013922692680403753,3.408145770857905e-05,0.45362466220971065,CM
,235560,Contig_24569564.fasta,0.014957440415026602,4.1411149454508875e-05,0.4547267629439422,CM
,235560,Contig_499137.fasta,0.0035014348878644273,1.2047455058648675e-06,0.3829082152776731,CM
,235560,Contig_1065878.fasta,0.007007341151979976,8.960369077398737e-06,0.4232599177470073,CM
,235560,Contig_500105.fasta,0.010661044056581765,1.982952066516511e-05,0.44310022639139823,CM
,235560,Contig_990105.fasta,0.00818914443106703,9.341113934446614e-06,0.4259570678828553,CM
,235560,Contig_213746.fasta,0.0,0.0,0.0,CM
,235560,Contig_308147.fasta,0.0023777357280693485,6.72970118029243e-07,0.35882963118812616,CM
,235560,Contig_1064246.fasta,0.0,0.0,0.0,CM
,235560,Contig_500378.fasta,0.011789291244328513,2.666971467511684e-05,0.44797878321619583,CM
,235560,Contig_372001.fasta,0.020892568760291247,8.124100218068364e-05,0.466746971640216,CM
,235560,Contig_368549.fasta,0.009290913032359642,1.7625830455420683e-05,0.4387377769051257,CM
,235560,Contig_542593.fasta,0.019747253429307967,7.181250289030962e-05,0.4644306094980809,CM
,235560,Contig_499422.fasta,0.018305227858750224,5.997579026869162e-05,0.46077187500671246,CM
,235560,Contig_134994.fasta,0.0022272074056527737,4.640616944367064e-07,0.35221214833971887,CM
,235560,Contig_62593.fasta,0.025396109177198194,0.0001311564875987472,0.47576394414775447,CM
,235560,Contig_1062838.fasta,0.0,0.0,0.0,CM
,235560,Contig_306052.fasta,0.0,0.0,0.0,CM
,235560,Contig_500079.fasta,0.012773115910655854,2.8641659341069514e-05,0.4505670092145561,CM
,235560,Contig_1065904.fasta,0.022335791752113112,9.657543983014621e-05,0.47026516489378545,CM
,235560,Contig_552078.fasta,0.0033936365243315432,1.540625209073142e-06,0.38057245959277475,CM
,235560,Contig_1065941.fasta,0.023348917252433394,0.00010549955009555506,0.471925203297344,CM
,235560,Contig_55393.fasta,0.022010711539456124,9.159524591435386e-05,0.4674463926766399,CM
,235560,Contig_423779.fasta,0.0,0.0,0.0,CM
,235560,Contig_135642.fasta,0.02288938269116207,0.0001000620279295172,0.4700289694317595,CM
,235560,Contig_302535.fasta,0.010999205990735393,2.101604978574282e-05,0.4456322276850634,CM
,235560,Contig_61135.fasta,0.009381863445388256,1.4052576999815683e-05,0.43607999913263423,CM
,235560,Contig_134037.fasta,0.01634759771447709,5.6626603662651675e-05,0.4632810287815015,CM
,235560,Contig_131651.fasta,0.017523097087558562,5.985582696017733e-05,0.4632810287815015,CM
,235560,Contig_369755.fasta,0.026746574005928683,0.00013788138781657848,0.47576394414775447,CM
,235560,Contig_985251.fasta,0.0056533370857947554,5.118950343417643e-06,0.4090155935920599,CM
,235560,Contig_305281.fasta,0.02089956115633216,9.079939156091434e-05,0.47097517772452596,CM
,235560,Contig_1264101.fasta,0.0036574554319399755,1.5289665550093337e-06,0.38798825793475666,CM
,235560,Contig_53427.fasta,0.01679450192416928,5.2141034894336757e-05,0.4585142960012901,CM
,235560,Contig_1063267.fasta,0.021205697582604533,8.351791646158289e-05,0.46767999906978164,CM
,235560,Contig_555358.fasta,0.005930477770238508,4.9807911056871945e-06,0.41610834955030374,CM
,235560,Contig_368078.fasta,0.01722605078380798,6.445656149430231e-05,0.4644306094980809,CM
,235560,Contig_798280.fasta,0.01422250929361211,3.834508219115813e-05,0.4551691041530317,CM
,235560,Contig_57241.fasta,0.008244337511617354,1.1196025134738204e-05,0.4304635134032351,CM
,235560,Contig_550914.fasta,0.0012448201396734924,0.0,0.31939511199270754,CM
,235560,Contig_202130.fasta,0.002166720465245687,4.167732640992137e-07,0.3487989855157037,CM
,235560,Contig_792223.fasta,0.01766263573048153,6.174233658495779e-05,0.4637401774720679,CM
,235560,Contig_368085.fasta,0.017775307151729047,6.36980928526709e-05,0.4637401774720679,CM
,235560,Contig_713989.fasta,0.017496240556076396,5.541454901451604e-05,0.46009227047130435,CM
,235560,Contig_56628.fasta,0.02082103250898396,8.569529152285047e-05,0.46838222129060714,CM
,235560,Contig_369883.fasta,0.007112200160075062,8.876224662631224e-06,0.4273185744925265,CM
,235560,Contig_500548.fasta,0.003659660889295276,1.989728177393394e-06,0.38992819922443045,CM
,235560,Contig_138155.fasta,0.017864690823085897,6.0041280109039455e-05,0.46351048941982814,CM
,235560,Contig_307949.fasta,0.02438946978536472,0.00011995333124009931,0.4743171201919073,CM
,235560,Contig_135889.fasta,0.01990370588118005,7.597681130762097e-05,0.466746971640216,CM
,235560,Contig_56903.fasta,0.00934308805826324,1.6466002925222874e-05,0.4399754010994984,CM
,235560,Contig_134889.fasta,0.020781658784683597,8.079386217000046e-05,0.4669798793106951,CM
,235560,Contig_367996.fasta,0.011734234261233545,2.2781780722014382e-05,0.44584453460630447,CM
,235560,Contig_57903.fasta,0.011977818877506775,2.8022739797463256e-05,0.4510012906692208,CM
,235560,Contig_139294.fasta,0.01603555388420802,4.9961571692738835e-05,0.4596403134276194,CM
,235560,Contig_180.fasta,0.0058103601767616414,6.118165460619692e-06,0.4144498131703424,CM
,235560,Contig_1268736.fasta,0.026677056688471618,0.00014090852346522107,0.47624818225884635,CM
,235560,Contig_308022.fasta,0.02326603256772783,0.00010605818557193242,0.47168733777148847,CM
,235560,Contig_985128.fasta,0.015709096374348946,4.847115826010464e-05,0.46009227047130435,CM
,235560,Contig_371212.fasta,0.023186881616697862,0.00010463617062104425,0.4721633088489572,CM
,235560,Contig_421597.fasta,0.009895556895037072,1.808263355895164e-05,0.44478501812672677,CM
,235560,Contig_985291.fasta,0.020987548159609567,8.359302427330054e-05,0.4681479130258295,CM
,235560,Contig_59394.fasta,0.00922823001120358,1.7075187081702474e-05,0.4358768878149199,CM
,235560,Contig_498502.fasta,0.016093971878072197,4.5915743541339376e-05,0.4562787314181536,CM
,235560,Contig_423189.fasta,0.016321665014393926,5.15110477346552e-05,0.4603185824587472,CM
,235560,Contig_543062.fasta,0.0024443134025315238,6.204052074900407e-07,0.36555768677290357,CM
,235560,Contig_543821.fasta,0.0,0.0,0.0,CM
,235560,Contig_429994.fasta,0.020208787624010162,7.866823536371543e-05,0.46767999906978164,CM
,235560,Contig_1065861.fasta,0.02038217877379332,8.59543234486611e-05,0.47073826868140495,CM
,235560,Contig_55662.fasta,0.02089685544725146,8.324165320503787e-05,0.46721301954000655,CM
,235560,Contig_1268437.fasta,0.007218709258336245,8.089480894552219e-06,0.42479694876923885,CM
,235560,Contig_1065067.fasta,0.0,0.0,0.0,CM
,235560,Contig_135849.fasta,0.019663081673411582,8.02788229107695e-05,0.46791383906931655,CM
,235560,Contig_4084.fasta,0.016359449255247835,5.090566591238993e-05,0.4589640402837828,CM
,235560,Contig_424464.fasta,0.005824917101160275,6.535706965547464e-06,0.41740752816174537,CM
,235560,Contig_371156.fasta,0.02188613220687834,9.440875467775805e-05,0.46955728958285653,CM
,235560,Contig_502196.fasta,0.018505312734160024,6.680722210999904e-05,0.46466121059515053,CM
,235560,Contig_1260871.fasta,0.005466164165837668,4.59032730791191e-06,0.4075904521509726,CM
,235560,Contig_368806.fasta,0.004810246467237875,3.6194519281634955e-06,0.40973190811673954,CM
,235560,Contig_58444.fasta,0.014879584256781627,4.483997453447726e-05,0.45873905791109465,CM
,235560,Contig_984996.fasta,0.012507362710001175,2.883148766915178e-05,0.4469091108589461,CM
,235560,Contig_990044.fasta,0.01520333395097869,4.034834587940982e-05,0.4558342319233478,CM
,235560,Contig_1274572.fasta,0.017694362701941916,6.023962948041917e-05,0.4637401774720679,CM
,235560,Contig_542553.fasta,0.019755505167012456,7.774815988450604e-05,0.4669798793106951,CM
,235560,Contig_131771.fasta,0.02449476089254697,0.00012121725543745882,0.4743171201919073,CM
,235560,Contig_499076.fasta,0.012798088990464744,3.2369741956792664e-05,0.45143641010064306,CM
,235560,Contig_134152.fasta,0.016243332792888115,5.185805578253446e-05,0.4589640402837828,CM
,235560,Contig_131734.fasta,0.02033477332665854,8.00024914884355e-05,0.46838222129060714,CM
,235560,Contig_58559.fasta,0.014572335278004533,4.2103256104626316e-05,0.45806543227539553,CM
,235560,Contig_55483.fasta,0.004312785160243726,2.5332267434261836e-06,0.39303976402294544,CM
,235560,Contig_55811.fasta,0.009559796697221644,1.6993013086921627e-05,0.4397686457418388,CM
,235560,Contig_985419.fasta,0.0179384970048148,6.774225092350474e-05,0.46558590952170803,CM
,235560,Contig_213506.fasta,0.027711671849623996,0.00015435532943052074,0.478439508250835,CM
,235560,Contig_135253.fasta,0.025754938109435688,0.00013500415642219335,0.47600594005016944,CM
,235560,Contig_24576898.fasta,0.00513262903160647,4.398053405750642e-06,0.4172214347474958,CM
,235560,Contig_306742.fasta,0.018441879342002847,7.053064534933601e-05,0.4662818525852681,CM
,235560,Contig_55353.fasta,0.007701062996347114,9.552287191195414e-06,0.4224955657510759,CM
,235560,Contig_1063497.fasta,0.0012946728045573122,0.0,0.32595878723045385,CM
,235560,Contig_302609.fasta,0.01942516528699788,7.487932645408678e-05,0.466746971640216,CM
,235560,Contig_1063840.fasta,0.009871574270329742,1.7038628576619674e-05,0.44018235095890546,CM
,235560,Contig_986139.fasta,0.015578242054935193,4.7835874793145385e-05,0.4591892434438828,CM
,235560,Contig_370130.fasta,0.017739945250747433,5.680847957915738e-05,0.4621371250067324,CM
,235560,Contig_54604.fasta,0.015445859791332641,4.223423745494607e-05,0.4562787314181536,CM
,235560,Contig_554797.fasta,0.014901436112542727,4.4084533606429435e-05,0.45806543227539553,CM
,235560,Contig_421549.fasta,0.004755942348856419,4.471888956264449e-06,0.40476975698037765,CM
,235560,Contig_61036.fasta,0.025645111204326096,0.0001283482193009018,0.4745576461149255,CM
,235560,Contig_303473.fasta,0.00908842581285386,1.2090430580664003e-05,0.43285276509650006,CM
,235560,Contig_501657.fasta,0.01578773958396396,5.1009403145432726e-05,0.4594146677165602,CM
,235560,Contig_1062279.fasta,0.01308859843346665,3.4791970414160635e-05,0.45561230678609205,CM
,235560,Contig_58467.fasta,0.0012912109992196331,0.0,0.32641356056457377,CM
,235560,Contig_709008.fasta,0.016377764304072714,5.078965760266819e-05,0.46145349020642656,CM
,235560,Contig_306639.fasta,0.00470383192784725,2.6657768152640814e-06,0.4011263086749392,CM
,235560,Contig_134328.fasta,0.0235835070063024,0.00010701316069317921,0.4721633088489572,CM
,235560,Contig_791908.fasta,0.0023271851470733516,5.249092611800471e-07,0.3582801217988641,CM
,235560,Contig_24572783.fasta,0.012006201957939512,2.7885896058626958e-05,0.4492691685735156,CM
,235560,Contig_53481.fasta,0.0,0.0,0.0,CM
,235560,Contig_931044.fasta,0.0207478992558959,8.701186981964243e-05,0.4688515421536238,CM
,235560,Contig_369322.fasta,0.021938249319545935,9.227147072926934e-05,0.46861676421564,CM
,235560,Contig_553512.fasta,0.002231356507377591,5.630026143043845e-07,0.348539172491111,CM
,235560,Contig_368367.fasta,0.002239690765868769,4.5226143659276374e-07,0.3544801811131186,CM
,235560,Contig_986515.fasta,0.015631902768397068,4.356400359852284e-05,0.45806543227539553,CM
,235560,Contig_61542.fasta,0.013267701947749034,3.462443807334138e-05,0.4542852806498219,CM
,235560,Contig_137592.fasta,0.025397576311186897,0.00012656699788834825,0.4745576461149255,CM
,235560,Contig_498311.fasta,0.009437620713494153,1.5526349465380045e-05,0.4389435638548935,CM
,235560,Contig_369512.fasta,0.010464951879200279,2.0878588234589093e-05,0.4418449849568617,CM
,235560,Contig_135235.fasta,0.0034809021717483114,1.6915454507433973e-06,0.38181463816345695,CM
,235560,Contig_62671.fasta,0.008302406509328347,1.0270241979455304e-05,0.43285276509650006,CM
,235560,Contig_370401.fasta,0.02139199625461399,8.651137306566447e-05,0.46932180448276484,CM
,235560,Contig_2412.fasta,0.003139044379171015,1.0855357699025742e-06,0.36684738460942107,CM
,235560,Contig_370444.fasta,0.02547539302541549,0.00012911040513579374,0.4743171201919073,CM
,235560,Contig_57800.fasta,0.02753585454258254,0.00015193392705365784,0.47770682906515216,CM
,235560,Contig_56006.fasta,0.01768412216686059,5.9897043840802034e-05,0.4616811436303074,CM
,235560,Contig_371401.fasta,0.0057309218863215335,7.1096290577734575e-06,0.4183404908979138,CM
,235560,Contig_56492.fasta,0.0012271462495269082,0.0,0.31841703917612557,CM
,235560,Contig_3412.fasta,0.0023157176679985928,3.9225914178917456e-07,0.3536763711786217,CM
,235560,Contig_498484.fasta,0.016431795850345123,4.8488422118734864e-05,0.4578413298134213,CM
,235560,Contig_303206.fasta,0.015440451928258915,4.995422813101839e-05,0.46009227047130435,CM
,235560,Contig_368656.fasta,0.023453046017165583,0.00010848971272392562,0.4731181385938489,CM
,235560,Contig_552825.fasta,0.02738129212898811,0.000149394122047717,0.47649067115001686,CM
,235560,Contig_55071.fasta,0.026561837134024675,0.00013811037064876845,0.47576394414775447,CM
,235560,Contig_993479.fasta,0.024057418600475985,0.00010962128636030439,0.4712123253467438,CM
,235560,Contig_499778.fasta,0.011645415402802858,2.749470723383669e-05,0.4475503004010679,CM
,235560,Contig_5203.fasta,0.002048670483516921,4.3889026840743365e-07,0.3380880340096218,CM
,235560,Contig_139312.fasta,0.01972812863274347,7.656773658590577e-05,0.46581765960111154,CM
,235560,Contig_132309.fasta,0.015820055816462134,4.7277183664424755e-05,0.457617446522559,CM
,235560,Contig_1064674.fasta,0.004561181202893391,3.242767639450368e-06,0.3967052471973858,CM
,235560,Contig_551478.fasta,0.009642778648786966,2.0281130083329956e-05,0.44163646915461685,CM
,235560,Contig_549697.fasta,0.0023713431019084428,5.847880385880234e-07,0.3585546659534993,CM
,235560,Contig_424567.fasta,0.009303039817607918,1.5522399440498776e-05,0.43832678132957054,CM
,235560,Contig_549556.fasta,0.007832086006117683,1.1132835130111364e-05,0.4281004932015705,CM
,235560,Contig_1064927.fasta,0.02337034839177191,0.00010732304235310483,0.4726402414841581,CM
,235560,Contig_134109.fasta,0.004418638632579483,3.127298407552115e-06,0.3933701883726915,CM
,235560,Contig_550094.fasta,0.020963723493181,9.25855143636924e-05,0.47073826868140495,CM
,235560,Contig_136183.fasta,0.024533684435972276,0.00012571871615455748,0.47600594005016944,CM
,235560,Contig_499700.fasta,0.020959610713292668,8.181484994552932e-05,0.46767999906978164,CM
,235560,Contig_131801.fasta,0.013101245104948525,3.135301069924624e-05,0.4516542848159426,CM
,235560,Contig_303182.fasta,0.0,0.0,0.0,CM
,235560,Contig_502444.fasta,0.025200048868013525,0.00012485334518928283,0.4735970031065957,CM
,235560,Contig_203422.fasta,0.006182977752477738,7.79090221630113e-06,0.4242192557292081,CM
,235560,Contig_61582.fasta,0.020970482045032383,8.575590146077515e-05,0.4688515421536238,CM
,235560,Contig_204934.fasta,0.013422677959577224,3.4111800322256525e-05,0.45494782602753187,CM
,235560,Contig_302553.fasta,0.012713938859846037,2.8627273984580963e-05,0.4484080872729435,CM
,235560,Contig_308121.fasta,0.02374057381174961,0.00011013982774963047,0.47097517772452596,CM
,235560,Contig_502068.fasta,0.0025656203868231484,4.5939505482696753e-07,0.36829109726038295,CM
,235560,Contig_134208.fasta,0.02177037938101406,9.603481455737001e-05,0.46979301111377164,CM
,235560,Contig_372022.fasta,0.0209256736266766,8.186881887109398e-05,0.4665142961807742,CM
,235560,Contig_542609.fasta,0.020332775502826098,8.616607005584187e-05,0.46861676421564,CM
,235560,Contig_60217.fasta,0.01364374162386643,3.3594641003927554e-05,0.45143641010064306,CM
,235560,Contig_993700.fasta,0.020573824175548046,8.541052772710255e-05,0.466746971640216,CM
,235560,Contig_58603.fasta,0.018134917126483404,5.796427523132049e-05,0.4596403134276194,CM
,235560,Contig_62124.fasta,0.026551189353190646,0.00014063234577655405,0.47600594005016944,CM
,235560,Contig_428405.fasta,0.008244139695689762,1.3573133714214941e-05,0.4332535546938116,CM
,235560,Contig_498444.fasta,0.01381930619376414,3.4167835970007695e-05,0.4518723699365684,CM
,235560,Contig_543124.fasta,0.0035684524116255728,2.2724790025508947e-06,0.38863275670209013,CM
,235560,Contig_502700.fasta,0.007828740731360745,9.90447629927024e-06,0.4269286852822231,CM
,235560,Contig_547137.fasta,0.0,0.0,0.0,CM
,235560,Contig_303062.fasta,0.022985777515234593,0.00010246186901608131,0.4712123253467438,CM
,235560,Contig_986691.fasta,0.006990807053162876,7.184229454092749e-06,0.42078582650118396,CM
,235560,Contig_930711.fasta,0.023201863061712825,0.00010618726407437217,0.4721633088489572,CM
,235560,Contig_550174.fasta,0.015007649879525574,3.958202676229304e-05,0.4551691041530317,CM
,235560,Contig_132605.fasta,0.00952335045018713,1.8855577773898083e-05,0.44122002741095384,CM
,235560,Contig_985136.fasta,0.006048723837873755,5.976534557281918e-06,0.4209751138725295,CM
,235560,Contig_135781.fasta,0.02104285277163549,9.29885915579937e-05,0.47097517772452596,CM
,235560,Contig_135350.fasta,0.02017006645885769,7.87113704939377e-05,0.4665142961807742,CM
,235560,Contig_24572895.fasta,0.016621091336561058,5.932170815847165e-05,0.46466121059515053,CM
,235560,Contig_549067.fasta,0.003619329063762002,1.670036702949647e-06,0.38750628494353334,CM
,235560,Contig_201548.fasta,0.0011276713847590725,0.0,0.3080407103813802,CM
,235560,Contig_423546.fasta,0.00217860006536898,5.095182890787891e-07,0.3462181569140337,CM
,235560,Contig_56965.fasta,0.02354677104548305,0.0001116320663398333,0.47287906929693435,CM
,235560,Contig_989310.fasta,0.020254322631454765,8.102983021785272e-05,0.4681479130258295,CM
,235560,Contig_1268491.fasta,0.0012448201396734924,0.0,0.31939511199270754,CM
,235560,Contig_306129.fasta,0.014286076907695407,3.762730148502672e-05,0.45450591458894274,CM
,235560,Contig_420630.fasta,0.0,0.0,0.0,CM
,235560,Contig_133996.fasta,0.025238988449203453,0.00013231899713794372,0.47576394414775447,CM
,235560,Contig_932723.fasta,0.012952201250443829,2.9189002933642554e-05,0.449484955878306,CM
,235560,Contig_501147.fasta,0.009735657442976248,1.6483940893131915e-05,0.4397686457418388,CM
,235560,Contig_303326.fasta,0.014748482551954338,4.192098003034605e-05,0.45605637336190696,CM
,235560,Contig_131637.fasta,0.01706125823252358,5.6384776306157366e-05,0.46282278839695007,CM
,235560,Contig_309378.fasta,0.009189107941554324,1.3839297793986553e-05,0.4344603891080005,CM
,235560,Contig_987947.fasta,0.004939401252692846,2.895871055365394e-06,0.40424521733850244,CM
,235560,Contig_794883.fasta,0.022218526919795013,0.00010198872544760082,0.4721633088489572,CM
,235560,Contig_500102.fasta,0.025717614538533915,0.00012468585175906376,0.4745576461149255,CM
,235560,Contig_371148.fasta,0.012073327509552005,2.5198723389109683e-05,0.44669578908765306,CM
,235560,Contig_429171.fasta,0.02445919180343027,0.00011908446888988781,0.4735970031065957,CM
,235560,Contig_543887.fasta,0.00235557383846146,5.599258379061569e-07,0.35786909297844477,CM
,235560,Contig_53404.fasta,0.02169888988423001,8.731441562848023e-05,0.4669798793106951,CM
,235560,Contig_53441.fasta,0.0069647475539003885,7.909049329818415e-06,0.4246042096817754,CM
,235560,Contig_542338.fasta,0.01768189167402324,5.8557739281508354e-05,0.46145349020642656,CM
,235560,Contig_1065711.fasta,0.010516025125413898,2.3210529468974835e-05,0.4456322276850634,CM
,235560,Contig_984988.fasta,0.020299355116483023,8.128544578194194e-05,0.4681479130258295,CM
,235560,Contig_368263.fasta,0.019987193125629136,8.392428417756682e-05,0.46979301111377164,CM
,235560,Contig_993761.fasta,0.01476146929565176,4.074469510591606e-05,0.4585142960012901,CM
,235560,Contig_542943.fasta,0.011592893130324399,2.2244300261399954e-05,0.44310022639139823,CM
,235560,Contig_133011.fasta,0.011348955688035619,2.6732083381381543e-05,0.44669578908765306,CM
,235560,Contig_542594.fasta,0.006955907488965741,8.976368548074905e-06,0.4253762173357423,CM
,235560,Contig_548958.fasta,0.019922437455225702,7.490710794473288e-05,0.46535438992473055,CM
,235560,Contig_931946.fasta,0.015389231591610082,4.916906394669234e-05,0.46077187500671246,CM
,235560,Contig_1063039.fasta,0.012627044959499168,3.092361238983467e-05,0.4499171529512659,CM
,235560,Contig_502009.fasta,0.022483220308657743,0.00010431753258457172,0.4726402414841581,CM
,235560,Contig_498308.fasta,0.017006854855301734,5.524671232796651e-05,0.46077187500671246,CM
,235560,Contig_53952.fasta,0.022525737069703924,0.00010158357444431561,0.4721633088489572,CM
,235560,Contig_929016.fasta,0.0119638204524634,2.5143426140992353e-05,0.4469091108589461,CM
,235560,Contig_55444.fasta,0.015560814554503756,5.322718814905801e-05,0.46351048941982814,CM
,235560,Contig_58949.fasta,0.010918166955727119,2.1411901610669362e-05,0.44310022639139823,CM
,235560,Contig_1065204.fasta,0.019484197130850023,7.643565459560367e-05,0.4662818525852681,CM
,235560,Contig_55095.fasta,0.020906980641152647,8.225407396383533e-05,0.46791383906931655,CM
,235560,Contig_986384.fasta,0.02194925681405986,9.752433338157206e-05,0.4700289694317595,CM
,235560,Contig_420408.fasta,0.021265749864298505,8.56544585971033e-05,0.46932180448276484,CM
,235560,Contig_137576.fasta,0.0257488861586892,0.00013730054190851283,0.47624818225884635,CM
,235560,Contig_53578.fasta,0.015014312573218079,4.324483239123175e-05,0.457617446522559,CM
,235560,Contig_56433.fasta,0.01127467273336025,1.920603598672392e-05,0.43914954394116995,CM
,235560,Contig_24577731.fasta,0.01849967107215882,6.53488462180158e-05,0.46466121059515053,CM
,235560,Contig_56476.fasta,0.022012196665576453,9.68685412679316e-05,0.46932180448276484,CM
,235560,Contig_54700.fasta,0.017756483518033817,5.77294619959862e-05,0.4623654536258069,CM
,235560,Contig_1064903.fasta,0.018374858715744166,6.57693644712057e-05,0.4644306094980809,CM
,235560,Contig_542569.fasta,0.003416731036428456,1.7075806781474474e-06,0.38369318496868926,CM
,235560,Contig_1062081.fasta,0.003423420205042472,1.8335558720796566e-06,0.37949216469530944,CM
,235560,Contig_24576774.fasta,0.0038326459107820457,2.1292516650022696e-06,0.39754786666891806,CM
,235560,Contig_138216.fasta,0.019043955864220245,6.612410318549568e-05,0.46489204080408997,CM
,235560,Contig_799287.fasta,0.009189686666901929,1.468137486687271e-05,0.43567396561388877,CM
,235560,Contig_1066406.fasta,0.024127762589664963,0.00011354408159117918,0.47287906929693435,CM
,235560,Contig_371290.fasta,0.009528807100584232,1.5634757061016605e-05,0.4399754010994984,CM
,235560,Contig_498639.fasta,0.01228642740393819,3.1794900106113255e-05,0.4492691685735156,CM
,235560,Contig_542359.fasta,0.007741714166738656,1.2753718611661648e-05,0.43026559914419915,CM
,235560,Contig_991920.fasta,0.018626774594253805,6.63093910026607e-05,0.4637401774720679,CM
,235560,Contig_306564.fasta,0.006057861790763885,5.426880802172753e-06,0.41647871746267606,CM
,235560,Contig_550251.fasta,0.0012859006829525218,0.0,0.3243770114865279,CM
,235560,Contig_131613.fasta,0.01441414178748872,4.244895566735641e-05,0.45873905791109465,CM
,235560,Contig_423948.fasta,0.0,0.0,0.0,CM
,235560,Contig_56904.fasta,0.007857753740393299,9.315358420555398e-06,0.42634518366224744,CM
,235560,Contig_135088.fasta,0.02042703056349077,7.95723592218967e-05,0.4660496405072874,CM
,235560,Contig_427790.fasta,0.024489308576620027,0.0001199666216523931,0.4731181385938489,CM
,235560,Contig_246.fasta,0.007236893737013451,9.413504734022474e-06,0.4255696580894193,CM
,235560,Contig_139152.fasta,0.01838477709652144,6.487877511149319e-05,0.46282278839695007,CM
,235560,Contig_60097.fasta,0.004737359464612659,3.6679813275030613e-06,0.4038962788686375,CM
,235560,Contig_309018.fasta,0.02436556811179978,0.00012108672880917573,0.4745576461149255,CM
,235560,Contig_368416.fasta,0.009152397260668261,1.6439162217206254e-05,0.4387377769051257,CM
,235560,Contig_305513.fasta,0.02615360564716308,0.00013869967423515268,0.47649067115001686,CM
,235560,Contig_137002.fasta,0.008271192001062064,1.2309606487157052e-05,0.4332535546938116,CM
,235560,Contig_421629.fasta,0.0,0.0,0.0,CM
,235560,Contig_625912.fasta,0.0,0.0,0.0,CM
,235560,Contig_131696.fasta,0.012050087874010152,2.2914935495103652e-05,0.4452082198566285,CM
,235560,Contig_304203.fasta,0.026286220939138825,0.00013730920696557517,0.47479841610280726,CM
,235560,Contig_420590.fasta,0.01282291689657026,3.0240726942790626e-05,0.4512187454863226,CM
,235560,Contig_370681.fasta,0.021810936009432614,8.51203828746574e-05,0.4662818525852681,CM
,235560,Contig_548716.fasta,0.009182373897521997,1.5140335858402883e-05,0.4344603891080005,CM
,235560,Contig_212088.fasta,0.0182891303289825,6.522961742387132e-05,0.4632810287815015,CM
,235560,Contig_985929.fasta,0.014490643107054115,4.052495353721383e-05,0.457617446522559,CM
,235560,Contig_1124471.fasta,0.0010969565277297844,0.0,0.30713084284169123,CM
,235560,Contig_24578704.fasta,0.02406718175151181,0.00010985152402912648,0.47168733777148847,CM
,235560,Contig_53458.fasta,0.015456989458120527,5.0640439544595995e-05,0.4621371250067324,CM
,235560,Contig_369801.fasta,0.010810172474563912,2.3766134056950788e-05,0.4481933324418741,CM
,235560,Contig_498641.fasta,0.017856545017426787,6.093205347429963e-05,0.46351048941982814,CM
,235560,Contig_984991.fasta,0.01966500090007254,7.709551761258067e-05,0.46721301954000655,CM
,235560,Contig_501958.fasta,0.008322559645601366,1.1319271451109816e-05,0.43225296911715155,CM
,235560,Contig_133189.fasta,0.0011835218809891988,0.0,0.31541209239589924,CM
,235560,Contig_62449.fasta,0.02188062221699903,0.00010013113128870741,0.47097517772452596,CM
,235560,Contig_370912.fasta,0.026450566065898694,0.00013766362808560309,0.47479841610280726,CM
,235560,Contig_542449.fasta,0.0012271462495269082,0.0,0.31841703917612557,CM
,235560,Contig_548885.fasta,0.002368990122373761,4.3462571530200567e-07,0.35677761271011554,CM
,235560,Contig_367951.fasta,0.015947136752697086,5.1354487929222054e-05,0.4603185824587472,CM
,235560,Contig_1234.fasta,0.02097166457600965,8.108566456418134e-05,0.46721301954000655,CM
,235560,Contig_53375.fasta,0.007788991790171803,9.423574931706253e-06,0.42230490890732536,CM
,235560,Contig_1064866.fasta,0.002512913503153864,8.011824515814443e-07,0.3713601897375528,CM
,235560,Contig_55484.fasta,0.02068311791155831,8.956722171516092e-05,0.47073826868140495,CM
,235560,Contig_309986.fasta,0.020636613636026275,8.50417915931449e-05,0.46932180448276484,CM
,235560,Contig_2772.fasta,0.0011835218809891988,0.0,0.31541209239589924,CM
,235560,Contig_133368.fasta,0.022540707168063816,0.00010287774605385855,0.4724016547898198,CM
,235560,Contig_1062791.fasta,0.005996111214835389,7.17818738745828e-06,0.4236431317965745,CM
,235560,Contig_802396.fasta,0.002178537942334325,5.135432864014029e-07,0.3518149165934711,CM
,235560,Contig_1063340.fasta,0.014283809846840672,4.233269465778119e-05,0.4585142960012901,CM
,235560,Contig_500006.fasta,0.023226658664397097,0.00010566717101866214,0.4726402414841581,CM
,235560,Contig_132445.fasta,0.019081147743924016,7.122292374121373e-05,0.4660496405072874,CM
,235560,Contig_992335.fasta,0.023147306552336194,0.0001055841833184771,0.47168733777148847,CM
,235560,Contig_500492.fasta,0.021111586110560077,8.896731058769455e-05,0.47026516489378545,CM
,235560,Contig_304732.fasta,0.013746359679373083,3.317181938519184e-05,0.4507840453461624,CM
,235560,Contig_545842.fasta,0.0069201923981061664,8.60687357879857e-06,0.4224955657510759,CM
,235560,Contig_552844.fasta,0.00217860006536898,5.095182890787891e-07,0.3462181569140337,CM
,235560,Contig_57067.fasta,0.0034970391963988967,1.6272699123782847e-06,0.38400807473887283,CM
,235560,Contig_2436.fasta,0.004890599672883886,3.4411602306227443e-06,0.4079458056402062,CM
,235560,Contig_133069.fasta,0.0011276713847590725,0.0,0.3080407103813802,CM
,235560,Contig_420771.fasta,0.019055054167917553,6.81390461352597e-05,0.4621371250067324,CM
,235560,Contig_56861.fasta,0.012707443023429084,3.5849668612479295e-05,0.4518723699365684,CM
,235560,Contig_132069.fasta,0.01778756344155341,6.113182093728844e-05,0.4630517952195117,CM
,235560,Contig_551070.fasta,0.009611023745497693,1.599440431998426e-05,0.43935571743597795,CM
,235560,Contig_985077.fasta,0.005876062501934327,6.530260131551619e-06,0.41592341250605913,CM
,235560,Contig_551035.fasta,0.0010969565277297844,0.0,0.30713084284169123,CM
,235560,Contig_545300.fasta,0.0,0.0,0.0,CM
,235560,Contig_542610.fasta,0.002349373888693303,5.565893120327868e-07,0.35800599775770203,CM
,235560,Contig_1065239.fasta,0.017602170666213734,5.685672178375599e-05,0.4619090217860973,CM
,235560,Contig_370582.fasta,0.012104211193154602,3.160837710181241e-05,0.4527468205798902,CM
,235560,Contig_57185.fasta,0.007906387791100714,1.1957950630821012e-05,0.4304635134032351,CM
,235560,Contig_131669.fasta,0.01995611315033697,7.686148338633303e-05,0.466746971640216,CM
,235560,Contig_136379.fasta,0.019106934492972096,6.878075275430903e-05,0.46535438992473055,CM
,235560,Contig_986919.fasta,0.013715642041202014,3.711823727195307e-05,0.45561230678609205,CM
,235560,Contig_61778.fasta,0.02313062695827094,0.00010748254098675793,0.47287906929693435,CM
,235560,Contig_53377.fasta,0.003416098797912727,1.5056997510796593e-06,0.38337881119976774,CM
,235560,Contig_61055.fasta,0.019089589991456206,6.900331846754504e-05,0.46558590952170803,CM
,235560,Contig_932015.fasta,0.01533222221344368,4.282041785221308e-05,0.45806543227539553,CM
,235560,Contig_304943.fasta,0.003442087805851592,1.5435052643000533e-06,0.384797565024109,CM
,235560,Contig_303410.fasta,0.017219391989176408,5.653029269927128e-05,0.4609988562259276,CM
,235560,Contig_797051.fasta,0.010662099991926233,2.132443838747862e-05,0.44478501812672677,CM
,235560,Contig_368429.fasta,0.01978010987757596,7.471887664070889e-05,0.4660496405072874,CM
,235560,Contig_369429.fasta,0.010376169562125554,1.7873624737774876e-05,0.4399754010994984,CM
,235560,Contig_498995.fasta,0.022282320559367796,0.00010028375219960714,0.47097517772452596,CM
,235560,Contig_132970.fasta,0.009036877894338807,1.4907422061349792e-05,0.4362832998315306,CM
,235560,Contig_369790.fasta,0.014082415437816418,3.412278082935014e-05,0.45384465477140307,CM
,235560,Contig_498542.fasta,0.0033830588807852993,1.4482213917920327e-06,0.3790310563542459,CM
,235560,Contig_369341.fasta,0.021001134499089174,8.737749322930187e-05,0.46908655545796146,CM
,235560,Contig_60785.fasta,0.007218985597796859,9.794603178249775e-06,0.4290819248686993,CM
,235560,Contig_24569917.fasta,0.009231087844171187,1.3687127729994158e-05,0.4324527163302371,CM
,235560,Contig_501535.fasta,0.008354424075223814,1.5131849228301592e-05,0.43466218213591873,CM
,235560,Contig_56399.fasta,0.01473298692025222,3.7766664417736294e-05,0.45362466220971065,CM
,235560,Contig_498337.fasta,0.026634546733627223,0.00013759182391401132,0.47479841610280726,CM
,235560,Contig_137165.fasta,0.021913469713905304,8.867669728586722e-05,0.46791383906931655,CM
,235560,Contig_992875.fasta,0.01092140784041237,2.4389324528210128e-05,0.4484080872729435,CM
,235560,Contig_136120.fasta,0.028800365972058563,0.00016537683925982495,0.478439508250835,CM
,235560,Contig_425638.fasta,0.0,0.0,0.0,CM
,235560,Contig_1267810.fasta,0.02570596003375028,0.00013610315108641456,0.47649067115001686,CM
,235560,Contig_370427.fasta,0.002422344189316385,5.898378994645429e-07,0.36356941652627545,CM
,235560,Contig_131789.fasta,0.021335954041549306,8.827004152419178e-05,0.46932180448276484,CM
,235560,Contig_2471.fasta,0.01997379882774512,7.761609227625529e-05,0.4665142961807742,CM
,235560,Contig_1062006.fasta,0.01519945621343657,4.046119315545905e-05,0.4562787314181536,CM
,235560,Contig_1125243.fasta,0.0245849129002613,0.00011785340070762927,0.47383679905753573,CM
,235560,Contig_57065.fasta,0.008672851230149756,1.4350574866169946e-05,0.4377117297187245,CM
,235560,Contig_61698.fasta,0.014408334536614387,4.2921161086965345e-05,0.45494782602753187,CM
,235560,Contig_302649.fasta,0.01843234710335139,6.123690614100684e-05,0.4621371250067324,CM
,235560,Contig_423091.fasta,0.016660242458459616,5.464924295258644e-05,0.4619090217860973,CM
,235560,Contig_54356.fasta,0.007247277108337789,8.817761694685244e-06,0.4242192557292081,CM
,235560,Contig_546759.fasta,0.007085253572157594,8.700949912476931e-06,0.4271235409122013,CM
,235560,Contig_307829.fasta,0.020819386230782774,8.041529393403092e-05,0.466746971640216,CM
,235560,Contig_56065.fasta,0.01902773459565048,6.798323800224847e-05,0.464200237171941,CM
,235560,Contig_793801.fasta,0.01760855530794822,5.506121067436177e-05,0.46054511719420915,CM
,235560,Contig_809830.fasta,0.007945947361642867,1.1720578442160583e-05,0.43026559914419915,CM
,235560,Contig_57449.fasta,0.013099380121183798,2.9914610617310874e-05,0.45013356331824583,CM
,235560,Contig_55851.fasta,0.008231542693930281,1.1558434027091257e-05,0.4310583501329494,CM
,235560,Contig_54486.fasta,0.012558141050522208,3.0466194514182806e-05,0.449484955878306,CM
,235560,Contig_371875.fasta,0.01846798049373469,6.92559939534519e-05,0.46512310046651745,CM
,235560,Contig_308206.fasta,0.0,0.0,0.0,CM
,235560,Contig_56474.fasta,0.020987281674111798,8.714818644762967e-05,0.46932180448276484,CM
,235560,Contig_54702.fasta,0.0012448201396734924,0.0,0.31939511199270754,CM
,235560,Contig_131749.fasta,0.012017919005738797,2.968241144569403e-05,0.4488382149345962,CM
,235560,Contig_370036.fasta,0.02511301947826665,0.0001262844157437131,0.47407683796283334,CM
,235560,Contig_986386.fasta,0.013476399914980968,3.5193663168058134e-05,0.4551691041530317,CM
,235560,Contig_62203.fasta,0.018587688507233916,6.916874986610047e-05,0.46558590952170803,CM
,235560,Contig_499726.fasta,0.02301202283963659,0.00010582343236558415,0.47073826868140495,CM
,235560,Contig_704029.fasta,0.006831128455684207,7.079532921121976e-06,0.41946556617598973,CM
,235560,Contig_1275222.fasta,0.015429156005668085,4.2332774927779376e-05,0.45694710846612946,CM
,235560,Contig_202090.fasta,0.008975519273285588,1.6526896789715175e-05,0.4381215721622814,CM
,235560,Contig_134602.fasta,0.01399598813300029,3.743679479629321e-05,0.45450591458894274,CM
,235560,Contig_708522.fasta,0.015576616562911136,4.767994769786417e-05,0.4589640402837828,CM
,235560,Contig_553715.fasta,0.007114764636681803,8.081211235710973e-06,0.4249898629149106,CM
,235560,Contig_56788.fasta,0.01704756453174753,5.5877647725136047e-05,0.46009227047130435,CM
,235560,Contig_543246.fasta,0.0,0.0,0.0,CM
,235560,Contig_1064243.fasta,0.015492343794223751,4.530874906448249e-05,0.4585142960012901,CM
,235560,Contig_1064692.fasta,0.0021551454996927544,3.604528381024096e-07,0.34329702059377587,CM
,235560,Contig_58108.fasta,0.0020946585592856687,3.5522716666589096e-07,0.34104507220795666,CM
,235560,Contig_133815.fasta,0.0034999677538757232,1.5581882000447938e-06,0.3863863245824249,CM
,235560,Contig_62147.fasta,0.022093180882629983,9.413412019345548e-05,0.46932180448276484,CM
,235560,Contig_501081.fasta,0.009330001842976292,1.477668586006036e-05,0.43225296911715155,CM
,235560,Contig_61231.fasta,0.018158037144909354,6.5035135917674e-05,0.46145349020642656,CM
,235560,Contig_24568074.fasta,0.013881193324870233,3.4053155582045444e-05,0.4523091726141291,CM
,235560,Contig_546764.fasta,0.015341133678620857,4.414558361507719e-05,0.457617446522559,CM
,235560,Contig_137630.fasta,0.02215713501355728,9.715639460035699e-05,0.47073826868140495,CM
,235560,Contig_498427.fasta,0.008458657590066938,1.3113638391512907e-05,0.43506633107328363,CM
,235560,Contig_24578527.fasta,0.019838383211454657,7.455773103356703e-05,0.46535438992473055,CM
,235560,Contig_132013.fasta,0.022821838943303092,9.443505922130069e-05,0.46838222129060714,CM
,235560,Contig_62777.fasta,0.02452196563507204,0.00012080419214299183,0.47383679905753573,CM
,235560,Contig_550583.fasta,0.022926345666336823,0.00010740693129666172,0.4726402414841581,CM
,235560,Contig_53808.fasta,0.008315412207269548,1.1852753060844651e-05,0.4368943408677092,CM
,235560,Contig_802698.fasta,0.022076632821798843,9.481399352073148e-05,0.46908655545796146,CM
,235560,Contig_369414.fasta,0.02155409785574859,9.253142741875036e-05,0.46908655545796146,CM
,235560,Contig_621060.fasta,0.02085843973615395,8.569564782526232e-05,0.46932180448276484,CM
,235560,Contig_992910.fasta,0.009286546667150503,1.4559877814914503e-05,0.4368943408677092,CM
,235560,Contig_4802.fasta,0.021310110166587213,9.086084306918732e-05,0.4712123253467438,CM
,235560,Contig_53766.fasta,0.012565087205406316,3.0270735804152433e-05,0.4505670092145561,CM
,235560,Contig_201.fasta,0.006977970873591315,9.498046802818363e-06,0.4255696580894193,CM
,235560,Contig_425070.fasta,0.01758225488795995,6.038310176776201e-05,0.46259400797757444,CM
,235560,Contig_425833.fasta,0.009127436979385162,1.5081364766705648e-05,0.4340573646283085,CM
,235560,Contig_797704.fasta,0.011903461119311669,2.8129845277632175e-05,0.4499171529512659,CM
,235560,Contig_627634.fasta,0.025076188413468224,0.0001220743624728306,0.4731181385938489,CM
,235560,Contig_991161.fasta,0.023457935333776835,0.00010538338476897245,0.47168733777148847,CM
,235560,Contig_545925.fasta,0.0010055049017185429,0.0,0.2968996440795156,CM
,235560,Contig_131611.fasta,0.004891788227201559,4.3615183602134584e-06,0.406528096498103,CM
,235560,Contig_552125.fasta,0.016016097565772228,4.772612211835758e-05,0.457617446522559,CM
,235560,Contig_138251.fasta,0.005896789689127101,4.87277365742361e-06,0.41389990187467185,CM
,235560,Contig_55132.fasta,0.012901412587272752,2.9534449968698778e-05,0.4510012906692208,CM
,235560,Contig_139680.fasta,0.019808880440174478,7.946145753905561e-05,0.46767999906978164,CM
,235560,Contig_55177.fasta,0.004785140231940313,3.790986157591487e-06,0.40547126435815994,CM
,235560,Contig_1067090.fasta,0.01841871476519907,6.439442627378078e-05,0.4623654536258069,CM
,235560,Contig_501431.fasta,0.013670070899708066,3.684063903829526e-05,0.4520906657674556,CM
,235560,Contig_499446.fasta,0.019990334983830182,8.096528339839565e-05,0.46861676421564,CM
,235560,Contig_136280.fasta,0.016557673741128653,5.433397852542662e-05,0.4623654536258069,CM
,235560,Contig_425598.fasta,0.0,0.0,0.0,CM
,235560,Contig_56039.fasta,0.010775587878356781,2.230612032549175e-05,0.4462697559077888,CM
,235560,Contig_59601.fasta,0.012539598493469155,2.7471870262210912e-05,0.4481933324418741,CM
,235560,Contig_502702.fasta,0.01724339866027867,6.010927001787994e-05,0.4630517952195117,CM
,235560,Contig_544473.fasta,0.022403560138718037,9.61129908040902e-05,0.46979301111377164,CM
,235560,Contig_551703.fasta,0.024589531248148642,0.00011972474637442108,0.47407683796283334,CM
,235560,Contig_988522.fasta,0.014438670030249118,4.233217121947547e-05,0.4567240986523344,CM
,235560,Contig_371356.fasta,0.014944146430235967,4.085452743582241e-05,0.45605637336190696,CM
,235560,Contig_626449.fasta,0.020199205587341704,8.324802398103047e-05,0.46908655545796146,CM
,235560,Contig_548610.fasta,0.017312738901243498,5.753800686892851e-05,0.4616811436303074,CM
,235560,Contig_425664.fasta,0.007966972192780836,9.9472215812766e-06,0.429475758668487,CM
,235560,Contig_24566569.fasta,0.0,0.0,0.0,CM
,235560,Contig_548279.fasta,0.0012859006829525218,0.0,0.3243770114865279,CM
,235560,Contig_58194.fasta,0.020957487492009298,8.852082854583514e-05,0.47073826868140495,CM
,235560,Contig_368907.fasta,0.017475292177036143,5.753167290350863e-05,0.4621371250067324,CM
,235560,Contig_131846.fasta,0.0010667249092194242,0.0,0.3037415378573947,CM
,235560,Contig_991730.fasta,0.025582027938811407,0.000127477619071919,0.4745576461149255,CM
,235560,Contig_368942.fasta,0.0012448201396734924,0.0,0.31939511199270754,CM
,235560,Contig_501775.fasta,0.015221014625396037,4.979238518794949e-05,0.46009227047130435,CM
,235560,Contig_368101.fasta,0.023040684016385482,0.0001040737888772043,0.4714497119086313,CM
,235560,Contig_24.fasta,0.002388167526949417,8.577799188470343e-07,0.36371071828162965,CM
,235560,Contig_1066255.fasta,0.026496494944330127,0.00013942330846762575,0.4755221941761347,CM
,235560,Contig_929331.fasta,0.018682143889679988,6.676055089743102e-05,0.46351048941982814,CM
,235560,Contig_987858.fasta,0.022349660243279973,9.931681426794118e-05,0.47073826868140495,CM
,235560,Contig_55763.fasta,0.0152727238163539,3.957983603991795e-05,0.4562787314181536,CM
,235560,Contig_420346.fasta,0.009709337022330062,1.49838007905479e-05,0.4375070959039893,CM
,235560,Contig_370486.fasta,0.016563523816028266,4.785771892076552e-05,0.457617446522559,CM
,235560,Contig_420797.fasta,0.005915560303972059,7.09385253899545e-06,0.42003037618430566,CM
,235560,Contig_2842.fasta,0.003637160285728586,2.1608343348428397e-06,0.38976579680909335,CM
,235560,Contig_54955.fasta,0.02201369107891433,9.218067661282373e-05,0.46932180448276484,CM
,235560,Contig_53894.fasta,0.018607853076734387,6.873747258137902e-05,0.46466121059515053,CM
,235560,Contig_54153.fasta,0.020031547044033843,7.832804303182639e-05,0.4665142961807742,CM
,235560,Contig_1061936.fasta,0.010997634577284473,2.5664359220091448e-05,0.4462697559077888,CM
,235560,Contig_55116.fasta,0.024447068213268027,0.00012000451040606167,0.47407683796283334,CM
,235560,Contig_922.fasta,0.0,0.0,0.0,CM
,235560,Contig_552669.fasta,0.005768690864851191,5.717893159026509e-06,0.4144498131703424,CM
,235560,Contig_1270681.fasta,0.016500212220948933,5.1370255008861186e-05,0.46054511719420915,CM
,235560,Contig_986945.fasta,0.019766985565951717,7.710599008467065e-05,0.46721301954000655,CM
,235560,Contig_137360.fasta,0.02310160357415454,0.00010033718863958088,0.4688515421536238,CM
,235560,Contig_985270.fasta,0.01122247153469003,2.121808668432096e-05,0.4420536977508895,CM
,235560,Contig_59388.fasta,0.012255286899444828,3.040022841168563e-05,0.4492691685735156,CM
,235560,Contig_138131.fasta,0.021827923505428684,9.081217861353733e-05,0.46791383906931655,CM
,235560,Contig_4065.fasta,0.023313082717273677,0.00011354665143516947,0.47479841610280726,CM
,235560,Contig_53742.fasta,0.0012946728045573122,0.0,0.32595878723045385,CM
,235560,Contig_371523.fasta,0.015294415598042248,4.5454892333670045e-05,0.4573937820814434,CM
,235560,Contig_24574115.fasta,0.02076490097991719,8.829508451914213e-05,0.46955728958285653,CM
,235560,Contig_422544.fasta,0.008315471997017132,1.3825760555604265e-05,0.43648679017660125,CM
,235560,Contig_499233.fasta,0.02107921892087002,8.545514822348648e-05,0.46838222129060714,CM
,235560,Contig_542382.fasta,0.0,0.0,0.0,CM
,235560,Contig_542716.fasta,0.014008579940345857,3.9739129410666306e-05,0.4551691041530317,CM
,235560,Contig_131534.fasta,0.004929584484308503,4.089876962194391e-06,0.4100910070721442,CM
,235560,Contig_1066498.fasta,0.02455925606036941,0.00012088633941443492,0.47383679905753573,CM
,235560,Contig_137822.fasta,0.004332620884210435,3.366907952241189e-06,0.39303976402294544,CM
,235560,Contig_59872.fasta,0.022782436336724006,0.0001023469744024818,0.47097517772452596,CM
,235560,Contig_498523.fasta,0.007024592774209042,9.766185309783456e-06,0.4277091764801797,CM
,235560,Contig_57119.fasta,0.023096264763053504,0.00010470063118732589,0.47168733777148847,CM
,235560,Contig_1067031.fasta,0.008146207620791488,1.256466505340441e-05,0.43365508718194307,CM
,235560,Contig_372145.fasta,0.00666276792363475,6.777942833439391e-06,0.4175937876566859,CM
,235560,Contig_1062612.fasta,0.009625729811214125,1.565724376926832e-05,0.4389435638548935,CM
,235560,Contig_422254.fasta,0.027832352980203444,0.00015265822088065474,0.47770682906515216,CM
,235560,Contig_1123102.fasta,0.016239346836456545,4.917215602174015e-05,0.4573937820814434,CM
,235560,Contig_59049.fasta,0.01974170478665194,7.659169669047111e-05,0.4662818525852681,CM
,235560,Contig_209172.fasta,0.025735215408211123,0.00013582155883184717,0.47624818225884635,CM
,235560,Contig_56634.fasta,0.003503381666488305,1.9908345516677683e-06,0.38527281932426233,CM
,235560,Contig_3298.fasta,0.0,0.0,0.0,CM
,235560,Contig_369021.fasta,0.018902212925006157,6.973329804982369e-05,0.46466121059515053,CM
,235560,Contig_304922.fasta,0.01771725736309794,5.848077017870791e-05,0.46122606118217496,CM
,235560,Contig_930796.fasta,0.017411130616724415,5.789850076464159e-05,0.4609988562259276,CM
,235560,Contig_368021.fasta,0.016132298780673952,5.139842758815621e-05,0.46009227047130435,CM
,235560,Contig_545617.fasta,0.0,0.0,0.0,CM
,235560,Contig_131608.fasta,0.0034219034698587223,1.645204863655912e-06,0.37949216469530944,CM
,235560,Contig_370934.fasta,0.024498490281835598,0.00011916146647937114,0.4745576461149255,CM
,235560,Contig_369398.fasta,0.023368214567351313,0.00010544924743346551,0.47168733777148847,CM
,235560,Contig_1064046.fasta,0.016238988983877,5.3602264109543933e-05,0.4619090217860973,CM
,235560,Contig_991399.fasta,0.024749705907474055,0.0001251301516489013,0.47479841610280726,CM
,235560,Contig_55830.fasta,0.023163789692912624,0.00010660175440369028,0.4714497119086313,CM
,235560,Contig_57305.fasta,0.003584092509806008,2.2294220559587272e-06,0.3900907370315269,CM
,235560,Contig_1063323.fasta,0.02582341840828963,0.00012756129557865242,0.47479841610280726,CM
,235560,Contig_554259.fasta,0.0,0.0,0.0,CM
,235560,Contig_1066500.fasta,0.014612406909792356,3.9532401594911724e-05,0.45694710846612946,CM
,235560,Contig_59255.fasta,0.0025467452278295248,6.356541011472859e-07,0.3716551541456049,CM
,235560,Contig_371829.fasta,0.02355355898597934,0.00010955220310214332,0.4731181385938489,CM
,235560,Contig_500065.fasta,0.008321158886572073,1.1043210093302372e-05,0.43066160981989554,CM
,235560,Contig_368285.fasta,0.007268109330247669,1.0347588221293381e-05,0.42829642020074743,CM
,235560,Contig_542537.fasta,0.0035638014343172273,2.0009868573659916e-06,0.3860675239845846,CM
,235560,Contig_986865.fasta,0.017876498433281606,6.124601456076022e-05,0.4639700932764666,CM
,235560,Contig_60641.fasta,0.018294652618845452,6.61317471568726e-05,0.46489204080408997,CM
,235560,Contig_425558.fasta,0.0071739829426469325,1.1258497119024486e-05,0.4310583501329494,CM
,235560,Contig_1262982.fasta,0.008306533598181957,1.3487845102054182e-05,0.43607999913263423,CM
,235560,Contig_305.fasta,0.0024489817539949436,6.319761235837286e-07,0.3652723177746421,CM
,235560,Contig_420386.fasta,0.023450070771345515,0.00011192575886869433,0.4735970031065957,CM
,235560,Contig_553448.fasta,0.0011835218809891988,0.0,0.31541209239589924,CM
,235560,Contig_138817.fasta,0.007076006843261638,9.595415765174491e-06,0.42576327485834076,CM
,235560,Contig_371446.fasta,0.008149620930434271,9.07905541399745e-06,0.4286888127066574,CM
,235560,Contig_994196.fasta,0.019170717275029444,7.622511985548518e-05,0.46558590952170803,CM
,235560,Contig_501364.fasta,0.025333814557053556,0.0001288367435938163,0.47407683796283334,CM
,235560,Contig_546659.fasta,0.016273679891802773,4.71633348231623e-05,0.4571703361693371,CM
,235560,Contig_990528.fasta,0.02535383090909338,0.00013180030833867784,0.47600594005016944,CM
,235560,Contig_371562.fasta,0.025230158205832322,0.00012097400447027266,0.4731181385938489,CM
,235560,Contig_423997.fasta,0.027779080525828274,0.00015177929635109638,0.4772196216923167,CM
,235560,Contig_57926.fasta,0.004602664109681531,2.9490618131728952e-06,0.3995848326808852,CM
,235560,Contig_309752.fasta,0.0047561733065842,3.780818695567905e-06,0.40337399919768663,CM
,235560,Contig_57120.fasta,0.01386032585040062,3.5027847588037484e-05,0.4527468205798902,CM
,235560,Contig_200999.fasta,0.01089138109617289,1.949330613966447e-05,0.4437305254332068,CM
,235560,Contig_499237.fasta,0.006846280354522989,8.40009171288006e-06,0.42441164541434606,CM
,235560,Contig_542386.fasta,0.0024299482560597497,3.329260044310922e-07,0.36230262413419784,CM
,235560,Contig_131530.fasta,0.012274674234405352,2.7819727459308526e-05,0.449484955878306,CM
,235560,Contig_501205.fasta,0.027609056062173905,0.00015043237566199314,0.47673340710067913,CM
,235560,Contig_2219.fasta,0.0,0.0,0.0,CM
,235560,Contig_139618.fasta,0.027832352980203444,0.00015265822088065474,0.47770682906515216,CM
,235560,Contig_549709.fasta,0.006147825182905055,7.071056607475347e-06,0.4236431317965745,CM
,235560,Contig_502136.fasta,0.025436587153521446,0.00013242771536467167,0.4755221941761347,CM
,235560,Contig_132297.fasta,0.015106470911606528,4.011415364278908e-05,0.45494782602753187,CM
,235560,Contig_305531.fasta,0.029070108728406333,0.00017022586960145747,0.4789292109204878,CM
,235560,Contig_61421.fasta,0.026157225543954245,0.00013653772306173283,0.47479841610280726,CM
,235560,Contig_500205.fasta,0.006015464766562935,4.738111400272795e-06,0.4144498131703424,CM
,235560,Contig_59070.fasta,0.026398566189319485,0.00013226575155206316,0.47383679905753573,CM
,235560,Contig_929505.fasta,0.0174475241300839,5.5207419247112844e-05,0.4609988562259276,CM
,235560,Contig_24570476.fasta,0.01879901728451773,6.636516681028139e-05,0.46351048941982814,CM
,235560,Contig_53402.fasta,0.017446018092152783,6.07489078820655e-05,0.46259400797757444,CM
,235560,Contig_53447.fasta,0.0197756831766653,8.213149531287973e-05,0.46955728958285653,CM
,235560,Contig_137449.fasta,0.008263518855269688,1.3944083976143196e-05,0.43607999913263423,CM
,235560,Contig_133990.fasta,0.0,0.0,0.0,CM
,235560,Contig_134851.fasta,0.02318259839283935,9.870138833244349e-05,0.47026516489378545,CM
,235560,Contig_425439.fasta,0.01878138837979423,6.856877249027022e-05,0.46535438992473055,CM
,235560,Contig_131631.fasta,0.00519809990939644,3.6957081444454046e-06,0.4150011876446266,CM
,235560,Contig_1261393.fasta,0.012867814834763524,3.0711978045510355e-05,0.4520906657674556,CM
,235560,Contig_369735.fasta,0.011662704106039878,3.101878834822109e-05,0.45143641010064306,CM
,235560,Contig_56198.fasta,0.02457880248735627,0.00011953912349499924,0.473357449741342,CM
,235560,Contig_307546.fasta,0.004960338769484572,3.905091990502575e-06,0.40776805147652856,CM
,235560,Contig_303510.fasta,0.0012946728045573122,0.0,0.32595878723045385,CM
,235560,Contig_372408.fasta,0.003606071149566923,2.3639524072146953e-06,0.39205181321266575,CM
,235560,Contig_131842.fasta,0.005664386663932975,5.025965841693951e-06,0.4131689528205886,CM
,235560,Contig_368140.fasta,0.016476561899279287,5.694829916847136e-05,0.46145349020642656,CM
,235560,Contig_986732.fasta,0.01617493647907978,5.222986984491158e-05,0.46054511719420915,CM
,235560,Contig_302982.fasta,0.006593938180791657,6.87912487907909e-06,0.41389990187467185,CM
,235560,Contig_988949.fasta,0.015502532883603565,4.504004003021053e-05,0.4589640402837828,CM
,235560,Contig_61678.fasta,0.02654720875160414,0.00014180720798609035,0.47600594005016944,CM
,235560,Contig_498868.fasta,0.015011642080998023,4.0566966072892545e-05,0.4562787314181536,CM
,235560,Contig_1065964.fasta,0.0,0.0,0.0,CM
,235560,Contig_57454.fasta,0.02426636984644767,0.00011325308720928722,0.4721633088489572,CM
,235560,Contig_370810.fasta,0.016133734840726208,4.752002907194617e-05,0.45873905791109465,CM
,235560,Contig_372325.fasta,0.02757062059123393,0.0001453195078833793,0.47576394414775447,CM
,235560,Contig_542961.fasta,0.003484017859351921,1.6356998112001714e-06,0.3815033339334012,CM
,235560,Contig_58291.fasta,0.011969661636318022,2.464750429065867e-05,0.44862304800509734,CM
,235560,Contig_555161.fasta,0.018045075568699224,6.019670106083855e-05,0.46259400797757444,CM
,235560,Contig_711078.fasta,0.023135245181221908,0.00010552882230272705,0.4714497119086313,CM
,235560,Contig_502392.fasta,0.013426253565725358,3.64565696579573e-05,0.45362466220971065,CM
,235560,Contig_553434.fasta,0.014157006225328424,3.5021702727385365e-05,0.4547267629439422,CM
,235560,Contig_135566.fasta,0.02018575757392998,8.306760065842718e-05,0.46791383906931655,CM
,235560,Contig_201082.fasta,0.015746883920905477,4.907691981199023e-05,0.4589640402837828,CM
,235560,Contig_544432.fasta,0.013975951016104918,3.623258661759558e-05,0.45362466220971065,CM
,235560,Contig_132870.fasta,0.010837168347138474,2.332592319881284e-05,0.4462697559077888,CM
,235560,Contig_553471.fasta,0.021051719951311637,8.578584389970959e-05,0.4669798793106951,CM
,235560,Contig_1037.fasta,0.0,0.0,0.0,CM
,235560,Contig_702135.fasta,0.015699373789204066,4.284351334248461e-05,0.4573937820814434,CM
,235560,Contig_61579.fasta,0.012413677888412232,2.7389178474638248e-05,0.4469091108589461,CM
,235560,Contig_56384.fasta,0.023632695809748548,0.00011034854364070523,0.4731181385938489,CM
,235560,Contig_371783.fasta,0.0096781555057135,1.7479377594759764e-05,0.4428905244385391,CM
,235560,Contig_303179.fasta,0.004711403840985767,3.6763708072165124e-06,0.4061752075254484,CM
,235560,Contig_370352.fasta,0.016657995473229097,5.169557558180885e-05,0.45986618090350523,CM
,235560,Contig_422425.fasta,0.013194818195243466,3.4228764299498634e-05,0.45450591458894274,CM
,235560,Contig_1063026.fasta,0.01528160607625291,4.716845792152921e-05,0.45873905791109465,CM
,235560,Contig_371407.fasta,0.028831080829087852,0.00016080054111533793,0.4774631010911394,CM
,235560,Contig_4902.fasta,0.022543159489399344,0.00010236269142161905,0.47168733777148847,CM
,235560,Contig_4141.fasta,0.019550797081839346,7.005134360186399e-05,0.4639700932764666,CM
,235560,Contig_53623.fasta,0.017576704713314444,6.721362334506583e-05,0.4662818525852681,CM
,235560,Contig_992810.fasta,0.012024090547669496,2.507873886399383e-05,0.44648267086766846,CM
,235560,Contig_544367.fasta,0.0011199973635945921,0.0,0.30773682280126047,CM
,235560,Contig_58581.fasta,0.01859977851728426,7.010499887330333e-05,0.46489204080408997,CM
,235560,Contig_58115.fasta,0.02156370210743316,9.18690077166628e-05,0.47026516489378545,CM
,235560,Contig_550017.fasta,0.0046073901114094705,2.7551219843235054e-06,0.39822454388878004,CM
,235560,Contig_368514.fasta,0.00724792105565632,9.40003353535069e-06,0.4267340073591578,CM
,235560,Contig_370392.fasta,0.021972784245402253,9.16266810862229e-05,0.4681479130258295,CM
,235560,Contig_208096.fasta,0.004505866922099894,3.057339546431014e-06,0.40026846798059584,CM
,235560,Contig_4205.fasta,0.0024355412809267335,6.399585320923131e-07,0.36385212991393195,CM
,235560,Contig_1064672.fasta,0.019013159334695273,7.07310980328132e-05,0.4665142961807742,CM
,235560,Contig_59251.fasta,0.009489905870485552,1.6967960907274105e-05,0.44080437029610603,CM
,235560,Contig_3038.fasta,0.013450403856633495,3.696595433992722e-05,0.45694710846612946,CM
,235560,Contig_135971.fasta,0.022485078717597418,9.757563562389889e-05,0.47026516489378545,CM
,235560,Contig_502317.fasta,0.010806484221886991,2.2162489467067946e-05,0.4460570439173656,CM
,235560,Contig_61645.fasta,0.011962763344880981,2.580547912602729e-05,0.4481933324418741,CM
,235560,Contig_62576.fasta,0.02076314681666483,8.318081843870608e-05,0.4688515421536238,CM
,235560,Contig_542533.fasta,0.0034614741071631355,2.061230632482907e-06,0.38385056527425476,CM
,235560,Contig_131711.fasta,0.009885645165638323,1.872164843502318e-05,0.44584453460630447,CM
,235560,Contig_422009.fasta,0.008387777657628511,1.469367221688988e-05,0.4377117297187245,CM
,235560,Contig_62533.fasta,0.019975192297989282,8.267579911775948e-05,0.46908655545796146,CM
,235560,Contig_993317.fasta,0.027551250509316515,0.00015102269507921077,0.4774631010911394,CM
,235560,Contig_985521.fasta,0.0023304637025640578,4.2824899476980995e-07,0.3571861366941348,CM
,235560,Contig_543303.fasta,0.013242801661687896,3.472531874329456e-05,0.4542852806498219,CM
,235560,Contig_929538.fasta,0.012058919841927362,2.7119694681910668e-05,0.4488382149345962,CM
,235560,Contig_542346.fasta,0.0,0.0,0.0,CM
,235560,Contig_58424.fasta,0.0055057770789498925,5.54231423362941e-06,0.40741300746131176,CM
,235560,Contig_797832.fasta,0.019465779942791483,7.680113472435535e-05,0.4669798793106951,CM
,235560,Contig_368823.fasta,0.024275317062957078,0.00011679057557110298,0.4731181385938489,CM
,235560,Contig_548470.fasta,0.004913142576758078,2.857289331953715e-06,0.4072357172056715,CM
,235560,Contig_57574.fasta,0.027512246031843768,0.00015082044094686815,0.47649067115001686,CM
,235560,Contig_988707.fasta,0.024127443849068345,0.00011798639124621787,0.4735970031065957,CM
,235560,Contig_421262.fasta,0.02083756193883662,9.271974903503951e-05,0.470501597857533,CM
,235560,Contig_985249.fasta,0.012915166112403903,3.249429461268964e-05,0.4520906657674556,CM
,235560,Contig_371975.fasta,0.014794580440975315,4.209237048211973e-05,0.4547267629439422,CM
,235560,Contig_56531.fasta,0.022073339527940602,9.944158051108785e-05,0.47097517772452596,CM
,235560,Contig_1063517.fasta,0.016207054917944535,5.263977159890842e-05,0.46009227047130435,CM
,235560,Contig_990987.fasta,0.02104758772733185,8.889541016999685e-05,0.46932180448276484,CM
,235560,Contig_993626.fasta,0.015173510199335568,4.034420279891864e-05,0.4547267629439422,CM
,235560,Contig_542496.fasta,0.004802837695101322,4.323562921467547e-06,0.40973190811673954,CM
,235560,Contig_372104.fasta,0.025728760171669456,0.00013422383453144115,0.47624818225884635,CM
,235560,Contig_131548.fasta,0.01298652341359873,3.318107061686186e-05,0.4527468205798902,CM
,235560,Contig_308042.fasta,0.011957293277232064,2.563490617525272e-05,0.44733636622305595,CM
,235560,Contig_421163.fasta,0.0043437308142339195,3.2727571156040427e-06,0.39721038970230604,CM
,235560,Contig_54197.fasta,0.015233211290553777,4.684488835377024e-05,0.4596403134276194,CM
,235560,Contig_990000.fasta,0.021825219667187326,9.327852154944965e-05,0.47026516489378545,CM
,235560,Contig_369631.fasta,0.019833480850289922,7.543695861348385e-05,0.4660496405072874,CM
,235560,Contig_543552.fasta,0.017309693415560743,5.906529138307277e-05,0.46259400797757444,CM
,235560,Contig_542517.fasta,0.017977032385351834,6.322694686524163e-05,0.4621371250067324,CM
,235560,Contig_131735.fasta,0.011759335018333825,2.9407462462819275e-05,0.4512187454863226,CM
,235560,Contig_5549.fasta,0.010549341870854344,1.877840471116582e-05,0.4422626078159892,CM
,235560,Contig_501494.fasta,0.014095688743736,3.4670648894831644e-05,0.4516542848159426,CM
,235560,Contig_1062303.fasta,0.021338745595260878,8.596420291235233e-05,0.4681479130258295,CM
,235560,Contig_368159.fasta,0.008262142099670824,1.2258781809710846e-05,0.4324527163302371,CM
,235560,Contig_1199449.fasta,0.012839925418338666,2.8056573761231797e-05,0.4481933324418741,CM
,235560,Contig_704055.fasta,0.015402193258210265,4.1991895284849835e-05,0.4571703361693371,CM
,235560,Contig_55016.fasta,0.008514462079410439,1.420902523597903e-05,0.4397686457418388,CM
,235560,Contig_54053.fasta,0.0069390395599717575,6.877134389155295e-06,0.4209751138725295,CM
,235560,Contig_546419.fasta,0.010933274462165085,1.985470461263315e-05,0.44457371883070457,CM
,235560,Contig_59189.fasta,0.02449756024139842,0.00011674502232869295,0.473357449741342,CM
,235560,Contig_59558.fasta,0.006734553817107647,7.763131915767863e-06,0.4190898692962978,CM
,235560,Contig_546876.fasta,0.0032004054573376837,1.2318942031844252e-06,0.37180281213294913,CM
,235560,Contig_548299.fasta,0.019800441194749076,6.889894795234325e-05,0.4637401774720679,CM
,235560,Contig_60525.fasta,0.010636730082299603,1.9351272632849746e-05,0.4410121009135877,CM
,235560,Contig_550033.fasta,0.0012604602378539277,0.0,0.3222547101028351,CM
,235560,Contig_208849.fasta,0.019720106117337148,7.9481892110649e-05,0.4674463926766399,CM
,235560,Contig_57061.fasta,0.021180413346470923,8.56650263948246e-05,0.46861676421564,CM
,235560,Contig_1062496.fasta,0.017544328913383943,5.8216332057085766e-05,0.46259400797757444,CM
,235560,Contig_303608.fasta,0.01396838660490202,4.1099941259443415e-05,0.4558342319233478,CM
,235560,Contig_420777.fasta,0.01992489412998921,8.207535747408448e-05,0.46979301111377164,CM
,235560,Contig_1063002.fasta,0.019846453065820984,7.641201753183254e-05,0.46767999906978164,CM
,235560,Contig_54352.fasta,0.0025348934417316906,6.54378798031482e-07,0.36655999927090993,CM
,235560,Contig_1063047.fasta,0.004317157974404618,2.6616673753813137e-06,0.3922161266297708,CM
,235560,Contig_53607.fasta,0.021871232079393697,9.706133084899493e-05,0.47168733777148847,CM
,235560,Contig_372120.fasta,0.02154303739861571,9.047010709731923e-05,0.46791383906931655,CM
,235560,Contig_549384.fasta,0.0220262905101174,9.423304782192648e-05,0.470501597857533,CM
,235560,Contig_1061993.fasta,0.02033725981200967,7.828935335417083e-05,0.4681479130258295,CM
,235560,Contig_553689.fasta,0.006573264551072168,9.173766994090861e-06,0.41946556617598973,CM
,235560,Contig_990531.fasta,0.02426889452371178,0.00012065074473584639,0.47383679905753573,CM
,235560,Contig_554020.fasta,0.013904940470913753,3.763691094801867e-05,0.4547267629439422,CM
,235560,Contig_502647.fasta,0.012753729789583624,3.4031695664669655e-05,0.4516542848159426,CM
,235560,Contig_135462.fasta,0.009240368831549495,1.516986711792958e-05,0.4379165550484947,CM
,235560,Contig_1063919.fasta,0.014013796663826576,3.759651261120942e-05,0.45296596231298797,CM
,235560,Contig_372299.fasta,0.011439726335452264,2.403091627450377e-05,0.44542012286465166,CM
,235560,Contig_622402.fasta,0.022043258441143927,9.865859156268194e-05,0.4712123253467438,CM
,235560,Contig_1065023.fasta,0.020908669397655563,8.65003019276653e-05,0.46861676421564,CM
,235560,Contig_552588.fasta,0.008269991346104802,1.048411051637293e-05,0.4308598886457795,CM
,235560,Contig_367957.fasta,0.014152226415821636,4.024073723786368e-05,0.45539059763437134,CM
,235560,Contig_308367.fasta,0.023482266591359678,0.0001087905273677791,0.4731181385938489,CM
,235560,Contig_59368.fasta,0.024961712491931645,0.00012446174641961988,0.4735970031065957,CM
,235560,Contig_705620.fasta,0.019923961696364685,8.076712089374064e-05,0.466746971640216,CM
,235560,Contig_305590.fasta,0.022009733481999052,9.74243589537349e-05,0.46955728958285653,CM
,235560,Contig_554364.fasta,0.012878622339635508,3.720877458981918e-05,0.45494782602753187,CM
,235560,Contig_502546.fasta,0.013604667482162698,3.824603492154937e-05,0.45494782602753187,CM
,235560,Contig_985191.fasta,0.01655475851424594,5.7659238711282076e-05,0.46259400797757444,CM
,235560,Contig_425799.fasta,0.02572023083541425,0.00013514542202029193,0.47576394414775447,CM
,235560,Contig_368001.fasta,0.01721348446797004,5.33649387825657e-05,0.4591892434438828,CM
,235560,Contig_501675.fasta,0.020545623784792518,8.113917450727621e-05,0.4681479130258295,CM
,235560,Contig_62362.fasta,0.013919591751997144,3.8549369237211844e-05,0.4551691041530317,CM
,235560,Contig_60857.fasta,0.013860250884963135,3.695935929007542e-05,0.45362466220971065,CM
,235560,Contig_202275.fasta,0.012604020899720566,3.2843745156002796e-05,0.45143641010064306,CM
,235560,Contig_131650.fasta,0.022217492459690565,0.00010077271166865087,0.4712123253467438,CM
,235560,Contig_542472.fasta,0.005751802412617445,5.2346632096764395e-06,0.41225888904785596,CM
,235560,Contig_547680.fasta,0.00913564520739147,1.6050700940388963e-05,0.43730265333580987,CM
,235560,Contig_499586.fasta,0.005638761512459256,5.167630691173565e-06,0.4079458056402062,CM
,235560,Contig_136305.fasta,0.022184614793901204,9.783149145865946e-05,0.47097517772452596,CM
,235560,Contig_369711.fasta,0.014041790798883727,3.945577137220804e-05,0.45694710846612946,CM
,235560,Contig_61741.fasta,0.02220207471885239,9.78387734538506e-05,0.4712123253467438,CM
,235560,Contig_498586.fasta,0.022883830795948353,0.00010112493500611892,0.46979301111377164,CM
,235560,Contig_138210.fasta,0.0021551454996927544,3.604528381024096e-07,0.34329702059377587,CM
,235560,Contig_1522.fasta,0.004456295275883774,2.590539915381974e-06,0.39503067882593207,CM
,235560,Contig_54173.fasta,0.002483194320698328,5.831667864373395e-07,0.36555768677290357,CM
,235560,Contig_58478.fasta,0.011963699907810186,2.579508629434153e-05,0.4488382149345962,CM
,235560,Contig_2611.fasta,0.02099603346874558,8.953795082607631e-05,0.46955728958285653,CM
,235560,Contig_547115.fasta,0.02386711460315104,0.00011003250645088762,0.4714497119086313,CM
,235560,Contig_368410.fasta,0.019793822936255197,8.394821789824679e-05,0.46979301111377164,CM
,235560,Contig_547150.fasta,0.009983196542878723,1.725016735773516e-05,0.4362832998315306,CM
,235560,Contig_550156.fasta,0.019046640960998888,7.283234728934797e-05,0.46581765960111154,CM
,235560,Contig_60405.fasta,0.020050033981214882,7.985784890325744e-05,0.4681479130258295,CM
,235560,Contig_59852.fasta,0.02866757711896371,0.00016209812920581822,0.47770682906515216,CM
,235560,Contig_985114.fasta,0.015013358543930546,4.1123278368317864e-05,0.4558342319233478,CM
,235560,Contig_502586.fasta,0.018761875973250897,6.979451431410857e-05,0.46466121059515053,CM
,235560,Contig_201696.fasta,0.007043248457320812,7.86890427609887e-06,0.42268639482323084,CM
,235560,Contig_56590.fasta,0.011865131695534714,3.0134093416773076e-05,0.45252789078270456,CM
,235560,Contig_369378.fasta,0.021977865373464446,9.867698225167926e-05,0.47026516489378545,CM
,235560,Contig_424031.fasta,0.025123718268992706,0.00012202761510929748,0.4731181385938489,CM
,235560,Contig_549045.fasta,0.0,0.0,0.0,CM
,235560,Contig_138952.fasta,0.018591143587509767,6.545656636176104e-05,0.4637401774720679,CM
,235560,Contig_500549.fasta,0.01637651393165775,4.867382079669377e-05,0.45806543227539553,CM
,235560,Contig_54272.fasta,0.01958504856760946,7.586741373896241e-05,0.4660496405072874,CM
,235560,Contig_53762.fasta,0.020849112757206807,8.46535206193347e-05,0.46767999906978164,CM
,235560,Contig_57141.fasta,0.0036031916842929205,1.5636805217887337e-06,0.3876668095023335,CM
,235560,Contig_420657.fasta,0.0,0.0,0.0,CM
,235560,Contig_804876.fasta,0.02097748416160811,8.062147808358185e-05,0.4669798793106951,CM
,235560,Contig_367997.fasta,0.00894109061341939,1.7936197974709684e-05,0.43709840174620884,CM
,235560,Contig_54093.fasta,0.021144277268243826,8.749668409576414e-05,0.4700289694317595,CM
,235560,Contig_985009.fasta,0.0036572437848609645,2.0537571781692914e-06,0.3928747599238594,CM
,235560,Contig_209831.fasta,0.017382104432260972,6.256764776028017e-05,0.46282278839695007,CM
,235560,Contig_59149.fasta,0.029070108728406333,0.00017022586960145747,0.4789292109204878,CM
,235560,Contig_54407.fasta,0.016658697420064105,5.9818060197510377e-05,0.46489204080408997,CM
,235560,Contig_305408.fasta,0.012207888735450863,2.8317979867540904e-05,0.45143641010064306,CM
,235560,Contig_501379.fasta,0.01724143141214879,5.8035474741107146e-05,0.46145349020642656,CM
,235560,Contig_55093.fasta,0.018908854583424187,7.018772106916699e-05,0.4669798793106951,CM
,235560,Contig_806573.fasta,0.01288089307122093,2.894873799646967e-05,0.44905358835826925,CM
,235560,Contig_60235.fasta,0.027794497879365162,0.00015564149342146543,0.47770682906515216,CM
,235560,Contig_501085.fasta,0.0011199973635945921,0.0,0.30773682280126047,CM
,235560,Contig_302635.fasta,0.018003056386096332,5.9772017585732535e-05,0.46351048941982814,CM
,235560,Contig_213217.fasta,0.0010969565277297844,0.0,0.30713084284169123,CM
,235560,Contig_204678.fasta,0.0010289594673947682,0.0,0.299656637252204,CM
,235560,Contig_498809.fasta,0.02678963031968735,0.0001365063313854586,0.4745576461149255,CM
,235560,Contig_134968.fasta,0.01162164895981739,2.67286688940397e-05,0.4484080872729435,CM
,235560,Contig_555569.fasta,0.005901983257611377,4.456783511667232e-06,0.4146334417982424,CM
,235560,Contig_420323.fasta,0.003411153794638913,1.346651418672683e-06,0.3782650275418889,CM
,235560,Contig_7.fasta,0.001033684992091996,0.0,0.2994648570043626,CM
,235560,Contig_370077.fasta,0.024374801616452772,0.00011516479039598033,0.4726402414841581,CM
,235560,Contig_24574329.fasta,0.015471269328649177,4.514004121542075e-05,0.457617446522559,CM
,235560,Contig_207266.fasta,0.023080061918918808,0.00010121794987653592,0.470501597857533,CM
,235560,Contig_499722.fasta,0.014818415924366406,4.193502127801572e-05,0.45561230678609205,CM
,235560,Contig_1201189.fasta,0.023273662823401323,0.00011045440888526416,0.4731181385938489,CM
,235560,Contig_500710.fasta,0.02326505117674039,0.00010191879008822597,0.47073826868140495,CM
,235560,Contig_135292.fasta,0.019767280833667702,7.378022297111114e-05,0.46581765960111154,CM
,235560,Contig_204110.fasta,0.0,0.0,0.0,CM
,235560,Contig_500384.fasta,0.028983019395506175,0.0001682997176110073,0.47868423434201185,CM
,235560,Contig_4002.fasta,0.0012489927587791688,0.0,0.31841703917612557,CM
,235560,Contig_421610.fasta,0.0059478478169702,8.284391035217282e-06,0.42230490890732536,CM
,235560,Contig_138156.fasta,0.02059533888999389,7.986588381176947e-05,0.4662818525852681,CM
,235560,Contig_792548.fasta,0.014208462621993165,3.962615725510855e-05,0.4567240986523344,CM
,235560,Contig_131553.fasta,0.004704272670042175,3.576504385387298e-06,0.40776805147652856,CM
,235560,Contig_368086.fasta,0.006894149547969285,8.863598069150523e-06,0.42518295235739806,CM
,235560,Contig_544261.fasta,0.004531462643027701,4.11510322238534e-06,0.4006111635867436,CM
,235560,Contig_796891.fasta,0.017564927118796276,5.631194301786192e-05,0.46145349020642656,CM
,235560,Contig_137006.fasta,0.0024876064873808356,7.067083525052732e-07,0.3675678233066116,CM
,235560,Contig_546911.fasta,0.0012912109992196331,0.0,0.32641356056457377,CM
,235560,Contig_369838.fasta,0.010201152765031042,2.0302383359286217e-05,0.44331012701972194,CM
,235560,Contig_426807.fasta,0.022517043792196958,9.979939413593527e-05,0.47073826868140495,CM
,235560,Contig_54932.fasta,0.022098636477743044,8.793412218464553e-05,0.46721301954000655,CM
,235560,Contig_931789.fasta,0.004425143171662209,2.7983392228152727e-06,0.3935356089733529,CM
,235560,Contig_1064731.fasta,0.009140125002707914,1.699976816737745e-05,0.4368943408677092,CM
,235560,Contig_135719.fasta,0.01673212246592643,5.514935894883635e-05,0.4623654536258069,CM
,235560,Contig_499678.fasta,0.0,0.0,0.0,CM
,235560,Contig_542470.fasta,0.02101334186849174,8.007976381026126e-05,0.4665142961807742,CM
,235560,Contig_368756.fasta,0.006862455587601461,7.982406187136596e-06,0.42135419997236967,CM
,235560,Contig_420279.fasta,0.009390143045060365,1.6159103315887626e-05,0.4387377769051257,CM
,235560,Contig_993254.fasta,0.02188905361011719,8.875627444921333e-05,0.4681479130258295,CM
,235560,Contig_985217.fasta,0.018985099039009017,7.106752832947048e-05,0.46581765960111154,CM
,235560,Contig_61392.fasta,0.011765956123423436,2.7833985094161834e-05,0.4499171529512659,CM
,235560,Contig_502254.fasta,0.015936098441805623,4.2790823618114345e-05,0.45450591458894274,CM
,235560,Contig_500961.fasta,0.0252561403149221,0.00012408361515176257,0.4735970031065957,CM
,235560,Contig_544966.fasta,0.0037541419029641647,1.424207300971166e-06,0.3918876374114879,CM
,235560,Contig_133780.fasta,0.016679424788109173,4.977568074161187e-05,0.4585142960012901,CM
,235560,Contig_62691.fasta,0.013162704300421407,3.251317837038196e-05,0.453185316289895,CM
,235560,Contig_368166.fasta,0.01337499868755357,3.3454940210998164e-05,0.45143641010064306,CM
,235560,Contig_429761.fasta,0.0024854412972788644,5.952851787154957e-07,0.36584350200884797,CM
,235560,Contig_302536.fasta,0.018935282439878322,7.354742160057592e-05,0.4660496405072874,CM
,235560,Contig_987380.fasta,0.019643750129254952,8.187126331084843e-05,0.46791383906931655,CM
,235560,Contig_554697.fasta,0.0,0.0,0.0,CM
,235560,Contig_549533.fasta,0.019841313295660655,7.33690684978626e-05,0.46512310046651745,CM
,235560,Contig_3825.fasta,0.0023804576014485198,5.617349097488119e-07,0.35979533953811343,CM
,235560,Contig_43.fasta,0.0022914055846710644,4.965155788614561e-07,0.3524774682254738,CM
,235560,Contig_542528.fasta,0.013286390545866746,3.557952492713419e-05,0.4542852806498219,CM
,235560,Contig_993798.fasta,0.02436353691131625,0.00011748018459031164,0.4731181385938489,CM
,235560,Contig_24569072.fasta,0.007234394381867301,9.403521436429858e-06,0.4277091764801797,CM
,235560,Contig_545414.fasta,0.0025496394762971547,6.58769617411665e-07,0.36843609375536734,CM
,235560,Contig_53638.fasta,0.016232748743627116,5.4040408564513273e-05,0.4630517952195117,CM
,235560,Contig_137636.fasta,0.009666742687001049,1.794127121867003e-05,0.441428150065393,CM
,235560,Contig_59666.fasta,0.0036407183172385026,1.9881372428590763e-06,0.38927940022405705,CM
,235560,Contig_302672.fasta,0.01865547497797723,7.19610258736152e-05,0.46512310046651745,CM
,235560,Contig_310012.fasta,0.0030752243046653248,1.165904679091892e-06,0.36843609375536734,CM
,235560,Contig_795668.fasta,0.01631983068368266,5.2339089015857485e-05,0.46054511719420915,CM
,235560,Contig_372002.fasta,0.01101331481033199,2.23871041187456e-05,0.44905358835826925,CM
,235560,Contig_309907.fasta,0.02554075940836932,0.00013277940136898367,0.4750394305272249,CM
,235560,Contig_2477.fasta,0.011809607204950454,2.5681590206343966e-05,0.44776443930078136,CM
,235560,Contig_327.fasta,0.007054678298314904,7.215710243321541e-06,0.42003037618430566,CM
,235560,Contig_139033.fasta,0.019923018530658816,7.915775848103543e-05,0.466746971640216,CM
,235560,Contig_993758.fasta,0.026763512965630277,0.00014262339793098667,0.47649067115001686,CM
,235560,Contig_56026.fasta,0.010707518105999443,1.774443705602103e-05,0.4418449849568617,CM
,235560,Contig_1395.fasta,0.003451449594019353,2.031058778254677e-06,0.38322181741958766,CM
,235560,Contig_543139.fasta,0.011458928146515961,2.5119394154041692e-05,0.44542012286465166,CM
,235560,Contig_626881.fasta,0.008447774485521562,1.2273417162629098e-05,0.433454227947491,CM
,235560,Contig_1270016.fasta,0.0,0.0,0.0,CM
,235560,Contig_55438.fasta,0.01592377703227927,4.642452844290074e-05,0.4603185824587472,CM
,235560,Contig_501797.fasta,0.00991182476113278,2.0526384630864674e-05,0.4381215721622814,CM
,235560,Contig_5266.fasta,0.02168023695816027,9.079543016147423e-05,0.46791383906931655,CM
,235560,Contig_1065654.fasta,0.002392182814235094,5.489215498631044e-07,0.36174243453368116,CM
,235560,Contig_420474.fasta,0.0024821627417881587,6.867355335030476e-07,0.36641647538709204,CM
,235560,Contig_53541.fasta,0.0,0.0,0.0,CM
,235560,Contig_54857.fasta,0.0033241639333825585,1.8203542105236312e-06,0.3815033339334012,CM
,235560,Contig_53504.fasta,0.017627712932511155,6.0023237473113545e-05,0.4637401774720679,CM
,235560,Contig_426927.fasta,0.021658428358540077,9.393879374746376e-05,0.4712123253467438,CM
,235560,Contig_987729.fasta,0.009516307385927745,1.7393026564363967e-05,0.4410121009135877,CM
,235560,Contig_498389.fasta,0.02230018371023075,9.720159573030613e-05,0.47026516489378545,CM
,235560,Contig_544728.fasta,0.021775252610120636,9.504238022333504e-05,0.47073826868140495,CM
,235560,Contig_137227.fasta,0.013346760573304885,3.2057665570122746e-05,0.45362466220971065,CM
,235560,Contig_544635.fasta,0.00943831078408848,1.6732863989005413e-05,0.44059683528184235,CM
,235560,Contig_498294.fasta,0.008079979185021364,1.3600989069214834e-05,0.43547123226553425,CM
,235560,Contig_54109.fasta,0.012666163759529695,2.9623642831782482e-05,0.45035018197239324,CM
,235560,Contig_53419.fasta,0.01865400738234278,6.234833246940976e-05,0.4621371250067324,CM
,235560,Contig_62325.fasta,0.00241010083582814,6.408130420533909e-07,0.36371071828162965,CM
,235560,Contig_622395.fasta,0.023285174067897724,0.00011182258742288864,0.47287906929693435,CM
,235560,Contig_60482.fasta,0.017966703503108777,6.582053700743116e-05,0.4660496405072874,CM
,235560,Contig_420569.fasta,0.004602864071905708,3.471417053280395e-06,0.403547942276254,CM
,235560,Contig_368046.fasta,0.016410993687433872,4.888473303318134e-05,0.457617446522559,CM
,235560,Contig_1062259.fasta,0.0038393623551464034,1.423698894301892e-06,0.3912323069141443,CM
,235560,Contig_499294.fasta,0.02253632143067375,9.92091373304565e-05,0.47073826868140495,CM
,235560,Contig_548087.fasta,0.011893584032340953,2.470229818858391e-05,0.44733636622305595,CM
,235560,Contig_5087.fasta,0.002359492701441385,3.792499557530839e-07,0.3562343654886308,CM
,235560,Contig_1064064.fasta,0.0010969565277297844,0.0,0.30713084284169123,CM
,235560,Contig_54661.fasta,0.022435728783854567,0.00010179311762028368,0.47168733777148847,CM
,235560,Contig_990919.fasta,0.00949010053268204,1.593669903505898e-05,0.4381215721622814,CM
,235560,Contig_61352.fasta,0.023414217141411266,0.00010724934068129374,0.4731181385938489,CM
,235560,Contig_555022.fasta,0.0037480828674725246,1.8860377654457258e-06,0.3925451670044602,CM
,235560,Contig_57616.fasta,0.022559558742683318,0.00010490539697958028,0.471925203297344,CM
,235560,Contig_370211.fasta,0.011923362029093068,2.576609764331045e-05,0.4475503004010679,CM
,235560,Contig_1067056.fasta,0.01270684935012373,3.545079016346441e-05,0.4547267629439422,CM
,235560,Contig_56653.fasta,0.018674030686009598,6.660521464481228e-05,0.4644306094980809,CM
,235560,Contig_992350.fasta,0.015504196276099854,4.9420949321380814e-05,0.4603185824587472,CM
,235560,Contig_61602.fasta,0.0025496394762971547,6.58769617411665e-07,0.36843609375536734,CM
,235560,Contig_135130.fasta,0.01784951387696452,5.8960642365047376e-05,0.4632810287815015,CM
,235560,Contig_1063408.fasta,0.022036155318033008,9.360166296734546e-05,0.4688515421536238,CM
,235560,Contig_206987.fasta,0.0023417766674032766,8.882770205727557e-07,0.3600722116731947,CM
,235560,Contig_1309.fasta,0.0,0.0,0.0,CM
,235560,Contig_542531.fasta,0.002490885042871542,5.948290211996781e-07,0.36713522092531703,CM
,235560,Contig_552864.fasta,0.00787523141932226,9.695224253462713e-06,0.4259570678828553,CM
,235560,Contig_420338.fasta,0.017816227417297055,5.950802447244074e-05,0.46259400797757444,CM
,235560,Contig_55389.fasta,0.005818400424895903,4.468665475092457e-06,0.4108110966368012,CM
,235560,Contig_427105.fasta,0.008374930808022263,1.398815932046003e-05,0.43506633107328363,CM
,235560,Contig_542688.fasta,0.011586782912467177,2.6269420292210765e-05,0.44669578908765306,CM
,235560,Contig_544398.fasta,0.0012023970399828228,0.0,0.3153058214752807,CM
,235560,Contig_498739.fasta,0.01384250207950621,3.334291736285139e-05,0.4518723699365684,CM
,235560,Contig_54075.fasta,0.0,0.0,0.0,CM
,235560,Contig_56346.fasta,0.018682173690360918,6.969580399711802e-05,0.46512310046651745,CM
,235560,Contig_203889.fasta,0.005070102111727883,3.4908758479471997e-06,0.4109915143340505,CM
,235560,Contig_500327.fasta,0.01991753705100967,7.643026922705452e-05,0.4665142961807742,CM
,235560,Contig_544365.fasta,0.0,0.0,0.0,CM
,235560,Contig_369516.fasta,0.018702225723696526,6.532578828969418e-05,0.46282278839695007,CM
,235560,Contig_547013.fasta,0.002023560347619519,3.599245872183314e-07,0.34042476469211824,CM
,235560,Contig_542675.fasta,0.019996899080839126,7.879089058768407e-05,0.46767999906978164,CM
,235560,Contig_368516.fasta,0.016581233079057643,5.528634870188227e-05,0.4621371250067324,CM
,235560,Contig_58954.fasta,0.02324173564967656,0.00011128620780869503,0.47407683796283334,CM
,235560,Contig_24576300.fasta,0.025454724766814766,0.00012360667136118,0.4735970031065957,CM
,235560,Contig_994229.fasta,0.004467751358118526,2.7483519010791647e-06,0.39503067882593207,CM
,235560,Contig_132049.fasta,0.017119812417563884,5.486880788855412e-05,0.45986618090350523,CM
,235560,Contig_56047.fasta,0.01639887745867125,5.079968086931331e-05,0.45986618090350523,CM
,235560,Contig_549900.fasta,0.022307389680060408,9.722946417562483e-05,0.4714497119086313,CM
,235560,Contig_56804.fasta,0.01877686516058917,6.546125180271177e-05,0.4639700932764666,CM
,235560,Contig_1760.fasta,0.0012271462495269082,0.0,0.31841703917612557,CM
,235560,Contig_2226.fasta,0.008398163509064785,1.3186451857762645e-05,0.43648679017660125,CM
,235560,Contig_548773.fasta,0.0037513549694533264,1.6586717080176153e-06,0.3912323069141443,CM
,235560,Contig_1123947.fasta,0.023021962634039477,0.00010225508166530743,0.47097517772452596,CM
,235560,Contig_6091.fasta,0.021066928491814043,8.459461850477441e-05,0.46767999906978164,CM
,235560,Contig_4736.fasta,0.019513931830686164,7.390560196402152e-05,0.46512310046651745,CM
,235560,Contig_810436.fasta,0.023443680606498034,0.00010776336419850877,0.47168733777148847,CM
,235560,Contig_53485.fasta,0.002324895991311629,5.391684560477792e-07,0.3582801217988641,CM
,235560,Contig_53779.fasta,0.021547309381356856,9.31686011515964e-05,0.4714497119086313,CM
,235560,Contig_54269.fasta,0.022298847863384725,9.778669345417969e-05,0.4700289694317595,CM
,235560,Contig_135095.fasta,0.02234080293716504,9.936220767134669e-05,0.47073826868140495,CM
,235560,Contig_543843.fasta,0.0025128639448145375,4.6153851341272564e-07,0.36727930853164564,CM
,235560,Contig_555043.fasta,0.00921599587575682,1.656100376990641e-05,0.4389435638548935,CM
,235560,Contig_62494.fasta,0.014092563259196531,3.68116848019633e-05,0.45450591458894274,CM
,235560,Contig_58762.fasta,0.019446258123102904,7.057443764058533e-05,0.46466121059515053,CM
,235560,Contig_499560.fasta,0.013466998038037345,3.61062551192503e-05,0.4512187454863226,CM
,235560,Contig_1065040.fasta,0.007678154458332652,1.0943756930360137e-05,0.42634518366224744,CM
,235560,Contig_24574502.fasta,0.0049129046641915135,3.721919088132954e-06,0.40741300746131176,CM
,235560,Contig_55294.fasta,0.020022368091313855,8.325818823960374e-05,0.4688515421536238,CM
,235560,Contig_208230.fasta,0.026345882119075053,0.0001363595373352259,0.47528068976060595,CM
,235560,Contig_367971.fasta,0.014432596303665814,4.000752914941626e-05,0.45561230678609205,CM
,235560,Contig_4437.fasta,0.0,0.0,0.0,CM
,235560,Contig_138526.fasta,0.0011496405979742118,0.0,0.3104935892961623,CM
,235560,Contig_138563.fasta,0.026575371070081906,0.00014020679285065273,0.47600594005016944,CM
,235560,Contig_371134.fasta,0.017414662991247627,5.247812369536244e-05,0.45986618090350523,CM
,235560,Contig_54294.fasta,0.025278543360903315,0.0001265454627366816,0.473357449741342,CM
,235560,Contig_59426.fasta,0.0095177149448252,1.439655016573073e-05,0.4375070959039893,CM
,235560,Contig_502560.fasta,0.0022785051317654884,5.67625866850205e-07,0.3544801811131186,CM
,235560,Contig_201670.fasta,0.017836242973129104,5.679269160057537e-05,0.4621371250067324,CM
,235560,Contig_132684.fasta,0.021848332319632232,9.416723971810151e-05,0.46955728958285653,CM
,235560,Contig_542344.fasta,0.006157288920336857,6.805900816646307e-06,0.4232599177470073,CM
,235560,Contig_545654.fasta,0.019836667800637604,8.131625267407798e-05,0.4674463926766399,CM
,235560,Contig_499661.fasta,0.0,0.0,0.0,CM
,235560,Contig_368062.fasta,0.017347226985667482,5.87047548392543e-05,0.46282278839695007,CM
,235560,Contig_133992.fasta,0.00799093103759229,1.2840895391927975e-05,0.429475758668487,CM
,235560,Contig_131676.fasta,0.019133299043639876,7.683507760681277e-05,0.4674463926766399,CM
,235560,Contig_134010.fasta,0.018171301077734316,6.578246845873689e-05,0.4639700932764666,CM
,235560,Contig_548898.fasta,0.019945803442810116,7.517925113795607e-05,0.4665142961807742,CM
,235560,Contig_421218.fasta,0.0,0.0,0.0,CM
,235560,Contig_56266.fasta,0.01883239549862269,6.48688051704006e-05,0.464200237171941,CM
,235560,Contig_791989.fasta,0.009772773714739339,1.6568949135632324e-05,0.4418449849568617,CM
,235560,Contig_167.fasta,0.0023944607376477044,5.882869316045327e-07,0.3571861366941348,CM
,235560,Contig_131918.fasta,0.013980420123975245,3.5214352375847216e-05,0.45362466220971065,CM
,235560,Contig_545669.fasta,0.015212395516589866,4.421262781735201e-05,0.4582897542304766,CM
,235560,Contig_309414.fasta,0.023181587224214064,0.00011297919258253037,0.47383679905753573,CM
,235560,Contig_60809.fasta,0.017716398811382466,6.09142260480287e-05,0.46351048941982814,CM
,235560,Contig_55579.fasta,0.010936555070951055,2.3938518237274813e-05,0.44648267086766846,CM
,235560,Contig_134354.fasta,0.01213466438778517,2.786825745471289e-05,0.4484080872729435,CM
,235560,Contig_302825.fasta,0.015917356349704974,4.634476537815872e-05,0.4565013064090893,CM
,235560,Contig_543384.fasta,0.0036891335422050164,1.9844208236490786e-06,0.3902534103997636,CM
,235560,Contig_553243.fasta,0.012870791919828655,2.963808915076777e-05,0.45013356331824583,CM
,235560,Contig_985177.fasta,0.01179993815204387,2.803512494930157e-05,0.4497009505711836,CM
,235560,Contig_551170.fasta,0.014130484361217804,3.7558231180688926e-05,0.45494782602753187,CM
,235560,Contig_544200.fasta,0.01057279553589784,2.1137115955680053e-05,0.44436262019878114,CM
,235560,Contig_1066727.fasta,0.01267440621440973,2.9146741436742418e-05,0.44905358835826925,CM
,235560,Contig_623419.fasta,0.006925675502189899,8.274277661203102e-06,0.42078582650118396,CM
,235560,Contig_54254.fasta,0.020829986401283557,8.05459579617556e-05,0.4660496405072874,CM
,235560,Contig_53744.fasta,0.017862127527752677,6.180898763369212e-05,0.4637401774720679,CM
,235560,Contig_548820.fasta,0.0012023970399828228,0.0,0.3153058214752807,CM
,235560,Contig_422193.fasta,0.026720213165088984,0.0001445821757201075,0.47673340710067913,CM
,235560,Contig_56712.fasta,0.013007156204696488,3.189698354750491e-05,0.4523091726141291,CM
,235560,Contig_56757.fasta,0.004768776131654328,4.775748987291693e-06,0.409552594371393,CM
,235560,Contig_1833.fasta,0.0197778866594145,7.529812433098242e-05,0.4665142961807742,CM
,235560,Contig_542648.fasta,0.002311193265748271,6.466285280540629e-07,0.3569136835006228,CM
,235560,Contig_372026.fasta,0.019381975291189575,7.350419695021535e-05,0.46512310046651745,CM
,235560,Contig_370350.fasta,0.01321595529771847,3.123921006261848e-05,0.4520906657674556,CM
,235560,Contig_985396.fasta,0.0190657308354175,6.57170233489305e-05,0.4644306094980809,CM
,235560,Contig_543120.fasta,0.0023201704666144015,7.814670264177985e-07,0.3600722116731947,CM
,235560,Contig_992741.fasta,0.02011781994069479,8.009422072674212e-05,0.46721301954000655,CM
,235560,Contig_54798.fasta,0.021732070357011277,8.951504380844185e-05,0.46861676421564,CM
,235560,Contig_554998.fasta,0.015272743087159854,4.5861097851892835e-05,0.4573937820814434,CM
,235560,Contig_542549.fasta,0.0,0.0,0.0,CM
,235560,Contig_1125670.fasta,0.024698732085768275,0.00012606846604768792,0.47479841610280726,CM
,235560,Contig_57456.fasta,0.019689742363371714,7.535509024373806e-05,0.466746971640216,CM
,235560,Contig_420791.fasta,0.010325629665122581,2.0242615676596246e-05,0.4441517219452459,CM
,235560,Contig_304002.fasta,0.02179037532290177,9.002119978006341e-05,0.46932180448276484,CM
,235560,Contig_304047.fasta,0.022460588557290335,0.00010583684119465765,0.4735970031065957,CM
,235560,Contig_60914.fasta,0.022167277364017468,9.872645076946423e-05,0.47168733777148847,CM
,235560,Contig_369593.fasta,0.008272424919266578,1.4140710618602314e-05,0.43526868750634096,CM
,235560,Contig_132330.fasta,0.013130266764988886,3.1265293322929395e-05,0.453185316289895,CM
,235560,Contig_543264.fasta,0.011688137630224901,2.6466775070041568e-05,0.4471226364733077,CM
,235560,Contig_61586.fasta,0.022423114168882676,9.631103181300447e-05,0.47097517772452596,CM
,235560,Contig_206205.fasta,0.017479746849697164,5.835214848369939e-05,0.4616811436303074,CM
,235560,Contig_992897.fasta,0.0012912109992196331,0.0,0.32641356056457377,CM
,235560,Contig_368482.fasta,0.01377795317275206,3.295572291767119e-05,0.4499171529512659,CM
,235560,Contig_368810.fasta,0.019639793588782695,7.582629073076275e-05,0.466746971640216,CM
,235560,Contig_545620.fasta,0.007478532725051149,1.0291705731013156e-05,0.4316548330897754,CM
,235560,Contig_131586.fasta,0.019109274578333647,6.992621928152079e-05,0.4644306094980809,CM
,235560,Contig_62330.fasta,0.0034175683110043652,1.7022715843075761e-06,0.3827516066006679,CM
,235560,Contig_133221.fasta,0.0061606987900770585,6.182476992418426e-06,0.4179668057787553,CM
,235560,Contig_554336.fasta,0.023061230577940663,0.00010302384812536964,0.47073826868140495,CM
,235560,Contig_1061979.fasta,0.005965736944628204,4.588469973552181e-06,0.4135341043476063,CM
,235560,Contig_59083.fasta,0.009264598431986688,1.6694806636090337e-05,0.43709840174620884,CM
,235560,Contig_61046.fasta,0.02003163635065186,7.648357114369266e-05,0.46791383906931655,CM
,235560,Contig_53364.fasta,0.013256131399056015,3.653119129173238e-05,0.45143641010064306,CM
,235560,Contig_138517.fasta,0.016399156856554787,5.537542135772167e-05,0.4621371250067324,CM
,235560,Contig_1064832.fasta,0.005091164181304366,4.930931929894022e-06,0.41536958639087135,CM
,235560,Contig_367940.fasta,0.013606897857861466,3.118013363141429e-05,0.45013356331824583,CM
,235560,Contig_57502.fasta,0.025680867669748565,0.00013582765263977129,0.47624818225884635,CM
,235560,Contig_370591.fasta,0.027007464268919566,0.00014512355621684565,0.4769763904885999,CM
,235560,Contig_420251.fasta,0.018638932623493927,6.463855875952197e-05,0.4621371250067324,CM
,235560,Contig_58753.fasta,0.0229823539927458,9.928237301386238e-05,0.4700289694317595,CM
,235560,Contig_133165.fasta,0.018696699487033643,6.867971429409564e-05,0.464200237171941,CM
,235560,Contig_136703.fasta,0.015314646874266927,4.294823843975446e-05,0.45494782602753187,CM
,235560,Contig_420638.fasta,0.008597620654927477,1.4681776883078189e-05,0.44038949559465085,CM
,235560,Contig_552562.fasta,0.003559813805566535,2.3375176914436796e-06,0.39303976402294544,CM
,235560,Contig_136746.fasta,0.02204057104299122,9.555602388110931e-05,0.470501597857533,CM
,235560,Contig_53399.fasta,0.01978954652043578,7.724564295530373e-05,0.4660496405072874,CM
,235560,Contig_369317.fasta,0.027916294486286755,0.0001573697924802138,0.4781950322629704,CM
,235560,Contig_551614.fasta,0.011556991518782705,2.5015993144411606e-05,0.44584453460630447,CM
,235560,Contig_554072.fasta,0.0012271462495269082,0.0,0.31841703917612557,CM
,235560,Contig_59716.fasta,0.020664592308942888,9.250824744908283e-05,0.4712123253467438,CM
,235560,Contig_1066043.fasta,0.0035653083636421356,1.6729988641640015e-06,0.38574924902664187,CM
,235560,Contig_549707.fasta,0.0,0.0,0.0,CM
,235560,Contig_1062625.fasta,0.01669081704513257,5.9037200402031555e-05,0.4644306094980809,CM
,235560,Contig_372137.fasta,0.007201804595034209,8.671760157276433e-06,0.4259570678828553,CM
,235560,Contig_426270.fasta,0.004672684377412366,2.9117483518962042e-06,0.40337399919768663,CM
,235560,Contig_54300.fasta,0.01877836069083161,6.383013607502835e-05,0.4644306094980809,CM
,235560,Contig_53610.fasta,0.001221702503934231,0.0,0.31830873406075955,CM
,235560,Contig_989205.fasta,0.015663870945361588,4.8549084854181006e-05,0.4596403134276194,CM
,235560,Contig_420760.fasta,0.014869394615703626,4.681095599411536e-05,0.4591892434438828,CM
,235560,Contig_1062050.fasta,0.011945372442580395,2.5307105430552147e-05,0.4488382149345962,CM
,235560,Contig_427270.fasta,0.003250050499285632,1.2079287812357712e-06,0.3740318457788302,CM
,235560,Contig_139063.fasta,0.0,0.0,0.0,CM
,235560,Contig_420725.fasta,0.0012604602378539277,0.0,0.3222547101028351,CM
,235560,Contig_545479.fasta,0.00911338566461583,1.618531087909339e-05,0.4362832998315306,CM
,235560,Contig_1062015.fasta,0.009769094972277051,1.6235606317510026e-05,0.441428150065393,CM
,235560,Contig_202006.fasta,0.0152578488473142,4.461101046651418e-05,0.4589640402837828,CM
,235560,Contig_498324.fasta,0.005693876425755295,6.011131843581815e-06,0.4129866187725653,CM
,235560,Contig_201370.fasta,0.0,0.0,0.0,CM
,235560,Contig_551822.fasta,0.004698052898567055,3.593835279518085e-06,0.4012983182412663,CM
,235560,Contig_54001.fasta,0.004872283020348142,3.6669422740878287e-06,0.41063083727013294,CM
,235560,Contig_422752.fasta,0.010758359581721015,1.9756285564098317e-05,0.4449965183731018,CM
,235560,Contig_55044.fasta,0.011819273480610671,2.4575753143749373e-05,0.4456322276850634,CM
,235560,Contig_548236.fasta,0.01634675277982377,5.210273212059482e-05,0.4609988562259276,CM
,235560,Contig_420309.fasta,0.005845910331667057,6.804973378223519e-06,0.4170355071919042,CM
,235560,Contig_542500.fasta,0.018504226401709383,6.797282502087827e-05,0.46535438992473055,CM
,235560,Contig_137277.fasta,0.0034963996333179414,1.2027196534735539e-06,0.38088224588466957,CM
,235560,Contig_987817.fasta,0.019557279599808144,7.701063859919235e-05,0.4662818525852681,CM
,235560,Contig_24578923.fasta,0.02290756248580707,9.92504754731705e-05,0.46979301111377164,CM
,235560,Contig_985367.fasta,0.0050434307653465845,4.53617111561484e-06,0.41389990187467185,CM
,235560,Contig_498823.fasta,0.011931256640058993,2.8364898610465086e-05,0.4499171529512659,CM
,235560,Contig_1063329.fasta,0.020971470636217387,8.884442937065556e-05,0.46932180448276484,CM
,235560,Contig_61925.fasta,0.005764990907304749,5.9861945674684895e-06,0.4146334417982424,CM
,235560,Contig_54079.fasta,0.020901366853588826,8.051363796209275e-05,0.46767999906978164,CM
,235560,Contig_554682.fasta,0.0012859006829525218,0.0,0.3243770114865279,CM
,235560,Contig_302566.fasta,0.018833682741417362,6.910125467334033e-05,0.46535438992473055,CM
,235560,Contig_310306.fasta,0.024262273205248198,0.00011790137864770551,0.47407683796283334,CM
,235560,Contig_543210.fasta,0.0011885215161410155,0.0,0.31403613360356813,CM
,235560,Contig_986701.fasta,0.002336655184790319,6.548461254985033e-07,0.35637002213961655,CM
,235560,Contig_545700.fasta,0.015576311426937444,4.4037654713996734e-05,0.4594146677165602,CM
,235560,Contig_420371.fasta,0.016221617246120753,4.895291768525934e-05,0.45873905791109465,CM
,235560,Contig_930538.fasta,0.027647558948098654,0.00014395721564173405,0.4750394305272249,CM
,235560,Contig_542578.fasta,0.0037480828674725246,1.8860377654457258e-06,0.3925451670044602,CM
,235560,Contig_371823.fasta,0.011354024190700016,2.670472281679497e-05,0.4462697559077888,CM
,235560,Contig_56.fasta,0.0,0.0,0.0,CM
,235560,Contig_500869.fasta,0.012751571961697777,2.966585070904719e-05,0.4499171529512659,CM
,235560,Contig_549526.fasta,0.0012604602378539277,0.0,0.3222547101028351,CM
,235560,Contig_138472.fasta,0.024183836049029114,0.00011890588779774296,0.47407683796283334,CM
,235560,Contig_987069.fasta,0.011672127439386403,2.5425829822971762e-05,0.44862304800509734,CM
,235560,Contig_988280.fasta,0.019509597041618396,7.106245429033679e-05,0.46535438992473055,CM
,235560,Contig_543585.fasta,0.0,0.0,0.0,CM
,235560,Contig_206976.fasta,0.023956800921779133,0.00011684172771297973,0.4743171201919073,CM
,235560,Contig_3888.fasta,0.02548715221889418,0.00013140789921748655,0.47479841610280726,CM
,235560,Contig_1065538.fasta,0.0011835218809891988,0.0,0.31541209239589924,CM
,235560,Contig_62111.fasta,0.012833573408098134,3.2755975618561735e-05,0.4507840453461624,CM
,235560,Contig_208748.fasta,0.018789191643522215,7.133186445699805e-05,0.4660496405072874,CM
,235560,Contig_501406.fasta,0.011404190362768086,2.4565418006449806e-05,0.4456322276850634,CM
,235560,Contig_306807.fasta,0.010271264620027303,1.6602238614001884e-05,0.4381215721622814,CM
,235560,Contig_57808.fasta,0.019069719666633785,7.433345679462775e-05,0.466746971640216,CM
,235560,Contig_930639.fasta,0.019758120612340054,7.800059559778432e-05,0.466746971640216,CM
,235560,Contig_422.fasta,0.0012912109992196331,0.0,0.32641356056457377,CM
,235560,Contig_545369.fasta,0.016934355696359298,5.762942143320505e-05,0.46351048941982814,CM
,235560,Contig_502018.fasta,0.01629855583323813,5.260835410725287e-05,0.4591892434438828,CM
,235560,Contig_1066920.fasta,0.006995060227332307,6.856709197671525e-06,0.41946556617598973,CM
,235560,Contig_988550.fasta,0.01169272692051345,2.3456406609775516e-05,0.4460570439173656,CM
,235560,Contig_498319.fasta,0.003374512795987991,1.3927713450133303e-06,0.37508123372289903,CM
,235560,Contig_1062135.fasta,0.019069800503917423,6.729253571275473e-05,0.46535438992473055,CM
,235560,Contig_139106.fasta,0.0023916293322870964,8.414241612689307e-07,0.3648450986895256,CM
,235560,Contig_424026.fasta,0.0023828572106823057,8.45380916904822e-07,0.36034951025746365,CM
,235560,Contig_985597.fasta,0.0036960015187806608,2.1235717874718004e-06,0.3935356089733529,CM
,235560,Contig_369895.fasta,0.02169040190682381,9.633598057304556e-05,0.471925203297344,CM
,235560,Contig_53489.fasta,0.0025402037579988017,6.371730141748837e-07,0.36858120446578696,CM
,235560,Contig_60880.fasta,0.02295700547236471,9.95498786622306e-05,0.46979301111377164,CM
,235560,Contig_368093.fasta,0.01610014217783178,4.691979954656161e-05,0.4567240986523344,CM
,235560,Contig_499241.fasta,0.019666860630979024,7.276741251009015e-05,0.46581765960111154,CM
,235560,Contig_989061.fasta,0.007488891339377826,8.956730820660965e-06,0.42829642020074743,CM
,235560,Contig_55164.fasta,0.023257092245685323,0.0001067988553150206,0.4721633088489572,CM
,235560,Contig_24573733.fasta,0.011107693017156573,2.3273071370056558e-05,0.44457371883070457,CM
,235560,Contig_498628.fasta,0.008458714832568517,1.4438646878290769e-05,0.43730265333580987,CM
,235560,Contig_3643.fasta,0.0024882977229353444,6.957451288068322e-07,0.36684738460942107,CM
,235560,Contig_987659.fasta,0.001221702503934231,0.0,0.31830873406075955,CM
,235560,Contig_53431.fasta,0.014412510520684273,4.005821679078348e-05,0.453185316289895,CM
,235560,Contig_426051.fasta,0.0242375504556219,0.00011556192935451049,0.4724016547898198,CM
,235560,Contig_500137.fasta,0.020707387042623232,7.682342848774689e-05,0.46581765960111154,CM
,235560,Contig_369743.fasta,0.02447235739872289,0.00011751495460403583,0.4731181385938489,CM
,235560,Contig_502690.fasta,0.01530986367927598,4.632464559992158e-05,0.4589640402837828,CM
,235560,Contig_802918.fasta,0.012082364371971981,3.2105248546076026e-05,0.45406486081447506,CM
,235560,Contig_544175.fasta,0.001221702503934231,0.0,0.31830873406075955,CM
,235560,Contig_53359.fasta,0.0034046738562408265,1.3132226441609506e-06,0.38243877324831754,CM
,235560,Contig_306575.fasta,0.002551671237073561,8.286748030972902e-07,0.3744808636008936,CM
,235560,Contig_542420.fasta,0.0,0.0,0.0,CM
,235560,Contig_368743.fasta,0.020091543087973424,8.022420606208226e-05,0.46838222129060714,CM
,235560,Contig_499105.fasta,0.0025549497925642663,6.494870293533226e-07,0.3710656931556832,CM
,235560,Contig_542465.fasta,0.0022854780438707994,6.850669284653728e-07,0.3569136835006228,CM
,235560,Contig_548646.fasta,0.016419205015078348,5.441780761819668e-05,0.4619090217860973,CM
,235560,Contig_58939.fasta,0.01045629441363209,1.9223475177982986e-05,0.44163646915461685,CM
,235560,Contig_621909.fasta,0.011698651963177768,2.4500940955490573e-05,0.4475503004010679,CM
,235560,Contig_53922.fasta,0.02163032055339641,9.069981943582235e-05,0.46932180448276484,CM
,235560,Contig_132024.fasta,0.028744515475828437,0.00016079683442605548,0.4769763904885999,CM
,235560,Contig_1063498.fasta,0.01838822465070889,6.814322929787507e-05,0.464200237171941,CM
,235560,Contig_551384.fasta,0.02040492756231391,8.169156313155163e-05,0.46581765960111154,CM
,235560,Contig_132061.fasta,0.0059680114633868095,5.886950752013905e-06,0.4196536673267413,CM
,235560,Contig_543135.fasta,0.003351353870972183,1.5394368172637062e-06,0.3744808636008936,CM
,235560,Contig_1064559.fasta,0.011524517904691304,2.631953110893368e-05,0.44457371883070457,CM
,235560,Contig_368256.fasta,0.02182672758447011,8.98903474517048e-05,0.46908655545796146,CM
,235560,Contig_306060.fasta,0.021595525766639184,9.061264751077596e-05,0.4681479130258295,CM
,235560,Contig_58286.fasta,0.01775907194690016,5.797403680333703e-05,0.4619090217860973,CM
,235560,Contig_57092.fasta,0.02783337879753197,0.00015534094236852839,0.4779508059952161,CM
,235560,Contig_420355.fasta,0.019673077897974484,7.763506235918381e-05,0.46721301954000655,CM
,235560,Contig_420310.fasta,0.0058304229888978855,6.276666438450071e-06,0.41815356485193617,CM
,235560,Contig_139456.fasta,0.017492379490220842,6.209318430237236e-05,0.464200237171941,CM
,235560,Contig_4502.fasta,0.010759828740579251,2.3967882158397298e-05,0.4456322276850634,CM
,235560,Contig_543519.fasta,0.0012604602378539277,0.0,0.3222547101028351,CM
,235560,Contig_544009.fasta,0.0012859006829525218,0.0,0.3243770114865279,CM
,235560,Contig_3057.fasta,0.0010969565277297844,0.0,0.30713084284169123,CM
,235560,Contig_553809.fasta,0.0023471436131215005,5.289221261595984e-07,0.3595188928692405,CM
,235560,Contig_132325.fasta,0.01655159088775661,4.949450001175165e-05,0.4589640402837828,CM
,235560,Contig_369951.fasta,0.019506728607469284,6.861731525232632e-05,0.4632810287815015,CM
,235560,Contig_61901.fasta,0.016387048496128848,5.385499042650987e-05,0.4603185824587472,CM
,235560,Contig_369157.fasta,0.014795484548657142,3.7532753485771544e-05,0.45362466220971065,CM
,235560,Contig_61944.fasta,0.002373368225283192,4.462501068837965e-07,0.35841734130165953,CM
,235560,Contig_53508.fasta,0.0012604602378539277,0.0,0.3222547101028351,CM
,235560,Contig_368951.fasta,0.009450155295017316,1.5224125055171912e-05,0.43669047043333326,CM
,235560,Contig_303193.fasta,0.015069309317511298,4.103514363193543e-05,0.45561230678609205,CM
,235560,Contig_1062799.fasta,0.017383850590208222,6.036078281918263e-05,0.4637401774720679,CM
,235560,Contig_932596.fasta,0.014664840146610328,4.628550335212897e-05,0.4578413298134213,CM
,235560,Contig_133360.fasta,0.01162276184803193,2.280340291478663e-05,0.4456322276850634,CM
,235560,Contig_371588.fasta,0.018010750201167724,6.375725037017185e-05,0.46259400797757444,CM
,235560,Contig_990113.fasta,0.018736080424595014,6.960712511543796e-05,0.46489204080408997,CM
,235560,Contig_371159.fasta,0.015283753110466624,4.647136845250989e-05,0.4589640402837828,CM
,235560,Contig_132515.fasta,0.021825915311461778,9.281951069726726e-05,0.47026516489378545,CM
,235560,Contig_708360.fasta,0.008454185179457202,1.1347018274845851e-05,0.4332535546938116,CM
,235560,Contig_794445.fasta,0.016899716167407257,5.806380397650602e-05,0.4644306094980809,CM
,235560,Contig_310512.fasta,0.02501100356819796,0.0001277005714611992,0.4745576461149255,CM
,235560,Contig_200936.fasta,0.022054633492547583,8.966282327104058e-05,0.46838222129060714,CM
,235560,Contig_309369.fasta,0.025684931269343552,0.00012692165703192702,0.473357449741342,CM
,235560,Contig_131663.fasta,0.016037364018593993,4.814135722150001e-05,0.4594146677165602,CM
,235560,Contig_133515.fasta,0.01960120581978246,6.86253269816611e-05,0.4637401774720679,CM
,235560,Contig_57236.fasta,0.02244934801914419,0.00010068907473743221,0.4714497119086313,CM
,235560,Contig_368809.fasta,0.01961085366863122,7.75178581903864e-05,0.46721301954000655,CM
,235560,Contig_57273.fasta,0.0062288213782777145,6.777974792401453e-06,0.42268639482323084,CM
,235560,Contig_53450.fasta,0.02105425517384816,8.311672022833932e-05,0.46791383906931655,CM
,235560,Contig_369809.fasta,0.017131006662782597,5.6463979675676375e-05,0.46054511719420915,CM
,235560,Contig_500212.fasta,0.003393776970662853,1.8809788193765322e-06,0.3807272897227962,CM
,235560,Contig_985127.fasta,0.011650873529420968,2.7738860497872604e-05,0.4481933324418741,CM
,235560,Contig_131527.fasta,0.00846791527589784,1.285030682940987e-05,0.4362832998315306,CM
,235560,Contig_205412.fasta,0.015612749165919508,4.413315771765809e-05,0.4547267629439422,CM
,235560,Contig_58861.fasta,0.022446327776077427,0.0001018806745484001,0.4714497119086313,CM
,235560,Contig_57172.fasta,0.007891943326286555,9.787548303294908e-06,0.42576327485834076,CM
,235560,Contig_57931.fasta,0.010842262770879546,2.257320633889223e-05,0.44669578908765306,CM
,235560,Contig_986539.fasta,0.026424929800783918,0.00013458795376638827,0.4745576461149255,CM
,235560,Contig_53380.fasta,0.0010289594673947682,0.0,0.299656637252204,CM
,235560,Contig_793579.fasta,0.01315615891557725,3.3898329010558015e-05,0.45561230678609205,CM
,235560,Contig_53751.fasta,0.009306426017054973,1.7336948955875415e-05,0.44038949559465085,CM
,235560,Contig_56974.fasta,0.01628585016317641,5.210539668421978e-05,0.46054511719420915,CM
,235560,Contig_53714.fasta,0.020767388270365544,8.803528529946791e-05,0.46932180448276484,CM
,235560,Contig_498548.fasta,0.007020474871010568,9.62362841466837e-06,0.4281004932015705,CM
,235560,Contig_138961.fasta,0.025460010572248774,0.0001325165891910283,0.47600594005016944,CM
,235560,Contig_56931.fasta,0.012018331720923236,2.503410962433765e-05,0.44669578908765306,CM
,235560,Contig_53490.fasta,0.017829054867537157,6.027744189431331e-05,0.4621371250067324,CM
,235560,Contig_1261469.fasta,0.01967083775592215,8.078388654145898e-05,0.4688515421536238,CM
,235560,Contig_134080.fasta,0.018942694477448795,7.385449532653405e-05,0.4669798793106951,CM
,235560,Contig_547636.fasta,0.003583909259959035,2.0674719090665854e-06,0.38992819922443045,CM
,235560,Contig_555815.fasta,0.005548449952666568,5.448001804277311e-06,0.40973190811673954,CM
,235560,Contig_367999.fasta,0.012882387597929673,3.108122261636919e-05,0.4523091726141291,CM
,235560,Contig_542481.fasta,0.02176854846196108,9.23044785206137e-05,0.46955728958285653,CM
,235560,Contig_54239.fasta,0.0,0.0,0.0,CM
,235560,Contig_135080.fasta,0.016709307393395177,5.8433524552379886e-05,0.4632810287815015,CM
,235560,Contig_543050.fasta,0.002422344189316385,5.898378994645429e-07,0.36356941652627545,CM
,235560,Contig_371121.fasta,0.010378106530433733,1.967572567633183e-05,0.4395620846118521,CM
,235560,Contig_421275.fasta,0.016094102300527845,4.875569534315357e-05,0.4571703361693371,CM
,235560,Contig_1064055.fasta,0.018674528674935145,6.859971128493416e-05,0.4644306094980809,CM
,235560,Contig_24574183.fasta,0.02328362959311738,0.00010085638722190532,0.4700289694317595,CM
,235560,Contig_1065010.fasta,0.019127912873742436,6.806496189650897e-05,0.4630517952195117,CM
,235560,Contig_542439.fasta,0.02095633682363586,8.370433470173277e-05,0.46955728958285653,CM
,235560,Contig_55615.fasta,0.002524199031198561,6.871191458888853e-07,0.3710656931556832,CM
,235560,Contig_1062268.fasta,0.017443905800260184,5.458038176740592e-05,0.45806543227539553,CM
,235560,Contig_545832.fasta,0.011070495553997563,2.1876952274833585e-05,0.4475503004010679,CM
,235560,Contig_994284.fasta,0.017346175419395087,5.951720480807107e-05,0.4621371250067324,CM
,235560,Contig_61283.fasta,0.014971870471866535,4.3372758899504224e-05,0.4585142960012901,CM
,235560,Contig_137216.fasta,0.022375132192739348,0.00010075907244917813,0.471925203297344,CM
,235560,Contig_369929.fasta,0.022338142687730825,9.705583647522276e-05,0.4700289694317595,CM
,235560,Contig_424266.fasta,0.0,0.0,0.0,CM
,235560,Contig_422733.fasta,0.021692897667275175,9.286088159687608e-05,0.46979301111377164,CM
,235560,Contig_993468.fasta,0.023903543834765624,0.00011072927966693947,0.471925203297344,CM
,235560,Contig_2702.fasta,0.0230146227167928,0.00011119273352656578,0.4731181385938489,CM
,235560,Contig_550843.fasta,0.009531688589822878,1.4604430303222038e-05,0.4381215721622814,CM
,235560,Contig_555666.fasta,0.005891659105437245,6.307555004601941e-06,0.41684974527333324,CM
,235560,Contig_552333.fasta,0.0010289594673947682,0.0,0.299656637252204,CM
,235560,Contig_59941.fasta,0.013236991653828354,3.004326488099736e-05,0.4518723699365684,CM
,235560,Contig_543660.fasta,0.012733765859662433,2.7595606032078215e-05,0.44905358835826925,CM
,235560,Contig_302582.fasta,0.0,0.0,0.0,CM
,235560,Contig_985007.fasta,0.007422613237762453,8.805299403314998e-06,0.43006786679165127,CM
,235560,Contig_137152.fasta,0.009418255604008307,1.592579954687972e-05,0.4389435638548935,CM
,235560,Contig_551768.fasta,0.010738874410207823,2.050632766933204e-05,0.44457371883070457,CM
,235560,Contig_54324.fasta,0.017839469667630472,6.262585765682512e-05,0.464200237171941,CM
,235560,Contig_554908.fasta,0.019858018550167236,7.515903739688666e-05,0.46535438992473055,CM
,235560,Contig_988264.fasta,0.023175790991682526,0.00010953619967606018,0.4726402414841581,CM
,235560,Contig_57017.fasta,0.01465210751036536,4.4077583530505564e-05,0.4571703361693371,CM
,235560,Contig_930599.fasta,0.007461626508485312,9.485182556148355e-06,0.4286888127066574,CM
,235560,Contig_368836.fasta,0.024247231222811912,0.0001156083696622228,0.4726402414841581,CM
,235560,Contig_501295.fasta,0.019931694112325544,7.230081283846186e-05,0.4644306094980809,CM
,235560,Contig_549348.fasta,0.02311527509433478,0.00010769822428061993,0.4731181385938489,CM
,235560,Contig_3936.fasta,0.025267044184909496,0.00012218371628712455,0.4724016547898198,CM
,235560,Contig_53793.fasta,0.017443083867793415,6.117079761348347e-05,0.464200237171941,CM
,235560,Contig_421232.fasta,0.0,0.0,0.0,CM
,235560,Contig_368389.fasta,0.025203291444952352,0.00012377754741594988,0.47407683796283334,CM
,235560,Contig_58788.fasta,0.004714310335727366,2.8389093191619193e-06,0.39822454388878004,CM
,235560,Contig_991500.fasta,0.02760393457956094,0.00014682014440319714,0.47600594005016944,CM
,235560,Contig_555817.fasta,0.020235896675853366,8.245652498272099e-05,0.46791383906931655,CM
,235560,Contig_542483.fasta,0.008100977687520685,1.1275499630739945e-05,0.43026559914419915,CM
,235560,Contig_132900.fasta,0.0131621581396136,3.144643590857384e-05,0.45143641010064306,CM
,235560,Contig_543052.fasta,0.0011835218809891988,0.0,0.31541209239589924,CM
,235560,Contig_546119.fasta,0.008061596828321646,1.1894817106856345e-05,0.4316548330897754,CM
,235560,Contig_6086.fasta,0.007257737718093782,9.73719918894218e-06,0.4281004932015705,CM
,235560,Contig_369459.fasta,0.022290785442211067,9.77038581456748e-05,0.470501597857533,CM
,235560,Contig_1064787.fasta,0.003733117862608837,2.266096873188233e-06,0.39238057783590485,CM
,235560,Contig_993918.fasta,0.007050714495138361,8.12324210435718e-06,0.42615103740374916,CM
,235560,Contig_420935.fasta,0.008798487004907301,1.6164306289072972e-05,0.442681020879202,CM
,235560,Contig_209716.fasta,0.013360798987914447,3.269369696837356e-05,0.44905358835826925,CM
,235560,Contig_549952.fasta,0.0023186590316640154,7.981555862876355e-07,0.36034951025746365,CM
,235560,Contig_368269.fasta,0.0034051978358815662,1.5743476033344244e-06,0.3843234817817795,CM
,235560,Contig_58668.fasta,0.02192067115510545,9.945208044555298e-05,0.4714497119086313,CM
,235560,Contig_542949.fasta,0.015944638090721105,4.795456348273226e-05,0.4585142960012901,CM
,235560,Contig_425926.fasta,0.0,0.0,0.0,CM
,235560,Contig_439.fasta,0.013067897797731137,3.1548097344225925e-05,0.45296596231298797,CM
,235560,Contig_428343.fasta,0.019041226129951523,6.925502123624096e-05,0.466746971640216,CM
,235560,Contig_502497.fasta,0.005709023618312714,6.438515376868138e-06,0.4150011876446266,CM
,235560,Contig_793333.fasta,0.012784344628299662,3.125086289764531e-05,0.4518723699365684,CM
,235560,Contig_985040.fasta,0.02185535015797246,9.460449595921307e-05,0.4700289694317595,CM
,235560,Contig_544337.fasta,0.008807874788876487,1.2353523196113424e-05,0.4377117297187245,CM
,235560,Contig_302538.fasta,0.00376563319831317,2.1456918616947636e-06,0.3956988068239463,CM
,235560,Contig_371387.fasta,0.00557167189307034,5.06338537464964e-06,0.4108110966368012,CM
,235560,Contig_985429.fasta,0.015468509421781742,4.346638928474971e-05,0.4567240986523344,CM
,235560,Contig_57780.fasta,0.01505358765734252,4.106904679303634e-05,0.4542852806498219,CM
,235560,Contig_5210.fasta,0.0024719663892004006,7.520383513966423e-07,0.36555768677290357,CM
,235560,Contig_139344.fasta,0.006864266393208999,7.551196386726363e-06,0.4205967092757901,CM
,235560,Contig_303250.fasta,0.009567311562382993,1.460967177164982e-05,0.4332535546938116,CM
,235560,Contig_547305.fasta,0.0011835218809891988,0.0,0.31541209239589924,CM
,235560,Contig_368294.fasta,0.017943068706781116,6.138749304012984e-05,0.4630517952195117,CM
,235560,Contig_542526.fasta,0.003731155500567328,1.8852557987216127e-06,0.39041621949880395,CM
,235560,Contig_59201.fasta,0.0012489927587791688,0.0,0.31841703917612557,CM
,235560,Contig_132437.fasta,0.011869810852302739,2.6984339135065084e-05,0.4488382149345962,CM
,235560,Contig_135127.fasta,0.017615994447860907,5.4246309854541854e-05,0.45986618090350523,CM
,235560,Contig_498840.fasta,0.017264757492813827,5.8331284032117705e-05,0.4623654536258069,CM
,235560,Contig_201012.fasta,0.0071814926010662266,8.585263346029802e-06,0.4255696580894193,CM
,235560,Contig_502796.fasta,0.012743663011253471,3.3961730376720484e-05,0.45296596231298797,CM
,235560,Contig_371838.fasta,0.02325702882790279,0.00010392249732471639,0.4721633088489572,CM
,235560,Contig_369953.fasta,0.023559698570771195,0.00010404002838590765,0.47073826868140495,CM
,235560,Contig_53998.fasta,0.0021613563768510683,4.044873678986614e-07,0.3459621730641897,CM
,235560,Contig_549268.fasta,0.00348583133564766,1.7640809664056606e-06,0.38103732823234243,CM
,235560,Contig_627031.fasta,0.009797503408066257,1.7473957120266537e-05,0.44247171543197783,CM
,235560,Contig_60946.fasta,0.023248818016725244,0.0001115068944697383,0.47407683796283334,CM
,235560,Contig_368584.fasta,0.015966986567447147,5.054291536337627e-05,0.46009227047130435,CM
,235560,Contig_499387.fasta,0.0033590278921366637,1.7141481768645334e-06,0.37750208880138486,CM
,235560,Contig_368916.fasta,0.02175328484177904,9.315392904552678e-05,0.470501597857533,CM
,235560,Contig_131739.fasta,0.008453002524332726,1.2265078950058378e-05,0.43526868750634096,CM
,235560,Contig_368678.fasta,0.02052463832571353,8.669853950733441e-05,0.46955728958285653,CM
,235560,Contig_55737.fasta,0.0024882977229353444,6.957451288068322e-07,0.36684738460942107,CM
,235560,Contig_57441.fasta,0.012555831964218346,2.6801461788668326e-05,0.4469091108589461,CM
,235560,Contig_139085.fasta,0.019279004092345856,7.372313623693079e-05,0.46535438992473055,CM
,235560,Contig_5194.fasta,0.0010969565277297844,0.0,0.30713084284169123,CM
,235560,Contig_500498.fasta,0.009604893405193916,1.7785331760066433e-05,0.44080437029610603,CM
,235560,Contig_35.fasta,0.003529349320037011,1.5781724260323498e-06,0.38259512597654666,CM
,235560,Contig_1124667.fasta,0.021125894402521925,8.913440463339992e-05,0.47026516489378545,CM
,235560,Contig_800316.fasta,0.0010289594673947682,0.0,0.299656637252204,CM
,235560,Contig_56028.fasta,0.019813000394200992,7.604545866705054e-05,0.46581765960111154,CM
,235560,Contig_551712.fasta,0.0022753569261060253,6.814851160473467e-07,0.3538100862527913,CM
,235560,Contig_502713.fasta,0.02539687382231136,0.0001266729783018017,0.47479841610280726,CM
,235560,Contig_59610.fasta,0.014020935531642416,4.3402524932038906e-05,0.45806543227539553,CM
,235560,Contig_302604.fasta,0.015013326966318689,3.9535758219982385e-05,0.4547267629439422,CM
,235560,Contig_551757.fasta,0.003754852679127422,2.0993439694759204e-06,0.3980551587148588,CM
,235560,Contig_932201.fasta,0.004615071235711199,3.3836272601122915e-06,0.4009544465032704,CM
,235560,Contig_133865.fasta,0.002608043486513818,6.369273345022736e-07,0.372691229844139,CM
,235560,Contig_986463.fasta,0.01685657611921144,5.008066173143526e-05,0.457617446522559,CM
,235560,Contig_545427.fasta,0.007346257690456595,1.0156342839409125e-05,0.4292787514397399,CM
,235560,Contig_62172.fasta,0.014172295335733352,4.064633694661838e-05,0.45605637336190696,CM
,235560,Contig_55436.fasta,0.0036744069238607404,2.07218674278328e-06,0.3918876374114879,CM
,235560,Contig_548295.fasta,0.003646710442514347,1.8791874244597054e-06,0.3935356089733529,CM
,235560,Contig_550839.fasta,0.0,0.0,0.0,CM
,235560,Contig_370302.fasta,0.017392441370416012,6.515161769210585e-05,0.46512310046651745,CM
,235560,Contig_372074.fasta,0.023093627284552803,0.00010377511567616314,0.4712123253467438,CM
,235560,Contig_553798.fasta,0.021259512100196012,8.526014174965507e-05,0.4660496405072874,CM
,235560,Contig_500799.fasta,0.006959867345410287,9.024947060196876e-06,0.4273185744925265,CM
,235560,Contig_54243.fasta,0.026870178075711192,0.00014522325964083866,0.4769763904885999,CM
,235560,Contig_543869.fasta,0.0,0.0,0.0,CM
,235560,Contig_137718.fasta,0.026156695376586245,0.00013428299043101577,0.4745576461149255,CM
,235560,Contig_53716.fasta,0.010793008841225003,2.2355276989623748e-05,0.44733636622305595,CM
,235560,Contig_369798.fasta,0.011954912545429474,2.8900691004908432e-05,0.4507840453461624,CM
,235560,Contig_985160.fasta,0.013590889634172544,3.716741808701255e-05,0.453185316289895,CM
,235560,Contig_56618.fasta,0.016220470250227388,5.302463856150179e-05,0.46077187500671246,CM
,235560,Contig_369421.fasta,0.002452260309485649,5.090661491851692e-07,0.36456084072404876,CM
,235560,Contig_136070.fasta,0.018626003457289823,7.272454851763789e-05,0.4660496405072874,CM
,235560,Contig_547124.fasta,0.004841130229137384,3.587517736032338e-06,0.41045073602571625,CM
,235560,Contig_555395.fasta,0.00217860006536898,5.095182890787891e-07,0.3462181569140337,CM
,235560,Contig_2620.fasta,0.021980711625836643,9.624320693071741e-05,0.471925203297344,CM
,235560,Contig_990679.fasta,0.0034422767356789585,1.5511631930605193e-06,0.38385056527425476,CM
,235560,Contig_137371.fasta,0.019052642473596747,7.226323044689613e-05,0.4669798793106951,CM
,235560,Contig_200971.fasta,0.004858652286995031,4.1607035763040265e-06,0.40776805147652856,CM
,235560,Contig_55880.fasta,0.024191023462126638,0.00011995110319100246,0.4735970031065957,CM
,235560,Contig_53941.fasta,0.016712748009114056,5.224732291838713e-05,0.4619090217860973,CM
,235560,Contig_54457.fasta,0.004492187748996495,3.218610557307054e-06,0.39503067882593207,CM
,235560,Contig_543587.fasta,0.0011709711853003697,0.0,0.3116309284510933,CM
,235560,Contig_132047.fasta,0.0012489927587791688,0.0,0.31841703917612557,CM
,235560,Contig_133002.fasta,0.019376886397566996,7.444200685773494e-05,0.46558590952170803,CM
,235560,Contig_368235.fasta,0.015491093084535218,4.651897423345813e-05,0.4578413298134213,CM
,235560,Contig_212696.fasta,0.016187889082894813,4.883876002288622e-05,0.4578413298134213,CM
,235560,Contig_428432.fasta,0.02751781333674239,0.0001506863406533854,0.4772196216923167,CM
,235560,Contig_545097.fasta,0.0012448201396734924,0.0,0.31939511199270754,CM
,235560,Contig_550773.fasta,0.004859551729471225,3.513683368210122e-06,0.4083017792925973,CM
,235560,Contig_134557.fasta,0.018546821529900705,6.142321546369039e-05,0.4616811436303074,CM
,235560,Contig_370062.fasta,0.01309170063979513,3.09811413745584e-05,0.45143641010064306,CM
,235560,Contig_420336.fasta,0.00607421919998855,5.228624820154235e-06,0.41890227311487604,CM
,235560,Contig_60298.fasta,0.01891132267997235,6.863800339534877e-05,0.46535438992473055,CM
,235560,Contig_424515.fasta,0.001033684992091996,0.0,0.2994648570043626,CM
,235560,Contig_498859.fasta,0.010577820905451273,2.2114571872026637e-05,0.4452082198566285,CM
,235560,Contig_987746.fasta,0.0047056540033959746,4.07905179107821e-06,0.40547126435815994,CM
,235560,Contig_553390.fasta,0.02090265449591965,8.128186083845206e-05,0.4674463926766399,CM
,235560,Contig_54838.fasta,0.024064753727698396,0.00011890157270815564,0.47407683796283334,CM
,235560,Contig_808772.fasta,0.026809277486787433,0.0001454293003189285,0.47673340710067913,CM
,235560,concatenated_maxbin2.1689.fasta,0.1232643857017136,0.029597110000031672,0.43709840174620884,CM
,235560,concatenated_maxbin2.0347.fasta,0.1546808554403832,0.055703931398560315,0.4964603067048452,CM
,235560,concatenated_maxbin2.0432.fasta,0.15404470514166974,0.05234751500613186,0.4917644131049044,CM
,235560,concatenated_maxbin2.0512.fasta,0.13772140359020954,0.03682610781573685,0.46054511719420915,CM
,235560,concatenated_maxbin2.0082.fasta,0.1350895977153188,0.034100680913252135,0.4551691041530317,CM
,235560,concatenated_metabat2.783.fasta,0.10277571537855354,0.014849861931243049,0.4081237148445849,CM
,235560,concatenated_bin.308.fasta,0.14404137111280252,0.040979046454674393,0.4712123253467438,CM
,235560,concatenated_maxbin2.0325.fasta,0.11462427458939685,0.02271792891811805,0.42518295235739806,CM
,235560,concatenated_metabat2.665.fasta,0.1417802180235926,0.04497524530109475,0.4714497119086313,CM
,235560,concatenated_maxbin2.0610.fasta,0.14237915022184694,0.038513243895382895,0.46838222129060714,CM
,235560,concatenated_maxbin2.0126.fasta,0.1470062071512702,0.0438813144432117,0.4781950322629704,CM
,235560,concatenated_maxbin2.0342.fasta,0.12045464175980623,0.02307231423548673,0.4312569945339323,CM
,235560,concatenated_bin.737.fasta,0.1509970624147933,0.04966264966033007,0.4869030583447623,CM
,235560,concatenated_bin.182.fasta,0.11320859778187078,0.019910219251512314,0.42135419997236967,CM
,235560,concatenated_maxbin2.0908.fasta,0.1550955630376108,0.05272147198461519,0.4954090408356978,CM
,235560,concatenated_maxbin2.1011.fasta,0.14912345402144514,0.046992538929006275,0.48040435222722433,CM
,235560,concatenated_metabat2.358.fasta,0.13079657691928687,0.0317245947765999,0.44797878321619583,CM
,235560,concatenated_maxbin2.0541.fasta,0.14962331368271115,0.04097095234043549,0.4781950322629704,CM
,235560,concatenated_bin.204.fasta,0.12383048078842947,0.02556347725343079,0.43669047043333326,CM
,235560,concatenated_metabat2.164.fasta,0.12778850364297348,0.029657218245972745,0.44584453460630447,CM
,235560,concatenated_maxbin2.0329.fasta,0.13141010585621066,0.03825365673222219,0.453185316289895,CM
,235560,concatenated_bin.240.fasta,0.13417028696044825,0.032790077947676494,0.45450591458894274,CM
,235560,concatenated_metabat2.793.fasta,0.15138981756342312,0.04526559474094697,0.4843828561794167,CM
,235560,concatenated_maxbin2.0177.fasta,0.1402767051610989,0.03384975460862878,0.4630517952195117,CM
,235560,concatenated_metabat2.147.fasta,0.14635407266234168,0.04519660167255316,0.4779508059952161,CM
,235560,concatenated_maxbin2.0272.fasta,0.16330758766228282,0.05120134958241545,0.5074987408560917,CM
