Method,Number of Swaps,Node,Eigenvector Centrality,Betweenness Centrality,Closeness Centrality,Methods
,235560,Contig_60400.fasta,0.022244598103651602,0.00010232600036930925,0.4731181385938489,CM
,235560,Contig_303000.fasta,0.013925784388529405,3.6249605684691764e-05,0.45384465477140307,CM
,235560,Contig_58480.fasta,0.0034534569035039923,1.7002296103181495e-06,0.38057245959277475,CM
,235560,Contig_547953.fasta,0.019982985172526536,7.752540617804847e-05,0.46581765960111154,CM
,235560,Contig_501261.fasta,0.014545588556759845,3.738603413266631e-05,0.45561230678609205,CM
,235560,Contig_59812.fasta,0.020360517872966045,7.885898479879793e-05,0.466746971640216,CM
,235560,Contig_137842.fasta,0.026537760795184846,0.00013577993283469197,0.4743171201919073,CM
,235560,Contig_305555.fasta,0.02046373780743781,8.310853549113533e-05,0.46908655545796146,CM
,235560,Contig_1064437.fasta,0.019447489004912232,6.995316448452425e-05,0.4637401774720679,CM
,235560,Contig_302768.fasta,0.004776023616369465,3.8682703997047845e-06,0.4081237148445849,CM
,235560,Contig_308773.fasta,0.01093728031757368,2.137483107978735e-05,0.44648267086766846,CM
,235560,Contig_548846.fasta,0.0011960322259348833,0.0,0.3153058214752807,CM
,235560,Contig_367992.fasta,0.004316870957934462,2.618815985294845e-06,0.3887942160941558,CM
,235560,Contig_2515.fasta,0.019543381515255642,8.141570971453305e-05,0.46838222129060714,CM
,235560,Contig_139114.fasta,0.024166282356090498,0.00011223155712041851,0.4712123253467438,CM
,235560,Contig_1118110.fasta,0.020706864906914264,8.45697705609817e-05,0.46721301954000655,CM
,235560,Contig_499911.fasta,0.023218594641919776,0.00010373894280285842,0.4712123253467438,CM
,235560,Contig_552124.fasta,0.0,0.0,0.0,CM
,235560,Contig_133566.fasta,0.015272467049649375,4.516333985515555e-05,0.45296596231298797,CM
,235560,Contig_131655.fasta,0.004822704352920118,3.122554683053799e-06,0.40424521733850244,CM
,235560,Contig_550217.fasta,0.007430413344116428,7.811431468048846e-06,0.42790474537660406,CM
,235560,Contig_1065858.fasta,0.01991941492567402,7.713251260472999e-05,0.4665142961807742,CM
,235560,Contig_502682.fasta,0.00449144540515853,3.564846723740463e-06,0.40026846798059584,CM
,235560,Contig_59781.fasta,0.009651886542560119,1.701431259561787e-05,0.44038949559465085,CM
,235560,Contig_544167.fasta,0.019916586454783128,7.697955222642616e-05,0.4660496405072874,CM
,235560,Contig_500923.fasta,0.004755903929474096,3.4963065849780254e-06,0.40512020698642126,CM
,235560,Contig_53423.fasta,0.008423431127929162,1.2559085198524816e-05,0.4348641627038258,CM
,235560,Contig_54970.fasta,0.009436954593632085,1.594531766882727e-05,0.43547123226553425,CM
,235560,Contig_371293.fasta,0.025179847968937824,0.00013034871862790772,0.4743171201919073,CM
,235560,Contig_368039.fasta,0.011529965921864446,2.4588009731218522e-05,0.4469091108589461,CM
,235560,Contig_139681.fasta,0.008274613723804895,1.2098545932044402e-05,0.4342587833589945,CM
,235560,Contig_139250.fasta,0.006743800799297142,6.8581972146879476e-06,0.4177802134547469,CM
,235560,Contig_55970.fasta,0.020791594137231664,8.531171198229595e-05,0.4688515421536238,CM
,235560,Contig_370642.fasta,0.006723839465885908,8.291784615216905e-06,0.4198419372537609,CM
,235560,Contig_424505.fasta,0.015167374912029392,4.0321924124801485e-05,0.4547267629439422,CM
,235560,Contig_1064106.fasta,0.008062253306513568,1.0055470648558701e-05,0.4292787514397399,CM
,235560,Contig_53687.fasta,0.002276647237593667,5.678398888919876e-07,0.35461450478917506,CM
,235560,Contig_988292.fasta,0.010601626905094525,2.119476889146496e-05,0.4435202266059872,CM
,235560,Contig_2.fasta,0.004412864963213368,3.7017231623520426e-06,0.394531061609879,CM
,235560,Contig_55746.fasta,0.0037755214633471016,1.7754355752852432e-06,0.3940327065846876,CM
,235560,Contig_370874.fasta,0.016534282762656397,5.408055792497107e-05,0.46077187500671246,CM
,235560,Contig_62202.fasta,0.020577676300067235,8.586409122235805e-05,0.46838222129060714,CM
,235560,Contig_131826.fasta,0.019877954256365613,7.961131976674517e-05,0.4681479130258295,CM
,235560,Contig_60972.fasta,0.01842102121295997,6.659828756759623e-05,0.4630517952195117,CM
,235560,Contig_502426.fasta,0.010589157558711284,1.901331644729786e-05,0.4410121009135877,CM
,235560,Contig_302574.fasta,0.00969004019531266,1.7796236582044923e-05,0.44310022639139823,CM
,235560,Contig_369922.fasta,0.027646147802846778,0.00015425687607063075,0.4772196216923167,CM
,235560,Contig_56774.fasta,0.002480111660617632,7.444228454051346e-07,0.3651298002881908,CM
,235560,Contig_53586.fasta,0.01873741153644214,6.501121229747385e-05,0.4621371250067324,CM
,235560,Contig_305448.fasta,0.020199282123641523,7.897533470893132e-05,0.4669798793106951,CM
,235560,Contig_423780.fasta,0.02091788761937953,8.595752448938173e-05,0.4674463926766399,CM
,235560,Contig_368225.fasta,0.02246430743806513,9.817080308561799e-05,0.47073826868140495,CM
,235560,Contig_498426.fasta,0.024497079469161236,0.00012096268474734883,0.47383679905753573,CM
,235560,Contig_543905.fasta,0.005658250681584694,5.304130235607686e-06,0.4118959850962293,CM
,235560,Contig_799449.fasta,0.01572991549253558,4.825701737040569e-05,0.46077187500671246,CM
,235560,Contig_307703.fasta,0.021350686703069093,9.077951593911358e-05,0.46838222129060714,CM
,235560,Contig_135212.fasta,0.02460640316044081,0.00012140170979046504,0.4743171201919073,CM
,235560,Contig_542656.fasta,0.018639042791648762,7.035721506034634e-05,0.46512310046651745,CM
,235560,Contig_368570.fasta,0.007380803583910921,8.395806705369568e-06,0.42576327485834076,CM
,235560,Contig_58171.fasta,0.019653138634952404,7.44478014622816e-05,0.4662818525852681,CM
,235560,Contig_989217.fasta,0.020548834088806065,8.407382119828387e-05,0.46767999906978164,CM
,235560,Contig_24573992.fasta,0.0011572097641764528,0.0,0.3116309284510933,CM
,235560,Contig_422441.fasta,0.0008503988994961071,0.0,0.2857489093553078,CM
,235560,Contig_58619.fasta,0.010899349777205984,2.047229940741437e-05,0.44331012701972194,CM
,235560,Contig_55786.fasta,0.022315722052245558,0.00010080455594222538,0.4721633088489572,CM
,235560,Contig_84.fasta,0.008987340767435275,1.4547859692404706e-05,0.43285276509650006,CM
,235560,Contig_302648.fasta,0.005664787046062392,5.296221656885575e-06,0.41481723321747915,CM
,235560,Contig_56021.fasta,0.0046100725865804845,3.573561607562714e-06,0.40164278031700995,CM
,235560,Contig_500040.fasta,0.024364012454869664,0.0001218952753145481,0.4745576461149255,CM
,235560,Contig_1066208.fasta,0.016354856588392155,5.337258053229947e-05,0.46122606118217496,CM
,235560,Contig_56448.fasta,0.005521570015940795,4.723189565399243e-06,0.40512020698642126,CM
,235560,Contig_211575.fasta,0.002245014708893123,5.742745912122387e-07,0.3512866659679553,CM
,235560,Contig_58270.fasta,0.02758829410070897,0.00015425653623904942,0.47770682906515216,CM
,235560,Contig_501846.fasta,0.023352393872919947,0.00010507854020619178,0.47097517772452596,CM
,235560,Contig_542512.fasta,0.01233532538047988,2.9103138453294066e-05,0.4520906657674556,CM
,235560,Contig_134156.fasta,0.01762701944718465,5.8807129470730464e-05,0.46122606118217496,CM
,235560,Contig_24575311.fasta,0.004657798396234564,3.396495937654389e-06,0.40302656250587127,CM
,235560,Contig_56365.fasta,0.02443140347992309,0.00012078819677218967,0.4735970031065957,CM
,235560,Contig_24577067.fasta,0.01559273692232405,4.536478747775223e-05,0.4573937820814434,CM
,235560,Contig_302549.fasta,0.020991192244101578,8.652707405483343e-05,0.46721301954000655,CM
,235560,Contig_61598.fasta,0.0173544872851645,5.5831677399679835e-05,0.46054511719420915,CM
,235560,Contig_57982.fasta,0.01990573284116256,8.051833626129584e-05,0.46767999906978164,CM
,235560,Contig_367952.fasta,0.017780055727565924,6.005867883615948e-05,0.46259400797757444,CM
,235560,Contig_548080.fasta,0.010649033896285449,2.2340070085620087e-05,0.44478501812672677,CM
,235560,Contig_55623.fasta,0.01721496739524065,5.7761399484303843e-05,0.4616811436303074,CM
,235560,Contig_56982.fasta,0.024592250121058062,0.00012120212470942372,0.4735970031065957,CM
,235560,Contig_1066315.fasta,0.010404356130193524,2.073809798822602e-05,0.44122002741095384,CM
,235560,Contig_369802.fasta,0.023421146229944262,0.000113395076464746,0.47383679905753573,CM
,235560,Contig_132276.fasta,0.020021803920210156,7.83188428186102e-05,0.46767999906978164,CM
,235560,Contig_985545.fasta,0.021103343083701844,8.998001036163554e-05,0.4700289694317595,CM
,235560,Contig_56278.fasta,0.0,0.0,0.0,CM
,235560,Contig_61852.fasta,0.01992922637631296,7.549466236782737e-05,0.4662818525852681,CM
,235560,Contig_985500.fasta,0.01857657614139581,6.50531265017509e-05,0.4621371250067324,CM
,235560,Contig_499607.fasta,0.015322033565786097,4.589629044915742e-05,0.4571703361693371,CM
,235560,Contig_2240.fasta,0.022187285408679855,9.768439787776856e-05,0.4700289694317595,CM
,235560,Contig_370216.fasta,0.010676899591985691,2.120210818053272e-05,0.4435202266059872,CM
,235560,Contig_309063.fasta,0.02300584141202805,0.00010197572384448581,0.47097517772452596,CM
,235560,Contig_57285.fasta,0.011727109127781245,2.7637689968695066e-05,0.4518723699365684,CM
,235560,Contig_3691.fasta,0.008587317132131594,1.225119995542136e-05,0.4375070959039893,CM
,235560,Contig_59029.fasta,0.022826762312153567,0.00010352367300243537,0.470501597857533,CM
,235560,Contig_3240.fasta,0.012986942043470435,2.9430934848293308e-05,0.45143641010064306,CM
,235560,Contig_56285.fasta,0.022061619289625852,9.532350779582241e-05,0.46955728958285653,CM
,235560,Contig_371253.fasta,0.027569333258849235,0.00015423417459537936,0.4772196216923167,CM
,235560,Contig_1263041.fasta,0.006580830234080309,8.408238995432677e-06,0.4196536673267413,CM
,235560,Contig_138129.fasta,0.021856668000237417,9.230215167121665e-05,0.46908655545796146,CM
,235560,Contig_302755.fasta,0.010200829179610979,2.1475562147334684e-05,0.44163646915461685,CM
,235560,Contig_544576.fasta,0.011860171394202484,2.5792805549076042e-05,0.4481933324418741,CM
,235560,Contig_278.fasta,0.0012263424505717696,0.0,0.31841703917612557,CM
,235560,Contig_131695.fasta,0.021569185885606468,9.214564870663127e-05,0.46932180448276484,CM
,235560,Contig_548245.fasta,0.0024304703150645588,5.647256122932172e-07,0.3648450986895256,CM
,235560,Contig_1065632.fasta,0.006283848215445877,5.475116027263375e-06,0.4183404908979138,CM
,235560,Contig_55072.fasta,0.02078106757816327,8.576785168013623e-05,0.4674463926766399,CM
,235560,Contig_204149.fasta,0.00897715958568306,1.5125800244761913e-05,0.4344603891080005,CM
,235560,Contig_369610.fasta,0.005096132195864828,3.0789024769162325e-06,0.40973190811673954,CM
,235560,Contig_498487.fasta,0.015862468469981683,4.759640260208824e-05,0.4603185824587472,CM
,235560,Contig_201047.fasta,0.007994074771886366,1.184404915694277e-05,0.43225296911715155,CM
,235560,Contig_136690.fasta,0.011894446727959211,2.4495280963523753e-05,0.44733636622305595,CM
,235560,Contig_550313.fasta,0.02051517733938849,8.00166057423393e-05,0.46721301954000655,CM
,235560,Contig_60291.fasta,0.011055169539982172,2.30876499281878e-05,0.44584453460630447,CM
,235560,Contig_370828.fasta,0.017359414812934616,6.182705239397584e-05,0.4630517952195117,CM
,235560,Contig_139853.fasta,0.0023937458337810868,6.04943759937013e-07,0.3610446289115097,CM
,235560,Contig_57005.fasta,0.0045907946328821074,3.875307839161295e-06,0.39992635817890304,CM
,235560,Contig_1062860.fasta,0.007061429497373427,7.767880729772082e-06,0.42268639482323084,CM
,235560,Contig_543959.fasta,0.0,0.0,0.0,CM
,235560,Contig_53626.fasta,0.01771750669116738,5.976980517815565e-05,0.4621371250067324,CM
,235560,Contig_54373.fasta,0.022312751147918645,0.00010136647328080407,0.4721633088489572,CM
,235560,Contig_549101.fasta,0.0,0.0,0.0,CM
,235560,Contig_371402.fasta,0.023139579659072474,0.00010667270003046015,0.4726402414841581,CM
,235560,Contig_421838.fasta,0.0037285475798201646,1.9559881241762914e-06,0.394531061609879,CM
,235560,Contig_1128005.fasta,0.0,0.0,0.0,CM
,235560,Contig_368554.fasta,0.01996239784607037,7.559102795750465e-05,0.4660496405072874,CM
,235560,Contig_58584.fasta,0.01844679123453248,6.876643826742169e-05,0.46489204080408997,CM
,235560,Contig_368185.fasta,0.015803353292815167,4.48713374611269e-05,0.45384465477140307,CM
,235560,Contig_707918.fasta,0.01629440709965979,5.076230123719574e-05,0.4589640402837828,CM
,235560,Contig_992623.fasta,0.021247784154267677,8.806059431516252e-05,0.4688515421536238,CM
,235560,Contig_1062938.fasta,0.015963451634192674,5.0483102249561334e-05,0.4578413298134213,CM
,235560,Contig_133910.fasta,0.006808729491390253,7.940718054792706e-06,0.4211645716195468,CM
,235560,Contig_136735.fasta,0.017277468972252873,5.8823673111766746e-05,0.46282278839695007,CM
,235560,Contig_133582.fasta,0.02866410382080584,0.00016525803485412926,0.4779508059952161,CM
,235560,Contig_303771.fasta,0.025705781870127765,0.0001339350010492161,0.47600594005016944,CM
,235560,Contig_542493.fasta,0.017660644771541466,6.094647008898646e-05,0.4621371250067324,CM
,235560,Contig_370277.fasta,0.019956898079252612,7.782170872467393e-05,0.46721301954000655,CM
,235560,Contig_422210.fasta,0.017439498545181887,6.000681387127922e-05,0.46351048941982814,CM
,235560,Contig_53810.fasta,0.012788988685326137,2.9283817395197823e-05,0.4505670092145561,CM
,235560,Contig_54994.fasta,0.028714133054349705,0.0001667140561496394,0.4781950322629704,CM
,235560,Contig_54506.fasta,0.016707491037399415,5.1012204123973846e-05,0.4578413298134213,CM
,235560,Contig_24570062.fasta,0.003690921521576123,2.163876227256259e-06,0.3946974602018697,CM
,235560,Contig_502567.fasta,0.019671406308307608,7.94611808980436e-05,0.46791383906931655,CM
,235560,Contig_985561.fasta,0.01696283909760897,5.3135004741922965e-05,0.4589640402837828,CM
,235560,Contig_54969.fasta,0.0012584714281547366,0.0,0.3222547101028351,CM
,235560,Contig_135393.fasta,0.026488449950323806,0.00014184565759972,0.47576394414775447,CM
,235560,Contig_132217.fasta,0.01663772809671125,5.4396156787977125e-05,0.46282278839695007,CM
,235560,Contig_61833.fasta,0.020771983459297,8.60563500168776e-05,0.4681479130258295,CM
,235560,Contig_499666.fasta,0.0,0.0,0.0,CM
,235560,Contig_62792.fasta,0.00908787349674788,1.5748733994284435e-05,0.4362832998315306,CM
,235560,Contig_1065841.fasta,0.0274580842795286,0.0001536470500818681,0.4774631010911394,CM
,235560,Contig_134869.fasta,0.008415438874413466,9.931356100836683e-06,0.42829642020074743,CM
,235560,Contig_555468.fasta,0.008282577489814308,1.3623008585092567e-05,0.4362832998315306,CM
,235560,Contig_367976.fasta,0.0,0.0,0.0,CM
,235560,Contig_55642.fasta,0.003501959958009233,1.3603058356536054e-06,0.38385056527425476,CM
,235560,Contig_58349.fasta,0.01054358600980825,2.060437869889136e-05,0.4422626078159892,CM
,235560,Contig_136319.fasta,0.017467948871956816,5.393263945302965e-05,0.45873905791109465,CM
,235560,Contig_131609.fasta,0.019216504362203186,7.33322540323746e-05,0.46558590952170803,CM
,235560,Contig_420267.fasta,0.019437098736191715,7.843163909002897e-05,0.46721301954000655,CM
,235560,Contig_368748.fasta,0.021066543699818266,8.589603737677474e-05,0.46908655545796146,CM
,235560,Contig_1065496.fasta,0.024238818206577733,0.0001116206333371699,0.4712123253467438,CM
,235560,Contig_2120.fasta,0.008264493103671338,1.1650157664400057e-05,0.4324527163302371,CM
,235560,Contig_368399.fasta,0.01659261294315383,5.314074356189671e-05,0.4591892434438828,CM
,235560,Contig_367933.fasta,0.0085355777804273,1.1181853020004347e-05,0.4338561326558336,CM
,235560,Contig_24566365.fasta,0.0011122530277979123,0.0,0.30713084284169123,CM
,235560,Contig_985209.fasta,0.012068332650867538,2.8012757536796044e-05,0.4497009505711836,CM
,235560,Contig_371176.fasta,0.023236273676375815,0.00010762564515650848,0.47168733777148847,CM
,235560,Contig_138521.fasta,0.0038480675563908025,1.577027139931944e-06,0.3938668679034651,CM
,235560,Contig_54607.fasta,0.023979333871722366,0.00011451421397295441,0.471925203297344,CM
,235560,Contig_1063557.fasta,0.011542336505570513,2.4383295214060652e-05,0.4441517219452459,CM
,235560,Contig_137319.fasta,0.017789902339097906,6.0710580792951425e-05,0.4619090217860973,CM
,235560,Contig_53407.fasta,0.009276656042474267,1.5619982865780192e-05,0.4389435638548935,CM
,235560,Contig_1062202.fasta,0.018127471020270694,6.444616098177907e-05,0.4665142961807742,CM
,235560,Contig_422644.fasta,0.022452211128488754,9.862101245668948e-05,0.4700289694317595,CM
,235560,Contig_991144.fasta,0.024913148652013883,0.0001252834726794305,0.4731181385938489,CM
,235560,Contig_500942.fasta,0.01743938066609269,6.159487372962924e-05,0.4632810287815015,CM
,235560,Contig_553943.fasta,0.006882280519792631,7.857811568222228e-06,0.4246042096817754,CM
,235560,Contig_137361.fasta,0.0238900301649367,0.00010793271201034628,0.4721633088489572,CM
,235560,Contig_551233.fasta,0.0012965299821902701,0.0,0.32595878723045385,CM
,235560,Contig_54682.fasta,0.0,0.0,0.0,CM
,235560,Contig_53743.fasta,0.01295859557546651,3.325632994235559e-05,0.4518723699365684,CM
,235560,Contig_138130.fasta,0.00781309237653725,1.163943392179596e-05,0.4267340073591578,CM
,235560,Contig_59389.fasta,0.003649794608602189,1.7011196092425811e-06,0.3881491821396238,CM
,235560,Contig_1194793.fasta,0.015145345597246417,4.2636956940436603e-05,0.4558342319233478,CM
,235560,Contig_62383.fasta,0.026463815090533395,0.00014400061378587575,0.4772196216923167,CM
,235560,Contig_58030.fasta,0.016984338937828386,5.74616051717354e-05,0.4623654536258069,CM
,235560,Contig_930757.fasta,0.011800502966744104,2.587190467149157e-05,0.4481933324418741,CM
,235560,Contig_368431.fasta,0.025179390513408263,0.000122964699847274,0.4724016547898198,CM
,235560,Contig_990245.fasta,0.026685603018043277,0.00014128513775900017,0.47576394414775447,CM
,235560,Contig_985135.fasta,0.017543412840270514,5.527048910342265e-05,0.46054511719420915,CM
,235560,Contig_368201.fasta,0.0010282518651920176,0.0,0.2994648570043626,CM
,235560,Contig_136281.fasta,0.021632103473531464,9.11912764659133e-05,0.46932180448276484,CM
,235560,Contig_547390.fasta,0.018029013832894496,6.710899959989241e-05,0.46558590952170803,CM
,235560,Contig_369244.fasta,0.013483745651625394,3.3717807299110864e-05,0.45406486081447506,CM
,235560,Contig_4654.fasta,0.020033367833290686,7.833004013914539e-05,0.466746971640216,CM
,235560,Contig_57750.fasta,0.009890581973803932,1.7595286593631165e-05,0.4428905244385391,CM
,235560,Contig_370786.fasta,0.0035792418217904256,1.3826322278274962e-06,0.38559030825654433,CM
,235560,Contig_552788.fasta,0.0036490827567224613,2.2834378621053056e-06,0.39270989430912,CM
,235560,Contig_372448.fasta,0.023036277009620198,0.00010334654211398913,0.4712123253467438,CM
,235560,Contig_499703.fasta,0.009332163954120924,1.5605178521776206e-05,0.4375070959039893,CM
,235560,Contig_62226.fasta,0.025030119698491265,0.00012974771957229597,0.4750394305272249,CM
,235560,Contig_368906.fasta,0.009245158028043503,1.8514781952207855e-05,0.43832678132957054,CM
,235560,Contig_543263.fasta,0.020895826975161503,8.849507928118551e-05,0.46979301111377164,CM
,235560,Contig_551403.fasta,0.0,0.0,0.0,CM
,235560,Contig_423759.fasta,0.002448370571025459,6.050144048669809e-07,0.36456084072404876,CM
,235560,Contig_310330.fasta,0.02002656468249607,7.83270520666561e-05,0.46838222129060714,CM
,235560,Contig_61150.fasta,0.022600141519671383,0.00010097366365679538,0.47168733777148847,CM
,235560,Contig_500731.fasta,0.02171177445450117,9.602580490550579e-05,0.47097517772452596,CM
,235560,Contig_710339.fasta,0.024573476551410723,0.00012051267830667045,0.47383679905753573,CM
,235560,Contig_137986.fasta,0.0032577306591200137,1.5232569009097556e-06,0.37674222147287967,CM
,235560,Contig_56080.fasta,0.018584870162401842,6.969444553186104e-05,0.46558590952170803,CM
,235560,Contig_549184.fasta,0.017485699672519305,5.6521865401658656e-05,0.4609988562259276,CM
,235560,Contig_54762.fasta,0.002429143831037897,5.123379713584004e-07,0.36230262413419784,CM
,235560,Contig_25.fasta,0.020415238553981797,8.278677945405816e-05,0.4688515421536238,CM
,235560,Contig_1197505.fasta,0.0134819339354181,3.4964967688075896e-05,0.4497009505711836,CM
,235560,Contig_57080.fasta,0.009447653175747304,1.585881407341996e-05,0.4389435638548935,CM
,235560,Contig_370487.fasta,0.01730256175100609,5.47162287295944e-05,0.4589640402837828,CM
,235560,Contig_24576382.fasta,0.02510188395329169,0.00012484017825957854,0.4735970031065957,CM
,235560,Contig_1067254.fasta,0.0021424831440438425,4.820435398390851e-07,0.3475037794796261,CM
,235560,Contig_131537.fasta,0.012575013839305635,3.200031627271903e-05,0.4497009505711836,CM
,235560,Contig_370248.fasta,0.015260448010490714,4.7823013576984635e-05,0.4603185824587472,CM
,235560,Contig_555756.fasta,0.020859919369573546,9.07450965798147e-05,0.47026516489378545,CM
,235560,Contig_928928.fasta,0.022082336738545368,9.965832279059994e-05,0.4712123253467438,CM
,235560,Contig_307640.fasta,0.02208984464430687,9.507695280344229e-05,0.4700289694317595,CM
,235560,Contig_554387.fasta,0.0011128668166545585,0.0,0.30773682280126047,CM
,235560,Contig_621002.fasta,0.012819809173310538,3.206382781605043e-05,0.4510012906692208,CM
,235560,Contig_1271583.fasta,0.023702953588576613,0.00011249722169702448,0.4731181385938489,CM
,235560,Contig_54680.fasta,0.015494449590369863,4.640280270898108e-05,0.4594146677165602,CM
,235560,Contig_53390.fasta,0.023413184396889282,0.0001096667300397255,0.471925203297344,CM
,235560,Contig_56162.fasta,0.020771148343065007,8.393047814111644e-05,0.46838222129060714,CM
,235560,Contig_2576.fasta,0.007669930536431927,8.74071387395323e-06,0.4290819248686993,CM
,235560,Contig_795410.fasta,0.013620605187759196,3.7247870893862266e-05,0.4547267629439422,CM
,235560,Contig_552102.fasta,0.0021523384007683744,3.348828203239286e-07,0.34481491456839836,CM
,235560,Contig_542414.fasta,0.00691898939595424,7.675044214776917e-06,0.4209751138725295,CM
,235560,Contig_58376.fasta,0.016792956794653553,5.542912788226152e-05,0.4619090217860973,CM
,235560,Contig_1062568.fasta,0.019529250481401323,7.371988756589107e-05,0.46466121059515053,CM
,235560,Contig_991597.fasta,0.007344639986502193,1.1081105398603805e-05,0.42479694876923885,CM
,235560,Contig_542451.fasta,0.018097632579391825,6.466517025795314e-05,0.46466121059515053,CM
,235560,Contig_369777.fasta,0.0023029114289791182,5.346485450102643e-07,0.3558280145013814,CM
,235560,Contig_543886.fasta,0.021864870494554878,9.210901796107427e-05,0.46908655545796146,CM
,235560,Contig_371149.fasta,0.02412099560416379,0.00011911159353323655,0.4731181385938489,CM
,235560,Contig_987903.fasta,0.02267078093914818,0.00010332423888133536,0.4726402414841581,CM
,235560,Contig_135856.fasta,0.01470149348823517,4.393336908650874e-05,0.4567240986523344,CM
,235560,Contig_985989.fasta,0.02426728284146455,0.00011116236069299543,0.47073826868140495,CM
,235560,Contig_1993.fasta,0.00411560411691904,2.68859461429599e-06,0.3870255079150674,CM
,235560,Contig_1061935.fasta,0.008314284676388874,1.3810467875807079e-05,0.4362832998315306,CM
,235560,Contig_24577161.fasta,0.02642312421450192,0.00013516583085056518,0.4743171201919073,CM
,235560,Contig_308454.fasta,0.025402952004368436,0.00012635314838046636,0.473357449741342,CM
,235560,Contig_1066423.fasta,0.021816400670777746,9.425723959726065e-05,0.46955728958285653,CM
,235560,Contig_498288.fasta,0.019458252035717924,7.2789087492758e-05,0.46489204080408997,CM
,235560,Contig_544629.fasta,0.0022999213311987797,7.954456648960428e-07,0.35924287068661537,CM
,235560,Contig_131958.fasta,0.0,0.0,0.0,CM
,235560,Contig_60849.fasta,0.025178878850436844,0.000120893885454001,0.4721633088489572,CM
,235560,Contig_57263.fasta,0.016303739599415768,5.257603664020417e-05,0.46009227047130435,CM
,235560,Contig_54725.fasta,0.022095360849052007,9.95243527612329e-05,0.47026516489378545,CM
,235560,Contig_62.fasta,0.0011128668166545585,0.0,0.30773682280126047,CM
,235560,Contig_27.fasta,0.008335970319970012,1.2975733919117488e-05,0.4324527163302371,CM
,235560,Contig_57082.fasta,0.014795924561344381,4.1287781744875145e-05,0.4551691041530317,CM
,235560,Contig_499069.fasta,0.017223719031021156,5.504870934957581e-05,0.45986618090350523,CM
,235560,Contig_24566202.fasta,0.010763226087605994,2.2792775420825482e-05,0.44733636622305595,CM
,235560,Contig_58991.fasta,0.013965622375973048,3.976259001906794e-05,0.45561230678609205,CM
,235560,Contig_55008.fasta,0.018970173527735307,6.820702128327154e-05,0.46558590952170803,CM
,235560,Contig_420468.fasta,0.01997609659264377,8.04078600202404e-05,0.46767999906978164,CM
,235560,Contig_550444.fasta,0.024606960036554788,0.00012174272666162578,0.4735970031065957,CM
,235560,Contig_554267.fasta,0.019562784902752928,7.917849928761414e-05,0.4674463926766399,CM
,235560,Contig_498701.fasta,0.010829319931717794,2.105487068793633e-05,0.44542012286465166,CM
,235560,Contig_985894.fasta,0.01523101047509257,4.350184007560022e-05,0.4585142960012901,CM
,235560,Contig_54008.fasta,0.020626149658719384,8.139175142983297e-05,0.46581765960111154,CM
,235560,Contig_544318.fasta,0.0012584714281547366,0.0,0.3222547101028351,CM
,235560,Contig_705467.fasta,0.0,0.0,0.0,CM
,235560,Contig_54461.fasta,0.014302834683314518,3.8719929540785645e-05,0.4567240986523344,CM
,235560,Contig_370355.fasta,0.020854079179547562,9.012413530851445e-05,0.47026516489378545,CM
,235560,Contig_993069.fasta,0.02306167108376225,0.00010954994711845958,0.47287906929693435,CM
,235560,Contig_994211.fasta,0.029922575248960574,0.0001804834031012128,0.4794199170792178,CM
,235560,Contig_60682.fasta,0.010348894156861362,1.8367751171508146e-05,0.4410121009135877,CM
,235560,Contig_131793.fasta,0.012797389275753943,3.097010329849271e-05,0.44905358835826925,CM
,235560,Contig_136283.fasta,0.02294422275435119,0.00010117350042868783,0.4688515421536238,CM
,235560,Contig_1062059.fasta,0.01875919421062415,6.964807571026885e-05,0.46721301954000655,CM
,235560,Contig_499445.fasta,0.005739846312340134,5.310882592712108e-06,0.4135341043476063,CM
,235560,Contig_1062488.fasta,0.014860287795760381,4.2086103991042045e-05,0.45494782602753187,CM
,235560,Contig_307035.fasta,0.01633782730724282,5.1322664482297935e-05,0.46077187500671246,CM
,235560,Contig_137283.fasta,0.002301285793396045,6.127711252414086e-07,0.35869209587529055,CM
,235560,Contig_137617.fasta,0.024125257635414888,0.00011688876664432002,0.4726402414841581,CM
,235560,Contig_794674.fasta,0.0,0.0,0.0,CM
,235560,Contig_135234.fasta,0.020591179019852118,8.328319597364814e-05,0.4674463926766399,CM
,235560,Contig_369513.fasta,0.005743751060088919,6.114784396129932e-06,0.41153371949807965,CM
,235560,Contig_498784.fasta,0.0165525472625559,5.909875617695853e-05,0.46351048941982814,CM
,235560,Contig_542670.fasta,0.0011960322259348833,0.0,0.3153058214752807,CM
,235560,Contig_62635.fasta,0.022955289332653516,0.00010087346367285515,0.4700289694317595,CM
,235560,Contig_136944.fasta,0.015236319615429372,4.176952969857052e-05,0.4567240986523344,CM
,235560,Contig_501322.fasta,0.0012716694660067618,0.0,0.3243770114865279,CM
,235560,Contig_55419.fasta,0.01823524566966429,6.392637217927657e-05,0.4623654536258069,CM
,235560,Contig_55334.fasta,0.016517869681689508,5.6496684267540134e-05,0.46351048941982814,CM
,235560,Contig_139851.fasta,0.02341450136646255,0.00010622034648190485,0.471925203297344,CM
,235560,Contig_5146.fasta,0.007338328900710531,9.107676190416165e-06,0.4290819248686993,CM
,235560,Contig_139057.fasta,0.025584024481001638,0.0001364411192989274,0.47600594005016944,CM
,235560,Contig_133009.fasta,0.0012716694660067618,0.0,0.3243770114865279,CM
,235560,Contig_371892.fasta,0.010915213400464474,2.3364763976569664e-05,0.44797878321619583,CM
,235560,Contig_53661.fasta,0.014356696628216967,3.7280045527875045e-05,0.45494782602753187,CM
,235560,Contig_135135.fasta,0.002470423492855339,5.303946044596124e-07,0.36699124632887575,CM
,235560,Contig_707468.fasta,0.0022006717613712286,6.731374164098868e-07,0.34931977534103514,CM
,235560,Contig_623155.fasta,0.022186489182868557,9.504782379249245e-05,0.4700289694317595,CM
,235560,Contig_426668.fasta,0.01896128157944619,6.930323996698275e-05,0.4665142961807742,CM
,235560,Contig_987025.fasta,0.011402137263943577,2.4095946409391864e-05,0.44331012701972194,CM
,235560,Contig_499011.fasta,0.01673632547493884,5.27181036712419e-05,0.46145349020642656,CM
,235560,Contig_501860.fasta,0.017985327465081125,5.874527509360182e-05,0.46122606118217496,CM
,235560,Contig_993478.fasta,0.02437288122876164,0.0001161958007011571,0.47287906929693435,CM
,235560,Contig_57792.fasta,0.021343703577311933,8.735036440561532e-05,0.46861676421564,CM
,235560,Contig_55876.fasta,0.014268067624339659,3.854803762734307e-05,0.45494782602753187,CM
,235560,Contig_420410.fasta,0.0023707244559526487,5.21102615605317e-07,0.3621624141403379,CM
,235560,Contig_548202.fasta,0.009742130471304657,1.7705738442410217e-05,0.4418449849568617,CM
,235560,Contig_54035.fasta,0.0150690823465252,3.96872709454077e-05,0.4542852806498219,CM
,235560,Contig_56306.fasta,0.006968150842865162,7.523542906544985e-06,0.4211645716195468,CM
,235560,Contig_138787.fasta,0.024411165361209134,0.00012325330636166667,0.47407683796283334,CM
,235560,Contig_367974.fasta,0.004476973506974895,3.435258252529368e-06,0.3946974602018697,CM
,235560,Contig_370972.fasta,0.011312550439570619,2.1572364792046257e-05,0.441428150065393,CM
,235560,Contig_550249.fasta,0.025402044018506133,0.00012517313018883176,0.473357449741342,CM
,235560,Contig_2122.fasta,0.004874305027833431,3.71820752021122e-06,0.4075904521509726,CM
,235560,Contig_1211.fasta,0.010425782087124446,1.9675921151733847e-05,0.4397686457418388,CM
,235560,Contig_990613.fasta,0.016594548845651255,5.249964891953933e-05,0.4603185824587472,CM
,235560,Contig_59466.fasta,0.024651941543659198,0.00012088450313482669,0.4735970031065957,CM
,235560,Contig_53438.fasta,0.02199174886564017,9.98890437077094e-05,0.4714497119086313,CM
,235560,Contig_61874.fasta,0.019750839975571872,8.21647316038926e-05,0.4688515421536238,CM
,235560,Contig_24570409.fasta,0.015531279420489912,4.6744314322847554e-05,0.4596403134276194,CM
,235560,Contig_134391.fasta,0.020662812163848854,8.290986410371764e-05,0.46721301954000655,CM
,235560,Contig_368022.fasta,0.013549699255223828,3.2749143659695245e-05,0.4520906657674556,CM
,235560,Contig_550148.fasta,0.009548582007583437,1.4840029882238257e-05,0.4377117297187245,CM
,235560,Contig_498565.fasta,0.005881202932333246,6.010385879156176e-06,0.4162934511292852,CM
,235560,Contig_132580.fasta,0.007279803106997085,1.0821693848991629e-05,0.4281004932015705,CM
,235560,Contig_987514.fasta,0.013097853879395884,3.1793763105932115e-05,0.4527468205798902,CM
,235560,Contig_132151.fasta,0.005971494208891394,4.725712907930491e-06,0.4129866187725653,CM
,235560,Contig_544515.fasta,0.0,0.0,0.0,CM
,235560,Contig_988369.fasta,0.015332958708183774,4.550754254104291e-05,0.4578413298134213,CM
,235560,Contig_993621.fasta,0.020924927746916556,8.305271848989019e-05,0.4669798793106951,CM
,235560,Contig_139909.fasta,0.013426567894915255,3.3330887563621795e-05,0.4542852806498219,CM
,235560,Contig_134896.fasta,0.022000574936993002,9.593572993048655e-05,0.4700289694317595,CM
,235560,Contig_1065651.fasta,0.02140988930169746,9.124626471084413e-05,0.46767999906978164,CM
,235560,Contig_55852.fasta,0.020790224609124594,9.028716813486714e-05,0.4700289694317595,CM
,235560,Contig_370760.fasta,0.016673631056614457,5.368041457246575e-05,0.45986618090350523,CM
,235560,Contig_704052.fasta,0.012065696729566856,2.765582183360799e-05,0.449484955878306,CM
,235560,Contig_1062304.fasta,0.00590032863358925,6.163394181813903e-06,0.4151853052966429,CM
,235560,Contig_368958.fasta,0.012893683097393752,3.118275956064298e-05,0.4499171529512659,CM
,235560,Contig_1065614.fasta,0.01955446325923805,7.48737090327743e-05,0.4660496405072874,CM
,235560,Contig_58988.fasta,0.01733568364588832,5.681494671508074e-05,0.46077187500671246,CM
,235560,Contig_53501.fasta,0.010459214710629251,1.9428841571807973e-05,0.4387377769051257,CM
,235560,Contig_53993.fasta,0.006891643412735429,6.699245174126795e-06,0.41815356485193617,CM
,235560,Contig_423707.fasta,0.010946314247529395,2.3139556441778166e-05,0.44648267086766846,CM
,235560,Contig_421471.fasta,0.012123089926086995,2.6645911644461073e-05,0.4488382149345962,CM
,235560,Contig_61908.fasta,0.01418267651134623,4.2075829731412497e-05,0.45873905791109465,CM
,235560,Contig_369636.fasta,0.01048099803747156,2.076383950767776e-05,0.44122002741095384,CM
,235560,Contig_132893.fasta,0.02179887427110199,9.347306703445766e-05,0.46861676421564,CM
,235560,Contig_54779.fasta,0.014150405295102307,4.0561947037868875e-05,0.4562787314181536,CM
,235560,Contig_132095.fasta,0.01817858913809908,6.421348040738678e-05,0.4623654536258069,CM
,235560,Contig_499035.fasta,0.017672034262556608,6.430691804060978e-05,0.46512310046651745,CM
,235560,Contig_542555.fasta,0.0022516444478429725,4.2840992164812223e-07,0.3535427571358644,CM
,235560,Contig_134585.fasta,0.003440317455740577,1.276592549233432e-06,0.37765443024157913,CM
,235560,Contig_501844.fasta,0.015405776178886802,4.138917860598984e-05,0.4547267629439422,CM
,235560,Contig_139875.fasta,0.024358053046152316,0.00011876980827805796,0.47383679905753573,CM
,235560,Contig_139036.fasta,0.0013572093350108696,0.0,0.3311492137787095,CM
,235560,Contig_703292.fasta,0.014269718537231503,3.82678788423108e-05,0.45406486081447506,CM
,235560,Contig_993718.fasta,0.023226606428108202,0.00011353104351489401,0.4735970031065957,CM
,235560,Contig_550719.fasta,0.015504453566023662,4.735665085974149e-05,0.4591892434438828,CM
,235560,Contig_53600.fasta,0.020751207854436158,8.230849982744044e-05,0.4662818525852681,CM
,235560,Contig_54784.fasta,0.012003700834942253,2.7512613902621328e-05,0.45013356331824583,CM
,235560,Contig_137925.fasta,0.009522988001840687,1.678710862149861e-05,0.44059683528184235,CM
,235560,Contig_498371.fasta,0.0,0.0,0.0,CM
,235560,Contig_369572.fasta,0.02280222522022003,9.532206323907131e-05,0.4700289694317595,CM
,235560,Contig_709936.fasta,0.018582832719854135,6.408421987918268e-05,0.4616811436303074,CM
,235560,Contig_370309.fasta,0.013309082691937452,3.420571603450545e-05,0.4507840453461624,CM
,235560,Contig_555617.fasta,0.0,0.0,0.0,CM
,235560,Contig_985297.fasta,0.018833725458703914,6.963034115722653e-05,0.46512310046651745,CM
,235560,Contig_369793.fasta,0.02035734683825293,8.027030426322662e-05,0.4681479130258295,CM
,235560,Contig_502640.fasta,0.018341370418973563,6.195750748638013e-05,0.4623654536258069,CM
,235560,Contig_58743.fasta,0.02522446673583609,0.00012711476616534937,0.4735970031065957,CM
,235560,Contig_134420.fasta,0.013951067693482736,3.709187985211942e-05,0.453185316289895,CM
,235560,Contig_131697.fasta,0.012869316824975588,3.1806218726163165e-05,0.4518723699365684,CM
,235560,Contig_986689.fasta,0.01945902525427007,7.468424788313525e-05,0.46512310046651745,CM
,235560,Contig_306288.fasta,0.024291115331410422,0.0001136747129825028,0.47168733777148847,CM
,235560,Contig_53836.fasta,0.00935623425492278,1.615747025689658e-05,0.43832678132957054,CM
,235560,Contig_544688.fasta,0.012652382943241407,3.276455554174558e-05,0.4527468205798902,CM
,235560,Contig_56656.fasta,0.021318647248877904,8.92384134701871e-05,0.4688515421536238,CM
,235560,Contig_54598.fasta,0.024248085237149324,0.00011607901682117032,0.4731181385938489,CM
,235560,Contig_546991.fasta,0.0024380926435362987,5.644921033216192e-07,0.3618823194658287,CM
,235560,Contig_134764.fasta,0.021979283659205182,9.759374887201396e-05,0.47097517772452596,CM
,235560,Contig_542365.fasta,0.002583551785582639,7.016724805938018e-07,0.3734348276690475,CM
,235560,Contig_139193.fasta,0.0,0.0,0.0,CM
,235560,Contig_207429.fasta,0.011256500158462768,2.184131426952828e-05,0.442681020879202,CM
,235560,Contig_139542.fasta,0.007176464023106941,8.456535417701623e-06,0.42518295235739806,CM
,235560,Contig_1122224.fasta,0.0,0.0,0.0,CM
,235560,Contig_656.fasta,0.0011635606294592362,0.0,0.3104935892961623,CM
,235560,Contig_53374.fasta,0.022434246221433005,9.789898211386779e-05,0.47073826868140495,CM
,235560,Contig_56557.fasta,0.021977277561507982,0.00010033519477999291,0.4714497119086313,CM
,235560,Contig_308360.fasta,0.025559150275545898,0.00012746141982272855,0.4743171201919073,CM
,235560,Contig_1064061.fasta,0.008133476729518564,1.1347276097716552e-05,0.4312569945339323,CM
,235560,Contig_53464.fasta,0.023614748053212207,0.00010788116141457995,0.47168733777148847,CM
,235560,Contig_56696.fasta,0.019801315392092258,8.096533462397913e-05,0.4681479130258295,CM
,235560,Contig_1061954.fasta,0.019771454322704093,7.528630493456533e-05,0.4660496405072874,CM
,235560,Contig_2616.fasta,0.0,0.0,0.0,CM
,235560,Contig_499913.fasta,0.024247171481702117,0.00011645628339795263,0.4726402414841581,CM
,235560,Contig_60703.fasta,0.01818832669438431,6.491635835617537e-05,0.4630517952195117,CM
,235560,Contig_542430.fasta,0.0223449788825958,9.754912188922332e-05,0.4700289694317595,CM
,235560,Contig_131612.fasta,0.012552547240944168,2.847849304741431e-05,0.45252789078270456,CM
,235560,Contig_133564.fasta,0.020826364613544746,8.22358022315803e-05,0.4669798793106951,CM
,235560,Contig_550250.fasta,0.0,0.0,0.0,CM
,235560,Contig_131657.fasta,0.01273962890210756,3.180264666649038e-05,0.4510012906692208,CM
,235560,Contig_500964.fasta,0.022813261188547762,0.00010356266337762872,0.47073826868140495,CM
,235560,Contig_933392.fasta,0.009517088570222317,1.7003417299430013e-05,0.44018235095890546,CM
,235560,Contig_54659.fasta,0.008229447804576843,1.2000011576715373e-05,0.43305306716271774,CM
,235560,Contig_61746.fasta,0.007634706685173963,8.672380650143971e-06,0.4304635134032351,CM
,235560,Contig_53765.fasta,0.009254484968666628,1.677127739193713e-05,0.4385321828203529,CM
,235560,Contig_138153.fasta,0.021439848334671784,9.194821046380965e-05,0.47073826868140495,CM
,235560,Contig_56940.fasta,0.018261556792282932,6.484877743527389e-05,0.4632810287815015,CM
,235560,Contig_54275.fasta,0.019801738804179174,7.783680647046694e-05,0.4660496405072874,CM
,235560,Contig_542488.fasta,0.0,0.0,0.0,CM
,235560,Contig_367990.fasta,0.015339881302238378,4.648431673190059e-05,0.46054511719420915,CM
,235560,Contig_555859.fasta,0.013449650483244108,3.3316634529811036e-05,0.45494782602753187,CM
,235560,Contig_993581.fasta,0.008850507743766766,1.5583411627603513e-05,0.43607999913263423,CM
,235560,Contig_547586.fasta,0.004921441438308367,4.153174166077618e-06,0.4099113789481529,CM
,235560,Contig_428255.fasta,0.0012965299821902701,0.0,0.32595878723045385,CM
,235560,Contig_131556.fasta,0.016194465099229838,5.0967132513859635e-05,0.4589640402837828,CM
,235560,Contig_303047.fasta,0.007011916597046918,9.153284715061411e-06,0.42576327485834076,CM
,235560,Contig_368885.fasta,0.011927955566888204,2.7561165289732147e-05,0.45013356331824583,CM
,235560,Contig_59053.fasta,0.011054859488779198,2.3010973973513076e-05,0.442681020879202,CM
,235560,Contig_551912.fasta,0.008150330373513356,1.0487183361783984e-05,0.43006786679165127,CM
,235560,Contig_554772.fasta,0.011495106981462644,2.5881304701838676e-05,0.4471226364733077,CM
,235560,Contig_544264.fasta,0.0008503988994961071,0.0,0.2857489093553078,CM
,235560,Contig_934117.fasta,0.015004487276710924,4.385595171907178e-05,0.4571703361693371,CM
,235560,Contig_545454.fasta,0.014134227625410068,3.8129363827224004e-05,0.4547267629439422,CM
,235560,Contig_368262.fasta,0.0036469372695240357,1.6113105545928334e-06,0.3868655139060079,CM
,235560,Contig_61277.fasta,0.007082844262054315,9.29532797160118e-06,0.4286888127066574,CM
,235560,Contig_302677.fasta,0.008352087377408663,1.4414961413783045e-05,0.4379165550484947,CM
,235560,Contig_554901.fasta,0.002222306291568099,4.434561275179583e-07,0.3503660344959315,CM
,235560,Contig_305322.fasta,0.007069190911839558,7.794055726546765e-06,0.42287739635726757,CM
,235560,Contig_544883.fasta,0.0,0.0,0.0,CM
,235560,Contig_135194.fasta,0.01867549725767307,6.89289132657134e-05,0.4637401774720679,CM
,235560,Contig_56818.fasta,0.010489559088612065,2.1669733584841983e-05,0.4420536977508895,CM
,235560,Contig_498461.fasta,0.016301354239928397,5.4721207300470125e-05,0.4621371250067324,CM
,235560,Contig_543101.fasta,0.0023206952224087817,4.952169356090508e-07,0.3560988120771055,CM
,235560,Contig_421823.fasta,0.0097008888430267,1.726346005481437e-05,0.44018235095890546,CM
,235560,Contig_135268.fasta,0.01174454614123693,2.671006547818189e-05,0.44733636622305595,CM
,235560,Contig_1064205.fasta,0.023051101365528803,0.00010617879983953465,0.4712123253467438,CM
,235560,Contig_54445.fasta,0.015065397676704853,4.352819572736958e-05,0.4573937820814434,CM
,235560,Contig_549637.fasta,0.0,0.0,0.0,CM
,235560,Contig_55400.fasta,0.011867046744552051,2.4827452711907663e-05,0.4462697559077888,CM
,235560,Contig_625718.fasta,0.024235833434118823,0.00011777486160655851,0.4731181385938489,CM
,235560,Contig_801021.fasta,0.0,0.0,0.0,CM
,235560,Contig_1062339.fasta,0.0020285300363064277,4.6395739067652907e-07,0.33530192695758976,CM
,235560,Contig_306355.fasta,0.009308574616548534,1.7220839682580416e-05,0.44080437029610603,CM
,235560,Contig_428764.fasta,0.01871811283646736,6.703105086624847e-05,0.464200237171941,CM
,235560,Contig_369126.fasta,0.003634110959300922,2.2666923150670554e-06,0.39603371905993784,CM
,235560,Contig_302533.fasta,0.017705253298839152,6.186223549809329e-05,0.4619090217860973,CM
,235560,Contig_1315.fasta,0.010384216116996844,1.8547934969489167e-05,0.44122002741095384,CM
,235560,Contig_992309.fasta,0.009435932616754608,1.603182894377547e-05,0.4375070959039893,CM
,235560,Contig_425542.fasta,0.018923983168925736,7.43601379997965e-05,0.46721301954000655,CM
,235560,Contig_498295.fasta,0.0200217294634399,8.141599340454355e-05,0.46838222129060714,CM
,235560,Contig_54108.fasta,0.006885655238969335,9.060528829126812e-06,0.42402704038904987,CM
,235560,Contig_796850.fasta,0.023679748837517157,0.00011068060994451261,0.4731181385938489,CM
,235560,Contig_58097.fasta,0.015236407825215275,4.6625759910213126e-05,0.457617446522559,CM
,235560,Contig_984994.fasta,0.003426400423086352,1.919019571863288e-06,0.38134787210213245,CM
,235560,Contig_932851.fasta,0.02233583945436378,9.353520039566868e-05,0.46932180448276484,CM
,235560,Contig_60483.fasta,0.013886813701594296,3.994630975550239e-05,0.45561230678609205,CM
,235560,Contig_542409.fasta,0.004900720759937034,3.480756704448978e-06,0.40776805147652856,CM
,235560,Contig_628830.fasta,0.01808772828725362,6.757566454161317e-05,0.4669798793106951,CM
,235560,Contig_993268.fasta,0.01287798515049295,3.416723875747758e-05,0.45384465477140307,CM
,235560,Contig_53370.fasta,0.004854527354341799,3.8071970704046597e-06,0.41045073602571625,CM
,235560,Contig_4880.fasta,0.013230532700199693,3.355074169226521e-05,0.4542852806498219,CM
,235560,Contig_368303.fasta,0.02421319910799276,0.00011398696024017556,0.4721633088489572,CM
,235560,Contig_133134.fasta,0.004314213454940698,2.848199599437983e-06,0.3922161266297708,CM
,235560,Contig_1973.fasta,0.006614583577367147,7.40572614869952e-06,0.41852758414071245,CM
,235560,Contig_371210.fasta,0.016707034986982876,5.4005909522919566e-05,0.4609988562259276,CM
,235560,Contig_1062001.fasta,0.019395671605756875,7.348848549581672e-05,0.46558590952170803,CM
,235560,Contig_1064554.fasta,0.011516961527319748,2.5559066743861137e-05,0.4462697559077888,CM
,235560,Contig_498458.fasta,0.0060089763314413285,5.694320808145388e-06,0.41610834955030374,CM
,235560,Contig_56821.fasta,0.011750003189889462,2.6569286391124343e-05,0.4484080872729435,CM
,235560,Contig_53604.fasta,0.007350716134299094,9.433269018650498e-06,0.42790474537660406,CM
,235560,Contig_201321.fasta,0.014675487052186046,4.544026616904836e-05,0.4562787314181536,CM
,235560,Contig_136127.fasta,0.02073616715794537,8.870245593578478e-05,0.46861676421564,CM
,235560,Contig_1268205.fasta,0.005987678235092144,7.044539959102979e-06,0.421924110973234,CM
,235560,Contig_56363.fasta,0.014096453420469857,3.976960200718596e-05,0.45539059763437134,CM
,235560,Contig_138376.fasta,0.015230117315328634,4.5167799035492865e-05,0.4578413298134213,CM
,235560,Contig_54813.fasta,0.018935572488296158,7.093390129234377e-05,0.4665142961807742,CM
,235560,Contig_56326.fasta,0.0047138200084431755,3.5541959133462977e-06,0.40233348157292914,CM
,235560,Contig_213640.fasta,0.02326343852061043,0.00010512822463619483,0.47168733777148847,CM
,235560,Contig_59276.fasta,0.004942096896022384,3.592131937358142e-06,0.4058229306759033,CM
,235560,Contig_622130.fasta,0.008032306790088064,1.2954744356719945e-05,0.43466218213591873,CM
,235560,Contig_550374.fasta,0.002225119844452471,5.401926752753064e-07,0.3503660344959315,CM
,235560,Contig_542514.fasta,0.012891358235433008,3.582846007848113e-05,0.4558342319233478,CM
,235560,Contig_1270443.fasta,0.0,0.0,0.0,CM
,235560,Contig_859.fasta,0.010526261176753008,2.1874119054782798e-05,0.4452082198566285,CM
,235560,Contig_133315.fasta,0.019702396096640203,8.100524952948162e-05,0.4688515421536238,CM
,235560,Contig_1258190.fasta,0.01997819202610577,8.094540254441901e-05,0.46767999906978164,CM
,235560,Contig_62690.fasta,0.021285101461177278,9.059642032401432e-05,0.4688515421536238,CM
,235560,Contig_137536.fasta,0.016730093888492035,5.532121655099648e-05,0.4619090217860973,CM
,235560,Contig_302537.fasta,0.009876133305972331,1.7494215245681605e-05,0.4428905244385391,CM
,235560,Contig_61137.fasta,0.019848104384146706,7.312426926955851e-05,0.4665142961807742,CM
,235560,Contig_53538.fasta,0.010934702675185091,2.3463671805792174e-05,0.4471226364733077,CM
,235560,Contig_42.fasta,0.0,0.0,0.0,CM
,235560,Contig_421320.fasta,0.0024722165859499363,5.82721460708278e-07,0.36684738460942107,CM
,235560,Contig_53681.fasta,0.0058255882771605216,6.067576634906434e-06,0.4142663471175888,CM
,235560,Contig_542529.fasta,0.0012263424505717696,0.0,0.31841703917612557,CM
,235560,Contig_4.fasta,0.010926195200513598,2.2677874789425146e-05,0.4484080872729435,CM
,235560,Contig_703687.fasta,0.013798859407899506,3.6485002754859174e-05,0.4551691041530317,CM
,235560,Contig_501838.fasta,0.020108013665719484,8.053640626670386e-05,0.4674463926766399,CM
,235560,Contig_304363.fasta,0.006861645364424561,8.140477201584607e-06,0.42268639482323084,CM
,235560,Contig_1124279.fasta,0.01734773891387672,6.170130100735673e-05,0.46351048941982814,CM
,235560,Contig_371458.fasta,0.02441787426404375,0.00011557801568531944,0.4721633088489572,CM
,235560,Contig_371089.fasta,0.024099639628921792,0.00011172923241226996,0.4714497119086313,CM
,235560,Contig_502049.fasta,0.0,0.0,0.0,CM
,235560,Contig_54896.fasta,0.0077349509009224165,1.0581545333336676e-05,0.43547123226553425,CM
,235560,Contig_308594.fasta,0.022282178989391273,9.713450371329355e-05,0.46979301111377164,CM
,235560,Contig_421862.fasta,0.0,0.0,0.0,CM
,235560,Contig_704447.fasta,0.006215423501923346,5.869526549271336e-06,0.41852758414071245,CM
,235560,Contig_542628.fasta,0.011130891549504855,2.155649898167823e-05,0.44584453460630447,CM
,235560,Contig_1062711.fasta,0.012855147418430963,2.9035927192189602e-05,0.4512187454863226,CM
,235560,Contig_56142.fasta,0.006077164755288736,6.687305844084897e-06,0.42078582650118396,CM
,235560,Contig_930489.fasta,0.002422374676506653,6.731647658438808e-07,0.3618823194658287,CM
,235560,Contig_139157.fasta,0.018235985756780013,6.152946224644239e-05,0.4616811436303074,CM
,235560,Contig_499578.fasta,0.0012716694660067618,0.0,0.3243770114865279,CM
,235560,Contig_991222.fasta,0.007904138003777993,1.1605441388774389e-05,0.4296729468037801,CM
,235560,Contig_55519.fasta,0.0,0.0,0.0,CM
,235560,Contig_371268.fasta,0.020749771880428574,8.561562921074353e-05,0.46861676421564,CM
,235560,Contig_502154.fasta,0.022927125285243412,0.00010223236203994118,0.4712123253467438,CM
,235560,Contig_61443.fasta,0.009073194953951388,1.4834867948545982e-05,0.43185402775202264,CM
,235560,Contig_546955.fasta,0.006765811942961391,7.063160361269433e-06,0.4192776335746564,CM
,235560,Contig_137801.fasta,0.015975884970702812,5.17853570898058e-05,0.4609988562259276,CM
,235560,Contig_53460.fasta,0.015024117639443784,4.4492052208194e-05,0.4567240986523344,CM
,235560,Contig_213008.fasta,0.025316214924341406,0.0001318498906599339,0.47576394414775447,CM
,235560,Contig_421555.fasta,0.011868536789997164,2.433644160748133e-05,0.4481933324418741,CM
,235560,Contig_549796.fasta,0.00093689706579782,0.0,0.29217223794524916,CM
,235560,Contig_368839.fasta,0.025279588129254224,0.00012790988844063763,0.47479841610280726,CM
,235560,Contig_55135.fasta,0.022232254815876977,9.804022248701476e-05,0.47097517772452596,CM
,235560,Contig_62471.fasta,0.019805259255589014,7.696508617588366e-05,0.4660496405072874,CM
,235560,Contig_55618.fasta,0.016698346029696463,5.437946797346219e-05,0.4578413298134213,CM
,235560,Contig_210082.fasta,0.01584017145378575,4.971341754392197e-05,0.46054511719420915,CM
,235560,Contig_24578817.fasta,0.0,0.0,0.0,CM
,235560,Contig_54618.fasta,0.00961841327548754,1.5286624868453383e-05,0.4387377769051257,CM
,235560,Contig_988525.fasta,0.024523301019333973,0.00012095096498383916,0.473357449741342,CM
,235560,Contig_987358.fasta,0.013023458434633229,2.9465187132265575e-05,0.4492691685735156,CM
,235560,Contig_420491.fasta,0.0,0.0,0.0,CM
,235560,Contig_306388.fasta,0.0,0.0,0.0,CM
,235560,Contig_133758.fasta,0.013988298899469996,3.974369115430381e-05,0.45561230678609205,CM
,235560,Contig_1258149.fasta,0.01918805300489715,7.05610006695855e-05,0.46581765960111154,CM
,235560,Contig_303939.fasta,0.015454716128024024,4.762284946755887e-05,0.4565013064090893,CM
,235560,Contig_139743.fasta,0.020527855409538092,8.280566603173611e-05,0.46581765960111154,CM
,235560,Contig_499329.fasta,0.016206832883133432,5.312680406911001e-05,0.4619090217860973,CM
,235560,Contig_55465.fasta,0.0021931363363233416,4.76545127721374e-07,0.3472458917026468,CM
,235560,Contig_545474.fasta,0.0010878049447166703,0.0,0.3047306018035275,CM
,235560,Contig_60212.fasta,0.01765681446408535,5.8998633397331803e-05,0.46145349020642656,CM
,235560,Contig_306074.fasta,0.024591320301377975,0.00011615027430849518,0.4726402414841581,CM
,235560,Contig_502705.fasta,0.006776199779603723,8.532476583801714e-06,0.42345143807177965,CM
,235560,Contig_302612.fasta,0.014439659118120108,4.0077915716721007e-05,0.45494782602753187,CM
,235560,Contig_56457.fasta,0.021978510243449986,9.530462117383127e-05,0.46932180448276484,CM
,235560,Contig_554999.fasta,0.0009598660230413558,0.0,0.29400806727572515,CM
,235560,Contig_56086.fasta,0.008171313786031796,1.1886137449092753e-05,0.43225296911715155,CM
,235560,Contig_543199.fasta,0.002438495074913166,5.2886197907579e-07,0.36174243453368116,CM
,235560,Contig_23.fasta,0.009297111422248068,1.632788626681555e-05,0.4389435638548935,CM
,235560,Contig_1064124.fasta,0.019464968695891694,7.2410075091282e-05,0.46558590952170803,CM
,235560,Contig_133459.fasta,0.008012850978924483,1.0441193356014275e-05,0.4281004932015705,CM
,235560,Contig_370813.fasta,0.01778337728924265,6.057877066569514e-05,0.46351048941982814,CM
,235560,Contig_803076.fasta,0.0012716694660067618,0.0,0.3243770114865279,CM
,235560,Contig_304497.fasta,0.0022006717613712286,6.731374164098868e-07,0.34931977534103514,CM
,235560,Contig_55498.fasta,0.012016282399702725,2.6129303537265574e-05,0.44776443930078136,CM
,235560,Contig_60113.fasta,0.02108106804473237,9.017241036238473e-05,0.46955728958285653,CM
,235560,Contig_305805.fasta,0.0012220281204536891,0.0,0.31830873406075955,CM
,235560,Contig_302556.fasta,0.013275205353148042,3.263665917841599e-05,0.45252789078270456,CM
,235560,Contig_61915.fasta,0.00902591180591011,1.3373802313219385e-05,0.4338561326558336,CM
,235560,Contig_134054.fasta,0.020121096593951098,7.952611911945621e-05,0.46861676421564,CM
,235560,Contig_368736.fasta,0.02537989317765277,0.00012697282709705368,0.47479841610280726,CM
,235560,Contig_552143.fasta,0.024249422774875032,0.0001167393542323287,0.4724016547898198,CM
,235560,Contig_131677.fasta,0.015351845034582878,4.085812459755568e-05,0.45384465477140307,CM
,235560,Contig_500107.fasta,0.017513883387197095,5.8205454437003215e-05,0.46077187500671246,CM
,235560,Contig_369773.fasta,0.022120707718892633,9.474166264827911e-05,0.4688515421536238,CM
,235560,Contig_553945.fasta,0.006084579253784828,5.8978092418449675e-06,0.4177802134547469,CM
,235560,Contig_135011.fasta,0.00941837434278798,1.789701692856971e-05,0.44122002741095384,CM
,235560,Contig_1064039.fasta,0.001122722073379091,0.0,0.3080407103813802,CM
,235560,Contig_987907.fasta,0.006524726901648177,8.640661475544537e-06,0.4146334417982424,CM
,235560,Contig_53369.fasta,0.0031948411242183586,1.3189280939152148e-06,0.3710656931556832,CM
,235560,Contig_61766.fasta,0.01070920731338811,2.15406300585655e-05,0.4462697559077888,CM
,235560,Contig_53444.fasta,0.013547621424532499,3.2829328438988795e-05,0.4507840453461624,CM
,235560,Contig_988014.fasta,0.0,0.0,0.0,CM
,235560,Contig_53893.fasta,0.0203981509026393,8.129951023434187e-05,0.4681479130258295,CM
,235560,Contig_811026.fasta,0.00676669658987115,6.895070239724939e-06,0.4187148448047575,CM
,235560,Contig_548326.fasta,0.016392098781058583,4.9655511274499874e-05,0.4585142960012901,CM
,235560,Contig_166.fasta,0.0,0.0,0.0,CM
,235560,Contig_368472.fasta,0.018148695001459762,6.590755669973238e-05,0.4630517952195117,CM
,235560,Contig_131533.fasta,0.009104354550179453,1.6352920777861118e-05,0.43547123226553425,CM
,235560,Contig_713578.fasta,0.008132346868216326,1.2745908907626828e-05,0.4320534063428592,CM
,235560,Contig_62754.fasta,0.018614012047383263,7.1280441109768e-05,0.46512310046651745,CM
,235560,Contig_499271.fasta,0.020235702035446463,8.112428691437303e-05,0.4674463926766399,CM
,235560,Contig_547132.fasta,0.01997577077161258,7.970259839937225e-05,0.46767999906978164,CM
,235560,Contig_542385.fasta,0.008158381051787659,1.0592006978537363e-05,0.43026559914419915,CM
,235560,Contig_1061989.fasta,0.008377626051483206,1.1373366115470947e-05,0.43026559914419915,CM
,235560,Contig_137023.fasta,0.0031992631681255603,1.3287840844879369e-06,0.3728397124058299,CM
,235560,Contig_626516.fasta,0.02433950730059081,0.00011743457990679943,0.47383679905753573,CM
,235560,Contig_990243.fasta,0.005233300207763989,4.543997436906515e-06,0.39975552248553314,CM
,235560,Contig_59036.fasta,0.0012965299821902701,0.0,0.32595878723045385,CM
,235560,Contig_1064338.fasta,0.0,0.0,0.0,CM
,235560,Contig_426325.fasta,0.0038237576037963707,1.6805203674410131e-06,0.3946974602018697,CM
,235560,Contig_1063105.fasta,0.0060359595035128265,5.658560898624951e-06,0.4190898692962978,CM
,235560,Contig_132168.fasta,0.0011635606294592362,0.0,0.3104935892961623,CM
,235560,Contig_372283.fasta,0.01779838765504792,6.0047108550089235e-05,0.4621371250067324,CM
,235560,Contig_134478.fasta,0.0026056047074125193,5.290185449530785e-07,0.37047809902558715,CM
,235560,Contig_370234.fasta,0.0224443698473347,9.825107609162868e-05,0.470501597857533,CM
,235560,Contig_801164.fasta,0.016683459525424656,5.239516093261836e-05,0.4623654536258069,CM
,235560,Contig_53484.fasta,0.012791253158787435,2.964282428146008e-05,0.44905358835826925,CM
,235560,Contig_549737.fasta,0.0,0.0,0.0,CM
,235560,Contig_206708.fasta,0.018826510919357886,6.80965145688749e-05,0.46489204080408997,CM
,235560,Contig_54992.fasta,0.02049713925061113,8.172410017162057e-05,0.4665142961807742,CM
,235560,Contig_1580.fasta,0.0157197769074939,4.8242949166628775e-05,0.4594146677165602,CM
,235560,Contig_138626.fasta,0.01988731071769283,7.199193798787823e-05,0.46489204080408997,CM
,235560,Contig_302732.fasta,0.008491470318602437,1.3355894411790133e-05,0.43669047043333326,CM
,235560,Contig_544511.fasta,0.0010878049447166703,0.0,0.3047306018035275,CM
,235560,Contig_987555.fasta,0.02183307976785395,9.237248029803006e-05,0.46979301111377164,CM
,235560,Contig_132953.fasta,0.015411961578206247,4.611795921898163e-05,0.4582897542304766,CM
,235560,Contig_544554.fasta,0.0,0.0,0.0,CM
,235560,Contig_133584.fasta,0.017209349780167648,6.170744608862755e-05,0.4637401774720679,CM
,235560,Contig_57532.fasta,0.012845968006362962,3.1964770833805756e-05,0.45013356331824583,CM
,235560,Contig_420261.fasta,0.002546718447686517,8.077626064895173e-07,0.372394619235429,CM
,235560,Contig_371170.fasta,0.013661853008856584,3.31859848651168e-05,0.4488382149345962,CM
,235560,Contig_135069.fasta,0.0011960322259348833,0.0,0.3153058214752807,CM
,235560,Contig_369063.fasta,0.010172537016091438,1.9359703649871865e-05,0.44059683528184235,CM
,235560,Contig_371618.fasta,0.02019419656768681,7.97865893506932e-05,0.4674463926766399,CM
,235560,Contig_555306.fasta,0.007082137961179012,8.213170798517572e-06,0.4281004932015705,CM
,235560,Contig_550560.fasta,0.015522837658797016,4.561222404165351e-05,0.4589640402837828,CM
,235560,Contig_60835.fasta,0.0022720791763675666,4.041117140429749e-07,0.3503660344959315,CM
,235560,Contig_542345.fasta,0.003331204267850651,1.7292826394699912e-06,0.38134787210213245,CM
,235560,Contig_61646.fasta,0.025596668329083503,0.00013458546539340518,0.47576394414775447,CM
,235560,Contig_498856.fasta,0.012821211592874955,3.2314328884304464e-05,0.4516542848159426,CM
,235560,Contig_501062.fasta,0.022390578305564724,0.0001041129305219979,0.4726402414841581,CM
,235560,Contig_368282.fasta,0.010387360973450839,2.2076270479677193e-05,0.4435202266059872,CM
,235560,Contig_428054.fasta,0.01895057436696899,7.199253841845363e-05,0.46721301954000655,CM
,235560,Contig_994290.fasta,0.008262444373909168,1.3578793850421657e-05,0.433454227947491,CM
,235560,Contig_499481.fasta,0.018961375332979515,6.97084379669194e-05,0.4660496405072874,CM
,235560,Contig_542530.fasta,0.0,0.0,0.0,CM
,235560,Contig_371705.fasta,0.006982057207810315,8.873083537566844e-06,0.4265395069000151,CM
,235560,Contig_53599.fasta,0.021058345102078414,8.941476435015365e-05,0.46979301111377164,CM
,235560,Contig_985013.fasta,0.019974040539991144,7.867674284592082e-05,0.4669798793106951,CM
,235560,Contig_992481.fasta,0.00505968888816378,2.9306338780472354e-06,0.40776805147652856,CM
,235560,Contig_135275.fasta,0.02566520313200122,0.00013194434581937346,0.4750394305272249,CM
,235560,Contig_931634.fasta,0.01864102872092534,6.509478524690913e-05,0.46351048941982814,CM
,235560,Contig_61990.fasta,0.022426967524480357,9.672914151688534e-05,0.46979301111377164,CM
,235560,Contig_134230.fasta,0.008448051951515797,1.2707196815174048e-05,0.43285276509650006,CM
,235560,Contig_303596.fasta,0.004532601904887439,2.5763167289303267e-06,0.39620138786563636,CM
,235560,Contig_212565.fasta,0.022359466112337766,9.797583846943964e-05,0.470501597857533,CM
,235560,Contig_1128046.fasta,0.020069763164461282,8.411815157831374e-05,0.46908655545796146,CM
,235560,Contig_139855.fasta,0.028894323383768555,0.00016579162215868523,0.4781950322629704,CM
,235560,Contig_989235.fasta,0.017137921147363778,5.5121933079054536e-05,0.4609988562259276,CM
,235560,Contig_499439.fasta,0.010580342449066455,2.2537488572229848e-05,0.44584453460630447,CM
,235560,Contig_1062866.fasta,0.02227559968328578,9.780461605547371e-05,0.4714497119086313,CM
,235560,Contig_4593.fasta,0.006570820795765681,7.217068482780243e-06,0.41536958639087135,CM
,235560,Contig_61074.fasta,0.025544631248334747,0.00013105820104046165,0.4745576461149255,CM
,235560,Contig_990281.fasta,0.026948749696963877,0.00014634449876059022,0.47673340710067913,CM
,235560,Contig_499662.fasta,0.01964692772528855,7.703360394100377e-05,0.4665142961807742,CM
,235560,Contig_62796.fasta,0.02350400968328183,0.00011489830247031598,0.47383679905753573,CM
,235560,Contig_368867.fasta,0.023090639399696647,0.00010698165787943178,0.471925203297344,CM
,235560,Contig_368024.fasta,0.014706405579138585,4.431878860421545e-05,0.4594146677165602,CM
,235560,Contig_1065845.fasta,0.0012501884654962474,0.0,0.3211488257167581,CM
,235560,Contig_131648.fasta,0.022442587900995667,0.0001010745721641851,0.471925203297344,CM
,235560,Contig_1067335.fasta,0.022902095718410967,0.00010429709040213269,0.4724016547898198,CM
,235560,Contig_367937.fasta,0.011910351427068302,2.6107098703751548e-05,0.4497009505711836,CM
,235560,Contig_201958.fasta,0.019009130742719534,6.549194777045913e-05,0.46282278839695007,CM
,235560,Contig_546698.fasta,0.0011122530277979123,0.0,0.30713084284169123,CM
,235560,Contig_308342.fasta,0.015081115457535163,4.502728998447387e-05,0.4578413298134213,CM
,235560,Contig_138109.fasta,0.023256819514144836,0.00010052431704286883,0.46955728958285653,CM
,235560,Contig_545981.fasta,0.023562871810981868,0.00011255187921549747,0.4735970031065957,CM
,235560,Contig_930043.fasta,0.004273319521082193,3.034635533982929e-06,0.3902534103997636,CM
,235560,Contig_53486.fasta,0.0,0.0,0.0,CM
,235560,Contig_24565782.fasta,0.013931593941096786,3.463052515928497e-05,0.4516542848159426,CM
,235560,Contig_59009.fasta,0.013601917681746904,3.6044651896563155e-05,0.45384465477140307,CM
,235560,Contig_53814.fasta,0.013957730215698976,3.993517763271534e-05,0.45561230678609205,CM
,235560,Contig_1116.fasta,0.013122171391804226,3.21275408033478e-05,0.4534048828191052,CM
,235560,Contig_139857.fasta,0.0034184966831484723,1.7199787879096053e-06,0.38463940737305097,CM
,235560,Contig_420383.fasta,0.01047932374899295,1.976745936429955e-05,0.44247171543197783,CM
,235560,Contig_555118.fasta,0.027781456567113998,0.00015092720781870514,0.47673340710067913,CM
,235560,Contig_1066641.fasta,0.02284165572031411,0.00010772476604942412,0.4724016547898198,CM
,235560,Contig_137669.fasta,0.010362940558111313,2.300278216020308e-05,0.4449965183731018,CM
,235560,Contig_302668.fasta,0.02412496762732673,0.00011477887010421926,0.4726402414841581,CM
,235560,Contig_305455.fasta,0.02028340715637317,7.895359516249797e-05,0.4669798793106951,CM
,235560,Contig_61545.fasta,0.010719012261326781,2.3846275967059915e-05,0.44776443930078136,CM
,235560,Contig_498353.fasta,0.011668259874553059,2.7872621123328586e-05,0.45035018197239324,CM
,235560,Contig_988988.fasta,0.001185303639170217,0.0,0.31403613360356813,CM
,235560,Contig_985054.fasta,0.021738714094167305,9.101796760659172e-05,0.4681479130258295,CM
,235560,Contig_420879.fasta,0.008455729968061827,1.2680000025711474e-05,0.4368943408677092,CM
,235560,Contig_1258176.fasta,0.017592568148262763,6.134888362600588e-05,0.46259400797757444,CM
,235560,Contig_499353.fasta,0.02421359496421269,0.0001165797310923924,0.4731181385938489,CM
,235560,Contig_468.fasta,0.0,0.0,0.0,CM
,235560,Contig_993483.fasta,0.0234380552792646,0.00011321296699891887,0.4735970031065957,CM
,235560,Contig_988975.fasta,0.020996737415975013,9.142685942898439e-05,0.46908655545796146,CM
,235560,Contig_988930.fasta,0.017328916319587495,5.8541804664574685e-05,0.46282278839695007,CM
,235560,Contig_1198429.fasta,0.0012965299821902701,0.0,0.32595878723045385,CM
,235560,Contig_933290.fasta,0.02372025247840772,0.00010582506817296595,0.4714497119086313,CM
,235560,Contig_499052.fasta,0.019070705509155874,6.818910465087187e-05,0.46466121059515053,CM
,235560,Contig_305495.fasta,0.02201003448264755,9.432192179695456e-05,0.46861676421564,CM
,235560,Contig_985400.fasta,0.023738297125246124,0.00010832472267509216,0.47168733777148847,CM
,235560,Contig_985094.fasta,0.01700412874140333,5.50194091222515e-05,0.4596403134276194,CM
,235560,Contig_500018.fasta,0.01036491269882229,1.6928505986064128e-05,0.4399754010994984,CM
,235560,Contig_54766.fasta,0.0125380512686345,2.9934479366435207e-05,0.4510012906692208,CM
,235560,Contig_1263528.fasta,0.0059573858638623575,6.677578049713118e-06,0.42173396941804103,CM
,235560,Contig_59228.fasta,0.0,0.0,0.0,CM
,235560,Contig_1065920.fasta,0.013298275828870878,3.753373511929126e-05,0.45252789078270456,CM
,235560,Contig_555509.fasta,0.006261854124966746,5.697530666491336e-06,0.4190898692962978,CM
,235560,Contig_139091.fasta,0.026503976901267438,0.0001352110187309741,0.4743171201919073,CM
,235560,Contig_706082.fasta,0.014131800114216605,3.67855111530511e-05,0.45296596231298797,CM
,235560,Contig_368629.fasta,0.017577953704642782,5.815774366368326e-05,0.4619090217860973,CM
,235560,Contig_625052.fasta,0.026291312927559693,0.0001377758802254782,0.47479841610280726,CM
,235560,Contig_368691.fasta,0.011911048562043877,2.8496242735094065e-05,0.45143641010064306,CM
,235560,Contig_551706.fasta,0.002530140894161498,8.549235290011896e-07,0.37298831332747434,CM
,235560,Contig_61210.fasta,0.0010878049447166703,0.0,0.3047306018035275,CM
,235560,Contig_369691.fasta,0.021919182656963403,9.480481693701163e-05,0.46955728958285653,CM
,235560,Contig_498443.fasta,0.0010808833085254293,0.0,0.3037415378573947,CM
,235560,Contig_59641.fasta,0.023528657121212118,0.00010798893398601396,0.4724016547898198,CM
,235560,Contig_370353.fasta,0.019609266918823545,7.84359778512606e-05,0.46581765960111154,CM
,235560,Contig_24566591.fasta,0.010058664368293373,1.879549593945152e-05,0.4385321828203529,CM
,235560,Contig_55467.fasta,0.00349878494673503,1.5042609067231665e-06,0.38369318496868926,CM
,235560,Contig_543838.fasta,0.0,0.0,0.0,CM
,235560,Contig_988352.fasta,0.02074241701565982,8.72135073293009e-05,0.46861676421564,CM
,235560,Contig_56962.fasta,0.017863798496351828,6.199743248489575e-05,0.4632810287815015,CM
,235560,Contig_549823.fasta,0.010913228807959705,2.118222444410478e-05,0.44436262019878114,CM
,235560,Contig_546289.fasta,0.022556737630112542,9.760856842158467e-05,0.47026516489378545,CM
,235560,Contig_5823.fasta,0.013860843476898066,3.94889818275911e-05,0.4558342319233478,CM
,235560,Contig_304689.fasta,0.020841358026948004,9.046879272851125e-05,0.47026516489378545,CM
,235560,Contig_1062142.fasta,0.012323683294065382,2.7533261332784655e-05,0.44669578908765306,CM
,235560,Contig_62387.fasta,0.020795488341743905,8.699090645130949e-05,0.46721301954000655,CM
,235560,Contig_133647.fasta,0.020622983394600804,8.440793405986504e-05,0.46767999906978164,CM
,235560,Contig_550173.fasta,0.022750163942035134,0.00010023966184237554,0.46979301111377164,CM
,235560,Contig_542713.fasta,0.008313588855227958,1.0511861826815308e-05,0.43185402775202264,CM
,235560,Contig_131574.fasta,0.007174769064292385,7.743050646710996e-06,0.4246042096817754,CM
,235560,Contig_542387.fasta,0.004831648647938674,3.844031053160228e-06,0.4079458056402062,CM
,235560,Contig_306603.fasta,0.023039094476997302,0.00011018737077588185,0.4721633088489572,CM
,235560,Contig_137862.fasta,0.02641908911191272,0.00013853903042798527,0.47528068976060595,CM
,235560,Contig_553205.fasta,0.005723967834701516,6.27193418632806e-06,0.4137169222540376,CM
,235560,Contig_53446.fasta,0.02004677786115732,7.575852601532516e-05,0.4662818525852681,CM
,235560,Contig_61498.fasta,0.019324130416184835,7.312617378244429e-05,0.46535438992473055,CM
,235560,Contig_54950.fasta,0.016252503451545375,5.002408113355382e-05,0.4594146677165602,CM
,235560,Contig_55915.fasta,0.0024347846451826393,5.953188698735672e-07,0.36300530571708034,CM
,235560,Contig_55113.fasta,0.017495318557027868,5.60969797432626e-05,0.4616811436303074,CM
,235560,Contig_24574211.fasta,0.022289296324410415,9.719724093188144e-05,0.47097517772452596,CM
,235560,Contig_55950.fasta,0.019945782120535938,7.231165013943092e-05,0.46558590952170803,CM
,235560,Contig_792106.fasta,0.014412837041332581,3.687409201388081e-05,0.45384465477140307,CM
,235560,Contig_24569564.fasta,0.01589658161831738,4.5711502269732956e-05,0.4589640402837828,CM
,235560,Contig_499137.fasta,0.0037646075646835695,1.6626299624155205e-06,0.39303976402294544,CM
,235560,Contig_1065878.fasta,0.007443845888149228,9.274671312816588e-06,0.4314558221017211,CM
,235560,Contig_500105.fasta,0.010188841757173757,1.968743387983689e-05,0.4410121009135877,CM
,235560,Contig_990105.fasta,0.007503440777007742,9.496376581838762e-06,0.4209751138725295,CM
,235560,Contig_213746.fasta,0.0,0.0,0.0,CM
,235560,Contig_308147.fasta,0.0025996721839891524,5.667679423527456e-07,0.3722464909063775,CM
,235560,Contig_1064246.fasta,0.0,0.0,0.0,CM
,235560,Contig_500378.fasta,0.011873726978090157,2.8956024329981398e-05,0.4505670092145561,CM
,235560,Contig_372001.fasta,0.02114024410649511,8.611637783890376e-05,0.46932180448276484,CM
,235560,Contig_368549.fasta,0.009653700994719802,1.6253783246787556e-05,0.4389435638548935,CM
,235560,Contig_542593.fasta,0.019692849692552278,7.397945598254227e-05,0.46558590952170803,CM
,235560,Contig_499422.fasta,0.019422201184103073,7.57132762282939e-05,0.4674463926766399,CM
,235560,Contig_134994.fasta,0.002321309011265428,6.133102809153213e-07,0.3550180873060065,CM
,235560,Contig_62593.fasta,0.025419306556517068,0.0001301989333140359,0.47479841610280726,CM
,235560,Contig_1062838.fasta,0.0,0.0,0.0,CM
,235560,Contig_306052.fasta,0.0,0.0,0.0,CM
,235560,Contig_500079.fasta,0.012975429565486585,3.390244577481632e-05,0.4518723699365684,CM
,235560,Contig_1065904.fasta,0.021882107384215473,9.316407708697225e-05,0.46932180448276484,CM
,235560,Contig_552078.fasta,0.0035913271176077365,1.4991088707150235e-06,0.38559030825654433,CM
,235560,Contig_1065941.fasta,0.022861272210750426,0.00010017929910699874,0.47026516489378545,CM
,235560,Contig_55393.fasta,0.021927464229164802,9.470885417188646e-05,0.46908655545796146,CM
,235560,Contig_423779.fasta,0.0,0.0,0.0,CM
,235560,Contig_135642.fasta,0.02284261455800294,0.00010950380253538114,0.4721633088489572,CM
,235560,Contig_302535.fasta,0.010852068274691823,2.261888180798674e-05,0.4452082198566285,CM
,235560,Contig_61135.fasta,0.009409658399469428,1.6226117258810463e-05,0.43730265333580987,CM
,235560,Contig_134037.fasta,0.015994133735290253,5.0956226508816814e-05,0.46009227047130435,CM
,235560,Contig_131651.fasta,0.017878553729893883,5.7646561972785096e-05,0.46145349020642656,CM
,235560,Contig_369755.fasta,0.02661620209528995,0.00014450520217486142,0.4769763904885999,CM
,235560,Contig_985251.fasta,0.0059666001057211634,5.926732962115411e-06,0.4172214347474958,CM
,235560,Contig_305281.fasta,0.020607105939535197,8.887899477039912e-05,0.46955728958285653,CM
,235560,Contig_1264101.fasta,0.0035795156265789685,1.5524874287508853e-06,0.387827467110913,CM
,235560,Contig_53427.fasta,0.017403648543116993,5.8066298031970226e-05,0.46077187500671246,CM
,235560,Contig_1063267.fasta,0.020831259783342514,8.285428130576724e-05,0.4681479130258295,CM
,235560,Contig_555358.fasta,0.005713737505289753,6.934962565673648e-06,0.4142663471175888,CM
,235560,Contig_368078.fasta,0.01783684674396883,6.12296432023291e-05,0.4637401774720679,CM
,235560,Contig_798280.fasta,0.013870507704719655,3.728929162924932e-05,0.4527468205798902,CM
,235560,Contig_57241.fasta,0.008185757051637498,1.1513355506935296e-05,0.4320534063428592,CM
,235560,Contig_550914.fasta,0.0011128668166545585,0.0,0.30773682280126047,CM
,235560,Contig_202130.fasta,0.0022838371706515536,6.666136026220746e-07,0.3550180873060065,CM
,235560,Contig_792223.fasta,0.017647849429401927,6.109861407819196e-05,0.46466121059515053,CM
,235560,Contig_368085.fasta,0.017658074213941468,6.3473232173017e-05,0.46489204080408997,CM
,235560,Contig_713989.fasta,0.017056769921427448,5.769867058758479e-05,0.4603185824587472,CM
,235560,Contig_56628.fasta,0.021156438547670072,9.112561372776363e-05,0.47026516489378545,CM
,235560,Contig_369883.fasta,0.00707115538171055,8.31074645827463e-06,0.42402704038904987,CM
,235560,Contig_500548.fasta,0.0032987694705215657,1.5725880867833036e-06,0.37811219318732653,CM
,235560,Contig_138155.fasta,0.017429175818461817,6.120766177513146e-05,0.4637401774720679,CM
,235560,Contig_307949.fasta,0.0244608586813841,0.00012032819431031459,0.4743171201919073,CM
,235560,Contig_135889.fasta,0.02036363321053732,7.83806060867439e-05,0.4674463926766399,CM
,235560,Contig_56903.fasta,0.009646523646965815,1.7070330757081904e-05,0.44038949559465085,CM
,235560,Contig_134889.fasta,0.02096743080712735,8.52883678819522e-05,0.4674463926766399,CM
,235560,Contig_367996.fasta,0.011686168087929728,2.4068704870775053e-05,0.44669578908765306,CM
,235560,Contig_57903.fasta,0.011849113770791234,2.644646179328764e-05,0.4492691685735156,CM
,235560,Contig_139294.fasta,0.01704540990051295,5.836532824242293e-05,0.464200237171941,CM
,235560,Contig_180.fasta,0.005671055497512234,5.190997826516648e-06,0.4111720905705769,CM
,235560,Contig_1268736.fasta,0.026128033350191773,0.00013151499393606754,0.47383679905753573,CM
,235560,Contig_308022.fasta,0.02380948313072356,0.00011486928509101247,0.47407683796283334,CM
,235560,Contig_985128.fasta,0.015307652886150049,4.542939902160154e-05,0.45806543227539553,CM
,235560,Contig_371212.fasta,0.02278974086880933,0.00010390553750519209,0.4712123253467438,CM
,235560,Contig_421597.fasta,0.009190763942845024,1.523041196155624e-05,0.43526868750634096,CM
,235560,Contig_985291.fasta,0.021086625945458654,8.486176390491498e-05,0.46721301954000655,CM
,235560,Contig_59394.fasta,0.009261037665523573,1.410981527184216e-05,0.43607999913263423,CM
,235560,Contig_498502.fasta,0.016197971798868595,5.511898264241975e-05,0.46077187500671246,CM
,235560,Contig_423189.fasta,0.016398848996930816,5.1575476041967645e-05,0.46054511719420915,CM
,235560,Contig_543062.fasta,0.0024347846451826393,5.953188698735672e-07,0.36300530571708034,CM
,235560,Contig_543821.fasta,0.0,0.0,0.0,CM
,235560,Contig_429994.fasta,0.019697869304344515,7.299469485189808e-05,0.4644306094980809,CM
,235560,Contig_1065861.fasta,0.019906244808797297,7.642160978810663e-05,0.4660496405072874,CM
,235560,Contig_55662.fasta,0.02078984362755723,8.656047922956053e-05,0.46861676421564,CM
,235560,Contig_1268437.fasta,0.0067097193189606065,7.424588221469453e-06,0.42078582650118396,CM
,235560,Contig_1065067.fasta,0.0,0.0,0.0,CM
,235560,Contig_135849.fasta,0.019697134409116697,7.696905430920106e-05,0.466746971640216,CM
,235560,Contig_4084.fasta,0.01659514799102861,4.9492639146197895e-05,0.4594146677165602,CM
,235560,Contig_424464.fasta,0.005717960223692034,5.853202980767364e-06,0.4118959850962293,CM
,235560,Contig_371156.fasta,0.02181200448066779,9.536350332977445e-05,0.46979301111377164,CM
,235560,Contig_502196.fasta,0.01814234600691087,6.627569918822563e-05,0.46282278839695007,CM
,235560,Contig_1260871.fasta,0.0058310607527319765,6.141586673719409e-06,0.41335144794109235,CM
,235560,Contig_368806.fasta,0.005023806709895059,4.0438164911286016e-06,0.4109915143340505,CM
,235560,Contig_58444.fasta,0.01502475867438039,4.322681930336057e-05,0.4558342319233478,CM
,235560,Contig_984996.fasta,0.012818693984496591,3.108862782534355e-05,0.45252789078270456,CM
,235560,Contig_990044.fasta,0.015219872294017979,4.778810046910892e-05,0.4596403134276194,CM
,235560,Contig_1274572.fasta,0.017310387296406226,5.713725303488829e-05,0.4623654536258069,CM
,235560,Contig_542553.fasta,0.019299147247245792,7.475919092212724e-05,0.4662818525852681,CM
,235560,Contig_131771.fasta,0.024586030701075588,0.00012289992601413895,0.47407683796283334,CM
,235560,Contig_499076.fasta,0.012654886381844378,2.9306731665848958e-05,0.44905358835826925,CM
,235560,Contig_134152.fasta,0.015942012498818374,5.038031561607332e-05,0.45806543227539553,CM
,235560,Contig_131734.fasta,0.019903771768755976,7.500244562068587e-05,0.46489204080408997,CM
,235560,Contig_58559.fasta,0.014069757452853182,3.9612660685635236e-05,0.45694710846612946,CM
,235560,Contig_55483.fasta,0.005070393890607234,4.543092387235205e-06,0.41225888904785596,CM
,235560,Contig_55811.fasta,0.009493223357590244,1.467550190661928e-05,0.43506633107328363,CM
,235560,Contig_985419.fasta,0.017459559190893103,5.982270404368621e-05,0.4630517952195117,CM
,235560,Contig_213506.fasta,0.02784984240926466,0.00015318232405421125,0.4769763904885999,CM
,235560,Contig_135253.fasta,0.025519076454989097,0.00012862464988216808,0.4745576461149255,CM
,235560,Contig_24576898.fasta,0.004976942952221813,3.6327093023373877e-06,0.4086583747330275,CM
,235560,Contig_306742.fasta,0.018326394168610833,6.408342595078993e-05,0.46489204080408997,CM
,235560,Contig_55353.fasta,0.007800667349342502,9.934696201762849e-06,0.42615103740374916,CM
,235560,Contig_1063497.fasta,0.0012263424505717696,0.0,0.31841703917612557,CM
,235560,Contig_302609.fasta,0.019441131061958737,7.264692675335344e-05,0.4644306094980809,CM
,235560,Contig_1063840.fasta,0.009447066818729215,1.68761359388375e-05,0.4397686457418388,CM
,235560,Contig_986139.fasta,0.015191765664975567,4.586988909315583e-05,0.4582897542304766,CM
,235560,Contig_370130.fasta,0.01738531315267914,5.850076622457072e-05,0.4609988562259276,CM
,235560,Contig_54604.fasta,0.015319825256150615,4.759284784195182e-05,0.4582897542304766,CM
,235560,Contig_554797.fasta,0.015092761095856578,4.4185990870643977e-05,0.4578413298134213,CM
,235560,Contig_421549.fasta,0.004639406248278975,3.6931672107289404e-06,0.40198783425199014,CM
,235560,Contig_61036.fasta,0.025372551130613374,0.00012492797997969024,0.47287906929693435,CM
,235560,Contig_303473.fasta,0.00986644072484608,1.9368672750216058e-05,0.44478501812672677,CM
,235560,Contig_501657.fasta,0.01681669115892094,4.979393055178916e-05,0.45873905791109465,CM
,235560,Contig_1062279.fasta,0.01251743740503087,2.8731331931530263e-05,0.44862304800509734,CM
,235560,Contig_58467.fasta,0.0013572093350108696,0.0,0.3311492137787095,CM
,235560,Contig_709008.fasta,0.016263453670258256,5.433673843096051e-05,0.4609988562259276,CM
,235560,Contig_306639.fasta,0.0045681593871987015,3.0369143960040507e-06,0.4004397424641134,CM
,235560,Contig_134328.fasta,0.023157549244399007,0.00010569905024429412,0.4712123253467438,CM
,235560,Contig_791908.fasta,0.002238093072701882,4.698398984807719e-07,0.35155059283945644,CM
,235560,Contig_24572783.fasta,0.011565370892893662,2.610543513870466e-05,0.44862304800509734,CM
,235560,Contig_53481.fasta,0.0,0.0,0.0,CM
,235560,Contig_931044.fasta,0.021102519861204472,8.780066481458375e-05,0.46861676421564,CM
,235560,Contig_369322.fasta,0.0223330973048089,9.463380670622007e-05,0.4700289694317595,CM
,235560,Contig_553512.fasta,0.002253787869037805,3.61872592620901e-07,0.35488345776967506,CM
,235560,Contig_368367.fasta,0.0022731085838868874,6.955027722071759e-07,0.35421183881098905,CM
,235560,Contig_986515.fasta,0.015268160169856299,4.585964308635941e-05,0.4571703361693371,CM
,235560,Contig_61542.fasta,0.013026878612675595,3.324961577866596e-05,0.4518723699365684,CM
,235560,Contig_137592.fasta,0.025731116824889284,0.00013183825683252116,0.47479841610280726,CM
,235560,Contig_498311.fasta,0.009431277191656604,1.5603392535419584e-05,0.4410121009135877,CM
,235560,Contig_369512.fasta,0.01057926968775181,1.9902523279065668e-05,0.44331012701972194,CM
,235560,Contig_135235.fasta,0.0034418692425989598,1.4361505457952693e-06,0.3816589225687737,CM
,235560,Contig_62671.fasta,0.008583702591661678,1.236958654142703e-05,0.4344603891080005,CM
,235560,Contig_370401.fasta,0.02080131932248261,9.035925923824944e-05,0.46908655545796146,CM
,235560,Contig_2412.fasta,0.0038509069214713205,2.161959743778827e-06,0.3992438899908844,CM
,235560,Contig_370444.fasta,0.025563424935664023,0.00012829961938817778,0.47479841610280726,CM
,235560,Contig_57800.fasta,0.027839987152540126,0.00015642812564125395,0.47770682906515216,CM
,235560,Contig_56006.fasta,0.01744875642352,5.879777771206423e-05,0.4616811436303074,CM
,235560,Contig_371401.fasta,0.006316123781153814,5.90457577720506e-06,0.4230685705870855,CM
,235560,Contig_56492.fasta,0.0012220281204536891,0.0,0.31830873406075955,CM
,235560,Contig_3412.fasta,0.0022023288720196387,4.7053332519651944e-07,0.3494502158844784,CM
,235560,Contig_498484.fasta,0.01558189670659613,5.238525508311475e-05,0.4591892434438828,CM
,235560,Contig_303206.fasta,0.014947229026765142,4.0186953880425715e-05,0.4551691041530317,CM
,235560,Contig_368656.fasta,0.02348325258786444,0.00010869207418525914,0.4721633088489572,CM
,235560,Contig_552825.fasta,0.02796243105480481,0.00015627412237644012,0.4774631010911394,CM
,235560,Contig_55071.fasta,0.026748830191960754,0.0001432292614323225,0.47600594005016944,CM
,235560,Contig_993479.fasta,0.024474210856559094,0.00012015488965124157,0.4735970031065957,CM
,235560,Contig_499778.fasta,0.011709091434638937,2.5111019075234533e-05,0.4469091108589461,CM
,235560,Contig_5203.fasta,0.0024073982296727004,5.737374856488718e-07,0.36286455143025714,CM
,235560,Contig_139312.fasta,0.019691326074413734,7.269483064033274e-05,0.46466121059515053,CM
,235560,Contig_132309.fasta,0.01665727230647665,4.9992262036866196e-05,0.46009227047130435,CM
,235560,Contig_1064674.fasta,0.004614068726487219,4.622437062265222e-06,0.4037220354351308,CM
,235560,Contig_551478.fasta,0.008757176949427476,1.1604889931080804e-05,0.4290819248686993,CM
,235560,Contig_549697.fasta,0.002338595478369682,5.921292513858419e-07,0.35704985812233236,CM
,235560,Contig_424567.fasta,0.009231305061806,1.567863531585487e-05,0.43709840174620884,CM
,235560,Contig_549556.fasta,0.00842278827916165,1.3679133369507674e-05,0.4377117297187245,CM
,235560,Contig_1064927.fasta,0.023367046023331256,0.00010973028649533933,0.4721633088489572,CM
,235560,Contig_134109.fasta,0.0044193986785041545,3.114331159903613e-06,0.3933701883726915,CM
,235560,Contig_550094.fasta,0.02135777583512894,8.971326944653481e-05,0.46861676421564,CM
,235560,Contig_136183.fasta,0.024656760508224768,0.00012220466148562303,0.4743171201919073,CM
,235560,Contig_499700.fasta,0.020559334150227444,8.197109035372039e-05,0.4669798793106951,CM
,235560,Contig_131801.fasta,0.012722535556842024,3.082370097002946e-05,0.4505670092145561,CM
,235560,Contig_303182.fasta,0.0,0.0,0.0,CM
,235560,Contig_502444.fasta,0.025573274819018457,0.00013270955017187716,0.4755221941761347,CM
,235560,Contig_203422.fasta,0.00555242998700999,5.33518408829298e-06,0.4079458056402062,CM
,235560,Contig_61582.fasta,0.021129973844485655,8.55462054086283e-05,0.46791383906931655,CM
,235560,Contig_204934.fasta,0.012923129391264896,3.24248631662942e-05,0.4516542848159426,CM
,235560,Contig_302553.fasta,0.013048218407265054,3.1318673446922394e-05,0.45296596231298797,CM
,235560,Contig_308121.fasta,0.02453340900815241,0.00012183217909355277,0.4745576461149255,CM
,235560,Contig_502068.fasta,0.0024288792301832146,6.39227718470856e-07,0.3648450986895256,CM
,235560,Contig_134208.fasta,0.022370191605743765,0.00010191792565029977,0.471925203297344,CM
,235560,Contig_372022.fasta,0.02075130170497797,8.875539310516887e-05,0.4688515421536238,CM
,235560,Contig_542609.fasta,0.02104981181085401,8.900632276766311e-05,0.470501597857533,CM
,235560,Contig_60217.fasta,0.013837482375285513,3.447106229396528e-05,0.45406486081447506,CM
,235560,Contig_993700.fasta,0.020667494210097007,8.412925514150874e-05,0.46767999906978164,CM
,235560,Contig_58603.fasta,0.01849389641747376,7.207963820550725e-05,0.46558590952170803,CM
,235560,Contig_62124.fasta,0.02677461968249634,0.00014202747595556253,0.47576394414775447,CM
,235560,Contig_428405.fasta,0.007802260187115692,1.0217410851524545e-05,0.42615103740374916,CM
,235560,Contig_498444.fasta,0.014232520783778081,3.845334986703135e-05,0.45539059763437134,CM
,235560,Contig_543124.fasta,0.003435770275780874,1.7713283081170518e-06,0.3830649521648109,CM
,235560,Contig_502700.fasta,0.008485837315383925,1.3220364505963237e-05,0.4332535546938116,CM
,235560,Contig_547137.fasta,0.0,0.0,0.0,CM
,235560,Contig_303062.fasta,0.02327620751015299,0.00010866510029419692,0.4724016547898198,CM
,235560,Contig_986691.fasta,0.007271499282144578,8.702203097086951e-06,0.4269286852822231,CM
,235560,Contig_930711.fasta,0.023337334692204628,0.00010787291667008954,0.4721633088489572,CM
,235560,Contig_550174.fasta,0.014448186599199385,4.2629504616146884e-05,0.45450591458894274,CM
,235560,Contig_132605.fasta,0.009603021171007952,1.8246228374260052e-05,0.44247171543197783,CM
,235560,Contig_985136.fasta,0.00572796599046169,6.387044092732135e-06,0.41389990187467185,CM
,235560,Contig_135781.fasta,0.021372809352591466,9.136491327990705e-05,0.47026516489378545,CM
,235560,Contig_135350.fasta,0.01997308104086809,7.820038154610334e-05,0.46721301954000655,CM
,235560,Contig_24572895.fasta,0.01639231576979503,5.4164664284531725e-05,0.4589640402837828,CM
,235560,Contig_549067.fasta,0.0037361428588093457,1.690739617720316e-06,0.3933701883726915,CM
,235560,Contig_201548.fasta,0.0012424628489782828,0.0,0.31841703917612557,CM
,235560,Contig_423546.fasta,0.0025670792687362324,5.895628777885733e-07,0.3713601897375528,CM
,235560,Contig_56965.fasta,0.02338583179288601,0.00010632245994516219,0.471925203297344,CM
,235560,Contig_989310.fasta,0.01961490222387288,6.797725637058034e-05,0.4637401774720679,CM
,235560,Contig_1268491.fasta,0.0012483953724016495,0.0,0.31939511199270754,CM
,235560,Contig_306129.fasta,0.014092002259933534,3.8539472967017335e-05,0.45384465477140307,CM
,235560,Contig_420630.fasta,0.0,0.0,0.0,CM
,235560,Contig_133996.fasta,0.025475353708668942,0.0001331102860897975,0.4755221941761347,CM
,235560,Contig_932723.fasta,0.01273266342226321,2.9943028005451664e-05,0.4510012906692208,CM
,235560,Contig_501147.fasta,0.008549450102383855,1.478178028796315e-05,0.4286888127066574,CM
,235560,Contig_303326.fasta,0.014793189761984842,4.324104004339862e-05,0.4573937820814434,CM
,235560,Contig_131637.fasta,0.016593315865991314,5.255568225877043e-05,0.46145349020642656,CM
,235560,Contig_309378.fasta,0.009123650030614832,1.2781121703517003e-05,0.4338561326558336,CM
,235560,Contig_987947.fasta,0.004580846679710613,4.00975093974997e-06,0.4026797238118043,CM
,235560,Contig_794883.fasta,0.022038760587217484,9.309675602465853e-05,0.46838222129060714,CM
,235560,Contig_500102.fasta,0.025401714256776158,0.00012577133407867157,0.4735970031065957,CM
,235560,Contig_371148.fasta,0.011641199980029916,2.4471139761933506e-05,0.44776443930078136,CM
,235560,Contig_429171.fasta,0.02373601079788994,0.0001138396438872588,0.4721633088489572,CM
,235560,Contig_543887.fasta,0.0023247818473822873,6.647764639082748e-07,0.35786909297844477,CM
,235560,Contig_53404.fasta,0.02174342513458906,8.787522956420499e-05,0.46767999906978164,CM
,235560,Contig_53441.fasta,0.0071726985060976915,9.529933687895531e-06,0.42987031609491644,CM
,235560,Contig_542338.fasta,0.018083272913329153,6.491851884962965e-05,0.4644306094980809,CM
,235560,Contig_1065711.fasta,0.010086183210083843,1.904936336971302e-05,0.43914954394116995,CM
,235560,Contig_984988.fasta,0.020057126070868334,7.842558331742695e-05,0.46767999906978164,CM
,235560,Contig_368263.fasta,0.019578602064124588,7.440076769574787e-05,0.4644306094980809,CM
,235560,Contig_993761.fasta,0.013102863202397312,3.1731844431720774e-05,0.44905358835826925,CM
,235560,Contig_542943.fasta,0.011482287549956463,2.496079396877639e-05,0.44584453460630447,CM
,235560,Contig_133011.fasta,0.011667952438312684,2.6880606277786133e-05,0.44862304800509734,CM
,235560,Contig_542594.fasta,0.007152352626030613,9.00994387923665e-06,0.4265395069000151,CM
,235560,Contig_548958.fasta,0.019668619596340066,7.265233237144906e-05,0.46512310046651745,CM
,235560,Contig_931946.fasta,0.015563797874696313,4.5363003460590666e-05,0.4591892434438828,CM
,235560,Contig_1063039.fasta,0.01230370050773085,2.7277949398023356e-05,0.4460570439173656,CM
,235560,Contig_502009.fasta,0.022403172937612285,9.700643966229358e-05,0.47026516489378545,CM
,235560,Contig_498308.fasta,0.01714158892787029,6.0078149876991145e-05,0.4616811436303074,CM
,235560,Contig_53952.fasta,0.022289562762719494,9.490493924054773e-05,0.46955728958285653,CM
,235560,Contig_929016.fasta,0.011860178399080558,2.6277382977409113e-05,0.44776443930078136,CM
,235560,Contig_55444.fasta,0.014655531932498335,3.740983638851471e-05,0.4534048828191052,CM
,235560,Contig_58949.fasta,0.010381007969849719,1.8473970120340482e-05,0.44163646915461685,CM
,235560,Contig_1065204.fasta,0.019906402315678005,7.884331388424821e-05,0.46767999906978164,CM
,235560,Contig_55095.fasta,0.020683216855543352,7.573253672041549e-05,0.4639700932764666,CM
,235560,Contig_986384.fasta,0.022277564963041858,9.920834661646528e-05,0.47097517772452596,CM
,235560,Contig_420408.fasta,0.0211657744763819,8.759712357911631e-05,0.46861676421564,CM
,235560,Contig_137576.fasta,0.025050783593852412,0.00012711987400842602,0.47383679905753573,CM
,235560,Contig_53578.fasta,0.01503817181334532,4.151192310767209e-05,0.4562787314181536,CM
,235560,Contig_56433.fasta,0.011683310622209824,2.6436022488202268e-05,0.45013356331824583,CM
,235560,Contig_24577731.fasta,0.018372432437769162,6.262590020589048e-05,0.4619090217860973,CM
,235560,Contig_56476.fasta,0.02201584317420522,9.391167401102131e-05,0.46979301111377164,CM
,235560,Contig_54700.fasta,0.017351878622233235,5.920600712527389e-05,0.4616811436303074,CM
,235560,Contig_1064903.fasta,0.018425649038500556,6.454579524887276e-05,0.4630517952195117,CM
,235560,Contig_542569.fasta,0.0032769254087080765,1.521124054177467e-06,0.3728397124058299,CM
,235560,Contig_1062081.fasta,0.003429422002152307,1.4215815816980556e-06,0.3801087238580963,CM
,235560,Contig_24576774.fasta,0.0038718922135849913,1.915450815166776e-06,0.3968734852157053,CM
,235560,Contig_138216.fasta,0.018274296918043425,6.735170092084113e-05,0.46466121059515053,CM
,235560,Contig_799287.fasta,0.009793170085784402,1.754886358552479e-05,0.4428905244385391,CM
,235560,Contig_1066406.fasta,0.02415567979593566,0.00012064320115214777,0.4743171201919073,CM
,235560,Contig_371290.fasta,0.00950837299289203,1.695867431798534e-05,0.44038949559465085,CM
,235560,Contig_498639.fasta,0.013117889747650059,2.8517799698112555e-05,0.4499171529512659,CM
,235560,Contig_542359.fasta,0.008154192570596878,1.145748427317523e-05,0.4296729468037801,CM
,235560,Contig_991920.fasta,0.01894103018817239,7.179493848848595e-05,0.4669798793106951,CM
,235560,Contig_306564.fasta,0.00610437496393916,7.745674658018207e-06,0.42268639482323084,CM
,235560,Contig_550251.fasta,0.0010002781711144098,0.0,0.2968996440795156,CM
,235560,Contig_131613.fasta,0.014197102405871328,3.907779341826238e-05,0.4567240986523344,CM
,235560,Contig_423948.fasta,0.0,0.0,0.0,CM
,235560,Contig_56904.fasta,0.00842559257214399,1.1914097910919962e-05,0.4332535546938116,CM
,235560,Contig_135088.fasta,0.02112551386709859,9.040146528817183e-05,0.46979301111377164,CM
,235560,Contig_427790.fasta,0.02473411687959929,0.0001211505262627977,0.4743171201919073,CM
,235560,Contig_246.fasta,0.007164667843287601,9.303771339179934e-06,0.4271235409122013,CM
,235560,Contig_139152.fasta,0.018926646315051487,7.065635303119978e-05,0.4662818525852681,CM
,235560,Contig_60097.fasta,0.004506277032693409,3.1939756600099095e-06,0.3967052471973858,CM
,235560,Contig_309018.fasta,0.023821550666894047,0.00011059404398786608,0.470501597857533,CM
,235560,Contig_368416.fasta,0.009304639537810714,1.638268178668357e-05,0.4377117297187245,CM
,235560,Contig_305513.fasta,0.02695510056224666,0.0001453369639612288,0.47673340710067913,CM
,235560,Contig_137002.fasta,0.008703113125347396,1.5032514054232056e-05,0.4399754010994984,CM
,235560,Contig_421629.fasta,0.0,0.0,0.0,CM
,235560,Contig_625912.fasta,0.0,0.0,0.0,CM
,235560,Contig_131696.fasta,0.011774460994074816,2.5525825214265485e-05,0.44797878321619583,CM
,235560,Contig_304203.fasta,0.026800216553794283,0.00014533748320102785,0.47673340710067913,CM
,235560,Contig_420590.fasta,0.012720833959405074,2.7958035612578085e-05,0.44797878321619583,CM
,235560,Contig_370681.fasta,0.021758282143222153,9.357558701519342e-05,0.4688515421536238,CM
,235560,Contig_548716.fasta,0.009111602922548891,1.4860821535019566e-05,0.43506633107328363,CM
,235560,Contig_212088.fasta,0.018954179883974697,6.850445746153476e-05,0.464200237171941,CM
,235560,Contig_985929.fasta,0.014314940046546596,3.8236752610696554e-05,0.45450591458894274,CM
,235560,Contig_1124471.fasta,0.0008503988994961071,0.0,0.2857489093553078,CM
,235560,Contig_24578704.fasta,0.02385326721137475,0.00010894968981980974,0.47097517772452596,CM
,235560,Contig_53458.fasta,0.015643274913549013,4.659722874096215e-05,0.4596403134276194,CM
,235560,Contig_369801.fasta,0.0099812583920923,1.813274523422096e-05,0.43709840174620884,CM
,235560,Contig_498641.fasta,0.017337776451530274,5.6872686539781886e-05,0.4619090217860973,CM
,235560,Contig_984991.fasta,0.019998125946219747,8.203322998310718e-05,0.4674463926766399,CM
,235560,Contig_501958.fasta,0.00784422652236974,1.1220716126179282e-05,0.4284925266202533,CM
,235560,Contig_133189.fasta,0.0012084421946108696,0.0,0.31541209239589924,CM
,235560,Contig_62449.fasta,0.02182936851681986,9.846800180281447e-05,0.47097517772452596,CM
,235560,Contig_370912.fasta,0.026949176104970968,0.00014555778424584488,0.47673340710067913,CM
,235560,Contig_542449.fasta,0.0012483953724016495,0.0,0.31939511199270754,CM
,235560,Contig_548885.fasta,0.0024741005674164375,4.734973733000805e-07,0.36598657729316897,CM
,235560,Contig_367951.fasta,0.016090326905741133,5.0414850306267856e-05,0.4591892434438828,CM
,235560,Contig_1234.fasta,0.02138211059414764,9.190088866238515e-05,0.47097517772452596,CM
,235560,Contig_53375.fasta,0.008540145108567097,1.3318151802258928e-05,0.43567396561388877,CM
,235560,Contig_1064866.fasta,0.0023595928553941195,4.4462521974340757e-07,0.35569277010210304,CM
,235560,Contig_55484.fasta,0.02102043341992579,9.218985793467793e-05,0.470501597857533,CM
,235560,Contig_309986.fasta,0.02103566721002709,9.153955610795167e-05,0.46932180448276484,CM
,235560,Contig_2772.fasta,0.0012584714281547366,0.0,0.3222547101028351,CM
,235560,Contig_133368.fasta,0.02220837718008942,9.683161529411464e-05,0.46979301111377164,CM
,235560,Contig_1062791.fasta,0.005863049165618911,4.994130960206515e-06,0.4146334417982424,CM
,235560,Contig_802396.fasta,0.0026156807631656067,5.973666117844043e-07,0.3746307758761541,CM
,235560,Contig_1063340.fasta,0.01391818309316051,3.809068611645165e-05,0.45450591458894274,CM
,235560,Contig_500006.fasta,0.023224357535902868,0.00011315089295226398,0.47383679905753573,CM
,235560,Contig_132445.fasta,0.01836408128530028,6.837818383044047e-05,0.4639700932764666,CM
,235560,Contig_992335.fasta,0.02294800039584098,0.00010278573221526781,0.4712123253467438,CM
,235560,Contig_500492.fasta,0.021208920138807524,8.331398080957845e-05,0.466746971640216,CM
,235560,Contig_304732.fasta,0.01479704626911579,4.085118768719874e-05,0.4585142960012901,CM
,235560,Contig_545842.fasta,0.007347078959923892,8.897779024191353e-06,0.4284925266202533,CM
,235560,Contig_552844.fasta,0.0021088703276508436,5.186793810142234e-07,0.3487989855157037,CM
,235560,Contig_57067.fasta,0.0037659923449990516,1.8858298378237708e-06,0.39536446055709046,CM
,235560,Contig_2436.fasta,0.005047010677126193,3.2978447461913967e-06,0.4100910070721442,CM
,235560,Contig_133069.fasta,0.0012084421946108696,0.0,0.31541209239589924,CM
,235560,Contig_420771.fasta,0.01950027521322153,7.669535394692426e-05,0.46512310046651745,CM
,235560,Contig_56861.fasta,0.012602004356763634,2.9555408061112086e-05,0.4497009505711836,CM
,235560,Contig_132069.fasta,0.01766753931268145,6.229391719040602e-05,0.46282278839695007,CM
,235560,Contig_551070.fasta,0.00945184226157623,1.7516458332721764e-05,0.43935571743597795,CM
,235560,Contig_985077.fasta,0.006397625369157838,7.407348088924166e-06,0.4281004932015705,CM
,235560,Contig_551035.fasta,0.0011128668166545585,0.0,0.30773682280126047,CM
,235560,Contig_545300.fasta,0.0,0.0,0.0,CM
,235560,Contig_542610.fasta,0.0025144190991873224,4.783445152248059e-07,0.367423509280971,CM
,235560,Contig_1065239.fasta,0.01715284894928192,5.800966390314826e-05,0.46054511719420915,CM
,235560,Contig_370582.fasta,0.012081042267907694,2.3367356421690683e-05,0.44669578908765306,CM
,235560,Contig_57185.fasta,0.008304579201902583,1.2773385094033238e-05,0.4340573646283085,CM
,235560,Contig_131669.fasta,0.01991378906822866,8.001118463201499e-05,0.4674463926766399,CM
,235560,Contig_136379.fasta,0.01904896685724379,6.78727602430095e-05,0.464200237171941,CM
,235560,Contig_986919.fasta,0.013604910899128495,3.286337808505252e-05,0.4510012906692208,CM
,235560,Contig_61778.fasta,0.023290636741923096,0.00010443969285168987,0.4714497119086313,CM
,235560,Contig_53377.fasta,0.003385975400541446,2.071632367527613e-06,0.38243877324831754,CM
,235560,Contig_61055.fasta,0.018787649496243723,6.781601973252925e-05,0.46466121059515053,CM
,235560,Contig_932015.fasta,0.014959384158114337,4.0496380338017835e-05,0.45384465477140307,CM
,235560,Contig_304943.fasta,0.0037102790771457537,1.8582083467449738e-06,0.39205181321266575,CM
,235560,Contig_303410.fasta,0.01780539687340467,6.249700890423994e-05,0.4639700932764666,CM
,235560,Contig_797051.fasta,0.010382600582296944,1.9344564929526485e-05,0.441428150065393,CM
,235560,Contig_368429.fasta,0.01923627422352299,7.384623749886228e-05,0.46512310046651745,CM
,235560,Contig_369429.fasta,0.010470145279662786,1.9840308287361147e-05,0.44247171543197783,CM
,235560,Contig_498995.fasta,0.02163151941004273,9.270038578190924e-05,0.47026516489378545,CM
,235560,Contig_132970.fasta,0.009457792738776387,1.4100134935747884e-05,0.43709840174620884,CM
,235560,Contig_369790.fasta,0.014211966343615384,3.469751618832901e-05,0.45362466220971065,CM
,235560,Contig_498542.fasta,0.003453563609501806,1.920544250879105e-06,0.3862268584971659,CM
,235560,Contig_369341.fasta,0.020812398260631172,8.35038913722546e-05,0.4665142961807742,CM
,235560,Contig_60785.fasta,0.007075118645536351,8.662449434038982e-06,0.4255696580894193,CM
,235560,Contig_24569917.fasta,0.008914443504870181,1.3626042742457263e-05,0.4344603891080005,CM
,235560,Contig_501535.fasta,0.007562167233526075,1.0000034681280411e-05,0.42402704038904987,CM
,235560,Contig_56399.fasta,0.015090735414473226,4.4865612778081584e-05,0.4571703361693371,CM
,235560,Contig_498337.fasta,0.026671530787874313,0.00014051756228183605,0.47576394414775447,CM
,235560,Contig_137165.fasta,0.021908123263364266,9.712374943902885e-05,0.470501597857533,CM
,235560,Contig_992875.fasta,0.010736728524780269,1.9344429812010188e-05,0.4422626078159892,CM
,235560,Contig_136120.fasta,0.028674179876558927,0.00016703938045694065,0.478439508250835,CM
,235560,Contig_425638.fasta,0.0,0.0,0.0,CM
,235560,Contig_1267810.fasta,0.02555963691965517,0.0001303704023483798,0.4750394305272249,CM
,235560,Contig_370427.fasta,0.0024765309160680172,6.564664525073079e-07,0.3639936515513936,CM
,235560,Contig_131789.fasta,0.020864326195095033,8.978334796935513e-05,0.4700289694317595,CM
,235560,Contig_2471.fasta,0.01973450648494289,7.588295223970503e-05,0.4665142961807742,CM
,235560,Contig_1062006.fasta,0.01505191275251045,4.27591553927891e-05,0.45494782602753187,CM
,235560,Contig_1125243.fasta,0.024245617234634424,0.00011756188540390729,0.4726402414841581,CM
,235560,Contig_57065.fasta,0.008459938343417113,1.1854967775242015e-05,0.4348641627038258,CM
,235560,Contig_61698.fasta,0.01539040580357918,4.478657995023862e-05,0.45806543227539553,CM
,235560,Contig_302649.fasta,0.018709608042979935,6.356134139344098e-05,0.4619090217860973,CM
,235560,Contig_423091.fasta,0.015926115399831034,4.502021057780705e-05,0.4578413298134213,CM
,235560,Contig_54356.fasta,0.006837549321922704,8.958352500755898e-06,0.4249898629149106,CM
,235560,Contig_546759.fasta,0.007052232368517434,8.367506990462668e-06,0.4267340073591578,CM
,235560,Contig_307829.fasta,0.021285643087981553,9.311967628566858e-05,0.470501597857533,CM
,235560,Contig_56065.fasta,0.018569739241286735,7.276317579334049e-05,0.4662818525852681,CM
,235560,Contig_793801.fasta,0.017789808215678018,6.342304707966581e-05,0.4639700932764666,CM
,235560,Contig_809830.fasta,0.00834853050461819,1.167479115462285e-05,0.4310583501329494,CM
,235560,Contig_57449.fasta,0.013088395794791232,3.029875398752695e-05,0.4507840453461624,CM
,235560,Contig_55851.fasta,0.008276835150906199,1.3258928170988875e-05,0.43365508718194307,CM
,235560,Contig_54486.fasta,0.012804065634867794,3.1257531135572754e-05,0.4520906657674556,CM
,235560,Contig_371875.fasta,0.018182997549786795,6.688965660453844e-05,0.46466121059515053,CM
,235560,Contig_308206.fasta,0.0,0.0,0.0,CM
,235560,Contig_56474.fasta,0.02039853220966613,8.331550241889465e-05,0.466746971640216,CM
,235560,Contig_54702.fasta,0.0013572093350108696,0.0,0.3311492137787095,CM
,235560,Contig_131749.fasta,0.01269614101691623,3.226023689459167e-05,0.4527468205798902,CM
,235560,Contig_370036.fasta,0.02499026805136113,0.00012632988531567,0.47383679905753573,CM
,235560,Contig_986386.fasta,0.013012733828932019,3.330129950428245e-05,0.4542852806498219,CM
,235560,Contig_62203.fasta,0.018547826884963328,7.044091040643794e-05,0.46512310046651745,CM
,235560,Contig_499726.fasta,0.023636723845359985,0.00010742211260219654,0.4724016547898198,CM
,235560,Contig_704029.fasta,0.006962147701783809,9.120868086579685e-06,0.42518295235739806,CM
,235560,Contig_1275222.fasta,0.015275088024109837,4.683982714061972e-05,0.4585142960012901,CM
,235560,Contig_202090.fasta,0.009427954123618878,1.650666980809852e-05,0.4381215721622814,CM
,235560,Contig_134602.fasta,0.013884871113165597,3.800579965342802e-05,0.4518723699365684,CM
,235560,Contig_708522.fasta,0.015362680441581513,4.446759539417822e-05,0.4567240986523344,CM
,235560,Contig_553715.fasta,0.007456778004410173,8.949153591078175e-06,0.429475758668487,CM
,235560,Contig_56788.fasta,0.017363853355826003,5.462197370586821e-05,0.4596403134276194,CM
,235560,Contig_543246.fasta,0.0,0.0,0.0,CM
,235560,Contig_1064243.fasta,0.01554568883259246,4.3626192900124936e-05,0.457617446522559,CM
,235560,Contig_1064692.fasta,0.0021104996359147133,4.1849398725249543e-07,0.34254307398925077,CM
,235560,Contig_58108.fasta,0.0026156807631656067,5.973666117844043e-07,0.3746307758761541,CM
,235560,Contig_133815.fasta,0.0036836254678676472,1.6970626920874329e-06,0.387827467110913,CM
,235560,Contig_62147.fasta,0.02193909119306786,0.00010086002311374453,0.4721633088489572,CM
,235560,Contig_501081.fasta,0.009826494404823406,1.778857544904188e-05,0.4435202266059872,CM
,235560,Contig_61231.fasta,0.018482488503663578,6.793353895987605e-05,0.4639700932764666,CM
,235560,Contig_24568074.fasta,0.014113700878577117,3.654699683450233e-05,0.45296596231298797,CM
,235560,Contig_546764.fasta,0.01509978016638953,4.5683050861117316e-05,0.4558342319233478,CM
,235560,Contig_137630.fasta,0.021922526586209284,9.425558207236853e-05,0.46955728958285653,CM
,235560,Contig_498427.fasta,0.008660042501078371,1.3722402168687887e-05,0.43709840174620884,CM
,235560,Contig_24578527.fasta,0.019546874503649597,7.263003551106565e-05,0.46489204080408997,CM
,235560,Contig_132013.fasta,0.023064276181834032,0.00010379980164904555,0.47097517772452596,CM
,235560,Contig_62777.fasta,0.023929241713321985,0.00011616085992245778,0.4731181385938489,CM
,235560,Contig_550583.fasta,0.023631978548254242,0.00010939784821198185,0.4731181385938489,CM
,235560,Contig_53808.fasta,0.008336063989638888,1.250563765965652e-05,0.43567396561388877,CM
,235560,Contig_802698.fasta,0.02239476329695612,9.955792551341212e-05,0.47073826868140495,CM
,235560,Contig_369414.fasta,0.02198116964272538,0.00010025960294857471,0.47168733777148847,CM
,235560,Contig_621060.fasta,0.02044535857133742,8.236020635396083e-05,0.4662818525852681,CM
,235560,Contig_992910.fasta,0.009651741938693411,1.7031584295085904e-05,0.441428150065393,CM
,235560,Contig_4802.fasta,0.02124644625059319,8.807130762719755e-05,0.46979301111377164,CM
,235560,Contig_53766.fasta,0.012509494623946476,2.75554044523262e-05,0.44776443930078136,CM
,235560,Contig_201.fasta,0.007468732431009908,9.170118663077449e-06,0.4304635134032351,CM
,235560,Contig_425070.fasta,0.0174641908662826,5.962204183034675e-05,0.46122606118217496,CM
,235560,Contig_425833.fasta,0.009298944122901682,1.5011502017922901e-05,0.43567396561388877,CM
,235560,Contig_797704.fasta,0.011803507769221592,2.7216428123371117e-05,0.44776443930078136,CM
,235560,Contig_627634.fasta,0.025213957695940623,0.0001249952956334218,0.47383679905753573,CM
,235560,Contig_991161.fasta,0.023260993694590986,0.00011014206553326869,0.4724016547898198,CM
,235560,Contig_545925.fasta,0.0012501884654962474,0.0,0.3211488257167581,CM
,235560,Contig_131611.fasta,0.0050314811318188275,3.715403401391987e-06,0.4129866187725653,CM
,235560,Contig_552125.fasta,0.016191903738239075,5.252580826584219e-05,0.4603185824587472,CM
,235560,Contig_138251.fasta,0.005792218670458837,6.097938770247395e-06,0.4113528255554431,CM
,235560,Contig_55132.fasta,0.013125564984332245,3.1057112062083514e-05,0.4512187454863226,CM
,235560,Contig_139680.fasta,0.019839487975578322,7.969695535010644e-05,0.46767999906978164,CM
,235560,Contig_55177.fasta,0.004544365269183445,3.6082477524777677e-06,0.39992635817890304,CM
,235560,Contig_1067090.fasta,0.018399198897575474,6.462065835492486e-05,0.46259400797757444,CM
,235560,Contig_501431.fasta,0.014218025566384204,3.8428117462931246e-05,0.4542852806498219,CM
,235560,Contig_499446.fasta,0.019351415259406455,7.715509940169135e-05,0.4665142961807742,CM
,235560,Contig_136280.fasta,0.016354828236841826,5.027598230157781e-05,0.46009227047130435,CM
,235560,Contig_425598.fasta,0.0,0.0,0.0,CM
,235560,Contig_56039.fasta,0.010387652182088033,1.9879957676787726e-05,0.44163646915461685,CM
,235560,Contig_59601.fasta,0.012565306845929946,2.6577460809444567e-05,0.44648267086766846,CM
,235560,Contig_502702.fasta,0.017504191852585855,5.9599515013067745e-05,0.46351048941982814,CM
,235560,Contig_544473.fasta,0.02204852832070571,9.047824544128863e-05,0.46838222129060714,CM
,235560,Contig_551703.fasta,0.02419811858429873,0.00011988406681406657,0.4731181385938489,CM
,235560,Contig_988522.fasta,0.01426252371087286,3.7389305827616857e-05,0.45605637336190696,CM
,235560,Contig_371356.fasta,0.015208951713585217,4.803712636381526e-05,0.4582897542304766,CM
,235560,Contig_626449.fasta,0.01893515919913168,7.321875031688783e-05,0.4639700932764666,CM
,235560,Contig_548610.fasta,0.018231837293466828,6.307142835904988e-05,0.46489204080408997,CM
,235560,Contig_425664.fasta,0.008036393925726302,1.1359999555325512e-05,0.42987031609491644,CM
,235560,Contig_24566569.fasta,0.0,0.0,0.0,CM
,235560,Contig_548279.fasta,0.0010808833085254293,0.0,0.3037415378573947,CM
,235560,Contig_58194.fasta,0.020771839854984868,8.103931719367338e-05,0.466746971640216,CM
,235560,Contig_368907.fasta,0.01755959314605925,6.071189766254034e-05,0.46282278839695007,CM
,235560,Contig_131846.fasta,0.0010878049447166703,0.0,0.3047306018035275,CM
,235560,Contig_991730.fasta,0.024969945196303994,0.00012264418895439154,0.473357449741342,CM
,235560,Contig_368942.fasta,0.0011572097641764528,0.0,0.3116309284510933,CM
,235560,Contig_501775.fasta,0.01489676514951694,4.1773667014100455e-05,0.45561230678609205,CM
,235560,Contig_368101.fasta,0.023158278350616717,0.00011038597579895244,0.47287906929693435,CM
,235560,Contig_24.fasta,0.002279931837555544,3.890402552743201e-07,0.352610278123072,CM
,235560,Contig_1066255.fasta,0.026690630049551654,0.00014468925204779947,0.47600594005016944,CM
,235560,Contig_929331.fasta,0.018566474200722594,6.757858885054871e-05,0.46466121059515053,CM
,235560,Contig_987858.fasta,0.02165339323311816,9.730196211731134e-05,0.47073826868140495,CM
,235560,Contig_55763.fasta,0.01569496988524764,4.5792222966061756e-05,0.4585142960012901,CM
,235560,Contig_420346.fasta,0.009074771194391136,1.7491469600075032e-05,0.43669047043333326,CM
,235560,Contig_370486.fasta,0.015938271162521427,5.1648372280427206e-05,0.4609988562259276,CM
,235560,Contig_420797.fasta,0.006047482659744158,6.492879864535081e-06,0.4202189843460409,CM
,235560,Contig_2842.fasta,0.003690833420003741,1.6958325525357706e-06,0.38976579680909335,CM
,235560,Contig_54955.fasta,0.02188274036353754,9.469574911673044e-05,0.46979301111377164,CM
,235560,Contig_53894.fasta,0.01809552518445995,6.421872171023723e-05,0.4619090217860973,CM
,235560,Contig_54153.fasta,0.02041576726285349,8.088660127419429e-05,0.46908655545796146,CM
,235560,Contig_1061936.fasta,0.011305354052343447,2.6057502265258282e-05,0.44542012286465166,CM
,235560,Contig_55116.fasta,0.024268115173341608,0.00011558337813360221,0.47287906929693435,CM
,235560,Contig_922.fasta,0.0,0.0,0.0,CM
,235560,Contig_552669.fasta,0.005653352935793551,5.509353436836857e-06,0.4109915143340505,CM
,235560,Contig_1270681.fasta,0.016255469566827878,5.20742765233515e-05,0.4591892434438828,CM
,235560,Contig_986945.fasta,0.0200606683693889,8.290684467818988e-05,0.4688515421536238,CM
,235560,Contig_137360.fasta,0.02316039489562769,0.00010391850423039832,0.4714497119086313,CM
,235560,Contig_985270.fasta,0.011585637203155153,2.544170788348086e-05,0.44669578908765306,CM
,235560,Contig_59388.fasta,0.013242713390556212,3.0361917979279345e-05,0.4499171529512659,CM
,235560,Contig_138131.fasta,0.022056840464936153,9.237844925970001e-05,0.46908655545796146,CM
,235560,Contig_4065.fasta,0.022899273566733037,0.00010868063448735007,0.4731181385938489,CM
,235560,Contig_53742.fasta,0.0010808833085254293,0.0,0.3037415378573947,CM
,235560,Contig_371523.fasta,0.015217418360416748,4.1964790912644385e-05,0.4562787314181536,CM
,235560,Contig_24574115.fasta,0.02130065140374287,8.980573841463597e-05,0.46908655545796146,CM
,235560,Contig_422544.fasta,0.008313141351445862,1.081284481518227e-05,0.4316548330897754,CM
,235560,Contig_499233.fasta,0.0211466063985554,8.673584817339925e-05,0.46908655545796146,CM
,235560,Contig_542382.fasta,0.0,0.0,0.0,CM
,235560,Contig_542716.fasta,0.014410627758915965,3.795882862773694e-05,0.4558342319233478,CM
,235560,Contig_131534.fasta,0.004902746288566554,3.5806123595959712e-06,0.4063515753967143,CM
,235560,Contig_1066498.fasta,0.02371573603728407,0.0001122371228645939,0.47168733777148847,CM
,235560,Contig_137822.fasta,0.00469485137494946,2.982841486143782e-06,0.4011263086749392,CM
,235560,Contig_59872.fasta,0.023468619303217395,0.00011061754254443255,0.4721633088489572,CM
,235560,Contig_498523.fasta,0.006927016405386315,9.830900789651396e-06,0.42576327485834076,CM
,235560,Contig_57119.fasta,0.023119122656239638,0.00010552226232607022,0.47097517772452596,CM
,235560,Contig_1067031.fasta,0.007771840158213922,1.317983089548666e-05,0.4284925266202533,CM
,235560,Contig_372145.fasta,0.007550097266864451,9.202505629635586e-06,0.4310583501329494,CM
,235560,Contig_1062612.fasta,0.010051726612560161,1.8265030701523886e-05,0.4428905244385391,CM
,235560,Contig_422254.fasta,0.0280258121601214,0.00015914471434680987,0.4779508059952161,CM
,235560,Contig_1123102.fasta,0.016568371722651708,4.985682708314661e-05,0.45986618090350523,CM
,235560,Contig_59049.fasta,0.019414894877175782,7.187142180444942e-05,0.4632810287815015,CM
,235560,Contig_209172.fasta,0.025069165161476812,0.00012689265863815276,0.4745576461149255,CM
,235560,Contig_56634.fasta,0.0034135388211939577,1.7539017038172203e-06,0.38369318496868926,CM
,235560,Contig_3298.fasta,0.0,0.0,0.0,CM
,235560,Contig_369021.fasta,0.018478130898657408,6.4245040298753e-05,0.4637401774720679,CM
,235560,Contig_304922.fasta,0.01690311592970592,5.545373760701407e-05,0.45873905791109465,CM
,235560,Contig_930796.fasta,0.01745629015192701,6.142139978989659e-05,0.46351048941982814,CM
,235560,Contig_368021.fasta,0.016441824554982495,5.503863410577309e-05,0.4609988562259276,CM
,235560,Contig_545617.fasta,0.0,0.0,0.0,CM
,235560,Contig_131608.fasta,0.003285628994962105,1.6010301846697943e-06,0.3787242728201672,CM
,235560,Contig_370934.fasta,0.024411512601518876,0.00011635395930439173,0.4726402414841581,CM
,235560,Contig_369398.fasta,0.0234304727777971,0.0001129612079194365,0.47383679905753573,CM
,235560,Contig_1064046.fasta,0.016435557386852595,5.50976724196471e-05,0.46122606118217496,CM
,235560,Contig_991399.fasta,0.024196179220850874,0.00011509691515656436,0.4731181385938489,CM
,235560,Contig_55830.fasta,0.02355430106470964,0.00011142983529100672,0.47287906929693435,CM
,235560,Contig_57305.fasta,0.0035904237653207357,1.993185459151789e-06,0.3909054628816345,CM
,235560,Contig_1063323.fasta,0.025452177886186922,0.00012690118967702797,0.4735970031065957,CM
,235560,Contig_554259.fasta,0.0,0.0,0.0,CM
,235560,Contig_1066500.fasta,0.014242980493415696,3.830171500818768e-05,0.45494782602753187,CM
,235560,Contig_59255.fasta,0.0022242840911269007,6.132042341656654e-07,0.35115485108391487,CM
,235560,Contig_371829.fasta,0.022829143271887294,0.00010679480974161056,0.47097517772452596,CM
,235560,Contig_500065.fasta,0.008553009538705192,1.1836488594261653e-05,0.4342587833589945,CM
,235560,Contig_368285.fasta,0.007472463033780344,8.830589223554112e-06,0.4320534063428592,CM
,235560,Contig_542537.fasta,0.003712211174521459,1.8235400634099861e-06,0.3933701883726915,CM
,235560,Contig_986865.fasta,0.01760698181233753,6.378483482106382e-05,0.46466121059515053,CM
,235560,Contig_60641.fasta,0.018915613945970938,6.995918963191107e-05,0.46558590952170803,CM
,235560,Contig_425558.fasta,0.007195371072749276,9.233572008680693e-06,0.42615103740374916,CM
,235560,Contig_1262982.fasta,0.007785561435074432,1.0664163416374858e-05,0.42268639482323084,CM
,235560,Contig_305.fasta,0.002361262189056208,5.860584202725186e-07,0.3581430073243908,CM
,235560,Contig_420386.fasta,0.02312294779792565,0.00010936614838429613,0.4721633088489572,CM
,235560,Contig_553448.fasta,0.0009598660230413558,0.0,0.29400806727572515,CM
,235560,Contig_138817.fasta,0.00684501017197987,7.5297225245084096e-06,0.42211442405892335,CM
,235560,Contig_371446.fasta,0.008660150997448608,1.4463613319318127e-05,0.4375070959039893,CM
,235560,Contig_994196.fasta,0.020275735832541265,8.447281451358356e-05,0.46955728958285653,CM
,235560,Contig_501364.fasta,0.025371548975135085,0.00013034247499734021,0.4745576461149255,CM
,235560,Contig_546659.fasta,0.01617917600837524,5.2386382448217385e-05,0.4619090217860973,CM
,235560,Contig_990528.fasta,0.0256201755951583,0.00013254000093830046,0.4755221941761347,CM
,235560,Contig_371562.fasta,0.025771845307904887,0.00013210498404864551,0.47528068976060595,CM
,235560,Contig_423997.fasta,0.02757782505512779,0.00015499093514779444,0.4779508059952161,CM
,235560,Contig_57926.fasta,0.004425084258473725,3.6833174521653833e-06,0.3968734852157053,CM
,235560,Contig_309752.fasta,0.004908571226578595,3.625595203613445e-06,0.406528096498103,CM
,235560,Contig_57120.fasta,0.013964134263573185,3.7668134652178485e-05,0.45539059763437134,CM
,235560,Contig_200999.fasta,0.01071851261326973,2.1509283369374305e-05,0.4449965183731018,CM
,235560,Contig_499237.fasta,0.007100017757853562,8.429255954625314e-06,0.4253762173357423,CM
,235560,Contig_542386.fasta,0.0023311642679899607,4.490645096846895e-07,0.35569277010210304,CM
,235560,Contig_131530.fasta,0.011667418251761121,2.8042376501207964e-05,0.44905358835826925,CM
,235560,Contig_501205.fasta,0.027442463588342948,0.00014856687682054853,0.47576394414775447,CM
,235560,Contig_2219.fasta,0.0,0.0,0.0,CM
,235560,Contig_139618.fasta,0.027892680750456884,0.0001573843320846712,0.4781950322629704,CM
,235560,Contig_549709.fasta,0.005899382375178935,5.253166033926326e-06,0.41573863977726927,CM
,235560,Contig_502136.fasta,0.025446574704656843,0.0001329509587272581,0.47600594005016944,CM
,235560,Contig_132297.fasta,0.015552855921803572,4.8806372640738545e-05,0.46122606118217496,CM
,235560,Contig_305531.fasta,0.028962709225919217,0.0001681610787132008,0.478439508250835,CM
,235560,Contig_61421.fasta,0.026785006421791525,0.0001409310539272649,0.47528068976060595,CM
,235560,Contig_500205.fasta,0.00596514334360861,4.9722862150235e-06,0.41592341250605913,CM
,235560,Contig_59070.fasta,0.026639401810291344,0.00014127271334387378,0.4755221941761347,CM
,235560,Contig_929505.fasta,0.017297641313182552,5.962083244615283e-05,0.46145349020642656,CM
,235560,Contig_24570476.fasta,0.019150937297902907,7.136977431536877e-05,0.46581765960111154,CM
,235560,Contig_53402.fasta,0.017584767910393127,6.029902442312083e-05,0.4619090217860973,CM
,235560,Contig_53447.fasta,0.019766172569618087,7.763095999853427e-05,0.4662818525852681,CM
,235560,Contig_137449.fasta,0.007996414859218209,1.04194083382627e-05,0.4273185744925265,CM
,235560,Contig_133990.fasta,0.0,0.0,0.0,CM
,235560,Contig_134851.fasta,0.022652752465926573,0.00010300858342849576,0.47026516489378545,CM
,235560,Contig_425439.fasta,0.01888508998347676,7.025537883462084e-05,0.46466121059515053,CM
,235560,Contig_131631.fasta,0.0047563377509770455,3.6196418849740645e-06,0.40233348157292914,CM
,235560,Contig_1261393.fasta,0.012705824522237136,2.942313169265992e-05,0.44862304800509734,CM
,235560,Contig_369735.fasta,0.011638969959953525,2.5908803287329537e-05,0.44648267086766846,CM
,235560,Contig_56198.fasta,0.0243618496364574,0.00011708340735487266,0.4731181385938489,CM
,235560,Contig_307546.fasta,0.004718240926714596,3.49283549210556e-06,0.40547126435815994,CM
,235560,Contig_303510.fasta,0.0012263424505717696,0.0,0.31841703917612557,CM
,235560,Contig_372408.fasta,0.003666455718790222,1.6796191578544304e-06,0.3922161266297708,CM
,235560,Contig_131842.fasta,0.006360193428390541,7.406844695958181e-06,0.4255696580894193,CM
,235560,Contig_368140.fasta,0.0162569689618527,5.214947781121355e-05,0.4609988562259276,CM
,235560,Contig_986732.fasta,0.015949811421614415,5.0512928726040944e-05,0.4591892434438828,CM
,235560,Contig_302982.fasta,0.006859876962695989,8.294753868887668e-06,0.4211645716195468,CM
,235560,Contig_988949.fasta,0.015318902607698526,4.316707922830772e-05,0.45605637336190696,CM
,235560,Contig_61678.fasta,0.027022412467012088,0.00014507736262568124,0.47649067115001686,CM
,235560,Contig_498868.fasta,0.01496433892861745,4.541539932979203e-05,0.4585142960012901,CM
,235560,Contig_1065964.fasta,0.0,0.0,0.0,CM
,235560,Contig_57454.fasta,0.024513058784670354,0.00011407497915941125,0.47168733777148847,CM
,235560,Contig_370810.fasta,0.016246504557561933,5.376857643959836e-05,0.46077187500671246,CM
,235560,Contig_372325.fasta,0.02795606185577347,0.00016025184092566,0.47868423434201185,CM
,235560,Contig_542961.fasta,0.0037803293596577457,2.5168036795103726e-06,0.40026846798059584,CM
,235560,Contig_58291.fasta,0.011586667530581168,2.3253623019580224e-05,0.44478501812672677,CM
,235560,Contig_555161.fasta,0.01763068042963765,6.561658791604524e-05,0.46558590952170803,CM
,235560,Contig_711078.fasta,0.023229156979198227,0.00010316233750740566,0.47168733777148847,CM
,235560,Contig_502392.fasta,0.014011840127842184,3.757859863211925e-05,0.45494782602753187,CM
,235560,Contig_553434.fasta,0.014246085203406257,3.821471716747012e-05,0.45539059763437134,CM
,235560,Contig_135566.fasta,0.019993465804741192,7.942608094271982e-05,0.4681479130258295,CM
,235560,Contig_201082.fasta,0.016856643640095793,5.3016052552709724e-05,0.46077187500671246,CM
,235560,Contig_544432.fasta,0.01443195094657683,4.302765763242211e-05,0.457617446522559,CM
,235560,Contig_132870.fasta,0.011150711321952101,2.1930769160365182e-05,0.4469091108589461,CM
,235560,Contig_553471.fasta,0.02150843491969025,8.541527124683063e-05,0.46932180448276484,CM
,235560,Contig_1037.fasta,0.0,0.0,0.0,CM
,235560,Contig_702135.fasta,0.015706642064011418,4.622572342072136e-05,0.4591892434438828,CM
,235560,Contig_61579.fasta,0.012726877237754378,3.2304327617076454e-05,0.4505670092145561,CM
,235560,Contig_56384.fasta,0.023169165997507953,0.00010559961752533835,0.4712123253467438,CM
,235560,Contig_371783.fasta,0.009423920451540191,1.7602680021384443e-05,0.44018235095890546,CM
,235560,Contig_303179.fasta,0.00470486122601365,3.565514914643113e-06,0.40198783425199014,CM
,235560,Contig_370352.fasta,0.01607681550021758,5.061894794061479e-05,0.4585142960012901,CM
,235560,Contig_422425.fasta,0.013210643400679255,3.0158305075770925e-05,0.4512187454863226,CM
,235560,Contig_1063026.fasta,0.014981140857122521,4.6621037432160805e-05,0.4589640402837828,CM
,235560,Contig_371407.fasta,0.02875901461950134,0.00016925940615342098,0.47868423434201185,CM
,235560,Contig_4902.fasta,0.022114318011060282,9.779835401855506e-05,0.47026516489378545,CM
,235560,Contig_4141.fasta,0.020375145105900834,7.718521462283875e-05,0.4662818525852681,CM
,235560,Contig_53623.fasta,0.017546420990280535,6.057287436214742e-05,0.4637401774720679,CM
,235560,Contig_992810.fasta,0.012027671029624272,2.614879624959046e-05,0.44862304800509734,CM
,235560,Contig_544367.fasta,0.0011960322259348833,0.0,0.3153058214752807,CM
,235560,Contig_58581.fasta,0.01844315719858346,6.941434892702091e-05,0.464200237171941,CM
,235560,Contig_58115.fasta,0.022392845784519246,0.00010174315641397534,0.471925203297344,CM
,235560,Contig_550017.fasta,0.004679824820456913,3.2221378169473564e-06,0.4026797238118043,CM
,235560,Contig_368514.fasta,0.006992845264923415,8.197431685161177e-06,0.4236431317965745,CM
,235560,Contig_370392.fasta,0.02215974422083729,9.648272288952899e-05,0.47026516489378545,CM
,235560,Contig_208096.fasta,0.004780121254797477,3.8247468898425455e-06,0.40476975698037765,CM
,235560,Contig_4205.fasta,0.0021523384007683744,3.348828203239286e-07,0.34481491456839836,CM
,235560,Contig_1064672.fasta,0.01899656417606551,7.038140906479949e-05,0.4660496405072874,CM
,235560,Contig_59251.fasta,0.009363283009155612,1.5336823700640654e-05,0.4348641627038258,CM
,235560,Contig_3038.fasta,0.012933390850973402,3.154259277433657e-05,0.45143641010064306,CM
,235560,Contig_135971.fasta,0.02219577565596721,9.419467016126599e-05,0.46861676421564,CM
,235560,Contig_502317.fasta,0.010556456890870446,2.0691380055107254e-05,0.4428905244385391,CM
,235560,Contig_61645.fasta,0.011360111580114369,2.4256253124263682e-05,0.44478501812672677,CM
,235560,Contig_62576.fasta,0.020934450054402923,8.475454511063809e-05,0.46861676421564,CM
,235560,Contig_542533.fasta,0.0038154746411378816,1.7077362970969446e-06,0.39553156303407994,CM
,235560,Contig_131711.fasta,0.009520254405854462,1.581095010343826e-05,0.4381215721622814,CM
,235560,Contig_422009.fasta,0.00834444159508869,1.292386992754668e-05,0.4340573646283085,CM
,235560,Contig_62533.fasta,0.01982429123472706,8.003305917906655e-05,0.46721301954000655,CM
,235560,Contig_993317.fasta,0.02761428999522778,0.00015364663381052008,0.4769763904885999,CM
,235560,Contig_985521.fasta,0.002117421272105954,4.943237842785305e-07,0.3422924938327115,CM
,235560,Contig_543303.fasta,0.012169968998883013,2.8879160952881237e-05,0.44733636622305595,CM
,235560,Contig_929538.fasta,0.012160681002880482,2.6854546997912765e-05,0.45035018197239324,CM
,235560,Contig_542346.fasta,0.0,0.0,0.0,CM
,235560,Contig_58424.fasta,0.0062565730511978624,6.612739817440688e-06,0.4224955657510759,CM
,235560,Contig_797832.fasta,0.019776400268183336,7.66717295592103e-05,0.466746971640216,CM
,235560,Contig_368823.fasta,0.02454980082674672,0.0001233202478173298,0.4743171201919073,CM
,235560,Contig_548470.fasta,0.004599330905240111,3.1748044523886976e-06,0.4006111635867436,CM
,235560,Contig_57574.fasta,0.02766382564969143,0.00015350830226416236,0.4769763904885999,CM
,235560,Contig_988707.fasta,0.024157902353844803,0.00011630635923337878,0.4721633088489572,CM
,235560,Contig_421262.fasta,0.02092134154232458,8.595358317376051e-05,0.46838222129060714,CM
,235560,Contig_985249.fasta,0.013033349117082638,3.498636887004206e-05,0.4551691041530317,CM
,235560,Contig_371975.fasta,0.015332546910364474,4.387005263689083e-05,0.45694710846612946,CM
,235560,Contig_56531.fasta,0.02229645968753075,0.00010030053757720043,0.47168733777148847,CM
,235560,Contig_1063517.fasta,0.016341577473066606,5.128496396887e-05,0.4591892434438828,CM
,235560,Contig_990987.fasta,0.021119956733492335,8.873609481910261e-05,0.4700289694317595,CM
,235560,Contig_993626.fasta,0.015562797770928437,4.621701380324835e-05,0.4582897542304766,CM
,235560,Contig_542496.fasta,0.0050347809606778775,4.368504640581797e-06,0.4142663471175888,CM
,235560,Contig_372104.fasta,0.024916742702501295,0.00012737083274267136,0.4750394305272249,CM
,235560,Contig_131548.fasta,0.012632680833987704,2.8079763403657306e-05,0.4499171529512659,CM
,235560,Contig_308042.fasta,0.012204414125561579,2.4680958634614135e-05,0.4469091108589461,CM
,235560,Contig_421163.fasta,0.004878107951532242,3.1497193139431345e-06,0.40688159919071004,CM
,235560,Contig_54197.fasta,0.014969516659086135,4.558579047994095e-05,0.457617446522559,CM
,235560,Contig_990000.fasta,0.022206684418170093,9.640351935395672e-05,0.4700289694317595,CM
,235560,Contig_369631.fasta,0.019246306232901633,7.34121964544049e-05,0.4644306094980809,CM
,235560,Contig_543552.fasta,0.017675779115548875,6.156354900766705e-05,0.46351048941982814,CM
,235560,Contig_542517.fasta,0.018924649163280186,6.619746972042766e-05,0.464200237171941,CM
,235560,Contig_131735.fasta,0.01117373633997876,2.371407002092082e-05,0.4441517219452459,CM
,235560,Contig_5549.fasta,0.01104822877195712,2.3783981372384394e-05,0.44776443930078136,CM
,235560,Contig_501494.fasta,0.014408199610585641,3.898073581063858e-05,0.4578413298134213,CM
,235560,Contig_1062303.fasta,0.02081392504340834,8.56189538685585e-05,0.46767999906978164,CM
,235560,Contig_368159.fasta,0.008103900572135152,1.2766297897270644e-05,0.4304635134032351,CM
,235560,Contig_1199449.fasta,0.012908262449217637,3.2013220796457635e-05,0.4499171529512659,CM
,235560,Contig_704055.fasta,0.01545835110787772,4.357431065145926e-05,0.4571703361693371,CM
,235560,Contig_55016.fasta,0.00880454041703486,1.3621691550551752e-05,0.4379165550484947,CM
,235560,Contig_54053.fasta,0.006562142806640556,7.804928372274011e-06,0.4198419372537609,CM
,235560,Contig_546419.fasta,0.010281539970190757,2.3117182287398032e-05,0.44478501812672677,CM
,235560,Contig_59189.fasta,0.02448061723078831,0.00011727757290019451,0.47287906929693435,CM
,235560,Contig_59558.fasta,0.006966943432009159,7.588569057986924e-06,0.42345143807177965,CM
,235560,Contig_546876.fasta,0.0035924398596424503,1.6155892050706997e-06,0.38927940022405705,CM
,235560,Contig_548299.fasta,0.01945905099495756,7.58382274740927e-05,0.46558590952170803,CM
,235560,Contig_60525.fasta,0.01084048323749632,2.15171348147523e-05,0.4462697559077888,CM
,235560,Contig_550033.fasta,0.0010878049447166703,0.0,0.3047306018035275,CM
,235560,Contig_208849.fasta,0.019804083405165835,7.5387571969572e-05,0.4660496405072874,CM
,235560,Contig_57061.fasta,0.02112658526499261,8.427949974544943e-05,0.4681479130258295,CM
,235560,Contig_1062496.fasta,0.01737420244573053,5.595263798600643e-05,0.46009227047130435,CM
,235560,Contig_303608.fasta,0.014536967425012582,3.989646819609522e-05,0.4567240986523344,CM
,235560,Contig_420777.fasta,0.019198456605012414,7.422937520359108e-05,0.46558590952170803,CM
,235560,Contig_1063002.fasta,0.01961583035123621,7.388730536894825e-05,0.46489204080408997,CM
,235560,Contig_54352.fasta,0.0022183374511960926,4.958785890681696e-07,0.3514185798492802,CM
,235560,Contig_1063047.fasta,0.005059641476861386,3.98046371592835e-06,0.4124405809337299,CM
,235560,Contig_53607.fasta,0.021680989114727912,9.594531349636869e-05,0.46932180448276484,CM
,235560,Contig_372120.fasta,0.021823843851972127,9.200324687159067e-05,0.46791383906931655,CM
,235560,Contig_549384.fasta,0.022208636233868092,0.00010108303497432882,0.470501597857533,CM
,235560,Contig_1061993.fasta,0.019627537962027156,7.575728695773305e-05,0.4660496405072874,CM
,235560,Contig_553689.fasta,0.007203347567015802,8.369785516063183e-06,0.4255696580894193,CM
,235560,Contig_990531.fasta,0.024009027733807076,0.00011591384015335562,0.4724016547898198,CM
,235560,Contig_554020.fasta,0.013695082677994325,3.842573556943671e-05,0.45450591458894274,CM
,235560,Contig_502647.fasta,0.012696961288997357,3.260208393670614e-05,0.45143641010064306,CM
,235560,Contig_135462.fasta,0.009434760553049804,1.7300587019431393e-05,0.43935571743597795,CM
,235560,Contig_1063919.fasta,0.014629866684994913,4.1355999025474705e-05,0.4571703361693371,CM
,235560,Contig_372299.fasta,0.0119115637721365,2.758992724465417e-05,0.4492691685735156,CM
,235560,Contig_622402.fasta,0.02201724259724808,9.51818164611481e-05,0.46979301111377164,CM
,235560,Contig_1065023.fasta,0.02136764016077431,9.152421602022192e-05,0.46908655545796146,CM
,235560,Contig_552588.fasta,0.008143480784605752,1.1867736424640356e-05,0.43225296911715155,CM
,235560,Contig_367957.fasta,0.014297448690581327,3.68932049033475e-05,0.45450591458894274,CM
,235560,Contig_308367.fasta,0.022978676018511578,0.00010795517103595873,0.4724016547898198,CM
,235560,Contig_59368.fasta,0.02562314516971913,0.0001324533873795234,0.47576394414775447,CM
,235560,Contig_705620.fasta,0.019746599346703857,8.266943979739507e-05,0.46861676421564,CM
,235560,Contig_305590.fasta,0.02230709670006985,0.00010121296191348726,0.471925203297344,CM
,235560,Contig_554364.fasta,0.012939833577043985,3.104918671989888e-05,0.4512187454863226,CM
,235560,Contig_502546.fasta,0.014533637372335713,3.840019723324173e-05,0.4562787314181536,CM
,235560,Contig_985191.fasta,0.016139377199998126,4.7350459959244756e-05,0.4571703361693371,CM
,235560,Contig_425799.fasta,0.025163384951638626,0.00012899052468085434,0.47383679905753573,CM
,235560,Contig_368001.fasta,0.01735173553525662,5.933883086542847e-05,0.46009227047130435,CM
,235560,Contig_501675.fasta,0.021256310250455067,9.297774945541408e-05,0.4714497119086313,CM
,235560,Contig_62362.fasta,0.01455369036259312,3.820388629236382e-05,0.4565013064090893,CM
,235560,Contig_60857.fasta,0.014065667203398614,4.1356762628748145e-05,0.4562787314181536,CM
,235560,Contig_202275.fasta,0.01306487914340657,3.129527291295928e-05,0.45143641010064306,CM
,235560,Contig_131650.fasta,0.022535063750403216,9.925037651886372e-05,0.4700289694317595,CM
,235560,Contig_542472.fasta,0.005307494541572392,4.932387262974107e-06,0.4052956596529377,CM
,235560,Contig_547680.fasta,0.009409452094903566,1.8132082805355758e-05,0.4435202266059872,CM
,235560,Contig_499586.fasta,0.006021171595566418,5.2846627094354754e-06,0.4151853052966429,CM
,235560,Contig_136305.fasta,0.021847842367041098,9.129829335503236e-05,0.4688515421536238,CM
,235560,Contig_369711.fasta,0.014545777091663353,4.0693428636993756e-05,0.45694710846612946,CM
,235560,Contig_61741.fasta,0.021855442878826598,9.993015370222514e-05,0.4712123253467438,CM
,235560,Contig_498586.fasta,0.022729287769797393,0.00010367058719990455,0.47097517772452596,CM
,235560,Contig_138210.fasta,0.0019894823504306397,3.4274634194333317e-07,0.3339856096140732,CM
,235560,Contig_1522.fasta,0.005055293639784682,3.2697482852446057e-06,0.4109915143340505,CM
,235560,Contig_54173.fasta,0.0024288792301832146,6.39227718470856e-07,0.3648450986895256,CM
,235560,Contig_58478.fasta,0.011817702105916055,2.434501396181871e-05,0.4456322276850634,CM
,235560,Contig_2611.fasta,0.021629244851422723,9.473790102235712e-05,0.471925203297344,CM
,235560,Contig_547115.fasta,0.023803636500762886,0.00011306593821793619,0.4714497119086313,CM
,235560,Contig_368410.fasta,0.020125805582427454,7.745785127761639e-05,0.46581765960111154,CM
,235560,Contig_547150.fasta,0.01099789790918845,2.21681818039214e-05,0.4462697559077888,CM
,235560,Contig_550156.fasta,0.018792525937766282,6.837340930980606e-05,0.46466121059515053,CM
,235560,Contig_60405.fasta,0.01985250211199385,7.30581399580041e-05,0.46581765960111154,CM
,235560,Contig_59852.fasta,0.028565365913949706,0.000165760344571592,0.4781950322629704,CM
,235560,Contig_985114.fasta,0.015008191358711953,4.219353192459216e-05,0.45605637336190696,CM
,235560,Contig_502586.fasta,0.018696828799611445,6.907367864263693e-05,0.46466121059515053,CM
,235560,Contig_201696.fasta,0.007071305147768521,7.964265826215127e-06,0.4242192557292081,CM
,235560,Contig_56590.fasta,0.011692716684096221,2.6820711738361238e-05,0.4484080872729435,CM
,235560,Contig_369378.fasta,0.02220727872689961,0.00010053482071526553,0.471925203297344,CM
,235560,Contig_424031.fasta,0.025888026235296215,0.00013030407176891026,0.4745576461149255,CM
,235560,Contig_549045.fasta,0.0,0.0,0.0,CM
,235560,Contig_138952.fasta,0.018384566538249186,6.552295994368166e-05,0.46351048941982814,CM
,235560,Contig_500549.fasta,0.016381836465951902,5.036758509018352e-05,0.4603185824587472,CM
,235560,Contig_54272.fasta,0.01984298213843983,7.548112386979977e-05,0.46721301954000655,CM
,235560,Contig_53762.fasta,0.02111730975741922,8.735745995598519e-05,0.46908655545796146,CM
,235560,Contig_57141.fasta,0.0035089380647653936,1.8371911251980188e-06,0.3881491821396238,CM
,235560,Contig_420657.fasta,0.0,0.0,0.0,CM
,235560,Contig_804876.fasta,0.021330410899146314,9.162996023749698e-05,0.4700289694317595,CM
,235560,Contig_367997.fasta,0.008791680993100088,1.4145644594555884e-05,0.4340573646283085,CM
,235560,Contig_54093.fasta,0.021328923941522915,8.866140784496112e-05,0.46955728958285653,CM
,235560,Contig_985009.fasta,0.003770958429966353,1.5743779477515468e-06,0.3918876374114879,CM
,235560,Contig_209831.fasta,0.01746985949182214,6.320397158692734e-05,0.46466121059515053,CM
,235560,Contig_59149.fasta,0.02881032222116266,0.0001675536305546013,0.478439508250835,CM
,235560,Contig_54407.fasta,0.01587194325554549,4.863856797103144e-05,0.4582897542304766,CM
,235560,Contig_305408.fasta,0.01201482722655775,2.7009363193458982e-05,0.449484955878306,CM
,235560,Contig_501379.fasta,0.01743557123136532,6.233437358574031e-05,0.4639700932764666,CM
,235560,Contig_55093.fasta,0.018268903880874217,6.876788701162253e-05,0.464200237171941,CM
,235560,Contig_806573.fasta,0.01285188128153774,2.9644736395513662e-05,0.4488382149345962,CM
,235560,Contig_60235.fasta,0.02772190348758935,0.00014941507636738314,0.47576394414775447,CM
,235560,Contig_501085.fasta,0.0012965299821902701,0.0,0.32595878723045385,CM
,235560,Contig_302635.fasta,0.017571673500610667,6.225636017923277e-05,0.4639700932764666,CM
,235560,Contig_213217.fasta,0.0012424628489782828,0.0,0.31841703917612557,CM
,235560,Contig_204678.fasta,0.0012084421946108696,0.0,0.31541209239589924,CM
,235560,Contig_498809.fasta,0.026292100996735734,0.00014183116423322357,0.47600594005016944,CM
,235560,Contig_134968.fasta,0.012109074437167034,2.663230674382288e-05,0.44905358835826925,CM
,235560,Contig_555569.fasta,0.006363829950646189,6.605706783658512e-06,0.42441164541434606,CM
,235560,Contig_420323.fasta,0.0034134279818658366,1.4821998984451351e-06,0.3815033339334012,CM
,235560,Contig_7.fasta,0.0010282518651920176,0.0,0.2994648570043626,CM
,235560,Contig_370077.fasta,0.024016735074230324,0.00011291363291083941,0.4712123253467438,CM
,235560,Contig_24574329.fasta,0.015781844572668784,4.8427335736228534e-05,0.4594146677165602,CM
,235560,Contig_207266.fasta,0.02270272513351345,0.00010206566527692435,0.46955728958285653,CM
,235560,Contig_499722.fasta,0.015134424778981713,3.957110523300598e-05,0.45561230678609205,CM
,235560,Contig_1201189.fasta,0.02280109423231466,0.00010637042522133927,0.471925203297344,CM
,235560,Contig_500710.fasta,0.02355848274648479,0.00010827555096032362,0.47287906929693435,CM
,235560,Contig_135292.fasta,0.019607158554438984,7.664764567649434e-05,0.4669798793106951,CM
,235560,Contig_204110.fasta,0.0,0.0,0.0,CM
,235560,Contig_500384.fasta,0.02872654302302569,0.00016606463919445133,0.4779508059952161,CM
,235560,Contig_4002.fasta,0.0012716694660067618,0.0,0.3243770114865279,CM
,235560,Contig_421610.fasta,0.0060883618976138665,6.148977277779605e-06,0.41815356485193617,CM
,235560,Contig_138156.fasta,0.02078547619326608,8.700553829975171e-05,0.46861676421564,CM
,235560,Contig_792548.fasta,0.01423197688695834,3.737759375875046e-05,0.4558342319233478,CM
,235560,Contig_131553.fasta,0.004604151503940739,3.0006515665461162e-06,0.4004397424641134,CM
,235560,Contig_368086.fasta,0.006587943006656647,8.539132541399533e-06,0.41815356485193617,CM
,235560,Contig_544261.fasta,0.004809833319722461,3.6489065987698012e-06,0.4026797238118043,CM
,235560,Contig_796891.fasta,0.017668945746718945,5.940776280379022e-05,0.46122606118217496,CM
,235560,Contig_137006.fasta,0.0024347846451826393,5.953188698735672e-07,0.36300530571708034,CM
,235560,Contig_546911.fasta,0.001185303639170217,0.0,0.31403613360356813,CM
,235560,Contig_369838.fasta,0.01107430601074117,2.1576323976033986e-05,0.44542012286465166,CM
,235560,Contig_426807.fasta,0.021670249641722938,9.543952864640893e-05,0.47026516489378545,CM
,235560,Contig_54932.fasta,0.021864491974849055,9.417239410321512e-05,0.4688515421536238,CM
,235560,Contig_931789.fasta,0.004842567064082052,3.40987579387243e-06,0.4037220354351308,CM
,235560,Contig_1064731.fasta,0.00970320942229913,1.7502383311708603e-05,0.4428905244385391,CM
,235560,Contig_135719.fasta,0.01654941178514662,5.31604938385237e-05,0.4603185824587472,CM
,235560,Contig_499678.fasta,0.0,0.0,0.0,CM
,235560,Contig_542470.fasta,0.020718627819047465,8.670835621263794e-05,0.46861676421564,CM
,235560,Contig_368756.fasta,0.006873061441272131,9.299973695447725e-06,0.42576327485834076,CM
,235560,Contig_420279.fasta,0.009057796914459388,1.504309320939584e-05,0.43305306716271774,CM
,235560,Contig_993254.fasta,0.02236708014049649,9.922520981571539e-05,0.47026516489378545,CM
,235560,Contig_985217.fasta,0.01879159523838982,6.791351921115107e-05,0.46466121059515053,CM
,235560,Contig_61392.fasta,0.011435836503743056,2.6131695458325112e-05,0.4484080872729435,CM
,235560,Contig_502254.fasta,0.01611947053211203,4.672209423298057e-05,0.4567240986523344,CM
,235560,Contig_500961.fasta,0.02530553084352939,0.0001284457551137527,0.4745576461149255,CM
,235560,Contig_544966.fasta,0.0034200925757517575,1.945840437486068e-06,0.38197048087291147,CM
,235560,Contig_133780.fasta,0.016355037503798076,5.51029910327622e-05,0.46054511719420915,CM
,235560,Contig_62691.fasta,0.013110417108614011,3.5166943145850306e-05,0.4547267629439422,CM
,235560,Contig_368166.fasta,0.013751339961563133,3.7699187177023914e-05,0.45384465477140307,CM
,235560,Contig_429761.fasta,0.0022999213311987797,7.954456648960428e-07,0.35924287068661537,CM
,235560,Contig_302536.fasta,0.018789160960315625,6.801241855560596e-05,0.46512310046651745,CM
,235560,Contig_987380.fasta,0.019538808260873505,7.480494375923494e-05,0.46535438992473055,CM
,235560,Contig_554697.fasta,0.0,0.0,0.0,CM
,235560,Contig_549533.fasta,0.019709132951300348,7.709234099392271e-05,0.4662818525852681,CM
,235560,Contig_3825.fasta,0.0019894823504306397,3.4274634194333317e-07,0.3339856096140732,CM
,235560,Contig_43.fasta,0.0021870855312940674,4.0205717404414625e-07,0.35089151786225464,CM
,235560,Contig_542528.fasta,0.01216858144775701,2.780036893518738e-05,0.4471226364733077,CM
,235560,Contig_993798.fasta,0.023932500498634622,0.00011733743450193441,0.4735970031065957,CM
,235560,Contig_24569072.fasta,0.0075131400750017945,1.0316219369822059e-05,0.4316548330897754,CM
,235560,Contig_545414.fasta,0.0024722165859499363,5.82721460708278e-07,0.36684738460942107,CM
,235560,Contig_53638.fasta,0.015505037706859367,5.0086775377275123e-05,0.4578413298134213,CM
,235560,Contig_137636.fasta,0.008779215664656006,1.382637651260588e-05,0.4320534063428592,CM
,235560,Contig_59666.fasta,0.0037249262884696665,1.8567056007497594e-06,0.38992819922443045,CM
,235560,Contig_302672.fasta,0.01865751763141347,6.789135009730383e-05,0.46512310046651745,CM
,235560,Contig_310012.fasta,0.003326929815564124,1.7104020646559451e-06,0.3788776024852766,CM
,235560,Contig_795668.fasta,0.01625416512805859,5.380945208515768e-05,0.46077187500671246,CM
,235560,Contig_372002.fasta,0.010442879814403321,2.0005358183655098e-05,0.4422626078159892,CM
,235560,Contig_309907.fasta,0.025497862803063938,0.00012982539621741218,0.4745576461149255,CM
,235560,Contig_2477.fasta,0.011862230076091562,2.371073617505728e-05,0.4452082198566285,CM
,235560,Contig_327.fasta,0.007614350526427197,1.042251760985049e-05,0.4342587833589945,CM
,235560,Contig_139033.fasta,0.020071619790283386,8.32382406040145e-05,0.46955728958285653,CM
,235560,Contig_993758.fasta,0.026662332025659038,0.00014548333717653134,0.47649067115001686,CM
,235560,Contig_56026.fasta,0.010585416834106586,1.735772596310232e-05,0.44080437029610603,CM
,235560,Contig_1395.fasta,0.00332123199270476,1.6486846367279335e-06,0.38057245959277475,CM
,235560,Contig_543139.fasta,0.012247587594930887,2.9674162442411174e-05,0.453185316289895,CM
,235560,Contig_626881.fasta,0.008686247133797826,1.2836371130539316e-05,0.4381215721622814,CM
,235560,Contig_1270016.fasta,0.0,0.0,0.0,CM
,235560,Contig_55438.fasta,0.01463632766442487,3.947041967785672e-05,0.45296596231298797,CM
,235560,Contig_501797.fasta,0.010362459232338434,1.9331717955117184e-05,0.44059683528184235,CM
,235560,Contig_5266.fasta,0.021936721606352592,9.829735456313928e-05,0.46979301111377164,CM
,235560,Contig_1065654.fasta,0.0025389928311685527,6.578660291001809e-07,0.36945427482772725,CM
,235560,Contig_420474.fasta,0.0022968081533046797,5.868861826586761e-07,0.3575955973017322,CM
,235560,Contig_53541.fasta,0.0,0.0,0.0,CM
,235560,Contig_54857.fasta,0.0034088542120194257,1.317252264264877e-06,0.38228254825924557,CM
,235560,Contig_53504.fasta,0.017263786139727438,5.8361928118272536e-05,0.46259400797757444,CM
,235560,Contig_426927.fasta,0.021840880071340964,9.106124845351876e-05,0.4700289694317595,CM
,235560,Contig_987729.fasta,0.009016510270466516,1.3746846329857323e-05,0.43305306716271774,CM
,235560,Contig_498389.fasta,0.022278802014079967,0.00010038349026990547,0.47097517772452596,CM
,235560,Contig_544728.fasta,0.02179061334439387,9.079918625861591e-05,0.46838222129060714,CM
,235560,Contig_137227.fasta,0.012756982582119556,3.241953631180489e-05,0.45143641010064306,CM
,235560,Contig_544635.fasta,0.009470232432820216,1.547627119885337e-05,0.4375070959039893,CM
,235560,Contig_498294.fasta,0.008416545786101228,1.1100793845696451e-05,0.4320534063428592,CM
,235560,Contig_54109.fasta,0.013191536230434852,3.1988760343026793e-05,0.453185316289895,CM
,235560,Contig_53419.fasta,0.018619518720578446,6.555157889970154e-05,0.4637401774720679,CM
,235560,Contig_62325.fasta,0.002207608234506977,4.910431767508707e-07,0.3534092440100578,CM
,235560,Contig_622395.fasta,0.023157752613500896,0.00010378241615163827,0.47168733777148847,CM
,235560,Contig_60482.fasta,0.017238315091196617,5.959369895828026e-05,0.4637401774720679,CM
,235560,Contig_420569.fasta,0.004654510425493673,2.9938035059380525e-06,0.39737905653445144,CM
,235560,Contig_368046.fasta,0.01694709532754152,5.002239988900961e-05,0.45873905791109465,CM
,235560,Contig_1062259.fasta,0.003410952192494384,1.5592169815334513e-06,0.38041775534090777,CM
,235560,Contig_499294.fasta,0.021802925475574185,9.652591971343356e-05,0.470501597857533,CM
,235560,Contig_548087.fasta,0.011938593479103997,2.7913986982859433e-05,0.44905358835826925,CM
,235560,Contig_5087.fasta,0.002613420785430255,6.19617224147495e-07,0.3728397124058299,CM
,235560,Contig_1064064.fasta,0.0012965299821902701,0.0,0.32595878723045385,CM
,235560,Contig_54661.fasta,0.02202583059413135,0.00010123539036388351,0.47168733777148847,CM
,235560,Contig_990919.fasta,0.00992441190613831,1.818283349893101e-05,0.4439410237849303,CM
,235560,Contig_61352.fasta,0.023471142699604194,0.00010702308831503285,0.47073826868140495,CM
,235560,Contig_555022.fasta,0.0035953311339282494,1.8906713334264329e-06,0.38863275670209013,CM
,235560,Contig_57616.fasta,0.0223778373437433,0.00010185927199732847,0.4714497119086313,CM
,235560,Contig_370211.fasta,0.011855785865149692,2.4739810984027452e-05,0.44776443930078136,CM
,235560,Contig_1067056.fasta,0.012985685206500347,3.2758282959184756e-05,0.4516542848159426,CM
,235560,Contig_56653.fasta,0.01891519702561943,7.162950855972148e-05,0.46535438992473055,CM
,235560,Contig_992350.fasta,0.015370379416489787,4.45946764154635e-05,0.4567240986523344,CM
,235560,Contig_61602.fasta,0.0021091351737174465,5.492198023097613e-07,0.34241773806755693,CM
,235560,Contig_135130.fasta,0.017218878331422913,5.6912421254350474e-05,0.45986618090350523,CM
,235560,Contig_1063408.fasta,0.021755258710243818,9.302717724944733e-05,0.4688515421536238,CM
,235560,Contig_206987.fasta,0.00238453628266132,8.755868504104844e-07,0.36498739396982566,CM
,235560,Contig_1309.fasta,0.0,0.0,0.0,CM
,235560,Contig_542531.fasta,0.0025218579315030095,9.205902667892783e-07,0.3740318457788302,CM
,235560,Contig_552864.fasta,0.00819338947151463,1.1762231901619071e-05,0.4324527163302371,CM
,235560,Contig_420338.fasta,0.017673856859221487,6.18430805502001e-05,0.46351048941982814,CM
,235560,Contig_55389.fasta,0.00603734055063301,5.319497684379698e-06,0.4187148448047575,CM
,235560,Contig_427105.fasta,0.008262742018161408,1.1625982351981464e-05,0.4320534063428592,CM
,235560,Contig_542688.fasta,0.011763053438643551,2.6808897677535947e-05,0.44776443930078136,CM
,235560,Contig_544398.fasta,0.001122722073379091,0.0,0.3080407103813802,CM
,235560,Contig_498739.fasta,0.013615230973304311,3.580341279349025e-05,0.4534048828191052,CM
,235560,Contig_54075.fasta,0.0,0.0,0.0,CM
,235560,Contig_56346.fasta,0.018456716996323237,6.484692453045661e-05,0.46282278839695007,CM
,235560,Contig_203889.fasta,0.0046493499446002284,3.2403171294881048e-06,0.4012983182412663,CM
,235560,Contig_500327.fasta,0.019660960052435058,7.29177997873086e-05,0.464200237171941,CM
,235560,Contig_544365.fasta,0.0,0.0,0.0,CM
,235560,Contig_369516.fasta,0.019035556682996203,6.815592484840818e-05,0.46466121059515053,CM
,235560,Contig_547013.fasta,0.002317168974354395,4.666130561386522e-07,0.3552876530518728,CM
,235560,Contig_542675.fasta,0.019843259923976335,7.730947385930226e-05,0.4669798793106951,CM
,235560,Contig_368516.fasta,0.016508701738191633,5.3640877481083564e-05,0.45986618090350523,CM
,235560,Contig_58954.fasta,0.023235915567479653,0.00010592422706705849,0.47097517772452596,CM
,235560,Contig_24576300.fasta,0.025211007828019813,0.00012024588821381285,0.4724016547898198,CM
,235560,Contig_994229.fasta,0.0048399477908142655,3.941095292544799e-06,0.40973190811673954,CM
,235560,Contig_132049.fasta,0.017240344488884545,5.800370415421168e-05,0.46145349020642656,CM
,235560,Contig_56047.fasta,0.016202350483597264,4.9775536909206565e-05,0.46077187500671246,CM
,235560,Contig_549900.fasta,0.02220119566433768,9.554828502235384e-05,0.4700289694317595,CM
,235560,Contig_56804.fasta,0.018786296908542978,7.229719058276825e-05,0.466746971640216,CM
,235560,Contig_1760.fasta,0.001185303639170217,0.0,0.31403613360356813,CM
,235560,Contig_2226.fasta,0.008065513985112207,1.1477594719737856e-05,0.4292787514397399,CM
,235560,Contig_548773.fasta,0.0032030840134934665,1.3496268443271175e-06,0.372394619235429,CM
,235560,Contig_1123947.fasta,0.02294484942389997,0.00010439652576339144,0.4712123253467438,CM
,235560,Contig_6091.fasta,0.02101314718646668,9.328668457198145e-05,0.470501597857533,CM
,235560,Contig_4736.fasta,0.019969623290057758,7.250732345945241e-05,0.46466121059515053,CM
,235560,Contig_810436.fasta,0.02311610517081453,0.00011176839238201795,0.473357449741342,CM
,235560,Contig_53485.fasta,0.0025670792687362324,5.895628777885733e-07,0.3713601897375528,CM
,235560,Contig_53779.fasta,0.020957628633420523,8.369506874959735e-05,0.46838222129060714,CM
,235560,Contig_54269.fasta,0.02236717263446477,9.66007013510341e-05,0.4700289694317595,CM
,235560,Contig_135095.fasta,0.021568215302628063,9.121280012178323e-05,0.4688515421536238,CM
,235560,Contig_543843.fasta,0.0023488642686294533,4.808836864057559e-07,0.35745900616448933,CM
,235560,Contig_555043.fasta,0.009431101718426869,1.7962107869226838e-05,0.43832678132957054,CM
,235560,Contig_62494.fasta,0.014061333341386815,4.0426071636727e-05,0.45561230678609205,CM
,235560,Contig_58762.fasta,0.019143236571471437,7.496318936904213e-05,0.4660496405072874,CM
,235560,Contig_499560.fasta,0.013998415977407514,3.551669044329649e-05,0.4542852806498219,CM
,235560,Contig_1065040.fasta,0.00826820885181277,1.2304414406858314e-05,0.4340573646283085,CM
,235560,Contig_24574502.fasta,0.005192658240894814,3.7152353859270407e-06,0.4150011876446266,CM
,235560,Contig_55294.fasta,0.019746817046326835,7.552677756481686e-05,0.4662818525852681,CM
,235560,Contig_208230.fasta,0.026486178309851203,0.00013803591245527687,0.4755221941761347,CM
,235560,Contig_367971.fasta,0.014473083550323482,3.942719825725274e-05,0.45605637336190696,CM
,235560,Contig_4437.fasta,0.0,0.0,0.0,CM
,235560,Contig_138526.fasta,0.001185303639170217,0.0,0.31403613360356813,CM
,235560,Contig_138563.fasta,0.02626074069372234,0.00013535359452258595,0.47479841610280726,CM
,235560,Contig_371134.fasta,0.01769633301297683,6.134985740369746e-05,0.4637401774720679,CM
,235560,Contig_54294.fasta,0.02507044952376261,0.0001205869201202309,0.47287906929693435,CM
,235560,Contig_59426.fasta,0.009196153382884853,1.4814393119904318e-05,0.43607999913263423,CM
,235560,Contig_502560.fasta,0.002210054488537603,5.692122463576495e-07,0.35234475833532874,CM
,235560,Contig_201670.fasta,0.017626511746109345,5.582151371648153e-05,0.4609988562259276,CM
,235560,Contig_132684.fasta,0.02222555994585691,9.752552382687258e-05,0.47168733777148847,CM
,235560,Contig_542344.fasta,0.00596514334360861,4.9722862150235e-06,0.41592341250605913,CM
,235560,Contig_545654.fasta,0.019685694839447637,7.508915817147627e-05,0.466746971640216,CM
,235560,Contig_499661.fasta,0.0,0.0,0.0,CM
,235560,Contig_368062.fasta,0.01725535333888039,5.3886562305123456e-05,0.4582897542304766,CM
,235560,Contig_133992.fasta,0.008580726017213113,1.1168501983818588e-05,0.4316548330897754,CM
,235560,Contig_131676.fasta,0.019957697758395423,7.55026369524912e-05,0.46512310046651745,CM
,235560,Contig_134010.fasta,0.01886309165196786,7.188329570081056e-05,0.46558590952170803,CM
,235560,Contig_548898.fasta,0.0199916689403687,7.851810066750848e-05,0.46767999906978164,CM
,235560,Contig_421218.fasta,0.0,0.0,0.0,CM
,235560,Contig_56266.fasta,0.01866333245480989,6.771116852440032e-05,0.46466121059515053,CM
,235560,Contig_791989.fasta,0.00916585443643834,1.6069331933118512e-05,0.4362832998315306,CM
,235560,Contig_167.fasta,0.0023247818473822873,6.647764639082748e-07,0.35786909297844477,CM
,235560,Contig_131918.fasta,0.014030622760899664,3.903556291527146e-05,0.45362466220971065,CM
,235560,Contig_545669.fasta,0.015036957392399766,4.138261722514094e-05,0.4551691041530317,CM
,235560,Contig_309414.fasta,0.023062834751279803,9.96198629202599e-05,0.4688515421536238,CM
,235560,Contig_60809.fasta,0.01789903679387183,6.626909740099336e-05,0.4660496405072874,CM
,235560,Contig_55579.fasta,0.011210767248885646,2.3863489766055692e-05,0.4484080872729435,CM
,235560,Contig_134354.fasta,0.01187166430520002,2.851197033735428e-05,0.4518723699365684,CM
,235560,Contig_302825.fasta,0.016214955497947162,4.993612911569327e-05,0.4596403134276194,CM
,235560,Contig_543384.fasta,0.003415205077302209,1.205248549661961e-06,0.3801087238580963,CM
,235560,Contig_553243.fasta,0.012725793752080659,2.837501672006543e-05,0.4499171529512659,CM
,235560,Contig_985177.fasta,0.011307855708400668,2.1540200427867046e-05,0.44247171543197783,CM
,235560,Contig_551170.fasta,0.013949167604820994,3.862421248572649e-05,0.4547267629439422,CM
,235560,Contig_544200.fasta,0.010625201293450891,2.279229972472113e-05,0.4449965183731018,CM
,235560,Contig_1066727.fasta,0.013075563851288104,3.1835440141232904e-05,0.45252789078270456,CM
,235560,Contig_623419.fasta,0.006934399854361518,7.719704357637655e-06,0.42287739635726757,CM
,235560,Contig_54254.fasta,0.020930672356026216,7.977351242759128e-05,0.4662818525852681,CM
,235560,Contig_53744.fasta,0.01741674715105898,5.810021758339433e-05,0.4603185824587472,CM
,235560,Contig_548820.fasta,0.0012424628489782828,0.0,0.31841703917612557,CM
,235560,Contig_422193.fasta,0.026726928583893608,0.00014489425460930368,0.47624818225884635,CM
,235560,Contig_56712.fasta,0.013162866512542224,3.322235090646026e-05,0.4523091726141291,CM
,235560,Contig_56757.fasta,0.004676549768775657,4.230275429866188e-06,0.4052956596529377,CM
,235560,Contig_1833.fasta,0.019984037226308485,7.714722007863622e-05,0.466746971640216,CM
,235560,Contig_542648.fasta,0.0024297576198945435,5.818692751651439e-07,0.35979533953811343,CM
,235560,Contig_372026.fasta,0.02013764725703025,7.520040251554684e-05,0.4665142961807742,CM
,235560,Contig_370350.fasta,0.012529696359591929,2.730629677330117e-05,0.44648267086766846,CM
,235560,Contig_985396.fasta,0.01838495455729619,6.999844595725436e-05,0.46558590952170803,CM
,235560,Contig_543120.fasta,0.0024688052995500524,5.722175118708233e-07,0.36286455143025714,CM
,235560,Contig_992741.fasta,0.020320153377545558,7.681860129815705e-05,0.46721301954000655,CM
,235560,Contig_54798.fasta,0.022305233642814195,9.43578677413562e-05,0.46955728958285653,CM
,235560,Contig_554998.fasta,0.01534076284348748,4.387522758399311e-05,0.4558342319233478,CM
,235560,Contig_542549.fasta,0.0,0.0,0.0,CM
,235560,Contig_1125670.fasta,0.024137168626005307,0.00011763938658452207,0.473357449741342,CM
,235560,Contig_57456.fasta,0.020156002462634715,7.679260429787172e-05,0.466746971640216,CM
,235560,Contig_420791.fasta,0.011044346793954213,2.1523681539590206e-05,0.44669578908765306,CM
,235560,Contig_304002.fasta,0.02147758713862595,9.237083973989417e-05,0.46861676421564,CM
,235560,Contig_304047.fasta,0.02181555764063641,8.98743626258667e-05,0.46861676421564,CM
,235560,Contig_60914.fasta,0.021991114830724117,0.00010074492976846397,0.4714497119086313,CM
,235560,Contig_369593.fasta,0.008166518100636455,1.1444389412869002e-05,0.433454227947491,CM
,235560,Contig_132330.fasta,0.012615399635371926,3.0257872049774994e-05,0.4516542848159426,CM
,235560,Contig_543264.fasta,0.011790861824037937,2.4573824086883365e-05,0.4460570439173656,CM
,235560,Contig_61586.fasta,0.021782671021416827,9.209444683001836e-05,0.46955728958285653,CM
,235560,Contig_206205.fasta,0.0173195258745485,5.779890043460855e-05,0.4596403134276194,CM
,235560,Contig_992897.fasta,0.0012263424505717696,0.0,0.31841703917612557,CM
,235560,Contig_368482.fasta,0.014364507183813557,4.059939861313305e-05,0.45806543227539553,CM
,235560,Contig_368810.fasta,0.019491963291304436,7.671113696769107e-05,0.4660496405072874,CM
,235560,Contig_545620.fasta,0.007214534669888415,9.714187534729278e-06,0.4296729468037801,CM
,235560,Contig_131586.fasta,0.018695689492962745,6.664727544484034e-05,0.464200237171941,CM
,235560,Contig_62330.fasta,0.003580367152841824,2.1376322705455545e-06,0.388310239891549,CM
,235560,Contig_133221.fasta,0.006177535318804039,6.768595877902397e-06,0.42135419997236967,CM
,235560,Contig_554336.fasta,0.02321519469493292,0.00010906649474364831,0.4724016547898198,CM
,235560,Contig_1061979.fasta,0.005853002936688892,5.2311188532983685e-06,0.4131689528205886,CM
,235560,Contig_59083.fasta,0.009812937332490175,1.732627742618952e-05,0.442681020879202,CM
,235560,Contig_61046.fasta,0.020214427158686515,8.033436983431181e-05,0.46861676421564,CM
,235560,Contig_53364.fasta,0.013869456834351316,3.569838984675739e-05,0.4512187454863226,CM
,235560,Contig_138517.fasta,0.016081017581714478,5.012148148722662e-05,0.4573937820814434,CM
,235560,Contig_1064832.fasta,0.00506010836150214,3.5267830754446207e-06,0.41027079269558664,CM
,235560,Contig_367940.fasta,0.014145714924832046,3.818050729685299e-05,0.4547267629439422,CM
,235560,Contig_57502.fasta,0.02565670607294132,0.0001293669732518411,0.4743171201919073,CM
,235560,Contig_370591.fasta,0.02635823938817589,0.00013450454562841593,0.4750394305272249,CM
,235560,Contig_420251.fasta,0.01841298892377131,7.244403822576942e-05,0.46512310046651745,CM
,235560,Contig_58753.fasta,0.023320825835095572,0.0001068836488903067,0.4721633088489572,CM
,235560,Contig_133165.fasta,0.018584555895282785,6.752150646988942e-05,0.4632810287815015,CM
,235560,Contig_136703.fasta,0.015158759408556424,4.494275067773067e-05,0.4578413298134213,CM
,235560,Contig_420638.fasta,0.00840482573262508,1.2842733785501831e-05,0.43607999913263423,CM
,235560,Contig_552562.fasta,0.003701427085901305,2.2458920556914945e-06,0.39303976402294544,CM
,235560,Contig_136746.fasta,0.021949039879431885,9.610453304296902e-05,0.4700289694317595,CM
,235560,Contig_53399.fasta,0.019319103445134135,7.25121435258872e-05,0.4639700932764666,CM
,235560,Contig_369317.fasta,0.027573710980331123,0.00015446272233296136,0.47673340710067913,CM
,235560,Contig_551614.fasta,0.011766015177856652,2.813202685254924e-05,0.4497009505711836,CM
,235560,Contig_554072.fasta,0.0012716694660067618,0.0,0.3243770114865279,CM
,235560,Contig_59716.fasta,0.021322293479560377,9.075780627639836e-05,0.4700289694317595,CM
,235560,Contig_1066043.fasta,0.0035161134039914275,1.7439030299403214e-06,0.38527281932426233,CM
,235560,Contig_549707.fasta,0.0,0.0,0.0,CM
,235560,Contig_1062625.fasta,0.016284315847755613,5.029674435054572e-05,0.4591892434438828,CM
,235560,Contig_372137.fasta,0.007169201467643164,8.903824429534888e-06,0.42790474537660406,CM
,235560,Contig_426270.fasta,0.004823365685280185,4.018808307813615e-06,0.4086583747330275,CM
,235560,Contig_54300.fasta,0.01925164631992888,7.325321585927227e-05,0.4665142961807742,CM
,235560,Contig_53610.fasta,0.0011122530277979123,0.0,0.30713084284169123,CM
,235560,Contig_989205.fasta,0.015182964672533628,4.486672841966076e-05,0.45873905791109465,CM
,235560,Contig_420760.fasta,0.015510143856305753,4.089759405533904e-05,0.4551691041530317,CM
,235560,Contig_1062050.fasta,0.011617976120225481,2.5205998548197216e-05,0.4452082198566285,CM
,235560,Contig_427270.fasta,0.0035927982250445194,1.7472250058539845e-06,0.38863275670209013,CM
,235560,Contig_139063.fasta,0.0,0.0,0.0,CM
,235560,Contig_420725.fasta,0.0012584714281547366,0.0,0.3222547101028351,CM
,235560,Contig_545479.fasta,0.009726580943713902,1.455810749054794e-05,0.43648679017660125,CM
,235560,Contig_1062015.fasta,0.00959086794033154,1.8348473174637474e-05,0.4410121009135877,CM
,235560,Contig_202006.fasta,0.015604468810698158,4.5328720467009806e-05,0.4582897542304766,CM
,235560,Contig_498324.fasta,0.005845393153771755,6.563492599893243e-06,0.4170355071919042,CM
,235560,Contig_201370.fasta,0.0,0.0,0.0,CM
,235560,Contig_551822.fasta,0.004757366967159534,2.952258670470291e-06,0.4004397424641134,CM
,235560,Contig_54001.fasta,0.0044044797592285734,2.7732110203510385e-06,0.3928747599238594,CM
,235560,Contig_422752.fasta,0.010902981938546212,2.3222454998657944e-05,0.4475503004010679,CM
,235560,Contig_55044.fasta,0.011762610627278899,2.7493854921159794e-05,0.45013356331824583,CM
,235560,Contig_548236.fasta,0.01631530103663235,5.2167040542577634e-05,0.46009227047130435,CM
,235560,Contig_420309.fasta,0.005996919339859397,4.931620283281142e-06,0.41335144794109235,CM
,235560,Contig_542500.fasta,0.01830102950366316,6.674708195060605e-05,0.4623654536258069,CM
,235560,Contig_137277.fasta,0.003393632153307862,1.6660030921116478e-06,0.38337881119976774,CM
,235560,Contig_987817.fasta,0.019791612694118433,7.70588239814497e-05,0.4662818525852681,CM
,235560,Contig_24578923.fasta,0.022462413816486795,0.00010412946758872743,0.47073826868140495,CM
,235560,Contig_985367.fasta,0.00493049614348248,3.510155544032877e-06,0.4093734375059637,CM
,235560,Contig_498823.fasta,0.01223492861744411,2.6402657897611456e-05,0.4497009505711836,CM
,235560,Contig_1063329.fasta,0.02134287061607702,8.59165367221266e-05,0.46767999906978164,CM
,235560,Contig_61925.fasta,0.00621023153450384,6.505469560575517e-06,0.42287739635726757,CM
,235560,Contig_54079.fasta,0.020603372403466127,8.69445815895991e-05,0.46908655545796146,CM
,235560,Contig_554682.fasta,0.0012584714281547366,0.0,0.3222547101028351,CM
,235560,Contig_302566.fasta,0.018713208299898997,7.026668294456931e-05,0.46558590952170803,CM
,235560,Contig_310306.fasta,0.0245732228203027,0.00011933650895354166,0.4731181385938489,CM
,235560,Contig_543210.fasta,0.0012084421946108696,0.0,0.31541209239589924,CM
,235560,Contig_986701.fasta,0.0025218579315030095,9.205902667892783e-07,0.3740318457788302,CM
,235560,Contig_545700.fasta,0.015337048709797059,4.056891317384423e-05,0.45539059763437134,CM
,235560,Contig_420371.fasta,0.01619994928416895,5.490344621767314e-05,0.46259400797757444,CM
,235560,Contig_930538.fasta,0.0278284684189863,0.00015910840306252987,0.4781950322629704,CM
,235560,Contig_542578.fasta,0.003833740251078887,1.968686894642952e-06,0.39636919870336007,CM
,235560,Contig_371823.fasta,0.01222084131766779,2.8430176975136677e-05,0.4505670092145561,CM
,235560,Contig_56.fasta,0.0,0.0,0.0,CM
,235560,Contig_500869.fasta,0.013004857180452902,3.155771167836511e-05,0.4512187454863226,CM
,235560,Contig_549526.fasta,0.0010808833085254293,0.0,0.3037415378573947,CM
,235560,Contig_138472.fasta,0.024090190466575512,0.00011852299175721662,0.47383679905753573,CM
,235560,Contig_987069.fasta,0.011480241214618667,2.365732866620036e-05,0.4456322276850634,CM
,235560,Contig_988280.fasta,0.020256431999482863,7.735392373947638e-05,0.4674463926766399,CM
,235560,Contig_543585.fasta,0.0,0.0,0.0,CM
,235560,Contig_206976.fasta,0.02370925433721479,0.00011011260353739316,0.47073826868140495,CM
,235560,Contig_3888.fasta,0.02524472060263595,0.00012970394974195904,0.4745576461149255,CM
,235560,Contig_1065538.fasta,0.0013572093350108696,0.0,0.3311492137787095,CM
,235560,Contig_62111.fasta,0.013029413089289954,3.154754564420896e-05,0.4534048828191052,CM
,235560,Contig_208748.fasta,0.018441478890323465,6.66755051486134e-05,0.4619090217860973,CM
,235560,Contig_501406.fasta,0.01161015768618174,2.7544861022044176e-05,0.4481933324418741,CM
,235560,Contig_306807.fasta,0.010233441709757419,2.153621406343293e-05,0.44310022639139823,CM
,235560,Contig_57808.fasta,0.01902714448513179,6.869514106567282e-05,0.46489204080408997,CM
,235560,Contig_930639.fasta,0.020280141992890577,8.239571682622238e-05,0.46932180448276484,CM
,235560,Contig_422.fasta,0.0011128668166545585,0.0,0.30773682280126047,CM
,235560,Contig_545369.fasta,0.016075852934198977,4.764999240926434e-05,0.45694710846612946,CM
,235560,Contig_502018.fasta,0.01666518006709508,5.210054643732189e-05,0.46077187500671246,CM
,235560,Contig_1066920.fasta,0.006786305500637106,6.861020618638282e-06,0.4198419372537609,CM
,235560,Contig_988550.fasta,0.012102691667543283,2.9819224453383157e-05,0.4523091726141291,CM
,235560,Contig_498319.fasta,0.003544778049893649,2.4196511428744234e-06,0.3881491821396238,CM
,235560,Contig_1062135.fasta,0.01833858329367743,6.378620164809051e-05,0.46009227047130435,CM
,235560,Contig_139106.fasta,0.002361262189056208,5.860584202725186e-07,0.3581430073243908,CM
,235560,Contig_424026.fasta,0.0021953684939525564,3.8527563313950083e-07,0.35207963812589654,CM
,235560,Contig_985597.fasta,0.003603363985558789,1.8348479238207979e-06,0.3900907370315269,CM
,235560,Contig_369895.fasta,0.02085714062652838,8.542834793489412e-05,0.46721301954000655,CM
,235560,Contig_53489.fasta,0.0022504666366106574,5.257719943406707e-07,0.352610278123072,CM
,235560,Contig_60880.fasta,0.0234760903794519,0.00011046714509385677,0.47287906929693435,CM
,235560,Contig_368093.fasta,0.01623462855666396,5.128462218048461e-05,0.4603185824587472,CM
,235560,Contig_499241.fasta,0.019845709222895348,7.354374815673284e-05,0.4660496405072874,CM
,235560,Contig_989061.fasta,0.007078411142572598,9.491055386277171e-06,0.42829642020074743,CM
,235560,Contig_55164.fasta,0.0232240503913935,0.00010807395438220419,0.4726402414841581,CM
,235560,Contig_24573733.fasta,0.011248130962489134,2.615191291918998e-05,0.44331012701972194,CM
,235560,Contig_498628.fasta,0.007887248861457218,1.0946119359864345e-05,0.4271235409122013,CM
,235560,Contig_3643.fasta,0.0019651489309898376,3.5534377455529647e-07,0.3335095075333689,CM
,235560,Contig_987659.fasta,0.0009598660230413558,0.0,0.29400806727572515,CM
,235560,Contig_53431.fasta,0.015437851040416483,4.3697812295997425e-05,0.4571703361693371,CM
,235560,Contig_426051.fasta,0.024702724145117195,0.00012176566868701125,0.4745576461149255,CM
,235560,Contig_500137.fasta,0.02048590740977727,8.582638065560171e-05,0.4674463926766399,CM
,235560,Contig_369743.fasta,0.024144174392220812,0.00011711262569735872,0.4731181385938489,CM
,235560,Contig_502690.fasta,0.015053160942184327,4.084722581000821e-05,0.45450591458894274,CM
,235560,Contig_802918.fasta,0.011616305496711466,2.2848832637209637e-05,0.44478501812672677,CM
,235560,Contig_544175.fasta,0.0010002781711144098,0.0,0.2968996440795156,CM
,235560,Contig_53359.fasta,0.003266310387192171,1.497366666908632e-06,0.3738824123606205,CM
,235560,Contig_306575.fasta,0.0026073978005071168,6.105479615418429e-07,0.37047809902558715,CM
,235560,Contig_542420.fasta,0.0,0.0,0.0,CM
,235560,Contig_368743.fasta,0.01979931029109103,8.178189410105258e-05,0.4681479130258295,CM
,235560,Contig_499105.fasta,0.002271947637121172,6.532764622454989e-07,0.35704985812233236,CM
,235560,Contig_542465.fasta,0.0023707244559526487,5.21102615605317e-07,0.3621624141403379,CM
,235560,Contig_548646.fasta,0.016404038342559775,5.475224546875294e-05,0.46145349020642656,CM
,235560,Contig_58939.fasta,0.01068639285040075,2.213943266153135e-05,0.4456322276850634,CM
,235560,Contig_621909.fasta,0.011516495145623213,2.0430324688180906e-05,0.44247171543197783,CM
,235560,Contig_53922.fasta,0.022052992273047422,9.912024314496927e-05,0.4712123253467438,CM
,235560,Contig_132024.fasta,0.02866410382080584,0.00016525803485412926,0.4779508059952161,CM
,235560,Contig_1063498.fasta,0.01812182359125274,6.415918725343531e-05,0.4621371250067324,CM
,235560,Contig_551384.fasta,0.02056824908107072,8.268861076153751e-05,0.46721301954000655,CM
,235560,Contig_132061.fasta,0.0061590811155214096,6.467674575262092e-06,0.42003037618430566,CM
,235560,Contig_543135.fasta,0.0034415723292501696,1.1536058677956016e-06,0.3770458010228175,CM
,235560,Contig_1064559.fasta,0.011342145694865533,2.297673377006041e-05,0.4437305254332068,CM
,235560,Contig_368256.fasta,0.022273746011472046,9.880161609283978e-05,0.47097517772452596,CM
,235560,Contig_306060.fasta,0.021900528832353577,9.669404387684436e-05,0.470501597857533,CM
,235560,Contig_58286.fasta,0.01764007251925709,6.152380833741069e-05,0.46351048941982814,CM
,235560,Contig_57092.fasta,0.027753886995718475,0.00015148374866088665,0.47649067115001686,CM
,235560,Contig_420355.fasta,0.019827510092417816,7.830921511700251e-05,0.4660496405072874,CM
,235560,Contig_420310.fasta,0.00615777415119329,6.215528599718232e-06,0.421924110973234,CM
,235560,Contig_139456.fasta,0.017631627560547834,6.268459188686465e-05,0.4639700932764666,CM
,235560,Contig_4502.fasta,0.010812297869772659,2.2649383563856484e-05,0.4460570439173656,CM
,235560,Contig_543519.fasta,0.001316890803239985,0.0,0.32641356056457377,CM
,235560,Contig_544009.fasta,0.0012424628489782828,0.0,0.31841703917612557,CM
,235560,Contig_3057.fasta,0.0010282518651920176,0.0,0.2994648570043626,CM
,235560,Contig_553809.fasta,0.0024119560018608854,3.6750910858902685e-07,0.355557628472125,CM
,235560,Contig_132325.fasta,0.01614273007485205,5.092608220742015e-05,0.45873905791109465,CM
,235560,Contig_369951.fasta,0.01977359094355923,8.010788675310092e-05,0.46767999906978164,CM
,235560,Contig_61901.fasta,0.01654818750918348,5.6066021670520414e-05,0.4623654536258069,CM
,235560,Contig_369157.fasta,0.015068362902169216,4.479063839582329e-05,0.45873905791109465,CM
,235560,Contig_61944.fasta,0.0022105270180957613,5.506312897449916e-07,0.3495807538806997,CM
,235560,Contig_53508.fasta,0.0012501884654962474,0.0,0.3211488257167581,CM
,235560,Contig_368951.fasta,0.009409583337271005,1.9864740209892683e-05,0.44163646915461685,CM
,235560,Contig_303193.fasta,0.015236573083318536,4.4787929354206307e-05,0.457617446522559,CM
,235560,Contig_1062799.fasta,0.01736729901206061,6.317346711301245e-05,0.464200237171941,CM
,235560,Contig_932596.fasta,0.01515910883295315,4.262057022047784e-05,0.45694710846612946,CM
,235560,Contig_133360.fasta,0.011412116226946378,2.3613532037076944e-05,0.4452082198566285,CM
,235560,Contig_371588.fasta,0.018431925403061485,6.42145890677526e-05,0.46259400797757444,CM
,235560,Contig_990113.fasta,0.018748700585734017,7.504414524550876e-05,0.4665142961807742,CM
,235560,Contig_371159.fasta,0.014841555750917161,4.327006194122709e-05,0.4578413298134213,CM
,235560,Contig_132515.fasta,0.021857070976790828,9.116676897577398e-05,0.46838222129060714,CM
,235560,Contig_708360.fasta,0.008556253389020399,1.0746882883313812e-05,0.43285276509650006,CM
,235560,Contig_794445.fasta,0.016636395468757587,5.504167792156142e-05,0.46122606118217496,CM
,235560,Contig_310512.fasta,0.025473042907405607,0.00012840536221308066,0.47407683796283334,CM
,235560,Contig_200936.fasta,0.02174186725371628,9.540102305707535e-05,0.47026516489378545,CM
,235560,Contig_309369.fasta,0.02570480896860209,0.00013429064243335707,0.47576394414775447,CM
,235560,Contig_131663.fasta,0.01646791208820474,5.4271545822720574e-05,0.46122606118217496,CM
,235560,Contig_133515.fasta,0.01984577242616022,7.982779777663972e-05,0.466746971640216,CM
,235560,Contig_57236.fasta,0.022803710121849795,0.00010291260190811319,0.4700289694317595,CM
,235560,Contig_368809.fasta,0.02015474376929336,7.632063751730808e-05,0.4665142961807742,CM
,235560,Contig_57273.fasta,0.0061295362471798795,7.622666201250233e-06,0.4249898629149106,CM
,235560,Contig_53450.fasta,0.020933342285289234,8.748453424569822e-05,0.46979301111377164,CM
,235560,Contig_369809.fasta,0.017869074390259327,5.885236015505839e-05,0.46145349020642656,CM
,235560,Contig_500212.fasta,0.003656004392913702,2.5283353175335097e-06,0.3918876374114879,CM
,235560,Contig_985127.fasta,0.011873555108560533,2.6699824078505714e-05,0.449484955878306,CM
,235560,Contig_131527.fasta,0.008067166066745577,1.0963037463603622e-05,0.42634518366224744,CM
,235560,Contig_205412.fasta,0.016431191365296915,5.1026741423481226e-05,0.4603185824587472,CM
,235560,Contig_58861.fasta,0.022404056917773117,9.811834117393074e-05,0.47026516489378545,CM
,235560,Contig_57172.fasta,0.007934235673284428,1.1673283568709289e-05,0.43066160981989554,CM
,235560,Contig_57931.fasta,0.0104664240542669,1.9584843492969726e-05,0.44163646915461685,CM
,235560,Contig_986539.fasta,0.026959031361695498,0.00014231015312930314,0.47600594005016944,CM
,235560,Contig_53380.fasta,0.0010002781711144098,0.0,0.2968996440795156,CM
,235560,Contig_793579.fasta,0.012819137220532163,3.0849794724213035e-05,0.4507840453461624,CM
,235560,Contig_53751.fasta,0.009129398984157851,1.567774337139287e-05,0.4377117297187245,CM
,235560,Contig_56974.fasta,0.016582709283359656,5.3192193111999775e-05,0.45986618090350523,CM
,235560,Contig_53714.fasta,0.02142275498782985,9.07573839948831e-05,0.46979301111377164,CM
,235560,Contig_498548.fasta,0.007322933853988292,1.0506833184242096e-05,0.43185402775202264,CM
,235560,Contig_138961.fasta,0.0255592777600764,0.0001291334328636132,0.4743171201919073,CM
,235560,Contig_56931.fasta,0.01207902907839804,3.0106681327875347e-05,0.4523091726141291,CM
,235560,Contig_53490.fasta,0.01771524004071858,6.13717274557456e-05,0.4637401774720679,CM
,235560,Contig_1261469.fasta,0.0197148111943423,7.530005925076207e-05,0.4660496405072874,CM
,235560,Contig_134080.fasta,0.019280326778342686,7.098311667183271e-05,0.46535438992473055,CM
,235560,Contig_547636.fasta,0.0035566102442667227,1.91454254761987e-06,0.3843234817817795,CM
,235560,Contig_555815.fasta,0.006021905194025418,5.937155175687504e-06,0.4179668057787553,CM
,235560,Contig_367999.fasta,0.012818279612372169,3.2772551470482124e-05,0.4520906657674556,CM
,235560,Contig_542481.fasta,0.021812038798873373,9.8577935025858e-05,0.4714497119086313,CM
,235560,Contig_54239.fasta,0.0,0.0,0.0,CM
,235560,Contig_135080.fasta,0.016495907691567488,5.17071252534535e-05,0.46009227047130435,CM
,235560,Contig_543050.fasta,0.002222306291568099,4.434561275179583e-07,0.3503660344959315,CM
,235560,Contig_371121.fasta,0.010923832256197606,2.4491826464274767e-05,0.4475503004010679,CM
,235560,Contig_421275.fasta,0.016316705820631175,4.900027658738736e-05,0.4591892434438828,CM
,235560,Contig_1064055.fasta,0.018189759310978177,6.511837160773343e-05,0.4623654536258069,CM
,235560,Contig_24574183.fasta,0.023285226584908142,0.00010829220279150504,0.4731181385938489,CM
,235560,Contig_1065010.fasta,0.019466999894636315,7.384578782064414e-05,0.4660496405072874,CM
,235560,Contig_542439.fasta,0.021578468138724,9.032721800205952e-05,0.46932180448276484,CM
,235560,Contig_55615.fasta,0.002474737822973419,6.055008097131916e-07,0.364702914317472,CM
,235560,Contig_1062268.fasta,0.01772220949304053,6.076438783857544e-05,0.4644306094980809,CM
,235560,Contig_545832.fasta,0.01062539382101226,2.4046362824992388e-05,0.4449965183731018,CM
,235560,Contig_994284.fasta,0.017657883204168435,6.577006551406642e-05,0.46558590952170803,CM
,235560,Contig_61283.fasta,0.01590388245421184,4.8114358032944635e-05,0.4603185824587472,CM
,235560,Contig_137216.fasta,0.021809213627890355,9.545671369559609e-05,0.46908655545796146,CM
,235560,Contig_369929.fasta,0.022149996209825867,9.300170183219276e-05,0.46932180448276484,CM
,235560,Contig_424266.fasta,0.0,0.0,0.0,CM
,235560,Contig_422733.fasta,0.022115475151846354,9.964863053201448e-05,0.47073826868140495,CM
,235560,Contig_993468.fasta,0.024184620242218405,0.0001136490682550586,0.47168733777148847,CM
,235560,Contig_2702.fasta,0.022674925038447043,0.00010498368413414111,0.47026516489378545,CM
,235560,Contig_550843.fasta,0.009462793289085737,1.5064578478538695e-05,0.43669047043333326,CM
,235560,Contig_555666.fasta,0.005962677811132118,6.076779558839377e-06,0.4202189843460409,CM
,235560,Contig_552333.fasta,0.0012716694660067618,0.0,0.3243770114865279,CM
,235560,Contig_59941.fasta,0.013118207648044947,3.3846673582974385e-05,0.45406486081447506,CM
,235560,Contig_543660.fasta,0.01284846987185295,3.307666725953068e-05,0.4527468205798902,CM
,235560,Contig_302582.fasta,0.0,0.0,0.0,CM
,235560,Contig_985007.fasta,0.006603340816304073,6.635545557861985e-06,0.4144498131703424,CM
,235560,Contig_137152.fasta,0.009706224355481968,1.579363312127741e-05,0.4397686457418388,CM
,235560,Contig_551768.fasta,0.010568899356781953,2.0101296723727223e-05,0.44059683528184235,CM
,235560,Contig_54324.fasta,0.017411512625614148,6.29125765439558e-05,0.464200237171941,CM
,235560,Contig_554908.fasta,0.02001132573313484,7.570504092168098e-05,0.4665142961807742,CM
,235560,Contig_988264.fasta,0.023743820349549735,0.00011096145350707565,0.4731181385938489,CM
,235560,Contig_57017.fasta,0.015330547997136562,4.687963537662641e-05,0.4589640402837828,CM
,235560,Contig_930599.fasta,0.007514625458176057,1.0114280424006607e-05,0.4340573646283085,CM
,235560,Contig_368836.fasta,0.024240493827906003,0.0001132362086228124,0.4724016547898198,CM
,235560,Contig_501295.fasta,0.01996216903484052,7.872582631818436e-05,0.4674463926766399,CM
,235560,Contig_549348.fasta,0.023216385763933572,0.00011098228472102553,0.47287906929693435,CM
,235560,Contig_3936.fasta,0.025554835112264158,0.0001282742760993235,0.47407683796283334,CM
,235560,Contig_53793.fasta,0.01765943174466928,5.64339345848089e-05,0.4596403134276194,CM
,235560,Contig_421232.fasta,0.0,0.0,0.0,CM
,235560,Contig_368389.fasta,0.025425239913104095,0.00012736057239963683,0.47383679905753573,CM
,235560,Contig_58788.fasta,0.004998946193711551,4.4248011173879395e-06,0.4117147726082856,CM
,235560,Contig_991500.fasta,0.0280258121601214,0.00015914471434680987,0.4779508059952161,CM
,235560,Contig_555817.fasta,0.019905188631543724,7.775673470768318e-05,0.46721301954000655,CM
,235560,Contig_542483.fasta,0.008499048451335924,1.321777909491528e-05,0.43709840174620884,CM
,235560,Contig_132900.fasta,0.013026426749549668,3.207879516695259e-05,0.45035018197239324,CM
,235560,Contig_543052.fasta,0.001185303639170217,0.0,0.31403613360356813,CM
,235560,Contig_546119.fasta,0.00847775233712619,1.1616728109979635e-05,0.4310583501329494,CM
,235560,Contig_6086.fasta,0.006841780256635838,7.960122046984029e-06,0.421924110973234,CM
,235560,Contig_369459.fasta,0.022594073351077895,0.00010012602227115174,0.47073826868140495,CM
,235560,Contig_1064787.fasta,0.0035304463076022193,1.8543541086439565e-06,0.384955852792527,CM
,235560,Contig_993918.fasta,0.0074546319595058105,9.700600781069618e-06,0.4308598886457795,CM
,235560,Contig_420935.fasta,0.007968771632872252,1.1399905774010023e-05,0.42829642020074743,CM
,235560,Contig_209716.fasta,0.014237262768635926,4.008535387922469e-05,0.45605637336190696,CM
,235560,Contig_549952.fasta,0.002493697586460451,7.55584849186061e-07,0.36930847598209676,CM
,235560,Contig_368269.fasta,0.0035114499487497704,1.7845992969420432e-06,0.3862268584971659,CM
,235560,Contig_58668.fasta,0.02195103981528938,9.453150450551092e-05,0.46955728958285653,CM
,235560,Contig_542949.fasta,0.016129674345759286,5.0722297881134005e-05,0.4578413298134213,CM
,235560,Contig_425926.fasta,0.0,0.0,0.0,CM
,235560,Contig_439.fasta,0.012612783645576383,3.144728397645526e-05,0.4505670092145561,CM
,235560,Contig_428343.fasta,0.019185817627796337,7.500911441802123e-05,0.46767999906978164,CM
,235560,Contig_502497.fasta,0.0058980530084953115,5.56485292156139e-06,0.4146334417982424,CM
,235560,Contig_793333.fasta,0.012483465266804095,3.135351817149831e-05,0.45013356331824583,CM
,235560,Contig_985040.fasta,0.021979188169860057,9.626249651836061e-05,0.4700289694317595,CM
,235560,Contig_544337.fasta,0.008160257085085974,1.1469132633947375e-05,0.43185402775202264,CM
,235560,Contig_302538.fasta,0.003762527687386694,1.9870311883978343e-06,0.39205181321266575,CM
,235560,Contig_371387.fasta,0.005738044991484925,5.456990144368405e-06,0.41481723321747915,CM
,235560,Contig_985429.fasta,0.014785571314039087,4.308880023766754e-05,0.45494782602753187,CM
,235560,Contig_57780.fasta,0.015085777167561452,4.484649749800039e-05,0.457617446522559,CM
,235560,Contig_5210.fasta,0.0024722165859499363,5.82721460708278e-07,0.36684738460942107,CM
,235560,Contig_139344.fasta,0.007263499158614305,8.652230482416587e-06,0.4259570678828553,CM
,235560,Contig_303250.fasta,0.01058894494103306,2.0716979154623633e-05,0.44331012701972194,CM
,235560,Contig_547305.fasta,0.001316890803239985,0.0,0.32641356056457377,CM
,235560,Contig_368294.fasta,0.01729635661286597,6.155818532484337e-05,0.4621371250067324,CM
,235560,Contig_542526.fasta,0.0038557931729087665,1.734304845024181e-06,0.3933701883726915,CM
,235560,Contig_59201.fasta,0.0012483953724016495,0.0,0.31939511199270754,CM
,235560,Contig_132437.fasta,0.012122092312499373,2.3872535059538886e-05,0.4471226364733077,CM
,235560,Contig_135127.fasta,0.017475852857086673,5.6612179863748664e-05,0.4616811436303074,CM
,235560,Contig_498840.fasta,0.01777370866098373,6.0633429625973917e-05,0.46122606118217496,CM
,235560,Contig_201012.fasta,0.0069872633646374475,9.20080996536781e-06,0.42576327485834076,CM
,235560,Contig_502796.fasta,0.0126972589447428,2.681649413928669e-05,0.44733636622305595,CM
,235560,Contig_371838.fasta,0.023116873067752876,0.00010368584009120853,0.47097517772452596,CM
,235560,Contig_369953.fasta,0.023167363114334788,0.00010377647860755057,0.4700289694317595,CM
,235560,Contig_53998.fasta,0.0023729105388753382,5.690159306604711e-07,0.3611839745807152,CM
,235560,Contig_549268.fasta,0.0034835912726072075,1.7271210353062292e-06,0.384797565024109,CM
,235560,Contig_627031.fasta,0.009684349287153166,1.3996618390459434e-05,0.4362832998315306,CM
,235560,Contig_60946.fasta,0.023467428591070223,0.00011117701769011617,0.4726402414841581,CM
,235560,Contig_368584.fasta,0.016752186110339864,5.153435224427295e-05,0.4609988562259276,CM
,235560,Contig_499387.fasta,0.0035992529894471083,1.803230929909137e-06,0.38960352961641675,CM
,235560,Contig_368916.fasta,0.0221130827745477,9.922120688692489e-05,0.4714497119086313,CM
,235560,Contig_131739.fasta,0.008450805393321078,1.1691477674070648e-05,0.433454227947491,CM
,235560,Contig_368678.fasta,0.020636672281368566,8.655448841317512e-05,0.46791383906931655,CM
,235560,Contig_55737.fasta,0.0024688052995500524,5.722175118708233e-07,0.36286455143025714,CM
,235560,Contig_57441.fasta,0.012878070275830506,3.022814490711796e-05,0.45143641010064306,CM
,235560,Contig_139085.fasta,0.019411589257073866,6.906888347200952e-05,0.4644306094980809,CM
,235560,Contig_5194.fasta,0.0012965299821902701,0.0,0.32595878723045385,CM
,235560,Contig_500498.fasta,0.008996118992962583,1.4463870003993715e-05,0.43547123226553425,CM
,235560,Contig_35.fasta,0.003648055071229946,1.4657617063459977e-06,0.387827467110913,CM
,235560,Contig_1124667.fasta,0.02147644758246516,8.928610766650898e-05,0.46955728958285653,CM
,235560,Contig_800316.fasta,0.0010878049447166703,0.0,0.3047306018035275,CM
,235560,Contig_56028.fasta,0.020278141982400192,7.71099996884135e-05,0.46791383906931655,CM
,235560,Contig_551712.fasta,0.0024741005674164375,4.734973733000805e-07,0.36598657729316897,CM
,235560,Contig_502713.fasta,0.02565621698601887,0.00013171993615516725,0.4750394305272249,CM
,235560,Contig_59610.fasta,0.013718259711589194,3.4679588982898854e-05,0.4510012906692208,CM
,235560,Contig_302604.fasta,0.01502269437788223,4.489223928724495e-05,0.45873905791109465,CM
,235560,Contig_551757.fasta,0.0037025534606277893,1.6367903020148893e-06,0.3900907370315269,CM
,235560,Contig_932201.fasta,0.004805809596995095,3.649005227603667e-06,0.4037220354351308,CM
,235560,Contig_133865.fasta,0.0024354921046664643,6.985780928478878e-07,0.36385212991393195,CM
,235560,Contig_986463.fasta,0.017643630464963256,6.164466126327043e-05,0.46282278839695007,CM
,235560,Contig_545427.fasta,0.006846167151032022,7.500814636420153e-06,0.42003037618430566,CM
,235560,Contig_62172.fasta,0.014255247109841822,3.4476688099700496e-05,0.45362466220971065,CM
,235560,Contig_55436.fasta,0.0037206119583515856,1.7078544036971505e-06,0.394531061609879,CM
,235560,Contig_548295.fasta,0.0035315050833672735,1.6782097248535636e-06,0.38863275670209013,CM
,235560,Contig_550839.fasta,0.0,0.0,0.0,CM
,235560,Contig_370302.fasta,0.017639740940655277,5.58180674619808e-05,0.4589640402837828,CM
,235560,Contig_372074.fasta,0.023142550563399387,0.00010607249234322439,0.47168733777148847,CM
,235560,Contig_553798.fasta,0.022022251287119644,9.348236766300381e-05,0.46979301111377164,CM
,235560,Contig_500799.fasta,0.00741136755818617,1.1299896893161663e-05,0.43305306716271774,CM
,235560,Contig_54243.fasta,0.026490020110411124,0.00014005402933912957,0.47600594005016944,CM
,235560,Contig_543869.fasta,0.0,0.0,0.0,CM
,235560,Contig_137718.fasta,0.02658137336081412,0.0001401799020319256,0.47528068976060595,CM
,235560,Contig_53716.fasta,0.010201155651669009,2.0497965264198443e-05,0.44247171543197783,CM
,235560,Contig_369798.fasta,0.01201371727769862,2.7813083146075307e-05,0.4512187454863226,CM
,235560,Contig_985160.fasta,0.014051029319355878,3.512153325722603e-05,0.4523091726141291,CM
,235560,Contig_56618.fasta,0.015859961443497887,5.2321758632400195e-05,0.4585142960012901,CM
,235560,Contig_369421.fasta,0.0025652861756416344,5.234350807791113e-07,0.3696001888383227,CM
,235560,Contig_136070.fasta,0.01883798078633846,7.16256644926799e-05,0.4662818525852681,CM
,235560,Contig_547124.fasta,0.004517840735725624,3.51322809071833e-06,0.39536446055709046,CM
,235560,Contig_555395.fasta,0.002057868192581301,4.434664835138633e-07,0.3393138789480178,CM
,235560,Contig_2620.fasta,0.021983235827179384,9.426635073864143e-05,0.46861676421564,CM
,235560,Contig_990679.fasta,0.003330850332195328,1.2333079224512192e-06,0.3738824123606205,CM
,235560,Contig_137371.fasta,0.018722225927160347,7.016720171326556e-05,0.4662818525852681,CM
,235560,Contig_200971.fasta,0.00496843540943387,4.170559207871185e-06,0.4124405809337299,CM
,235560,Contig_55880.fasta,0.023911019498124107,0.00011489632071020967,0.47287906929693435,CM
,235560,Contig_53941.fasta,0.01614485987689136,5.119134831233553e-05,0.4596403134276194,CM
,235560,Contig_54457.fasta,0.004373766534465351,2.994970186063518e-06,0.3932049067809382,CM
,235560,Contig_543587.fasta,0.0011960322259348833,0.0,0.3153058214752807,CM
,235560,Contig_132047.fasta,0.0010282518651920176,0.0,0.2994648570043626,CM
,235560,Contig_133002.fasta,0.019602869526051964,7.492418641088027e-05,0.466746971640216,CM
,235560,Contig_368235.fasta,0.014754532355805936,4.447565080998985e-05,0.4558342319233478,CM
,235560,Contig_212696.fasta,0.016420096594590462,4.967340730076419e-05,0.46009227047130435,CM
,235560,Contig_428432.fasta,0.027991293040939037,0.0001557264272708894,0.4772196216923167,CM
,235560,Contig_545097.fasta,0.0012716694660067618,0.0,0.3243770114865279,CM
,235560,Contig_550773.fasta,0.004647371693546316,3.3586914220427207e-06,0.40026846798059584,CM
,235560,Contig_134557.fasta,0.01863971687478213,6.969453360600811e-05,0.4639700932764666,CM
,235560,Contig_370062.fasta,0.013156186099567875,3.329490407888321e-05,0.45362466220971065,CM
,235560,Contig_420336.fasta,0.005833756946120555,5.702322001783257e-06,0.41573863977726927,CM
,235560,Contig_60298.fasta,0.0191728630021459,7.27949959206772e-05,0.4662818525852681,CM
,235560,Contig_424515.fasta,0.001185303639170217,0.0,0.31403613360356813,CM
,235560,Contig_498859.fasta,0.010651333774982957,2.177638260757168e-05,0.4452082198566285,CM
,235560,Contig_987746.fasta,0.0047327565503834145,3.054498718307773e-06,0.40216058364358964,CM
,235560,Contig_553390.fasta,0.021211250510753215,8.677272786517139e-05,0.46838222129060714,CM
,235560,Contig_54838.fasta,0.024772205270129764,0.00012191051855117816,0.47479841610280726,CM
,235560,Contig_808772.fasta,0.02670675044795817,0.00014247370685533439,0.47624818225884635,CM
,235560,concatenated_maxbin2.1689.fasta,0.1233537455971522,0.026516401263260662,0.43709840174620884,CM
,235560,concatenated_maxbin2.0347.fasta,0.157770820839632,0.04970270690976472,0.4964603067048452,CM
,235560,concatenated_maxbin2.0432.fasta,0.15235305387125642,0.055182670243882036,0.4917644131049044,CM
,235560,concatenated_maxbin2.0512.fasta,0.13940101575225936,0.033143615722419695,0.46054511719420915,CM
,235560,concatenated_maxbin2.0082.fasta,0.134508330270048,0.03322302310221212,0.4551691041530317,CM
,235560,concatenated_metabat2.783.fasta,0.10188250391340171,0.017208477052685862,0.4081237148445849,CM
,235560,concatenated_bin.308.fasta,0.1432912930761889,0.040911174610150584,0.4712123253467438,CM
,235560,concatenated_maxbin2.0325.fasta,0.11499727234689347,0.022820434337864813,0.42518295235739806,CM
,235560,concatenated_metabat2.665.fasta,0.1447780761411079,0.03969287496960617,0.4714497119086313,CM
,235560,concatenated_maxbin2.0610.fasta,0.14200594888808601,0.040744699121277705,0.46838222129060714,CM
,235560,concatenated_maxbin2.0126.fasta,0.1469226260682865,0.04586258839308793,0.4781950322629704,CM
,235560,concatenated_maxbin2.0342.fasta,0.11983887178527651,0.02460946974586347,0.4312569945339323,CM
,235560,concatenated_bin.737.fasta,0.15077185574893387,0.048084316827503276,0.4869030583447623,CM
,235560,concatenated_bin.182.fasta,0.11224546389836663,0.019675474733968756,0.42135419997236967,CM
,235560,concatenated_maxbin2.0908.fasta,0.1553314815701353,0.05336362987909131,0.4954090408356978,CM
,235560,concatenated_maxbin2.1011.fasta,0.1495646883945267,0.04310900764379691,0.48040435222722433,CM
,235560,concatenated_metabat2.358.fasta,0.1303250646288275,0.03392503893908968,0.44797878321619583,CM
,235560,concatenated_maxbin2.0541.fasta,0.1488539391905288,0.041797176965084004,0.4781950322629704,CM
,235560,concatenated_bin.204.fasta,0.12319027545950866,0.028733840216150688,0.43669047043333326,CM
,235560,concatenated_metabat2.164.fasta,0.1294958142302685,0.030570516458009473,0.44584453460630447,CM
,235560,concatenated_maxbin2.0329.fasta,0.133254080554972,0.0331229047960045,0.453185316289895,CM
,235560,concatenated_bin.240.fasta,0.13332761586366798,0.03610904504760405,0.45450591458894274,CM
,235560,concatenated_metabat2.793.fasta,0.1497795108905761,0.04891356621516124,0.4843828561794167,CM
,235560,concatenated_maxbin2.0177.fasta,0.13864014687365436,0.03612053312873104,0.4630517952195117,CM
,235560,concatenated_metabat2.147.fasta,0.14640574539569923,0.04370284345884972,0.4779508059952161,CM
,235560,concatenated_maxbin2.0272.fasta,0.16260120452588073,0.05494670376776381,0.5074987408560917,CM
