Method,Number of Swaps,Node,Eigenvector Centrality,Betweenness Centrality,Closeness Centrality,Methods
,235560,Contig_60400.fasta,0.02193407467360672,9.231237001433613e-05,0.470501597857533,CM
,235560,Contig_303000.fasta,0.01410865414934897,3.8089653618050926e-05,0.4547267629439422,CM
,235560,Contig_58480.fasta,0.003779500479776419,2.0194164777346173e-06,0.3933701883726915,CM
,235560,Contig_547953.fasta,0.01974410570916242,8.253307467845512e-05,0.46838222129060714,CM
,235560,Contig_501261.fasta,0.01399722362435625,3.659404362976382e-05,0.45450591458894274,CM
,235560,Contig_59812.fasta,0.01997223321926598,7.87363958296455e-05,0.46767999906978164,CM
,235560,Contig_137842.fasta,0.026507733805272656,0.00014182556181294005,0.47624818225884635,CM
,235560,Contig_305555.fasta,0.019635109943400418,7.81874828565538e-05,0.4669798793106951,CM
,235560,Contig_1064437.fasta,0.02010351050678986,8.023056548725341e-05,0.46932180448276484,CM
,235560,Contig_302768.fasta,0.004351311181730552,3.5902242949360656e-06,0.40009733994811164,CM
,235560,Contig_308773.fasta,0.010933564745447207,2.2022105077029804e-05,0.44478501812672677,CM
,235560,Contig_548846.fasta,0.0010777271777660977,0.0,0.3047306018035275,CM
,235560,Contig_367992.fasta,0.004895901502997255,3.567644268334644e-06,0.4063515753967143,CM
,235560,Contig_2515.fasta,0.020118751648176735,8.091406449717785e-05,0.46908655545796146,CM
,235560,Contig_139114.fasta,0.024240154363778733,0.00011552058861354828,0.4724016547898198,CM
,235560,Contig_1118110.fasta,0.02105441192352529,9.107634255332405e-05,0.4700289694317595,CM
,235560,Contig_499911.fasta,0.02312869773983809,0.00010462700918486542,0.4712123253467438,CM
,235560,Contig_552124.fasta,0.0,0.0,0.0,CM
,235560,Contig_133566.fasta,0.01651756637979326,5.153637918855319e-05,0.4596403134276194,CM
,235560,Contig_131655.fasta,0.004638935337503829,3.8613352684417135e-06,0.40233348157292914,CM
,235560,Contig_550217.fasta,0.006976414513976702,8.625568609263052e-06,0.42345143807177965,CM
,235560,Contig_1065858.fasta,0.02050399973676484,8.385965996667399e-05,0.46908655545796146,CM
,235560,Contig_502682.fasta,0.004466215846679997,3.4908931390671165e-06,0.39941428857816175,CM
,235560,Contig_59781.fasta,0.00943763825583606,1.635862219419166e-05,0.43935571743597795,CM
,235560,Contig_544167.fasta,0.019546373717417426,7.605723881727782e-05,0.4674463926766399,CM
,235560,Contig_500923.fasta,0.00441113410089235,2.528124544491777e-06,0.39370116875836475,CM
,235560,Contig_53423.fasta,0.00837287272856372,1.1589600604171788e-05,0.43285276509650006,CM
,235560,Contig_54970.fasta,0.009189881892080465,1.5774707838768473e-05,0.4387377769051257,CM
,235560,Contig_371293.fasta,0.025630636195212622,0.00012543214880025456,0.47383679905753573,CM
,235560,Contig_368039.fasta,0.012074119504637486,2.5786874146430503e-05,0.44905358835826925,CM
,235560,Contig_139681.fasta,0.008494468853245308,1.2826223549549688e-05,0.43567396561388877,CM
,235560,Contig_139250.fasta,0.00683980845019652,6.466942447102377e-06,0.41815356485193617,CM
,235560,Contig_55970.fasta,0.02113578111120649,8.707616824084905e-05,0.46932180448276484,CM
,235560,Contig_370642.fasta,0.007344520796074272,9.668124090710372e-06,0.43285276509650006,CM
,235560,Contig_424505.fasta,0.01496388675738956,3.913007585854465e-05,0.4527468205798902,CM
,235560,Contig_1064106.fasta,0.008123248382133512,1.0733654557131428e-05,0.4308598886457795,CM
,235560,Contig_53687.fasta,0.0024910297340126892,6.598688189827008e-07,0.36699124632887575,CM
,235560,Contig_988292.fasta,0.01057700925038921,1.8163907438575564e-05,0.4385321828203529,CM
,235560,Contig_2.fasta,0.0048209183235331885,3.5743442544340265e-06,0.4075904521509726,CM
,235560,Contig_55746.fasta,0.0037896418118400356,1.8693484540663795e-06,0.3956988068239463,CM
,235560,Contig_370874.fasta,0.01609373390434695,5.14010382426639e-05,0.4591892434438828,CM
,235560,Contig_62202.fasta,0.02087793549511498,8.358616349521399e-05,0.46861676421564,CM
,235560,Contig_131826.fasta,0.019913009958805905,7.477662899977969e-05,0.46721301954000655,CM
,235560,Contig_60972.fasta,0.018750918014839583,7.12339428160615e-05,0.46535438992473055,CM
,235560,Contig_502426.fasta,0.010523335027243431,2.0765876431017084e-05,0.4437305254332068,CM
,235560,Contig_302574.fasta,0.009663458212130587,1.8907025811454537e-05,0.4441517219452459,CM
,235560,Contig_369922.fasta,0.02787746573717936,0.00015390688543009376,0.4772196216923167,CM
,235560,Contig_56774.fasta,0.0023930956504927946,5.013852092754177e-07,0.36034951025746365,CM
,235560,Contig_53586.fasta,0.018371766296907805,6.860136483491548e-05,0.4637401774720679,CM
,235560,Contig_305448.fasta,0.019386198125454775,7.572178239977606e-05,0.46721301954000655,CM
,235560,Contig_423780.fasta,0.02088128780418573,8.395957920828713e-05,0.4681479130258295,CM
,235560,Contig_368225.fasta,0.022192912561568287,9.619348135329004e-05,0.47026516489378545,CM
,235560,Contig_498426.fasta,0.024311558261322204,0.00011606072345740474,0.4731181385938489,CM
,235560,Contig_543905.fasta,0.00581803869314869,5.409635134098547e-06,0.41536958639087135,CM
,235560,Contig_799449.fasta,0.015181843737839096,4.487218867912218e-05,0.457617446522559,CM
,235560,Contig_307703.fasta,0.021935013035766067,9.597437045393485e-05,0.46979301111377164,CM
,235560,Contig_135212.fasta,0.02398054269180039,0.00011545087943828602,0.4731181385938489,CM
,235560,Contig_542656.fasta,0.019025355244611863,7.226751511196051e-05,0.46581765960111154,CM
,235560,Contig_368570.fasta,0.007242716944882082,9.044377363579192e-06,0.4259570678828553,CM
,235560,Contig_58171.fasta,0.019792665541550878,8.11295014311797e-05,0.4681479130258295,CM
,235560,Contig_989217.fasta,0.02083736168307228,8.12852790781094e-05,0.46838222129060714,CM
,235560,Contig_24573992.fasta,0.0013515299891605217,0.0,0.3311492137787095,CM
,235560,Contig_422441.fasta,0.0012965986695083753,0.0,0.32641356056457377,CM
,235560,Contig_58619.fasta,0.010749039491093982,2.187858287914729e-05,0.44648267086766846,CM
,235560,Contig_55786.fasta,0.022355584536488615,9.784627809446843e-05,0.47073826868140495,CM
,235560,Contig_84.fasta,0.008892019745029785,1.322935963482961e-05,0.4292787514397399,CM
,235560,Contig_302648.fasta,0.006183472373541332,7.471236766698123e-06,0.42441164541434606,CM
,235560,Contig_56021.fasta,0.004680926354399206,3.450636995851253e-06,0.40512020698642126,CM
,235560,Contig_500040.fasta,0.02396731565044755,0.00011277676482325079,0.4721633088489572,CM
,235560,Contig_1066208.fasta,0.015967112023557384,4.783430516279468e-05,0.45806543227539553,CM
,235560,Contig_56448.fasta,0.005827691175010556,5.5808708528506396e-06,0.41225888904785596,CM
,235560,Contig_211575.fasta,0.002511119047993697,6.810871898297547e-07,0.36699124632887575,CM
,235560,Contig_58270.fasta,0.027676135374275202,0.0001561251062552701,0.4781950322629704,CM
,235560,Contig_501846.fasta,0.02288114391911195,0.00010244986063824411,0.470501597857533,CM
,235560,Contig_542512.fasta,0.011924617283107576,2.7103866740288866e-05,0.4471226364733077,CM
,235560,Contig_134156.fasta,0.0178387698404852,6.171963442633014e-05,0.464200237171941,CM
,235560,Contig_24575311.fasta,0.004730618610323429,3.4594872920272827e-06,0.4037220354351308,CM
,235560,Contig_56365.fasta,0.02412282060579428,0.0001126800889461382,0.4726402414841581,CM
,235560,Contig_24577067.fasta,0.015206531362890968,4.332349400717083e-05,0.45694710846612946,CM
,235560,Contig_302549.fasta,0.02091987594309699,8.384461256526558e-05,0.46908655545796146,CM
,235560,Contig_61598.fasta,0.0178763811773268,6.268342408100379e-05,0.4637401774720679,CM
,235560,Contig_57982.fasta,0.019780916567642488,7.646058798630856e-05,0.4669798793106951,CM
,235560,Contig_367952.fasta,0.017367887463253146,5.829159284295913e-05,0.4616811436303074,CM
,235560,Contig_548080.fasta,0.010687739011869882,2.095041676643691e-05,0.44457371883070457,CM
,235560,Contig_55623.fasta,0.017629551473101867,5.9854635347882696e-05,0.4637401774720679,CM
,235560,Contig_56982.fasta,0.024747364478473075,0.00012076240690043627,0.4743171201919073,CM
,235560,Contig_1066315.fasta,0.010872163247153826,2.048581660459302e-05,0.44584453460630447,CM
,235560,Contig_369802.fasta,0.023343392113951218,0.00010218384437466313,0.4714497119086313,CM
,235560,Contig_132276.fasta,0.019795495698207936,7.930660667986063e-05,0.46791383906931655,CM
,235560,Contig_985545.fasta,0.021218795133650836,8.807697080610386e-05,0.46932180448276484,CM
,235560,Contig_56278.fasta,0.0,0.0,0.0,CM
,235560,Contig_61852.fasta,0.019757161464601398,6.914789287711821e-05,0.4632810287815015,CM
,235560,Contig_985500.fasta,0.018997530832022942,7.379657918164936e-05,0.46721301954000655,CM
,235560,Contig_499607.fasta,0.01526662577940965,4.8789310013477044e-05,0.4621371250067324,CM
,235560,Contig_2240.fasta,0.022064525134029466,9.536265074232647e-05,0.47026516489378545,CM
,235560,Contig_370216.fasta,0.010780851314775483,2.0698098950323735e-05,0.4441517219452459,CM
,235560,Contig_309063.fasta,0.023087177671822227,0.0001051223518894041,0.47097517772452596,CM
,235560,Contig_57285.fasta,0.01179238655001466,2.512341777884098e-05,0.4462697559077888,CM
,235560,Contig_3691.fasta,0.008255353507052145,1.2718915308395293e-05,0.43305306716271774,CM
,235560,Contig_59029.fasta,0.02323893356131854,0.00010537137758955343,0.4724016547898198,CM
,235560,Contig_3240.fasta,0.012395774953618398,2.6485992826241743e-05,0.4475503004010679,CM
,235560,Contig_56285.fasta,0.02209389682509274,9.521796198324996e-05,0.4700289694317595,CM
,235560,Contig_371253.fasta,0.027797741436410197,0.00015189531802952926,0.4772196216923167,CM
,235560,Contig_1263041.fasta,0.006870580728329976,7.100159800991808e-06,0.4179668057787553,CM
,235560,Contig_138129.fasta,0.021479083640626062,8.856616363838268e-05,0.4674463926766399,CM
,235560,Contig_302755.fasta,0.010602188256093334,2.125992344861696e-05,0.44436262019878114,CM
,235560,Contig_544576.fasta,0.011783537331819454,2.6261544378725347e-05,0.4484080872729435,CM
,235560,Contig_278.fasta,0.0012965986695083753,0.0,0.32641356056457377,CM
,235560,Contig_131695.fasta,0.02228613235013622,0.00010245306056827775,0.4726402414841581,CM
,235560,Contig_548245.fasta,0.0022311885458427385,6.005699558474173e-07,0.3519472275812836,CM
,235560,Contig_1065632.fasta,0.0057041605238674084,5.509892317950696e-06,0.4151853052966429,CM
,235560,Contig_55072.fasta,0.02093400210012254,9.217021097958342e-05,0.47073826868140495,CM
,235560,Contig_204149.fasta,0.00910986898629715,1.4540373726666523e-05,0.43365508718194307,CM
,235560,Contig_369610.fasta,0.004673448760709932,3.676916507964153e-06,0.4052956596529377,CM
,235560,Contig_498487.fasta,0.015003083358000165,4.254391916451055e-05,0.4573937820814434,CM
,235560,Contig_201047.fasta,0.008103187816645258,1.1743276539561225e-05,0.4284925266202533,CM
,235560,Contig_136690.fasta,0.01167346649682446,2.728311417867512e-05,0.4488382149345962,CM
,235560,Contig_550313.fasta,0.020214051286924137,7.896710632298769e-05,0.4669798793106951,CM
,235560,Contig_60291.fasta,0.010830888017086732,2.4328615312668847e-05,0.4475503004010679,CM
,235560,Contig_370828.fasta,0.017943822273396283,6.275956262905004e-05,0.46351048941982814,CM
,235560,Contig_139853.fasta,0.0023650162968985554,4.3257528718424304e-07,0.3571861366941348,CM
,235560,Contig_57005.fasta,0.005016976547714773,3.871048931222981e-06,0.4100910070721442,CM
,235560,Contig_1062860.fasta,0.007268010709942289,9.965866244659288e-06,0.4296729468037801,CM
,235560,Contig_543959.fasta,0.0,0.0,0.0,CM
,235560,Contig_53626.fasta,0.017411443126010874,6.229997930194235e-05,0.4632810287815015,CM
,235560,Contig_54373.fasta,0.022111022887319007,9.658029648696046e-05,0.47026516489378545,CM
,235560,Contig_549101.fasta,0.0,0.0,0.0,CM
,235560,Contig_371402.fasta,0.02301517036174081,0.00010005641771542976,0.46955728958285653,CM
,235560,Contig_421838.fasta,0.0033202167148793185,1.5631100326250388e-06,0.3816589225687737,CM
,235560,Contig_1128005.fasta,0.0,0.0,0.0,CM
,235560,Contig_368554.fasta,0.019700862758696293,7.552493275039946e-05,0.4660496405072874,CM
,235560,Contig_58584.fasta,0.018354624306134062,6.896600775658936e-05,0.4644306094980809,CM
,235560,Contig_368185.fasta,0.016967566190085676,5.546618813136554e-05,0.46351048941982814,CM
,235560,Contig_707918.fasta,0.016653108145155703,5.5003429333014366e-05,0.46259400797757444,CM
,235560,Contig_992623.fasta,0.021205168965345158,8.780321843044764e-05,0.4688515421536238,CM
,235560,Contig_1062938.fasta,0.015766889548954298,4.627574111875856e-05,0.4567240986523344,CM
,235560,Contig_133910.fasta,0.007506434896445869,1.0567528045308938e-05,0.43185402775202264,CM
,235560,Contig_136735.fasta,0.01727529953242435,5.520684367642614e-05,0.4603185824587472,CM
,235560,Contig_133582.fasta,0.028979029020275375,0.00016804543442955211,0.4789292109204878,CM
,235560,Contig_303771.fasta,0.025376188067876802,0.00012488370114688415,0.47383679905753573,CM
,235560,Contig_542493.fasta,0.017095837990576953,6.080811158673296e-05,0.46259400797757444,CM
,235560,Contig_370277.fasta,0.019904633764162256,8.128490414965879e-05,0.46767999906978164,CM
,235560,Contig_422210.fasta,0.017633390064191727,6.194797233936067e-05,0.464200237171941,CM
,235560,Contig_53810.fasta,0.012695285874615098,2.925259031151704e-05,0.4499171529512659,CM
,235560,Contig_54994.fasta,0.028677390348015544,0.00016260078593832237,0.47770682906515216,CM
,235560,Contig_54506.fasta,0.017758954064611213,5.8778596175952456e-05,0.4619090217860973,CM
,235560,Contig_24570062.fasta,0.003495888258387853,1.835216136769378e-06,0.3851142708389437,CM
,235560,Contig_502567.fasta,0.019874544777065718,7.176769734525468e-05,0.46512310046651745,CM
,235560,Contig_985561.fasta,0.01772253889395489,6.452423653920486e-05,0.464200237171941,CM
,235560,Contig_54969.fasta,0.0012861205354177591,0.0,0.3243770114865279,CM
,235560,Contig_135393.fasta,0.026386096962466212,0.00013863274948468959,0.47528068976060595,CM
,235560,Contig_132217.fasta,0.016273322748628832,5.183697341210905e-05,0.46122606118217496,CM
,235560,Contig_61833.fasta,0.02123847921389677,8.978232118547774e-05,0.46979301111377164,CM
,235560,Contig_499666.fasta,0.0,0.0,0.0,CM
,235560,Contig_62792.fasta,0.009750892242491212,1.6465868377669118e-05,0.4397686457418388,CM
,235560,Contig_1065841.fasta,0.02799034525659892,0.00015352071402419563,0.4772196216923167,CM
,235560,Contig_134869.fasta,0.008230767759889322,1.1507064294581888e-05,0.4332535546938116,CM
,235560,Contig_555468.fasta,0.008352636739790429,1.2677262255069052e-05,0.43365508718194307,CM
,235560,Contig_367976.fasta,0.0,0.0,0.0,CM
,235560,Contig_55642.fasta,0.0038843074299518337,1.6525512205835593e-06,0.39737905653445144,CM
,235560,Contig_58349.fasta,0.010605737873102311,2.0633161364682938e-05,0.4418449849568617,CM
,235560,Contig_136319.fasta,0.017183847325420377,5.9413482404203655e-05,0.46122606118217496,CM
,235560,Contig_131609.fasta,0.019579375121232524,7.143270771326717e-05,0.46489204080408997,CM
,235560,Contig_420267.fasta,0.019882491536363067,7.293004693987364e-05,0.4660496405072874,CM
,235560,Contig_368748.fasta,0.02106323160725513,8.899844598843961e-05,0.46955728958285653,CM
,235560,Contig_1065496.fasta,0.024414806643103627,0.00011889581628190731,0.47383679905753573,CM
,235560,Contig_2120.fasta,0.008224705792247647,1.2623807640940478e-05,0.4312569945339323,CM
,235560,Contig_368399.fasta,0.017194700889318244,5.732406073499348e-05,0.4630517952195117,CM
,235560,Contig_367933.fasta,0.0081525890240305,1.3470465412236214e-05,0.43305306716271774,CM
,235560,Contig_24566365.fasta,0.0012667462193545608,0.0,0.3211488257167581,CM
,235560,Contig_985209.fasta,0.011797333308142456,2.3978915857657552e-05,0.4475503004010679,CM
,235560,Contig_371176.fasta,0.023494538112206982,0.00010552823286590158,0.47168733777148847,CM
,235560,Contig_138521.fasta,0.003857910490931236,1.4735747264715934e-06,0.394531061609879,CM
,235560,Contig_54607.fasta,0.024314148999422542,0.00011675882831683564,0.4731181385938489,CM
,235560,Contig_1063557.fasta,0.011545370945231908,2.5290367661663016e-05,0.4462697559077888,CM
,235560,Contig_137319.fasta,0.01753345120122488,5.63292424026082e-05,0.4616811436303074,CM
,235560,Contig_53407.fasta,0.009323538462642096,1.5315669537794257e-05,0.43567396561388877,CM
,235560,Contig_1062202.fasta,0.017415811379854977,5.764866388699202e-05,0.4619090217860973,CM
,235560,Contig_422644.fasta,0.021672374051200795,8.972675127646232e-05,0.4665142961807742,CM
,235560,Contig_991144.fasta,0.025453264787261818,0.00013148803573449072,0.47528068976060595,CM
,235560,Contig_500942.fasta,0.018113989362400357,6.20910269752443e-05,0.46466121059515053,CM
,235560,Contig_553943.fasta,0.006966045152689149,7.668412377800664e-06,0.42211442405892335,CM
,235560,Contig_137361.fasta,0.023072317214067477,0.00010595581550685077,0.4721633088489572,CM
,235560,Contig_551233.fasta,0.0010236719823229672,0.0,0.2994648570043626,CM
,235560,Contig_54682.fasta,0.0,0.0,0.0,CM
,235560,Contig_53743.fasta,0.01275055110224158,2.8872629769193843e-05,0.4469091108589461,CM
,235560,Contig_138130.fasta,0.008688208074230682,1.3594209877543505e-05,0.4368943408677092,CM
,235560,Contig_59389.fasta,0.003749968748110691,1.8000559376513527e-06,0.3900907370315269,CM
,235560,Contig_1194793.fasta,0.015317397680322373,4.510685426112585e-05,0.4582897542304766,CM
,235560,Contig_62383.fasta,0.026563855384574293,0.00014240847613537544,0.47649067115001686,CM
,235560,Contig_58030.fasta,0.01714851133540298,5.649414486977145e-05,0.46122606118217496,CM
,235560,Contig_930757.fasta,0.011853047349691163,2.6477692928044334e-05,0.45035018197239324,CM
,235560,Contig_368431.fasta,0.02553022095637376,0.00013319578595256604,0.4755221941761347,CM
,235560,Contig_990245.fasta,0.02642687726342086,0.00013873320801088514,0.47576394414775447,CM
,235560,Contig_985135.fasta,0.017445012666597728,5.673112870671638e-05,0.4616811436303074,CM
,235560,Contig_368201.fasta,0.0010777271777660977,0.0,0.3047306018035275,CM
,235560,Contig_136281.fasta,0.022441920780599884,9.604725441195362e-05,0.47026516489378545,CM
,235560,Contig_547390.fasta,0.01753179515413868,5.9536061950355796e-05,0.4637401774720679,CM
,235560,Contig_369244.fasta,0.012739466429570806,3.080396535069887e-05,0.4520906657674556,CM
,235560,Contig_4654.fasta,0.01987931507225229,7.329169551476855e-05,0.46489204080408997,CM
,235560,Contig_57750.fasta,0.009855812181655066,1.7348217223277635e-05,0.442681020879202,CM
,235560,Contig_370786.fasta,0.003725855836434995,2.4052444943512765e-06,0.39636919870336007,CM
,235560,Contig_552788.fasta,0.00348508606403145,1.9922852890901098e-06,0.3870255079150674,CM
,235560,Contig_372448.fasta,0.0236394445659147,0.00011047769565616117,0.4721633088489572,CM
,235560,Contig_499703.fasta,0.008882853167883804,1.3955177862143002e-05,0.4316548330897754,CM
,235560,Contig_62226.fasta,0.025640060122788834,0.00012568367671471375,0.4731181385938489,CM
,235560,Contig_368906.fasta,0.00897380035983969,1.5694203883440268e-05,0.4338561326558336,CM
,235560,Contig_543263.fasta,0.021328018053066288,9.297840339727301e-05,0.470501597857533,CM
,235560,Contig_551403.fasta,0.0,0.0,0.0,CM
,235560,Contig_423759.fasta,0.0024356984992013335,5.641288230155818e-07,0.3618823194658287,CM
,235560,Contig_310330.fasta,0.019887602359015846,7.667126365426616e-05,0.4662818525852681,CM
,235560,Contig_61150.fasta,0.02197900642538551,9.52613779896008e-05,0.47026516489378545,CM
,235560,Contig_500731.fasta,0.02144559285088581,9.30722640288404e-05,0.46979301111377164,CM
,235560,Contig_710339.fasta,0.024304358870347275,0.00011605382991148111,0.4726402414841581,CM
,235560,Contig_137986.fasta,0.0037163563208283093,2.2488496992745e-06,0.3935356089733529,CM
,235560,Contig_56080.fasta,0.01860116680185502,6.585691307003882e-05,0.464200237171941,CM
,235560,Contig_549184.fasta,0.017027463199044694,5.456345590568695e-05,0.4603185824587472,CM
,235560,Contig_54762.fasta,0.002456637918622407,6.633443476125452e-07,0.36498739396982566,CM
,235560,Contig_25.fasta,0.02023671931871881,8.644733802978806e-05,0.46979301111377164,CM
,235560,Contig_1197505.fasta,0.013983623489484094,3.5716926696981834e-05,0.45406486081447506,CM
,235560,Contig_57080.fasta,0.009230983442486839,1.8249593586453317e-05,0.441428150065393,CM
,235560,Contig_370487.fasta,0.017134523079121562,5.388447781786927e-05,0.4596403134276194,CM
,235560,Contig_24576382.fasta,0.025351526148305943,0.00013142850832780208,0.47528068976060595,CM
,235560,Contig_1067254.fasta,0.002297435354347433,6.329127944084257e-07,0.35786909297844477,CM
,235560,Contig_131537.fasta,0.012949756661530263,3.006349510262161e-05,0.4518723699365684,CM
,235560,Contig_370248.fasta,0.015132781288093202,4.691906808070683e-05,0.457617446522559,CM
,235560,Contig_555756.fasta,0.021569912979191655,8.867781132318762e-05,0.46908655545796146,CM
,235560,Contig_928928.fasta,0.022256376474802973,9.196242655006609e-05,0.46861676421564,CM
,235560,Contig_307640.fasta,0.021825840779127397,9.811780662737935e-05,0.47026516489378545,CM
,235560,Contig_554387.fasta,0.0011906066971856563,0.0,0.31541209239589924,CM
,235560,Contig_621002.fasta,0.013363279166113047,3.236558873148848e-05,0.45296596231298797,CM
,235560,Contig_1271583.fasta,0.023534823357134152,0.00010469126114549666,0.4712123253467438,CM
,235560,Contig_54680.fasta,0.015813089951349692,4.8609550418360916e-05,0.4623654536258069,CM
,235560,Contig_53390.fasta,0.02253262988075571,9.97685892605781e-05,0.46838222129060714,CM
,235560,Contig_56162.fasta,0.020896287838833783,8.440108143969043e-05,0.46861676421564,CM
,235560,Contig_2576.fasta,0.007037575509472221,9.475778485775831e-06,0.42790474537660406,CM
,235560,Contig_795410.fasta,0.013644367379079852,3.385351983350078e-05,0.4505670092145561,CM
,235560,Contig_552102.fasta,0.002010260074131649,4.444993621236498e-07,0.3384548564696684,CM
,235560,Contig_542414.fasta,0.006691636761247117,8.070055230587726e-06,0.4215439991615464,CM
,235560,Contig_58376.fasta,0.016548684743699128,5.296037285880656e-05,0.46077187500671246,CM
,235560,Contig_1062568.fasta,0.019847320656748352,7.7034299088108e-05,0.4662818525852681,CM
,235560,Contig_991597.fasta,0.008401503937664279,1.35237851710188e-05,0.4314558221017211,CM
,235560,Contig_542451.fasta,0.0174731258454186,5.646428887898154e-05,0.46009227047130435,CM
,235560,Contig_369777.fasta,0.002597977460848936,7.168237397025952e-07,0.3722464909063775,CM
,235560,Contig_543886.fasta,0.021590801804265203,9.060586808670197e-05,0.46791383906931655,CM
,235560,Contig_371149.fasta,0.024909890241098798,0.00012414479529404698,0.4750394305272249,CM
,235560,Contig_987903.fasta,0.021341440441999794,8.488659086334869e-05,0.4669798793106951,CM
,235560,Contig_135856.fasta,0.015478192640708642,4.361466745757823e-05,0.4594146677165602,CM
,235560,Contig_985989.fasta,0.02432124253428204,0.00011394999218869744,0.4724016547898198,CM
,235560,Contig_1993.fasta,0.004713115663858729,3.6460785554036056e-06,0.40147047539194897,CM
,235560,Contig_1061935.fasta,0.008425298916220028,1.2137945973821947e-05,0.43547123226553425,CM
,235560,Contig_24577161.fasta,0.0269317385622143,0.00014470909741726962,0.4772196216923167,CM
,235560,Contig_308454.fasta,0.025417616773723027,0.0001323731759025818,0.47576394414775447,CM
,235560,Contig_1066423.fasta,0.021920392687656314,9.291947989536742e-05,0.4688515421536238,CM
,235560,Contig_498288.fasta,0.019944991023562078,8.014999184360338e-05,0.46791383906931655,CM
,235560,Contig_544629.fasta,0.0024734802162371264,5.88775112047936e-07,0.364702914317472,CM
,235560,Contig_131958.fasta,0.0,0.0,0.0,CM
,235560,Contig_60849.fasta,0.02575222555510977,0.00013312870758623487,0.47528068976060595,CM
,235560,Contig_57263.fasta,0.016768825547361296,5.099779291322547e-05,0.46054511719420915,CM
,235560,Contig_54725.fasta,0.022091056769005975,9.59349845191739e-05,0.46979301111377164,CM
,235560,Contig_62.fasta,0.0010777271777660977,0.0,0.3047306018035275,CM
,235560,Contig_27.fasta,0.007765333918454918,1.0026467606289046e-05,0.42518295235739806,CM
,235560,Contig_57082.fasta,0.015805587066627273,4.776606908418944e-05,0.46054511719420915,CM
,235560,Contig_499069.fasta,0.017378505814944323,6.2071176429216e-05,0.4644306094980809,CM
,235560,Contig_24566202.fasta,0.010679241287448838,1.970070839357843e-05,0.4435202266059872,CM
,235560,Contig_58991.fasta,0.01415628051496276,3.8130736898736315e-05,0.45494782602753187,CM
,235560,Contig_55008.fasta,0.018517726437597457,7.033245412249853e-05,0.4662818525852681,CM
,235560,Contig_420468.fasta,0.019723691715166917,7.892639234461736e-05,0.46721301954000655,CM
,235560,Contig_550444.fasta,0.023745307219223598,0.00011333389852315517,0.4724016547898198,CM
,235560,Contig_554267.fasta,0.01989557795655488,7.350304704741757e-05,0.46558590952170803,CM
,235560,Contig_498701.fasta,0.010814235143688731,2.4439602246407486e-05,0.4499171529512659,CM
,235560,Contig_985894.fasta,0.01517947005423692,4.3913986203410526e-05,0.4578413298134213,CM
,235560,Contig_54008.fasta,0.021025708810209882,9.212210199312832e-05,0.47073826868140495,CM
,235560,Contig_544318.fasta,0.0012965986695083753,0.0,0.32641356056457377,CM
,235560,Contig_705467.fasta,0.0,0.0,0.0,CM
,235560,Contig_54461.fasta,0.013873148214335357,3.7476609943867046e-05,0.45362466220971065,CM
,235560,Contig_370355.fasta,0.020902530350483596,8.898278010880155e-05,0.4700289694317595,CM
,235560,Contig_993069.fasta,0.02321010293476061,0.00010773641648321147,0.4726402414841581,CM
,235560,Contig_994211.fasta,0.029911561916640923,0.00017862589878553815,0.4794199170792178,CM
,235560,Contig_60682.fasta,0.010471147555260171,1.8751654453502463e-05,0.44018235095890546,CM
,235560,Contig_131793.fasta,0.01304152492638974,3.07381284309239e-05,0.4507840453461624,CM
,235560,Contig_136283.fasta,0.023454989337344554,0.00010540533737278448,0.4712123253467438,CM
,235560,Contig_1062059.fasta,0.018483841337103145,7.026562325629879e-05,0.46558590952170803,CM
,235560,Contig_499445.fasta,0.005936855810565153,5.628167822713361e-06,0.41740752816174537,CM
,235560,Contig_1062488.fasta,0.014356480645940924,3.712084804763056e-05,0.4512187454863226,CM
,235560,Contig_307035.fasta,0.016798131725525228,5.2320791241316045e-05,0.46145349020642656,CM
,235560,Contig_137283.fasta,0.0022625384793041278,3.049496444747246e-07,0.35168270505021915,CM
,235560,Contig_137617.fasta,0.024212181726615926,0.00011088832105072492,0.4721633088489572,CM
,235560,Contig_794674.fasta,0.0,0.0,0.0,CM
,235560,Contig_135234.fasta,0.020912728825157177,8.531086584125421e-05,0.46838222129060714,CM
,235560,Contig_369513.fasta,0.006279570108619892,5.900989639206751e-06,0.4209751138725295,CM
,235560,Contig_498784.fasta,0.01607585536311764,5.283381851631592e-05,0.4591892434438828,CM
,235560,Contig_542670.fasta,0.0012484817036611882,0.0,0.31939511199270754,CM
,235560,Contig_62635.fasta,0.022707066247742172,9.861526401622277e-05,0.4688515421536238,CM
,235560,Contig_136944.fasta,0.015204849872200664,4.3912513688844366e-05,0.4573937820814434,CM
,235560,Contig_501322.fasta,0.0011906066971856563,0.0,0.31541209239589924,CM
,235560,Contig_55419.fasta,0.018733681580055558,6.825899298076372e-05,0.4644306094980809,CM
,235560,Contig_55334.fasta,0.016623301366656185,5.38874813256807e-05,0.46351048941982814,CM
,235560,Contig_139851.fasta,0.022757869202235857,0.00010245048274276557,0.4700289694317595,CM
,235560,Contig_5146.fasta,0.007120451519023575,9.149106761588876e-06,0.4273185744925265,CM
,235560,Contig_139057.fasta,0.025560876816698185,0.0001246832707970739,0.47383679905753573,CM
,235560,Contig_133009.fasta,0.0011266916610258614,0.0,0.3080407103813802,CM
,235560,Contig_371892.fasta,0.010407853347551331,1.968854937813227e-05,0.4422626078159892,CM
,235560,Contig_53661.fasta,0.013725931672299406,3.248838939267495e-05,0.4505670092145561,CM
,235560,Contig_135135.fasta,0.002419492589513392,5.350684721537984e-07,0.3595188928692405,CM
,235560,Contig_707468.fasta,0.002199279115720112,3.493011191341689e-07,0.35089151786225464,CM
,235560,Contig_623155.fasta,0.022370369180362167,9.88360523179842e-05,0.47097517772452596,CM
,235560,Contig_426668.fasta,0.019064426603185577,6.958679731564399e-05,0.46466121059515053,CM
,235560,Contig_987025.fasta,0.01161641931587532,2.550479857308019e-05,0.44584453460630447,CM
,235560,Contig_499011.fasta,0.016044327118890728,5.274327856599812e-05,0.45986618090350523,CM
,235560,Contig_501860.fasta,0.017870146536098742,6.0970164162775917e-05,0.46351048941982814,CM
,235560,Contig_993478.fasta,0.024544351362302146,0.00012016077413424621,0.47407683796283334,CM
,235560,Contig_57792.fasta,0.0205406383086512,8.152872205979878e-05,0.46791383906931655,CM
,235560,Contig_55876.fasta,0.014422913157358712,3.86245431477755e-05,0.4551691041530317,CM
,235560,Contig_420410.fasta,0.0021493947139914647,2.7552806581893057e-07,0.34557890625503435,CM
,235560,Contig_548202.fasta,0.00930943197566678,1.617090498222344e-05,0.4377117297187245,CM
,235560,Contig_54035.fasta,0.015573773920496255,4.557057951827788e-05,0.4582897542304766,CM
,235560,Contig_56306.fasta,0.007273070479726086,9.406066779205398e-06,0.42615103740374916,CM
,235560,Contig_138787.fasta,0.024373738433169246,0.00012043003062821601,0.4745576461149255,CM
,235560,Contig_367974.fasta,0.004665193607959255,2.5955930289131044e-06,0.40147047539194897,CM
,235560,Contig_370972.fasta,0.01151415562652784,2.3388242773480227e-05,0.4449965183731018,CM
,235560,Contig_550249.fasta,0.025464332474433624,0.00012857694707873579,0.47479841610280726,CM
,235560,Contig_2122.fasta,0.004630388134533575,3.0913707464283625e-06,0.3983940732816659,CM
,235560,Contig_1211.fasta,0.010293705555626266,1.7765730917751542e-05,0.4389435638548935,CM
,235560,Contig_990613.fasta,0.016146850248057093,4.96630349240222e-05,0.4573937820814434,CM
,235560,Contig_59466.fasta,0.02485788206763386,0.00011926336664964249,0.47383679905753573,CM
,235560,Contig_53438.fasta,0.022159274599593853,0.00010093307299744773,0.47168733777148847,CM
,235560,Contig_61874.fasta,0.020052170173854068,7.665393419017622e-05,0.46721301954000655,CM
,235560,Contig_24570409.fasta,0.014965384694161418,4.471687313955134e-05,0.4567240986523344,CM
,235560,Contig_134391.fasta,0.020390423272530735,8.022442422613229e-05,0.4662818525852681,CM
,235560,Contig_368022.fasta,0.012078940675691976,2.532548139001303e-05,0.4437305254332068,CM
,235560,Contig_550148.fasta,0.009628711336392825,1.691609162116907e-05,0.44163646915461685,CM
,235560,Contig_498565.fasta,0.005774358496068434,5.550263050142354e-06,0.41262243304172536,CM
,235560,Contig_132580.fasta,0.007036985237232853,8.833310221711526e-06,0.4249898629149106,CM
,235560,Contig_987514.fasta,0.012794436273288447,3.392665442852025e-05,0.4516542848159426,CM
,235560,Contig_132151.fasta,0.005656152759639085,4.725080888324725e-06,0.41262243304172536,CM
,235560,Contig_544515.fasta,0.0,0.0,0.0,CM
,235560,Contig_988369.fasta,0.014155257004059504,3.744412771472343e-05,0.45035018197239324,CM
,235560,Contig_993621.fasta,0.020981740705775645,8.324231230648746e-05,0.46767999906978164,CM
,235560,Contig_139909.fasta,0.012213671566417953,2.925261176537595e-05,0.4481933324418741,CM
,235560,Contig_134896.fasta,0.02237701950723055,9.552456114342651e-05,0.47073826868140495,CM
,235560,Contig_1065651.fasta,0.0220060996822821,9.608565745822776e-05,0.47073826868140495,CM
,235560,Contig_55852.fasta,0.02072003719832278,8.224929516318208e-05,0.4681479130258295,CM
,235560,Contig_370760.fasta,0.016734426626162077,5.300168150499916e-05,0.4616811436303074,CM
,235560,Contig_704052.fasta,0.012010530479680528,2.6839819368168795e-05,0.4505670092145561,CM
,235560,Contig_1062304.fasta,0.005966977966079119,5.392971052223142e-06,0.4142663471175888,CM
,235560,Contig_368958.fasta,0.013299435617443142,3.3138924070410455e-05,0.4547267629439422,CM
,235560,Contig_1065614.fasta,0.019790661884723185,7.950151908835586e-05,0.4674463926766399,CM
,235560,Contig_58988.fasta,0.017682109280938295,6.176637747877436e-05,0.4639700932764666,CM
,235560,Contig_53501.fasta,0.010753508230132358,2.2190801612026685e-05,0.44584453460630447,CM
,235560,Contig_53993.fasta,0.0072685097155435205,8.945956137486138e-06,0.4277091764801797,CM
,235560,Contig_423707.fasta,0.010389335704311716,1.8979824621110368e-05,0.4418449849568617,CM
,235560,Contig_421471.fasta,0.0114826185511311,2.1835552814620358e-05,0.4435202266059872,CM
,235560,Contig_61908.fasta,0.014530643577174596,4.0256861635384205e-05,0.45694710846612946,CM
,235560,Contig_369636.fasta,0.010361411785618137,1.9871763770784824e-05,0.441428150065393,CM
,235560,Contig_132893.fasta,0.02257971850987932,9.94482831866037e-05,0.47168733777148847,CM
,235560,Contig_54779.fasta,0.01368922827893334,3.338172301586129e-05,0.4507840453461624,CM
,235560,Contig_132095.fasta,0.018631731166226604,7.1609980448925e-05,0.4662818525852681,CM
,235560,Contig_499035.fasta,0.017442488776433836,6.112743245062857e-05,0.4630517952195117,CM
,235560,Contig_542555.fasta,0.002608455594939552,7.83231510158882e-07,0.3747808082253236,CM
,235560,Contig_134585.fasta,0.0037990622921252083,2.2416316468046475e-06,0.39737905653445144,CM
,235560,Contig_501844.fasta,0.015308893335148751,4.1218438508743786e-05,0.45450591458894274,CM
,235560,Contig_139875.fasta,0.02449374200029326,0.00011765984193014377,0.47407683796283334,CM
,235560,Contig_139036.fasta,0.001311856925431177,0.0,0.32595878723045385,CM
,235560,Contig_703292.fasta,0.014183775499062783,3.6492733950858405e-05,0.45561230678609205,CM
,235560,Contig_993718.fasta,0.023164641102185288,0.00010686294987869144,0.4721633088489572,CM
,235560,Contig_550719.fasta,0.01563437966913758,4.278513708356489e-05,0.45694710846612946,CM
,235560,Contig_53600.fasta,0.02053395756535763,8.160826942659389e-05,0.4662818525852681,CM
,235560,Contig_54784.fasta,0.011801795804616686,2.402488071123305e-05,0.44733636622305595,CM
,235560,Contig_137925.fasta,0.009572038449078887,1.782730280950673e-05,0.43832678132957054,CM
,235560,Contig_498371.fasta,0.0,0.0,0.0,CM
,235560,Contig_369572.fasta,0.021868905171434975,9.129637070505465e-05,0.46979301111377164,CM
,235560,Contig_709936.fasta,0.01879849776095921,7.655788696036994e-05,0.4674463926766399,CM
,235560,Contig_370309.fasta,0.013624891297321052,3.6093797957911446e-05,0.45296596231298797,CM
,235560,Contig_555617.fasta,0.0,0.0,0.0,CM
,235560,Contig_985297.fasta,0.018217275349800468,6.449642986225225e-05,0.4630517952195117,CM
,235560,Contig_369793.fasta,0.019323603662498523,6.94817850704249e-05,0.46535438992473055,CM
,235560,Contig_502640.fasta,0.01875998688040065,6.723922766774388e-05,0.464200237171941,CM
,235560,Contig_58743.fasta,0.02538890795018253,0.0001293558587542898,0.4750394305272249,CM
,235560,Contig_134420.fasta,0.014432575336379075,3.889445869217603e-05,0.4565013064090893,CM
,235560,Contig_131697.fasta,0.012744438961105626,2.9556117602996985e-05,0.4505670092145561,CM
,235560,Contig_986689.fasta,0.0200841657099881,8.035269147467893e-05,0.46861676421564,CM
,235560,Contig_306288.fasta,0.02456244415780365,0.00011742979233234614,0.47383679905753573,CM
,235560,Contig_53836.fasta,0.009124995424774079,1.6319749883057712e-05,0.4387377769051257,CM
,235560,Contig_544688.fasta,0.013002064397146802,3.073263260225252e-05,0.4507840453461624,CM
,235560,Contig_56656.fasta,0.020952234620314557,8.685521295422399e-05,0.4681479130258295,CM
,235560,Contig_54598.fasta,0.02398704136604837,0.00011089842767565801,0.4714497119086313,CM
,235560,Contig_546991.fasta,0.002195019471436425,4.1342832290755146e-07,0.35488345776967506,CM
,235560,Contig_134764.fasta,0.021880608342708545,9.233989382967659e-05,0.46791383906931655,CM
,235560,Contig_542365.fasta,0.002486228788526701,6.98192974909735e-07,0.36699124632887575,CM
,235560,Contig_139193.fasta,0.0,0.0,0.0,CM
,235560,Contig_207429.fasta,0.01171030044362805,2.289027916462018e-05,0.4469091108589461,CM
,235560,Contig_139542.fasta,0.007073160028215039,8.835607062319134e-06,0.42518295235739806,CM
,235560,Contig_1122224.fasta,0.0,0.0,0.0,CM
,235560,Contig_656.fasta,0.0013515299891605217,0.0,0.3311492137787095,CM
,235560,Contig_53374.fasta,0.021968213894758018,9.423938353251185e-05,0.46932180448276484,CM
,235560,Contig_56557.fasta,0.021725925034000514,9.272984414291441e-05,0.4688515421536238,CM
,235560,Contig_308360.fasta,0.025227659584151386,0.00012178572386635591,0.4726402414841581,CM
,235560,Contig_1064061.fasta,0.00825394272598833,1.2292007906870439e-05,0.4316548330897754,CM
,235560,Contig_53464.fasta,0.023061888227409483,0.00010892653614950417,0.473357449741342,CM
,235560,Contig_56696.fasta,0.0200469505067179,7.96525872679868e-05,0.46767999906978164,CM
,235560,Contig_1061954.fasta,0.019700598531888592,7.562175028104114e-05,0.4662818525852681,CM
,235560,Contig_2616.fasta,0.0,0.0,0.0,CM
,235560,Contig_499913.fasta,0.023908831033481508,0.00011416316407657433,0.4731181385938489,CM
,235560,Contig_60703.fasta,0.018338632030228254,6.644176586338899e-05,0.46351048941982814,CM
,235560,Contig_542430.fasta,0.021821504581748422,9.322633714371703e-05,0.4688515421536238,CM
,235560,Contig_131612.fasta,0.011834057857868509,2.7097271610034893e-05,0.4505670092145561,CM
,235560,Contig_133564.fasta,0.02092500852024599,8.169757764806088e-05,0.4669798793106951,CM
,235560,Contig_550250.fasta,0.0,0.0,0.0,CM
,235560,Contig_131657.fasta,0.01310641523481227,3.453412920499674e-05,0.45450591458894274,CM
,235560,Contig_500964.fasta,0.023035011010734935,0.00011183023296141663,0.47383679905753573,CM
,235560,Contig_933392.fasta,0.009056964707091232,1.4431049640852126e-05,0.433454227947491,CM
,235560,Contig_54659.fasta,0.00845488287373764,1.2306373533895291e-05,0.4368943408677092,CM
,235560,Contig_61746.fasta,0.006755956327954043,8.68725670987311e-06,0.42040776196704094,CM
,235560,Contig_53765.fasta,0.009862656267227425,1.9179223018047627e-05,0.44436262019878114,CM
,235560,Contig_138153.fasta,0.021141046659041714,9.108446345398572e-05,0.470501597857533,CM
,235560,Contig_56940.fasta,0.018807307630494537,7.005328802421009e-05,0.4660496405072874,CM
,235560,Contig_54275.fasta,0.0200470865740531,8.058945777667572e-05,0.46932180448276484,CM
,235560,Contig_542488.fasta,0.0,0.0,0.0,CM
,235560,Contig_367990.fasta,0.01552768916759737,4.857487903164672e-05,0.4596403134276194,CM
,235560,Contig_555859.fasta,0.01312690249619953,3.432329638712994e-05,0.4527468205798902,CM
,235560,Contig_993581.fasta,0.00964587888076247,1.540138339979011e-05,0.4399754010994984,CM
,235560,Contig_547586.fasta,0.004743429044325349,3.3844528454086044e-06,0.4012983182412663,CM
,235560,Contig_428255.fasta,0.0012396342824161535,0.0,0.31841703917612557,CM
,235560,Contig_131556.fasta,0.01643765633911989,5.518308026264591e-05,0.4619090217860973,CM
,235560,Contig_303047.fasta,0.006505703445626152,7.0264362384169966e-06,0.4137169222540376,CM
,235560,Contig_368885.fasta,0.011900200484825313,2.5871623917875592e-05,0.4507840453461624,CM
,235560,Contig_59053.fasta,0.01191510239996841,2.7247993200707335e-05,0.45013356331824583,CM
,235560,Contig_551912.fasta,0.008701966858893875,1.4023034515491195e-05,0.4387377769051257,CM
,235560,Contig_554772.fasta,0.011750078779263338,2.5822373994877915e-05,0.44905358835826925,CM
,235560,Contig_544264.fasta,0.0011161135651847202,0.0,0.30773682280126047,CM
,235560,Contig_934117.fasta,0.0149595934975668,4.375391478832596e-05,0.457617446522559,CM
,235560,Contig_545454.fasta,0.013819061858393336,3.9120917773558606e-05,0.45605637336190696,CM
,235560,Contig_368262.fasta,0.003533777908734028,1.319955071909069e-06,0.38337881119976774,CM
,235560,Contig_61277.fasta,0.00653971174195631,6.55634358034223e-06,0.4170355071919042,CM
,235560,Contig_302677.fasta,0.007868491247788222,1.2476149952308463e-05,0.43066160981989554,CM
,235560,Contig_554901.fasta,0.0023781455548961615,7.228109247820119e-07,0.3613234278527541,CM
,235560,Contig_305322.fasta,0.00738513182353926,8.759141782607555e-06,0.42888527870698123,CM
,235560,Contig_544883.fasta,0.0,0.0,0.0,CM
,235560,Contig_135194.fasta,0.01838948534758901,6.380488026507904e-05,0.4623654536258069,CM
,235560,Contig_56818.fasta,0.010774940634934642,2.156500510456741e-05,0.44436262019878114,CM
,235560,Contig_498461.fasta,0.01617377987701899,5.2442814241533624e-05,0.4603185824587472,CM
,235560,Contig_543101.fasta,0.0020340961794615593,4.0556158954247466e-07,0.3435490742065467,CM
,235560,Contig_421823.fasta,0.009321648314831248,1.6587093458726183e-05,0.43935571743597795,CM
,235560,Contig_135268.fasta,0.012161109617714813,2.9015402977703337e-05,0.4512187454863226,CM
,235560,Contig_1064205.fasta,0.023516758951737073,0.00010815071534146834,0.4726402414841581,CM
,235560,Contig_54445.fasta,0.015506925471597665,4.678746781129855e-05,0.46009227047130435,CM
,235560,Contig_549637.fasta,0.0,0.0,0.0,CM
,235560,Contig_55400.fasta,0.011530209172644277,2.2500981736207392e-05,0.4439410237849303,CM
,235560,Contig_625718.fasta,0.02382594392956552,0.0001107852853145581,0.4726402414841581,CM
,235560,Contig_801021.fasta,0.0,0.0,0.0,CM
,235560,Contig_1062339.fasta,0.00235028513381009,6.21150634657755e-07,0.35569277010210304,CM
,235560,Contig_306355.fasta,0.009602788134574129,1.5411847869032005e-05,0.43709840174620884,CM
,235560,Contig_428764.fasta,0.018705796537141675,6.814121920445587e-05,0.46535438992473055,CM
,235560,Contig_369126.fasta,0.003774820319694758,2.1515812120692207e-06,0.3956988068239463,CM
,235560,Contig_302533.fasta,0.01776278359536247,6.297501386940131e-05,0.46535438992473055,CM
,235560,Contig_1315.fasta,0.010871567780723198,2.066912527018598e-05,0.4439410237849303,CM
,235560,Contig_992309.fasta,0.009320426590501748,1.5915401950853203e-05,0.4368943408677092,CM
,235560,Contig_425542.fasta,0.018626491964498205,6.415097488665426e-05,0.46351048941982814,CM
,235560,Contig_498295.fasta,0.0195848720588258,7.849181365247743e-05,0.46767999906978164,CM
,235560,Contig_54108.fasta,0.00701789311713322,8.055496165898096e-06,0.4249898629149106,CM
,235560,Contig_796850.fasta,0.023291169304296568,0.00010198896813042657,0.470501597857533,CM
,235560,Contig_58097.fasta,0.014680931928916893,3.7815794985505814e-05,0.4523091726141291,CM
,235560,Contig_984994.fasta,0.003536952368128415,1.5015267609173837e-06,0.3854314984096512,CM
,235560,Contig_932851.fasta,0.021811863230057484,8.626345175126969e-05,0.4674463926766399,CM
,235560,Contig_60483.fasta,0.014213534007291962,3.316074106846174e-05,0.4520906657674556,CM
,235560,Contig_542409.fasta,0.004650680811891502,3.161892946902165e-06,0.40320020600544293,CM
,235560,Contig_628830.fasta,0.017948696557358614,6.24847843874378e-05,0.4632810287815015,CM
,235560,Contig_993268.fasta,0.01258044936699525,3.0200147748657654e-05,0.4497009505711836,CM
,235560,Contig_53370.fasta,0.005047796996007823,4.278157612853151e-06,0.41063083727013294,CM
,235560,Contig_4880.fasta,0.012984801113091617,3.1839247079636696e-05,0.453185316289895,CM
,235560,Contig_368303.fasta,0.024073170534481197,0.00011440219623345366,0.4726402414841581,CM
,235560,Contig_133134.fasta,0.004456800250307593,2.6118930788485496e-06,0.39553156303407994,CM
,235560,Contig_1973.fasta,0.007282654508991967,8.932909064324062e-06,0.4292787514397399,CM
,235560,Contig_371210.fasta,0.0169029613661395,5.892828189842196e-05,0.4637401774720679,CM
,235560,Contig_1062001.fasta,0.02028183677785752,8.030016115918519e-05,0.46861676421564,CM
,235560,Contig_1064554.fasta,0.011171878555028509,2.4608095334212274e-05,0.4456322276850634,CM
,235560,Contig_498458.fasta,0.005959161547038891,6.746243674972748e-06,0.4162934511292852,CM
,235560,Contig_56821.fasta,0.011912196467368448,2.7567368665279926e-05,0.45035018197239324,CM
,235560,Contig_53604.fasta,0.006937267795953317,7.553546727860359e-06,0.4224955657510759,CM
,235560,Contig_201321.fasta,0.01547341429435465,4.377245916598191e-05,0.4585142960012901,CM
,235560,Contig_136127.fasta,0.021138358310549367,8.36795385252908e-05,0.4681479130258295,CM
,235560,Contig_1268205.fasta,0.006391602110626874,6.827100373948091e-06,0.4275137862670777,CM
,235560,Contig_56363.fasta,0.014020379712336495,3.899455154607897e-05,0.45406486081447506,CM
,235560,Contig_138376.fasta,0.015812417417378107,4.5637723417871116e-05,0.4585142960012901,CM
,235560,Contig_54813.fasta,0.01872702908561492,6.313401312011914e-05,0.4637401774720679,CM
,235560,Contig_56326.fasta,0.004686849886297815,3.806339323355532e-06,0.40233348157292914,CM
,235560,Contig_213640.fasta,0.023275865632986597,0.000108074227059819,0.47287906929693435,CM
,235560,Contig_59276.fasta,0.004769118162061357,3.6313053273649376e-06,0.40741300746131176,CM
,235560,Contig_622130.fasta,0.008151166438945619,1.2010701579581587e-05,0.4308598886457795,CM
,235560,Contig_550374.fasta,0.0021493947139914647,2.7552806581893057e-07,0.34557890625503435,CM
,235560,Contig_542514.fasta,0.012888077187965818,3.410941291511596e-05,0.4527468205798902,CM
,235560,Contig_1270443.fasta,0.0,0.0,0.0,CM
,235560,Contig_859.fasta,0.010610837720685912,2.0922705314113724e-05,0.4452082198566285,CM
,235560,Contig_133315.fasta,0.019683717128434003,7.557281639947787e-05,0.46558590952170803,CM
,235560,Contig_1258190.fasta,0.020114613663311104,8.329028242752359e-05,0.4700289694317595,CM
,235560,Contig_62690.fasta,0.02101369040025345,9.18729422215063e-05,0.47026516489378545,CM
,235560,Contig_137536.fasta,0.016345912486887507,5.3454608490313034e-05,0.4619090217860973,CM
,235560,Contig_302537.fasta,0.00945546127106786,1.4897235357350952e-05,0.4358768878149199,CM
,235560,Contig_61137.fasta,0.020071535542094947,7.864707709728974e-05,0.4674463926766399,CM
,235560,Contig_53538.fasta,0.010605275266690448,2.0548797888154846e-05,0.4439410237849303,CM
,235560,Contig_42.fasta,0.0,0.0,0.0,CM
,235560,Contig_421320.fasta,0.002382859784539281,5.282297391994454e-07,0.3582801217988641,CM
,235560,Contig_53681.fasta,0.0056907224212327375,4.504972642180506e-06,0.4081237148445849,CM
,235560,Contig_542529.fasta,0.0009603591121540899,0.0,0.29400806727572515,CM
,235560,Contig_4.fasta,0.010531738839386661,1.9356392102597504e-05,0.4428905244385391,CM
,235560,Contig_703687.fasta,0.014536196361476038,3.8706375550252746e-05,0.45694710846612946,CM
,235560,Contig_501838.fasta,0.020128309133331516,8.264243854401919e-05,0.46979301111377164,CM
,235560,Contig_304363.fasta,0.007150255821575168,9.58743304311788e-06,0.4281004932015705,CM
,235560,Contig_1124279.fasta,0.017282554549883165,5.740413635034667e-05,0.4619090217860973,CM
,235560,Contig_371458.fasta,0.02455090088090944,0.00011864870793408065,0.4735970031065957,CM
,235560,Contig_371089.fasta,0.024678663615633957,0.00012147218182805559,0.4743171201919073,CM
,235560,Contig_502049.fasta,0.0,0.0,0.0,CM
,235560,Contig_54896.fasta,0.007018802060320351,9.782985367028892e-06,0.42634518366224744,CM
,235560,Contig_308594.fasta,0.021848572479013135,9.544023122916085e-05,0.47026516489378545,CM
,235560,Contig_421862.fasta,0.0,0.0,0.0,CM
,235560,Contig_704447.fasta,0.0058856527552987245,5.620349866670164e-06,0.4179668057787553,CM
,235560,Contig_542628.fasta,0.010435392737625906,2.2471688640849784e-05,0.44542012286465166,CM
,235560,Contig_1062711.fasta,0.012728394812650923,3.1378279044834043e-05,0.4512187454863226,CM
,235560,Contig_56142.fasta,0.005960983176380794,6.362113715317512e-06,0.4190898692962978,CM
,235560,Contig_930489.fasta,0.002393437880380422,4.956940090082564e-07,0.3611839745807152,CM
,235560,Contig_139157.fasta,0.01878122396855601,7.096060290737757e-05,0.4669798793106951,CM
,235560,Contig_499578.fasta,0.0012396342824161535,0.0,0.31841703917612557,CM
,235560,Contig_991222.fasta,0.008168035838641254,1.2026631993810168e-05,0.4324527163302371,CM
,235560,Contig_55519.fasta,0.0,0.0,0.0,CM
,235560,Contig_371268.fasta,0.020273750021197367,8.205909939249965e-05,0.4669798793106951,CM
,235560,Contig_502154.fasta,0.023727146669390208,0.00011371597523726265,0.4735970031065957,CM
,235560,Contig_61443.fasta,0.008966673529049252,1.686270295743831e-05,0.43832678132957054,CM
,235560,Contig_546955.fasta,0.0071199481797175656,8.819817391654816e-06,0.4253762173357423,CM
,235560,Contig_137801.fasta,0.016944133558728897,5.839505694327246e-05,0.4639700932764666,CM
,235560,Contig_53460.fasta,0.015426157179152739,4.330746106295011e-05,0.4573937820814434,CM
,235560,Contig_213008.fasta,0.026025984504996186,0.0001373746932803921,0.47649067115001686,CM
,235560,Contig_421555.fasta,0.011520832154837598,2.3407098932215086e-05,0.4439410237849303,CM
,235560,Contig_549796.fasta,0.0010328601207540973,0.0,0.299656637252204,CM
,235560,Contig_368839.fasta,0.025032899245926225,0.0001233157269678113,0.4731181385938489,CM
,235560,Contig_55135.fasta,0.022093928219841585,9.449306992116515e-05,0.470501597857533,CM
,235560,Contig_62471.fasta,0.019574633567635162,7.757601008897537e-05,0.46861676421564,CM
,235560,Contig_55618.fasta,0.018078938517656427,6.8866425403635e-05,0.4674463926766399,CM
,235560,Contig_210082.fasta,0.015492141195160566,4.71250714652669e-05,0.4594146677165602,CM
,235560,Contig_24578817.fasta,0.0,0.0,0.0,CM
,235560,Contig_54618.fasta,0.009879463022828867,1.614856457495487e-05,0.4418449849568617,CM
,235560,Contig_988525.fasta,0.024188901389189662,0.00011564418592131748,0.4731181385938489,CM
,235560,Contig_987358.fasta,0.012687572363286935,3.130653416812573e-05,0.45252789078270456,CM
,235560,Contig_420491.fasta,0.0,0.0,0.0,CM
,235560,Contig_306388.fasta,0.0,0.0,0.0,CM
,235560,Contig_133758.fasta,0.01449807644816149,4.061171804508713e-05,0.45694710846612946,CM
,235560,Contig_1258149.fasta,0.018213864567107368,6.396093347483372e-05,0.4637401774720679,CM
,235560,Contig_303939.fasta,0.016313820202394018,4.928868020698133e-05,0.4585142960012901,CM
,235560,Contig_139743.fasta,0.02121903303474609,9.021128064003396e-05,0.4700289694317595,CM
,235560,Contig_499329.fasta,0.016322666078656824,5.230080710550584e-05,0.46145349020642656,CM
,235560,Contig_55465.fasta,0.002515227923015749,4.395561479504741e-07,0.36385212991393195,CM
,235560,Contig_545474.fasta,0.0010777271777660977,0.0,0.3047306018035275,CM
,235560,Contig_60212.fasta,0.017147576212034523,5.698400327612067e-05,0.4609988562259276,CM
,235560,Contig_306074.fasta,0.024162919257191762,0.000112920712126477,0.4724016547898198,CM
,235560,Contig_502705.fasta,0.007197479282843203,1.0101371689875844e-05,0.4265395069000151,CM
,235560,Contig_302612.fasta,0.014011248651242782,3.9649103771603905e-05,0.4571703361693371,CM
,235560,Contig_56457.fasta,0.022534807574111814,9.587943263353142e-05,0.46979301111377164,CM
,235560,Contig_554999.fasta,0.0011165345932373676,0.0,0.30713084284169123,CM
,235560,Contig_56086.fasta,0.008274210089897217,1.2188910259927984e-05,0.4332535546938116,CM
,235560,Contig_543199.fasta,0.002281947267465491,5.394327814049968e-07,0.35274318814121114,CM
,235560,Contig_23.fasta,0.009435923963648006,1.6380187068180427e-05,0.43935571743597795,CM
,235560,Contig_1064124.fasta,0.01996703019972047,7.776362265231264e-05,0.4674463926766399,CM
,235560,Contig_133459.fasta,0.007888996407823683,1.093995177374186e-05,0.4286888127066574,CM
,235560,Contig_370813.fasta,0.017461021942584278,6.073238374901304e-05,0.464200237171941,CM
,235560,Contig_803076.fasta,0.0012861205354177591,0.0,0.3243770114865279,CM
,235560,Contig_304497.fasta,0.0021810146000267394,4.009071587585917e-07,0.3478913301630606,CM
,235560,Contig_55498.fasta,0.011698882671396927,2.711891469230264e-05,0.44905358835826925,CM
,235560,Contig_60113.fasta,0.020947704672530022,8.82149428936562e-05,0.46932180448276484,CM
,235560,Contig_305805.fasta,0.0011896301190183257,0.0,0.31403613360356813,CM
,235560,Contig_302556.fasta,0.012529490656655084,3.038183385012784e-05,0.44797878321619583,CM
,235560,Contig_61915.fasta,0.009208435538311913,1.588614965838123e-05,0.43648679017660125,CM
,235560,Contig_134054.fasta,0.019269906414958973,7.337382107333874e-05,0.4660496405072874,CM
,235560,Contig_368736.fasta,0.025602433284318483,0.00012880802397996347,0.47479841610280726,CM
,235560,Contig_552143.fasta,0.024532619979989123,0.00011945563936448571,0.47407683796283334,CM
,235560,Contig_131677.fasta,0.015522047775179935,4.714904525874067e-05,0.45986618090350523,CM
,235560,Contig_500107.fasta,0.017453454140015597,6.289131283516734e-05,0.46351048941982814,CM
,235560,Contig_369773.fasta,0.02247800870727409,0.00010151105777503803,0.4714497119086313,CM
,235560,Contig_553945.fasta,0.005361435667061451,4.76402850685076e-06,0.4075904521509726,CM
,235560,Contig_135011.fasta,0.009156720366831442,1.3681390272689552e-05,0.4312569945339323,CM
,235560,Contig_1064039.fasta,0.0012249985125759382,0.0,0.31841703917612557,CM
,235560,Contig_987907.fasta,0.0071241122757983825,7.550063397030901e-06,0.4211645716195468,CM
,235560,Contig_53369.fasta,0.003500399214926382,1.7262995225987147e-06,0.3862268584971659,CM
,235560,Contig_61766.fasta,0.010467217336310546,2.0052122576656355e-05,0.44310022639139823,CM
,235560,Contig_53444.fasta,0.013880415518443082,3.509507603702517e-05,0.4507840453461624,CM
,235560,Contig_988014.fasta,0.0,0.0,0.0,CM
,235560,Contig_53893.fasta,0.019851665777816364,7.266887207281574e-05,0.4644306094980809,CM
,235560,Contig_811026.fasta,0.007619051883031764,1.0326562604802542e-05,0.4340573646283085,CM
,235560,Contig_548326.fasta,0.016226141709080252,5.5537783491282195e-05,0.4619090217860973,CM
,235560,Contig_166.fasta,0.0,0.0,0.0,CM
,235560,Contig_368472.fasta,0.018858993231407536,7.083247327694544e-05,0.4662818525852681,CM
,235560,Contig_131533.fasta,0.009868973464651494,1.7618483671137995e-05,0.442681020879202,CM
,235560,Contig_713578.fasta,0.008409226778815167,1.3325838109929258e-05,0.43567396561388877,CM
,235560,Contig_62754.fasta,0.018487488867332744,6.53795477202147e-05,0.4630517952195117,CM
,235560,Contig_499271.fasta,0.020026125533470492,7.479849505056785e-05,0.4669798793106951,CM
,235560,Contig_547132.fasta,0.019963639340914684,7.892293447479651e-05,0.4688515421536238,CM
,235560,Contig_542385.fasta,0.007956843989743178,1.0849988505576287e-05,0.43026559914419915,CM
,235560,Contig_1061989.fasta,0.008390272466113338,1.4712427950203499e-05,0.4387377769051257,CM
,235560,Contig_137023.fasta,0.003542520969302718,1.7640722511841863e-06,0.3870255079150674,CM
,235560,Contig_626516.fasta,0.024037083991156838,0.00011555251031251121,0.473357449741342,CM
,235560,Contig_990243.fasta,0.005981448322818079,6.866753876987717e-06,0.4183404908979138,CM
,235560,Contig_59036.fasta,0.001266031221436751,0.0,0.3222547101028351,CM
,235560,Contig_1064338.fasta,0.0,0.0,0.0,CM
,235560,Contig_426325.fasta,0.0038843074299518337,1.6525512205835593e-06,0.39737905653445144,CM
,235560,Contig_1063105.fasta,0.0061017855948252726,6.634332938297051e-06,0.4215439991615464,CM
,235560,Contig_132168.fasta,0.001153461368076641,0.0,0.3104935892961623,CM
,235560,Contig_372283.fasta,0.017325320593422372,5.9298675684609745e-05,0.4632810287815015,CM
,235560,Contig_134478.fasta,0.00235028513381009,6.21150634657755e-07,0.35569277010210304,CM
,235560,Contig_370234.fasta,0.022637893084910505,9.937864524131888e-05,0.47097517772452596,CM
,235560,Contig_801164.fasta,0.016555317574047608,5.106673188363159e-05,0.4596403134276194,CM
,235560,Contig_53484.fasta,0.012429654122814972,2.8436919402678203e-05,0.44776443930078136,CM
,235560,Contig_549737.fasta,0.0,0.0,0.0,CM
,235560,Contig_206708.fasta,0.018091872181884763,6.089803926431825e-05,0.46259400797757444,CM
,235560,Contig_54992.fasta,0.020413003780831114,8.769092212218285e-05,0.46932180448276484,CM
,235560,Contig_1580.fasta,0.015396747272981548,5.119704433916703e-05,0.46077187500671246,CM
,235560,Contig_138626.fasta,0.020392730108940698,8.057365919116135e-05,0.46861676421564,CM
,235560,Contig_302732.fasta,0.008335126078717973,1.3866079461537345e-05,0.43709840174620884,CM
,235560,Contig_544511.fasta,0.0013515299891605217,0.0,0.3311492137787095,CM
,235560,Contig_987555.fasta,0.02214583436786067,9.742513036708633e-05,0.470501597857533,CM
,235560,Contig_132953.fasta,0.01473889774077419,4.152321550529237e-05,0.45539059763437134,CM
,235560,Contig_544554.fasta,0.0,0.0,0.0,CM
,235560,Contig_133584.fasta,0.016938757859747897,5.6175654712070796e-05,0.4623654536258069,CM
,235560,Contig_57532.fasta,0.012592997329198436,3.522774148101005e-05,0.45406486081447506,CM
,235560,Contig_420261.fasta,0.002268333874951754,6.56798437894993e-07,0.355557628472125,CM
,235560,Contig_371170.fasta,0.014350986485932452,4.286139325843935e-05,0.45694710846612946,CM
,235560,Contig_135069.fasta,0.0011266916610258614,0.0,0.3080407103813802,CM
,235560,Contig_369063.fasta,0.010296326860877194,1.743786472012726e-05,0.4397686457418388,CM
,235560,Contig_371618.fasta,0.019321941497668006,7.154151202204427e-05,0.46581765960111154,CM
,235560,Contig_555306.fasta,0.00701031636673885,8.361530893394957e-06,0.4253762173357423,CM
,235560,Contig_550560.fasta,0.01523100707747638,4.609446682841208e-05,0.4585142960012901,CM
,235560,Contig_60835.fasta,0.0024653182935078176,5.668350223309378e-07,0.36385212991393195,CM
,235560,Contig_542345.fasta,0.00371311449865328,1.6448544692957018e-06,0.3902534103997636,CM
,235560,Contig_61646.fasta,0.02548635230532346,0.00012656450226197435,0.4743171201919073,CM
,235560,Contig_498856.fasta,0.013007964883784737,3.266959910519372e-05,0.4534048828191052,CM
,235560,Contig_501062.fasta,0.02152408482992769,9.35022356608468e-05,0.46955728958285653,CM
,235560,Contig_368282.fasta,0.010483347602978452,2.054101118720526e-05,0.4441517219452459,CM
,235560,Contig_428054.fasta,0.018491315850777446,6.458538165595363e-05,0.4623654536258069,CM
,235560,Contig_994290.fasta,0.008756289707596761,1.3456449183355234e-05,0.43648679017660125,CM
,235560,Contig_499481.fasta,0.01830753957697272,6.83343845032277e-05,0.4639700932764666,CM
,235560,Contig_542530.fasta,0.0,0.0,0.0,CM
,235560,Contig_371705.fasta,0.007095762513076837,9.382438299134211e-06,0.4286888127066574,CM
,235560,Contig_53599.fasta,0.021198702142722972,9.197145682602765e-05,0.47097517772452596,CM
,235560,Contig_985013.fasta,0.01969342340395507,7.47630233049055e-05,0.4662818525852681,CM
,235560,Contig_992481.fasta,0.004496225946974114,3.217973768146209e-06,0.39856374707778236,CM
,235560,Contig_135275.fasta,0.02556792957244071,0.0001318739396722685,0.47576394414775447,CM
,235560,Contig_931634.fasta,0.01890956330548393,6.909173352906424e-05,0.46558590952170803,CM
,235560,Contig_61990.fasta,0.02185067498628873,9.794233345312864e-05,0.47097517772452596,CM
,235560,Contig_134230.fasta,0.008306546493056349,1.1241812914018936e-05,0.4308598886457795,CM
,235560,Contig_303596.fasta,0.004204821867002562,2.6789851474651665e-06,0.38911753768758134,CM
,235560,Contig_212565.fasta,0.02204487435326782,9.319320241457708e-05,0.46979301111377164,CM
,235560,Contig_1128046.fasta,0.019717752771405018,7.337798479661563e-05,0.4662818525852681,CM
,235560,Contig_139855.fasta,0.02878487025561506,0.0001646063950161074,0.4779508059952161,CM
,235560,Contig_989235.fasta,0.017365358394537296,5.7687566011794676e-05,0.46145349020642656,CM
,235560,Contig_499439.fasta,0.011070995384175055,2.131796741162111e-05,0.4462697559077888,CM
,235560,Contig_1062866.fasta,0.022070354209104477,9.554136940164294e-05,0.4700289694317595,CM
,235560,Contig_4593.fasta,0.007169181461751609,9.390773291203633e-06,0.42888527870698123,CM
,235560,Contig_61074.fasta,0.025325575560574378,0.00012928552300596767,0.47528068976060595,CM
,235560,Contig_990281.fasta,0.026804766169625894,0.00014664125526168883,0.4772196216923167,CM
,235560,Contig_499662.fasta,0.019981323292338277,7.116682694297863e-05,0.46466121059515053,CM
,235560,Contig_62796.fasta,0.023475976080501663,0.00011227667889315635,0.473357449741342,CM
,235560,Contig_368867.fasta,0.02274347462501242,0.00010679282863052152,0.4726402414841581,CM
,235560,Contig_368024.fasta,0.013961574360410787,3.849923788296932e-05,0.45362466220971065,CM
,235560,Contig_1065845.fasta,0.0012341715686253697,0.0,0.31830873406075955,CM
,235560,Contig_131648.fasta,0.021908900967623927,9.660828530229391e-05,0.46979301111377164,CM
,235560,Contig_1067335.fasta,0.023031472102171827,0.00010376654263130675,0.471925203297344,CM
,235560,Contig_367937.fasta,0.011843239192694092,2.345056855909509e-05,0.4462697559077888,CM
,235560,Contig_201958.fasta,0.0182381268294143,6.312293503204113e-05,0.4630517952195117,CM
,235560,Contig_546698.fasta,0.0010777271777660977,0.0,0.3047306018035275,CM
,235560,Contig_308342.fasta,0.015203823145552412,4.374337703359911e-05,0.4573937820814434,CM
,235560,Contig_138109.fasta,0.023019475720190457,0.00011038876096761793,0.4735970031065957,CM
,235560,Contig_545981.fasta,0.023123129738427554,0.00010721341225397749,0.4721633088489572,CM
,235560,Contig_930043.fasta,0.0047579341159614185,4.146626624338866e-06,0.40688159919071004,CM
,235560,Contig_53486.fasta,0.0,0.0,0.0,CM
,235560,Contig_24565782.fasta,0.014200965836084848,3.7647550456282796e-05,0.45384465477140307,CM
,235560,Contig_59009.fasta,0.013959312226703383,3.941932240780857e-05,0.4558342319233478,CM
,235560,Contig_53814.fasta,0.013866575727811532,3.417040105320711e-05,0.4510012906692208,CM
,235560,Contig_1116.fasta,0.012900378102716823,3.448654280336879e-05,0.4527468205798902,CM
,235560,Contig_139857.fasta,0.0027996408543795605,1.0166471550561483e-06,0.35637002213961655,CM
,235560,Contig_420383.fasta,0.010659267773614213,2.244204554720282e-05,0.4456322276850634,CM
,235560,Contig_555118.fasta,0.02776258823070211,0.0001546130113858755,0.4772196216923167,CM
,235560,Contig_1066641.fasta,0.02328726630431625,0.00011121030588702423,0.4731181385938489,CM
,235560,Contig_137669.fasta,0.010911529376703307,2.4271727480022984e-05,0.44776443930078136,CM
,235560,Contig_302668.fasta,0.024357915376614005,0.00011581555557065278,0.473357449741342,CM
,235560,Contig_305455.fasta,0.01983287681707779,7.831327761578841e-05,0.46767999906978164,CM
,235560,Contig_61545.fasta,0.010121344741250867,2.039427699553575e-05,0.4410121009135877,CM
,235560,Contig_498353.fasta,0.012220397447124689,2.6638329859042138e-05,0.449484955878306,CM
,235560,Contig_988988.fasta,0.0012341715686253697,0.0,0.31830873406075955,CM
,235560,Contig_985054.fasta,0.022181333769372362,9.778300800932384e-05,0.470501597857533,CM
,235560,Contig_420879.fasta,0.007484907994549309,1.052508870095187e-05,0.4242192557292081,CM
,235560,Contig_1258176.fasta,0.017679322492938198,6.294266234957676e-05,0.46512310046651745,CM
,235560,Contig_499353.fasta,0.02422806368651047,0.00011916501870439242,0.4735970031065957,CM
,235560,Contig_468.fasta,0.0,0.0,0.0,CM
,235560,Contig_993483.fasta,0.023221096004236233,0.00010695860791525466,0.4726402414841581,CM
,235560,Contig_988975.fasta,0.020306871506157637,8.324761460319112e-05,0.46838222129060714,CM
,235560,Contig_988930.fasta,0.017941314940135886,6.323944980757574e-05,0.46535438992473055,CM
,235560,Contig_1198429.fasta,0.0011439739862707918,0.0,0.3116309284510933,CM
,235560,Contig_933290.fasta,0.023322485971847596,0.00010944346870231722,0.4726402414841581,CM
,235560,Contig_499052.fasta,0.018151031936734365,6.609708908854951e-05,0.4630517952195117,CM
,235560,Contig_305495.fasta,0.02174757530933712,8.901062883245734e-05,0.46791383906931655,CM
,235560,Contig_985400.fasta,0.023342976767580466,0.00010777657071255556,0.471925203297344,CM
,235560,Contig_985094.fasta,0.017580542809983665,5.643381271170457e-05,0.46054511719420915,CM
,235560,Contig_500018.fasta,0.010653893179356638,2.1784541971663674e-05,0.44436262019878114,CM
,235560,Contig_54766.fasta,0.012647373094326552,2.952875003066128e-05,0.4492691685735156,CM
,235560,Contig_1263528.fasta,0.0059211322905831885,4.187823991715231e-06,0.4118959850962293,CM
,235560,Contig_59228.fasta,0.0,0.0,0.0,CM
,235560,Contig_1065920.fasta,0.014043126622605233,3.460683256153316e-05,0.45296596231298797,CM
,235560,Contig_555509.fasta,0.0059111656530789185,6.149624860431411e-06,0.41610834955030374,CM
,235560,Contig_139091.fasta,0.026761907722109325,0.00014439820383492134,0.47673340710067913,CM
,235560,Contig_706082.fasta,0.013835112126284469,3.9961412346672e-05,0.45561230678609205,CM
,235560,Contig_368629.fasta,0.017644110890171184,6.529823220964548e-05,0.46581765960111154,CM
,235560,Contig_625052.fasta,0.026535294993573707,0.0001435197125013222,0.4772196216923167,CM
,235560,Contig_368691.fasta,0.011908513488625204,2.526523791943024e-05,0.4481933324418741,CM
,235560,Contig_551706.fasta,0.002502463622616833,6.92949379782333e-07,0.36713522092531703,CM
,235560,Contig_61210.fasta,0.0011906066971856563,0.0,0.31541209239589924,CM
,235560,Contig_369691.fasta,0.022132808654840054,9.85091342262951e-05,0.4712123253467438,CM
,235560,Contig_498443.fasta,0.0011439739862707918,0.0,0.3116309284510933,CM
,235560,Contig_59641.fasta,0.02324795643199592,0.0001072986360839095,0.4721633088489572,CM
,235560,Contig_370353.fasta,0.019814651222783093,8.094253974837352e-05,0.46791383906931655,CM
,235560,Contig_24566591.fasta,0.010431367550737604,1.9330174505646627e-05,0.4418449849568617,CM
,235560,Contig_55467.fasta,0.0035606594856310886,1.8995533090762248e-06,0.3868655139060079,CM
,235560,Contig_543838.fasta,0.0,0.0,0.0,CM
,235560,Contig_988352.fasta,0.020999491908320823,8.39986935006804e-05,0.46767999906978164,CM
,235560,Contig_56962.fasta,0.017579451210291364,5.868968415953393e-05,0.4630517952195117,CM
,235560,Contig_549823.fasta,0.01077785302622697,2.1415594246369984e-05,0.4437305254332068,CM
,235560,Contig_546289.fasta,0.022186587993564363,0.00010267599561370633,0.4721633088489572,CM
,235560,Contig_5823.fasta,0.01374443204452708,3.458123584097194e-05,0.4527468205798902,CM
,235560,Contig_304689.fasta,0.020710219148320223,8.882911147214564e-05,0.46932180448276484,CM
,235560,Contig_1062142.fasta,0.013141325209365702,3.1373314858899816e-05,0.4523091726141291,CM
,235560,Contig_62387.fasta,0.020937215998685615,8.793531776231622e-05,0.4688515421536238,CM
,235560,Contig_133647.fasta,0.02164237053723436,9.177414767120642e-05,0.47073826868140495,CM
,235560,Contig_550173.fasta,0.023241526099526743,0.00011121277376964081,0.473357449741342,CM
,235560,Contig_542713.fasta,0.0078123375625567155,1.0088566840580896e-05,0.4249898629149106,CM
,235560,Contig_131574.fasta,0.007159376391636111,8.692233873504341e-06,0.42479694876923885,CM
,235560,Contig_542387.fasta,0.005050362759271377,4.357243528680234e-06,0.4124405809337299,CM
,235560,Contig_306603.fasta,0.023198650296438018,0.00011036585288387377,0.4724016547898198,CM
,235560,Contig_137862.fasta,0.026649570230012902,0.0001428154222277135,0.47649067115001686,CM
,235560,Contig_553205.fasta,0.005588231576736051,5.06745632986188e-06,0.4118959850962293,CM
,235560,Contig_53446.fasta,0.02038879066041863,7.947589435028642e-05,0.466746971640216,CM
,235560,Contig_61498.fasta,0.019822450502294076,7.653175186947342e-05,0.4674463926766399,CM
,235560,Contig_54950.fasta,0.016456035775421356,5.308213052004759e-05,0.46054511719420915,CM
,235560,Contig_55915.fasta,0.0021397662462203587,4.540044045875281e-07,0.3478913301630606,CM
,235560,Contig_55113.fasta,0.017827537385203002,6.123263634639043e-05,0.4637401774720679,CM
,235560,Contig_24574211.fasta,0.02206079562402055,9.487871237324845e-05,0.470501597857533,CM
,235560,Contig_55950.fasta,0.020043302487702693,8.072308439164185e-05,0.46838222129060714,CM
,235560,Contig_792106.fasta,0.0142074373949599,3.5459236029729304e-05,0.45384465477140307,CM
,235560,Contig_24569564.fasta,0.015826720531340908,4.8024592568379984e-05,0.46077187500671246,CM
,235560,Contig_499137.fasta,0.0032641261349013206,1.5913175403190943e-06,0.37598540704645766,CM
,235560,Contig_1065878.fasta,0.006865990054764258,8.220798943672106e-06,0.421924110973234,CM
,235560,Contig_500105.fasta,0.010512348882961032,2.1618666121941493e-05,0.44331012701972194,CM
,235560,Contig_990105.fasta,0.008565335608411776,1.2154447208052185e-05,0.4348641627038258,CM
,235560,Contig_213746.fasta,0.0,0.0,0.0,CM
,235560,Contig_308147.fasta,0.0020462421628344007,4.87242709061035e-07,0.3384548564696684,CM
,235560,Contig_1064246.fasta,0.0,0.0,0.0,CM
,235560,Contig_500378.fasta,0.012023318683171984,2.568099203074557e-05,0.4469091108589461,CM
,235560,Contig_372001.fasta,0.021261368406154647,9.10846604799176e-05,0.470501597857533,CM
,235560,Contig_368549.fasta,0.009440671646846453,1.9068380201094194e-05,0.44059683528184235,CM
,235560,Contig_542593.fasta,0.019777509475971934,7.637746612971288e-05,0.466746971640216,CM
,235560,Contig_499422.fasta,0.01876261488029347,6.576267450386225e-05,0.464200237171941,CM
,235560,Contig_134994.fasta,0.0024247782658110262,7.801058384276218e-07,0.36598657729316897,CM
,235560,Contig_62593.fasta,0.02568362499422855,0.0001259171945757525,0.4731181385938489,CM
,235560,Contig_1062838.fasta,0.0,0.0,0.0,CM
,235560,Contig_306052.fasta,0.0,0.0,0.0,CM
,235560,Contig_500079.fasta,0.012751089232289398,2.877427044201471e-05,0.4507840453461624,CM
,235560,Contig_1065904.fasta,0.02230488343296798,9.783750887299479e-05,0.47097517772452596,CM
,235560,Contig_552078.fasta,0.0036309634238498737,1.7245106981004624e-06,0.3876668095023335,CM
,235560,Contig_1065941.fasta,0.022426946314163487,0.00010043269523498288,0.47097517772452596,CM
,235560,Contig_55393.fasta,0.02229819562728106,9.875908681158172e-05,0.47168733777148847,CM
,235560,Contig_423779.fasta,0.0,0.0,0.0,CM
,235560,Contig_135642.fasta,0.023156209119690747,0.00010678674585169038,0.4714497119086313,CM
,235560,Contig_302535.fasta,0.010491960918063979,1.976991036682778e-05,0.44163646915461685,CM
,235560,Contig_61135.fasta,0.009668302051514524,1.7843272684838964e-05,0.44310022639139823,CM
,235560,Contig_134037.fasta,0.016074123068222736,4.8331702953757265e-05,0.4589640402837828,CM
,235560,Contig_131651.fasta,0.01718368954290896,5.908525901584447e-05,0.4619090217860973,CM
,235560,Contig_369755.fasta,0.026675349551902407,0.00014172578708635311,0.47600594005016944,CM
,235560,Contig_985251.fasta,0.0059949502391387025,5.793285860756231e-06,0.4179668057787553,CM
,235560,Contig_305281.fasta,0.020981445052207292,8.338690279804508e-05,0.4681479130258295,CM
,235560,Contig_1264101.fasta,0.003416190023856059,2.002168389414609e-06,0.38369318496868926,CM
,235560,Contig_53427.fasta,0.01709810292615753,5.4370909968244774e-05,0.46077187500671246,CM
,235560,Contig_1063267.fasta,0.020660929982840207,8.82560982849175e-05,0.46955728958285653,CM
,235560,Contig_555358.fasta,0.006157233176245037,5.505022456939321e-06,0.41740752816174537,CM
,235560,Contig_368078.fasta,0.0178239622885199,6.255636065519156e-05,0.4639700932764666,CM
,235560,Contig_798280.fasta,0.013948864803557892,3.348009894264828e-05,0.4507840453461624,CM
,235560,Contig_57241.fasta,0.007990842513165904,1.088762708625233e-05,0.4292787514397399,CM
,235560,Contig_550914.fasta,0.001153461368076641,0.0,0.3104935892961623,CM
,235560,Contig_202130.fasta,0.002486228788526701,6.98192974909735e-07,0.36699124632887575,CM
,235560,Contig_792223.fasta,0.017721224346893567,5.7314541294208255e-05,0.46282278839695007,CM
,235560,Contig_368085.fasta,0.017783161800894124,6.546973307595364e-05,0.4637401774720679,CM
,235560,Contig_713989.fasta,0.017728988727903683,6.287646404714109e-05,0.46351048941982814,CM
,235560,Contig_56628.fasta,0.020531673422135136,8.302375425658314e-05,0.46791383906931655,CM
,235560,Contig_369883.fasta,0.007105909348751041,8.971900058988323e-06,0.4267340073591578,CM
,235560,Contig_500548.fasta,0.0036281787054753636,1.8123661197114677e-06,0.3851142708389437,CM
,235560,Contig_138155.fasta,0.018066366282713707,6.272848060615936e-05,0.46466121059515053,CM
,235560,Contig_307949.fasta,0.02470579664708491,0.00012324936551029502,0.47383679905753573,CM
,235560,Contig_135889.fasta,0.019654621790267602,7.766415916232082e-05,0.4681479130258295,CM
,235560,Contig_56903.fasta,0.009772560266259955,1.786486826244211e-05,0.4422626078159892,CM
,235560,Contig_134889.fasta,0.021080384181585105,8.780412830547642e-05,0.46932180448276484,CM
,235560,Contig_367996.fasta,0.01145865531298114,2.3905718073252517e-05,0.44478501812672677,CM
,235560,Contig_57903.fasta,0.011912948259369512,2.9949715012511364e-05,0.4518723699365684,CM
,235560,Contig_139294.fasta,0.016049708600091774,4.521564216838168e-05,0.4558342319233478,CM
,235560,Contig_180.fasta,0.005431809640325517,5.675849464361095e-06,0.4058229306759033,CM
,235560,Contig_1268736.fasta,0.026513564087043483,0.0001367557237671404,0.4755221941761347,CM
,235560,Contig_308022.fasta,0.022946797821601823,0.00010560347416755617,0.471925203297344,CM
,235560,Contig_985128.fasta,0.015111785689473795,4.185727242148251e-05,0.4565013064090893,CM
,235560,Contig_371212.fasta,0.023542910523710492,0.0001092872065524861,0.4731181385938489,CM
,235560,Contig_421597.fasta,0.009474362386242033,1.5840431682831467e-05,0.4385321828203529,CM
,235560,Contig_985291.fasta,0.020752969071592638,8.17095187908353e-05,0.46721301954000655,CM
,235560,Contig_59394.fasta,0.009620441787686293,1.754944464278844e-05,0.4399754010994984,CM
,235560,Contig_498502.fasta,0.016995871353091753,5.4266323710720615e-05,0.4623654536258069,CM
,235560,Contig_423189.fasta,0.016628849245531898,5.396290412146423e-05,0.46122606118217496,CM
,235560,Contig_543062.fasta,0.0024558309117019687,6.801241760549911e-07,0.364702914317472,CM
,235560,Contig_543821.fasta,0.0,0.0,0.0,CM
,235560,Contig_429994.fasta,0.020164367175956377,7.744980861044792e-05,0.4669798793106951,CM
,235560,Contig_1065861.fasta,0.019202750556034175,7.489544448500737e-05,0.46558590952170803,CM
,235560,Contig_55662.fasta,0.02073421763388667,8.532974386333852e-05,0.46908655545796146,CM
,235560,Contig_1268437.fasta,0.006505337557283263,7.623997471232719e-06,0.4177802134547469,CM
,235560,Contig_1065067.fasta,0.0,0.0,0.0,CM
,235560,Contig_135849.fasta,0.019787323863653943,7.330424349898796e-05,0.46581765960111154,CM
,235560,Contig_4084.fasta,0.016243053622837438,5.5026864168540835e-05,0.4619090217860973,CM
,235560,Contig_424464.fasta,0.005832300317195493,5.252962847330709e-06,0.4137169222540376,CM
,235560,Contig_371156.fasta,0.022548742790153137,9.805229983825281e-05,0.47073826868140495,CM
,235560,Contig_502196.fasta,0.019023505580719205,7.08476915883539e-05,0.4662818525852681,CM
,235560,Contig_1260871.fasta,0.005859971855874585,4.775019696716532e-06,0.4109915143340505,CM
,235560,Contig_368806.fasta,0.004718555880646666,3.871037045431517e-06,0.40407067277143055,CM
,235560,Contig_58444.fasta,0.015024565058421892,4.600530560227077e-05,0.457617446522559,CM
,235560,Contig_984996.fasta,0.012914661555274787,3.5025929332678274e-05,0.453185316289895,CM
,235560,Contig_990044.fasta,0.015327621220197311,4.70378832814383e-05,0.46054511719420915,CM
,235560,Contig_1274572.fasta,0.017472386680237328,5.565371027437238e-05,0.4616811436303074,CM
,235560,Contig_542553.fasta,0.019370568718171652,7.306138497274385e-05,0.46489204080408997,CM
,235560,Contig_131771.fasta,0.024216263409887636,0.0001155136789864248,0.4735970031065957,CM
,235560,Contig_499076.fasta,0.013122025778428822,2.7699924821959465e-05,0.4469091108589461,CM
,235560,Contig_134152.fasta,0.01634288992833336,5.316345007004348e-05,0.46122606118217496,CM
,235560,Contig_131734.fasta,0.019985040176790758,7.490592163910573e-05,0.4665142961807742,CM
,235560,Contig_58559.fasta,0.014033774632165735,3.387380429782905e-05,0.4516542848159426,CM
,235560,Contig_55483.fasta,0.004739763241344734,3.239141877310339e-06,0.40407067277143055,CM
,235560,Contig_55811.fasta,0.009444670077133616,1.779518809733045e-05,0.4410121009135877,CM
,235560,Contig_985419.fasta,0.016978555207369475,6.022555911486426e-05,0.4621371250067324,CM
,235560,Contig_213506.fasta,0.027643228041689172,0.00014727906416315694,0.4755221941761347,CM
,235560,Contig_135253.fasta,0.025357924097853493,0.000127780317143023,0.4745576461149255,CM
,235560,Contig_24576898.fasta,0.004263854064069262,2.34054261649733e-06,0.3922161266297708,CM
,235560,Contig_306742.fasta,0.01844179825435466,6.805119989701294e-05,0.46489204080408997,CM
,235560,Contig_55353.fasta,0.008225023199658106,1.145158624232083e-05,0.4286888127066574,CM
,235560,Contig_1063497.fasta,0.0011266916610258614,0.0,0.3080407103813802,CM
,235560,Contig_302609.fasta,0.019903557685695617,7.942935761910042e-05,0.4681479130258295,CM
,235560,Contig_1063840.fasta,0.009062016177012076,1.4391801344217647e-05,0.43365508718194307,CM
,235560,Contig_986139.fasta,0.015242200871414889,4.5611451850227814e-05,0.4589640402837828,CM
,235560,Contig_370130.fasta,0.017664079634961583,5.955781245998731e-05,0.4644306094980809,CM
,235560,Contig_54604.fasta,0.015068118390191548,4.2643047406664855e-05,0.45450591458894274,CM
,235560,Contig_554797.fasta,0.015066075474062196,4.404075565804698e-05,0.4567240986523344,CM
,235560,Contig_421549.fasta,0.004907979412274801,2.940012678722224e-06,0.4072357172056715,CM
,235560,Contig_61036.fasta,0.025544182579598236,0.00013209028817627062,0.4755221941761347,CM
,235560,Contig_303473.fasta,0.009508257033538985,1.9061223031326127e-05,0.441428150065393,CM
,235560,Contig_501657.fasta,0.016487272535881618,5.191718747110687e-05,0.4596403134276194,CM
,235560,Contig_1062279.fasta,0.012669113210285793,3.0052499327553327e-05,0.4505670092145561,CM
,235560,Contig_58467.fasta,0.001266031221436751,0.0,0.3222547101028351,CM
,235560,Contig_709008.fasta,0.01632917166992668,5.100855073809792e-05,0.45873905791109465,CM
,235560,Contig_306639.fasta,0.004907979412274801,2.940012678722224e-06,0.4072357172056715,CM
,235560,Contig_134328.fasta,0.02334438478862072,0.0001014941337707004,0.47026516489378545,CM
,235560,Contig_791908.fasta,0.0025626298909451266,7.642948647929627e-07,0.37373309829817614,CM
,235560,Contig_24572783.fasta,0.011831738358793793,2.6384696606923397e-05,0.4505670092145561,CM
,235560,Contig_53481.fasta,0.0,0.0,0.0,CM
,235560,Contig_931044.fasta,0.020803463583739967,8.756474353244073e-05,0.4681479130258295,CM
,235560,Contig_369322.fasta,0.02262343933794333,9.843722830235083e-05,0.47097517772452596,CM
,235560,Contig_553512.fasta,0.0024283915186685445,4.650973234140053e-07,0.3600722116731947,CM
,235560,Contig_368367.fasta,0.0025450803731695633,6.237078488814943e-07,0.36800144637775584,CM
,235560,Contig_986515.fasta,0.015460490241862294,4.203392099999486e-05,0.45539059763437134,CM
,235560,Contig_61542.fasta,0.012437320525181312,3.1371071397243554e-05,0.4507840453461624,CM
,235560,Contig_137592.fasta,0.025214864581343754,0.00012830880507351097,0.47528068976060595,CM
,235560,Contig_498311.fasta,0.009219058293776571,1.6085417210341462e-05,0.43607999913263423,CM
,235560,Contig_369512.fasta,0.01052407315440148,2.179482708146373e-05,0.4449965183731018,CM
,235560,Contig_135235.fasta,0.003551523383730765,1.8105955519349058e-06,0.38863275670209013,CM
,235560,Contig_62671.fasta,0.008016324792910937,1.1664146654900221e-05,0.4290819248686993,CM
,235560,Contig_370401.fasta,0.020973649246486585,8.418877697015812e-05,0.4681479130258295,CM
,235560,Contig_2412.fasta,0.003684180202862522,1.6608008003366054e-06,0.38863275670209013,CM
,235560,Contig_370444.fasta,0.02529391948604641,0.0001210909591763538,0.4726402414841581,CM
,235560,Contig_57800.fasta,0.027743915948047163,0.00015243143201965935,0.4772196216923167,CM
,235560,Contig_56006.fasta,0.01784703887819639,6.343701920472318e-05,0.4662818525852681,CM
,235560,Contig_371401.fasta,0.0057815626343470615,5.453412754712714e-06,0.4162934511292852,CM
,235560,Contig_56492.fasta,0.0009603591121540899,0.0,0.29400806727572515,CM
,235560,Contig_3412.fasta,0.001928325156315118,2.846708212182347e-07,0.3335095075333689,CM
,235560,Contig_498484.fasta,0.015851065155697106,5.032130048806334e-05,0.4594146677165602,CM
,235560,Contig_303206.fasta,0.015491615071453847,4.2429981682463804e-05,0.45873905791109465,CM
,235560,Contig_368656.fasta,0.02343670670743969,0.0001049317628510453,0.4712123253467438,CM
,235560,Contig_552825.fasta,0.027470989260861754,0.0001467506579232042,0.47600594005016944,CM
,235560,Contig_55071.fasta,0.0262666701423902,0.00013645758843848998,0.47528068976060595,CM
,235560,Contig_993479.fasta,0.02425951803202389,0.0001146687325457364,0.4721633088489572,CM
,235560,Contig_499778.fasta,0.011584672999624073,2.3983592618276548e-05,0.4475503004010679,CM
,235560,Contig_5203.fasta,0.0025450803731695633,6.237078488814943e-07,0.36800144637775584,CM
,235560,Contig_139312.fasta,0.01960643041522092,7.717424667495924e-05,0.4665142961807742,CM
,235560,Contig_132309.fasta,0.01619132350910517,4.918103759311009e-05,0.4603185824587472,CM
,235560,Contig_1064674.fasta,0.004688325366142256,3.613530580909625e-06,0.4028530685056535,CM
,235560,Contig_551478.fasta,0.009494953998958045,1.6845709721920812e-05,0.44018235095890546,CM
,235560,Contig_549697.fasta,0.0026175612105972727,6.49116167381315e-07,0.3746307758761541,CM
,235560,Contig_424567.fasta,0.009495045353248013,1.4400619072402815e-05,0.43832678132957054,CM
,235560,Contig_549556.fasta,0.008167762059874614,1.2714458589337212e-05,0.43365508718194307,CM
,235560,Contig_1064927.fasta,0.023348871929623396,0.00010875926241778627,0.47287906929693435,CM
,235560,Contig_134109.fasta,0.004685814041564234,3.423982802487139e-06,0.4006111635867436,CM
,235560,Contig_550094.fasta,0.02102088607376558,8.365228267273978e-05,0.46767999906978164,CM
,235560,Contig_136183.fasta,0.024758206020124716,0.0001244500117858994,0.4745576461149255,CM
,235560,Contig_499700.fasta,0.021353300987524252,8.99842979655276e-05,0.46955728958285653,CM
,235560,Contig_131801.fasta,0.013402547482208151,3.52178213036062e-05,0.45539059763437134,CM
,235560,Contig_303182.fasta,0.0,0.0,0.0,CM
,235560,Contig_502444.fasta,0.02550178040781923,0.00013148977631008524,0.47528068976060595,CM
,235560,Contig_203422.fasta,0.0055782673747084965,5.0920049344693384e-06,0.4100910070721442,CM
,235560,Contig_61582.fasta,0.020719322683749392,8.855545800863659e-05,0.46955728958285653,CM
,235560,Contig_204934.fasta,0.01328567352998187,3.264412430618471e-05,0.4527468205798902,CM
,235560,Contig_302553.fasta,0.012649516527495625,3.250793068009004e-05,0.45035018197239324,CM
,235560,Contig_308121.fasta,0.02405582468749034,0.00012204968732570992,0.47479841610280726,CM
,235560,Contig_502068.fasta,0.002268333874951754,6.56798437894993e-07,0.355557628472125,CM
,235560,Contig_134208.fasta,0.022279897057653538,9.80627969628417e-05,0.4712123253467438,CM
,235560,Contig_372022.fasta,0.02069825813871789,8.476268787480506e-05,0.4681479130258295,CM
,235560,Contig_542609.fasta,0.02059917781842716,7.860573110641403e-05,0.46558590952170803,CM
,235560,Contig_60217.fasta,0.013997473485911698,3.5785604294516184e-05,0.45296596231298797,CM
,235560,Contig_993700.fasta,0.02094581749174174,8.380580899349841e-05,0.4674463926766399,CM
,235560,Contig_58603.fasta,0.018662675539793692,6.50809599699834e-05,0.46259400797757444,CM
,235560,Contig_62124.fasta,0.026819401939466116,0.0001445218393800019,0.47673340710067913,CM
,235560,Contig_428405.fasta,0.008382284035876708,1.094131714922505e-05,0.4312569945339323,CM
,235560,Contig_498444.fasta,0.014043005926980729,4.112401884245522e-05,0.45694710846612946,CM
,235560,Contig_543124.fasta,0.0038667579121762705,1.5816704442944028e-06,0.394531061609879,CM
,235560,Contig_502700.fasta,0.007648982352784737,1.0997110221250597e-05,0.42634518366224744,CM
,235560,Contig_547137.fasta,0.0,0.0,0.0,CM
,235560,Contig_303062.fasta,0.022877672611868648,0.00010186082511340745,0.4712123253467438,CM
,235560,Contig_986691.fasta,0.007492266653688618,1.0394049003996569e-05,0.4332535546938116,CM
,235560,Contig_930711.fasta,0.023353745175913425,0.00010700684384761807,0.4714497119086313,CM
,235560,Contig_550174.fasta,0.015298974420612885,4.688787658206823e-05,0.4596403134276194,CM
,235560,Contig_132605.fasta,0.009274262177095786,1.6014935772815355e-05,0.43607999913263423,CM
,235560,Contig_985136.fasta,0.0062965192020951405,6.380264631787905e-06,0.42230490890732536,CM
,235560,Contig_135781.fasta,0.020931070706638695,8.60917200415624e-05,0.46908655545796146,CM
,235560,Contig_135350.fasta,0.01960384527499856,7.269806658637922e-05,0.46535438992473055,CM
,235560,Contig_24572895.fasta,0.016246994896398855,4.956904972314563e-05,0.4578413298134213,CM
,235560,Contig_549067.fasta,0.0034803823064212245,1.852707735493365e-06,0.38559030825654433,CM
,235560,Contig_201548.fasta,0.0011439739862707918,0.0,0.3116309284510933,CM
,235560,Contig_423546.fasta,0.002504991357237163,5.646393188516255e-07,0.36641647538709204,CM
,235560,Contig_56965.fasta,0.02355872917117471,0.00011069769848891639,0.47287906929693435,CM
,235560,Contig_989310.fasta,0.02001303074663607,7.862358045337457e-05,0.4681479130258295,CM
,235560,Contig_1268491.fasta,0.0011960642167851802,0.0,0.3153058214752807,CM
,235560,Contig_306129.fasta,0.014074424165449776,4.067397214794347e-05,0.45539059763437134,CM
,235560,Contig_420630.fasta,0.0,0.0,0.0,CM
,235560,Contig_133996.fasta,0.024848739787679475,0.0001250038789459692,0.4745576461149255,CM
,235560,Contig_932723.fasta,0.012986096117509484,2.9597824713798567e-05,0.45252789078270456,CM
,235560,Contig_501147.fasta,0.009236926883370076,1.4906171718291658e-05,0.43526868750634096,CM
,235560,Contig_303326.fasta,0.014565629608752746,4.3900702792698044e-05,0.457617446522559,CM
,235560,Contig_131637.fasta,0.016690635156048392,5.2608024154866416e-05,0.4609988562259276,CM
,235560,Contig_309378.fasta,0.009048740968406924,1.3851217182040288e-05,0.4340573646283085,CM
,235560,Contig_987947.fasta,0.005168420762712026,4.648345040233161e-06,0.41815356485193617,CM
,235560,Contig_794883.fasta,0.02194198954634256,9.324305200976023e-05,0.46955728958285653,CM
,235560,Contig_500102.fasta,0.025516322143690425,0.00012807244331524263,0.47528068976060595,CM
,235560,Contig_371148.fasta,0.011367134667475628,2.4851032956135376e-05,0.4460570439173656,CM
,235560,Contig_429171.fasta,0.02458156022002804,0.00011582030446613113,0.4731181385938489,CM
,235560,Contig_543887.fasta,0.002541160108178847,6.398652954688017e-07,0.3697462181503884,CM
,235560,Contig_53404.fasta,0.022347075181265164,9.782752408208223e-05,0.47073826868140495,CM
,235560,Contig_53441.fasta,0.006909050750726313,8.468816265615502e-06,0.4255696580894193,CM
,235560,Contig_542338.fasta,0.017556491255371662,6.0418148027318555e-05,0.46351048941982814,CM
,235560,Contig_1065711.fasta,0.010473378646630739,2.187239078244663e-05,0.4441517219452459,CM
,235560,Contig_984988.fasta,0.019672474300861966,7.580762326630677e-05,0.4662818525852681,CM
,235560,Contig_368263.fasta,0.020139171766779856,7.765805307746417e-05,0.4674463926766399,CM
,235560,Contig_993761.fasta,0.014066590832925613,4.035359301595677e-05,0.45406486081447506,CM
,235560,Contig_542943.fasta,0.011622434447763296,2.521374337764693e-05,0.44669578908765306,CM
,235560,Contig_133011.fasta,0.011475095110972625,2.179830263000971e-05,0.4456322276850634,CM
,235560,Contig_542594.fasta,0.007144890317015713,8.82832682380048e-06,0.4271235409122013,CM
,235560,Contig_548958.fasta,0.019640726829613653,7.429406966264164e-05,0.466746971640216,CM
,235560,Contig_931946.fasta,0.014819767978703205,4.387240879910909e-05,0.4551691041530317,CM
,235560,Contig_1063039.fasta,0.013400347017928462,3.324454475560013e-05,0.45384465477140307,CM
,235560,Contig_502009.fasta,0.021730072123991594,9.768584830213536e-05,0.4712123253467438,CM
,235560,Contig_498308.fasta,0.017403502283171588,5.905984005464207e-05,0.46259400797757444,CM
,235560,Contig_53952.fasta,0.022020973699692376,9.333180921550577e-05,0.46932180448276484,CM
,235560,Contig_929016.fasta,0.011206039139586071,2.4175146755902757e-05,0.44457371883070457,CM
,235560,Contig_55444.fasta,0.015283684329260468,4.574900247642615e-05,0.4578413298134213,CM
,235560,Contig_58949.fasta,0.01089733757070125,2.2788279058345228e-05,0.4449965183731018,CM
,235560,Contig_1065204.fasta,0.020134135554506525,8.244206289593748e-05,0.4688515421536238,CM
,235560,Contig_55095.fasta,0.021365627962878428,8.95706713729742e-05,0.4700289694317595,CM
,235560,Contig_986384.fasta,0.02189910078319089,9.840744080193388e-05,0.471925203297344,CM
,235560,Contig_420408.fasta,0.021014022847187886,8.265206067630729e-05,0.4669798793106951,CM
,235560,Contig_137576.fasta,0.025706771161729817,0.00012500801388824686,0.4735970031065957,CM
,235560,Contig_53578.fasta,0.01570860948195708,5.0666784679306475e-05,0.4609988562259276,CM
,235560,Contig_56433.fasta,0.01162789893128723,2.5424381078559783e-05,0.4492691685735156,CM
,235560,Contig_24577731.fasta,0.018713652609967033,6.57483597415385e-05,0.4639700932764666,CM
,235560,Contig_56476.fasta,0.021804718350553837,8.896058225470776e-05,0.46861676421564,CM
,235560,Contig_54700.fasta,0.017661071457051834,5.9779524697875797e-05,0.4630517952195117,CM
,235560,Contig_1064903.fasta,0.01875452300598487,6.95684417559354e-05,0.46351048941982814,CM
,235560,Contig_542569.fasta,0.003578511464875701,1.6686745294646897e-06,0.38911753768758134,CM
,235560,Contig_1062081.fasta,0.0036518951284871494,2.0867652388609687e-06,0.3909054628816345,CM
,235560,Contig_24576774.fasta,0.00375777595336725,1.7110466564191749e-06,0.39270989430912,CM
,235560,Contig_138216.fasta,0.018871905084010893,6.487959422020088e-05,0.4644306094980809,CM
,235560,Contig_799287.fasta,0.009556215640788181,1.7296324245548998e-05,0.4422626078159892,CM
,235560,Contig_1066406.fasta,0.0241969232586829,0.00011453744964587619,0.4726402414841581,CM
,235560,Contig_371290.fasta,0.00992633444004437,1.852195177216235e-05,0.442681020879202,CM
,235560,Contig_498639.fasta,0.013103382245093326,3.2389921992636065e-05,0.45384465477140307,CM
,235560,Contig_542359.fasta,0.008054506808276844,1.1600763484070716e-05,0.4284925266202533,CM
,235560,Contig_991920.fasta,0.01895941372976323,6.795171510048024e-05,0.4660496405072874,CM
,235560,Contig_306564.fasta,0.005868831387019139,6.488135692277397e-06,0.4144498131703424,CM
,235560,Contig_550251.fasta,0.0011896301190183257,0.0,0.31403613360356813,CM
,235560,Contig_131613.fasta,0.01431043752876913,3.8946892600962554e-05,0.4551691041530317,CM
,235560,Contig_423948.fasta,0.0,0.0,0.0,CM
,235560,Contig_56904.fasta,0.008013874081142285,1.0419253447183145e-05,0.43026559914419915,CM
,235560,Contig_135088.fasta,0.02099479303160039,8.507820101678589e-05,0.46861676421564,CM
,235560,Contig_427790.fasta,0.024570301455559718,0.00011799553996507178,0.47383679905753573,CM
,235560,Contig_246.fasta,0.007034815468464921,8.79411934145601e-06,0.42576327485834076,CM
,235560,Contig_139152.fasta,0.01857249889408981,6.797890983056562e-05,0.4644306094980809,CM
,235560,Contig_60097.fasta,0.004902744617671605,3.4433831582563313e-06,0.40564702129979757,CM
,235560,Contig_309018.fasta,0.02482756949608,0.00012249837604639107,0.47479841610280726,CM
,235560,Contig_368416.fasta,0.009227276036305401,1.4699235451429454e-05,0.43526868750634096,CM
,235560,Contig_305513.fasta,0.02630477749423039,0.00013670165659963453,0.47576394414775447,CM
,235560,Contig_137002.fasta,0.008775210379313819,1.3843373826914348e-05,0.44059683528184235,CM
,235560,Contig_421629.fasta,0.0,0.0,0.0,CM
,235560,Contig_625912.fasta,0.0,0.0,0.0,CM
,235560,Contig_131696.fasta,0.012117547975747121,2.534837236926112e-05,0.45143641010064306,CM
,235560,Contig_304203.fasta,0.026062811490278035,0.00013314998158784434,0.4743171201919073,CM
,235560,Contig_420590.fasta,0.01343026499713009,3.198210134965365e-05,0.45362466220971065,CM
,235560,Contig_370681.fasta,0.022247308646527384,9.745918122035184e-05,0.4712123253467438,CM
,235560,Contig_548716.fasta,0.009221092967627128,1.4254839663309364e-05,0.43832678132957054,CM
,235560,Contig_212088.fasta,0.01868022798718435,6.659184478961904e-05,0.4644306094980809,CM
,235560,Contig_985929.fasta,0.01425709434330079,3.978284060645648e-05,0.4571703361693371,CM
,235560,Contig_1124471.fasta,0.001311856925431177,0.0,0.32595878723045385,CM
,235560,Contig_24578704.fasta,0.02471848318188094,0.00012293423508037837,0.4745576461149255,CM
,235560,Contig_53458.fasta,0.01478422523948139,4.055652927537921e-05,0.4565013064090893,CM
,235560,Contig_369801.fasta,0.010750378827586537,2.2954686533503628e-05,0.44648267086766846,CM
,235560,Contig_498641.fasta,0.017144743837167787,5.133691737202409e-05,0.4585142960012901,CM
,235560,Contig_984991.fasta,0.019460544164422736,7.669846400948134e-05,0.46558590952170803,CM
,235560,Contig_501958.fasta,0.007832876099203346,1.1102862987165173e-05,0.4273185744925265,CM
,235560,Contig_133189.fasta,0.0011960642167851802,0.0,0.3153058214752807,CM
,235560,Contig_62449.fasta,0.022138762645362048,9.951542240087907e-05,0.4714497119086313,CM
,235560,Contig_370912.fasta,0.026618012396780005,0.00014096697138048274,0.47649067115001686,CM
,235560,Contig_542449.fasta,0.0010777271777660977,0.0,0.3047306018035275,CM
,235560,Contig_548885.fasta,0.002467643554345242,6.635262460134875e-07,0.365700538545773,CM
,235560,Contig_367951.fasta,0.016752469012942563,5.1540659798749325e-05,0.46077187500671246,CM
,235560,Contig_1234.fasta,0.020719023480583756,8.795243826485025e-05,0.46932180448276484,CM
,235560,Contig_53375.fasta,0.008188197279259788,1.2466181344289586e-05,0.4320534063428592,CM
,235560,Contig_1064866.fasta,0.0023227558778110414,6.458229248157579e-07,0.35732251933510234,CM
,235560,Contig_55484.fasta,0.020786152846141902,8.914160041728043e-05,0.4700289694317595,CM
,235560,Contig_309986.fasta,0.020562449794083344,8.203931944109302e-05,0.46558590952170803,CM
,235560,Contig_2772.fasta,0.0012965986695083753,0.0,0.32641356056457377,CM
,235560,Contig_133368.fasta,0.023045128885052647,0.00010566580176072819,0.47287906929693435,CM
,235560,Contig_1062791.fasta,0.006089843651435514,5.578312600230007e-06,0.4172214347474958,CM
,235560,Contig_802396.fasta,0.002577888146867928,6.885388538308077e-07,0.37209848037321397,CM
,235560,Contig_1063340.fasta,0.013627310287813407,3.365969496663226e-05,0.4523091726141291,CM
,235560,Contig_500006.fasta,0.023241983739906727,0.00010445578319577427,0.4714497119086313,CM
,235560,Contig_132445.fasta,0.018560378173119316,7.043908544748583e-05,0.4660496405072874,CM
,235560,Contig_992335.fasta,0.023399314509352762,0.00010600177827134427,0.471925203297344,CM
,235560,Contig_500492.fasta,0.021216491168947676,8.687402599045378e-05,0.4681479130258295,CM
,235560,Contig_304732.fasta,0.014624557637989906,3.859097674799527e-05,0.4562787314181536,CM
,235560,Contig_545842.fasta,0.006853714157628137,6.718770346726579e-06,0.41666414877054014,CM
,235560,Contig_552844.fasta,0.0023200546193056807,5.743943803913052e-07,0.35515281902794427,CM
,235560,Contig_57067.fasta,0.0033076813612641785,1.5108995427277064e-06,0.3770458010228175,CM
,235560,Contig_2436.fasta,0.0048219800493892314,4.032488657751611e-06,0.40688159919071004,CM
,235560,Contig_133069.fasta,0.0009603591121540899,0.0,0.29400806727572515,CM
,235560,Contig_420771.fasta,0.019624751723786433,7.618823764294083e-05,0.46581765960111154,CM
,235560,Contig_56861.fasta,0.0126858787652614,3.106520199852636e-05,0.4510012906692208,CM
,235560,Contig_132069.fasta,0.017729433941548883,6.583280228081146e-05,0.4660496405072874,CM
,235560,Contig_551070.fasta,0.009522591688596338,1.74788180877294e-05,0.44018235095890546,CM
,235560,Contig_985077.fasta,0.0061613216797889985,6.095273879572256e-06,0.4187148448047575,CM
,235560,Contig_551035.fasta,0.0011165345932373676,0.0,0.30713084284169123,CM
,235560,Contig_545300.fasta,0.0,0.0,0.0,CM
,235560,Contig_542610.fasta,0.0024680645823978893,5.1136758840932e-07,0.3652723177746421,CM
,235560,Contig_1065239.fasta,0.017454502976425715,6.0645930378306365e-05,0.4632810287815015,CM
,235560,Contig_370582.fasta,0.012076641109133148,2.599688989332564e-05,0.4488382149345962,CM
,235560,Contig_57185.fasta,0.008111387881784745,1.0956741009542226e-05,0.43026559914419915,CM
,235560,Contig_131669.fasta,0.02003510223790513,7.75651391714729e-05,0.4665142961807742,CM
,235560,Contig_136379.fasta,0.018788964430851356,6.827154552902672e-05,0.46466121059515053,CM
,235560,Contig_986919.fasta,0.013736531037486512,3.425703981577899e-05,0.45143641010064306,CM
,235560,Contig_61778.fasta,0.022858166115510087,0.00010591838832745869,0.4712123253467438,CM
,235560,Contig_53377.fasta,0.003389997925764982,1.356422796477377e-06,0.3799543963210041,CM
,235560,Contig_61055.fasta,0.018750675357519384,6.730856252758556e-05,0.4632810287815015,CM
,235560,Contig_932015.fasta,0.015089188089296981,4.860330486205657e-05,0.46009227047130435,CM
,235560,Contig_304943.fasta,0.0036802069381953206,1.975306494052403e-06,0.3932049067809382,CM
,235560,Contig_303410.fasta,0.01716582150282898,5.982861287723757e-05,0.4616811436303074,CM
,235560,Contig_797051.fasta,0.011003577967141338,2.3169681636432622e-05,0.44648267086766846,CM
,235560,Contig_368429.fasta,0.019607008692049642,7.558055148446952e-05,0.4669798793106951,CM
,235560,Contig_369429.fasta,0.010333678873532632,2.0118642260766678e-05,0.4428905244385391,CM
,235560,Contig_498995.fasta,0.02188139274169626,9.733161976363285e-05,0.4700289694317595,CM
,235560,Contig_132970.fasta,0.009765262037314733,1.6477615050104923e-05,0.44038949559465085,CM
,235560,Contig_369790.fasta,0.013843551042464666,3.732221634201361e-05,0.4534048828191052,CM
,235560,Contig_498542.fasta,0.0038006334605156984,1.970842144173244e-06,0.39503067882593207,CM
,235560,Contig_369341.fasta,0.02106704294915289,8.378267167472921e-05,0.46932180448276484,CM
,235560,Contig_60785.fasta,0.006825424057114675,8.462112255839987e-06,0.42211442405892335,CM
,235560,Contig_24569917.fasta,0.008915845941596964,1.5486929942320327e-05,0.43365508718194307,CM
,235560,Contig_501535.fasta,0.008444728559833838,1.1776272883304974e-05,0.43185402775202264,CM
,235560,Contig_56399.fasta,0.015430297648271009,4.598898044491204e-05,0.45873905791109465,CM
,235560,Contig_498337.fasta,0.026927865858804686,0.00014812602369755444,0.4774631010911394,CM
,235560,Contig_137165.fasta,0.022188661956975036,9.876633529498374e-05,0.47097517772452596,CM
,235560,Contig_992875.fasta,0.011002559236855931,2.3427814148027747e-05,0.44648267086766846,CM
,235560,Contig_136120.fasta,0.0285600319274804,0.0001629299051978861,0.4781950322629704,CM
,235560,Contig_425638.fasta,0.0,0.0,0.0,CM
,235560,Contig_1267810.fasta,0.02502170142129177,0.00012268506354983573,0.473357449741342,CM
,235560,Contig_370427.fasta,0.002541160108178847,6.398652954688017e-07,0.3697462181503884,CM
,235560,Contig_131789.fasta,0.0212050807925025,9.123317226123872e-05,0.4700289694317595,CM
,235560,Contig_2471.fasta,0.019590022916364015,7.301725341804441e-05,0.4644306094980809,CM
,235560,Contig_1062006.fasta,0.015173748883335756,4.299524540920598e-05,0.4565013064090893,CM
,235560,Contig_1125243.fasta,0.024279592878280104,0.00011874437656521391,0.47383679905753573,CM
,235560,Contig_57065.fasta,0.008325108696619862,1.312892663994164e-05,0.433454227947491,CM
,235560,Contig_61698.fasta,0.01471904600391911,4.142427957177323e-05,0.45605637336190696,CM
,235560,Contig_302649.fasta,0.01877944843634226,6.54715646754232e-05,0.4639700932764666,CM
,235560,Contig_423091.fasta,0.015938033044005588,4.748114430691054e-05,0.4589640402837828,CM
,235560,Contig_54356.fasta,0.006608492264654485,8.048900488669538e-06,0.4187148448047575,CM
,235560,Contig_546759.fasta,0.0067670141038953776,7.14575315966688e-06,0.41852758414071245,CM
,235560,Contig_307829.fasta,0.020770079392487078,8.312801614494222e-05,0.46721301954000655,CM
,235560,Contig_56065.fasta,0.018405141134974653,6.819648150918088e-05,0.46489204080408997,CM
,235560,Contig_793801.fasta,0.01734191551291349,5.9363634526760705e-05,0.46145349020642656,CM
,235560,Contig_809830.fasta,0.008314282938716961,1.1949724343944205e-05,0.433454227947491,CM
,235560,Contig_57449.fasta,0.012726400759898603,2.9713118314410977e-05,0.45035018197239324,CM
,235560,Contig_55851.fasta,0.008002447126702786,1.1181178395442534e-05,0.4290819248686993,CM
,235560,Contig_54486.fasta,0.013212079263782197,3.412120068488307e-05,0.45143641010064306,CM
,235560,Contig_371875.fasta,0.01835032313830756,6.499138479714586e-05,0.46466121059515053,CM
,235560,Contig_308206.fasta,0.0,0.0,0.0,CM
,235560,Contig_56474.fasta,0.02103686361167017,9.059021916047317e-05,0.470501597857533,CM
,235560,Contig_54702.fasta,0.0011960642167851802,0.0,0.3153058214752807,CM
,235560,Contig_131749.fasta,0.013144110156051507,3.2687696166119144e-05,0.45252789078270456,CM
,235560,Contig_370036.fasta,0.02558256534228092,0.0001297850337900299,0.4750394305272249,CM
,235560,Contig_986386.fasta,0.01295938017499372,3.182642725924749e-05,0.4516542848159426,CM
,235560,Contig_62203.fasta,0.018539567817940767,6.783789792725777e-05,0.464200237171941,CM
,235560,Contig_499726.fasta,0.02333041165940329,0.0001072171420233427,0.4731181385938489,CM
,235560,Contig_704029.fasta,0.007201442384859759,1.0466405546698214e-05,0.4273185744925265,CM
,235560,Contig_1275222.fasta,0.015358061163864579,4.7722338712423284e-05,0.4591892434438828,CM
,235560,Contig_202090.fasta,0.009351525206652708,1.678310984062769e-05,0.4385321828203529,CM
,235560,Contig_134602.fasta,0.014273200687792602,3.8803301384379165e-05,0.45694710846612946,CM
,235560,Contig_708522.fasta,0.014665286301901444,4.038513428051412e-05,0.4542852806498219,CM
,235560,Contig_553715.fasta,0.0073110180249579635,1.0108346068736555e-05,0.4304635134032351,CM
,235560,Contig_56788.fasta,0.017841150615704543,6.208441421177337e-05,0.4644306094980809,CM
,235560,Contig_543246.fasta,0.0,0.0,0.0,CM
,235560,Contig_1064243.fasta,0.014792848514764511,4.2795354314607086e-05,0.45494782602753187,CM
,235560,Contig_1064692.fasta,0.0023163217800441873,5.75511604718598e-07,0.35488345776967506,CM
,235560,Contig_58108.fasta,0.002459170081201308,6.927331398935955e-07,0.36371071828162965,CM
,235560,Contig_133815.fasta,0.0036624115524167703,1.8871191270483306e-06,0.3922161266297708,CM
,235560,Contig_62147.fasta,0.022407273352576945,9.99897556661136e-05,0.47168733777148847,CM
,235560,Contig_501081.fasta,0.009803084790527048,1.924290122136619e-05,0.4441517219452459,CM
,235560,Contig_61231.fasta,0.01898006672411855,6.983820714584267e-05,0.46512310046651745,CM
,235560,Contig_24568074.fasta,0.014221457044305516,3.6655616309907243e-05,0.45494782602753187,CM
,235560,Contig_546764.fasta,0.015035601088452097,4.266172602357564e-05,0.45605637336190696,CM
,235560,Contig_137630.fasta,0.022280840786726847,9.584450235561353e-05,0.4700289694317595,CM
,235560,Contig_498427.fasta,0.008328455112187744,1.3841041354795526e-05,0.43567396561388877,CM
,235560,Contig_24578527.fasta,0.019965257078978983,7.625955736454757e-05,0.4660496405072874,CM
,235560,Contig_132013.fasta,0.023428821796284693,0.00011046761893752968,0.47287906929693435,CM
,235560,Contig_62777.fasta,0.02449245590209462,0.00011766159999423214,0.47407683796283334,CM
,235560,Contig_550583.fasta,0.023126333490297538,0.00010300806110236492,0.47097517772452596,CM
,235560,Contig_53808.fasta,0.00858962478800275,1.4098964697392575e-05,0.4362832998315306,CM
,235560,Contig_802698.fasta,0.02198375191403822,9.78594455973091e-05,0.47097517772452596,CM
,235560,Contig_369414.fasta,0.022268302401306877,0.00010303554616063449,0.471925203297344,CM
,235560,Contig_621060.fasta,0.020999412039039662,8.965739694580661e-05,0.46908655545796146,CM
,235560,Contig_992910.fasta,0.009089902982809674,1.591432381709175e-05,0.4362832998315306,CM
,235560,Contig_4802.fasta,0.021436232139414292,9.620750415895883e-05,0.47168733777148847,CM
,235560,Contig_53766.fasta,0.013341852993550667,3.527315835396463e-05,0.45384465477140307,CM
,235560,Contig_201.fasta,0.007216788475158148,8.892228882275018e-06,0.4255696580894193,CM
,235560,Contig_425070.fasta,0.017240410856009712,6.219006889424408e-05,0.46259400797757444,CM
,235560,Contig_425833.fasta,0.009028460142109795,1.5102382836735416e-05,0.43285276509650006,CM
,235560,Contig_797704.fasta,0.012442094960236797,3.12973027937746e-05,0.45384465477140307,CM
,235560,Contig_627634.fasta,0.025548428923409788,0.00013295599126538892,0.47576394414775447,CM
,235560,Contig_991161.fasta,0.02363973239360753,0.00011006221501994409,0.4726402414841581,CM
,235560,Contig_545925.fasta,0.0012484817036611882,0.0,0.31939511199270754,CM
,235560,Contig_131611.fasta,0.004820693373078509,3.7855396275297847e-06,0.4045947592471392,CM
,235560,Contig_552125.fasta,0.016200409562692964,5.010002976574748e-05,0.4591892434438828,CM
,235560,Contig_138251.fasta,0.006112532206907165,7.059640650750402e-06,0.42268639482323084,CM
,235560,Contig_55132.fasta,0.013149927294463095,3.0552850063365586e-05,0.45013356331824583,CM
,235560,Contig_139680.fasta,0.019229415263879262,6.787340895160947e-05,0.46282278839695007,CM
,235560,Contig_55177.fasta,0.004549146211401883,3.7099102717371257e-06,0.3992438899908844,CM
,235560,Contig_1067090.fasta,0.019068757108138813,7.198015199681074e-05,0.4669798793106951,CM
,235560,Contig_501431.fasta,0.013624588533106734,3.5345014328442175e-05,0.453185316289895,CM
,235560,Contig_499446.fasta,0.01979992223151751,8.133787828806136e-05,0.46861676421564,CM
,235560,Contig_136280.fasta,0.01599226126589356,4.76553532258996e-05,0.4571703361693371,CM
,235560,Contig_425598.fasta,0.0,0.0,0.0,CM
,235560,Contig_56039.fasta,0.010579707519133877,1.9378790784529496e-05,0.4439410237849303,CM
,235560,Contig_59601.fasta,0.012933110656506807,2.927193182885146e-05,0.4481933324418741,CM
,235560,Contig_502702.fasta,0.017735723924118943,6.37013454414077e-05,0.46351048941982814,CM
,235560,Contig_544473.fasta,0.022027979313266267,9.314621001636489e-05,0.46932180448276484,CM
,235560,Contig_551703.fasta,0.02453944590902006,0.00012024068872341412,0.47407683796283334,CM
,235560,Contig_988522.fasta,0.014279881419722475,4.026745937040234e-05,0.4567240986523344,CM
,235560,Contig_371356.fasta,0.015322582462323356,4.3847220901350545e-05,0.4562787314181536,CM
,235560,Contig_626449.fasta,0.019551445122321678,7.234590023380253e-05,0.46535438992473055,CM
,235560,Contig_548610.fasta,0.017773735129724785,6.109921273219273e-05,0.4639700932764666,CM
,235560,Contig_425664.fasta,0.008292896305473255,1.1748422744845059e-05,0.4320534063428592,CM
,235560,Contig_24566569.fasta,0.0,0.0,0.0,CM
,235560,Contig_548279.fasta,0.001266031221436751,0.0,0.3222547101028351,CM
,235560,Contig_58194.fasta,0.02089317787137932,8.49869936791721e-05,0.4681479130258295,CM
,235560,Contig_368907.fasta,0.017349377811348776,5.5879777566688376e-05,0.4616811436303074,CM
,235560,Contig_131846.fasta,0.0011266916610258614,0.0,0.3080407103813802,CM
,235560,Contig_991730.fasta,0.025495320950557898,0.0001271809049951188,0.47407683796283334,CM
,235560,Contig_368942.fasta,0.001153461368076641,0.0,0.3104935892961623,CM
,235560,Contig_501775.fasta,0.015410369489476735,4.5874269646704774e-05,0.4578413298134213,CM
,235560,Contig_368101.fasta,0.02293931084018986,0.00010623170638664966,0.47168733777148847,CM
,235560,Contig_24.fasta,0.002542136686346178,7.301431378108266e-07,0.3712128830379346,CM
,235560,Contig_1066255.fasta,0.026174337591676894,0.00013448606001201737,0.4745576461149255,CM
,235560,Contig_929331.fasta,0.01871865380014385,6.97200585047575e-05,0.4662818525852681,CM
,235560,Contig_987858.fasta,0.02234567587729298,9.268367976080204e-05,0.46955728958285653,CM
,235560,Contig_55763.fasta,0.015217892502161596,4.569297994724789e-05,0.45806543227539553,CM
,235560,Contig_420346.fasta,0.009148936166970434,1.4782491375436436e-05,0.43466218213591873,CM
,235560,Contig_370486.fasta,0.016912033087776973,5.376251921258885e-05,0.46145349020642656,CM
,235560,Contig_420797.fasta,0.005767690020982569,4.738533267878056e-06,0.4128044455838699,CM
,235560,Contig_2842.fasta,0.0033502215809363485,1.4086391019436415e-06,0.37553277613909836,CM
,235560,Contig_54955.fasta,0.022093993925227595,9.39606358591312e-05,0.470501597857533,CM
,235560,Contig_53894.fasta,0.01854024391682113,6.542133402618587e-05,0.46489204080408997,CM
,235560,Contig_54153.fasta,0.019517437010792296,7.218180663538732e-05,0.46558590952170803,CM
,235560,Contig_1061936.fasta,0.011684850899386945,2.5540479232867012e-05,0.44797878321619583,CM
,235560,Contig_55116.fasta,0.024952690186072952,0.0001238061779268914,0.47479841610280726,CM
,235560,Contig_922.fasta,0.0,0.0,0.0,CM
,235560,Contig_552669.fasta,0.006023049622470398,6.385129696664601e-06,0.42003037618430566,CM
,235560,Contig_1270681.fasta,0.016605444161908726,5.65414799227028e-05,0.46282278839695007,CM
,235560,Contig_986945.fasta,0.01983506530311353,7.901041034332254e-05,0.4681479130258295,CM
,235560,Contig_137360.fasta,0.023323343243317703,0.00010718990600575526,0.47168733777148847,CM
,235560,Contig_985270.fasta,0.011505121109084264,2.510698968690214e-05,0.44669578908765306,CM
,235560,Contig_59388.fasta,0.01309898257653862,3.20761281369281e-05,0.4534048828191052,CM
,235560,Contig_138131.fasta,0.021492106701307228,8.468122131241057e-05,0.46721301954000655,CM
,235560,Contig_4065.fasta,0.02312398072276958,0.00010398479020582974,0.4712123253467438,CM
,235560,Contig_53742.fasta,0.0012965986695083753,0.0,0.32641356056457377,CM
,235560,Contig_371523.fasta,0.015869267581587073,5.0028292251360634e-05,0.4623654536258069,CM
,235560,Contig_24574115.fasta,0.020523136092965643,8.203560239986221e-05,0.4665142961807742,CM
,235560,Contig_422544.fasta,0.00814280687749437,9.88611319502985e-06,0.43026559914419915,CM
,235560,Contig_499233.fasta,0.02015571343780176,8.08844114321607e-05,0.4665142961807742,CM
,235560,Contig_542382.fasta,0.0,0.0,0.0,CM
,235560,Contig_542716.fasta,0.014675350426365868,4.1985519494366035e-05,0.4591892434438828,CM
,235560,Contig_131534.fasta,0.004123903213735673,2.76963482281496e-06,0.38574924902664187,CM
,235560,Contig_1066498.fasta,0.02429301406551308,0.00011633396055034773,0.4724016547898198,CM
,235560,Contig_137822.fasta,0.004902668094001098,4.381725910806641e-06,0.4111720905705769,CM
,235560,Contig_59872.fasta,0.022896987799206486,0.00010080020454748658,0.47026516489378545,CM
,235560,Contig_498523.fasta,0.007057469838150617,8.905374051676066e-06,0.42576327485834076,CM
,235560,Contig_57119.fasta,0.02307712056578426,0.0001019424046745144,0.47026516489378545,CM
,235560,Contig_1067031.fasta,0.008235995640635258,1.3243501363968876e-05,0.43365508718194307,CM
,235560,Contig_372145.fasta,0.007142734732325993,8.458188189125657e-06,0.42345143807177965,CM
,235560,Contig_1062612.fasta,0.008749044193637262,1.3002634030570306e-05,0.4273185744925265,CM
,235560,Contig_422254.fasta,0.02777135534108059,0.00015686289761584853,0.4779508059952161,CM
,235560,Contig_1123102.fasta,0.016439905407197863,5.539436989935308e-05,0.4621371250067324,CM
,235560,Contig_59049.fasta,0.019907340868907393,7.717479335086493e-05,0.46721301954000655,CM
,235560,Contig_209172.fasta,0.025196460480347186,0.00012518689838613887,0.47383679905753573,CM
,235560,Contig_56634.fasta,0.0037599263864592824,1.9207339891883594e-06,0.3918876374114879,CM
,235560,Contig_3298.fasta,0.0,0.0,0.0,CM
,235560,Contig_369021.fasta,0.01912056615221954,7.110063051740998e-05,0.46581765960111154,CM
,235560,Contig_304922.fasta,0.017681760102826995,5.804045834070822e-05,0.4619090217860973,CM
,235560,Contig_930796.fasta,0.01733506563459295,6.332690565838421e-05,0.4623654536258069,CM
,235560,Contig_368021.fasta,0.016306512250675965,4.992824158102494e-05,0.46054511719420915,CM
,235560,Contig_545617.fasta,0.0,0.0,0.0,CM
,235560,Contig_131608.fasta,0.003700749167012023,2.0724144439492955e-06,0.39303976402294544,CM
,235560,Contig_370934.fasta,0.024716157385801334,0.00011829432314808735,0.4743171201919073,CM
,235560,Contig_369398.fasta,0.023094008391323514,0.00010356807061418325,0.4712123253467438,CM
,235560,Contig_1064046.fasta,0.016362811188865515,5.2453502848607284e-05,0.45986618090350523,CM
,235560,Contig_991399.fasta,0.02467380923958185,0.00012102742078601627,0.4745576461149255,CM
,235560,Contig_55830.fasta,0.023370079609495442,0.00011284513234205465,0.4735970031065957,CM
,235560,Contig_57305.fasta,0.00369601062078904,1.4802674525966504e-06,0.38670565212340213,CM
,235560,Contig_1063323.fasta,0.025766567039152734,0.0001304338170154161,0.47528068976060595,CM
,235560,Contig_554259.fasta,0.0,0.0,0.0,CM
,235560,Contig_1066500.fasta,0.013798003816221597,3.7317942026980336e-05,0.45406486081447506,CM
,235560,Contig_59255.fasta,0.002560338629092365,5.801504480825245e-07,0.3677122507420955,CM
,235560,Contig_371829.fasta,0.0233380127506285,0.00010751244920975461,0.471925203297344,CM
,235560,Contig_500065.fasta,0.008047704699014066,1.0050195583000103e-05,0.4281004932015705,CM
,235560,Contig_368285.fasta,0.0068686570617182,8.182565600810378e-06,0.42211442405892335,CM
,235560,Contig_542537.fasta,0.003750753330409851,1.8200862206142208e-06,0.39155969796595524,CM
,235560,Contig_986865.fasta,0.017742456730280534,5.9989393558451166e-05,0.46259400797757444,CM
,235560,Contig_60641.fasta,0.01842920026321736,6.518622135744714e-05,0.4639700932764666,CM
,235560,Contig_425558.fasta,0.00713271495566835,9.12545705153485e-06,0.4265395069000151,CM
,235560,Contig_1262982.fasta,0.008612605673904457,1.2757558663306866e-05,0.43365508718194307,CM
,235560,Contig_305.fasta,0.002536855438007115,7.119064180461315e-07,0.3697462181503884,CM
,235560,Contig_420386.fasta,0.02365688674137052,0.00011613286441385556,0.47479841610280726,CM
,235560,Contig_553448.fasta,0.0011161135651847202,0.0,0.30773682280126047,CM
,235560,Contig_138817.fasta,0.006973842556803084,9.351865517987739e-06,0.4242192557292081,CM
,235560,Contig_371446.fasta,0.00781436207026815,1.2289272376932178e-05,0.4277091764801797,CM
,235560,Contig_994196.fasta,0.019781478491641608,7.98555520411809e-05,0.46767999906978164,CM
,235560,Contig_501364.fasta,0.025384128350049526,0.00012898438306665452,0.4745576461149255,CM
,235560,Contig_546659.fasta,0.016194454964698027,4.455007593987578e-05,0.45605637336190696,CM
,235560,Contig_990528.fasta,0.025552059471312418,0.00012909385960520334,0.47479841610280726,CM
,235560,Contig_371562.fasta,0.025683630420217145,0.00013798095116183303,0.47649067115001686,CM
,235560,Contig_423997.fasta,0.027446929121648835,0.00015113670990731122,0.4769763904885999,CM
,235560,Contig_57926.fasta,0.004679061843428778,3.6785146387682135e-06,0.4044199127651828,CM
,235560,Contig_309752.fasta,0.004767519481878656,3.7135146332856036e-06,0.40512020698642126,CM
,235560,Contig_57120.fasta,0.014240064969043915,3.893719022129103e-05,0.4542852806498219,CM
,235560,Contig_200999.fasta,0.010411470231125068,2.053406884128614e-05,0.4428905244385391,CM
,235560,Contig_499237.fasta,0.007162276609333237,1.0002414488953053e-05,0.4253762173357423,CM
,235560,Contig_542386.fasta,0.002591164271576675,5.537741387465973e-07,0.3716551541456049,CM
,235560,Contig_131530.fasta,0.01147930224036809,2.4299008592576993e-05,0.44542012286465166,CM
,235560,Contig_501205.fasta,0.027524891002670086,0.00014779657034978854,0.47624818225884635,CM
,235560,Contig_2219.fasta,0.0,0.0,0.0,CM
,235560,Contig_139618.fasta,0.02741889903034737,0.00014694820465959758,0.47649067115001686,CM
,235560,Contig_549709.fasta,0.005771711860518675,4.969328089181577e-06,0.4137169222540376,CM
,235560,Contig_502136.fasta,0.02539018279451558,0.00012417995698072245,0.473357449741342,CM
,235560,Contig_132297.fasta,0.015438162668699807,4.3715753149955864e-05,0.4573937820814434,CM
,235560,Contig_305531.fasta,0.028979029020275375,0.00016804543442955211,0.4789292109204878,CM
,235560,Contig_61421.fasta,0.026795918748380863,0.00014606896131605943,0.4772196216923167,CM
,235560,Contig_500205.fasta,0.0062899970416875305,6.671401270527411e-06,0.42268639482323084,CM
,235560,Contig_59070.fasta,0.026724279705871545,0.0001405598873410734,0.47576394414775447,CM
,235560,Contig_929505.fasta,0.017967507293238864,6.356159555306977e-05,0.4644306094980809,CM
,235560,Contig_24570476.fasta,0.018336897284213515,6.936865431775105e-05,0.46535438992473055,CM
,235560,Contig_53402.fasta,0.017596163132209318,5.63965686150203e-05,0.46009227047130435,CM
,235560,Contig_53447.fasta,0.020251466445283896,8.271688525398977e-05,0.46861676421564,CM
,235560,Contig_137449.fasta,0.008535394051451315,1.3845174074307481e-05,0.43730265333580987,CM
,235560,Contig_133990.fasta,0.0,0.0,0.0,CM
,235560,Contig_134851.fasta,0.02360509296606232,0.00010449994962843309,0.4714497119086313,CM
,235560,Contig_425439.fasta,0.018307357911252164,6.633286124146561e-05,0.4623654536258069,CM
,235560,Contig_131631.fasta,0.004744723231507067,3.1831067247875262e-06,0.40547126435815994,CM
,235560,Contig_1261393.fasta,0.01306165110949772,3.275654447399113e-05,0.45362466220971065,CM
,235560,Contig_369735.fasta,0.011369463986361825,2.384526427884446e-05,0.44457371883070457,CM
,235560,Contig_56198.fasta,0.024706122186631572,0.00011821355748256258,0.473357449741342,CM
,235560,Contig_307546.fasta,0.0046026986292932535,3.6222570408668205e-06,0.4011263086749392,CM
,235560,Contig_303510.fasta,0.0011161135651847202,0.0,0.30773682280126047,CM
,235560,Contig_372408.fasta,0.00381070007036183,2.1490196960278445e-06,0.3948639992146131,CM
,235560,Contig_131842.fasta,0.005951737637568705,5.8802597319989745e-06,0.41389990187467185,CM
,235560,Contig_368140.fasta,0.016653788026286843,5.5013889875468306e-05,0.4630517952195117,CM
,235560,Contig_986732.fasta,0.016761372085284148,5.5724298170567335e-05,0.4630517952195117,CM
,235560,Contig_302982.fasta,0.00711454829201118,9.98668088087598e-06,0.4271235409122013,CM
,235560,Contig_988949.fasta,0.015166510793149464,3.981991408963692e-05,0.45362466220971065,CM
,235560,Contig_61678.fasta,0.026655241775895865,0.00014316526378790304,0.47649067115001686,CM
,235560,Contig_498868.fasta,0.015438783726970955,4.6469730493299915e-05,0.4589640402837828,CM
,235560,Contig_1065964.fasta,0.0,0.0,0.0,CM
,235560,Contig_57454.fasta,0.024338503480239537,0.00011700148356021684,0.4735970031065957,CM
,235560,Contig_370810.fasta,0.016570593515523275,5.140957258822715e-05,0.4616811436303074,CM
,235560,Contig_372325.fasta,0.02755987174303913,0.0001500935154479951,0.47649067115001686,CM
,235560,Contig_542961.fasta,0.003646124254370197,2.0014428829273883e-06,0.3900907370315269,CM
,235560,Contig_58291.fasta,0.011945533269416195,2.7207782764662847e-05,0.45035018197239324,CM
,235560,Contig_555161.fasta,0.01731264762590299,5.776667070744497e-05,0.4623654536258069,CM
,235560,Contig_711078.fasta,0.02300793779538593,0.00010468618831579965,0.47097517772452596,CM
,235560,Contig_502392.fasta,0.014319005340832228,3.9608761047618274e-05,0.4567240986523344,CM
,235560,Contig_553434.fasta,0.014280201119425837,3.6542979879369814e-05,0.4565013064090893,CM
,235560,Contig_135566.fasta,0.019987585808314626,7.888815178403855e-05,0.4674463926766399,CM
,235560,Contig_201082.fasta,0.01665813074520705,4.9842323298818206e-05,0.46145349020642656,CM
,235560,Contig_544432.fasta,0.01393336636832571,3.749155076217822e-05,0.4558342319233478,CM
,235560,Contig_132870.fasta,0.010383827683139127,1.9330507067521963e-05,0.4422626078159892,CM
,235560,Contig_553471.fasta,0.02047202881919676,8.117505159419981e-05,0.46721301954000655,CM
,235560,Contig_1037.fasta,0.0,0.0,0.0,CM
,235560,Contig_702135.fasta,0.015217654739866996,4.233959666555235e-05,0.4562787314181536,CM
,235560,Contig_61579.fasta,0.0132482849900491,3.330272369944421e-05,0.453185316289895,CM
,235560,Contig_56384.fasta,0.022797090104675722,9.974400184705707e-05,0.470501597857533,CM
,235560,Contig_371783.fasta,0.009511058280805007,1.6673586569645223e-05,0.4389435638548935,CM
,235560,Contig_303179.fasta,0.004628664073525374,2.5243193439993787e-06,0.4004397424641134,CM
,235560,Contig_370352.fasta,0.016427860290739563,4.934901933945621e-05,0.4585142960012901,CM
,235560,Contig_422425.fasta,0.012879590952564822,2.884371078754152e-05,0.4497009505711836,CM
,235560,Contig_1063026.fasta,0.015081153590881531,4.466042210569227e-05,0.4567240986523344,CM
,235560,Contig_371407.fasta,0.02906807243436502,0.00016929397458675854,0.4789292109204878,CM
,235560,Contig_4902.fasta,0.022236736382218937,9.802668779422244e-05,0.47097517772452596,CM
,235560,Contig_4141.fasta,0.019884878323551722,7.980822685722523e-05,0.4674463926766399,CM
,235560,Contig_53623.fasta,0.017658684635537523,5.917676744878441e-05,0.4619090217860973,CM
,235560,Contig_992810.fasta,0.011849650213537793,2.7878471113024266e-05,0.4516542848159426,CM
,235560,Contig_544367.fasta,0.0012341715686253697,0.0,0.31830873406075955,CM
,235560,Contig_58581.fasta,0.018595295112541217,6.813406295881374e-05,0.46558590952170803,CM
,235560,Contig_58115.fasta,0.022145083578408643,9.563591222474469e-05,0.46979301111377164,CM
,235560,Contig_550017.fasta,0.0045133595501026065,3.057112556308617e-06,0.3967052471973858,CM
,235560,Contig_368514.fasta,0.007239317672312476,9.374123629128057e-06,0.4269286852822231,CM
,235560,Contig_370392.fasta,0.022062815039701856,0.00010008807470126271,0.47097517772452596,CM
,235560,Contig_208096.fasta,0.004720285498613372,3.799167257373645e-06,0.40250652823167016,CM
,235560,Contig_4205.fasta,0.0021489736859388172,3.983633784672346e-07,0.34557890625503435,CM
,235560,Contig_1064672.fasta,0.018374852250522274,6.414285840537789e-05,0.46282278839695007,CM
,235560,Contig_59251.fasta,0.009225512839330915,1.3295624227935713e-05,0.4348641627038258,CM
,235560,Contig_3038.fasta,0.012607395179489153,2.6205934622331636e-05,0.44862304800509734,CM
,235560,Contig_135971.fasta,0.02227447382476419,9.758847580811405e-05,0.470501597857533,CM
,235560,Contig_502317.fasta,0.010899936263369731,2.444559384372757e-05,0.4488382149345962,CM
,235560,Contig_61645.fasta,0.01153120843039115,2.193710929057313e-05,0.44478501812672677,CM
,235560,Contig_62576.fasta,0.02092487620469833,8.530898281938572e-05,0.46767999906978164,CM
,235560,Contig_542533.fasta,0.003660446382692232,2.3146404118165165e-06,0.3938668679034651,CM
,235560,Contig_131711.fasta,0.009740234395175342,1.829629458279688e-05,0.44163646915461685,CM
,235560,Contig_422009.fasta,0.008034778136704973,1.245283382610837e-05,0.4308598886457795,CM
,235560,Contig_62533.fasta,0.019995969606536716,8.153441321315558e-05,0.46932180448276484,CM
,235560,Contig_993317.fasta,0.027955410544537262,0.00015474711550102517,0.4779508059952161,CM
,235560,Contig_985521.fasta,0.0025827192049261345,7.448955111586985e-07,0.3732858708171652,CM
,235560,Contig_543303.fasta,0.01294508774382231,2.873152546732955e-05,0.4516542848159426,CM
,235560,Contig_929538.fasta,0.01204580441467171,2.6228383414673532e-05,0.44905358835826925,CM
,235560,Contig_542346.fasta,0.0,0.0,0.0,CM
,235560,Contig_58424.fasta,0.005885786256169052,5.93736660170239e-06,0.41610834955030374,CM
,235560,Contig_797832.fasta,0.019977730570735607,8.017196921114425e-05,0.46838222129060714,CM
,235560,Contig_368823.fasta,0.024622206230126835,0.00011764498413293073,0.4735970031065957,CM
,235560,Contig_548470.fasta,0.004663362138926309,3.2540367382628163e-06,0.403547942276254,CM
,235560,Contig_57574.fasta,0.02813553953799947,0.000159000926362691,0.478439508250835,CM
,235560,Contig_988707.fasta,0.02436687133653278,0.00011507903818897137,0.47287906929693435,CM
,235560,Contig_421262.fasta,0.020764725938752133,8.522260551451016e-05,0.46791383906931655,CM
,235560,Contig_985249.fasta,0.013137452412396444,3.234598120575669e-05,0.4518723699365684,CM
,235560,Contig_371975.fasta,0.01508910408800733,4.2248012245950327e-05,0.45539059763437134,CM
,235560,Contig_56531.fasta,0.022289020408043297,9.7932554932523e-05,0.47073826868140495,CM
,235560,Contig_1063517.fasta,0.015678876782413597,4.4645921446817526e-05,0.4571703361693371,CM
,235560,Contig_990987.fasta,0.021088454125251295,8.483342548799119e-05,0.4681479130258295,CM
,235560,Contig_993626.fasta,0.014987714610747856,4.353869591543691e-05,0.4573937820814434,CM
,235560,Contig_542496.fasta,0.004363937639393192,2.5852431273123833e-06,0.3948639992146131,CM
,235560,Contig_372104.fasta,0.025203647379854324,0.00012407795625688607,0.4731181385938489,CM
,235560,Contig_131548.fasta,0.012716964145738219,3.3184506846522813e-05,0.45252789078270456,CM
,235560,Contig_308042.fasta,0.011999553724074562,2.7201505464187087e-05,0.44776443930078136,CM
,235560,Contig_421163.fasta,0.005037150739904459,3.6573501034199368e-06,0.409552594371393,CM
,235560,Contig_54197.fasta,0.015628765920554368,4.337298642216458e-05,0.45806543227539553,CM
,235560,Contig_990000.fasta,0.022126371467375443,0.00010175309096215574,0.4724016547898198,CM
,235560,Contig_369631.fasta,0.01974988436918658,7.846358456626196e-05,0.466746971640216,CM
,235560,Contig_543552.fasta,0.017815908955582563,6.148919293765109e-05,0.4632810287815015,CM
,235560,Contig_542517.fasta,0.0185461196240169,6.511644498437968e-05,0.46351048941982814,CM
,235560,Contig_131735.fasta,0.01194775329078181,2.559680950600872e-05,0.4488382149345962,CM
,235560,Contig_5549.fasta,0.00999083606805217,1.8070105487059136e-05,0.4381215721622814,CM
,235560,Contig_501494.fasta,0.014123666331420598,3.906209549776969e-05,0.45539059763437134,CM
,235560,Contig_1062303.fasta,0.021046972802148966,8.864226247182141e-05,0.4688515421536238,CM
,235560,Contig_368159.fasta,0.007915192053789847,1.0757003394428783e-05,0.4273185744925265,CM
,235560,Contig_1199449.fasta,0.012987852093068625,3.082285179230124e-05,0.4510012906692208,CM
,235560,Contig_704055.fasta,0.015550822474736537,4.481200239046593e-05,0.45873905791109465,CM
,235560,Contig_55016.fasta,0.008690844503516539,1.2719286938951703e-05,0.43506633107328363,CM
,235560,Contig_54053.fasta,0.006795463745700373,8.389911767374246e-06,0.4209751138725295,CM
,235560,Contig_546419.fasta,0.010502548581771801,1.952890385826544e-05,0.4422626078159892,CM
,235560,Contig_59189.fasta,0.024445012955297288,0.0001216999422461844,0.4743171201919073,CM
,235560,Contig_59558.fasta,0.007324161388330513,1.0017272502499226e-05,0.42888527870698123,CM
,235560,Contig_546876.fasta,0.0038396459752378636,1.6960538917299021e-06,0.3968734852157053,CM
,235560,Contig_548299.fasta,0.019770667914154553,7.450211029307094e-05,0.46558590952170803,CM
,235560,Contig_60525.fasta,0.010396541506386095,2.0914715914726566e-05,0.4418449849568617,CM
,235560,Contig_550033.fasta,0.0011896301190183257,0.0,0.31403613360356813,CM
,235560,Contig_208849.fasta,0.01991746008825663,7.694885319435113e-05,0.4674463926766399,CM
,235560,Contig_57061.fasta,0.020827273224388005,8.291462844669267e-05,0.4674463926766399,CM
,235560,Contig_1062496.fasta,0.017168530264034983,5.8780628386045926e-05,0.46077187500671246,CM
,235560,Contig_303608.fasta,0.014143985061172325,3.5736494492191875e-05,0.453185316289895,CM
,235560,Contig_420777.fasta,0.02000942218805996,7.887734489358666e-05,0.4681479130258295,CM
,235560,Contig_1063002.fasta,0.019462509908020464,7.591957367067981e-05,0.4669798793106951,CM
,235560,Contig_54352.fasta,0.0021564233289392705,5.863693676503508e-07,0.34685977692314046,CM
,235560,Contig_1063047.fasta,0.004810115408777583,3.55223317773369e-06,0.40512020698642126,CM
,235560,Contig_53607.fasta,0.022233756100211763,9.520390342253471e-05,0.46932180448276484,CM
,235560,Contig_372120.fasta,0.022234449812238575,0.00010101638884550942,0.47168733777148847,CM
,235560,Contig_549384.fasta,0.022076945546143718,9.626053211959787e-05,0.47026516489378545,CM
,235560,Contig_1061993.fasta,0.019698373069222296,7.471864772030927e-05,0.4662818525852681,CM
,235560,Contig_553689.fasta,0.006704001462136263,7.398418456539821e-06,0.4177802134547469,CM
,235560,Contig_990531.fasta,0.02455995893182395,0.00011543911712160953,0.4724016547898198,CM
,235560,Contig_554020.fasta,0.014060856817441887,3.501582160036703e-05,0.4534048828191052,CM
,235560,Contig_502647.fasta,0.012151305456192701,2.4444576460401324e-05,0.4449965183731018,CM
,235560,Contig_135462.fasta,0.009668193812591559,1.8664783341574897e-05,0.4422626078159892,CM
,235560,Contig_1063919.fasta,0.013824926294394716,3.468243890437402e-05,0.45362466220971065,CM
,235560,Contig_372299.fasta,0.01203527561051894,2.5829579568909042e-05,0.4505670092145561,CM
,235560,Contig_622402.fasta,0.02166587050272628,9.004246334550463e-05,0.46791383906931655,CM
,235560,Contig_1065023.fasta,0.020839108338096164,8.310647278887073e-05,0.4669798793106951,CM
,235560,Contig_552588.fasta,0.007903688842410949,1.0975705269975248e-05,0.4281004932015705,CM
,235560,Contig_367957.fasta,0.014383905760132765,3.8799912603561384e-05,0.4582897542304766,CM
,235560,Contig_308367.fasta,0.023540025675884705,0.0001167377560565351,0.47383679905753573,CM
,235560,Contig_59368.fasta,0.025707569047383576,0.00013136319976438506,0.47528068976060595,CM
,235560,Contig_705620.fasta,0.019515104573963854,7.039261596929746e-05,0.46466121059515053,CM
,235560,Contig_305590.fasta,0.02158465834229366,9.19240710130005e-05,0.46767999906978164,CM
,235560,Contig_554364.fasta,0.013204449681457613,3.020256381502992e-05,0.4512187454863226,CM
,235560,Contig_502546.fasta,0.014127794195622415,3.6427114038898417e-05,0.45384465477140307,CM
,235560,Contig_985191.fasta,0.016797893621190076,5.4724838641225577e-05,0.46122606118217496,CM
,235560,Contig_425799.fasta,0.025572497253413123,0.00013298605335748534,0.4755221941761347,CM
,235560,Contig_368001.fasta,0.01762960850346161,5.832232269702683e-05,0.4619090217860973,CM
,235560,Contig_501675.fasta,0.021045811179086212,8.847739051952042e-05,0.46979301111377164,CM
,235560,Contig_62362.fasta,0.01362820298967069,3.466083378740446e-05,0.45252789078270456,CM
,235560,Contig_60857.fasta,0.013545687308577636,3.4090853484875866e-05,0.4497009505711836,CM
,235560,Contig_202275.fasta,0.0134508401438549,3.530805559644943e-05,0.45605637336190696,CM
,235560,Contig_131650.fasta,0.022345722493169212,9.326154373850435e-05,0.46908655545796146,CM
,235560,Contig_542472.fasta,0.005963485714552448,6.484390752152583e-06,0.41740752816174537,CM
,235560,Contig_547680.fasta,0.009486319993628397,1.333990494697295e-05,0.43648679017660125,CM
,235560,Contig_499586.fasta,0.005550791223157946,5.110491777948769e-06,0.4100910070721442,CM
,235560,Contig_136305.fasta,0.022012111787805946,9.86571186639113e-05,0.4712123253467438,CM
,235560,Contig_369711.fasta,0.014033556342152632,3.556458462487243e-05,0.45539059763437134,CM
,235560,Contig_61741.fasta,0.022563161770225267,9.961610088927289e-05,0.4714497119086313,CM
,235560,Contig_498586.fasta,0.022856911663686055,0.00010196429332922087,0.47026516489378545,CM
,235560,Contig_138210.fasta,0.0025475942059457017,7.606012661671832e-07,0.3715076133936614,CM
,235560,Contig_1522.fasta,0.004637232334483822,3.1566405441976243e-06,0.39856374707778236,CM
,235560,Contig_54173.fasta,0.002220790772525505,4.151643267809901e-07,0.35075999930233626,CM
,235560,Contig_58478.fasta,0.011718177042357968,2.7941628658654175e-05,0.4499171529512659,CM
,235560,Contig_2611.fasta,0.020783218831919525,8.519308478912659e-05,0.46838222129060714,CM
,235560,Contig_547115.fasta,0.024617147689414132,0.00011841800840438547,0.47383679905753573,CM
,235560,Contig_368410.fasta,0.019934613199131583,7.577307446514748e-05,0.4660496405072874,CM
,235560,Contig_547150.fasta,0.010373460275786337,1.6962314962569383e-05,0.4375070959039893,CM
,235560,Contig_550156.fasta,0.01851892556390144,6.980925931995378e-05,0.46512310046651745,CM
,235560,Contig_60405.fasta,0.02009576248271493,8.03486848715421e-05,0.46767999906978164,CM
,235560,Contig_59852.fasta,0.02878487025561506,0.0001646063950161074,0.4779508059952161,CM
,235560,Contig_985114.fasta,0.01491448901521412,4.5139623053473536e-05,0.4573937820814434,CM
,235560,Contig_502586.fasta,0.018500278354501135,6.531243449980571e-05,0.46351048941982814,CM
,235560,Contig_201696.fasta,0.007132920027350333,8.824930134473287e-06,0.4281004932015705,CM
,235560,Contig_56590.fasta,0.012097248757552758,2.791159881671798e-05,0.4507840453461624,CM
,235560,Contig_369378.fasta,0.022318193033702253,9.570842975748199e-05,0.470501597857533,CM
,235560,Contig_424031.fasta,0.02532300632720771,0.00012816575461565546,0.4743171201919073,CM
,235560,Contig_549045.fasta,0.0,0.0,0.0,CM
,235560,Contig_138952.fasta,0.018635588158050113,6.552473010490982e-05,0.4639700932764666,CM
,235560,Contig_500549.fasta,0.01650089601478255,5.3605523910046815e-05,0.4609988562259276,CM
,235560,Contig_54272.fasta,0.020086827616859128,8.198870821731308e-05,0.46767999906978164,CM
,235560,Contig_53762.fasta,0.02055211130230167,8.131468597695997e-05,0.466746971640216,CM
,235560,Contig_57141.fasta,0.0037807943905950013,1.7293766185538524e-06,0.3941986849783627,CM
,235560,Contig_420657.fasta,0.0,0.0,0.0,CM
,235560,Contig_804876.fasta,0.02120685778424919,8.942988753392869e-05,0.46979301111377164,CM
,235560,Contig_367997.fasta,0.009684355259928095,1.826634774962906e-05,0.44163646915461685,CM
,235560,Contig_54093.fasta,0.02101129991710207,8.633487486209839e-05,0.46861676421564,CM
,235560,Contig_985009.fasta,0.003447564478848121,2.129919752596559e-06,0.3868655139060079,CM
,235560,Contig_209831.fasta,0.017499706867673687,5.9407527688137695e-05,0.46282278839695007,CM
,235560,Contig_59149.fasta,0.028677390348015544,0.00016260078593832237,0.47770682906515216,CM
,235560,Contig_54407.fasta,0.016374402859218085,4.981689295066248e-05,0.45986618090350523,CM
,235560,Contig_305408.fasta,0.011653336468840736,2.398028908090502e-05,0.4439410237849303,CM
,235560,Contig_501379.fasta,0.017496722268267068,5.4808571562675276e-05,0.4591892434438828,CM
,235560,Contig_55093.fasta,0.01834308643386392,6.472743444567292e-05,0.46282278839695007,CM
,235560,Contig_806573.fasta,0.012889300643892631,2.912214713739077e-05,0.44862304800509734,CM
,235560,Contig_60235.fasta,0.0276514743651854,0.00014876215074288693,0.47649067115001686,CM
,235560,Contig_501085.fasta,0.0010858830506803104,0.0,0.3037415378573947,CM
,235560,Contig_302635.fasta,0.01736890889643204,6.077969323121467e-05,0.4630517952195117,CM
,235560,Contig_213217.fasta,0.0008434894822759032,0.0,0.2857489093553078,CM
,235560,Contig_204678.fasta,0.001311856925431177,0.0,0.32595878723045385,CM
,235560,Contig_498809.fasta,0.026402951141450744,0.00013957336198877862,0.4755221941761347,CM
,235560,Contig_134968.fasta,0.0115843591509648,2.6146142230465368e-05,0.44669578908765306,CM
,235560,Contig_555569.fasta,0.0056804182022990955,5.732457998336466e-06,0.40973190811673954,CM
,235560,Contig_420323.fasta,0.0032932469155843285,1.3904004968522347e-06,0.3771977743404406,CM
,235560,Contig_7.fasta,0.0012861205354177591,0.0,0.3243770114865279,CM
,235560,Contig_370077.fasta,0.024247448013095176,0.00011526177860279592,0.47287906929693435,CM
,235560,Contig_24574329.fasta,0.014514437440435473,4.0402817277394324e-05,0.453185316289895,CM
,235560,Contig_207266.fasta,0.02290394966959699,0.00010662469446939417,0.4731181385938489,CM
,235560,Contig_499722.fasta,0.015902301515886272,5.0339306039729116e-05,0.46009227047130435,CM
,235560,Contig_1201189.fasta,0.023670492420355814,0.00010793138604347465,0.4721633088489572,CM
,235560,Contig_500710.fasta,0.023057098555904248,0.00010493618634922254,0.4714497119086313,CM
,235560,Contig_135292.fasta,0.02038325756442445,8.011451466256021e-05,0.4681479130258295,CM
,235560,Contig_204110.fasta,0.0,0.0,0.0,CM
,235560,Contig_500384.fasta,0.02887870179588683,0.00016887020077965373,0.4789292109204878,CM
,235560,Contig_4002.fasta,0.0011161135651847202,0.0,0.30773682280126047,CM
,235560,Contig_421610.fasta,0.005635877132454173,3.939507859836094e-06,0.40688159919071004,CM
,235560,Contig_138156.fasta,0.021009402388807084,9.290649797551787e-05,0.4712123253467438,CM
,235560,Contig_792548.fasta,0.013825127908797528,3.415749824250603e-05,0.4499171529512659,CM
,235560,Contig_131553.fasta,0.004296629904499605,2.8594288297098072e-06,0.3902534103997636,CM
,235560,Contig_368086.fasta,0.0067654670265985695,6.86237938593864e-06,0.42135419997236967,CM
,235560,Contig_544261.fasta,0.004701761885167175,4.178854120207871e-06,0.4028530685056535,CM
,235560,Contig_796891.fasta,0.01739625825276095,5.6139071739017564e-05,0.4616811436303074,CM
,235560,Contig_137006.fasta,0.002213302101341293,4.6030723048922795e-07,0.35010388258085784,CM
,235560,Contig_546911.fasta,0.0011161135651847202,0.0,0.30773682280126047,CM
,235560,Contig_369838.fasta,0.010704352408082119,2.0945976466818014e-05,0.4441517219452459,CM
,235560,Contig_426807.fasta,0.02209109806386518,9.35072021902879e-05,0.4700289694317595,CM
,235560,Contig_54932.fasta,0.0216435649980049,8.919366883704285e-05,0.46861676421564,CM
,235560,Contig_931789.fasta,0.004273128824723624,3.29840954644883e-06,0.3909054628816345,CM
,235560,Contig_1064731.fasta,0.009305979564338616,1.6577403987096994e-05,0.4418449849568617,CM
,235560,Contig_135719.fasta,0.01577350578287971,4.943724723733001e-05,0.4573937820814434,CM
,235560,Contig_499678.fasta,0.0,0.0,0.0,CM
,235560,Contig_542470.fasta,0.02098579026624143,8.513801236762531e-05,0.4681479130258295,CM
,235560,Contig_368756.fasta,0.00716154539471299,9.47294468363488e-06,0.4286888127066574,CM
,235560,Contig_420279.fasta,0.009145827368460004,1.5083829772826419e-05,0.4344603891080005,CM
,235560,Contig_993254.fasta,0.021596587554835973,9.623711609405426e-05,0.47097517772452596,CM
,235560,Contig_985217.fasta,0.01863706486664147,6.470234316744488e-05,0.46351048941982814,CM
,235560,Contig_61392.fasta,0.011648478691481019,2.65679226163094e-05,0.44797878321619583,CM
,235560,Contig_502254.fasta,0.016573228789428136,5.356633822093372e-05,0.46122606118217496,CM
,235560,Contig_500961.fasta,0.025796179668348865,0.0001318335127719744,0.4755221941761347,CM
,235560,Contig_544966.fasta,0.003518234454151443,1.7089701021007483e-06,0.384955852792527,CM
,235560,Contig_133780.fasta,0.016272257046667987,4.694825885639028e-05,0.4573937820814434,CM
,235560,Contig_62691.fasta,0.013092139165411552,3.198273767201585e-05,0.45252789078270456,CM
,235560,Contig_368166.fasta,0.013664013819208351,3.4668821566642836e-05,0.4520906657674556,CM
,235560,Contig_429761.fasta,0.0025014870444495024,6.306541244909154e-07,0.3648450986895256,CM
,235560,Contig_302536.fasta,0.018781092461765445,6.977188284522467e-05,0.4665142961807742,CM
,235560,Contig_987380.fasta,0.019259231708137304,7.230864373813304e-05,0.4660496405072874,CM
,235560,Contig_554697.fasta,0.0,0.0,0.0,CM
,235560,Contig_549533.fasta,0.019852773269731644,7.876419989783816e-05,0.4669798793106951,CM
,235560,Contig_3825.fasta,0.002199279115720112,3.493011191341689e-07,0.35089151786225464,CM
,235560,Contig_43.fasta,0.0022291315658739264,4.492517097742644e-07,0.35407781995407983,CM
,235560,Contig_542528.fasta,0.013065531267430841,3.536255842435471e-05,0.4527468205798902,CM
,235560,Contig_993798.fasta,0.024752068676030324,0.00011790276604397681,0.4731181385938489,CM
,235560,Contig_24569072.fasta,0.0071737119629616845,8.710808850618488e-06,0.42479694876923885,CM
,235560,Contig_545414.fasta,0.0024395819034944,6.121843121602388e-07,0.36230262413419784,CM
,235560,Contig_53638.fasta,0.016065621996659972,5.221506447863933e-05,0.4603185824587472,CM
,235560,Contig_137636.fasta,0.009494401066641397,1.6353345400685905e-05,0.43935571743597795,CM
,235560,Contig_59666.fasta,0.003517389442033881,1.6214477405885011e-06,0.3865459224034007,CM
,235560,Contig_302672.fasta,0.01909370330860343,7.139464133115518e-05,0.4660496405072874,CM
,235560,Contig_310012.fasta,0.003460561902216211,1.9976454001683703e-06,0.3854314984096512,CM
,235560,Contig_795668.fasta,0.01614702002266726,4.824926160049753e-05,0.45806543227539553,CM
,235560,Contig_372002.fasta,0.010424603776031797,1.6920943046027144e-05,0.4385321828203529,CM
,235560,Contig_309907.fasta,0.025161196743121027,0.00012290665364793717,0.4731181385938489,CM
,235560,Contig_2477.fasta,0.011179353839151827,2.265400996666927e-05,0.442681020879202,CM
,235560,Contig_327.fasta,0.007304702994125453,1.0181780082997013e-05,0.4269286852822231,CM
,235560,Contig_139033.fasta,0.019503590666286885,7.403344332943459e-05,0.4660496405072874,CM
,235560,Contig_993758.fasta,0.02649091303419803,0.00014289738604601114,0.47673340710067913,CM
,235560,Contig_56026.fasta,0.010503665993294598,1.8409243432785607e-05,0.44122002741095384,CM
,235560,Contig_1395.fasta,0.0035069915792005774,1.8557756439712824e-06,0.3830649521648109,CM
,235560,Contig_543139.fasta,0.010622881173940758,2.1952609867064716e-05,0.4387377769051257,CM
,235560,Contig_626881.fasta,0.008223846831611592,1.2990925244605315e-05,0.4344603891080005,CM
,235560,Contig_1270016.fasta,0.0,0.0,0.0,CM
,235560,Contig_55438.fasta,0.015603650797840653,4.9711742673247626e-05,0.46077187500671246,CM
,235560,Contig_501797.fasta,0.009889569899671357,1.8843007480649467e-05,0.4377117297187245,CM
,235560,Contig_5266.fasta,0.022050606098870044,9.622932877963485e-05,0.47073826868140495,CM
,235560,Contig_1065654.fasta,0.0025202921040431286,7.49991202977051e-07,0.3678567917211608,CM
,235560,Contig_420474.fasta,0.0023927228824626124,5.947842811293862e-07,0.3600722116731947,CM
,235560,Contig_53541.fasta,0.0,0.0,0.0,CM
,235560,Contig_54857.fasta,0.00358851990671716,1.8837295804968962e-06,0.3870255079150674,CM
,235560,Contig_53504.fasta,0.017167461523799048,5.5184182920290675e-05,0.46054511719420915,CM
,235560,Contig_426927.fasta,0.021126961192147763,8.754488870960791e-05,0.46955728958285653,CM
,235560,Contig_987729.fasta,0.009506280475493881,1.644899434408834e-05,0.44163646915461685,CM
,235560,Contig_498389.fasta,0.021685987747341463,9.2711337205311e-05,0.46838222129060714,CM
,235560,Contig_544728.fasta,0.02229805532198786,9.635283166524774e-05,0.47073826868140495,CM
,235560,Contig_137227.fasta,0.01260377801551219,2.932750663537687e-05,0.4499171529512659,CM
,235560,Contig_544635.fasta,0.009384180816979823,1.7106265701717235e-05,0.4385321828203529,CM
,235560,Contig_498294.fasta,0.007984051111659094,1.1332229753990807e-05,0.4271235409122013,CM
,235560,Contig_54109.fasta,0.012325056808351297,2.836277814010135e-05,0.4492691685735156,CM
,235560,Contig_53419.fasta,0.01890249889330712,6.616103597858744e-05,0.4660496405072874,CM
,235560,Contig_62325.fasta,0.002077661050901273,3.9929091927898816e-07,0.34456100078742014,CM
,235560,Contig_622395.fasta,0.023169836391577058,0.00010744849755109769,0.47168733777148847,CM
,235560,Contig_60482.fasta,0.017444097660071666,6.135222019993381e-05,0.46351048941982814,CM
,235560,Contig_420569.fasta,0.004668825322477948,3.0293190250889595e-06,0.40233348157292914,CM
,235560,Contig_368046.fasta,0.016402429347892968,5.169777880076265e-05,0.46122606118217496,CM
,235560,Contig_1062259.fasta,0.003533558089468066,2.1535237318548007e-06,0.38734589326930174,CM
,235560,Contig_499294.fasta,0.022402487919709415,9.527471185035641e-05,0.470501597857533,CM
,235560,Contig_548087.fasta,0.011905884861106986,2.4373246674516122e-05,0.4469091108589461,CM
,235560,Contig_5087.fasta,0.0023781455548961615,7.228109247820119e-07,0.3613234278527541,CM
,235560,Contig_1064064.fasta,0.0010236719823229672,0.0,0.2994648570043626,CM
,235560,Contig_54661.fasta,0.022256503485248852,9.763195735054362e-05,0.46932180448276484,CM
,235560,Contig_990919.fasta,0.009799021259835429,1.7420265068255322e-05,0.44059683528184235,CM
,235560,Contig_61352.fasta,0.02293429904578386,0.00010452592062578335,0.471925203297344,CM
,235560,Contig_555022.fasta,0.0033347669969680306,1.6003557324675498e-06,0.3790310563542459,CM
,235560,Contig_57616.fasta,0.02225354006417548,9.775924312185363e-05,0.4700289694317595,CM
,235560,Contig_370211.fasta,0.01148258873682364,2.4425221537583987e-05,0.44436262019878114,CM
,235560,Contig_1067056.fasta,0.012772242373595111,3.386778109633945e-05,0.4534048828191052,CM
,235560,Contig_56653.fasta,0.01874818521213069,7.369322933639464e-05,0.4669798793106951,CM
,235560,Contig_992350.fasta,0.015473478003072487,5.101672556579618e-05,0.4623654536258069,CM
,235560,Contig_61602.fasta,0.0023784598806525794,5.667012418802589e-07,0.35979533953811343,CM
,235560,Contig_135130.fasta,0.018190492238266104,6.719608092806782e-05,0.46581765960111154,CM
,235560,Contig_1063408.fasta,0.021921367985031255,9.773844233196913e-05,0.4712123253467438,CM
,235560,Contig_206987.fasta,0.0024356984992013335,5.641288230155818e-07,0.3618823194658287,CM
,235560,Contig_1309.fasta,0.0,0.0,0.0,CM
,235560,Contig_542531.fasta,0.002504991357237163,5.646393188516255e-07,0.36641647538709204,CM
,235560,Contig_552864.fasta,0.008537653465540102,1.1771219648760556e-05,0.43305306716271774,CM
,235560,Contig_420338.fasta,0.016794313013477065,5.378854597125018e-05,0.4585142960012901,CM
,235560,Contig_55389.fasta,0.0058714780458345665,6.115116090850048e-06,0.4183404908979138,CM
,235560,Contig_427105.fasta,0.008149661777377745,1.1579038573844602e-05,0.42987031609491644,CM
,235560,Contig_542688.fasta,0.011358182251442441,2.523437926028989e-05,0.4449965183731018,CM
,235560,Contig_544398.fasta,0.0012396342824161535,0.0,0.31841703917612557,CM
,235560,Contig_498739.fasta,0.014082479383460448,3.863364319226099e-05,0.4534048828191052,CM
,235560,Contig_54075.fasta,0.0,0.0,0.0,CM
,235560,Contig_56346.fasta,0.018539906296298224,6.660743825740006e-05,0.46351048941982814,CM
,235560,Contig_203889.fasta,0.004757697921901576,3.895784974423215e-06,0.40547126435815994,CM
,235560,Contig_500327.fasta,0.019869792879110643,7.554959573425421e-05,0.46558590952170803,CM
,235560,Contig_544365.fasta,0.0,0.0,0.0,CM
,235560,Contig_369516.fasta,0.018597937113282937,6.713628856204853e-05,0.46466121059515053,CM
,235560,Contig_547013.fasta,0.002268333874951754,6.56798437894993e-07,0.355557628472125,CM
,235560,Contig_542675.fasta,0.019881191128214997,7.801673002939667e-05,0.4681479130258295,CM
,235560,Contig_368516.fasta,0.016286459216664828,5.363284378622308e-05,0.4609988562259276,CM
,235560,Contig_58954.fasta,0.02342711084841439,0.00011347397191887421,0.47383679905753573,CM
,235560,Contig_24576300.fasta,0.025921260858490846,0.00013441579550944532,0.47600594005016944,CM
,235560,Contig_994229.fasta,0.004864892564157219,4.116824433362778e-06,0.4086583747330275,CM
,235560,Contig_132049.fasta,0.01701194455885073,5.8280138245874395e-05,0.4621371250067324,CM
,235560,Contig_56047.fasta,0.016634627887405405,5.514934334215045e-05,0.4616811436303074,CM
,235560,Contig_549900.fasta,0.02236088040843819,9.686425607951789e-05,0.46979301111377164,CM
,235560,Contig_56804.fasta,0.019166268466849466,6.969805143808152e-05,0.46466121059515053,CM
,235560,Contig_1760.fasta,0.0011439739862707918,0.0,0.3116309284510933,CM
,235560,Contig_2226.fasta,0.008378384504586367,1.3117573208925109e-05,0.433454227947491,CM
,235560,Contig_548773.fasta,0.003846459164510124,1.9254462469325e-06,0.3956988068239463,CM
,235560,Contig_1123947.fasta,0.023814371868997253,0.00011523881300929985,0.47407683796283334,CM
,235560,Contig_6091.fasta,0.021074552304078054,8.64878475181738e-05,0.46838222129060714,CM
,235560,Contig_4736.fasta,0.019300022054303475,7.471038223738483e-05,0.46535438992473055,CM
,235560,Contig_810436.fasta,0.023021463195785664,0.00010117787789041964,0.470501597857533,CM
,235560,Contig_53485.fasta,0.002487205366694031,7.654507568634326e-07,0.3688717690731703,CM
,235560,Contig_53779.fasta,0.021273685143656147,8.896965399046548e-05,0.46908655545796146,CM
,235560,Contig_54269.fasta,0.02204517118880045,9.769241382308749e-05,0.470501597857533,CM
,235560,Contig_135095.fasta,0.022026800417594333,9.096238922937887e-05,0.4681479130258295,CM
,235560,Contig_543843.fasta,0.002289703203759718,4.266572838799251e-07,0.3544801811131186,CM
,235560,Contig_555043.fasta,0.00906550822866465,1.3206213804308717e-05,0.4310583501329494,CM
,235560,Contig_62494.fasta,0.013904868138285042,3.4188593725541176e-05,0.4534048828191052,CM
,235560,Contig_58762.fasta,0.019813279412728618,7.268522855365395e-05,0.4662818525852681,CM
,235560,Contig_499560.fasta,0.014149924177333593,3.35449425710612e-05,0.45252789078270456,CM
,235560,Contig_1065040.fasta,0.007949440224155517,1.10894177626268e-05,0.4286888127066574,CM
,235560,Contig_24574502.fasta,0.004596188235727817,2.8062537016875665e-06,0.4004397424641134,CM
,235560,Contig_55294.fasta,0.01973724890930205,7.728047531704621e-05,0.4674463926766399,CM
,235560,Contig_208230.fasta,0.02641698847080363,0.00013754604645645435,0.47528068976060595,CM
,235560,Contig_367971.fasta,0.014278689698956784,4.0832958528689646e-05,0.4591892434438828,CM
,235560,Contig_4437.fasta,0.0,0.0,0.0,CM
,235560,Contig_138526.fasta,0.0010858830506803104,0.0,0.3037415378573947,CM
,235560,Contig_138563.fasta,0.026317226701269823,0.00013611753766552636,0.4750394305272249,CM
,235560,Contig_371134.fasta,0.017648418164835002,5.9962042502327896e-05,0.4644306094980809,CM
,235560,Contig_54294.fasta,0.025469771544575397,0.00013059647304830636,0.47479841610280726,CM
,235560,Contig_59426.fasta,0.009771765230507119,1.8372982564507624e-05,0.4437305254332068,CM
,235560,Contig_502560.fasta,0.0022618234813863184,4.260732259838123e-07,0.3534092440100578,CM
,235560,Contig_201670.fasta,0.017199075617577317,5.499907792561784e-05,0.4603185824587472,CM
,235560,Contig_132684.fasta,0.02225487926957015,9.94298693440395e-05,0.4721633088489572,CM
,235560,Contig_542344.fasta,0.005638279811158138,5.7502895504415534e-06,0.4128044455838699,CM
,235560,Contig_545654.fasta,0.019786030646471085,7.23113940306237e-05,0.46489204080408997,CM
,235560,Contig_499661.fasta,0.0,0.0,0.0,CM
,235560,Contig_368062.fasta,0.01721760020494112,5.418799422266722e-05,0.45986618090350523,CM
,235560,Contig_133992.fasta,0.00851740818531299,1.318862978767783e-05,0.43506633107328363,CM
,235560,Contig_131676.fasta,0.019882362778756702,7.814973085146224e-05,0.466746971640216,CM
,235560,Contig_134010.fasta,0.018765841146955866,6.8899751560361e-05,0.466746971640216,CM
,235560,Contig_548898.fasta,0.02006754766404536,7.942126952495102e-05,0.466746971640216,CM
,235560,Contig_421218.fasta,0.0,0.0,0.0,CM
,235560,Contig_56266.fasta,0.018486503574967263,6.404980208928108e-05,0.46351048941982814,CM
,235560,Contig_791989.fasta,0.009995315434568544,2.0155840896186476e-05,0.44584453460630447,CM
,235560,Contig_167.fasta,0.0023751733646870496,5.637334211484144e-07,0.3582801217988641,CM
,235560,Contig_131918.fasta,0.013837697211286196,3.6523283723971234e-05,0.4551691041530317,CM
,235560,Contig_545669.fasta,0.014786587531091397,3.972641745903498e-05,0.4558342319233478,CM
,235560,Contig_309414.fasta,0.02350288610867124,0.00010984797407447389,0.4726402414841581,CM
,235560,Contig_60809.fasta,0.01694938523090473,5.525152858082656e-05,0.45986618090350523,CM
,235560,Contig_55579.fasta,0.010809188521935659,2.213892440301887e-05,0.44584453460630447,CM
,235560,Contig_134354.fasta,0.01155635639055427,2.5363481607191015e-05,0.4460570439173656,CM
,235560,Contig_302825.fasta,0.01662222924939974,5.4445942782278886e-05,0.46077187500671246,CM
,235560,Contig_543384.fasta,0.0036697288041047044,1.9633917453233562e-06,0.39238057783590485,CM
,235560,Contig_553243.fasta,0.01296468935782184,3.270971928832593e-05,0.4534048828191052,CM
,235560,Contig_985177.fasta,0.01177181986667417,2.6644301162133485e-05,0.4497009505711836,CM
,235560,Contig_551170.fasta,0.014048228284649023,3.7289753242247094e-05,0.4547267629439422,CM
,235560,Contig_544200.fasta,0.011074031393469219,2.4211896763174602e-05,0.44797878321619583,CM
,235560,Contig_1066727.fasta,0.012909840727236978,3.3022499803637635e-05,0.45143641010064306,CM
,235560,Contig_623419.fasta,0.006959305023831351,9.242064553393681e-06,0.42479694876923885,CM
,235560,Contig_54254.fasta,0.020423684051064966,7.88005714296899e-05,0.4665142961807742,CM
,235560,Contig_53744.fasta,0.017495812059834456,6.0524958186715734e-05,0.4637401774720679,CM
,235560,Contig_548820.fasta,0.0011439739862707918,0.0,0.3116309284510933,CM
,235560,Contig_422193.fasta,0.026680137678084522,0.00014455376648862827,0.4769763904885999,CM
,235560,Contig_56712.fasta,0.01287853929998669,3.0887198769997766e-05,0.4516542848159426,CM
,235560,Contig_56757.fasta,0.004614353938489556,2.800159831681626e-06,0.3990736367328926,CM
,235560,Contig_1833.fasta,0.01949296462622498,7.299369439910839e-05,0.46558590952170803,CM
,235560,Contig_542648.fasta,0.002440572655779167,7.337090602002244e-07,0.3652723177746421,CM
,235560,Contig_372026.fasta,0.019806897184847284,7.332081983267642e-05,0.466746971640216,CM
,235560,Contig_370350.fasta,0.012042980330907624,2.52848266755286e-05,0.44310022639139823,CM
,235560,Contig_985396.fasta,0.019045960582602786,6.809190149724308e-05,0.46489204080408997,CM
,235560,Contig_543120.fasta,0.00219453068077946,6.269596866878175e-07,0.34905918617628984,CM
,235560,Contig_992741.fasta,0.020065375343156916,7.897712997930668e-05,0.4674463926766399,CM
,235560,Contig_54798.fasta,0.022435274859628276,9.939016862287495e-05,0.47097517772452596,CM
,235560,Contig_554998.fasta,0.01482713483379241,4.3958847684554625e-05,0.4567240986523344,CM
,235560,Contig_542549.fasta,0.0,0.0,0.0,CM
,235560,Contig_1125670.fasta,0.024900402859292944,0.0001266391588806178,0.4755221941761347,CM
,235560,Contig_57456.fasta,0.019442869756492457,7.559656166824314e-05,0.46489204080408997,CM
,235560,Contig_420791.fasta,0.011082083833754556,2.3422797862985448e-05,0.44862304800509734,CM
,235560,Contig_304002.fasta,0.022171301591374953,9.657838861788295e-05,0.46979301111377164,CM
,235560,Contig_304047.fasta,0.021925361608619343,9.21191966786215e-05,0.4700289694317595,CM
,235560,Contig_60914.fasta,0.021959418412052296,9.408717494234771e-05,0.470501597857533,CM
,235560,Contig_369593.fasta,0.00859508322704849,1.113433224923129e-05,0.43265264823792565,CM
,235560,Contig_132330.fasta,0.012388168047964604,2.7881725678439085e-05,0.44862304800509734,CM
,235560,Contig_543264.fasta,0.011671047409469995,2.462067048371662e-05,0.4471226364733077,CM
,235560,Contig_61586.fasta,0.02176262784693223,9.669341649501327e-05,0.47073826868140495,CM
,235560,Contig_206205.fasta,0.017792402491923754,6.171664382064071e-05,0.4639700932764666,CM
,235560,Contig_992897.fasta,0.0012249985125759382,0.0,0.31841703917612557,CM
,235560,Contig_368482.fasta,0.01382072704675454,3.498888419793358e-05,0.4523091726141291,CM
,235560,Contig_368810.fasta,0.01963440502034651,7.56767566035362e-05,0.4665142961807742,CM
,235560,Contig_545620.fasta,0.006156322424810695,5.285340053446741e-06,0.4084799991875308,CM
,235560,Contig_131586.fasta,0.018502249811049126,7.371035319760227e-05,0.46791383906931655,CM
,235560,Contig_62330.fasta,0.0032777395274150582,1.3747388901972303e-06,0.3752316271606388,CM
,235560,Contig_133221.fasta,0.0055914337497658465,5.266455534016423e-06,0.4090155935920599,CM
,235560,Contig_554336.fasta,0.023504785042961097,0.00010472678797450001,0.47168733777148847,CM
,235560,Contig_1061979.fasta,0.005758253019524136,5.221531775773611e-06,0.41153371949807965,CM
,235560,Contig_59083.fasta,0.009630612293416704,1.5616301563877508e-05,0.4387377769051257,CM
,235560,Contig_61046.fasta,0.01969172894792585,7.51218516393725e-05,0.46558590952170803,CM
,235560,Contig_53364.fasta,0.013990082282064286,3.5363473852377136e-05,0.453185316289895,CM
,235560,Contig_138517.fasta,0.016767902439544038,5.187106318763809e-05,0.46077187500671246,CM
,235560,Contig_1064832.fasta,0.004547375983339993,3.2212375766847293e-06,0.40233348157292914,CM
,235560,Contig_367940.fasta,0.013696426712460678,3.535655671675772e-05,0.45384465477140307,CM
,235560,Contig_57502.fasta,0.025684345418134958,0.00013551554076022756,0.47624818225884635,CM
,235560,Contig_370591.fasta,0.026860285848840967,0.00014675913131188036,0.4772196216923167,CM
,235560,Contig_420251.fasta,0.018831787541050905,7.035869571414517e-05,0.46489204080408997,CM
,235560,Contig_58753.fasta,0.02322413473161088,0.00010716666626110104,0.471925203297344,CM
,235560,Contig_133165.fasta,0.01818560280784438,6.583595732069275e-05,0.464200237171941,CM
,235560,Contig_136703.fasta,0.015399457911866,4.309815384939697e-05,0.4573937820814434,CM
,235560,Contig_420638.fasta,0.008245073986369148,1.184507153733545e-05,0.4324527163302371,CM
,235560,Contig_552562.fasta,0.0035550831796944053,1.5389546032386017e-06,0.38337881119976774,CM
,235560,Contig_136746.fasta,0.02177393036723072,9.323149583319586e-05,0.4688515421536238,CM
,235560,Contig_53399.fasta,0.01924155916578601,7.056678130277663e-05,0.4644306094980809,CM
,235560,Contig_369317.fasta,0.02813553953799947,0.000159000926362691,0.478439508250835,CM
,235560,Contig_551614.fasta,0.01176014504715735,2.3212279974078857e-05,0.44648267086766846,CM
,235560,Contig_554072.fasta,0.0011906066971856563,0.0,0.31541209239589924,CM
,235560,Contig_59716.fasta,0.02121992687738436,8.608500113591025e-05,0.4688515421536238,CM
,235560,Contig_1066043.fasta,0.003240512141256593,1.6316877293680767e-06,0.3715076133936614,CM
,235560,Contig_549707.fasta,0.0,0.0,0.0,CM
,235560,Contig_1062625.fasta,0.015833330474161373,4.298650149048414e-05,0.45494782602753187,CM
,235560,Contig_372137.fasta,0.007189458130652995,1.0705181028628289e-05,0.4296729468037801,CM
,235560,Contig_426270.fasta,0.004506592140662081,2.644734690970811e-06,0.3967052471973858,CM
,235560,Contig_54300.fasta,0.018145188799362083,6.412113826906699e-05,0.4632810287815015,CM
,235560,Contig_53610.fasta,0.0012484817036611882,0.0,0.31939511199270754,CM
,235560,Contig_989205.fasta,0.015466506350148507,4.16653234139977e-05,0.4558342319233478,CM
,235560,Contig_420760.fasta,0.015178546058012261,4.497962928859213e-05,0.4594146677165602,CM
,235560,Contig_1062050.fasta,0.011286526662756079,2.384022403648607e-05,0.4441517219452459,CM
,235560,Contig_427270.fasta,0.003788343401438874,1.924117545100172e-06,0.3990736367328926,CM
,235560,Contig_139063.fasta,0.0,0.0,0.0,CM
,235560,Contig_420725.fasta,0.0009325328963655513,0.0,0.29217223794524916,CM
,235560,Contig_545479.fasta,0.009203874176716885,1.414793958521363e-05,0.4358768878149199,CM
,235560,Contig_1062015.fasta,0.009533429218649995,1.6550234140178453e-05,0.43935571743597795,CM
,235560,Contig_202006.fasta,0.014841483804887085,4.431360423696682e-05,0.45873905791109465,CM
,235560,Contig_498324.fasta,0.006031373145473162,5.21600296659024e-06,0.4162934511292852,CM
,235560,Contig_201370.fasta,0.0,0.0,0.0,CM
,235560,Contig_551822.fasta,0.004582878719444539,3.6993355275754273e-06,0.40009733994811164,CM
,235560,Contig_54001.fasta,0.004962041842225791,3.201443012257735e-06,0.4058229306759033,CM
,235560,Contig_422752.fasta,0.01079327114291263,2.1398119891085416e-05,0.4469091108589461,CM
,235560,Contig_55044.fasta,0.01182661203964081,2.558862147304087e-05,0.44797878321619583,CM
,235560,Contig_548236.fasta,0.015934936586718733,4.5965622390802624e-05,0.4565013064090893,CM
,235560,Contig_420309.fasta,0.005849354805267955,6.455854287285004e-06,0.4172214347474958,CM
,235560,Contig_542500.fasta,0.018374321648900967,6.989517634138619e-05,0.46558590952170803,CM
,235560,Contig_137277.fasta,0.0035814318586925376,1.7291405057914987e-06,0.3851142708389437,CM
,235560,Contig_987817.fasta,0.019634818793613767,7.56613381395824e-05,0.46512310046651745,CM
,235560,Contig_24578923.fasta,0.02302108663789199,0.0001053889232411835,0.4714497119086313,CM
,235560,Contig_985367.fasta,0.004619561021440632,3.3436849139912184e-06,0.40164278031700995,CM
,235560,Contig_498823.fasta,0.011646694874834369,2.3547535083520142e-05,0.4462697559077888,CM
,235560,Contig_1063329.fasta,0.02070959506921437,7.91999498025416e-05,0.46535438992473055,CM
,235560,Contig_61925.fasta,0.006205213271881569,6.036586805178998e-06,0.421924110973234,CM
,235560,Contig_54079.fasta,0.021107007409761853,8.376275838587969e-05,0.46767999906978164,CM
,235560,Contig_554682.fasta,0.001311856925431177,0.0,0.32595878723045385,CM
,235560,Contig_302566.fasta,0.018725015283110595,6.684726534829769e-05,0.4639700932764666,CM
,235560,Contig_310306.fasta,0.02445598112220129,0.00012098582361785253,0.47407683796283334,CM
,235560,Contig_543210.fasta,0.0011906066971856563,0.0,0.31541209239589924,CM
,235560,Contig_986701.fasta,0.0022291315658739264,4.492517097742644e-07,0.35407781995407983,CM
,235560,Contig_545700.fasta,0.014752303138842989,4.234970962610416e-05,0.4567240986523344,CM
,235560,Contig_420371.fasta,0.01632941037938761,4.8907778820053165e-05,0.4589640402837828,CM
,235560,Contig_930538.fasta,0.027570028810827613,0.00015266832943755046,0.4772196216923167,CM
,235560,Contig_542578.fasta,0.0034065124655749198,1.3311940366697894e-06,0.3821264508528514,CM
,235560,Contig_371823.fasta,0.011658706059463125,2.5059401131867206e-05,0.44797878321619583,CM
,235560,Contig_56.fasta,0.0,0.0,0.0,CM
,235560,Contig_500869.fasta,0.013236953292380706,3.238386136322622e-05,0.45450591458894274,CM
,235560,Contig_549526.fasta,0.0012861205354177591,0.0,0.3243770114865279,CM
,235560,Contig_138472.fasta,0.02466421808217787,0.00012648955587992342,0.47600594005016944,CM
,235560,Contig_987069.fasta,0.012020054854256607,2.4816028741727803e-05,0.4475503004010679,CM
,235560,Contig_988280.fasta,0.019432073775758507,7.368456043667357e-05,0.46581765960111154,CM
,235560,Contig_543585.fasta,0.0,0.0,0.0,CM
,235560,Contig_206976.fasta,0.02401956282044855,0.0001105080148885697,0.47073826868140495,CM
,235560,Contig_3888.fasta,0.025864873890702814,0.0001315252875396535,0.4755221941761347,CM
,235560,Contig_1065538.fasta,0.0012341715686253697,0.0,0.31830873406075955,CM
,235560,Contig_62111.fasta,0.012842104592094915,3.168494840970753e-05,0.4510012906692208,CM
,235560,Contig_208748.fasta,0.018922619963653905,7.16074781204228e-05,0.4674463926766399,CM
,235560,Contig_501406.fasta,0.011996875672264255,2.448738554892846e-05,0.44862304800509734,CM
,235560,Contig_306807.fasta,0.010875687507077358,2.4692849995030277e-05,0.4469091108589461,CM
,235560,Contig_57808.fasta,0.018613804577455227,6.997781043678766e-05,0.46535438992473055,CM
,235560,Contig_930639.fasta,0.019752538525967353,7.671372193173017e-05,0.4674463926766399,CM
,235560,Contig_422.fasta,0.001311856925431177,0.0,0.32595878723045385,CM
,235560,Contig_545369.fasta,0.01634222230240721,5.202542798007444e-05,0.46122606118217496,CM
,235560,Contig_502018.fasta,0.016235417581988203,5.136877868405998e-05,0.45873905791109465,CM
,235560,Contig_1066920.fasta,0.007101253697076051,9.53582908579075e-06,0.4271235409122013,CM
,235560,Contig_988550.fasta,0.011343567047326435,2.524389035347278e-05,0.4418449849568617,CM
,235560,Contig_498319.fasta,0.0035913244560179533,1.703252617198335e-06,0.3863863245824249,CM
,235560,Contig_1062135.fasta,0.0193655359971563,7.363331320761375e-05,0.466746971640216,CM
,235560,Contig_139106.fasta,0.0021564233289392705,5.863693676503508e-07,0.34685977692314046,CM
,235560,Contig_424026.fasta,0.0023924556899319804,5.900442804838362e-07,0.36048831977605283,CM
,235560,Contig_985597.fasta,0.0033994475130009346,1.8206694637458585e-06,0.3801087238580963,CM
,235560,Contig_369895.fasta,0.020387505855741183,8.18378633345169e-05,0.46581765960111154,CM
,235560,Contig_53489.fasta,0.002386670913970837,7.254381526633812e-07,0.3611839745807152,CM
,235560,Contig_60880.fasta,0.023414031618795808,0.00011083632506089691,0.4731181385938489,CM
,235560,Contig_368093.fasta,0.01621108273096854,5.129794965997232e-05,0.4603185824587472,CM
,235560,Contig_499241.fasta,0.019725649579090617,7.466036359420071e-05,0.46466121059515053,CM
,235560,Contig_989061.fasta,0.006891940738707359,8.577616672727815e-06,0.4205967092757901,CM
,235560,Contig_55164.fasta,0.02313113630380682,0.00010084590288233487,0.46932180448276484,CM
,235560,Contig_24573733.fasta,0.011973183678767468,2.8801486995096113e-05,0.4497009505711836,CM
,235560,Contig_498628.fasta,0.00815281976683914,1.3036997459066393e-05,0.43285276509650006,CM
,235560,Contig_3643.fasta,0.0023400382030559722,6.990612821556766e-07,0.35896727201328466,CM
,235560,Contig_987659.fasta,0.0012341715686253697,0.0,0.31830873406075955,CM
,235560,Contig_53431.fasta,0.015634262987242926,4.916456031086301e-05,0.4603185824587472,CM
,235560,Contig_426051.fasta,0.023869710134030015,0.00011249243200975706,0.471925203297344,CM
,235560,Contig_500137.fasta,0.020669460750197797,9.176254139117585e-05,0.47073826868140495,CM
,235560,Contig_369743.fasta,0.023769328412967344,0.00011454395804594075,0.4731181385938489,CM
,235560,Contig_502690.fasta,0.015359469459915455,4.3215130843934014e-05,0.4573937820814434,CM
,235560,Contig_802918.fasta,0.012040429101308876,2.6800520694197084e-05,0.4469091108589461,CM
,235560,Contig_544175.fasta,0.0011960642167851802,0.0,0.3153058214752807,CM
,235560,Contig_53359.fasta,0.0031359988355099014,9.327440869412812e-07,0.36872642952664814,CM
,235560,Contig_306575.fasta,0.0025827192049261345,7.448955111586985e-07,0.3732858708171652,CM
,235560,Contig_542420.fasta,0.0,0.0,0.0,CM
,235560,Contig_368743.fasta,0.019857129428139966,7.651271286095184e-05,0.4665142961807742,CM
,235560,Contig_499105.fasta,0.002228924337539278,4.21914825343978e-07,0.34905918617628984,CM
,235560,Contig_542465.fasta,0.0023825658146741186,4.495011220737195e-07,0.35896727201328466,CM
,235560,Contig_548646.fasta,0.01612436486179285,5.0909660963313734e-05,0.4589640402837828,CM
,235560,Contig_58939.fasta,0.01067389509145978,2.1214500450169468e-05,0.4439410237849303,CM
,235560,Contig_621909.fasta,0.01222847038635961,2.771773069006851e-05,0.44862304800509734,CM
,235560,Contig_53922.fasta,0.022299809400005335,9.705036619513388e-05,0.4714497119086313,CM
,235560,Contig_132024.fasta,0.028979029020275375,0.00016804543442955211,0.4789292109204878,CM
,235560,Contig_1063498.fasta,0.01844341438911632,6.888437706700989e-05,0.46535438992473055,CM
,235560,Contig_551384.fasta,0.0208932002960006,8.435677320634796e-05,0.4681479130258295,CM
,235560,Contig_132061.fasta,0.006052557729579657,6.039100656239321e-06,0.4202189843460409,CM
,235560,Contig_543135.fasta,0.0038772848069944343,1.9026640436309025e-06,0.39822454388878004,CM
,235560,Contig_1064559.fasta,0.01143398222590789,2.4699332833911428e-05,0.4475503004010679,CM
,235560,Contig_368256.fasta,0.021786247716165816,9.46409600547356e-05,0.4700289694317595,CM
,235560,Contig_306060.fasta,0.022228884548184252,9.615095319119249e-05,0.47026516489378545,CM
,235560,Contig_58286.fasta,0.01743768138263648,5.8753740788714724e-05,0.46351048941982814,CM
,235560,Contig_57092.fasta,0.027951537841127652,0.00015830611840787808,0.4781950322629704,CM
,235560,Contig_420355.fasta,0.01980087492104995,7.669770491817581e-05,0.4669798793106951,CM
,235560,Contig_420310.fasta,0.0060719556640531185,5.56150997159486e-06,0.41946556617598973,CM
,235560,Contig_139456.fasta,0.017795338890934424,6.52797419640422e-05,0.46512310046651745,CM
,235560,Contig_4502.fasta,0.011083554585799906,2.39254881170978e-05,0.44905358835826925,CM
,235560,Contig_543519.fasta,0.0013515299891605217,0.0,0.3311492137787095,CM
,235560,Contig_544009.fasta,0.0011896301190183257,0.0,0.31403613360356813,CM
,235560,Contig_3057.fasta,0.0011960642167851802,0.0,0.3153058214752807,CM
,235560,Contig_553809.fasta,0.0025514912078473304,5.897267391870689e-07,0.36858120446578696,CM
,235560,Contig_132325.fasta,0.01672232540672753,5.4046708451727727e-05,0.46259400797757444,CM
,235560,Contig_369951.fasta,0.01964033603133544,7.422372987819805e-05,0.46558590952170803,CM
,235560,Contig_61901.fasta,0.016368250082218438,5.017200858832642e-05,0.45806543227539553,CM
,235560,Contig_369157.fasta,0.015672658573082542,4.685808189777172e-05,0.4609988562259276,CM
,235560,Contig_61944.fasta,0.0018038485944299931,3.3878606498978425e-07,0.32675547421041656,CM
,235560,Contig_53508.fasta,0.0012249985125759382,0.0,0.31841703917612557,CM
,235560,Contig_368951.fasta,0.009698009382715863,1.658976389759035e-05,0.44038949559465085,CM
,235560,Contig_303193.fasta,0.015227562739537294,4.4971321811880374e-05,0.4582897542304766,CM
,235560,Contig_1062799.fasta,0.017447706003751028,5.754984214905919e-05,0.46282278839695007,CM
,235560,Contig_932596.fasta,0.015191092985495418,4.652585183464619e-05,0.4585142960012901,CM
,235560,Contig_133360.fasta,0.01200573948615947,2.951048518279476e-05,0.45252789078270456,CM
,235560,Contig_371588.fasta,0.01819376763653409,6.131404200515102e-05,0.4623654536258069,CM
,235560,Contig_990113.fasta,0.019020784389033846,6.651310394600757e-05,0.4644306094980809,CM
,235560,Contig_371159.fasta,0.01532901706416401,4.32571922163419e-05,0.45806543227539553,CM
,235560,Contig_132515.fasta,0.0223161955746936,0.00010052423984900248,0.4712123253467438,CM
,235560,Contig_708360.fasta,0.008387074560335998,1.4644094756264855e-05,0.4385321828203529,CM
,235560,Contig_794445.fasta,0.016641569088902387,5.1095305714048164e-05,0.4609988562259276,CM
,235560,Contig_310512.fasta,0.02515821439026127,0.00012397101736174782,0.47383679905753573,CM
,235560,Contig_200936.fasta,0.021272657862318595,8.397310977821021e-05,0.4665142961807742,CM
,235560,Contig_309369.fasta,0.025060508836763036,0.00011830871109714848,0.4714497119086313,CM
,235560,Contig_131663.fasta,0.016535528774635315,5.0694326684983243e-05,0.4603185824587472,CM
,235560,Contig_133515.fasta,0.019097923558097515,6.818104183960841e-05,0.4639700932764666,CM
,235560,Contig_57236.fasta,0.02326065108062815,0.00010407191637116528,0.47073826868140495,CM
,235560,Contig_368809.fasta,0.019868622874876132,7.365291627101184e-05,0.46512310046651745,CM
,235560,Contig_57273.fasta,0.005688818609827288,5.242087007437132e-06,0.41262243304172536,CM
,235560,Contig_53450.fasta,0.02113843210354733,8.835909940357149e-05,0.46979301111377164,CM
,235560,Contig_369809.fasta,0.017194918938909367,5.2220862248922915e-05,0.4589640402837828,CM
,235560,Contig_500212.fasta,0.003418761684892252,1.5866610659672207e-06,0.3827516066006679,CM
,235560,Contig_985127.fasta,0.011949099372071025,3.078280858308437e-05,0.4512187454863226,CM
,235560,Contig_131527.fasta,0.008584709975261931,1.2389228488847098e-05,0.4368943408677092,CM
,235560,Contig_205412.fasta,0.016027546197401505,5.335677585397884e-05,0.46077187500671246,CM
,235560,Contig_58861.fasta,0.021901124092038676,9.697594385264044e-05,0.47026516489378545,CM
,235560,Contig_57172.fasta,0.0078885962667191,1.2206426160469482e-05,0.4290819248686993,CM
,235560,Contig_57931.fasta,0.010392136742505189,2.039919260077863e-05,0.4397686457418388,CM
,235560,Contig_986539.fasta,0.026521676103735153,0.0001415433354507319,0.47649067115001686,CM
,235560,Contig_53380.fasta,0.0012861205354177591,0.0,0.3243770114865279,CM
,235560,Contig_793579.fasta,0.012360961025530878,2.8793182564673594e-05,0.4481933324418741,CM
,235560,Contig_53751.fasta,0.009332451188655616,1.7420066350115136e-05,0.4397686457418388,CM
,235560,Contig_56974.fasta,0.015894996168745863,5.0463167812441644e-05,0.45986618090350523,CM
,235560,Contig_53714.fasta,0.02107642799951858,8.893540538442929e-05,0.46932180448276484,CM
,235560,Contig_498548.fasta,0.007102310989324245,9.449504311856168e-06,0.4314558221017211,CM
,235560,Contig_138961.fasta,0.025201995190815937,0.00012906158310098167,0.47528068976060595,CM
,235560,Contig_56931.fasta,0.012237904731664178,2.902690499193361e-05,0.4512187454863226,CM
,235560,Contig_53490.fasta,0.017810468032835963,6.185224644135427e-05,0.4639700932764666,CM
,235560,Contig_1261469.fasta,0.019491250641213154,7.421713959313973e-05,0.46581765960111154,CM
,235560,Contig_134080.fasta,0.01867904734501979,6.67868478845108e-05,0.464200237171941,CM
,235560,Contig_547636.fasta,0.0038088829057007388,1.7982129899906815e-06,0.39553156303407994,CM
,235560,Contig_555815.fasta,0.006088344773219449,7.26091729865628e-06,0.4215439991615464,CM
,235560,Contig_367999.fasta,0.012988307497989963,2.9196706466467266e-05,0.44905358835826925,CM
,235560,Contig_542481.fasta,0.02203378974711045,9.301684994109886e-05,0.46932180448276484,CM
,235560,Contig_54239.fasta,0.0,0.0,0.0,CM
,235560,Contig_135080.fasta,0.016986741097290432,5.8472027988571406e-05,0.4632810287815015,CM
,235560,Contig_543050.fasta,0.002010260074131649,4.444993621236498e-07,0.3384548564696684,CM
,235560,Contig_371121.fasta,0.010621243980087906,2.0049173296126836e-05,0.44436262019878114,CM
,235560,Contig_421275.fasta,0.01689858372836397,5.7203973847957015e-05,0.4632810287815015,CM
,235560,Contig_1064055.fasta,0.01795721179550293,5.817783159953404e-05,0.4603185824587472,CM
,235560,Contig_24574183.fasta,0.022773873654289283,0.00010426627098850752,0.4712123253467438,CM
,235560,Contig_1065010.fasta,0.020195058647426132,8.390401698993917e-05,0.46908655545796146,CM
,235560,Contig_542439.fasta,0.02097489653020688,9.024006468899161e-05,0.47026516489378545,CM
,235560,Contig_55615.fasta,0.0026175612105972727,6.49116167381315e-07,0.3746307758761541,CM
,235560,Contig_1062268.fasta,0.017174897194286394,5.8871316744982184e-05,0.4630517952195117,CM
,235560,Contig_545832.fasta,0.01072844405211497,2.2090752903882764e-05,0.44542012286465166,CM
,235560,Contig_994284.fasta,0.017526248610700488,5.797828627737038e-05,0.46145349020642656,CM
,235560,Contig_61283.fasta,0.015238104929670319,4.683323671460743e-05,0.457617446522559,CM
,235560,Contig_137216.fasta,0.021855201816274452,9.470185180952033e-05,0.4700289694317595,CM
,235560,Contig_369929.fasta,0.021840637452115848,9.198927221379269e-05,0.46932180448276484,CM
,235560,Contig_424266.fasta,0.0,0.0,0.0,CM
,235560,Contig_422733.fasta,0.022023560090982993,9.421295574408493e-05,0.46955728958285653,CM
,235560,Contig_993468.fasta,0.024015562395789912,0.00011512937318036301,0.47383679905753573,CM
,235560,Contig_2702.fasta,0.023243152792407695,0.00010537843879937449,0.4712123253467438,CM
,235560,Contig_550843.fasta,0.009391719702643575,1.5062264196692476e-05,0.43935571743597795,CM
,235560,Contig_555666.fasta,0.005706380178330071,5.058910562392341e-06,0.41225888904785596,CM
,235560,Contig_552333.fasta,0.0012249985125759382,0.0,0.31841703917612557,CM
,235560,Contig_59941.fasta,0.01302822099863614,3.247319996317582e-05,0.4518723699365684,CM
,235560,Contig_543660.fasta,0.012781550840886127,2.8186621664170453e-05,0.4492691685735156,CM
,235560,Contig_302582.fasta,0.0,0.0,0.0,CM
,235560,Contig_985007.fasta,0.007167994631129022,8.67061858994398e-06,0.4269286852822231,CM
,235560,Contig_137152.fasta,0.009101538243263584,1.6569413106409188e-05,0.4389435638548935,CM
,235560,Contig_551768.fasta,0.009981707390632494,1.8419122540766882e-05,0.43709840174620884,CM
,235560,Contig_54324.fasta,0.01673454482411655,5.867418280187179e-05,0.4589640402837828,CM
,235560,Contig_554908.fasta,0.019847625968681847,7.59199162467171e-05,0.4660496405072874,CM
,235560,Contig_988264.fasta,0.023645450932470634,0.00010567422484898736,0.4714497119086313,CM
,235560,Contig_57017.fasta,0.015305414529904238,4.49926466141062e-05,0.4589640402837828,CM
,235560,Contig_930599.fasta,0.007094629800615816,8.74328194403804e-06,0.42441164541434606,CM
,235560,Contig_368836.fasta,0.024296816733258206,0.00011928940107909511,0.4735970031065957,CM
,235560,Contig_501295.fasta,0.01971658033955886,7.577017214460834e-05,0.46767999906978164,CM
,235560,Contig_549348.fasta,0.022871262090476484,0.00010068076007428196,0.470501597857533,CM
,235560,Contig_3936.fasta,0.025557772504652215,0.00012944315206662893,0.4750394305272249,CM
,235560,Contig_53793.fasta,0.0172706111093671,5.736950409108839e-05,0.46259400797757444,CM
,235560,Contig_421232.fasta,0.0,0.0,0.0,CM
,235560,Contig_368389.fasta,0.02510091508408253,0.00012056596795824162,0.4731181385938489,CM
,235560,Contig_58788.fasta,0.004770797507247785,3.189553429794382e-06,0.40337399919768663,CM
,235560,Contig_991500.fasta,0.027641565955326915,0.00015472130583762568,0.47770682906515216,CM
,235560,Contig_555817.fasta,0.01948699407103292,7.152459284733322e-05,0.46535438992473055,CM
,235560,Contig_542483.fasta,0.008097933030252559,1.3460684802536803e-05,0.4344603891080005,CM
,235560,Contig_132900.fasta,0.012872478631473406,3.122429973145612e-05,0.4527468205798902,CM
,235560,Contig_543052.fasta,0.0010858830506803104,0.0,0.3037415378573947,CM
,235560,Contig_546119.fasta,0.007975823994766608,1.137312206814198e-05,0.43225296911715155,CM
,235560,Contig_6086.fasta,0.007088440060375786,7.98278258527792e-06,0.4224955657510759,CM
,235560,Contig_369459.fasta,0.02229631763494346,9.65425346917039e-05,0.46955728958285653,CM
,235560,Contig_1064787.fasta,0.003363710185378939,1.6961301949389259e-06,0.38103732823234243,CM
,235560,Contig_993918.fasta,0.007326474975836055,1.0052775572253013e-05,0.4292787514397399,CM
,235560,Contig_420935.fasta,0.008411144606170994,1.2273206602364903e-05,0.43607999913263423,CM
,235560,Contig_209716.fasta,0.014405154089649127,4.088290185213528e-05,0.4571703361693371,CM
,235560,Contig_549952.fasta,0.00236897249884673,6.603028509540332e-07,0.35938082877827693,CM
,235560,Contig_368269.fasta,0.00354942680015688,1.492861513081728e-06,0.38734589326930174,CM
,235560,Contig_58668.fasta,0.021809439753377423,9.353903178891036e-05,0.46838222129060714,CM
,235560,Contig_542949.fasta,0.01667631425680748,5.511977657405869e-05,0.4616811436303074,CM
,235560,Contig_425926.fasta,0.0,0.0,0.0,CM
,235560,Contig_439.fasta,0.01314699125823861,3.550556190270079e-05,0.4542852806498219,CM
,235560,Contig_428343.fasta,0.01867860362067934,6.587921573552521e-05,0.46351048941982814,CM
,235560,Contig_502497.fasta,0.005886113815674782,5.712520119813929e-06,0.41610834955030374,CM
,235560,Contig_793333.fasta,0.012693927486393308,2.9737838009668904e-05,0.4510012906692208,CM
,235560,Contig_985040.fasta,0.02219776352365524,9.660220297207289e-05,0.4700289694317595,CM
,235560,Contig_544337.fasta,0.008286534313341731,1.3647871229259414e-05,0.4344603891080005,CM
,235560,Contig_302538.fasta,0.003421795243028395,1.8877257530690314e-06,0.38369318496868926,CM
,235560,Contig_371387.fasta,0.006105865858165653,6.04658193098301e-06,0.4198419372537609,CM
,235560,Contig_985429.fasta,0.014635427142304959,3.727248699718447e-05,0.4527468205798902,CM
,235560,Contig_57780.fasta,0.015603435454604846,4.645446623417876e-05,0.4585142960012901,CM
,235560,Contig_5210.fasta,0.002440572655779167,7.337090602002244e-07,0.3652723177746421,CM
,235560,Contig_139344.fasta,0.006848897073765594,9.327912881877552e-06,0.42383499915698963,CM
,235560,Contig_303250.fasta,0.010520548534046702,2.159961793075931e-05,0.4437305254332068,CM
,235560,Contig_547305.fasta,0.0011266916610258614,0.0,0.3080407103813802,CM
,235560,Contig_368294.fasta,0.018098862120628133,6.210042345592694e-05,0.4644306094980809,CM
,235560,Contig_542526.fasta,0.0037245691601242724,2.1279222881586607e-06,0.39370116875836475,CM
,235560,Contig_59201.fasta,0.001266031221436751,0.0,0.3222547101028351,CM
,235560,Contig_132437.fasta,0.012236467519152954,2.8015603797631954e-05,0.4499171529512659,CM
,235560,Contig_135127.fasta,0.017381165970285894,5.623643364828025e-05,0.4609988562259276,CM
,235560,Contig_498840.fasta,0.01708516562679495,5.225513590222409e-05,0.4589640402837828,CM
,235560,Contig_201012.fasta,0.007337413384956172,8.258095972977224e-06,0.4284925266202533,CM
,235560,Contig_502796.fasta,0.01272560751404973,2.9385998893321357e-05,0.449484955878306,CM
,235560,Contig_371838.fasta,0.023231415329130436,0.00010145398965263674,0.47073826868140495,CM
,235560,Contig_369953.fasta,0.022842454408669687,9.85427742016379e-05,0.46955728958285653,CM
,235560,Contig_53998.fasta,0.0021985641178023023,4.6314904551872773e-07,0.35300930899231725,CM
,235560,Contig_549268.fasta,0.0034188392555267563,2.0396771637738353e-06,0.3829082152776731,CM
,235560,Contig_627031.fasta,0.009287602484243271,1.5519306684242948e-05,0.4344603891080005,CM
,235560,Contig_60946.fasta,0.023561538274643253,0.00011023548692483523,0.4731181385938489,CM
,235560,Contig_368584.fasta,0.0161368669555559,5.290608613525055e-05,0.46009227047130435,CM
,235560,Contig_499387.fasta,0.0036969820047651107,1.8654699439939109e-06,0.3902534103997636,CM
,235560,Contig_368916.fasta,0.022193549850455116,8.892653981667416e-05,0.4688515421536238,CM
,235560,Contig_131739.fasta,0.008630930314304697,1.3686196608785705e-05,0.4368943408677092,CM
,235560,Contig_368678.fasta,0.020646205007426206,8.524536041977626e-05,0.4674463926766399,CM
,235560,Contig_55737.fasta,0.002597977460848936,7.168237397025952e-07,0.3722464909063775,CM
,235560,Contig_57441.fasta,0.012871867851324091,3.3662327355789534e-05,0.45362466220971065,CM
,235560,Contig_139085.fasta,0.019652753750927097,7.677359432291523e-05,0.46767999906978164,CM
,235560,Contig_5194.fasta,0.0010858830506803104,0.0,0.3037415378573947,CM
,235560,Contig_500498.fasta,0.009562427728589739,1.7715627986110666e-05,0.44122002741095384,CM
,235560,Contig_35.fasta,0.003633072162796576,1.425737638120597e-06,0.3871856343147013,CM
,235560,Contig_1124667.fasta,0.020386490313632644,8.524054735698654e-05,0.4674463926766399,CM
,235560,Contig_800316.fasta,0.0011896301190183257,0.0,0.31403613360356813,CM
,235560,Contig_56028.fasta,0.019866259487572806,8.09508023406483e-05,0.46838222129060714,CM
,235560,Contig_551712.fasta,0.0022996063401086583,2.9829946308820755e-07,0.3536763711786217,CM
,235560,Contig_502713.fasta,0.02543396708420274,0.00013000652452337032,0.4750394305272249,CM
,235560,Contig_59610.fasta,0.014483782276960146,4.067925185237475e-05,0.4567240986523344,CM
,235560,Contig_302604.fasta,0.015103264575766278,4.4146270610752394e-05,0.4571703361693371,CM
,235560,Contig_551757.fasta,0.003346498421812304,1.3184215635663319e-06,0.377959482285393,CM
,235560,Contig_932201.fasta,0.004580821739475726,3.4961179242256416e-06,0.4028530685056535,CM
,235560,Contig_133865.fasta,0.002222490239772423,3.9942996315678913e-07,0.3498421226686479,CM
,235560,Contig_986463.fasta,0.017829737431686987,6.73487900688711e-05,0.4660496405072874,CM
,235560,Contig_545427.fasta,0.006565589287674501,6.811849302101856e-06,0.4150011876446266,CM
,235560,Contig_62172.fasta,0.01435231578620634,4.128828070497687e-05,0.4585142960012901,CM
,235560,Contig_55436.fasta,0.003717661398869494,2.2745610797346932e-06,0.39603371905993784,CM
,235560,Contig_548295.fasta,0.003903681746015032,2.144940517607794e-06,0.4004397424641134,CM
,235560,Contig_550839.fasta,0.0,0.0,0.0,CM
,235560,Contig_370302.fasta,0.017131558508716227,5.638202894323304e-05,0.4616811436303074,CM
,235560,Contig_372074.fasta,0.023590051129583078,0.00010779149046581317,0.4726402414841581,CM
,235560,Contig_553798.fasta,0.021883138378373135,9.706828140069485e-05,0.47097517772452596,CM
,235560,Contig_500799.fasta,0.006823703766213954,8.391729998835355e-06,0.42287739635726757,CM
,235560,Contig_54243.fasta,0.026260425587371745,0.0001422969867129082,0.4769763904885999,CM
,235560,Contig_543869.fasta,0.0,0.0,0.0,CM
,235560,Contig_137718.fasta,0.02641010415283845,0.00014220736020102023,0.47673340710067913,CM
,235560,Contig_53716.fasta,0.010268906636300616,1.9681136555270503e-05,0.4395620846118521,CM
,235560,Contig_369798.fasta,0.011771752852049828,2.5928929727434827e-05,0.4488382149345962,CM
,235560,Contig_985160.fasta,0.014025021551753943,3.53250643821573e-05,0.45362466220971065,CM
,235560,Contig_56618.fasta,0.01621039272910214,5.044485847243416e-05,0.4594146677165602,CM
,235560,Contig_369421.fasta,0.0021492536280262077,3.6493100948479865e-07,0.3453238664718203,CM
,235560,Contig_136070.fasta,0.01918546370127926,7.415244568450989e-05,0.46721301954000655,CM
,235560,Contig_547124.fasta,0.004700423409385071,3.085701699511534e-06,0.40302656250587127,CM
,235560,Contig_555395.fasta,0.001959603047460623,3.6050263724359584e-07,0.3357831640253438,CM
,235560,Contig_2620.fasta,0.02210626022159187,9.369453811290809e-05,0.46932180448276484,CM
,235560,Contig_990679.fasta,0.003659201909286541,1.6018404160418472e-06,0.39041621949880395,CM
,235560,Contig_137371.fasta,0.019047787409737393,6.609285489836262e-05,0.464200237171941,CM
,235560,Contig_200971.fasta,0.005076738925425125,4.134096564073959e-06,0.41335144794109235,CM
,235560,Contig_55880.fasta,0.024260988112838777,0.00011529917141540431,0.47287906929693435,CM
,235560,Contig_53941.fasta,0.016476280055090393,5.235313178371725e-05,0.4623654536258069,CM
,235560,Contig_54457.fasta,0.004770369244687278,4.216331295972392e-06,0.4084799991875308,CM
,235560,Contig_543587.fasta,0.0009603591121540899,0.0,0.29400806727572515,CM
,235560,Contig_132047.fasta,0.0012861205354177591,0.0,0.3243770114865279,CM
,235560,Contig_133002.fasta,0.019834856974257613,7.642078877094875e-05,0.46721301954000655,CM
,235560,Contig_368235.fasta,0.014789499069172946,4.426991054810279e-05,0.4567240986523344,CM
,235560,Contig_212696.fasta,0.01588409707550837,5.008245004590947e-05,0.4573937820814434,CM
,235560,Contig_428432.fasta,0.027443497334243033,0.00015214801524938913,0.4772196216923167,CM
,235560,Contig_545097.fasta,0.0012341715686253697,0.0,0.31830873406075955,CM
,235560,Contig_550773.fasta,0.004784715820791165,3.849098165566683e-06,0.40547126435815994,CM
,235560,Contig_134557.fasta,0.01878279637029627,6.586278320213108e-05,0.46581765960111154,CM
,235560,Contig_370062.fasta,0.012970090353474437,3.0475955492054027e-05,0.4520906657674556,CM
,235560,Contig_420336.fasta,0.005897815597779646,5.694700740958833e-06,0.4135341043476063,CM
,235560,Contig_60298.fasta,0.01864890464581288,6.735768153422433e-05,0.46489204080408997,CM
,235560,Contig_424515.fasta,0.0012249985125759382,0.0,0.31841703917612557,CM
,235560,Contig_498859.fasta,0.010157494798468851,2.0314567170479194e-05,0.4437305254332068,CM
,235560,Contig_987746.fasta,0.00444690837590518,3.2582208608951265e-06,0.39788591757594943,CM
,235560,Contig_553390.fasta,0.020381245407617887,8.202516773165494e-05,0.4669798793106951,CM
,235560,Contig_54838.fasta,0.02468887406668417,0.00011453319952812666,0.4724016547898198,CM
,235560,Contig_808772.fasta,0.02682379847075426,0.00014679069906207501,0.47770682906515216,CM
,235560,concatenated_maxbin2.1689.fasta,0.12376572543994772,0.02454991238156499,0.43709840174620884,CM
,235560,concatenated_maxbin2.0347.fasta,0.15536902985373416,0.054687562581592304,0.4964603067048452,CM
,235560,concatenated_maxbin2.0432.fasta,0.15411345434943913,0.05140273097971773,0.4917644131049044,CM
,235560,concatenated_maxbin2.0512.fasta,0.13821715072388577,0.03543081399400096,0.46054511719420915,CM
,235560,concatenated_maxbin2.0082.fasta,0.13500938604561008,0.03435068551938688,0.4551691041530317,CM
,235560,concatenated_metabat2.783.fasta,0.10107379070713222,0.01580736767028284,0.4081237148445849,CM
,235560,concatenated_bin.308.fasta,0.14332217159773927,0.042699397623147894,0.4712123253467438,CM
,235560,concatenated_maxbin2.0325.fasta,0.11507806314744233,0.024569086687915364,0.42518295235739806,CM
,235560,concatenated_metabat2.665.fasta,0.14266820707847366,0.043344565574708414,0.4714497119086313,CM
,235560,concatenated_maxbin2.0610.fasta,0.14255118551582446,0.04027537697255183,0.46838222129060714,CM
,235560,concatenated_maxbin2.0126.fasta,0.14854309229351217,0.041597979040185376,0.4781950322629704,CM
,235560,concatenated_maxbin2.0342.fasta,0.11932395196956694,0.02382701550197885,0.4312569945339323,CM
,235560,concatenated_bin.737.fasta,0.15170618886547893,0.04766515688257258,0.4869030583447623,CM
,235560,concatenated_bin.182.fasta,0.1117436989735186,0.02073930153329411,0.42135419997236967,CM
,235560,concatenated_maxbin2.0908.fasta,0.15719739855079937,0.050795315290447084,0.4954090408356978,CM
,235560,concatenated_maxbin2.1011.fasta,0.14960326248177053,0.043313999838588246,0.48040435222722433,CM
,235560,concatenated_metabat2.358.fasta,0.12914206222347197,0.03438487014129363,0.44797878321619583,CM
,235560,concatenated_maxbin2.0541.fasta,0.14678931495692188,0.044805936373491395,0.4781950322629704,CM
,235560,concatenated_bin.204.fasta,0.12266472773898,0.02584858681270368,0.43669047043333326,CM
,235560,concatenated_metabat2.164.fasta,0.13011936544928215,0.02956754591874245,0.44584453460630447,CM
,235560,concatenated_maxbin2.0329.fasta,0.13379228332480034,0.03121446282561966,0.453185316289895,CM
,235560,concatenated_bin.240.fasta,0.1337418323089082,0.035039901578168234,0.45450591458894274,CM
,235560,concatenated_metabat2.793.fasta,0.15179186574873488,0.04317186399708911,0.4843828561794167,CM
,235560,concatenated_maxbin2.0177.fasta,0.1370802952406191,0.04045989325955791,0.4630517952195117,CM
,235560,concatenated_metabat2.147.fasta,0.14788850536387688,0.04495488951008046,0.4779508059952161,CM
,235560,concatenated_maxbin2.0272.fasta,0.16195134868811611,0.056858792353588705,0.5074987408560917,CM
