Method,Number of Swaps,Node,Eigenvector Centrality,Betweenness Centrality,Closeness Centrality,Methods
,235560,Contig_60400.fasta,0.0222151017229912,9.915538828951692e-05,0.4712123253467438,CM
,235560,Contig_303000.fasta,0.01438297656493575,4.111235683803822e-05,0.457617446522559,CM
,235560,Contig_58480.fasta,0.0035166549921946564,1.2225028488368022e-06,0.38559030825654433,CM
,235560,Contig_547953.fasta,0.02041892256948141,7.695734621081954e-05,0.4674463926766399,CM
,235560,Contig_501261.fasta,0.013674935644711882,3.345453263935832e-05,0.4510012906692208,CM
,235560,Contig_59812.fasta,0.019711524584475858,7.635550187590723e-05,0.466746971640216,CM
,235560,Contig_137842.fasta,0.026604764600881927,0.00014420427130809883,0.4774631010911394,CM
,235560,Contig_305555.fasta,0.01958448844522069,7.065394871356851e-05,0.4644306094980809,CM
,235560,Contig_1064437.fasta,0.019464565895596718,7.264098790466024e-05,0.46535438992473055,CM
,235560,Contig_302768.fasta,0.004872052814553237,3.1995220268662543e-06,0.40547126435815994,CM
,235560,Contig_308773.fasta,0.010258903915424096,1.9599665026699697e-05,0.44247171543197783,CM
,235560,Contig_548846.fasta,0.0012920020000373263,0.0,0.32595878723045385,CM
,235560,Contig_367992.fasta,0.004582189095601488,3.07016871733614e-06,0.4006111635867436,CM
,235560,Contig_2515.fasta,0.020249555629413045,7.50478691680068e-05,0.4665142961807742,CM
,235560,Contig_139114.fasta,0.02423130212222522,0.00011534212206078902,0.47383679905753573,CM
,235560,Contig_1118110.fasta,0.021313519876231594,9.211333007936292e-05,0.47073826868140495,CM
,235560,Contig_499911.fasta,0.023196213703370102,0.0001063493604713736,0.4721633088489572,CM
,235560,Contig_552124.fasta,0.0,0.0,0.0,CM
,235560,Contig_133566.fasta,0.016321827643744583,5.429082759502143e-05,0.4637401774720679,CM
,235560,Contig_131655.fasta,0.004158059548515913,2.5138924394579644e-06,0.3862268584971659,CM
,235560,Contig_550217.fasta,0.006834773240499786,9.27880169720678e-06,0.42383499915698963,CM
,235560,Contig_1065858.fasta,0.019535987110464875,7.218446883766128e-05,0.4644306094980809,CM
,235560,Contig_502682.fasta,0.00491044090747025,4.33987314703877e-06,0.4100910070721442,CM
,235560,Contig_59781.fasta,0.009665821501628877,1.8000440027422465e-05,0.4428905244385391,CM
,235560,Contig_544167.fasta,0.020050323363948765,8.262212038628697e-05,0.4674463926766399,CM
,235560,Contig_500923.fasta,0.004607936404188645,3.4443299443093453e-06,0.40233348157292914,CM
,235560,Contig_53423.fasta,0.008135117618364067,1.3164079295916228e-05,0.43265264823792565,CM
,235560,Contig_54970.fasta,0.008887477507698884,1.187391390609078e-05,0.43006786679165127,CM
,235560,Contig_371293.fasta,0.02554638978982465,0.00012712626275177352,0.4745576461149255,CM
,235560,Contig_368039.fasta,0.012233964694232448,2.7813395839804378e-05,0.45252789078270456,CM
,235560,Contig_139681.fasta,0.008157737125855607,1.2124844201133025e-05,0.43006786679165127,CM
,235560,Contig_139250.fasta,0.006693237102194451,7.592174311405225e-06,0.4175937876566859,CM
,235560,Contig_55970.fasta,0.021195409306923048,9.022804039314809e-05,0.47026516489378545,CM
,235560,Contig_370642.fasta,0.006838903191740233,9.093515030361494e-06,0.42441164541434606,CM
,235560,Contig_424505.fasta,0.014305404238532146,3.8374875485554795e-05,0.4520906657674556,CM
,235560,Contig_1064106.fasta,0.008208137948128745,1.2317116418296809e-05,0.43066160981989554,CM
,235560,Contig_53687.fasta,0.0023654200116376696,5.394047201312344e-07,0.35677761271011554,CM
,235560,Contig_988292.fasta,0.011022722937198843,2.31430305229758e-05,0.44797878321619583,CM
,235560,Contig_2.fasta,0.004974272919644495,4.2303859757772025e-06,0.4135341043476063,CM
,235560,Contig_55746.fasta,0.003644730617084058,2.0226481291503012e-06,0.3912323069141443,CM
,235560,Contig_370874.fasta,0.016367843277190763,4.5376743832613593e-05,0.4565013064090893,CM
,235560,Contig_62202.fasta,0.020937838675435437,8.879887202006611e-05,0.470501597857533,CM
,235560,Contig_131826.fasta,0.01961759759404126,7.349406853679958e-05,0.46535438992473055,CM
,235560,Contig_60972.fasta,0.018710545677393404,7.199452558497627e-05,0.46535438992473055,CM
,235560,Contig_502426.fasta,0.01061142560061717,1.9411107105152632e-05,0.44331012701972194,CM
,235560,Contig_302574.fasta,0.00939835481588112,1.8598918713179378e-05,0.44038949559465085,CM
,235560,Contig_369922.fasta,0.028105187291563655,0.00015542649362348295,0.4779508059952161,CM
,235560,Contig_56774.fasta,0.002357319625731425,5.682313590677833e-07,0.3552876530518728,CM
,235560,Contig_53586.fasta,0.01888878543295688,6.813850681835149e-05,0.4644306094980809,CM
,235560,Contig_305448.fasta,0.0196527417897206,7.024615987325827e-05,0.46512310046651745,CM
,235560,Contig_423780.fasta,0.02124363675059951,8.89721097607697e-05,0.46838222129060714,CM
,235560,Contig_368225.fasta,0.021808372991593074,9.663887021816305e-05,0.471925203297344,CM
,235560,Contig_498426.fasta,0.024199568579768675,0.00011467988855439107,0.473357449741342,CM
,235560,Contig_543905.fasta,0.005584838494277989,4.9330326941555816e-06,0.4120773571724496,CM
,235560,Contig_799449.fasta,0.015200621409195321,4.1367810490260496e-05,0.4567240986523344,CM
,235560,Contig_307703.fasta,0.022099056243131663,9.026869921112183e-05,0.4700289694317595,CM
,235560,Contig_135212.fasta,0.0245261139666529,0.00012122215600072303,0.47479841610280726,CM
,235560,Contig_542656.fasta,0.01848760259838297,6.49231424287437e-05,0.4639700932764666,CM
,235560,Contig_368570.fasta,0.006966891774209258,9.11772940698614e-06,0.4242192557292081,CM
,235560,Contig_58171.fasta,0.019771218009449684,7.827886355120728e-05,0.4674463926766399,CM
,235560,Contig_989217.fasta,0.020937332305144638,8.40163959325232e-05,0.46838222129060714,CM
,235560,Contig_24573992.fasta,0.0013477768360124272,0.0,0.3311492137787095,CM
,235560,Contig_422441.fasta,0.0008613772581771146,0.0,0.2857489093553078,CM
,235560,Contig_58619.fasta,0.010760522410450543,1.9811395556337285e-05,0.44457371883070457,CM
,235560,Contig_55786.fasta,0.021772307031952577,9.314709360532711e-05,0.46908655545796146,CM
,235560,Contig_84.fasta,0.008962940659583576,1.2307222270124255e-05,0.4324527163302371,CM
,235560,Contig_302648.fasta,0.006275189387983256,6.180024913160036e-06,0.42441164541434606,CM
,235560,Contig_56021.fasta,0.004773602584692487,3.2999749854187582e-06,0.4037220354351308,CM
,235560,Contig_500040.fasta,0.0239591642175475,0.00012022480206340653,0.4755221941761347,CM
,235560,Contig_1066208.fasta,0.01630478820052111,5.390124905686487e-05,0.46054511719420915,CM
,235560,Contig_56448.fasta,0.005963855286114022,6.414962173053535e-06,0.4183404908979138,CM
,235560,Contig_211575.fasta,0.0024412459371168775,7.550856876151991e-07,0.3582801217988641,CM
,235560,Contig_58270.fasta,0.027501420506688325,0.0001467838244902815,0.47624818225884635,CM
,235560,Contig_501846.fasta,0.02300396515262425,0.00010090750064243261,0.4700289694317595,CM
,235560,Contig_542512.fasta,0.012242311391298125,3.1134834112624806e-05,0.45384465477140307,CM
,235560,Contig_134156.fasta,0.017216987990769036,6.0362897290726315e-05,0.464200237171941,CM
,235560,Contig_24575311.fasta,0.0045223196867159345,3.0809065245190994e-06,0.4006111635867436,CM
,235560,Contig_56365.fasta,0.024244281053393404,0.00011743603062343946,0.47407683796283334,CM
,235560,Contig_24577067.fasta,0.014656627155075349,4.030366497051825e-05,0.4542852806498219,CM
,235560,Contig_302549.fasta,0.02089069843136901,8.272317922944422e-05,0.4681479130258295,CM
,235560,Contig_61598.fasta,0.017269320419811048,6.057594038414625e-05,0.464200237171941,CM
,235560,Contig_57982.fasta,0.01988373256527725,7.851373448731516e-05,0.46791383906931655,CM
,235560,Contig_367952.fasta,0.017450571010793003,5.590153947540997e-05,0.4621371250067324,CM
,235560,Contig_548080.fasta,0.010797860311239525,2.194986767765359e-05,0.44310022639139823,CM
,235560,Contig_55623.fasta,0.017468853838797864,5.829922621775332e-05,0.4637401774720679,CM
,235560,Contig_56982.fasta,0.024069196022207258,0.00011381686510529266,0.47287906929693435,CM
,235560,Contig_1066315.fasta,0.00987316327340401,1.8187049881668688e-05,0.4375070959039893,CM
,235560,Contig_369802.fasta,0.02268408100039575,0.0001021951115716752,0.47097517772452596,CM
,235560,Contig_132276.fasta,0.019444874507962936,6.970191791329319e-05,0.464200237171941,CM
,235560,Contig_985545.fasta,0.02031773072803188,7.714801326919056e-05,0.46558590952170803,CM
,235560,Contig_56278.fasta,0.0,0.0,0.0,CM
,235560,Contig_61852.fasta,0.020326384070178106,8.656964047111435e-05,0.4700289694317595,CM
,235560,Contig_985500.fasta,0.018188561140004215,6.196642869690962e-05,0.4616811436303074,CM
,235560,Contig_499607.fasta,0.015526330355854245,4.547917601076488e-05,0.4589640402837828,CM
,235560,Contig_2240.fasta,0.021700173931024358,9.189319406389388e-05,0.46979301111377164,CM
,235560,Contig_370216.fasta,0.010844321894897063,2.2284977289663866e-05,0.44733636622305595,CM
,235560,Contig_309063.fasta,0.02323642763958661,0.00010872513179929248,0.473357449741342,CM
,235560,Contig_57285.fasta,0.012218799624145115,2.8899728955542507e-05,0.4527468205798902,CM
,235560,Contig_3691.fasta,0.008094393721259582,1.1965687857347797e-05,0.4304635134032351,CM
,235560,Contig_59029.fasta,0.02314980153621279,0.00010215667946536787,0.4714497119086313,CM
,235560,Contig_3240.fasta,0.013760770870519244,3.766504837192208e-05,0.4567240986523344,CM
,235560,Contig_56285.fasta,0.022039773761001615,9.601990511161389e-05,0.47097517772452596,CM
,235560,Contig_371253.fasta,0.027495406444633927,0.0001429903183357661,0.47528068976060595,CM
,235560,Contig_1263041.fasta,0.007322755499167695,9.44767599606867e-06,0.4265395069000151,CM
,235560,Contig_138129.fasta,0.022399835493471118,9.473212152593519e-05,0.470501597857533,CM
,235560,Contig_302755.fasta,0.010938847348672733,2.175728907837838e-05,0.4456322276850634,CM
,235560,Contig_544576.fasta,0.012002747156402836,2.896619351517026e-05,0.4510012906692208,CM
,235560,Contig_278.fasta,0.0011208981906142414,0.0,0.30773682280126047,CM
,235560,Contig_131695.fasta,0.022173406624831353,9.723245735594136e-05,0.47168733777148847,CM
,235560,Contig_548245.fasta,0.002434103894246585,5.4341852409488e-07,0.36202231262616363,CM
,235560,Contig_1065632.fasta,0.006120699805072486,6.022477645754712e-06,0.4209751138725295,CM
,235560,Contig_55072.fasta,0.021212127579490012,8.884782514688902e-05,0.4700289694317595,CM
,235560,Contig_204149.fasta,0.009286037802372188,1.6042772296159705e-05,0.43832678132957054,CM
,235560,Contig_369610.fasta,0.004937807681416644,3.513394311050522e-06,0.40776805147652856,CM
,235560,Contig_498487.fasta,0.015528862589089601,5.073356544934046e-05,0.46122606118217496,CM
,235560,Contig_201047.fasta,0.008283489802884864,1.2205390127859667e-05,0.4338561326558336,CM
,235560,Contig_136690.fasta,0.011729546067149939,2.5667833597476535e-05,0.4484080872729435,CM
,235560,Contig_550313.fasta,0.019673188311964504,7.80376478884085e-05,0.46721301954000655,CM
,235560,Contig_60291.fasta,0.010811798067012086,2.3590634627535405e-05,0.44648267086766846,CM
,235560,Contig_370828.fasta,0.01764883374084822,5.9143221421316266e-05,0.46282278839695007,CM
,235560,Contig_139853.fasta,0.002376127502404777,4.954531365185572e-07,0.3596570630817191,CM
,235560,Contig_57005.fasta,0.004905015038516622,3.825016704577777e-06,0.4100910070721442,CM
,235560,Contig_1062860.fasta,0.006957529798938949,7.346308100277286e-06,0.4215439991615464,CM
,235560,Contig_543959.fasta,0.0,0.0,0.0,CM
,235560,Contig_53626.fasta,0.01814849173683315,6.422274315473345e-05,0.4662818525852681,CM
,235560,Contig_54373.fasta,0.022095859870543886,9.728087542340325e-05,0.4721633088489572,CM
,235560,Contig_549101.fasta,0.0,0.0,0.0,CM
,235560,Contig_371402.fasta,0.023532314697064148,0.0001121601411438011,0.47383679905753573,CM
,235560,Contig_421838.fasta,0.003576163585019167,1.7579831050702664e-06,0.38559030825654433,CM
,235560,Contig_1128005.fasta,0.0,0.0,0.0,CM
,235560,Contig_368554.fasta,0.020338780529554464,8.111820927472315e-05,0.46838222129060714,CM
,235560,Contig_58584.fasta,0.017950524495655016,6.221640473689771e-05,0.46282278839695007,CM
,235560,Contig_368185.fasta,0.016227096329871432,4.7812452957764066e-05,0.4585142960012901,CM
,235560,Contig_707918.fasta,0.016331512317972675,5.198002402575055e-05,0.46054511719420915,CM
,235560,Contig_992623.fasta,0.020815947515671507,8.382426130185655e-05,0.46838222129060714,CM
,235560,Contig_1062938.fasta,0.016391977776295613,5.414349174508697e-05,0.4623654536258069,CM
,235560,Contig_133910.fasta,0.007059562637837114,8.709638193451748e-06,0.4271235409122013,CM
,235560,Contig_136735.fasta,0.01804188112941129,6.708425723939703e-05,0.4674463926766399,CM
,235560,Contig_133582.fasta,0.028636549995807236,0.000160047797217992,0.4779508059952161,CM
,235560,Contig_303771.fasta,0.025313895331295515,0.00012560698176392455,0.4745576461149255,CM
,235560,Contig_542493.fasta,0.01743151788572993,6.166669214410658e-05,0.46282278839695007,CM
,235560,Contig_370277.fasta,0.019658792214004222,7.37859887543649e-05,0.4662818525852681,CM
,235560,Contig_422210.fasta,0.017979190910801652,6.45349798758447e-05,0.464200237171941,CM
,235560,Contig_53810.fasta,0.013103280745477073,3.102146944463603e-05,0.4516542848159426,CM
,235560,Contig_54994.fasta,0.028636549995807236,0.000160047797217992,0.4779508059952161,CM
,235560,Contig_54506.fasta,0.01768735273953927,6.279184602283801e-05,0.46489204080408997,CM
,235560,Contig_24570062.fasta,0.003383378766741234,1.954299665816229e-06,0.3830649521648109,CM
,235560,Contig_502567.fasta,0.01924036759475724,7.396595475304065e-05,0.4662818525852681,CM
,235560,Contig_985561.fasta,0.01819583803095983,6.284922750269485e-05,0.46558590952170803,CM
,235560,Contig_54969.fasta,0.001150244473438947,0.0,0.3116309284510933,CM
,235560,Contig_135393.fasta,0.026731254414073813,0.00014090030340983093,0.47673340710067913,CM
,235560,Contig_132217.fasta,0.015839847899935623,5.117320053095246e-05,0.46054511719420915,CM
,235560,Contig_61833.fasta,0.020957676673216512,8.678484878461571e-05,0.4700289694317595,CM
,235560,Contig_499666.fasta,0.0,0.0,0.0,CM
,235560,Contig_62792.fasta,0.009692393011248033,1.7999217436158585e-05,0.4422626078159892,CM
,235560,Contig_1065841.fasta,0.027640011102103814,0.00014600788697291252,0.47649067115001686,CM
,235560,Contig_134869.fasta,0.00856471736321518,1.2615299559587978e-05,0.43730265333580987,CM
,235560,Contig_555468.fasta,0.008400381635126875,1.3185400361103795e-05,0.43669047043333326,CM
,235560,Contig_367976.fasta,0.0,0.0,0.0,CM
,235560,Contig_55642.fasta,0.0035867292324082574,1.7367875660700863e-06,0.38863275670209013,CM
,235560,Contig_58349.fasta,0.01066253187146987,2.3566098150134953e-05,0.44648267086766846,CM
,235560,Contig_136319.fasta,0.017379217431361064,5.770314915777958e-05,0.4623654536258069,CM
,235560,Contig_131609.fasta,0.01974338741550925,7.741396878510207e-05,0.4674463926766399,CM
,235560,Contig_420267.fasta,0.019517253431932884,7.230780466752452e-05,0.46512310046651745,CM
,235560,Contig_368748.fasta,0.020686786753331052,7.834959882147258e-05,0.4662818525852681,CM
,235560,Contig_1065496.fasta,0.024444091457805503,0.00011709895860731722,0.473357449741342,CM
,235560,Contig_2120.fasta,0.008508923390881443,1.346793897350671e-05,0.43669047043333326,CM
,235560,Contig_368399.fasta,0.016187265781329195,4.9831209276527854e-05,0.46077187500671246,CM
,235560,Contig_367933.fasta,0.008446372174279935,1.2725072107883649e-05,0.43567396561388877,CM
,235560,Contig_24566365.fasta,0.0010969310819709814,0.0,0.3047306018035275,CM
,235560,Contig_985209.fasta,0.011356394862777841,2.46487921885267e-05,0.4435202266059872,CM
,235560,Contig_371176.fasta,0.02352495310122304,0.00010353710641133612,0.4712123253467438,CM
,235560,Contig_138521.fasta,0.003829388748684835,2.5312629678508283e-06,0.3989035286183432,CM
,235560,Contig_54607.fasta,0.024202889197108352,0.00011490014188099091,0.473357449741342,CM
,235560,Contig_1063557.fasta,0.011511400751945407,2.4899783124653423e-05,0.44733636622305595,CM
,235560,Contig_137319.fasta,0.016808140929690397,4.884426941470119e-05,0.45694710846612946,CM
,235560,Contig_53407.fasta,0.00939999270336789,1.4123344482147184e-05,0.4399754010994984,CM
,235560,Contig_1062202.fasta,0.017849170870209447,6.049449219055947e-05,0.4637401774720679,CM
,235560,Contig_422644.fasta,0.021716845776234048,8.708998000320847e-05,0.46767999906978164,CM
,235560,Contig_991144.fasta,0.025120908638998775,0.00012403407415889498,0.47407683796283334,CM
,235560,Contig_500942.fasta,0.017312330529840953,5.5990990068893004e-05,0.4616811436303074,CM
,235560,Contig_553943.fasta,0.006907471433096288,7.4085176203783114e-06,0.4211645716195468,CM
,235560,Contig_137361.fasta,0.022976302356470933,0.00010073407255020619,0.47097517772452596,CM
,235560,Contig_551233.fasta,0.0010614454871989032,0.0,0.3037415378573947,CM
,235560,Contig_54682.fasta,0.0,0.0,0.0,CM
,235560,Contig_53743.fasta,0.012871444367733841,2.898961310671443e-05,0.4507840453461624,CM
,235560,Contig_138130.fasta,0.007879307967957718,1.0783572537761299e-05,0.4290819248686993,CM
,235560,Contig_59389.fasta,0.003583412649608861,2.3041621327745203e-06,0.39074224556936665,CM
,235560,Contig_1194793.fasta,0.015478884010416978,4.6166703796662264e-05,0.4589640402837828,CM
,235560,Contig_62383.fasta,0.026776531708393652,0.0001453892328411473,0.47770682906515216,CM
,235560,Contig_58030.fasta,0.017418072211304387,5.740764040097088e-05,0.46145349020642656,CM
,235560,Contig_930757.fasta,0.01174748569155678,2.134466005491428e-05,0.44669578908765306,CM
,235560,Contig_368431.fasta,0.025052661965230198,0.00012067276788233152,0.47383679905753573,CM
,235560,Contig_990245.fasta,0.02673101661209436,0.00014229256815838305,0.47649067115001686,CM
,235560,Contig_985135.fasta,0.01750150186940793,6.213837040071778e-05,0.46535438992473055,CM
,235560,Contig_368201.fasta,0.0012082875298684932,0.0,0.31541209239589924,CM
,235560,Contig_136281.fasta,0.021938846238992338,9.808128802343405e-05,0.47168733777148847,CM
,235560,Contig_547390.fasta,0.017859935998927826,6.080142156291296e-05,0.4630517952195117,CM
,235560,Contig_369244.fasta,0.012918102152195568,3.0411248038491453e-05,0.4507840453461624,CM
,235560,Contig_4654.fasta,0.019851549609903422,6.958414758213228e-05,0.46512310046651745,CM
,235560,Contig_57750.fasta,0.009253125391439786,1.5606107120691613e-05,0.4381215721622814,CM
,235560,Contig_370786.fasta,0.0037831597724227646,2.063303449633824e-06,0.3967052471973858,CM
,235560,Contig_552788.fasta,0.0032491563986067006,1.59487576271946e-06,0.37553277613909836,CM
,235560,Contig_372448.fasta,0.023259480035220128,0.00010537183933541922,0.47097517772452596,CM
,235560,Contig_499703.fasta,0.009339640263608251,1.3162608753913974e-05,0.4348641627038258,CM
,235560,Contig_62226.fasta,0.025706631013062746,0.00013347778214707205,0.47624818225884635,CM
,235560,Contig_368906.fasta,0.009498520504162977,1.540452421671022e-05,0.4368943408677092,CM
,235560,Contig_543263.fasta,0.020518446858709332,8.244773615867367e-05,0.46838222129060714,CM
,235560,Contig_551403.fasta,0.0,0.0,0.0,CM
,235560,Contig_423759.fasta,0.0025024247450063067,5.289519527571854e-07,0.36541494655940376,CM
,235560,Contig_310330.fasta,0.020290971615660607,7.86875403207051e-05,0.46767999906978164,CM
,235560,Contig_61150.fasta,0.02212065190241344,9.26196024828999e-05,0.4688515421536238,CM
,235560,Contig_500731.fasta,0.02187642877050115,9.47847215841601e-05,0.4714497119086313,CM
,235560,Contig_710339.fasta,0.02409932052777836,0.00011029832186950329,0.4731181385938489,CM
,235560,Contig_137986.fasta,0.003504498839415278,1.5343887358446725e-06,0.3821264508528514,CM
,235560,Contig_56080.fasta,0.01853440743535452,6.725172004204192e-05,0.4639700932764666,CM
,235560,Contig_549184.fasta,0.017201761862754805,5.200223825824118e-05,0.4594146677165602,CM
,235560,Contig_54762.fasta,0.0023762383817054434,4.5729906450172545e-07,0.3609053907206452,CM
,235560,Contig_25.fasta,0.019438286218585073,7.484540015581233e-05,0.4660496405072874,CM
,235560,Contig_1197505.fasta,0.014360487205617452,3.990082908565863e-05,0.45694710846612946,CM
,235560,Contig_57080.fasta,0.009236220595922587,1.8084350358424274e-05,0.44080437029610603,CM
,235560,Contig_370487.fasta,0.017461731622103703,5.998240033818049e-05,0.4623654536258069,CM
,235560,Contig_24576382.fasta,0.026045675604750494,0.000130797583241019,0.4755221941761347,CM
,235560,Contig_1067254.fasta,0.0024904044643615886,7.988462278011172e-07,0.36800144637775584,CM
,235560,Contig_131537.fasta,0.012942252161622324,3.024300067478701e-05,0.4510012906692208,CM
,235560,Contig_370248.fasta,0.014649394211546532,3.88834315329828e-05,0.453185316289895,CM
,235560,Contig_555756.fasta,0.020992698488038457,8.753991310123568e-05,0.46955728958285653,CM
,235560,Contig_928928.fasta,0.021840725777053177,9.078836509440718e-05,0.46861676421564,CM
,235560,Contig_307640.fasta,0.022053020453016364,9.769034389804075e-05,0.47168733777148847,CM
,235560,Contig_554387.fasta,0.0011208981906142414,0.0,0.30773682280126047,CM
,235560,Contig_621002.fasta,0.013382805173475685,3.522821421634771e-05,0.4551691041530317,CM
,235560,Contig_1271583.fasta,0.0229237254004469,0.00010390661167122168,0.4712123253467438,CM
,235560,Contig_54680.fasta,0.015741433650477546,5.117728494456333e-05,0.46282278839695007,CM
,235560,Contig_53390.fasta,0.023242027717947953,0.00010827512227395844,0.4726402414841581,CM
,235560,Contig_56162.fasta,0.020589103898890442,8.126762783126225e-05,0.466746971640216,CM
,235560,Contig_2576.fasta,0.007460519201785204,8.991587929868924e-06,0.43006786679165127,CM
,235560,Contig_795410.fasta,0.01420182959052198,4.1307115814626135e-05,0.4591892434438828,CM
,235560,Contig_552102.fasta,0.0023180818213047547,3.8596913880753363e-07,0.35664164563210105,CM
,235560,Contig_542414.fasta,0.006845029281918391,7.291199767506103e-06,0.42211442405892335,CM
,235560,Contig_58376.fasta,0.016877556574007656,5.015491551372193e-05,0.46054511719420915,CM
,235560,Contig_1062568.fasta,0.018785454424433246,6.905484169924872e-05,0.4630517952195117,CM
,235560,Contig_991597.fasta,0.008437361998687077,1.2929730504079263e-05,0.4344603891080005,CM
,235560,Contig_542451.fasta,0.017964776451905112,5.958193977022362e-05,0.46351048941982814,CM
,235560,Contig_369777.fasta,0.002381397923544462,6.666085392067477e-07,0.36286455143025714,CM
,235560,Contig_543886.fasta,0.022021284927317523,9.592405848709205e-05,0.4714497119086313,CM
,235560,Contig_371149.fasta,0.024503546930857212,0.00011956425746344185,0.47407683796283334,CM
,235560,Contig_987903.fasta,0.022403521982614857,9.399696070692688e-05,0.46979301111377164,CM
,235560,Contig_135856.fasta,0.015297741175410766,4.906468127764028e-05,0.4619090217860973,CM
,235560,Contig_985989.fasta,0.02451699756809458,0.00011380717243836841,0.4726402414841581,CM
,235560,Contig_1993.fasta,0.004873544874220593,3.9261443990330286e-06,0.4059989926848733,CM
,235560,Contig_1061935.fasta,0.008098405042080974,1.1833607656252864e-05,0.43026559914419915,CM
,235560,Contig_24577161.fasta,0.026702741339450425,0.0001441799977442257,0.4769763904885999,CM
,235560,Contig_308454.fasta,0.02517622017609972,0.00012223068576055533,0.4743171201919073,CM
,235560,Contig_1066423.fasta,0.022338725605112103,0.00010443645687985227,0.473357449741342,CM
,235560,Contig_498288.fasta,0.01995476021878006,7.307057250540658e-05,0.46581765960111154,CM
,235560,Contig_544629.fasta,0.002419872595741918,4.822193367545263e-07,0.3624429427337851,CM
,235560,Contig_131958.fasta,0.0,0.0,0.0,CM
,235560,Contig_60849.fasta,0.025654841834965598,0.00013062157709272155,0.47528068976060595,CM
,235560,Contig_57263.fasta,0.016710775759308218,5.5510187033553334e-05,0.46282278839695007,CM
,235560,Contig_54725.fasta,0.02177602694471653,9.51203623742325e-05,0.47026516489378545,CM
,235560,Contig_62.fasta,0.0013062332985419934,0.0,0.32641356056457377,CM
,235560,Contig_27.fasta,0.008672740035245876,1.2437427379307303e-05,0.4358768878149199,CM
,235560,Contig_57082.fasta,0.01529949417360854,4.428080035993886e-05,0.4585142960012901,CM
,235560,Contig_499069.fasta,0.01751889885626713,5.8804824336333055e-05,0.46351048941982814,CM
,235560,Contig_24566202.fasta,0.010522891884301742,1.9631071815770106e-05,0.44247171543197783,CM
,235560,Contig_58991.fasta,0.014222214617218842,4.444437164362197e-05,0.4571703361693371,CM
,235560,Contig_55008.fasta,0.01794427053082026,6.033403211497151e-05,0.4616811436303074,CM
,235560,Contig_420468.fasta,0.019913895761359858,8.088340591785647e-05,0.4688515421536238,CM
,235560,Contig_550444.fasta,0.024534908051292485,0.00011175944317057277,0.4721633088489572,CM
,235560,Contig_554267.fasta,0.020171261038322664,7.28491992586098e-05,0.46581765960111154,CM
,235560,Contig_498701.fasta,0.009849830152411435,1.787654990439139e-05,0.4377117297187245,CM
,235560,Contig_985894.fasta,0.015340564286605844,4.4052603236364755e-05,0.4589640402837828,CM
,235560,Contig_54008.fasta,0.020244788853352284,7.753916093635496e-05,0.4669798793106951,CM
,235560,Contig_544318.fasta,0.0011208981906142414,0.0,0.30773682280126047,CM
,235560,Contig_705467.fasta,0.0,0.0,0.0,CM
,235560,Contig_54461.fasta,0.01456269643629245,4.1263854991482914e-05,0.4582897542304766,CM
,235560,Contig_370355.fasta,0.020778590601221565,8.56686035632768e-05,0.46861676421564,CM
,235560,Contig_993069.fasta,0.02325153305453321,0.00010523383309149001,0.4721633088489572,CM
,235560,Contig_994211.fasta,0.029928551995844564,0.00017615570162184916,0.4794199170792178,CM
,235560,Contig_60682.fasta,0.011066815316804365,2.4893499186625806e-05,0.4488382149345962,CM
,235560,Contig_131793.fasta,0.012698377464915313,2.7155782319949128e-05,0.44797878321619583,CM
,235560,Contig_136283.fasta,0.023346572718416496,0.00010595614073453363,0.4726402414841581,CM
,235560,Contig_1062059.fasta,0.01858479801395449,6.89951987539541e-05,0.4660496405072874,CM
,235560,Contig_499445.fasta,0.005958779023184013,5.6637314549139905e-06,0.4192776335746564,CM
,235560,Contig_1062488.fasta,0.014795805329116988,4.19533743277809e-05,0.45561230678609205,CM
,235560,Contig_307035.fasta,0.016009757392611585,4.522881232491456e-05,0.4571703361693371,CM
,235560,Contig_137283.fasta,0.00245647777198094,7.163395711007492e-07,0.3675678233066116,CM
,235560,Contig_137617.fasta,0.024237146096981747,0.00011054341588328091,0.4721633088489572,CM
,235560,Contig_794674.fasta,0.0,0.0,0.0,CM
,235560,Contig_135234.fasta,0.020357932938736334,7.427293097666992e-05,0.4644306094980809,CM
,235560,Contig_369513.fasta,0.006097544884398495,5.840247651302127e-06,0.4202189843460409,CM
,235560,Contig_498784.fasta,0.016204912646362563,5.056784729026049e-05,0.45986618090350523,CM
,235560,Contig_542670.fasta,0.0010614454871989032,0.0,0.3037415378573947,CM
,235560,Contig_62635.fasta,0.023370094467979267,0.00010904629139804427,0.4743171201919073,CM
,235560,Contig_136944.fasta,0.015021876142023613,3.797592238471994e-05,0.45561230678609205,CM
,235560,Contig_501322.fasta,0.0012564207193905095,0.0,0.3211488257167581,CM
,235560,Contig_55419.fasta,0.018579035959915575,6.982068599279059e-05,0.46489204080408997,CM
,235560,Contig_55334.fasta,0.01562697047497901,4.4275310760854826e-05,0.4573937820814434,CM
,235560,Contig_139851.fasta,0.023185957529966203,0.00010320965246690888,0.47168733777148847,CM
,235560,Contig_5146.fasta,0.007335776096434753,9.96261982703236e-06,0.4314558221017211,CM
,235560,Contig_139057.fasta,0.025280648038115746,0.0001285593753823532,0.4750394305272249,CM
,235560,Contig_133009.fasta,0.0012240220629598096,0.0,0.31830873406075955,CM
,235560,Contig_371892.fasta,0.010108817590520904,1.7598503762650196e-05,0.4381215721622814,CM
,235560,Contig_53661.fasta,0.013863412422997257,3.606009372895161e-05,0.45296596231298797,CM
,235560,Contig_135135.fasta,0.0025789302861179424,7.88377261500092e-07,0.37508123372289903,CM
,235560,Contig_707468.fasta,0.0021544627018354233,3.8645005725675376e-07,0.3494502158844784,CM
,235560,Contig_623155.fasta,0.021640836624852302,8.787483959813618e-05,0.466746971640216,CM
,235560,Contig_426668.fasta,0.018734601663672485,6.633655980278797e-05,0.46489204080408997,CM
,235560,Contig_987025.fasta,0.011682761419513282,2.4822307917883693e-05,0.4456322276850634,CM
,235560,Contig_499011.fasta,0.016449018594913586,5.4168303119910466e-05,0.4609988562259276,CM
,235560,Contig_501860.fasta,0.017009968082985882,5.5981955156520044e-05,0.45986618090350523,CM
,235560,Contig_993478.fasta,0.02415506381091468,0.00011492976847280485,0.4735970031065957,CM
,235560,Contig_57792.fasta,0.020566555062713206,8.517576134778952e-05,0.46908655545796146,CM
,235560,Contig_55876.fasta,0.01440626148116897,4.0541816498148576e-05,0.4571703361693371,CM
,235560,Contig_420410.fasta,0.002444707917983409,5.433128970807293e-07,0.36371071828162965,CM
,235560,Contig_548202.fasta,0.009493775342062867,1.6427610638896477e-05,0.4410121009135877,CM
,235560,Contig_54035.fasta,0.014899341977529438,4.146662312943034e-05,0.4551691041530317,CM
,235560,Contig_56306.fasta,0.007344880850087651,9.982888386644907e-06,0.4320534063428592,CM
,235560,Contig_138787.fasta,0.024573640522286985,0.000124517528113936,0.47600594005016944,CM
,235560,Contig_367974.fasta,0.00476802602611861,4.150248429304349e-06,0.4052956596529377,CM
,235560,Contig_370972.fasta,0.011992365887368699,2.699164351545134e-05,0.4484080872729435,CM
,235560,Contig_550249.fasta,0.02568563756894012,0.00013095378982489259,0.47576394414775447,CM
,235560,Contig_2122.fasta,0.004782310898816264,2.7009077666827787e-06,0.40233348157292914,CM
,235560,Contig_1211.fasta,0.010375926216064335,2.0456833800660625e-05,0.44436262019878114,CM
,235560,Contig_990613.fasta,0.016223549012813202,4.922654071580965e-05,0.4591892434438828,CM
,235560,Contig_59466.fasta,0.02472190848164713,0.00012271637448506637,0.47479841610280726,CM
,235560,Contig_53438.fasta,0.02191490038603375,9.756846795804755e-05,0.47168733777148847,CM
,235560,Contig_61874.fasta,0.019489204129222584,6.721643750143404e-05,0.4632810287815015,CM
,235560,Contig_24570409.fasta,0.01506032668550968,4.3507866768212646e-05,0.4571703361693371,CM
,235560,Contig_134391.fasta,0.021544127146097408,9.506878240151229e-05,0.471925203297344,CM
,235560,Contig_368022.fasta,0.01287101090104245,2.7570613057574888e-05,0.44776443930078136,CM
,235560,Contig_550148.fasta,0.009471562298719276,1.5869697770465394e-05,0.43935571743597795,CM
,235560,Contig_498565.fasta,0.005781069601280269,6.775897510622634e-06,0.41740752816174537,CM
,235560,Contig_132580.fasta,0.0067477262898737265,7.3969432729411e-06,0.42040776196704094,CM
,235560,Contig_987514.fasta,0.012822745757024728,2.8411672523836055e-05,0.4492691685735156,CM
,235560,Contig_132151.fasta,0.006210236818912824,6.068588613532752e-06,0.42211442405892335,CM
,235560,Contig_544515.fasta,0.0,0.0,0.0,CM
,235560,Contig_988369.fasta,0.01511133078746684,4.1557710291515514e-05,0.4551691041530317,CM
,235560,Contig_993621.fasta,0.02090733783753425,7.992946551444019e-05,0.46721301954000655,CM
,235560,Contig_139909.fasta,0.013227260608204084,3.118462139616759e-05,0.45384465477140307,CM
,235560,Contig_134896.fasta,0.02193138405271398,9.425198423471962e-05,0.470501597857533,CM
,235560,Contig_1065651.fasta,0.021444546176192163,9.08025527641317e-05,0.4688515421536238,CM
,235560,Contig_55852.fasta,0.021398735814523565,9.713131648936036e-05,0.47287906929693435,CM
,235560,Contig_370760.fasta,0.016413959622435994,5.373791075950071e-05,0.4621371250067324,CM
,235560,Contig_704052.fasta,0.011884839096159757,2.5055161990001616e-05,0.44905358835826925,CM
,235560,Contig_1062304.fasta,0.005903864526837147,6.265820516232824e-06,0.4183404908979138,CM
,235560,Contig_368958.fasta,0.01285159952024315,2.8190711618077093e-05,0.4507840453461624,CM
,235560,Contig_1065614.fasta,0.019622392401382083,7.906683798442643e-05,0.4681479130258295,CM
,235560,Contig_58988.fasta,0.017694204320310165,5.696050524328846e-05,0.4616811436303074,CM
,235560,Contig_53501.fasta,0.010761363609914717,1.987827306801217e-05,0.4422626078159892,CM
,235560,Contig_53993.fasta,0.00729887359486732,9.66576529878742e-06,0.429475758668487,CM
,235560,Contig_423707.fasta,0.01106910104392864,2.289711675868899e-05,0.4481933324418741,CM
,235560,Contig_421471.fasta,0.01138533027864048,2.614029838521056e-05,0.44776443930078136,CM
,235560,Contig_61908.fasta,0.014213451442215608,4.1934883155953434e-05,0.457617446522559,CM
,235560,Contig_369636.fasta,0.010227675193386111,1.9095029155298638e-05,0.44038949559465085,CM
,235560,Contig_132893.fasta,0.022554795249207688,0.00010341316421635127,0.4726402414841581,CM
,235560,Contig_54779.fasta,0.013581118545133624,3.58241894664801e-05,0.4527468205798902,CM
,235560,Contig_132095.fasta,0.019055300301401634,7.140419789836135e-05,0.466746971640216,CM
,235560,Contig_499035.fasta,0.017613106158255298,5.7192403999051075e-05,0.4623654536258069,CM
,235560,Contig_542555.fasta,0.0026041975554029367,7.292165979243825e-07,0.3734348276690475,CM
,235560,Contig_134585.fasta,0.0035845052514670065,1.950969931548394e-06,0.3876668095023335,CM
,235560,Contig_501844.fasta,0.01545461086333086,4.861174200207396e-05,0.46009227047130435,CM
,235560,Contig_139875.fasta,0.023937972379709023,0.00011341177933197794,0.4731181385938489,CM
,235560,Contig_139036.fasta,0.0013062332985419934,0.0,0.32641356056457377,CM
,235560,Contig_703292.fasta,0.014208229941406506,4.060806358856147e-05,0.4573937820814434,CM
,235560,Contig_993718.fasta,0.023183288133621128,0.00010480479975790081,0.47168733777148847,CM
,235560,Contig_550719.fasta,0.01512367647361863,4.6355092375261675e-05,0.4573937820814434,CM
,235560,Contig_53600.fasta,0.02090039163401122,8.192081271755512e-05,0.46721301954000655,CM
,235560,Contig_54784.fasta,0.012044832360020031,2.540565138842595e-05,0.44905358835826925,CM
,235560,Contig_137925.fasta,0.009112772530453332,1.3657762149819053e-05,0.4316548330897754,CM
,235560,Contig_498371.fasta,0.0,0.0,0.0,CM
,235560,Contig_369572.fasta,0.021625374158131285,8.749534444962414e-05,0.46838222129060714,CM
,235560,Contig_709936.fasta,0.01893703090467723,6.856248260999113e-05,0.4662818525852681,CM
,235560,Contig_370309.fasta,0.014665348342124221,4.430135143335128e-05,0.4596403134276194,CM
,235560,Contig_555617.fasta,0.0,0.0,0.0,CM
,235560,Contig_985297.fasta,0.018779681177377487,6.513949505432151e-05,0.4639700932764666,CM
,235560,Contig_369793.fasta,0.01971539191742843,7.612483633498562e-05,0.466746971640216,CM
,235560,Contig_502640.fasta,0.01852108529186267,7.059957223020439e-05,0.46581765960111154,CM
,235560,Contig_58743.fasta,0.02570058954754647,0.00013167059881338247,0.47624818225884635,CM
,235560,Contig_134420.fasta,0.013534209276766056,3.2686834848771994e-05,0.4497009505711836,CM
,235560,Contig_131697.fasta,0.012822905858800469,2.8774533407983574e-05,0.4499171529512659,CM
,235560,Contig_986689.fasta,0.02008808679527566,8.328668125605031e-05,0.46932180448276484,CM
,235560,Contig_306288.fasta,0.02473087899842144,0.00012422733798442598,0.47528068976060595,CM
,235560,Contig_53836.fasta,0.009144262680702016,1.8459362132819012e-05,0.43914954394116995,CM
,235560,Contig_544688.fasta,0.013043787977741977,3.277695261319789e-05,0.4527468205798902,CM
,235560,Contig_56656.fasta,0.021188704361845764,8.42792811857762e-05,0.46838222129060714,CM
,235560,Contig_54598.fasta,0.02456568867196405,0.00011793658017457809,0.47407683796283334,CM
,235560,Contig_546991.fasta,0.0025484227194278357,7.451999893136194e-07,0.3710656931556832,CM
,235560,Contig_134764.fasta,0.021721369495548083,9.012033969624834e-05,0.46908655545796146,CM
,235560,Contig_542365.fasta,0.0023204635457303425,4.964176808641121e-07,0.35993372236101273,CM
,235560,Contig_139193.fasta,0.0,0.0,0.0,CM
,235560,Contig_207429.fasta,0.011650482518486953,2.761593490195091e-05,0.44776443930078136,CM
,235560,Contig_139542.fasta,0.006745818023714639,6.285170805831015e-06,0.41852758414071245,CM
,235560,Contig_1122224.fasta,0.0,0.0,0.0,CM
,235560,Contig_656.fasta,0.0012082875298684932,0.0,0.31541209239589924,CM
,235560,Contig_53374.fasta,0.022099696796780217,9.447401303982755e-05,0.46955728958285653,CM
,235560,Contig_56557.fasta,0.02215180056085317,9.340205596813021e-05,0.46955728958285653,CM
,235560,Contig_308360.fasta,0.025432247725635262,0.00012956501888317776,0.47528068976060595,CM
,235560,Contig_1064061.fasta,0.008168753498456492,1.1827110291576416e-05,0.4296729468037801,CM
,235560,Contig_53464.fasta,0.023466537764819398,0.00010867537586768702,0.4726402414841581,CM
,235560,Contig_56696.fasta,0.020014568770573705,8.346821129730029e-05,0.46955728958285653,CM
,235560,Contig_1061954.fasta,0.01980941089866744,8.255404194047314e-05,0.46955728958285653,CM
,235560,Contig_2616.fasta,0.0,0.0,0.0,CM
,235560,Contig_499913.fasta,0.02410952885474283,0.0001146011280815532,0.47287906929693435,CM
,235560,Contig_60703.fasta,0.018819696706601816,7.238324754754837e-05,0.4669798793106951,CM
,235560,Contig_542430.fasta,0.02230681500430835,9.030616920902215e-05,0.46908655545796146,CM
,235560,Contig_131612.fasta,0.011497546126663363,2.2528049953786928e-05,0.44457371883070457,CM
,235560,Contig_133564.fasta,0.02110441473950769,8.762038550527071e-05,0.46955728958285653,CM
,235560,Contig_550250.fasta,0.0,0.0,0.0,CM
,235560,Contig_131657.fasta,0.012865446488953705,3.043052558836213e-05,0.4507840453461624,CM
,235560,Contig_500964.fasta,0.023249869357936968,0.0001021001129899258,0.47073826868140495,CM
,235560,Contig_933392.fasta,0.00926495854160823,1.5051610570554733e-05,0.4381215721622814,CM
,235560,Contig_54659.fasta,0.007960232391332315,1.0921103434875253e-05,0.42987031609491644,CM
,235560,Contig_61746.fasta,0.0073944953138364985,1.102423530697549e-05,0.43265264823792565,CM
,235560,Contig_53765.fasta,0.009991896952314228,1.8348070610089188e-05,0.44436262019878114,CM
,235560,Contig_138153.fasta,0.021151505388841307,8.964621812510064e-05,0.47073826868140495,CM
,235560,Contig_56940.fasta,0.01877062426367075,6.759808784419305e-05,0.4637401774720679,CM
,235560,Contig_54275.fasta,0.019830788354849804,7.216744525964125e-05,0.46535438992473055,CM
,235560,Contig_542488.fasta,0.0,0.0,0.0,CM
,235560,Contig_367990.fasta,0.01534636352217612,4.535381933811475e-05,0.45873905791109465,CM
,235560,Contig_555859.fasta,0.012983912090903842,3.4834814349538024e-05,0.4520906657674556,CM
,235560,Contig_993581.fasta,0.009111300379446338,1.4551443677533638e-05,0.43365508718194307,CM
,235560,Contig_547586.fasta,0.004807634889754556,2.636518586992215e-06,0.4009544465032704,CM
,235560,Contig_428255.fasta,0.0010969310819709814,0.0,0.3047306018035275,CM
,235560,Contig_131556.fasta,0.016141063706431754,4.9394695302335105e-05,0.4589640402837828,CM
,235560,Contig_303047.fasta,0.007145323152836154,9.93633428397955e-06,0.4296729468037801,CM
,235560,Contig_368885.fasta,0.011878352801689819,2.4862501391904347e-05,0.44669578908765306,CM
,235560,Contig_59053.fasta,0.011927786189695148,3.014589195476309e-05,0.4505670092145561,CM
,235560,Contig_551912.fasta,0.008614738574300942,1.5312167484483793e-05,0.4387377769051257,CM
,235560,Contig_554772.fasta,0.011721945681455593,2.8138179781077036e-05,0.4499171529512659,CM
,235560,Contig_544264.fasta,0.0013477768360124272,0.0,0.3311492137787095,CM
,235560,Contig_934117.fasta,0.015745919441437613,4.7032562619697866e-05,0.45873905791109465,CM
,235560,Contig_545454.fasta,0.014042739485143554,3.786959836659878e-05,0.45561230678609205,CM
,235560,Contig_368262.fasta,0.0036681295024421036,1.7104584099384614e-06,0.39074224556936665,CM
,235560,Contig_61277.fasta,0.007534800157282454,1.025740157583789e-05,0.4332535546938116,CM
,235560,Contig_302677.fasta,0.008421227990504345,1.1695570519276764e-05,0.43547123226553425,CM
,235560,Contig_554901.fasta,0.0022810578482478348,4.5361040503365917e-07,0.3559633617872321,CM
,235560,Contig_305322.fasta,0.007276597022392271,8.322598785226825e-06,0.4246042096817754,CM
,235560,Contig_544883.fasta,0.0,0.0,0.0,CM
,235560,Contig_135194.fasta,0.018619380367963897,6.477083271657024e-05,0.4637401774720679,CM
,235560,Contig_56818.fasta,0.010672936889777563,2.289793245300816e-05,0.44542012286465166,CM
,235560,Contig_498461.fasta,0.016290448027766236,4.5876927120179435e-05,0.4573937820814434,CM
,235560,Contig_543101.fasta,0.0022925989373044184,8.324395720361548e-07,0.35800599775770203,CM
,235560,Contig_421823.fasta,0.009580081764561441,1.8505487639219738e-05,0.4418449849568617,CM
,235560,Contig_135268.fasta,0.011942983939687494,2.6373974396718798e-05,0.4484080872729435,CM
,235560,Contig_1064205.fasta,0.023438626746129704,0.00011172522713521089,0.47407683796283334,CM
,235560,Contig_54445.fasta,0.015094146404974983,4.059837787135379e-05,0.45694710846612946,CM
,235560,Contig_549637.fasta,0.0,0.0,0.0,CM
,235560,Contig_55400.fasta,0.012016588413644958,2.69023068292886e-05,0.4492691685735156,CM
,235560,Contig_625718.fasta,0.024520338941418213,0.00012050732015251872,0.4755221941761347,CM
,235560,Contig_801021.fasta,0.0,0.0,0.0,CM
,235560,Contig_1062339.fasta,0.0022494044008812063,4.6657409749218206e-07,0.35234475833532874,CM
,235560,Contig_306355.fasta,0.009296965629077161,1.4082489284401376e-05,0.4358768878149199,CM
,235560,Contig_428764.fasta,0.018553179589475638,6.9492054215132e-05,0.4662818525852681,CM
,235560,Contig_369126.fasta,0.0034862596461159028,1.116356727489989e-06,0.3827516066006679,CM
,235560,Contig_302533.fasta,0.01754480302546672,6.041386309207463e-05,0.4630517952195117,CM
,235560,Contig_1315.fasta,0.010417881133001362,2.097404139598365e-05,0.4420536977508895,CM
,235560,Contig_992309.fasta,0.009647899474902426,1.7074604206747314e-05,0.4422626078159892,CM
,235560,Contig_425542.fasta,0.018704477580579228,6.873983351884283e-05,0.4660496405072874,CM
,235560,Contig_498295.fasta,0.020250969467927083,7.979085646029513e-05,0.46861676421564,CM
,235560,Contig_54108.fasta,0.007310293321462285,1.0796230805607836e-05,0.42987031609491644,CM
,235560,Contig_796850.fasta,0.02301024264781162,9.534800527013761e-05,0.46861676421564,CM
,235560,Contig_58097.fasta,0.015139958700313703,4.892749246095706e-05,0.46077187500671246,CM
,235560,Contig_984994.fasta,0.003389118935260024,1.6905140443931627e-06,0.3807272897227962,CM
,235560,Contig_932851.fasta,0.022568351092665476,9.948835830145073e-05,0.471925203297344,CM
,235560,Contig_60483.fasta,0.014245521095156042,3.760306586514841e-05,0.45406486081447506,CM
,235560,Contig_542409.fasta,0.0045785900785940085,3.4212020129132913e-06,0.3989035286183432,CM
,235560,Contig_628830.fasta,0.017968802237727365,6.356676079818729e-05,0.46581765960111154,CM
,235560,Contig_993268.fasta,0.013166091575346197,3.145479181226898e-05,0.45296596231298797,CM
,235560,Contig_53370.fasta,0.004171358331763089,2.3441424560533643e-06,0.38574924902664187,CM
,235560,Contig_4880.fasta,0.013118503908273993,3.278717250965139e-05,0.45450591458894274,CM
,235560,Contig_368303.fasta,0.02447371004230719,0.00011546034569136787,0.47287906929693435,CM
,235560,Contig_133134.fasta,0.004847477287329991,3.4209407697499085e-06,0.4083017792925973,CM
,235560,Contig_1973.fasta,0.007266611802907738,1.0275221258729514e-05,0.42829642020074743,CM
,235560,Contig_371210.fasta,0.016496904218447923,5.34615119249889e-05,0.4609988562259276,CM
,235560,Contig_1062001.fasta,0.02011414864630768,8.473588552947579e-05,0.46979301111377164,CM
,235560,Contig_1064554.fasta,0.011023062872239647,2.3920549264234387e-05,0.442681020879202,CM
,235560,Contig_498458.fasta,0.006123305015507428,6.598172840524344e-06,0.421924110973234,CM
,235560,Contig_56821.fasta,0.011651150632325717,2.4622314045933036e-05,0.4460570439173656,CM
,235560,Contig_53604.fasta,0.006633591479297168,6.880098150681517e-06,0.4162934511292852,CM
,235560,Contig_201321.fasta,0.014909394994822219,3.9273930934291746e-05,0.45450591458894274,CM
,235560,Contig_136127.fasta,0.020652753413719444,8.690218201050753e-05,0.4688515421536238,CM
,235560,Contig_1268205.fasta,0.005897086336797986,5.308343130013515e-06,0.4172214347474958,CM
,235560,Contig_56363.fasta,0.014714383717558196,4.5882573058674866e-05,0.46009227047130435,CM
,235560,Contig_138376.fasta,0.01508435222475644,4.093124952833365e-05,0.45605637336190696,CM
,235560,Contig_54813.fasta,0.018397119250022874,6.497748542260367e-05,0.4644306094980809,CM
,235560,Contig_56326.fasta,0.004760586418453842,2.982711633206436e-06,0.40250652823167016,CM
,235560,Contig_213640.fasta,0.022484433482196937,9.009842963682704e-05,0.466746971640216,CM
,235560,Contig_59276.fasta,0.004712176759953447,3.3196734765537115e-06,0.40302656250587127,CM
,235560,Contig_622130.fasta,0.008182807657687606,1.1473666528190085e-05,0.4320534063428592,CM
,235560,Contig_550374.fasta,0.0023843480367483987,4.998693542933974e-07,0.3582801217988641,CM
,235560,Contig_542514.fasta,0.013215083692000036,3.504588545272362e-05,0.4551691041530317,CM
,235560,Contig_1270443.fasta,0.0,0.0,0.0,CM
,235560,Contig_859.fasta,0.010590713021516011,2.0999576706969076e-05,0.4460570439173656,CM
,235560,Contig_133315.fasta,0.019855910437934804,7.704007743357948e-05,0.4674463926766399,CM
,235560,Contig_1258190.fasta,0.01924550923256859,6.999565600736202e-05,0.4644306094980809,CM
,235560,Contig_62690.fasta,0.02057322004372353,8.348007670642723e-05,0.46791383906931655,CM
,235560,Contig_137536.fasta,0.016046803251036204,4.5272798020606054e-05,0.4571703361693371,CM
,235560,Contig_302537.fasta,0.00966205742512257,1.7659493593534567e-05,0.44163646915461685,CM
,235560,Contig_61137.fasta,0.019545580971073638,7.704715085300592e-05,0.46721301954000655,CM
,235560,Contig_53538.fasta,0.010220839390548103,2.1445647458682743e-05,0.44310022639139823,CM
,235560,Contig_42.fasta,0.0,0.0,0.0,CM
,235560,Contig_421320.fasta,0.0021583765691698844,6.084900879537538e-07,0.3462181569140337,CM
,235560,Contig_53681.fasta,0.0054772963375231834,4.14872049809577e-06,0.40564702129979757,CM
,235560,Contig_542529.fasta,0.001231153450105515,0.0,0.31939511199270754,CM
,235560,Contig_4.fasta,0.010679164529232675,2.0031814607260175e-05,0.4439410237849303,CM
,235560,Contig_703687.fasta,0.01362219727510113,3.210668945498442e-05,0.45143641010064306,CM
,235560,Contig_501838.fasta,0.019850740813901924,7.471055387510846e-05,0.46535438992473055,CM
,235560,Contig_304363.fasta,0.007200130743721865,9.151271184560028e-06,0.4271235409122013,CM
,235560,Contig_1124279.fasta,0.01729717281459463,5.6768770848601844e-05,0.4616811436303074,CM
,235560,Contig_371458.fasta,0.02414141213825882,0.00011364382353061077,0.473357449741342,CM
,235560,Contig_371089.fasta,0.024104907426597988,0.00010453643886820425,0.46955728958285653,CM
,235560,Contig_502049.fasta,0.0,0.0,0.0,CM
,235560,Contig_54896.fasta,0.0074180173212788185,1.0876994218735603e-05,0.4324527163302371,CM
,235560,Contig_308594.fasta,0.02207661727719067,9.456893666040224e-05,0.4712123253467438,CM
,235560,Contig_421862.fasta,0.0,0.0,0.0,CM
,235560,Contig_704447.fasta,0.005785469702806859,7.209015340776796e-06,0.4183404908979138,CM
,235560,Contig_542628.fasta,0.010539286268054126,1.9283263265629306e-05,0.44122002741095384,CM
,235560,Contig_1062711.fasta,0.013093019902079223,3.188317184865964e-05,0.4542852806498219,CM
,235560,Contig_56142.fasta,0.0059684213792409275,6.8814885190204e-06,0.42078582650118396,CM
,235560,Contig_930489.fasta,0.0024804427823503193,7.180662533359388e-07,0.365700538545773,CM
,235560,Contig_139157.fasta,0.0179084391522,5.2894792744203214e-05,0.4565013064090893,CM
,235560,Contig_499578.fasta,0.0012240220629598096,0.0,0.31830873406075955,CM
,235560,Contig_991222.fasta,0.008012794115182827,1.0448056920715e-05,0.429475758668487,CM
,235560,Contig_55519.fasta,0.0,0.0,0.0,CM
,235560,Contig_371268.fasta,0.02101754535439585,8.933972535701158e-05,0.47026516489378545,CM
,235560,Contig_502154.fasta,0.02355369252459814,0.00011169473467945766,0.47383679905753573,CM
,235560,Contig_61443.fasta,0.009705546023015028,1.645726498387013e-05,0.43935571743597795,CM
,235560,Contig_546955.fasta,0.007204553931649508,8.241152091802314e-06,0.4269286852822231,CM
,235560,Contig_137801.fasta,0.01585944479658434,4.0509687778176996e-05,0.45450591458894274,CM
,235560,Contig_53460.fasta,0.015038436159576004,3.9559209330346844e-05,0.45539059763437134,CM
,235560,Contig_213008.fasta,0.02589103865605503,0.00013522039990899356,0.47600594005016944,CM
,235560,Contig_421555.fasta,0.011912956878553054,2.5313173229290965e-05,0.4471226364733077,CM
,235560,Contig_549796.fasta,0.0012248580213421404,0.0,0.31841703917612557,CM
,235560,Contig_368839.fasta,0.02554264153755144,0.00012299264823195977,0.47407683796283334,CM
,235560,Contig_55135.fasta,0.02232297647572151,9.877149160464597e-05,0.47168733777148847,CM
,235560,Contig_62471.fasta,0.02017346165964669,8.058671563264715e-05,0.46932180448276484,CM
,235560,Contig_55618.fasta,0.018139456628599032,6.239098132112448e-05,0.46466121059515053,CM
,235560,Contig_210082.fasta,0.015550704510804002,4.881224572286631e-05,0.4616811436303074,CM
,235560,Contig_24578817.fasta,0.0,0.0,0.0,CM
,235560,Contig_54618.fasta,0.009115467930917404,1.2057172622329029e-05,0.43225296911715155,CM
,235560,Contig_988525.fasta,0.02414323431663585,0.00011372770415560014,0.471925203297344,CM
,235560,Contig_987358.fasta,0.013330983105307507,3.590395672232064e-05,0.45561230678609205,CM
,235560,Contig_420491.fasta,0.0,0.0,0.0,CM
,235560,Contig_306388.fasta,0.0,0.0,0.0,CM
,235560,Contig_133758.fasta,0.013773327304029902,3.620278946669151e-05,0.45539059763437134,CM
,235560,Contig_1258149.fasta,0.018071460225357706,6.447028915908242e-05,0.4632810287815015,CM
,235560,Contig_303939.fasta,0.01601699335162023,4.875577473893785e-05,0.45873905791109465,CM
,235560,Contig_139743.fasta,0.021111511476505387,9.009719630639565e-05,0.470501597857533,CM
,235560,Contig_499329.fasta,0.016436635375540933,4.7940317479169356e-05,0.4591892434438828,CM
,235560,Contig_55465.fasta,0.00234584303562669,3.9874351012922876e-07,0.35979533953811343,CM
,235560,Contig_545474.fasta,0.0012082875298684932,0.0,0.31541209239589924,CM
,235560,Contig_60212.fasta,0.017637912738884536,5.652644945840945e-05,0.4623654536258069,CM
,235560,Contig_306074.fasta,0.02425982851327101,0.00011675292667914071,0.47407683796283334,CM
,235560,Contig_502705.fasta,0.0072522512074816685,9.28622568542783e-06,0.42790474537660406,CM
,235560,Contig_302612.fasta,0.013289704741751913,2.786306211402003e-05,0.4449965183731018,CM
,235560,Contig_56457.fasta,0.022015686332522617,9.386962052937724e-05,0.4712123253467438,CM
,235560,Contig_554999.fasta,0.0011308133748088877,0.0,0.3080407103813802,CM
,235560,Contig_56086.fasta,0.008231713449612954,1.071934727987667e-05,0.4308598886457795,CM
,235560,Contig_543199.fasta,0.002654010134554421,8.213631404479418e-07,0.3756835319705472,CM
,235560,Contig_23.fasta,0.009715992087358948,1.736951814024263e-05,0.44247171543197783,CM
,235560,Contig_1064124.fasta,0.019998975689198912,7.888012750517621e-05,0.46838222129060714,CM
,235560,Contig_133459.fasta,0.008522524891596444,1.474311116214346e-05,0.4381215721622814,CM
,235560,Contig_370813.fasta,0.017529227933969705,6.384062588867537e-05,0.46489204080408997,CM
,235560,Contig_803076.fasta,0.0012564207193905095,0.0,0.3211488257167581,CM
,235560,Contig_304497.fasta,0.0022246529921573295,2.927024263109444e-07,0.34815017787895575,CM
,235560,Contig_55498.fasta,0.01173148235719475,2.3689060302498553e-05,0.44542012286465166,CM
,235560,Contig_60113.fasta,0.020871439133106604,8.063905535072937e-05,0.4669798793106951,CM
,235560,Contig_305805.fasta,0.0009273672952935788,0.0,0.29217223794524916,CM
,235560,Contig_302556.fasta,0.012504799671167622,2.9845601375616852e-05,0.45143641010064306,CM
,235560,Contig_61915.fasta,0.00957608273257083,1.4186359996135721e-05,0.43730265333580987,CM
,235560,Contig_134054.fasta,0.019852986173437392,7.164182377196671e-05,0.4644306094980809,CM
,235560,Contig_368736.fasta,0.025203674373401534,0.0001284895142414687,0.47673340710067913,CM
,235560,Contig_552143.fasta,0.024192901138545126,0.00011453582600939878,0.47287906929693435,CM
,235560,Contig_131677.fasta,0.015320431046803522,4.2495556075647963e-05,0.45806543227539553,CM
,235560,Contig_500107.fasta,0.01777374506883694,6.5245276343495e-05,0.4669798793106951,CM
,235560,Contig_369773.fasta,0.021869723786056706,9.071354135787717e-05,0.4681479130258295,CM
,235560,Contig_553945.fasta,0.005711699065293615,5.206075336341228e-06,0.4120773571724496,CM
,235560,Contig_135011.fasta,0.009511973241065952,1.5521114131943313e-05,0.43648679017660125,CM
,235560,Contig_1064039.fasta,0.0013062332985419934,0.0,0.32641356056457377,CM
,235560,Contig_987907.fasta,0.006914973794644678,6.3069920038083225e-06,0.4209751138725295,CM
,235560,Contig_53369.fasta,0.0036137911033504483,2.2536395452674618e-06,0.3946974602018697,CM
,235560,Contig_61766.fasta,0.01030988872085405,2.1442679880271577e-05,0.4437305254332068,CM
,235560,Contig_53444.fasta,0.014181517988236716,3.538679860530111e-05,0.45384465477140307,CM
,235560,Contig_988014.fasta,0.0,0.0,0.0,CM
,235560,Contig_53893.fasta,0.019535755312593318,7.093515164952631e-05,0.464200237171941,CM
,235560,Contig_811026.fasta,0.007026596622354549,8.190752017647084e-06,0.4242192557292081,CM
,235560,Contig_548326.fasta,0.016465624686579135,5.224582811175716e-05,0.46009227047130435,CM
,235560,Contig_166.fasta,0.0,0.0,0.0,CM
,235560,Contig_368472.fasta,0.01863798305004036,6.807506458220491e-05,0.46535438992473055,CM
,235560,Contig_131533.fasta,0.00958304492957643,1.8811369808662022e-05,0.4437305254332068,CM
,235560,Contig_713578.fasta,0.00844396179068124,1.0446059199875828e-05,0.43185402775202264,CM
,235560,Contig_62754.fasta,0.019033019739565272,6.90859010489529e-05,0.4662818525852681,CM
,235560,Contig_499271.fasta,0.019816473115035878,7.374909274695047e-05,0.46581765960111154,CM
,235560,Contig_547132.fasta,0.019602602628247784,7.06773517199181e-05,0.46466121059515053,CM
,235560,Contig_542385.fasta,0.008210360580181037,1.1821185132613252e-05,0.42888527870698123,CM
,235560,Contig_1061989.fasta,0.008246090537844553,1.1085738347310278e-05,0.4304635134032351,CM
,235560,Contig_137023.fasta,0.0036321788322331316,1.7570777319808786e-06,0.3881491821396238,CM
,235560,Contig_626516.fasta,0.023941743049387166,0.00011318351312692465,0.473357449741342,CM
,235560,Contig_990243.fasta,0.00603514214223673,6.427812520767511e-06,0.4170355071919042,CM
,235560,Contig_59036.fasta,0.0012655464430194482,0.0,0.3222547101028351,CM
,235560,Contig_1064338.fasta,0.0,0.0,0.0,CM
,235560,Contig_426325.fasta,0.003775610401279057,1.5484149397580265e-06,0.39553156303407994,CM
,235560,Contig_1063105.fasta,0.005804817569757409,5.910206235550121e-06,0.41481723321747915,CM
,235560,Contig_132168.fasta,0.0011278705957045916,0.0,0.30713084284169123,CM
,235560,Contig_372283.fasta,0.0180371288514353,6.181381028700305e-05,0.46466121059515053,CM
,235560,Contig_134478.fasta,0.0022251616061561078,3.355996142328526e-07,0.352610278123072,CM
,235560,Contig_370234.fasta,0.021551791285784674,8.626951581060383e-05,0.466746971640216,CM
,235560,Contig_801164.fasta,0.01591514169798469,4.157937259420212e-05,0.45494782602753187,CM
,235560,Contig_53484.fasta,0.012971836928980844,3.1758052220506304e-05,0.45450591458894274,CM
,235560,Contig_549737.fasta,0.0,0.0,0.0,CM
,235560,Contig_206708.fasta,0.018396431092002192,6.42263160215714e-05,0.46466121059515053,CM
,235560,Contig_54992.fasta,0.020606690715006842,8.489986285334043e-05,0.46838222129060714,CM
,235560,Contig_1580.fasta,0.01538592345650996,4.583263122553969e-05,0.4591892434438828,CM
,235560,Contig_138626.fasta,0.019811570980666944,7.531069769660052e-05,0.46581765960111154,CM
,235560,Contig_302732.fasta,0.008224098152133345,1.167767864959364e-05,0.4342587833589945,CM
,235560,Contig_544511.fasta,0.0012240220629598096,0.0,0.31830873406075955,CM
,235560,Contig_987555.fasta,0.021948936577177655,9.252228824420881e-05,0.47026516489378545,CM
,235560,Contig_132953.fasta,0.014897788888651078,4.5434940237674366e-05,0.45873905791109465,CM
,235560,Contig_544554.fasta,0.0,0.0,0.0,CM
,235560,Contig_133584.fasta,0.01722530400255742,5.367498339934974e-05,0.4594146677165602,CM
,235560,Contig_57532.fasta,0.012656794136033189,3.157055913096054e-05,0.4512187454863226,CM
,235560,Contig_420261.fasta,0.002268220744645782,6.087402707971593e-07,0.3552876530518728,CM
,235560,Contig_371170.fasta,0.014073446179590342,3.915834807461672e-05,0.4558342319233478,CM
,235560,Contig_135069.fasta,0.0012920020000373263,0.0,0.32595878723045385,CM
,235560,Contig_369063.fasta,0.009907332223306725,1.5074445734396328e-05,0.43547123226553425,CM
,235560,Contig_371618.fasta,0.020219860074743693,8.176515418769663e-05,0.4681479130258295,CM
,235560,Contig_555306.fasta,0.0071042463056147625,8.839998267208989e-06,0.4255696580894193,CM
,235560,Contig_550560.fasta,0.015088940015375016,4.492744682101576e-05,0.457617446522559,CM
,235560,Contig_60835.fasta,0.002521967162409958,6.712399432600955e-07,0.3690172232407859,CM
,235560,Contig_542345.fasta,0.0032581987556505746,1.2765941821318113e-06,0.3756835319705472,CM
,235560,Contig_61646.fasta,0.025484563700286754,0.0001195408481227989,0.4731181385938489,CM
,235560,Contig_498856.fasta,0.012714676941661297,3.343481510065809e-05,0.45296596231298797,CM
,235560,Contig_501062.fasta,0.02232900757526889,9.931183294690199e-05,0.4721633088489572,CM
,235560,Contig_368282.fasta,0.010668546484364196,2.0800375120723357e-05,0.44457371883070457,CM
,235560,Contig_428054.fasta,0.018826222691636897,7.019932857351902e-05,0.4665142961807742,CM
,235560,Contig_994290.fasta,0.008185348061254332,1.1353704847905646e-05,0.4310583501329494,CM
,235560,Contig_499481.fasta,0.0188675682846494,7.029166934270062e-05,0.4662818525852681,CM
,235560,Contig_542530.fasta,0.0,0.0,0.0,CM
,235560,Contig_371705.fasta,0.006848197589762533,9.122807492593933e-06,0.4224955657510759,CM
,235560,Contig_53599.fasta,0.021480376154834103,9.488317657848833e-05,0.4714497119086313,CM
,235560,Contig_985013.fasta,0.019948044034738887,7.08389465843166e-05,0.4639700932764666,CM
,235560,Contig_992481.fasta,0.00496969634147581,4.725585666783208e-06,0.409552594371393,CM
,235560,Contig_135275.fasta,0.02542749996888655,0.0001315257526436614,0.4755221941761347,CM
,235560,Contig_931634.fasta,0.018663162774986797,7.154719836345242e-05,0.46535438992473055,CM
,235560,Contig_61990.fasta,0.021654674346315805,9.251880262454331e-05,0.46861676421564,CM
,235560,Contig_134230.fasta,0.008241732698030451,1.118985062697397e-05,0.4316548330897754,CM
,235560,Contig_303596.fasta,0.004796110977447362,2.94728380203168e-06,0.4038962788686375,CM
,235560,Contig_212565.fasta,0.021822143239449473,8.58061691057591e-05,0.46721301954000655,CM
,235560,Contig_1128046.fasta,0.02069254950802287,8.32225274124181e-05,0.46979301111377164,CM
,235560,Contig_139855.fasta,0.028701456589302714,0.00016281881397353716,0.478439508250835,CM
,235560,Contig_989235.fasta,0.01744857008803261,5.1204902038216826e-05,0.4585142960012901,CM
,235560,Contig_499439.fasta,0.010606903996643435,2.0594388948485063e-05,0.442681020879202,CM
,235560,Contig_1062866.fasta,0.022316861759257785,8.980105450260111e-05,0.46861676421564,CM
,235560,Contig_4593.fasta,0.007049462009527777,8.63868875347271e-06,0.4269286852822231,CM
,235560,Contig_61074.fasta,0.025129219207749087,0.00012137197085258191,0.4745576461149255,CM
,235560,Contig_990281.fasta,0.02636661970933006,0.0001359082148677768,0.4755221941761347,CM
,235560,Contig_499662.fasta,0.020305852497645504,8.526732180760898e-05,0.46979301111377164,CM
,235560,Contig_62796.fasta,0.023251379649313883,0.00010617481395580584,0.471925203297344,CM
,235560,Contig_368867.fasta,0.023236945722395826,0.00010666450819368384,0.4726402414841581,CM
,235560,Contig_368024.fasta,0.014046143297242318,3.5986458894796095e-05,0.4534048828191052,CM
,235560,Contig_1065845.fasta,0.0012163879157747368,0.0,0.3153058214752807,CM
,235560,Contig_131648.fasta,0.022153235256915933,9.641203892221952e-05,0.47026516489378545,CM
,235560,Contig_1067335.fasta,0.02350098599257978,0.00010317221494337132,0.4712123253467438,CM
,235560,Contig_367937.fasta,0.011651198821382786,2.6771708010615002e-05,0.4492691685735156,CM
,235560,Contig_201958.fasta,0.018353661623693517,6.585937578757622e-05,0.4644306094980809,CM
,235560,Contig_546698.fasta,0.0012874169547774173,0.0,0.3243770114865279,CM
,235560,Contig_308342.fasta,0.014664426538390604,3.6943173604873046e-05,0.4516542848159426,CM
,235560,Contig_138109.fasta,0.02300249185155188,0.00010028047964022639,0.4714497119086313,CM
,235560,Contig_545981.fasta,0.022906065552330657,0.00010150052495591443,0.471925203297344,CM
,235560,Contig_930043.fasta,0.004627879563346188,3.993090268555046e-06,0.4052956596529377,CM
,235560,Contig_53486.fasta,0.0,0.0,0.0,CM
,235560,Contig_24565782.fasta,0.01412926867239762,3.935813163693318e-05,0.4571703361693371,CM
,235560,Contig_59009.fasta,0.014541952840101067,4.401704750570306e-05,0.46077187500671246,CM
,235560,Contig_53814.fasta,0.014132103372949806,3.8367909870884074e-05,0.45539059763437134,CM
,235560,Contig_1116.fasta,0.012925185406260486,2.9396186664371908e-05,0.4507840453461624,CM
,235560,Contig_139857.fasta,0.0035616393312299837,1.855161356291078e-06,0.38590832088191057,CM
,235560,Contig_420383.fasta,0.010779265281270945,2.012474645011342e-05,0.44331012701972194,CM
,235560,Contig_555118.fasta,0.027483844077861152,0.00014850410835140555,0.4769763904885999,CM
,235560,Contig_1066641.fasta,0.023371030667228104,0.00010973074702710089,0.47383679905753573,CM
,235560,Contig_137669.fasta,0.010292303643789923,1.668625057497447e-05,0.43832678132957054,CM
,235560,Contig_302668.fasta,0.024620213341939538,0.00012529303605491582,0.4755221941761347,CM
,235560,Contig_305455.fasta,0.020154147239491518,7.501364146545765e-05,0.4660496405072874,CM
,235560,Contig_61545.fasta,0.01050154058080604,2.033037012926845e-05,0.4439410237849303,CM
,235560,Contig_498353.fasta,0.011888383869241246,2.476499984713005e-05,0.44733636622305595,CM
,235560,Contig_988988.fasta,0.0013062332985419934,0.0,0.32641356056457377,CM
,235560,Contig_985054.fasta,0.022095911550683283,9.752474148628644e-05,0.47168733777148847,CM
,235560,Contig_420879.fasta,0.008180098042774402,1.217011007449861e-05,0.42888527870698123,CM
,235560,Contig_1258176.fasta,0.01702947807807069,5.57524950894892e-05,0.46145349020642656,CM
,235560,Contig_499353.fasta,0.024351502354770464,0.0001122046440524859,0.4724016547898198,CM
,235560,Contig_468.fasta,0.0,0.0,0.0,CM
,235560,Contig_993483.fasta,0.023058227060287064,0.0001055069237891956,0.47287906929693435,CM
,235560,Contig_988975.fasta,0.021599429408347453,9.500008750397942e-05,0.47168733777148847,CM
,235560,Contig_988930.fasta,0.017657946643529397,6.276830876941767e-05,0.46351048941982814,CM
,235560,Contig_1198429.fasta,0.0011208981906142414,0.0,0.30773682280126047,CM
,235560,Contig_933290.fasta,0.023318281187311458,0.00010709758697151455,0.471925203297344,CM
,235560,Contig_499052.fasta,0.018888460106346452,6.659097883244455e-05,0.46466121059515053,CM
,235560,Contig_305495.fasta,0.0218494135554042,9.091156365386176e-05,0.46932180448276484,CM
,235560,Contig_985400.fasta,0.023338388216574066,0.00011028937657408656,0.4735970031065957,CM
,235560,Contig_985094.fasta,0.017837537552738803,6.18837321710929e-05,0.4644306094980809,CM
,235560,Contig_500018.fasta,0.010463420110076614,2.0816668863084888e-05,0.4428905244385391,CM
,235560,Contig_54766.fasta,0.013045942314195884,3.470586479891617e-05,0.4542852806498219,CM
,235560,Contig_1263528.fasta,0.0057986663172232425,5.763826091944062e-06,0.41555403114504136,CM
,235560,Contig_59228.fasta,0.0,0.0,0.0,CM
,235560,Contig_1065920.fasta,0.014294748398253464,3.604788028023458e-05,0.45384465477140307,CM
,235560,Contig_555509.fasta,0.005784649348657496,5.161371851654653e-06,0.4170355071919042,CM
,235560,Contig_139091.fasta,0.026639829841097615,0.00014196912920179923,0.4769763904885999,CM
,235560,Contig_706082.fasta,0.01414370915609567,3.800686495846792e-05,0.4567240986523344,CM
,235560,Contig_368629.fasta,0.017941500413001035,6.800820348393209e-05,0.4662818525852681,CM
,235560,Contig_625052.fasta,0.02678422087192763,0.000135354268681942,0.4750394305272249,CM
,235560,Contig_368691.fasta,0.011385607510225406,2.704201352666445e-05,0.4471226364733077,CM
,235560,Contig_551706.fasta,0.001955828840986595,3.0260612997200204e-07,0.334343579184935,CM
,235560,Contig_61210.fasta,0.0012655464430194482,0.0,0.3222547101028351,CM
,235560,Contig_369691.fasta,0.0219283420345686,8.721054339418708e-05,0.46767999906978164,CM
,235560,Contig_498443.fasta,0.0012240220629598096,0.0,0.31830873406075955,CM
,235560,Contig_59641.fasta,0.022965161164601844,9.92127570404946e-05,0.470501597857533,CM
,235560,Contig_370353.fasta,0.01890563248792744,6.8369559555486e-05,0.4632810287815015,CM
,235560,Contig_24566591.fasta,0.010221480791459773,1.7793821002228377e-05,0.43914954394116995,CM
,235560,Contig_55467.fasta,0.0039053252790692016,2.101495746679133e-06,0.39941428857816175,CM
,235560,Contig_543838.fasta,0.0,0.0,0.0,CM
,235560,Contig_988352.fasta,0.020863627561377496,8.727100761844362e-05,0.46979301111377164,CM
,235560,Contig_56962.fasta,0.017477647406247156,5.98515804020644e-05,0.4621371250067324,CM
,235560,Contig_549823.fasta,0.010601198682923295,2.0635041023608882e-05,0.4449965183731018,CM
,235560,Contig_546289.fasta,0.021843706999232645,8.966644327481387e-05,0.46955728958285653,CM
,235560,Contig_5823.fasta,0.013922903446594128,3.701719873370106e-05,0.45494782602753187,CM
,235560,Contig_304689.fasta,0.021015868932540756,9.058689945533544e-05,0.470501597857533,CM
,235560,Contig_1062142.fasta,0.012576529368931192,2.8847692153827847e-05,0.4488382149345962,CM
,235560,Contig_62387.fasta,0.020964925772542015,8.57847880908409e-05,0.46979301111377164,CM
,235560,Contig_133647.fasta,0.0213307110166075,8.240891644147536e-05,0.4674463926766399,CM
,235560,Contig_550173.fasta,0.02319055494275798,0.00010261357037917124,0.471925203297344,CM
,235560,Contig_542713.fasta,0.00793408932098717,1.120439295378129e-05,0.4290819248686993,CM
,235560,Contig_131574.fasta,0.006942043596939608,7.128405636109517e-06,0.42287739635726757,CM
,235560,Contig_542387.fasta,0.00454708585630919,3.9113386767285265e-06,0.4045947592471392,CM
,235560,Contig_306603.fasta,0.023315025160549015,0.00010687758523519567,0.4724016547898198,CM
,235560,Contig_137862.fasta,0.026625928800550567,0.00013599108527641372,0.4745576461149255,CM
,235560,Contig_553205.fasta,0.005529641103836099,4.991142012222606e-06,0.41045073602571625,CM
,235560,Contig_53446.fasta,0.019417740253241406,7.038816600389577e-05,0.4644306094980809,CM
,235560,Contig_61498.fasta,0.019622905238916254,7.071700082611874e-05,0.46489204080408997,CM
,235560,Contig_54950.fasta,0.016452397364037204,4.982741024342102e-05,0.4596403134276194,CM
,235560,Contig_55915.fasta,0.0025575484430567746,6.759013576410211e-07,0.3716551541456049,CM
,235560,Contig_55113.fasta,0.017464797493759038,5.8559114572069124e-05,0.4623654536258069,CM
,235560,Contig_24574211.fasta,0.022455980635713947,9.75406907592987e-05,0.47097517772452596,CM
,235560,Contig_55950.fasta,0.019265102577491703,7.094239506253558e-05,0.46489204080408997,CM
,235560,Contig_792106.fasta,0.013198658608924429,3.324112578536422e-05,0.45013356331824583,CM
,235560,Contig_24569564.fasta,0.015215637923955224,4.7013788011483884e-05,0.4594146677165602,CM
,235560,Contig_499137.fasta,0.003788167657336178,2.0603990509159983e-06,0.39238057783590485,CM
,235560,Contig_1065878.fasta,0.007355303860389895,9.140391007991226e-06,0.4286888127066574,CM
,235560,Contig_500105.fasta,0.010823050041634717,2.0413082696293358e-05,0.44436262019878114,CM
,235560,Contig_990105.fasta,0.008144176039747368,8.949416499330312e-06,0.42790474537660406,CM
,235560,Contig_213746.fasta,0.0,0.0,0.0,CM
,235560,Contig_308147.fasta,0.0024785902108213145,5.284995253268937e-07,0.36641647538709204,CM
,235560,Contig_1064246.fasta,0.0,0.0,0.0,CM
,235560,Contig_500378.fasta,0.01214827699722237,2.8631788090145366e-05,0.4516542848159426,CM
,235560,Contig_372001.fasta,0.020846757786005175,8.384236886885205e-05,0.4674463926766399,CM
,235560,Contig_368549.fasta,0.010000989949739334,1.9307795802314197e-05,0.44669578908765306,CM
,235560,Contig_542593.fasta,0.019195979402386747,7.256681319510873e-05,0.4662818525852681,CM
,235560,Contig_499422.fasta,0.01894866653175039,7.242605727051257e-05,0.466746971640216,CM
,235560,Contig_134994.fasta,0.0022596149957985314,5.038913564336399e-07,0.35421183881098905,CM
,235560,Contig_62593.fasta,0.02532640304326535,0.0001302511878899395,0.47649067115001686,CM
,235560,Contig_1062838.fasta,0.0,0.0,0.0,CM
,235560,Contig_306052.fasta,0.0,0.0,0.0,CM
,235560,Contig_500079.fasta,0.013038713377112696,3.1052654564812244e-05,0.45143641010064306,CM
,235560,Contig_1065904.fasta,0.02160660272220986,8.455580200574615e-05,0.4669798793106951,CM
,235560,Contig_552078.fasta,0.003375406079595055,1.2569109585459514e-06,0.3799543963210041,CM
,235560,Contig_1065941.fasta,0.023299764908020885,0.00010461289161738385,0.4714497119086313,CM
,235560,Contig_55393.fasta,0.022059895415998784,9.520530418227932e-05,0.46955728958285653,CM
,235560,Contig_423779.fasta,0.0,0.0,0.0,CM
,235560,Contig_135642.fasta,0.023232588620084954,0.0001026832215659878,0.47097517772452596,CM
,235560,Contig_302535.fasta,0.01020489738895591,1.8690663719751698e-05,0.442681020879202,CM
,235560,Contig_61135.fasta,0.009404381850046809,1.460683956878746e-05,0.4377117297187245,CM
,235560,Contig_134037.fasta,0.015605170048388087,4.2284443111117816e-05,0.45384465477140307,CM
,235560,Contig_131651.fasta,0.017389014105571633,5.863527421409244e-05,0.4621371250067324,CM
,235560,Contig_369755.fasta,0.026290706960180547,0.00013640216022534757,0.4755221941761347,CM
,235560,Contig_985251.fasta,0.005994277620499567,6.144044982181097e-06,0.4205967092757901,CM
,235560,Contig_305281.fasta,0.021070152545210125,8.047731895145853e-05,0.46721301954000655,CM
,235560,Contig_1264101.fasta,0.0036306872557892666,2.0490342171300925e-06,0.3902534103997636,CM
,235560,Contig_53427.fasta,0.017507917078645803,5.4621664407253516e-05,0.4596403134276194,CM
,235560,Contig_1063267.fasta,0.021407952712004876,8.87244119210183e-05,0.46932180448276484,CM
,235560,Contig_555358.fasta,0.006326244138566842,7.46670143034874e-06,0.4265395069000151,CM
,235560,Contig_368078.fasta,0.017313681899849033,5.8892121703048394e-05,0.4623654536258069,CM
,235560,Contig_798280.fasta,0.01406699161271659,3.816008207999101e-05,0.45539059763437134,CM
,235560,Contig_57241.fasta,0.007921100878258187,8.943646883955275e-06,0.4265395069000151,CM
,235560,Contig_550914.fasta,0.0012248580213421404,0.0,0.31841703917612557,CM
,235560,Contig_202130.fasta,0.0024551755130653246,7.154259402535998e-07,0.36441887777984155,CM
,235560,Contig_792223.fasta,0.017836033624436292,6.668271741775039e-05,0.4669798793106951,CM
,235560,Contig_368085.fasta,0.017744224533778212,5.7648054191372534e-05,0.4630517952195117,CM
,235560,Contig_713989.fasta,0.017373974355914413,5.956426048502385e-05,0.4630517952195117,CM
,235560,Contig_56628.fasta,0.021359804363696288,9.09949621299219e-05,0.47097517772452596,CM
,235560,Contig_369883.fasta,0.007173954622713819,8.825203796234011e-06,0.42790474537660406,CM
,235560,Contig_500548.fasta,0.003549638933700543,1.8489500926697716e-06,0.3887942160941558,CM
,235560,Contig_138155.fasta,0.01721633472708413,5.565552107646786e-05,0.46077187500671246,CM
,235560,Contig_307949.fasta,0.02461921976394085,0.00011187166931221921,0.4726402414841581,CM
,235560,Contig_135889.fasta,0.02033800508914642,7.753370366358609e-05,0.46791383906931655,CM
,235560,Contig_56903.fasta,0.009474614766269806,1.4122912032105392e-05,0.4375070959039893,CM
,235560,Contig_134889.fasta,0.020565000378451923,8.065802815181878e-05,0.46581765960111154,CM
,235560,Contig_367996.fasta,0.011914105672228205,3.0220935652648135e-05,0.4510012906692208,CM
,235560,Contig_57903.fasta,0.0116366484795726,2.4902015393897664e-05,0.44776443930078136,CM
,235560,Contig_139294.fasta,0.016629064432930708,4.9386771908076837e-05,0.45986618090350523,CM
,235560,Contig_180.fasta,0.0057969618971445615,6.074455458465297e-06,0.4140830434241739,CM
,235560,Contig_1268736.fasta,0.026752415914232153,0.0001431546257810226,0.4769763904885999,CM
,235560,Contig_308022.fasta,0.022968691789454283,0.000104261050205965,0.4712123253467438,CM
,235560,Contig_985128.fasta,0.01509581170628322,4.586354984305818e-05,0.4589640402837828,CM
,235560,Contig_371212.fasta,0.022698994175616286,9.849191009160958e-05,0.470501597857533,CM
,235560,Contig_421597.fasta,0.009408340638783826,1.6848223997224664e-05,0.441428150065393,CM
,235560,Contig_985291.fasta,0.021237408085146896,8.616980071320823e-05,0.46932180448276484,CM
,235560,Contig_59394.fasta,0.009394917960649469,1.4972683575101485e-05,0.4379165550484947,CM
,235560,Contig_498502.fasta,0.016448835399186342,5.2365082773305385e-05,0.46122606118217496,CM
,235560,Contig_423189.fasta,0.015897533673550287,4.8802307662287165e-05,0.4573937820814434,CM
,235560,Contig_543062.fasta,0.0022091540941895416,3.7859098360524874e-07,0.353943902473008,CM
,235560,Contig_543821.fasta,0.0,0.0,0.0,CM
,235560,Contig_429994.fasta,0.019637664031256562,7.75625187852324e-05,0.46791383906931655,CM
,235560,Contig_1065861.fasta,0.019970340099122606,7.87010420252349e-05,0.46908655545796146,CM
,235560,Contig_55662.fasta,0.021165684288895165,8.893989600677326e-05,0.46979301111377164,CM
,235560,Contig_1268437.fasta,0.00709328096168287,9.225799700786537e-06,0.4275137862670777,CM
,235560,Contig_1065067.fasta,0.0,0.0,0.0,CM
,235560,Contig_135849.fasta,0.020404086811320322,8.198986788784832e-05,0.47026516489378545,CM
,235560,Contig_4084.fasta,0.01658415053444355,5.1573318492562946e-05,0.4609988562259276,CM
,235560,Contig_424464.fasta,0.005916020227002819,7.113401309460977e-06,0.4215439991615464,CM
,235560,Contig_371156.fasta,0.021571930379861357,8.566427448271032e-05,0.4665142961807742,CM
,235560,Contig_502196.fasta,0.019186677980885393,6.883213990777283e-05,0.46535438992473055,CM
,235560,Contig_1260871.fasta,0.005819399604299166,5.293673238847943e-06,0.41262243304172536,CM
,235560,Contig_368806.fasta,0.0048792931468271536,3.820944038782664e-06,0.41153371949807965,CM
,235560,Contig_58444.fasta,0.015336119417240954,4.7414219507696284e-05,0.46054511719420915,CM
,235560,Contig_984996.fasta,0.012887325433221367,3.025404417358437e-05,0.4512187454863226,CM
,235560,Contig_990044.fasta,0.01543866472902992,4.593488784281335e-05,0.4582897542304766,CM
,235560,Contig_1274572.fasta,0.01796333657586621,6.84300096030109e-05,0.46721301954000655,CM
,235560,Contig_542553.fasta,0.02025327265013847,8.00548718533642e-05,0.46838222129060714,CM
,235560,Contig_131771.fasta,0.02431757563206371,0.00011064816980676614,0.471925203297344,CM
,235560,Contig_499076.fasta,0.013308739522857455,3.4441054821838344e-05,0.45539059763437134,CM
,235560,Contig_134152.fasta,0.01652536504819545,5.6314370513844625e-05,0.4630517952195117,CM
,235560,Contig_131734.fasta,0.019322728446428857,6.961879340012111e-05,0.46535438992473055,CM
,235560,Contig_58559.fasta,0.013646817168616758,3.4969555109471915e-05,0.4507840453461624,CM
,235560,Contig_55483.fasta,0.00456334938904439,3.4192956324522964e-06,0.40147047539194897,CM
,235560,Contig_55811.fasta,0.00908842132156045,1.5418387812961517e-05,0.43648679017660125,CM
,235560,Contig_985419.fasta,0.017300491376355306,5.663756413003042e-05,0.46145349020642656,CM
,235560,Contig_213506.fasta,0.027801628294647995,0.00015322860622084717,0.47770682906515216,CM
,235560,Contig_135253.fasta,0.02546491851048865,0.0001278806601497274,0.4750394305272249,CM
,235560,Contig_24576898.fasta,0.004845862793987989,3.885181564633638e-06,0.4058229306759033,CM
,235560,Contig_306742.fasta,0.018970578695182067,7.687608053363456e-05,0.46838222129060714,CM
,235560,Contig_55353.fasta,0.008171241781820321,1.2092781703157183e-05,0.4340573646283085,CM
,235560,Contig_1063497.fasta,0.0012564207193905095,0.0,0.3211488257167581,CM
,235560,Contig_302609.fasta,0.02030133280476281,8.151808251045694e-05,0.46908655545796146,CM
,235560,Contig_1063840.fasta,0.00916314103410154,1.5891227764593455e-05,0.43709840174620884,CM
,235560,Contig_986139.fasta,0.014867155121156645,4.078979572033563e-05,0.4565013064090893,CM
,235560,Contig_370130.fasta,0.017493542583339097,5.884925017191588e-05,0.4621371250067324,CM
,235560,Contig_54604.fasta,0.01527978718998327,4.502584086817081e-05,0.4573937820814434,CM
,235560,Contig_554797.fasta,0.014817284136196249,4.425727109283797e-05,0.4591892434438828,CM
,235560,Contig_421549.fasta,0.004842499488604323,3.6745898915692686e-06,0.4052956596529377,CM
,235560,Contig_61036.fasta,0.025434988389331753,0.0001278512024229179,0.47479841610280726,CM
,235560,Contig_303473.fasta,0.009310594076181736,1.6568347597366155e-05,0.44080437029610603,CM
,235560,Contig_501657.fasta,0.016020697694665277,5.493998625489757e-05,0.46054511719420915,CM
,235560,Contig_1062279.fasta,0.013094392983962588,3.063097757252102e-05,0.4523091726141291,CM
,235560,Contig_58467.fasta,0.0012082875298684932,0.0,0.31541209239589924,CM
,235560,Contig_709008.fasta,0.016901593577594513,5.4558138067518845e-05,0.4619090217860973,CM
,235560,Contig_306639.fasta,0.0049506334753061975,3.4219570451555364e-06,0.41045073602571625,CM
,235560,Contig_134328.fasta,0.023445242581556225,0.00011135555875365452,0.47407683796283334,CM
,235560,Contig_791908.fasta,0.0023180818213047547,3.8596913880753363e-07,0.35664164563210105,CM
,235560,Contig_24572783.fasta,0.011313229947601363,2.2494937208002908e-05,0.4418449849568617,CM
,235560,Contig_53481.fasta,0.0,0.0,0.0,CM
,235560,Contig_931044.fasta,0.020807110427030172,8.450682016588458e-05,0.46838222129060714,CM
,235560,Contig_369322.fasta,0.021918550492626754,9.610743354809514e-05,0.47097517772452596,CM
,235560,Contig_553512.fasta,0.0024323095928283026,7.446876756824224e-07,0.3634282245198575,CM
,235560,Contig_368367.fasta,0.0023676787857408966,8.776553925037825e-07,0.36076625988382155,CM
,235560,Contig_986515.fasta,0.01541219947932106,4.9513096535574976e-05,0.46077187500671246,CM
,235560,Contig_61542.fasta,0.012566801434772719,2.6569421072160408e-05,0.44776443930078136,CM
,235560,Contig_137592.fasta,0.02568563756894012,0.00013095378982489259,0.47576394414775447,CM
,235560,Contig_498311.fasta,0.009546937170686127,1.8823134382746514e-05,0.4422626078159892,CM
,235560,Contig_369512.fasta,0.01052628668278762,1.9936794808844273e-05,0.44059683528184235,CM
,235560,Contig_135235.fasta,0.0033465433669977707,1.1036847767066721e-06,0.3784179854988407,CM
,235560,Contig_62671.fasta,0.008346673599197864,1.0930529237408154e-05,0.43285276509650006,CM
,235560,Contig_370401.fasta,0.021223848004380357,8.584780135329722e-05,0.4688515421536238,CM
,235560,Contig_2412.fasta,0.0037800588043387104,1.7073336776680032e-06,0.3941986849783627,CM
,235560,Contig_370444.fasta,0.02536776661549165,0.00012320441229133258,0.4743171201919073,CM
,235560,Contig_57800.fasta,0.027972723154857965,0.0001550629129475489,0.4781950322629704,CM
,235560,Contig_56006.fasta,0.017788464719094746,6.239628086106474e-05,0.4637401774720679,CM
,235560,Contig_371401.fasta,0.005539010126988215,4.006618355046774e-06,0.4075904521509726,CM
,235560,Contig_56492.fasta,0.0012248580213421404,0.0,0.31841703917612557,CM
,235560,Contig_3412.fasta,0.0022091540941895416,3.7859098360524874e-07,0.353943902473008,CM
,235560,Contig_498484.fasta,0.0166140587595728,5.405597835511964e-05,0.4630517952195117,CM
,235560,Contig_303206.fasta,0.014904401538698304,4.309619067972398e-05,0.4567240986523344,CM
,235560,Contig_368656.fasta,0.022784106507558907,0.0001047827335695425,0.4726402414841581,CM
,235560,Contig_552825.fasta,0.02803871319197443,0.00015701474598464545,0.478439508250835,CM
,235560,Contig_55071.fasta,0.026199377236287673,0.0001321835048139731,0.4750394305272249,CM
,235560,Contig_993479.fasta,0.024301746273789098,0.00011400318511899697,0.4731181385938489,CM
,235560,Contig_499778.fasta,0.011546620226029706,2.2868574608098186e-05,0.4437305254332068,CM
,235560,Contig_5203.fasta,0.0024647082492590022,7.142464526922441e-07,0.3648450986895256,CM
,235560,Contig_139312.fasta,0.020145724038402875,8.343190626522685e-05,0.4714497119086313,CM
,235560,Contig_132309.fasta,0.016028708735448226,4.794653205609331e-05,0.4594146677165602,CM
,235560,Contig_1064674.fasta,0.004766150188881246,3.2699895226054887e-06,0.4052956596529377,CM
,235560,Contig_551478.fasta,0.009697196558818283,1.7832940442072258e-05,0.4418449849568617,CM
,235560,Contig_549697.fasta,0.0025575484430567746,6.759013576410211e-07,0.3716551541456049,CM
,235560,Contig_424567.fasta,0.009506964789132408,1.5235697890955384e-05,0.43832678132957054,CM
,235560,Contig_549556.fasta,0.008419426181095035,1.2924472444710212e-05,0.4348641627038258,CM
,235560,Contig_1064927.fasta,0.02324460956534523,0.00010636580218181166,0.4721633088489572,CM
,235560,Contig_134109.fasta,0.005123387237291484,3.4058325008434316e-06,0.4135341043476063,CM
,235560,Contig_550094.fasta,0.021429985748269747,9.23936404365911e-05,0.47073826868140495,CM
,235560,Contig_136183.fasta,0.024000807497603926,0.00011233141065465548,0.47287906929693435,CM
,235560,Contig_499700.fasta,0.021106855802124472,8.038707566217186e-05,0.4669798793106951,CM
,235560,Contig_131801.fasta,0.013212935318884561,3.296457023131099e-05,0.45450591458894274,CM
,235560,Contig_303182.fasta,0.0,0.0,0.0,CM
,235560,Contig_502444.fasta,0.025516311691984664,0.00012366303673440904,0.4735970031065957,CM
,235560,Contig_203422.fasta,0.0061526378276241045,6.871168545907525e-06,0.42268639482323084,CM
,235560,Contig_61582.fasta,0.020822717472418806,7.851384209693548e-05,0.4665142961807742,CM
,235560,Contig_204934.fasta,0.012747797619984071,3.221731374950155e-05,0.45143641010064306,CM
,235560,Contig_302553.fasta,0.012904330270378699,3.29802718609767e-05,0.4534048828191052,CM
,235560,Contig_308121.fasta,0.023944401648586095,0.00011235277071415826,0.4731181385938489,CM
,235560,Contig_502068.fasta,0.0024526121658548228,4.812060906170002e-07,0.36371071828162965,CM
,235560,Contig_134208.fasta,0.02213940087174089,9.488329111676155e-05,0.47073826868140495,CM
,235560,Contig_372022.fasta,0.02117772807594038,9.257404811201826e-05,0.47168733777148847,CM
,235560,Contig_542609.fasta,0.02092865781242321,8.099837249096602e-05,0.46791383906931655,CM
,235560,Contig_60217.fasta,0.014378274497424742,4.4510607223383086e-05,0.45873905791109465,CM
,235560,Contig_993700.fasta,0.021147391512068552,9.188862345321925e-05,0.47073826868140495,CM
,235560,Contig_58603.fasta,0.018114313861660954,6.117284339787918e-05,0.46122606118217496,CM
,235560,Contig_62124.fasta,0.02626887121006634,0.0001278179660793098,0.47383679905753573,CM
,235560,Contig_428405.fasta,0.007964914238182763,1.222344035765378e-05,0.43285276509650006,CM
,235560,Contig_498444.fasta,0.013950533215286425,4.099305378910928e-05,0.45694710846612946,CM
,235560,Contig_543124.fasta,0.0038290555767450767,2.5482233631849714e-06,0.3990736367328926,CM
,235560,Contig_502700.fasta,0.008593885990303548,1.4356957151512274e-05,0.4385321828203529,CM
,235560,Contig_547137.fasta,0.0,0.0,0.0,CM
,235560,Contig_303062.fasta,0.023314319632004164,0.00010929875868339944,0.4750394305272249,CM
,235560,Contig_986691.fasta,0.007438284282294032,9.614180878422955e-06,0.4314558221017211,CM
,235560,Contig_930711.fasta,0.0230521294398323,0.00010694708169851136,0.4724016547898198,CM
,235560,Contig_550174.fasta,0.014749297336817523,3.8219087671000784e-05,0.45406486081447506,CM
,235560,Contig_132605.fasta,0.009225971217346885,1.3689420351839642e-05,0.4362832998315306,CM
,235560,Contig_985136.fasta,0.006107251847234008,6.480482573731207e-06,0.4202189843460409,CM
,235560,Contig_135781.fasta,0.020641532255921725,7.695073506231298e-05,0.466746971640216,CM
,235560,Contig_135350.fasta,0.019737157045840267,7.631909751630053e-05,0.4662818525852681,CM
,235560,Contig_24572895.fasta,0.016588318362198484,5.774764086317081e-05,0.46282278839695007,CM
,235560,Contig_549067.fasta,0.003483637058758341,1.710951555634808e-06,0.38369318496868926,CM
,235560,Contig_201548.fasta,0.001231153450105515,0.0,0.31939511199270754,CM
,235560,Contig_423546.fasta,0.002412900190651568,5.762691469192883e-07,0.3624429427337851,CM
,235560,Contig_56965.fasta,0.023437600171424936,0.00010700035985745113,0.4721633088489572,CM
,235560,Contig_989310.fasta,0.01957944977225189,7.32496492342156e-05,0.4644306094980809,CM
,235560,Contig_1268491.fasta,0.0012163879157747368,0.0,0.3153058214752807,CM
,235560,Contig_306129.fasta,0.013348992170969898,3.513893459363755e-05,0.45035018197239324,CM
,235560,Contig_420630.fasta,0.0,0.0,0.0,CM
,235560,Contig_133996.fasta,0.025477601806135168,0.00012985375852840136,0.47576394414775447,CM
,235560,Contig_932723.fasta,0.012983687016828714,3.116550278820026e-05,0.4534048828191052,CM
,235560,Contig_501147.fasta,0.009061802957456368,1.4856161760856271e-05,0.43730265333580987,CM
,235560,Contig_303326.fasta,0.014985866627176244,3.7180674422592446e-05,0.45450591458894274,CM
,235560,Contig_131637.fasta,0.015788947472938072,4.479351654497054e-05,0.45605637336190696,CM
,235560,Contig_309378.fasta,0.009443347945794593,1.6203808426864555e-05,0.441428150065393,CM
,235560,Contig_987947.fasta,0.004663305363632,2.518209429957419e-06,0.40181523320679824,CM
,235560,Contig_794883.fasta,0.021822861052713312,9.389171326053959e-05,0.470501597857533,CM
,235560,Contig_500102.fasta,0.02516076601497726,0.00012491359484150192,0.47528068976060595,CM
,235560,Contig_371148.fasta,0.011787082756066143,2.3895842312031567e-05,0.44584453460630447,CM
,235560,Contig_429171.fasta,0.024535406961058492,0.00012106371938160286,0.4745576461149255,CM
,235560,Contig_543887.fasta,0.0022494044008812063,4.6657409749218206e-07,0.35234475833532874,CM
,235560,Contig_53404.fasta,0.022294762775760386,9.57133862180242e-05,0.4712123253467438,CM
,235560,Contig_53441.fasta,0.007489577901206531,1.0374658137727997e-05,0.43305306716271774,CM
,235560,Contig_542338.fasta,0.017970180397123756,6.176124592223292e-05,0.46512310046651745,CM
,235560,Contig_1065711.fasta,0.010790070089203371,2.1629602427613324e-05,0.4460570439173656,CM
,235560,Contig_984988.fasta,0.02015850439770471,7.627517713958871e-05,0.4669798793106951,CM
,235560,Contig_368263.fasta,0.019256400730957135,6.673088219431718e-05,0.46282278839695007,CM
,235560,Contig_993761.fasta,0.013939319454809938,3.370625035202714e-05,0.45252789078270456,CM
,235560,Contig_542943.fasta,0.01160022519798524,2.4175720871499556e-05,0.4471226364733077,CM
,235560,Contig_133011.fasta,0.012179369224070122,2.780427022489416e-05,0.4499171529512659,CM
,235560,Contig_542594.fasta,0.007186489649833791,1.013226460212822e-05,0.4304635134032351,CM
,235560,Contig_548958.fasta,0.020273399797396622,7.958039855953541e-05,0.4681479130258295,CM
,235560,Contig_931946.fasta,0.015200482530167488,4.074877719172216e-05,0.45384465477140307,CM
,235560,Contig_1063039.fasta,0.012903819048257876,3.537543948616292e-05,0.45384465477140307,CM
,235560,Contig_502009.fasta,0.021698709522079525,9.186520329390775e-05,0.46908655545796146,CM
,235560,Contig_498308.fasta,0.01681979120222818,5.0134372200788194e-05,0.457617446522559,CM
,235560,Contig_53952.fasta,0.021692940044715215,8.40957814644156e-05,0.4669798793106951,CM
,235560,Contig_929016.fasta,0.011947481694520999,2.6636146174785147e-05,0.4481933324418741,CM
,235560,Contig_55444.fasta,0.015576288841287493,4.056242154483288e-05,0.4558342319233478,CM
,235560,Contig_58949.fasta,0.011046329296939748,2.4664408335285286e-05,0.4492691685735156,CM
,235560,Contig_1065204.fasta,0.019844228538359668,7.775632751228309e-05,0.4674463926766399,CM
,235560,Contig_55095.fasta,0.021025535844331113,8.473382321977072e-05,0.46908655545796146,CM
,235560,Contig_986384.fasta,0.022115140602506925,9.491140812105445e-05,0.46979301111377164,CM
,235560,Contig_420408.fasta,0.020496006396284253,7.702715917373915e-05,0.466746971640216,CM
,235560,Contig_137576.fasta,0.025521997509820843,0.00013164076625641304,0.47576394414775447,CM
,235560,Contig_53578.fasta,0.01519416878438576,4.4794994123260164e-05,0.4585142960012901,CM
,235560,Contig_56433.fasta,0.011998556298506817,2.751049295997175e-05,0.4492691685735156,CM
,235560,Contig_24577731.fasta,0.018987252964912917,7.145421607553817e-05,0.46581765960111154,CM
,235560,Contig_56476.fasta,0.02201387757089775,9.728007006710602e-05,0.4712123253467438,CM
,235560,Contig_54700.fasta,0.0175278913509168,6.125802553958006e-05,0.4632810287815015,CM
,235560,Contig_1064903.fasta,0.019108286007213867,7.06441644266284e-05,0.4662818525852681,CM
,235560,Contig_542569.fasta,0.0035856064398732436,1.8673577424222929e-06,0.38527281932426233,CM
,235560,Contig_1062081.fasta,0.0036113026549758295,2.060415600059152e-06,0.3909054628816345,CM
,235560,Contig_24576774.fasta,0.0033117227147751722,1.1867117075717392e-06,0.37418139869597483,CM
,235560,Contig_138216.fasta,0.018319705402016793,6.616984654600719e-05,0.46558590952170803,CM
,235560,Contig_799287.fasta,0.009036570209848563,1.4052044075647395e-05,0.43466218213591873,CM
,235560,Contig_1066406.fasta,0.024083987349721513,0.00011608636650679961,0.47407683796283334,CM
,235560,Contig_371290.fasta,0.00886985577597115,1.4753626948632191e-05,0.4344603891080005,CM
,235560,Contig_498639.fasta,0.013404041535357986,3.910147422803279e-05,0.4578413298134213,CM
,235560,Contig_542359.fasta,0.008128588249398785,1.185353459936321e-05,0.43185402775202264,CM
,235560,Contig_991920.fasta,0.018705477589459577,6.973053628806696e-05,0.4665142961807742,CM
,235560,Contig_306564.fasta,0.00604936789503548,6.988743854988691e-06,0.42078582650118396,CM
,235560,Contig_550251.fasta,0.001231153450105515,0.0,0.31939511199270754,CM
,235560,Contig_131613.fasta,0.013825409654729507,3.7348643649487016e-05,0.4542852806498219,CM
,235560,Contig_423948.fasta,0.0,0.0,0.0,CM
,235560,Contig_56904.fasta,0.008508382243546494,1.4251841597574812e-05,0.43648679017660125,CM
,235560,Contig_135088.fasta,0.021175224828074348,8.781809098612061e-05,0.46861676421564,CM
,235560,Contig_427790.fasta,0.023951068255604883,0.00010806705412401589,0.4712123253467438,CM
,235560,Contig_246.fasta,0.007419037530900651,9.860128851957779e-06,0.42888527870698123,CM
,235560,Contig_139152.fasta,0.018336382311851102,6.558411165538736e-05,0.46466121059515053,CM
,235560,Contig_60097.fasta,0.004551273983056807,3.126224246150813e-06,0.39822454388878004,CM
,235560,Contig_309018.fasta,0.024146561309242445,0.00012004053189566867,0.47479841610280726,CM
,235560,Contig_368416.fasta,0.009348944236738597,1.5073070781575928e-05,0.43466218213591873,CM
,235560,Contig_305513.fasta,0.026527123569766758,0.00013379868168130547,0.4750394305272249,CM
,235560,Contig_137002.fasta,0.00808669747980763,1.207266920319059e-05,0.4348641627038258,CM
,235560,Contig_421629.fasta,0.0,0.0,0.0,CM
,235560,Contig_625912.fasta,0.0,0.0,0.0,CM
,235560,Contig_131696.fasta,0.011744578756867529,2.7201968785084197e-05,0.44905358835826925,CM
,235560,Contig_304203.fasta,0.02670295190710706,0.00014128441268149215,0.47673340710067913,CM
,235560,Contig_420590.fasta,0.012986620560365867,3.169464741185322e-05,0.4518723699365684,CM
,235560,Contig_370681.fasta,0.021925263678280293,8.724361288025122e-05,0.46767999906978164,CM
,235560,Contig_548716.fasta,0.009406777758609,1.558494442751357e-05,0.4397686457418388,CM
,235560,Contig_212088.fasta,0.01874608993462163,7.116315893137198e-05,0.46581765960111154,CM
,235560,Contig_985929.fasta,0.014408608949086509,4.41088244385422e-05,0.457617446522559,CM
,235560,Contig_1124471.fasta,0.0011490320958629325,0.0,0.3104935892961623,CM
,235560,Contig_24578704.fasta,0.024087068548685173,0.00010527940760843936,0.47073826868140495,CM
,235560,Contig_53458.fasta,0.015466742861840728,4.102514006523934e-05,0.4562787314181536,CM
,235560,Contig_369801.fasta,0.010948933989609277,2.3945771950027455e-05,0.4481933324418741,CM
,235560,Contig_498641.fasta,0.017385940736234635,5.9481599397364555e-05,0.4630517952195117,CM
,235560,Contig_984991.fasta,0.019546790201456728,7.148653343033475e-05,0.46558590952170803,CM
,235560,Contig_501958.fasta,0.008560102541782794,1.180103538371181e-05,0.4348641627038258,CM
,235560,Contig_133189.fasta,0.0012874169547774173,0.0,0.3243770114865279,CM
,235560,Contig_62449.fasta,0.022285885618887825,9.59371010598462e-05,0.47073826868140495,CM
,235560,Contig_370912.fasta,0.026812487808180296,0.00014226424243377192,0.47649067115001686,CM
,235560,Contig_542449.fasta,0.0010614454871989032,0.0,0.3037415378573947,CM
,235560,Contig_548885.fasta,0.002351892658664401,5.06828283040781e-07,0.35745900616448933,CM
,235560,Contig_367951.fasta,0.016040428067777574,5.0355086701229246e-05,0.457617446522559,CM
,235560,Contig_1234.fasta,0.020823671703822873,8.494837465962283e-05,0.46908655545796146,CM
,235560,Contig_53375.fasta,0.008410946144190228,1.2384562131288309e-05,0.43466218213591873,CM
,235560,Contig_1064866.fasta,0.002444707917983409,5.433128970807293e-07,0.36371071828162965,CM
,235560,Contig_55484.fasta,0.021161056595624353,8.472111147293264e-05,0.46861676421564,CM
,235560,Contig_309986.fasta,0.021394214586056733,8.391828291197016e-05,0.46861676421564,CM
,235560,Contig_2772.fasta,0.0010614454871989032,0.0,0.3037415378573947,CM
,235560,Contig_133368.fasta,0.022050955522533333,9.427982454712589e-05,0.47073826868140495,CM
,235560,Contig_1062791.fasta,0.00607521697463306,7.708316904898023e-06,0.42402704038904987,CM
,235560,Contig_802396.fasta,0.0026041975554029367,7.292165979243825e-07,0.3734348276690475,CM
,235560,Contig_1063340.fasta,0.01398793813081573,3.230903695189459e-05,0.4507840453461624,CM
,235560,Contig_500006.fasta,0.023192644956052486,0.00010120732443467212,0.47097517772452596,CM
,235560,Contig_132445.fasta,0.018285709406600677,6.720768564684096e-05,0.46489204080408997,CM
,235560,Contig_992335.fasta,0.022999908262194755,0.00010433721765158427,0.4721633088489572,CM
,235560,Contig_500492.fasta,0.020343027663365577,8.172453090651944e-05,0.4700289694317595,CM
,235560,Contig_304732.fasta,0.01385589150757104,3.469586820180556e-05,0.4510012906692208,CM
,235560,Contig_545842.fasta,0.006962387996804823,7.2420743480971684e-06,0.4249898629149106,CM
,235560,Contig_552844.fasta,0.002639778836049754,7.109860794172891e-07,0.3762877676472188,CM
,235560,Contig_57067.fasta,0.003696480976370133,1.7098108748284314e-06,0.3910688166061985,CM
,235560,Contig_2436.fasta,0.004722822987126947,3.0375118477662968e-06,0.4037220354351308,CM
,235560,Contig_133069.fasta,0.0011490320958629325,0.0,0.3104935892961623,CM
,235560,Contig_420771.fasta,0.019688259424177023,7.313464362694709e-05,0.4660496405072874,CM
,235560,Contig_56861.fasta,0.012521333572712134,2.9417814740529965e-05,0.44669578908765306,CM
,235560,Contig_132069.fasta,0.016687234957486648,5.206817539161903e-05,0.4591892434438828,CM
,235560,Contig_551070.fasta,0.009353960961301245,1.4912434109060079e-05,0.43648679017660125,CM
,235560,Contig_985077.fasta,0.006121870128764837,6.752168836325679e-06,0.4205967092757901,CM
,235560,Contig_551035.fasta,0.0012163879157747368,0.0,0.3153058214752807,CM
,235560,Contig_545300.fasta,0.0,0.0,0.0,CM
,235560,Contig_542610.fasta,0.002317089637078555,3.4718374139473015e-07,0.352610278123072,CM
,235560,Contig_1065239.fasta,0.017600576763614144,6.339474278601507e-05,0.46512310046651745,CM
,235560,Contig_370582.fasta,0.01166213133435612,2.5233449213052404e-05,0.44648267086766846,CM
,235560,Contig_57185.fasta,0.008484857753033098,1.3529166479426406e-05,0.43547123226553425,CM
,235560,Contig_131669.fasta,0.020049167691198834,7.784734344780175e-05,0.466746971640216,CM
,235560,Contig_136379.fasta,0.018286562880621908,6.522114870383792e-05,0.4637401774720679,CM
,235560,Contig_986919.fasta,0.013866848137813503,3.872662268460672e-05,0.45539059763437134,CM
,235560,Contig_61778.fasta,0.023098330196889186,9.686388820788498e-05,0.46979301111377164,CM
,235560,Contig_53377.fasta,0.003506312298244356,1.2780571433823945e-06,0.3830649521648109,CM
,235560,Contig_61055.fasta,0.018986414725259686,7.103504479761364e-05,0.4662818525852681,CM
,235560,Contig_932015.fasta,0.015106135807477009,4.2573733963010723e-05,0.45694710846612946,CM
,235560,Contig_304943.fasta,0.0034851428962466304,2.023537322275345e-06,0.38960352961641675,CM
,235560,Contig_303410.fasta,0.0177816758133777,5.9708816133062076e-05,0.4630517952195117,CM
,235560,Contig_797051.fasta,0.010700130539818184,2.1338555279757384e-05,0.44457371883070457,CM
,235560,Contig_368429.fasta,0.020301217599639956,7.948540154998643e-05,0.46838222129060714,CM
,235560,Contig_369429.fasta,0.009788691034073841,1.631992419776454e-05,0.433454227947491,CM
,235560,Contig_498995.fasta,0.02200171349619146,8.958916071437596e-05,0.46838222129060714,CM
,235560,Contig_132970.fasta,0.00915869919276714,1.4535610441197168e-05,0.4377117297187245,CM
,235560,Contig_369790.fasta,0.014250445548663103,3.5593394337057734e-05,0.45450591458894274,CM
,235560,Contig_498542.fasta,0.003454250707702407,1.5818131390489195e-06,0.3785710672081849,CM
,235560,Contig_369341.fasta,0.021601163718061804,9.114300395858505e-05,0.4712123253467438,CM
,235560,Contig_60785.fasta,0.007529393692150103,1.0591827672284837e-05,0.4344603891080005,CM
,235560,Contig_24569917.fasta,0.009487867109296938,1.842372181889902e-05,0.44059683528184235,CM
,235560,Contig_501535.fasta,0.008766339170447621,1.6543213893812402e-05,0.4439410237849303,CM
,235560,Contig_56399.fasta,0.015175451401338557,4.088288738488781e-05,0.45561230678609205,CM
,235560,Contig_498337.fasta,0.026277095154975318,0.00013713018083468163,0.47600594005016944,CM
,235560,Contig_137165.fasta,0.02189369242599681,9.432155076956677e-05,0.47073826868140495,CM
,235560,Contig_992875.fasta,0.010259128250561389,2.125581841569561e-05,0.4397686457418388,CM
,235560,Contig_136120.fasta,0.028704529932884748,0.0001602065774295369,0.47770682906515216,CM
,235560,Contig_425638.fasta,0.0,0.0,0.0,CM
,235560,Contig_1267810.fasta,0.02503487909618054,0.00011758316368861993,0.4724016547898198,CM
,235560,Contig_370427.fasta,0.0024968089318753595,6.044263705207088e-07,0.36699124632887575,CM
,235560,Contig_131789.fasta,0.02121767391159785,8.893467433742365e-05,0.4700289694317595,CM
,235560,Contig_2471.fasta,0.019730146264402185,7.682698697985379e-05,0.466746971640216,CM
,235560,Contig_1062006.fasta,0.015154131250649806,4.293464119999185e-05,0.4573937820814434,CM
,235560,Contig_1125243.fasta,0.024105838138004102,0.00011161137971221214,0.471925203297344,CM
,235560,Contig_57065.fasta,0.00794050237432646,1.1340726792391146e-05,0.4290819248686993,CM
,235560,Contig_61698.fasta,0.015038165804644583,4.006099491330657e-05,0.45450591458894274,CM
,235560,Contig_302649.fasta,0.018242888600778807,6.023715387029823e-05,0.46145349020642656,CM
,235560,Contig_423091.fasta,0.01630120472765741,4.805557170798987e-05,0.4589640402837828,CM
,235560,Contig_54356.fasta,0.007059856716237048,1.0507000109960668e-05,0.43026559914419915,CM
,235560,Contig_546759.fasta,0.007200589953780168,7.508679326197932e-06,0.42576327485834076,CM
,235560,Contig_307829.fasta,0.02109442806857875,9.108037231806e-05,0.470501597857533,CM
,235560,Contig_56065.fasta,0.018465983472377608,6.960989378952288e-05,0.4660496405072874,CM
,235560,Contig_793801.fasta,0.01736355709054235,5.9412564570306486e-05,0.4623654536258069,CM
,235560,Contig_809830.fasta,0.008210016562032118,1.2527747854540856e-05,0.43506633107328363,CM
,235560,Contig_57449.fasta,0.013035219718976712,3.4522742850205874e-05,0.45561230678609205,CM
,235560,Contig_55851.fasta,0.008460323189305974,1.3258419388802141e-05,0.43607999913263423,CM
,235560,Contig_54486.fasta,0.012584185168046923,2.6798099292497547e-05,0.44733636622305595,CM
,235560,Contig_371875.fasta,0.018515874746178364,6.629861906961547e-05,0.46351048941982814,CM
,235560,Contig_308206.fasta,0.0,0.0,0.0,CM
,235560,Contig_56474.fasta,0.021284631842312097,8.593641961189976e-05,0.46861676421564,CM
,235560,Contig_54702.fasta,0.0012248580213421404,0.0,0.31841703917612557,CM
,235560,Contig_131749.fasta,0.01291534289025154,3.092830700937122e-05,0.45384465477140307,CM
,235560,Contig_370036.fasta,0.025279993986208973,0.00012722900214291329,0.47383679905753573,CM
,235560,Contig_986386.fasta,0.012724905946503745,3.2070881254761354e-05,0.4523091726141291,CM
,235560,Contig_62203.fasta,0.019086999244014757,7.167025438912216e-05,0.4665142961807742,CM
,235560,Contig_499726.fasta,0.02322027745756985,0.00011050728542693516,0.4731181385938489,CM
,235560,Contig_704029.fasta,0.006385452488345454,6.203531519432984e-06,0.41027079269558664,CM
,235560,Contig_1275222.fasta,0.015420254920107172,4.787155471801066e-05,0.4591892434438828,CM
,235560,Contig_202090.fasta,0.008587890398590472,1.1806456236477019e-05,0.42576327485834076,CM
,235560,Contig_134602.fasta,0.01439113282123332,4.186418595412227e-05,0.4571703361693371,CM
,235560,Contig_708522.fasta,0.015390529736572853,4.242714786274224e-05,0.4573937820814434,CM
,235560,Contig_553715.fasta,0.007169040059458145,1.017439398708581e-05,0.4281004932015705,CM
,235560,Contig_56788.fasta,0.01718276282803834,5.94177618947269e-05,0.4621371250067324,CM
,235560,Contig_543246.fasta,0.0,0.0,0.0,CM
,235560,Contig_1064243.fasta,0.01532172155147476,4.701792992758396e-05,0.46009227047130435,CM
,235560,Contig_1064692.fasta,0.0024686750266266684,6.073394416127632e-07,0.36699124632887575,CM
,235560,Contig_58108.fasta,0.0022116899606378507,7.314147276172161e-07,0.3535427571358644,CM
,235560,Contig_133815.fasta,0.003479675816785208,1.8259311322210807e-06,0.38337881119976774,CM
,235560,Contig_62147.fasta,0.02229488554886824,9.661684151694128e-05,0.4714497119086313,CM
,235560,Contig_501081.fasta,0.009438732387620491,1.756884508563753e-05,0.4399754010994984,CM
,235560,Contig_61231.fasta,0.018870631348686447,7.033511530355115e-05,0.46558590952170803,CM
,235560,Contig_24568074.fasta,0.014111684063852267,3.9918519239536214e-05,0.45539059763437134,CM
,235560,Contig_546764.fasta,0.01471600594270526,3.455694795169948e-05,0.4527468205798902,CM
,235560,Contig_137630.fasta,0.022225982497194964,9.778903165597229e-05,0.47073826868140495,CM
,235560,Contig_498427.fasta,0.007906076056259816,9.798382143259633e-06,0.4255696580894193,CM
,235560,Contig_24578527.fasta,0.02014241440234905,8.625990378857016e-05,0.47026516489378545,CM
,235560,Contig_132013.fasta,0.023352941986743127,0.00011002693218301166,0.47383679905753573,CM
,235560,Contig_62777.fasta,0.024897028783480366,0.00012450063370580622,0.4755221941761347,CM
,235560,Contig_550583.fasta,0.022966211808828844,0.00010162229297559048,0.470501597857533,CM
,235560,Contig_53808.fasta,0.008207738665803837,1.3413834118191359e-05,0.43547123226553425,CM
,235560,Contig_802698.fasta,0.022134414931484842,9.841679748913067e-05,0.4721633088489572,CM
,235560,Contig_369414.fasta,0.022407075823747447,9.971141124907735e-05,0.4714497119086313,CM
,235560,Contig_621060.fasta,0.02096327630467677,8.426007592822693e-05,0.46955728958285653,CM
,235560,Contig_992910.fasta,0.009309885057036543,1.6216532354011824e-05,0.4387377769051257,CM
,235560,Contig_4802.fasta,0.02112774780289511,8.101981668003856e-05,0.466746971640216,CM
,235560,Contig_53766.fasta,0.013329436127823021,3.16763998213922e-05,0.4518723699365684,CM
,235560,Contig_201.fasta,0.007296810642268057,8.829869845801112e-06,0.4275137862670777,CM
,235560,Contig_425070.fasta,0.017879247386093432,5.6316170151066604e-05,0.46282278839695007,CM
,235560,Contig_425833.fasta,0.009088167518732405,1.3514955411623849e-05,0.4338561326558336,CM
,235560,Contig_797704.fasta,0.011849797083801628,2.6468388842691544e-05,0.4499171529512659,CM
,235560,Contig_627634.fasta,0.02562378337937673,0.00012751954375949003,0.4750394305272249,CM
,235560,Contig_991161.fasta,0.023159077800883655,0.00010556762676633241,0.4721633088489572,CM
,235560,Contig_545925.fasta,0.0009619874461037888,0.0,0.29400806727572515,CM
,235560,Contig_131611.fasta,0.004786233856950441,3.28224943159753e-06,0.40181523320679824,CM
,235560,Contig_552125.fasta,0.01675305556003103,5.468558808100792e-05,0.46145349020642656,CM
,235560,Contig_138251.fasta,0.0058636172071429475,6.085810351925317e-06,0.41815356485193617,CM
,235560,Contig_55132.fasta,0.01220020179202564,2.8167844655728657e-05,0.4484080872729435,CM
,235560,Contig_139680.fasta,0.019707537122668123,7.507734943076088e-05,0.46535438992473055,CM
,235560,Contig_55177.fasta,0.004568497243713234,3.3526874673853204e-06,0.39992635817890304,CM
,235560,Contig_1067090.fasta,0.018505893124182642,7.251115499461482e-05,0.4669798793106951,CM
,235560,Contig_501431.fasta,0.014595823983615917,4.4145104496389045e-05,0.45986618090350523,CM
,235560,Contig_499446.fasta,0.019461253368016098,6.999856053288079e-05,0.46489204080408997,CM
,235560,Contig_136280.fasta,0.016586539167912993,5.749160053551809e-05,0.46282278839695007,CM
,235560,Contig_425598.fasta,0.0,0.0,0.0,CM
,235560,Contig_56039.fasta,0.010748479214258278,2.202150361535378e-05,0.4471226364733077,CM
,235560,Contig_59601.fasta,0.013313220132583407,3.924930781851191e-05,0.45694710846612946,CM
,235560,Contig_502702.fasta,0.017247151809123902,5.3749995448446935e-05,0.46009227047130435,CM
,235560,Contig_544473.fasta,0.022306628282256886,0.0001014817055917054,0.471925203297344,CM
,235560,Contig_551703.fasta,0.02412187105945972,0.00011259095058444803,0.4731181385938489,CM
,235560,Contig_988522.fasta,0.01417851898884819,4.201545919279821e-05,0.4571703361693371,CM
,235560,Contig_371356.fasta,0.01501888554796803,4.35241242306486e-05,0.457617446522559,CM
,235560,Contig_626449.fasta,0.020218247933581616,8.13285734601468e-05,0.4688515421536238,CM
,235560,Contig_548610.fasta,0.017433960336823873,6.0902056899478877e-05,0.46466121059515053,CM
,235560,Contig_425664.fasta,0.008584139218402006,1.227295829229901e-05,0.43547123226553425,CM
,235560,Contig_24566569.fasta,0.0,0.0,0.0,CM
,235560,Contig_548279.fasta,0.0012248580213421404,0.0,0.31841703917612557,CM
,235560,Contig_58194.fasta,0.0209761314130124,7.853654546009946e-05,0.4660496405072874,CM
,235560,Contig_368907.fasta,0.017203623598884433,5.476457187208876e-05,0.4619090217860973,CM
,235560,Contig_131846.fasta,0.0012270954065418446,0.0,0.31841703917612557,CM
,235560,Contig_991730.fasta,0.025553775822584557,0.00012180050079813916,0.4735970031065957,CM
,235560,Contig_368942.fasta,0.0012240220629598096,0.0,0.31830873406075955,CM
,235560,Contig_501775.fasta,0.015221236198036892,4.3324545948012446e-05,0.4578413298134213,CM
,235560,Contig_368101.fasta,0.02295611672369082,0.00010728160054641958,0.473357449741342,CM
,235560,Contig_24.fasta,0.002167610556719108,4.1756971303914416e-07,0.3512866659679553,CM
,235560,Contig_1066255.fasta,0.02627634907793259,0.00013310526435197944,0.4750394305272249,CM
,235560,Contig_929331.fasta,0.018886900319042693,7.026838952962608e-05,0.4644306094980809,CM
,235560,Contig_987858.fasta,0.02220952058934389,9.761610665676736e-05,0.47097517772452596,CM
,235560,Contig_55763.fasta,0.015506135301211867,4.59540592194647e-05,0.4596403134276194,CM
,235560,Contig_420346.fasta,0.00924250937581288,1.3957125713542009e-05,0.4344603891080005,CM
,235560,Contig_370486.fasta,0.01672714341695416,5.521458938115868e-05,0.46351048941982814,CM
,235560,Contig_420797.fasta,0.005896457806195513,5.6680596784603044e-06,0.41684974527333324,CM
,235560,Contig_2842.fasta,0.0037083741472744946,2.2881156923242488e-06,0.3941986849783627,CM
,235560,Contig_54955.fasta,0.02255342733398721,0.00010092726195035213,0.471925203297344,CM
,235560,Contig_53894.fasta,0.018683723363433078,7.010511448071998e-05,0.4660496405072874,CM
,235560,Contig_54153.fasta,0.020546906921117002,7.992985650977444e-05,0.4674463926766399,CM
,235560,Contig_1061936.fasta,0.011632005171034097,2.8398169811916063e-05,0.44797878321619583,CM
,235560,Contig_55116.fasta,0.024191320442753704,0.00012193796564722205,0.4750394305272249,CM
,235560,Contig_922.fasta,0.0,0.0,0.0,CM
,235560,Contig_552669.fasta,0.00611127985815534,5.564508880606056e-06,0.4183404908979138,CM
,235560,Contig_1270681.fasta,0.016346895756264326,5.08640358462109e-05,0.46077187500671246,CM
,235560,Contig_986945.fasta,0.019640772587222806,6.901854810822742e-05,0.4639700932764666,CM
,235560,Contig_137360.fasta,0.023799284871992617,0.00011017828765038474,0.473357449741342,CM
,235560,Contig_985270.fasta,0.011431988447151943,2.452592015556505e-05,0.44584453460630447,CM
,235560,Contig_59388.fasta,0.013196355869371634,3.521208332900299e-05,0.45605637336190696,CM
,235560,Contig_138131.fasta,0.02169338556493013,9.08987628648638e-05,0.46955728958285653,CM
,235560,Contig_4065.fasta,0.0236613262691826,0.00011101890114150992,0.47287906929693435,CM
,235560,Contig_53742.fasta,0.0013477768360124272,0.0,0.3311492137787095,CM
,235560,Contig_371523.fasta,0.015600662336399005,4.79597814931893e-05,0.4594146677165602,CM
,235560,Contig_24574115.fasta,0.02128690416505933,9.081904656623554e-05,0.4712123253467438,CM
,235560,Contig_422544.fasta,0.008491439286862329,1.1504711923054724e-05,0.43225296911715155,CM
,235560,Contig_499233.fasta,0.020684269274224832,8.381023662122867e-05,0.46767999906978164,CM
,235560,Contig_542382.fasta,0.0,0.0,0.0,CM
,235560,Contig_542716.fasta,0.014503936004955005,3.8408879011578764e-05,0.4562787314181536,CM
,235560,Contig_131534.fasta,0.004935708176755244,4.327579354458918e-06,0.41225888904785596,CM
,235560,Contig_1066498.fasta,0.024536842121808004,0.00012230999080650934,0.4745576461149255,CM
,235560,Contig_137822.fasta,0.004612595567047598,3.1582932244005444e-06,0.39975552248553314,CM
,235560,Contig_59872.fasta,0.02354119827740235,0.00011184829477952856,0.47407683796283334,CM
,235560,Contig_498523.fasta,0.007176703503331006,1.0696609704910193e-05,0.4308598886457795,CM
,235560,Contig_57119.fasta,0.02327693378787585,0.00010906668507868157,0.4731181385938489,CM
,235560,Contig_1067031.fasta,0.008443257010685875,1.1838124708312778e-05,0.43225296911715155,CM
,235560,Contig_372145.fasta,0.007059428452236978,7.62062653254245e-06,0.421924110973234,CM
,235560,Contig_1062612.fasta,0.00956051648796355,1.618400466271469e-05,0.4397686457418388,CM
,235560,Contig_422254.fasta,0.027600467463768066,0.00014804995592691063,0.47649067115001686,CM
,235560,Contig_1123102.fasta,0.016416930208842606,5.449397138130807e-05,0.4630517952195117,CM
,235560,Contig_59049.fasta,0.019813502977370116,7.817473361150183e-05,0.46791383906931655,CM
,235560,Contig_209172.fasta,0.02516943985213827,0.00011454207781527444,0.4714497119086313,CM
,235560,Contig_56634.fasta,0.0033869935490004562,1.6073146266766922e-06,0.38088224588466957,CM
,235560,Contig_3298.fasta,0.0,0.0,0.0,CM
,235560,Contig_369021.fasta,0.018167125317030925,6.170333394350157e-05,0.46259400797757444,CM
,235560,Contig_304922.fasta,0.01755066407577126,6.0383643330353366e-05,0.46259400797757444,CM
,235560,Contig_930796.fasta,0.01735680571690795,5.807753455904763e-05,0.46282278839695007,CM
,235560,Contig_368021.fasta,0.015971351701057176,4.840843200100255e-05,0.45806543227539553,CM
,235560,Contig_545617.fasta,0.0,0.0,0.0,CM
,235560,Contig_131608.fasta,0.0035273647596523,1.6272258521617164e-06,0.3884714313568423,CM
,235560,Contig_370934.fasta,0.02472693554598094,0.00012059633326588022,0.4745576461149255,CM
,235560,Contig_369398.fasta,0.02307827654673186,0.00010417198478467444,0.471925203297344,CM
,235560,Contig_1064046.fasta,0.016344299400323677,4.7170824163586746e-05,0.45694710846612946,CM
,235560,Contig_991399.fasta,0.02460672723037168,0.0001150270966272992,0.4731181385938489,CM
,235560,Contig_55830.fasta,0.022626583938917224,0.00010112856128625819,0.4714497119086313,CM
,235560,Contig_57305.fasta,0.0034932906073422607,1.405474979559665e-06,0.3796461168919404,CM
,235560,Contig_1063323.fasta,0.02526972700370681,0.00012651158120271125,0.4750394305272249,CM
,235560,Contig_554259.fasta,0.0,0.0,0.0,CM
,235560,Contig_1066500.fasta,0.013840229460099284,3.815186725118723e-05,0.4547267629439422,CM
,235560,Contig_59255.fasta,0.002562654017932503,8.35532658026854e-07,0.3728397124058299,CM
,235560,Contig_371829.fasta,0.02319627927580181,0.00010414414795018013,0.471925203297344,CM
,235560,Contig_500065.fasta,0.008339808119821462,1.1915576528351023e-05,0.4332535546938116,CM
,235560,Contig_368285.fasta,0.006930500331416974,1.025298509182609e-05,0.42518295235739806,CM
,235560,Contig_542537.fasta,0.0035707650548589226,1.753735592708799e-06,0.3844813796789782,CM
,235560,Contig_986865.fasta,0.01763034229961584,5.5208690103168726e-05,0.4609988562259276,CM
,235560,Contig_60641.fasta,0.018462198162483064,6.751734553607046e-05,0.46489204080408997,CM
,235560,Contig_425558.fasta,0.00742313599862174,9.757279599021986e-06,0.4308598886457795,CM
,235560,Contig_1262982.fasta,0.008018562947030664,1.093047969216804e-05,0.4284925266202533,CM
,235560,Contig_305.fasta,0.002111019541966721,4.3789716988861737e-07,0.34304533656108255,CM
,235560,Contig_420386.fasta,0.0235736435390961,0.00011377384287074192,0.47383679905753573,CM
,235560,Contig_553448.fasta,0.001150244473438947,0.0,0.3116309284510933,CM
,235560,Contig_138817.fasta,0.007022349570948481,9.062073122833996e-06,0.4290819248686993,CM
,235560,Contig_371446.fasta,0.008246537006030836,1.2471224649478317e-05,0.4324527163302371,CM
,235560,Contig_994196.fasta,0.01971645378439253,6.711629722655875e-05,0.46259400797757444,CM
,235560,Contig_501364.fasta,0.02547892984414725,0.00012707397370996192,0.4750394305272249,CM
,235560,Contig_546659.fasta,0.015704183659871595,4.877264149191407e-05,0.4589640402837828,CM
,235560,Contig_990528.fasta,0.025018984909055277,0.0001226237515530357,0.4743171201919073,CM
,235560,Contig_371562.fasta,0.025233020656226242,0.0001294552762041039,0.47600594005016944,CM
,235560,Contig_423997.fasta,0.02775827701987228,0.00014881080780778874,0.47673340710067913,CM
,235560,Contig_57926.fasta,0.004808472836389844,3.5944066983253418e-06,0.4083017792925973,CM
,235560,Contig_309752.fasta,0.004771432193959007,3.7375446533899895e-06,0.4070585811825285,CM
,235560,Contig_57120.fasta,0.014045280059925497,3.838572377231719e-05,0.4547267629439422,CM
,235560,Contig_200999.fasta,0.010707813613377266,2.259116396118282e-05,0.4462697559077888,CM
,235560,Contig_499237.fasta,0.007172539777352573,1.09057613179404e-05,0.4277091764801797,CM
,235560,Contig_542386.fasta,0.0022962113095467856,4.2034257913299106e-07,0.35732251933510234,CM
,235560,Contig_131530.fasta,0.012107611200504343,3.0237833608038922e-05,0.4518723699365684,CM
,235560,Contig_501205.fasta,0.027446617637050377,0.00014760028266038876,0.47649067115001686,CM
,235560,Contig_2219.fasta,0.0,0.0,0.0,CM
,235560,Contig_139618.fasta,0.02755242449343978,0.00015026301228313432,0.4772196216923167,CM
,235560,Contig_549709.fasta,0.005999253168615548,6.457880603165595e-06,0.4177802134547469,CM
,235560,Contig_502136.fasta,0.025845127206359644,0.00013417906729533698,0.47673340710067913,CM
,235560,Contig_132297.fasta,0.015328318563608568,4.802875522476511e-05,0.46009227047130435,CM
,235560,Contig_305531.fasta,0.029001184700550985,0.00016541315744540106,0.4789292109204878,CM
,235560,Contig_61421.fasta,0.026293141443911056,0.00013733039340873857,0.47624818225884635,CM
,235560,Contig_500205.fasta,0.005597695879941714,5.855545060550422e-06,0.4128044455838699,CM
,235560,Contig_59070.fasta,0.026486397371546334,0.00014171273729212728,0.4769763904885999,CM
,235560,Contig_929505.fasta,0.017734336717649665,6.359735623930578e-05,0.46581765960111154,CM
,235560,Contig_24570476.fasta,0.01895364848560043,6.965000253334735e-05,0.4665142961807742,CM
,235560,Contig_53402.fasta,0.0173723340012259,5.795430607793294e-05,0.46282278839695007,CM
,235560,Contig_53447.fasta,0.019719736952699216,7.973321770272953e-05,0.4688515421536238,CM
,235560,Contig_137449.fasta,0.008306955578400206,1.3102957831720516e-05,0.43265264823792565,CM
,235560,Contig_133990.fasta,0.0,0.0,0.0,CM
,235560,Contig_134851.fasta,0.023511230486247554,0.00010995016093838102,0.4735970031065957,CM
,235560,Contig_425439.fasta,0.01842070773405168,6.292756690887664e-05,0.4630517952195117,CM
,235560,Contig_131631.fasta,0.004916753952452364,3.774901309854863e-06,0.4072357172056715,CM
,235560,Contig_1261393.fasta,0.012870607187065623,3.247831719731635e-05,0.4527468205798902,CM
,235560,Contig_369735.fasta,0.012265248838583084,2.577661429622515e-05,0.449484955878306,CM
,235560,Contig_56198.fasta,0.024438797701457595,0.00011587252874658126,0.473357449741342,CM
,235560,Contig_307546.fasta,0.004836769796562883,3.54745132904964e-06,0.4038962788686375,CM
,235560,Contig_303510.fasta,0.0011308133748088877,0.0,0.3080407103813802,CM
,235560,Contig_372408.fasta,0.003592536807083037,2.786777107784441e-06,0.39270989430912,CM
,235560,Contig_131842.fasta,0.00576788583408766,6.580660894393106e-06,0.4170355071919042,CM
,235560,Contig_368140.fasta,0.015964291791886295,4.755365766100852e-05,0.4578413298134213,CM
,235560,Contig_986732.fasta,0.01607977150260372,5.150278270044739e-05,0.46122606118217496,CM
,235560,Contig_302982.fasta,0.007010519382756937,9.329023162911444e-06,0.4281004932015705,CM
,235560,Contig_988949.fasta,0.014982830758432033,4.302678532710547e-05,0.4578413298134213,CM
,235560,Contig_61678.fasta,0.026618337722326826,0.00013689965691563756,0.47576394414775447,CM
,235560,Contig_498868.fasta,0.014727194989816325,4.003798742656961e-05,0.45539059763437134,CM
,235560,Contig_1065964.fasta,0.0,0.0,0.0,CM
,235560,Contig_57454.fasta,0.023859337154729585,0.0001128197344233844,0.4726402414841581,CM
,235560,Contig_370810.fasta,0.016841177210369332,6.0508926571977934e-05,0.4644306094980809,CM
,235560,Contig_372325.fasta,0.027430530686393187,0.00014710232842182741,0.4774631010911394,CM
,235560,Contig_542961.fasta,0.0036083133780549104,1.7158286632575281e-06,0.3871856343147013,CM
,235560,Contig_58291.fasta,0.011803298577226149,2.4131953034096414e-05,0.44542012286465166,CM
,235560,Contig_555161.fasta,0.017957739066154617,6.484750042279702e-05,0.4644306094980809,CM
,235560,Contig_711078.fasta,0.02322170314391671,0.00010396860161864639,0.471925203297344,CM
,235560,Contig_502392.fasta,0.014636226763738,4.2515050296284236e-05,0.4596403134276194,CM
,235560,Contig_553434.fasta,0.014271237307396054,3.847014563243978e-05,0.4567240986523344,CM
,235560,Contig_135566.fasta,0.019968804739564607,7.999251070615138e-05,0.46838222129060714,CM
,235560,Contig_201082.fasta,0.016329164508676348,4.6198989652440876e-05,0.45605637336190696,CM
,235560,Contig_544432.fasta,0.01400610638015671,3.469330275247085e-05,0.4523091726141291,CM
,235560,Contig_132870.fasta,0.010649437862868306,2.0230437463797362e-05,0.4452082198566285,CM
,235560,Contig_553471.fasta,0.020652767551413532,8.423735874239464e-05,0.46955728958285653,CM
,235560,Contig_1037.fasta,0.0,0.0,0.0,CM
,235560,Contig_702135.fasta,0.015137569614064738,4.46141733224003e-05,0.4578413298134213,CM
,235560,Contig_61579.fasta,0.01306648129420021,3.123085962380528e-05,0.45143641010064306,CM
,235560,Contig_56384.fasta,0.023428929155555833,0.00010839257629843393,0.47287906929693435,CM
,235560,Contig_371783.fasta,0.00964156729286523,1.731153144347748e-05,0.4422626078159892,CM
,235560,Contig_303179.fasta,0.004859476266703182,3.733142225193823e-06,0.4037220354351308,CM
,235560,Contig_370352.fasta,0.01625167704042284,4.691646556471128e-05,0.4582897542304766,CM
,235560,Contig_422425.fasta,0.012881098399686968,3.1996701132371816e-05,0.4520906657674556,CM
,235560,Contig_1063026.fasta,0.015266914548384603,4.076201575478658e-05,0.45539059763437134,CM
,235560,Contig_371407.fasta,0.028672131276454058,0.0001602798273422957,0.47770682906515216,CM
,235560,Contig_4902.fasta,0.022364517230220732,9.89682349965982e-05,0.471925203297344,CM
,235560,Contig_4141.fasta,0.020028930994071638,7.973498843483651e-05,0.46767999906978164,CM
,235560,Contig_53623.fasta,0.01728416746158637,5.713305380914327e-05,0.4609988562259276,CM
,235560,Contig_992810.fasta,0.011490874394972336,2.681354793083827e-05,0.4481933324418741,CM
,235560,Contig_544367.fasta,0.0013062332985419934,0.0,0.32641356056457377,CM
,235560,Contig_58581.fasta,0.018407098580044575,6.562013349116728e-05,0.46466121059515053,CM
,235560,Contig_58115.fasta,0.02213632103935181,0.00010006042877378098,0.4724016547898198,CM
,235560,Contig_550017.fasta,0.004590425931565322,3.1441297900855588e-06,0.40216058364358964,CM
,235560,Contig_368514.fasta,0.007386380602919579,9.214194179417768e-06,0.4314558221017211,CM
,235560,Contig_370392.fasta,0.022119679117093508,0.00010236721655173297,0.47287906929693435,CM
,235560,Contig_208096.fasta,0.004571582598749068,3.2850645079758288e-06,0.40302656250587127,CM
,235560,Contig_4205.fasta,0.0025529633977968654,5.648048234448453e-07,0.3697462181503884,CM
,235560,Contig_1064672.fasta,0.018182467934974335,6.36041610277405e-05,0.46259400797757444,CM
,235560,Contig_59251.fasta,0.009667750007070621,1.9714250412199377e-05,0.4439410237849303,CM
,235560,Contig_3038.fasta,0.012919605646602203,2.8358927307530786e-05,0.45143641010064306,CM
,235560,Contig_135971.fasta,0.021596656354876932,9.42432275388939e-05,0.470501597857533,CM
,235560,Contig_502317.fasta,0.011147704422191703,2.2597633563923076e-05,0.4488382149345962,CM
,235560,Contig_61645.fasta,0.011634104062402584,2.3321872063481678e-05,0.44648267086766846,CM
,235560,Contig_62576.fasta,0.021188753668930853,9.097741228794961e-05,0.470501597857533,CM
,235560,Contig_542533.fasta,0.0034517665197396786,1.476126892723172e-06,0.38057245959277475,CM
,235560,Contig_131711.fasta,0.008987543727758987,1.2600194689625537e-05,0.4308598886457795,CM
,235560,Contig_422009.fasta,0.00800495655372613,1.0097956820806797e-05,0.429475758668487,CM
,235560,Contig_62533.fasta,0.020480603837360622,8.657287507493108e-05,0.47097517772452596,CM
,235560,Contig_993317.fasta,0.028139807442373863,0.00015690409164712785,0.4781950322629704,CM
,235560,Contig_985521.fasta,0.0025794189548147433,6.941085059261818e-07,0.3744808636008936,CM
,235560,Contig_543303.fasta,0.013266412967536757,3.0468108047903405e-05,0.4512187454863226,CM
,235560,Contig_929538.fasta,0.012380373817241613,3.0525138782050864e-05,0.45296596231298797,CM
,235560,Contig_542346.fasta,0.0,0.0,0.0,CM
,235560,Contig_58424.fasta,0.006050409161819437,5.476534249305499e-06,0.41555403114504136,CM
,235560,Contig_797832.fasta,0.019668909378062045,7.886546370318285e-05,0.46721301954000655,CM
,235560,Contig_368823.fasta,0.02450610580278409,0.00011443328320379435,0.473357449741342,CM
,235560,Contig_548470.fasta,0.0048679598485554905,4.219017321808362e-06,0.41027079269558664,CM
,235560,Contig_57574.fasta,0.027716862035206714,0.0001454961388117645,0.47624818225884635,CM
,235560,Contig_988707.fasta,0.024390507769522164,0.00011882414216209831,0.47383679905753573,CM
,235560,Contig_421262.fasta,0.02111106826000291,8.838093603473566e-05,0.47026516489378545,CM
,235560,Contig_985249.fasta,0.01289531882752755,3.165975499796468e-05,0.4510012906692208,CM
,235560,Contig_371975.fasta,0.015505098062958628,4.062956080081936e-05,0.4558342319233478,CM
,235560,Contig_56531.fasta,0.02209227774914821,9.496541462486975e-05,0.470501597857533,CM
,235560,Contig_1063517.fasta,0.016409154430819913,4.898292082232982e-05,0.4609988562259276,CM
,235560,Contig_990987.fasta,0.020616969102894112,7.79224988425261e-05,0.46581765960111154,CM
,235560,Contig_993626.fasta,0.01458969007898199,3.6875516094887246e-05,0.4527468205798902,CM
,235560,Contig_542496.fasta,0.004419792751131027,3.43516369641899e-06,0.39620138786563636,CM
,235560,Contig_372104.fasta,0.025184783476067552,0.0001237797844970512,0.47407683796283334,CM
,235560,Contig_131548.fasta,0.013157855282804809,3.2274053289806334e-05,0.45494782602753187,CM
,235560,Contig_308042.fasta,0.011046502845986173,2.0547855240107295e-05,0.441428150065393,CM
,235560,Contig_421163.fasta,0.00480082433695153,5.211663988397506e-06,0.4081237148445849,CM
,235560,Contig_54197.fasta,0.015041007800096817,4.2169521972393716e-05,0.45605637336190696,CM
,235560,Contig_990000.fasta,0.02224217203251014,0.00010059676365106862,0.4721633088489572,CM
,235560,Contig_369631.fasta,0.01944963850002317,7.691683669061612e-05,0.4662818525852681,CM
,235560,Contig_543552.fasta,0.017072852031077723,6.237154612784407e-05,0.4632810287815015,CM
,235560,Contig_542517.fasta,0.018724342842337354,6.898389859154667e-05,0.4669798793106951,CM
,235560,Contig_131735.fasta,0.01204855726559273,3.115144023058303e-05,0.45035018197239324,CM
,235560,Contig_5549.fasta,0.00986590592519639,1.909173752718172e-05,0.43935571743597795,CM
,235560,Contig_501494.fasta,0.01431603757822333,4.0835432999447425e-05,0.4562787314181536,CM
,235560,Contig_1062303.fasta,0.021012329494536373,8.920551503860356e-05,0.4700289694317595,CM
,235560,Contig_368159.fasta,0.008131975955696468,1.0337403693996557e-05,0.43185402775202264,CM
,235560,Contig_1199449.fasta,0.012701717588382776,3.0112293610932753e-05,0.449484955878306,CM
,235560,Contig_704055.fasta,0.015180612393727446,4.4950287483039607e-05,0.4573937820814434,CM
,235560,Contig_55016.fasta,0.008480209964118095,1.2792561278584434e-05,0.43648679017660125,CM
,235560,Contig_54053.fasta,0.007130167940685465,8.316753989288701e-06,0.42634518366224744,CM
,235560,Contig_546419.fasta,0.01108041615241949,2.808517011165571e-05,0.4527468205798902,CM
,235560,Contig_59189.fasta,0.02403003741527612,0.00011806172146566043,0.47383679905753573,CM
,235560,Contig_59558.fasta,0.007132433128105669,8.71322477527734e-06,0.4230685705870855,CM
,235560,Contig_546876.fasta,0.003294522809387748,1.7024423054587865e-06,0.37553277613909836,CM
,235560,Contig_548299.fasta,0.020082430003786574,8.375061401476823e-05,0.46979301111377164,CM
,235560,Contig_60525.fasta,0.010716227102382708,2.2282316006322263e-05,0.4462697559077888,CM
,235560,Contig_550033.fasta,0.0010614454871989032,0.0,0.3037415378573947,CM
,235560,Contig_208849.fasta,0.019604760619950957,7.165579500867332e-05,0.46466121059515053,CM
,235560,Contig_57061.fasta,0.020629858950550462,7.716568179352603e-05,0.4665142961807742,CM
,235560,Contig_1062496.fasta,0.0175327508764707,5.999879205228186e-05,0.4644306094980809,CM
,235560,Contig_303608.fasta,0.013956254463472241,4.077095199713722e-05,0.4567240986523344,CM
,235560,Contig_420777.fasta,0.019705213340260753,7.277622257127269e-05,0.4660496405072874,CM
,235560,Contig_1063002.fasta,0.01964806946602273,7.23068023735917e-05,0.4662818525852681,CM
,235560,Contig_54352.fasta,0.0023751024947810872,7.640083457090455e-07,0.361462988852311,CM
,235560,Contig_1063047.fasta,0.00476602684947528,3.7849708976700344e-06,0.406528096498103,CM
,235560,Contig_53607.fasta,0.022639591030572365,0.0001003255783826472,0.4721633088489572,CM
,235560,Contig_372120.fasta,0.021813562405701287,9.410633244129526e-05,0.470501597857533,CM
,235560,Contig_549384.fasta,0.022424891589290633,9.577390911767224e-05,0.47026516489378545,CM
,235560,Contig_1061993.fasta,0.019621060169933906,7.682576757458374e-05,0.4662818525852681,CM
,235560,Contig_553689.fasta,0.007170315370192045,8.795726501269916e-06,0.4286888127066574,CM
,235560,Contig_990531.fasta,0.024354997977714,0.00011644901514475381,0.473357449741342,CM
,235560,Contig_554020.fasta,0.014389675834909273,4.2006692987586434e-05,0.4591892434438828,CM
,235560,Contig_502647.fasta,0.012557917006331153,2.9554598518680718e-05,0.4492691685735156,CM
,235560,Contig_135462.fasta,0.009416306975648412,1.6670288265258914e-05,0.4395620846118521,CM
,235560,Contig_1063919.fasta,0.014502499157264521,3.8537343175120164e-05,0.4565013064090893,CM
,235560,Contig_372299.fasta,0.01198517797800809,2.7831740909159513e-05,0.44905358835826925,CM
,235560,Contig_622402.fasta,0.021799143526740544,9.251269309707807e-05,0.46908655545796146,CM
,235560,Contig_1065023.fasta,0.021369128387365773,9.069688689979774e-05,0.47097517772452596,CM
,235560,Contig_552588.fasta,0.008088558366584689,1.072619216320044e-05,0.42829642020074743,CM
,235560,Contig_367957.fasta,0.01445771575820913,4.1897437548927126e-05,0.4573937820814434,CM
,235560,Contig_308367.fasta,0.022824618747914922,9.613496172305145e-05,0.46932180448276484,CM
,235560,Contig_59368.fasta,0.02561229932068965,0.00013684352250281946,0.4769763904885999,CM
,235560,Contig_705620.fasta,0.01973349437115201,7.268166135163604e-05,0.4662818525852681,CM
,235560,Contig_305590.fasta,0.022203686789756944,0.00010286504473447844,0.4726402414841581,CM
,235560,Contig_554364.fasta,0.012866433394831414,3.208032462822345e-05,0.45296596231298797,CM
,235560,Contig_502546.fasta,0.013536117360607846,3.446510942772125e-05,0.4542852806498219,CM
,235560,Contig_985191.fasta,0.016808059609105776,5.824548979394726e-05,0.4637401774720679,CM
,235560,Contig_425799.fasta,0.02533696748251435,0.0001255740454826214,0.47407683796283334,CM
,235560,Contig_368001.fasta,0.01757302552179739,5.8814112136025925e-05,0.4621371250067324,CM
,235560,Contig_501675.fasta,0.02059651426387313,7.911630485119136e-05,0.46767999906978164,CM
,235560,Contig_62362.fasta,0.014179487936509813,3.803931617939356e-05,0.45539059763437134,CM
,235560,Contig_60857.fasta,0.01454520376714991,4.087309647478645e-05,0.45873905791109465,CM
,235560,Contig_202275.fasta,0.01241773917641589,2.956534754159681e-05,0.45035018197239324,CM
,235560,Contig_131650.fasta,0.02162397583617703,9.049337041752279e-05,0.46932180448276484,CM
,235560,Contig_542472.fasta,0.005768424256939145,5.264940136670729e-06,0.4111720905705769,CM
,235560,Contig_547680.fasta,0.009495271606211286,1.598912183556042e-05,0.4389435638548935,CM
,235560,Contig_499586.fasta,0.005927157099815906,4.804099203134395e-06,0.41481723321747915,CM
,235560,Contig_136305.fasta,0.022342633458645646,9.837174419174302e-05,0.4714497119086313,CM
,235560,Contig_369711.fasta,0.013883757717516692,3.584289363199556e-05,0.4520906657674556,CM
,235560,Contig_61741.fasta,0.02169391072939794,9.371065536211933e-05,0.47026516489378545,CM
,235560,Contig_498586.fasta,0.023228473583581145,0.0001072781407698785,0.4712123253467438,CM
,235560,Contig_138210.fasta,0.0022992765693018798,5.22013930607809e-07,0.35704985812233236,CM
,235560,Contig_1522.fasta,0.005030028598208801,4.182443581136359e-06,0.4111720905705769,CM
,235560,Contig_54173.fasta,0.0023158785004704337,4.0586531360412466e-07,0.35841734130165953,CM
,235560,Contig_58478.fasta,0.011675625742991965,2.707165309058448e-05,0.44776443930078136,CM
,235560,Contig_2611.fasta,0.021002239776435675,8.788642826676376e-05,0.4700289694317595,CM
,235560,Contig_547115.fasta,0.024144147846975703,0.0001100134758296642,0.47073826868140495,CM
,235560,Contig_368410.fasta,0.02012421422172191,7.682296342146892e-05,0.4674463926766399,CM
,235560,Contig_547150.fasta,0.011129666624874572,2.413229940296212e-05,0.45035018197239324,CM
,235560,Contig_550156.fasta,0.019042456717822724,7.022648760165872e-05,0.4662818525852681,CM
,235560,Contig_60405.fasta,0.020132462761199902,8.011751865939722e-05,0.46767999906978164,CM
,235560,Contig_59852.fasta,0.028622318697302564,0.0001588861875964303,0.4774631010911394,CM
,235560,Contig_985114.fasta,0.015057932088011835,4.0676140885173267e-05,0.45694710846612946,CM
,235560,Contig_502586.fasta,0.018422922809367203,6.558407527881348e-05,0.46259400797757444,CM
,235560,Contig_201696.fasta,0.00722098895512701,1.1006282306569115e-05,0.4296729468037801,CM
,235560,Contig_56590.fasta,0.012184907098340853,3.212258592709497e-05,0.4542852806498219,CM
,235560,Contig_369378.fasta,0.022364779729110638,0.00010220741849019017,0.4726402414841581,CM
,235560,Contig_424031.fasta,0.02569159565855898,0.00013317396274559865,0.47600594005016944,CM
,235560,Contig_549045.fasta,0.0,0.0,0.0,CM
,235560,Contig_138952.fasta,0.01839002499685995,6.760768946130415e-05,0.46512310046651745,CM
,235560,Contig_500549.fasta,0.016576623694270435,5.089886660598406e-05,0.45986618090350523,CM
,235560,Contig_54272.fasta,0.01982913468917019,7.04105848409748e-05,0.4644306094980809,CM
,235560,Contig_53762.fasta,0.02078596051934083,8.223926551729543e-05,0.46861676421564,CM
,235560,Contig_57141.fasta,0.003784225886652777,1.8599453240771993e-06,0.39620138786563636,CM
,235560,Contig_420657.fasta,0.0,0.0,0.0,CM
,235560,Contig_804876.fasta,0.021412379012107744,9.203610356608337e-05,0.47073826868140495,CM
,235560,Contig_367997.fasta,0.009343330040414759,1.779914547295793e-05,0.4399754010994984,CM
,235560,Contig_54093.fasta,0.020971289862471827,8.426441052798631e-05,0.46838222129060714,CM
,235560,Contig_985009.fasta,0.0038282004609519506,2.2251250174588544e-06,0.3970418659900862,CM
,235560,Contig_209831.fasta,0.01735210848199786,5.773727072690699e-05,0.4630517952195117,CM
,235560,Contig_59149.fasta,0.02880765380523032,0.0001634223578088799,0.4781950322629704,CM
,235560,Contig_54407.fasta,0.016521284932214657,4.8626460503462116e-05,0.4603185824587472,CM
,235560,Contig_305408.fasta,0.011793591659967025,2.4217212830765268e-05,0.44797878321619583,CM
,235560,Contig_501379.fasta,0.0178417991235135,6.277521188065489e-05,0.46512310046651745,CM
,235560,Contig_55093.fasta,0.019032999785014177,7.008553921548989e-05,0.4674463926766399,CM
,235560,Contig_806573.fasta,0.013025770903811922,3.6694704450032105e-05,0.4571703361693371,CM
,235560,Contig_60235.fasta,0.02783869395403618,0.00015366781146765034,0.4779508059952161,CM
,235560,Contig_501085.fasta,0.0012248580213421404,0.0,0.31841703917612557,CM
,235560,Contig_302635.fasta,0.01672060008591136,5.297044272278441e-05,0.4596403134276194,CM
,235560,Contig_213217.fasta,0.0012655464430194482,0.0,0.3222547101028351,CM
,235560,Contig_204678.fasta,0.000998066199614263,0.0,0.2968996440795156,CM
,235560,Contig_498809.fasta,0.026721331702040756,0.00014325435528790285,0.47649067115001686,CM
,235560,Contig_134968.fasta,0.011886765503245387,3.0982259846731435e-05,0.4510012906692208,CM
,235560,Contig_555569.fasta,0.005681972782880109,5.544726057815462e-06,0.4131689528205886,CM
,235560,Contig_420323.fasta,0.003350654148299737,1.0763903198608427e-06,0.3796461168919404,CM
,235560,Contig_7.fasta,0.0013062332985419934,0.0,0.32641356056457377,CM
,235560,Contig_370077.fasta,0.02488446688386285,0.00011970117267650435,0.4743171201919073,CM
,235560,Contig_24574329.fasta,0.01540244173444777,4.152427931738407e-05,0.45694710846612946,CM
,235560,Contig_207266.fasta,0.023460599302189977,0.00010854389737184394,0.47287906929693435,CM
,235560,Contig_499722.fasta,0.014314170307691963,3.2487050373780053e-05,0.44797878321619583,CM
,235560,Contig_1201189.fasta,0.022809029168778576,0.0001008898454520221,0.4712123253467438,CM
,235560,Contig_500710.fasta,0.02265997706195701,0.00010234409050833956,0.4712123253467438,CM
,235560,Contig_135292.fasta,0.019857886153138077,7.890408058337125e-05,0.4681479130258295,CM
,235560,Contig_204110.fasta,0.0,0.0,0.0,CM
,235560,Contig_500384.fasta,0.02866300555282511,0.00016159400519269955,0.4781950322629704,CM
,235560,Contig_4002.fasta,0.001150244473438947,0.0,0.3116309284510933,CM
,235560,Contig_421610.fasta,0.005662248010987583,4.973349306833035e-06,0.41063083727013294,CM
,235560,Contig_138156.fasta,0.020908517843602686,8.827064539821917e-05,0.46932180448276484,CM
,235560,Contig_792548.fasta,0.013887003294904578,3.118462024271846e-05,0.45035018197239324,CM
,235560,Contig_131553.fasta,0.0048236410288731045,3.0053122983500315e-06,0.40564702129979757,CM
,235560,Contig_368086.fasta,0.007145957997939175,1.0789032892517416e-05,0.4265395069000151,CM
,235560,Contig_544261.fasta,0.004750923704308785,3.2558039786064824e-06,0.4012983182412663,CM
,235560,Contig_796891.fasta,0.017716929590990065,5.761586225555201e-05,0.46259400797757444,CM
,235560,Contig_137006.fasta,0.0024422464734762733,6.368695363782271e-07,0.3641352833224253,CM
,235560,Contig_546911.fasta,0.0012248580213421404,0.0,0.31841703917612557,CM
,235560,Contig_369838.fasta,0.010700710829555824,2.0175336278400328e-05,0.4452082198566285,CM
,235560,Contig_426807.fasta,0.02195512157627521,8.949770435140889e-05,0.46908655545796146,CM
,235560,Contig_54932.fasta,0.021498373569709073,8.835084665591032e-05,0.46791383906931655,CM
,235560,Contig_931789.fasta,0.004604838224246842,3.180010467973882e-06,0.3967052471973858,CM
,235560,Contig_1064731.fasta,0.009977314480838497,1.8963027579824713e-05,0.44478501812672677,CM
,235560,Contig_135719.fasta,0.016550143762707734,4.728743311355024e-05,0.457617446522559,CM
,235560,Contig_499678.fasta,0.0,0.0,0.0,CM
,235560,Contig_542470.fasta,0.02076346429064928,7.814792445930175e-05,0.46581765960111154,CM
,235560,Contig_368756.fasta,0.0068938441823027784,7.237653928419775e-06,0.4230685705870855,CM
,235560,Contig_420279.fasta,0.00983294494801824,1.6587789885635756e-05,0.4418449849568617,CM
,235560,Contig_993254.fasta,0.02238740441597142,9.829474221885024e-05,0.4721633088489572,CM
,235560,Contig_985217.fasta,0.018304624919239964,6.308131211379175e-05,0.4619090217860973,CM
,235560,Contig_61392.fasta,0.01191914966251254,2.3477603095757974e-05,0.4469091108589461,CM
,235560,Contig_502254.fasta,0.016927268802310224,5.790390230458308e-05,0.4637401774720679,CM
,235560,Contig_500961.fasta,0.02554317493745381,0.0001308603081069267,0.47624818225884635,CM
,235560,Contig_544966.fasta,0.003869743998422385,2.115064850805301e-06,0.3995848326808852,CM
,235560,Contig_133780.fasta,0.016666145838796737,5.1754619213413454e-05,0.46145349020642656,CM
,235560,Contig_62691.fasta,0.012600599608291296,3.0292533583228868e-05,0.4499171529512659,CM
,235560,Contig_368166.fasta,0.014441026517029342,4.465730996466929e-05,0.46077187500671246,CM
,235560,Contig_429761.fasta,0.00252262121431673,7.321573654588629e-07,0.36713522092531703,CM
,235560,Contig_302536.fasta,0.018126472933637113,6.462339835837742e-05,0.4630517952195117,CM
,235560,Contig_987380.fasta,0.019951250182262056,7.392305288010961e-05,0.4662818525852681,CM
,235560,Contig_554697.fasta,0.0,0.0,0.0,CM
,235560,Contig_549533.fasta,0.019778395152211067,7.490611742289833e-05,0.466746971640216,CM
,235560,Contig_3825.fasta,0.0024488800843019496,8.009941175089587e-07,0.36356941652627545,CM
,235560,Contig_43.fasta,0.0024488800843019496,8.009941175089587e-07,0.36356941652627545,CM
,235560,Contig_542528.fasta,0.01314091222073511,3.152180033894174e-05,0.4520906657674556,CM
,235560,Contig_993798.fasta,0.024490624560564556,0.00011671256183665439,0.4735970031065957,CM
,235560,Contig_24569072.fasta,0.006610989407106187,6.589474934693422e-06,0.41592341250605913,CM
,235560,Contig_545414.fasta,0.002381397923544462,6.666085392067477e-07,0.36286455143025714,CM
,235560,Contig_53638.fasta,0.01663357028512461,5.8826363873482746e-05,0.464200237171941,CM
,235560,Contig_137636.fasta,0.00926232065265042,1.5178733957624267e-05,0.4368943408677092,CM
,235560,Contig_59666.fasta,0.0036902218886626773,1.9678571385024405e-06,0.38798825793475666,CM
,235560,Contig_302672.fasta,0.018102038285031128,6.35185621171694e-05,0.4630517952195117,CM
,235560,Contig_310012.fasta,0.0034141741042456354,2.0495545639730976e-06,0.3830649521648109,CM
,235560,Contig_795668.fasta,0.016314177737355346,4.695126847407004e-05,0.4571703361693371,CM
,235560,Contig_372002.fasta,0.010320816026645386,2.2132304296378708e-05,0.44436262019878114,CM
,235560,Contig_309907.fasta,0.025754017685045417,0.00012847436432092483,0.47479841610280726,CM
,235560,Contig_2477.fasta,0.012217440337746605,2.9582745129632603e-05,0.4534048828191052,CM
,235560,Contig_327.fasta,0.007475818036833429,1.1003622546509552e-05,0.43265264823792565,CM
,235560,Contig_139033.fasta,0.019797263143149904,7.465694428944743e-05,0.4665142961807742,CM
,235560,Contig_993758.fasta,0.026539978347966488,0.0001421711485253955,0.47673340710067913,CM
,235560,Contig_56026.fasta,0.01001797902450452,1.7192240678052758e-05,0.4379165550484947,CM
,235560,Contig_1395.fasta,0.0036650561588600686,1.9972541454295862e-06,0.3933701883726915,CM
,235560,Contig_543139.fasta,0.011773226462713688,2.6635853928381637e-05,0.4505670092145561,CM
,235560,Contig_626881.fasta,0.008116647687979272,1.1861412778996272e-05,0.4304635134032351,CM
,235560,Contig_1270016.fasta,0.0,0.0,0.0,CM
,235560,Contig_55438.fasta,0.015312197520910658,4.731108407555992e-05,0.46122606118217496,CM
,235560,Contig_501797.fasta,0.010587027778179096,2.2040477949828897e-05,0.44331012701972194,CM
,235560,Contig_5266.fasta,0.02190160193952381,9.871010014797801e-05,0.4714497119086313,CM
,235560,Contig_1065654.fasta,0.002183788014684088,5.110913867059212e-07,0.3524774682254738,CM
,235560,Contig_420474.fasta,0.0023280845320764964,5.670174238326941e-07,0.35488345776967506,CM
,235560,Contig_53541.fasta,0.0,0.0,0.0,CM
,235560,Contig_54857.fasta,0.0035713539180211736,1.4263485495979619e-06,0.38385056527425476,CM
,235560,Contig_53504.fasta,0.01728014516674671,5.620917791408523e-05,0.4621371250067324,CM
,235560,Contig_426927.fasta,0.020744159752198267,7.617461304697009e-05,0.46535438992473055,CM
,235560,Contig_987729.fasta,0.009407465335209789,1.7201547669635977e-05,0.44122002741095384,CM
,235560,Contig_498389.fasta,0.022216657136962026,9.810017985064536e-05,0.4712123253467438,CM
,235560,Contig_544728.fasta,0.02201539570386315,8.920238626135622e-05,0.4681479130258295,CM
,235560,Contig_137227.fasta,0.012492818216849187,2.9867399318727272e-05,0.44905358835826925,CM
,235560,Contig_544635.fasta,0.009270343400948775,1.6787641908096302e-05,0.4377117297187245,CM
,235560,Contig_498294.fasta,0.008083063014182518,1.1628583363453348e-05,0.4312569945339323,CM
,235560,Contig_54109.fasta,0.013022847687928671,3.3727781562635856e-05,0.45362466220971065,CM
,235560,Contig_53419.fasta,0.01925258429027624,7.142160237662615e-05,0.4669798793106951,CM
,235560,Contig_62325.fasta,0.0025936502533194104,7.844920499490471e-07,0.37433107125545323,CM
,235560,Contig_622395.fasta,0.023241994289532244,0.00010493419924404579,0.471925203297344,CM
,235560,Contig_60482.fasta,0.017754357821915007,6.0207447593862955e-05,0.46282278839695007,CM
,235560,Contig_420569.fasta,0.004789712473358374,3.2719634389274006e-06,0.40302656250587127,CM
,235560,Contig_368046.fasta,0.01633365199203478,5.087900006242166e-05,0.4582897542304766,CM
,235560,Contig_1062259.fasta,0.0035038675336316293,1.5837330800305418e-06,0.38527281932426233,CM
,235560,Contig_499294.fasta,0.021729250797421645,9.221406442327458e-05,0.46908655545796146,CM
,235560,Contig_548087.fasta,0.012147236084178186,3.0068501239633123e-05,0.4507840453461624,CM
,235560,Contig_5087.fasta,0.0025529633977968654,5.648048234448453e-07,0.3697462181503884,CM
,235560,Contig_1064064.fasta,0.0010306648665273372,0.0,0.299656637252204,CM
,235560,Contig_54661.fasta,0.022011480073193684,0.00010018832678942416,0.4724016547898198,CM
,235560,Contig_990919.fasta,0.009484116844939355,1.597968604039049e-05,0.4377117297187245,CM
,235560,Contig_61352.fasta,0.023277274954325963,9.862693838950122e-05,0.47026516489378545,CM
,235560,Contig_555022.fasta,0.00336441396864446,1.4994739045266825e-06,0.37949216469530944,CM
,235560,Contig_57616.fasta,0.021974210505868567,8.994707513242555e-05,0.4688515421536238,CM
,235560,Contig_370211.fasta,0.011629106817692898,2.3389389139199524e-05,0.4460570439173656,CM
,235560,Contig_1067056.fasta,0.012702186201209002,3.052052249199107e-05,0.4505670092145561,CM
,235560,Contig_56653.fasta,0.018536567628574384,7.090340189590063e-05,0.46512310046651745,CM
,235560,Contig_992350.fasta,0.015495783084241108,4.941879086576624e-05,0.4609988562259276,CM
,235560,Contig_61602.fasta,0.001989247853881706,2.331536539616458e-07,0.3329162853570377,CM
,235560,Contig_135130.fasta,0.01729459210488915,5.433460173851889e-05,0.45986618090350523,CM
,235560,Contig_1063408.fasta,0.02205892289492821,9.625659193414296e-05,0.470501597857533,CM
,235560,Contig_206987.fasta,0.002423286853006158,3.580873519229983e-07,0.36258337006533636,CM
,235560,Contig_1309.fasta,0.0,0.0,0.0,CM
,235560,Contig_542531.fasta,0.0024092223232113305,8.694598171993752e-07,0.3661297645299817,CM
,235560,Contig_552864.fasta,0.008502308937466561,1.2182782475434278e-05,0.4358768878149199,CM
,235560,Contig_420338.fasta,0.01715000958801449,5.993894923603705e-05,0.4632810287815015,CM
,235560,Contig_55389.fasta,0.006317445552986218,6.819774782838177e-06,0.4236431317965745,CM
,235560,Contig_427105.fasta,0.00755937213124416,9.173587874474108e-06,0.4209751138725295,CM
,235560,Contig_542688.fasta,0.011581648776030325,2.395126193973813e-05,0.4460570439173656,CM
,235560,Contig_544398.fasta,0.001231153450105515,0.0,0.31939511199270754,CM
,235560,Contig_498739.fasta,0.014035205187254356,3.684390576112093e-05,0.45539059763437134,CM
,235560,Contig_54075.fasta,0.0,0.0,0.0,CM
,235560,Contig_56346.fasta,0.018425059104442008,6.57594215781767e-05,0.4639700932764666,CM
,235560,Contig_203889.fasta,0.004124902679043778,2.17826206606516e-06,0.38322181741958766,CM
,235560,Contig_500327.fasta,0.01989946205042745,7.817914213449258e-05,0.46791383906931655,CM
,235560,Contig_544365.fasta,0.0,0.0,0.0,CM
,235560,Contig_369516.fasta,0.018622980209054365,6.301448493173911e-05,0.46351048941982814,CM
,235560,Contig_547013.fasta,0.002152225316635719,5.304358644655246e-07,0.3482797462369308,CM
,235560,Contig_542675.fasta,0.01976924836977761,7.140551796137819e-05,0.46535438992473055,CM
,235560,Contig_368516.fasta,0.016358023520991728,4.9594751962264896e-05,0.4582897542304766,CM
,235560,Contig_58954.fasta,0.022925776070807768,0.0001001900545590274,0.46979301111377164,CM
,235560,Contig_24576300.fasta,0.025776509600748766,0.00012714294724372414,0.4745576461149255,CM
,235560,Contig_994229.fasta,0.004896416316583922,3.6507114602117033e-06,0.4084799991875308,CM
,235560,Contig_132049.fasta,0.017393942177099345,5.4594756551514435e-05,0.4609988562259276,CM
,235560,Contig_56047.fasta,0.01589285673543663,4.770490603240592e-05,0.4573937820814434,CM
,235560,Contig_549900.fasta,0.021907527540397837,8.473155506394412e-05,0.4665142961807742,CM
,235560,Contig_56804.fasta,0.019013271203061642,6.932250313449975e-05,0.46558590952170803,CM
,235560,Contig_1760.fasta,0.0009619874461037888,0.0,0.29400806727572515,CM
,235560,Contig_2226.fasta,0.008123193551919185,1.0404515406030718e-05,0.4312569945339323,CM
,235560,Contig_548773.fasta,0.0033074086650328174,1.7636479285200079e-06,0.3762877676472188,CM
,235560,Contig_1123947.fasta,0.02335738627569583,0.00010926028765547299,0.4731181385938489,CM
,235560,Contig_6091.fasta,0.021525672742840018,8.821501507210445e-05,0.46979301111377164,CM
,235560,Contig_4736.fasta,0.019760818558111553,6.848086519691344e-05,0.4630517952195117,CM
,235560,Contig_810436.fasta,0.023211999997446768,0.00010588998595551607,0.4724016547898198,CM
,235560,Contig_53485.fasta,0.0022577602730691816,3.8498767729589704e-07,0.35287619839314976,CM
,235560,Contig_53779.fasta,0.02133692858556515,8.463740046656721e-05,0.46932180448276484,CM
,235560,Contig_54269.fasta,0.021831956445715266,8.971874740631849e-05,0.46838222129060714,CM
,235560,Contig_135095.fasta,0.022322143412904633,9.557982784877578e-05,0.47073826868140495,CM
,235560,Contig_543843.fasta,0.00233910090467738,5.17234832420928e-07,0.3554225894943536,CM
,235560,Contig_555043.fasta,0.009051930847633869,1.2484333811222248e-05,0.4314558221017211,CM
,235560,Contig_62494.fasta,0.014232828878187394,3.673206727878705e-05,0.45605637336190696,CM
,235560,Contig_58762.fasta,0.02047214195607566,8.034957145909397e-05,0.46838222129060714,CM
,235560,Contig_499560.fasta,0.014153916884767795,3.841287126336527e-05,0.4558342319233478,CM
,235560,Contig_1065040.fasta,0.008337227203766888,1.2614627920371774e-05,0.4324527163302371,CM
,235560,Contig_24574502.fasta,0.004704323731277951,2.710593145375679e-06,0.39975552248553314,CM
,235560,Contig_55294.fasta,0.019836205874070666,8.269962186271147e-05,0.46861676421564,CM
,235560,Contig_208230.fasta,0.026520835929468148,0.00014224151950044655,0.4769763904885999,CM
,235560,Contig_367971.fasta,0.014315128133012726,3.8559630515981915e-05,0.4547267629439422,CM
,235560,Contig_4437.fasta,0.0,0.0,0.0,CM
,235560,Contig_138526.fasta,0.001231153450105515,0.0,0.31939511199270754,CM
,235560,Contig_138563.fasta,0.026839706459214754,0.00014459563809310396,0.4774631010911394,CM
,235560,Contig_371134.fasta,0.017380509488125438,5.337715660287548e-05,0.46145349020642656,CM
,235560,Contig_54294.fasta,0.02533677897045081,0.00012660241187003509,0.4743171201919073,CM
,235560,Contig_59426.fasta,0.009604753570154823,1.7662792175157636e-05,0.441428150065393,CM
,235560,Contig_502560.fasta,0.0023590240458101065,4.849601222007e-07,0.3569136835006228,CM
,235560,Contig_201670.fasta,0.017989791827370503,6.489478928590525e-05,0.46466121059515053,CM
,235560,Contig_132684.fasta,0.02201842725051243,9.603313750585109e-05,0.47168733777148847,CM
,235560,Contig_542344.fasta,0.005578512952738273,5.414291859170195e-06,0.4093734375059637,CM
,235560,Contig_545654.fasta,0.019956557699731495,7.782230912239087e-05,0.466746971640216,CM
,235560,Contig_499661.fasta,0.0,0.0,0.0,CM
,235560,Contig_368062.fasta,0.01719402342986209,5.543238573679106e-05,0.46122606118217496,CM
,235560,Contig_133992.fasta,0.008026477094711597,1.2078052972278318e-05,0.42987031609491644,CM
,235560,Contig_131676.fasta,0.020082369896296606,7.328478204599445e-05,0.4662818525852681,CM
,235560,Contig_134010.fasta,0.018948514518417482,6.415391252117212e-05,0.464200237171941,CM
,235560,Contig_548898.fasta,0.02047124360474364,8.577738839690378e-05,0.46955728958285653,CM
,235560,Contig_421218.fasta,0.0,0.0,0.0,CM
,235560,Contig_56266.fasta,0.01890850575894901,6.898619679528789e-05,0.46535438992473055,CM
,235560,Contig_791989.fasta,0.00881737720331665,1.3299788473960936e-05,0.4316548330897754,CM
,235560,Contig_167.fasta,0.002654010134554421,8.213631404479418e-07,0.3756835319705472,CM
,235560,Contig_131918.fasta,0.01458787088274046,4.6121990403499e-05,0.4594146677165602,CM
,235560,Contig_545669.fasta,0.014817973170430229,4.207443562191377e-05,0.45450591458894274,CM
,235560,Contig_309414.fasta,0.02291718124554098,9.633063321571026e-05,0.4688515421536238,CM
,235560,Contig_60809.fasta,0.017487415228662942,5.718328499114541e-05,0.4623654536258069,CM
,235560,Contig_55579.fasta,0.010411744920834829,1.9113338855391475e-05,0.4441517219452459,CM
,235560,Contig_134354.fasta,0.011821640910090789,2.7509254123992767e-05,0.44905358835826925,CM
,235560,Contig_302825.fasta,0.016483103093603707,5.512439914354928e-05,0.46145349020642656,CM
,235560,Contig_543384.fasta,0.0034673341105175013,1.2816909377843665e-06,0.38259512597654666,CM
,235560,Contig_553243.fasta,0.01235923643518083,3.123090588246366e-05,0.4497009505711836,CM
,235560,Contig_985177.fasta,0.011256929458263228,2.217254764476046e-05,0.4441517219452459,CM
,235560,Contig_551170.fasta,0.013215338548692024,3.3400545612735966e-05,0.4507840453461624,CM
,235560,Contig_544200.fasta,0.010688335608536366,1.959027618341622e-05,0.4422626078159892,CM
,235560,Contig_1066727.fasta,0.013243751360440717,3.381502747921446e-05,0.45296596231298797,CM
,235560,Contig_623419.fasta,0.006589305592534361,6.061932824798848e-06,0.41573863977726927,CM
,235560,Contig_54254.fasta,0.021124162145057697,8.837267212829512e-05,0.46908655545796146,CM
,235560,Contig_53744.fasta,0.01679812902885591,4.943715456448724e-05,0.4571703361693371,CM
,235560,Contig_548820.fasta,0.0012564207193905095,0.0,0.3211488257167581,CM
,235560,Contig_422193.fasta,0.026653037667849468,0.0001417533771578121,0.47673340710067913,CM
,235560,Contig_56712.fasta,0.013033158401214271,3.41753455217604e-05,0.4542852806498219,CM
,235560,Contig_56757.fasta,0.004774559593285694,3.4187964895804866e-06,0.40564702129979757,CM
,235560,Contig_1833.fasta,0.019769466783287806,7.725036141168071e-05,0.46767999906978164,CM
,235560,Contig_542648.fasta,0.002254686929487147,4.842305413790215e-07,0.35300930899231725,CM
,235560,Contig_372026.fasta,0.019851033502668324,8.276633821683727e-05,0.46955728958285653,CM
,235560,Contig_370350.fasta,0.013399682673541653,3.21670915301981e-05,0.4527468205798902,CM
,235560,Contig_985396.fasta,0.01851101657405319,6.411500554595696e-05,0.46259400797757444,CM
,235560,Contig_543120.fasta,0.0024904044643615886,7.988462278011172e-07,0.36800144637775584,CM
,235560,Contig_992741.fasta,0.020058361042334973,7.544933651741127e-05,0.46581765960111154,CM
,235560,Contig_54798.fasta,0.022108521788662204,9.895610419734168e-05,0.47026516489378545,CM
,235560,Contig_554998.fasta,0.015143890641029303,4.023528550451817e-05,0.45494782602753187,CM
,235560,Contig_542549.fasta,0.0,0.0,0.0,CM
,235560,Contig_1125670.fasta,0.024326787021679074,0.0001183621442091926,0.4743171201919073,CM
,235560,Contig_57456.fasta,0.01969778366779578,7.588426285446833e-05,0.4662818525852681,CM
,235560,Contig_420791.fasta,0.010817048086654726,2.1473477721304927e-05,0.44648267086766846,CM
,235560,Contig_304002.fasta,0.022324963249050003,9.717577486100704e-05,0.47168733777148847,CM
,235560,Contig_304047.fasta,0.02246601318917311,9.80973418404007e-05,0.47168733777148847,CM
,235560,Contig_60914.fasta,0.021895410438768415,9.275708949028105e-05,0.4700289694317595,CM
,235560,Contig_369593.fasta,0.00830690699073787,1.444786137555585e-05,0.43709840174620884,CM
,235560,Contig_132330.fasta,0.012815004458640176,2.696018920024148e-05,0.4475503004010679,CM
,235560,Contig_543264.fasta,0.011653045648916872,2.4867732072137703e-05,0.4460570439173656,CM
,235560,Contig_61586.fasta,0.02210172069521264,9.075356002672233e-05,0.46908655545796146,CM
,235560,Contig_206205.fasta,0.017900097136337518,6.711239623015713e-05,0.46721301954000655,CM
,235560,Contig_992897.fasta,0.001231153450105515,0.0,0.31939511199270754,CM
,235560,Contig_368482.fasta,0.014094978172803889,3.4500713615181546e-05,0.45296596231298797,CM
,235560,Contig_368810.fasta,0.01985494749148694,7.758156553299614e-05,0.4665142961807742,CM
,235560,Contig_545620.fasta,0.00739390225542434,1.093159143784029e-05,0.43285276509650006,CM
,235560,Contig_131586.fasta,0.01838888750201475,6.825751123241077e-05,0.46581765960111154,CM
,235560,Contig_62330.fasta,0.003585988887874212,1.7772154724212328e-06,0.3863863245824249,CM
,235560,Contig_133221.fasta,0.006070991883314376,7.01869137241312e-06,0.4230685705870855,CM
,235560,Contig_554336.fasta,0.02329696088375266,0.00011024757553098535,0.4735970031065957,CM
,235560,Contig_1061979.fasta,0.00597096231534831,6.7359822112974775e-06,0.41852758414071245,CM
,235560,Contig_59083.fasta,0.009281832457489666,1.4008253571215839e-05,0.4389435638548935,CM
,235560,Contig_61046.fasta,0.019723180920294948,7.406219243943667e-05,0.46512310046651745,CM
,235560,Contig_53364.fasta,0.014106855756453863,3.6961106481017804e-05,0.4551691041530317,CM
,235560,Contig_138517.fasta,0.016222774234348702,4.9279434438702366e-05,0.4596403134276194,CM
,235560,Contig_1064832.fasta,0.004246573055561664,2.9608988114077887e-06,0.39436480326111806,CM
,235560,Contig_367940.fasta,0.01396117158976964,3.936961071615647e-05,0.45605637336190696,CM
,235560,Contig_57502.fasta,0.02563008791263556,0.00012639511889548806,0.4743171201919073,CM
,235560,Contig_370591.fasta,0.026493439122879412,0.00013949588116015938,0.47576394414775447,CM
,235560,Contig_420251.fasta,0.01827793470147935,6.428410000322956e-05,0.46282278839695007,CM
,235560,Contig_58753.fasta,0.02339149930496193,0.00010943448253576906,0.47287906929693435,CM
,235560,Contig_133165.fasta,0.01860718960152108,6.0380072459043277e-05,0.46054511719420915,CM
,235560,Contig_136703.fasta,0.015129854051523015,4.632959006761096e-05,0.45986618090350523,CM
,235560,Contig_420638.fasta,0.008277370688508263,1.3158493671439885e-05,0.43305306716271774,CM
,235560,Contig_552562.fasta,0.0035480485514726356,1.6607733591095422e-06,0.38400807473887283,CM
,235560,Contig_136746.fasta,0.02182838904304239,8.89396307936708e-05,0.46838222129060714,CM
,235560,Contig_53399.fasta,0.020267320473236854,8.125743597067845e-05,0.4688515421536238,CM
,235560,Contig_369317.fasta,0.02800311850093672,0.00015642758154348296,0.478439508250835,CM
,235560,Contig_551614.fasta,0.011045290232627155,2.4679643276483325e-05,0.4435202266059872,CM
,235560,Contig_554072.fasta,0.0010284615456930164,0.0,0.2994648570043626,CM
,235560,Contig_59716.fasta,0.02120625768987772,9.217974964393518e-05,0.4714497119086313,CM
,235560,Contig_1066043.fasta,0.0035775893700087753,1.602295264298695e-06,0.3894413974775835,CM
,235560,Contig_549707.fasta,0.0,0.0,0.0,CM
,235560,Contig_1062625.fasta,0.01643187348334709,5.180180880394388e-05,0.4596403134276194,CM
,235560,Contig_372137.fasta,0.007216175167149312,1.0102610621166468e-05,0.429475758668487,CM
,235560,Contig_426270.fasta,0.004936839067468674,3.6227152190456723e-06,0.41063083727013294,CM
,235560,Contig_54300.fasta,0.018515299960582588,6.017689491782966e-05,0.4609988562259276,CM
,235560,Contig_53610.fasta,0.0011490320958629325,0.0,0.3104935892961623,CM
,235560,Contig_989205.fasta,0.01513907114643461,4.53471759316483e-05,0.45806543227539553,CM
,235560,Contig_420760.fasta,0.015797395710491303,5.03590642367471e-05,0.4619090217860973,CM
,235560,Contig_1062050.fasta,0.011773217684476098,2.81252108323201e-05,0.4499171529512659,CM
,235560,Contig_427270.fasta,0.003609868206626739,2.461730586331131e-06,0.39270989430912,CM
,235560,Contig_139063.fasta,0.0,0.0,0.0,CM
,235560,Contig_420725.fasta,0.0012248580213421404,0.0,0.31841703917612557,CM
,235560,Contig_545479.fasta,0.009470978985479567,1.8916073625313497e-05,0.4428905244385391,CM
,235560,Contig_1062015.fasta,0.009640715403860195,1.769154845104536e-05,0.44018235095890546,CM
,235560,Contig_202006.fasta,0.014587567163492923,4.088075629353187e-05,0.45450591458894274,CM
,235560,Contig_498324.fasta,0.0060006607173274575,5.281047162281839e-06,0.4150011876446266,CM
,235560,Contig_201370.fasta,0.0,0.0,0.0,CM
,235560,Contig_551822.fasta,0.004932082829535301,3.9818092567037584e-06,0.4099113789481529,CM
,235560,Contig_54001.fasta,0.004869971021044667,4.047476216063205e-06,0.4109915143340505,CM
,235560,Contig_422752.fasta,0.010866198146808215,1.9462766481195287e-05,0.4439410237849303,CM
,235560,Contig_55044.fasta,0.012260926796768485,2.9893897634780684e-05,0.4534048828191052,CM
,235560,Contig_548236.fasta,0.016784914650630898,5.517531593022628e-05,0.4616811436303074,CM
,235560,Contig_420309.fasta,0.005944937897792054,7.63599847717005e-06,0.4192776335746564,CM
,235560,Contig_542500.fasta,0.01892435216222221,7.119774885395716e-05,0.4665142961807742,CM
,235560,Contig_137277.fasta,0.003332761043849273,1.2678477544180692e-06,0.37765443024157913,CM
,235560,Contig_987817.fasta,0.019323034699960225,7.10575145568829e-05,0.46512310046651745,CM
,235560,Contig_24578923.fasta,0.023374460056565294,0.00011076407930506913,0.47407683796283334,CM
,235560,Contig_985367.fasta,0.0048261989943067015,4.26397245276177e-06,0.4045947592471392,CM
,235560,Contig_498823.fasta,0.012061614480290816,2.9889440284272533e-05,0.449484955878306,CM
,235560,Contig_1063329.fasta,0.020610497118334806,8.071515108026443e-05,0.466746971640216,CM
,235560,Contig_61925.fasta,0.006023650316090577,6.090724606793476e-06,0.4205967092757901,CM
,235560,Contig_54079.fasta,0.020469786736221882,7.867518525616057e-05,0.466746971640216,CM
,235560,Contig_554682.fasta,0.0012270954065418446,0.0,0.31841703917612557,CM
,235560,Contig_302566.fasta,0.018618969520837136,6.429591873175785e-05,0.4639700932764666,CM
,235560,Contig_310306.fasta,0.024022814620016774,0.00011619497297976238,0.47407683796283334,CM
,235560,Contig_543210.fasta,0.0012163879157747368,0.0,0.3153058214752807,CM
,235560,Contig_986701.fasta,0.002269733017067396,7.687097422097686e-07,0.35461450478917506,CM
,235560,Contig_545700.fasta,0.015024326975736345,4.209432713059289e-05,0.4567240986523344,CM
,235560,Contig_420371.fasta,0.016037268974764422,4.911400800441851e-05,0.4594146677165602,CM
,235560,Contig_930538.fasta,0.02751326444536255,0.00015162024164224055,0.4779508059952161,CM
,235560,Contig_542578.fasta,0.00359552162406789,1.7423324535091938e-06,0.3851142708389437,CM
,235560,Contig_371823.fasta,0.011613662754400893,2.6653248665723064e-05,0.44733636622305595,CM
,235560,Contig_56.fasta,0.0,0.0,0.0,CM
,235560,Contig_500869.fasta,0.013272117201179984,3.433886751494475e-05,0.45450591458894274,CM
,235560,Contig_549526.fasta,0.0012655464430194482,0.0,0.3222547101028351,CM
,235560,Contig_138472.fasta,0.024414881612029,0.00011907361766568374,0.4743171201919073,CM
,235560,Contig_987069.fasta,0.011959780933120591,2.5785170341946316e-05,0.4507840453461624,CM
,235560,Contig_988280.fasta,0.019643351829757762,7.458140456861821e-05,0.4665142961807742,CM
,235560,Contig_543585.fasta,0.0,0.0,0.0,CM
,235560,Contig_206976.fasta,0.02432205734953898,0.00011781796025321852,0.47383679905753573,CM
,235560,Contig_3888.fasta,0.02535760129129417,0.00012262319640098796,0.4743171201919073,CM
,235560,Contig_1065538.fasta,0.0009619874461037888,0.0,0.29400806727572515,CM
,235560,Contig_62111.fasta,0.01256383218983801,2.9766505987160834e-05,0.4469091108589461,CM
,235560,Contig_208748.fasta,0.018631044743308317,6.137781508549508e-05,0.4630517952195117,CM
,235560,Contig_501406.fasta,0.011893735409138002,2.76978806174482e-05,0.449484955878306,CM
,235560,Contig_306807.fasta,0.010536670103916668,2.005826986974104e-05,0.44247171543197783,CM
,235560,Contig_57808.fasta,0.018894110468966052,7.452338901686536e-05,0.46791383906931655,CM
,235560,Contig_930639.fasta,0.01968682579457189,7.96441515614104e-05,0.46861676421564,CM
,235560,Contig_422.fasta,0.0012874169547774173,0.0,0.3243770114865279,CM
,235560,Contig_545369.fasta,0.016707735668326187,5.5674325921431454e-05,0.4623654536258069,CM
,235560,Contig_502018.fasta,0.01680613939542803,5.848754706544256e-05,0.46466121059515053,CM
,235560,Contig_1066920.fasta,0.006834188045990506,8.56903123440914e-06,0.42345143807177965,CM
,235560,Contig_988550.fasta,0.012097883148234729,2.6463926153963543e-05,0.44862304800509734,CM
,235560,Contig_498319.fasta,0.0035008864671729114,2.368984211533001e-06,0.3865459224034007,CM
,235560,Contig_1062135.fasta,0.018877570264341777,7.271771430288984e-05,0.4669798793106951,CM
,235560,Contig_139106.fasta,0.00234584303562669,3.9874351012922876e-07,0.35979533953811343,CM
,235560,Contig_424026.fasta,0.002304299498156256,4.2741410993604713e-07,0.3552876530518728,CM
,235560,Contig_985597.fasta,0.0037724447823876454,2.2412555030751882e-06,0.39636919870336007,CM
,235560,Contig_369895.fasta,0.02131311551751016,8.465416566296313e-05,0.46791383906931655,CM
,235560,Contig_53489.fasta,0.0024434833223165816,5.626625129308413e-07,0.361462988852311,CM
,235560,Contig_60880.fasta,0.02319182506026374,0.00010515197964106085,0.4724016547898198,CM
,235560,Contig_368093.fasta,0.01590310889370333,4.6420147497011044e-05,0.4573937820814434,CM
,235560,Contig_499241.fasta,0.019629886814297767,7.297924139164756e-05,0.46581765960111154,CM
,235560,Contig_989061.fasta,0.0068090431808870795,7.730454438476933e-06,0.4198419372537609,CM
,235560,Contig_55164.fasta,0.023067338994723206,0.00010294531446511806,0.4712123253467438,CM
,235560,Contig_24573733.fasta,0.011511023478075763,2.3560300112153917e-05,0.44436262019878114,CM
,235560,Contig_498628.fasta,0.008377097803326808,1.4209943026571224e-05,0.43709840174620884,CM
,235560,Contig_3643.fasta,0.0025038048705521543,6.460431806514297e-07,0.3661297645299817,CM
,235560,Contig_987659.fasta,0.0012270954065418446,0.0,0.31841703917612557,CM
,235560,Contig_53431.fasta,0.015198891754932407,4.3571248948950166e-05,0.4558342319233478,CM
,235560,Contig_426051.fasta,0.024205082672316736,0.0001181524238630385,0.47407683796283334,CM
,235560,Contig_500137.fasta,0.021127195549422384,8.922901876824023e-05,0.47026516489378545,CM
,235560,Contig_369743.fasta,0.024354124520337635,0.0001171576947952456,0.47407683796283334,CM
,235560,Contig_502690.fasta,0.015475157882484509,4.309280307438439e-05,0.4578413298134213,CM
,235560,Contig_802918.fasta,0.011345097380591989,2.2049540946517084e-05,0.4420536977508895,CM
,235560,Contig_544175.fasta,0.0010614454871989032,0.0,0.3037415378573947,CM
,235560,Contig_53359.fasta,0.003863800899009563,2.250054008605637e-06,0.40009733994811164,CM
,235560,Contig_306575.fasta,0.00208990703289192,5.634734620393908e-07,0.34456100078742014,CM
,235560,Contig_542420.fasta,0.0,0.0,0.0,CM
,235560,Contig_368743.fasta,0.01998814858549153,7.92126619029791e-05,0.46932180448276484,CM
,235560,Contig_499105.fasta,0.002639778836049754,7.109860794172891e-07,0.3762877676472188,CM
,235560,Contig_542465.fasta,0.002447541365880252,7.205324317560811e-07,0.3631461692427757,CM
,235560,Contig_548646.fasta,0.016294265231901885,5.3219611223087605e-05,0.46145349020642656,CM
,235560,Contig_58939.fasta,0.010620891310069422,2.0443734966654987e-05,0.4449965183731018,CM
,235560,Contig_621909.fasta,0.011295698294672476,1.9851785839704206e-05,0.4428905244385391,CM
,235560,Contig_53922.fasta,0.022082183829696365,9.436503820128828e-05,0.46979301111377164,CM
,235560,Contig_132024.fasta,0.029067174737667446,0.0001674101360206579,0.4789292109204878,CM
,235560,Contig_1063498.fasta,0.018477700873811103,6.455612568669686e-05,0.4639700932764666,CM
,235560,Contig_551384.fasta,0.020615557585126343,7.630883469499905e-05,0.466746971640216,CM
,235560,Contig_132061.fasta,0.006009668323823307,6.1847014984205785e-06,0.41946556617598973,CM
,235560,Contig_543135.fasta,0.00344646470187275,1.5262428596062382e-06,0.3860675239845846,CM
,235560,Contig_1064559.fasta,0.01165249696265696,2.678623455726375e-05,0.4499171529512659,CM
,235560,Contig_368256.fasta,0.022184282494190345,9.997520802797885e-05,0.471925203297344,CM
,235560,Contig_306060.fasta,0.022195198105878788,9.597988646017967e-05,0.47097517772452596,CM
,235560,Contig_58286.fasta,0.01698003264394928,5.485013796558244e-05,0.46077187500671246,CM
,235560,Contig_57092.fasta,0.027643068841452883,0.00015287759913322686,0.4779508059952161,CM
,235560,Contig_420355.fasta,0.01995973972443424,7.697867323876722e-05,0.4660496405072874,CM
,235560,Contig_420310.fasta,0.006058509301312614,6.056581247050889e-06,0.4192776335746564,CM
,235560,Contig_139456.fasta,0.017796395307575593,6.660361110284476e-05,0.4660496405072874,CM
,235560,Contig_4502.fasta,0.010674735565708752,2.181086236241021e-05,0.44542012286465166,CM
,235560,Contig_543519.fasta,0.0012082875298684932,0.0,0.31541209239589924,CM
,235560,Contig_544009.fasta,0.0012920020000373263,0.0,0.32595878723045385,CM
,235560,Contig_3057.fasta,0.0013062332985419934,0.0,0.32641356056457377,CM
,235560,Contig_553809.fasta,0.0017887445534706936,2.3649980291804428e-07,0.32359186657629085,CM
,235560,Contig_132325.fasta,0.016631478244945038,5.6355023425155396e-05,0.46351048941982814,CM
,235560,Contig_369951.fasta,0.020083187480466735,8.181793549090487e-05,0.46932180448276484,CM
,235560,Contig_61901.fasta,0.016153691459555895,5.067859815508001e-05,0.46054511719420915,CM
,235560,Contig_369157.fasta,0.014647890382567634,3.851615566066476e-05,0.4547267629439422,CM
,235560,Contig_61944.fasta,0.0025122749761195572,7.51066856831095e-07,0.36655999927090993,CM
,235560,Contig_53508.fasta,0.0012920020000373263,0.0,0.32595878723045385,CM
,235560,Contig_368951.fasta,0.009049245955888423,1.5331336978446428e-05,0.43648679017660125,CM
,235560,Contig_303193.fasta,0.015021915673584973,4.108600095665723e-05,0.45694710846612946,CM
,235560,Contig_1062799.fasta,0.017803837083378408,5.887359608602417e-05,0.4632810287815015,CM
,235560,Contig_932596.fasta,0.015035804696809487,4.18226864488942e-05,0.4578413298134213,CM
,235560,Contig_133360.fasta,0.011782239825026469,2.255321595259207e-05,0.44648267086766846,CM
,235560,Contig_371588.fasta,0.018885226986840614,6.681065669861466e-05,0.46535438992473055,CM
,235560,Contig_990113.fasta,0.018094463371528292,6.204585857257547e-05,0.46282278839695007,CM
,235560,Contig_371159.fasta,0.01503839413048893,4.20223870066244e-05,0.45694710846612946,CM
,235560,Contig_132515.fasta,0.022288960943514555,9.275037025773958e-05,0.4700289694317595,CM
,235560,Contig_708360.fasta,0.008424061659175773,1.1832027856123986e-05,0.43607999913263423,CM
,235560,Contig_794445.fasta,0.016484422600488012,5.184131025696979e-05,0.46077187500671246,CM
,235560,Contig_310512.fasta,0.025718808268600513,0.00013310430334594422,0.47624818225884635,CM
,235560,Contig_200936.fasta,0.02203461179762591,9.208209172695638e-05,0.46838222129060714,CM
,235560,Contig_309369.fasta,0.025809977604727415,0.00013008958307030897,0.47576394414775447,CM
,235560,Contig_131663.fasta,0.015859036304344272,4.9564922841886576e-05,0.4589640402837828,CM
,235560,Contig_133515.fasta,0.02056043239007642,8.21948189427491e-05,0.46932180448276484,CM
,235560,Contig_57236.fasta,0.023284863267415974,0.00010233926860303121,0.4712123253467438,CM
,235560,Contig_368809.fasta,0.019414367362687687,7.381793123863924e-05,0.4660496405072874,CM
,235560,Contig_57273.fasta,0.00584485020555935,5.631957797201744e-06,0.4111720905705769,CM
,235560,Contig_53450.fasta,0.021126912938678705,9.456494033688517e-05,0.4714497119086313,CM
,235560,Contig_369809.fasta,0.01767240336503296,6.133537644561571e-05,0.4644306094980809,CM
,235560,Contig_500212.fasta,0.003605509867843873,1.8883504591647902e-06,0.3905791644985948,CM
,235560,Contig_985127.fasta,0.011642659764451663,2.2952399465490942e-05,0.4456322276850634,CM
,235560,Contig_131527.fasta,0.008234708895065572,1.037489977417677e-05,0.4304635134032351,CM
,235560,Contig_205412.fasta,0.016221811759531975,5.4452337593501277e-05,0.46259400797757444,CM
,235560,Contig_58861.fasta,0.02242787436585093,9.882882198408884e-05,0.47168733777148847,CM
,235560,Contig_57172.fasta,0.0081937584160073,1.0777121478769183e-05,0.4304635134032351,CM
,235560,Contig_57931.fasta,0.010288208343605618,1.8314376514224906e-05,0.4381215721622814,CM
,235560,Contig_986539.fasta,0.026842373059991875,0.00014543518447822452,0.4772196216923167,CM
,235560,Contig_53380.fasta,0.0012248580213421404,0.0,0.31841703917612557,CM
,235560,Contig_793579.fasta,0.01327642936950951,3.2455787895512295e-05,0.4551691041530317,CM
,235560,Contig_53751.fasta,0.009248474381527667,1.6179369271728384e-05,0.4389435638548935,CM
,235560,Contig_56974.fasta,0.016274253328698342,5.186143548441794e-05,0.46122606118217496,CM
,235560,Contig_53714.fasta,0.020682137145759078,7.583184897721631e-05,0.46489204080408997,CM
,235560,Contig_498548.fasta,0.006742635327508467,7.50552830733526e-06,0.4196536673267413,CM
,235560,Contig_138961.fasta,0.02546137504403143,0.00012755852832000965,0.47479841610280726,CM
,235560,Contig_56931.fasta,0.011721272317246779,2.5569832185922686e-05,0.4475503004010679,CM
,235560,Contig_53490.fasta,0.01781627544172194,6.049349021850279e-05,0.464200237171941,CM
,235560,Contig_1261469.fasta,0.020332030198984077,7.865903670921573e-05,0.4674463926766399,CM
,235560,Contig_134080.fasta,0.018709651915284137,6.905583836243653e-05,0.4665142961807742,CM
,235560,Contig_547636.fasta,0.003592578844963594,1.7097476711481924e-06,0.3865459224034007,CM
,235560,Contig_555815.fasta,0.005707321040160304,5.286174783147752e-06,0.4129866187725653,CM
,235560,Contig_367999.fasta,0.012659409678604506,3.0310478400888297e-05,0.449484955878306,CM
,235560,Contig_542481.fasta,0.0217535278445987,8.949710290996991e-05,0.46861676421564,CM
,235560,Contig_54239.fasta,0.0,0.0,0.0,CM
,235560,Contig_135080.fasta,0.016820912157702584,5.72966793812376e-05,0.4637401774720679,CM
,235560,Contig_543050.fasta,0.00208288563671803,4.507930667755988e-07,0.3431711324307419,CM
,235560,Contig_371121.fasta,0.010680342953443599,2.204361461484212e-05,0.44733636622305595,CM
,235560,Contig_421275.fasta,0.01635401425198411,5.1456335265068986e-05,0.4603185824587472,CM
,235560,Contig_1064055.fasta,0.01894160242020191,6.665111413813851e-05,0.4660496405072874,CM
,235560,Contig_24574183.fasta,0.02332157752773937,0.00010506011479447563,0.471925203297344,CM
,235560,Contig_1065010.fasta,0.019866856257620094,7.908429405500084e-05,0.46861676421564,CM
,235560,Contig_542439.fasta,0.02116672939153748,8.97057447315618e-05,0.47026516489378545,CM
,235560,Contig_55615.fasta,0.002366632389213684,5.667754537092204e-07,0.35938082877827693,CM
,235560,Contig_1062268.fasta,0.017228312386060374,5.6085573385299665e-05,0.4603185824587472,CM
,235560,Contig_545832.fasta,0.010323694735199831,2.1297675444427958e-05,0.4418449849568617,CM
,235560,Contig_994284.fasta,0.01719852015353886,5.467578233760623e-05,0.4591892434438828,CM
,235560,Contig_61283.fasta,0.014837826033792597,4.06034237457028e-05,0.4547267629439422,CM
,235560,Contig_137216.fasta,0.0220722249015131,9.240252078104634e-05,0.4681479130258295,CM
,235560,Contig_369929.fasta,0.021916523025401865,8.862937285983222e-05,0.46908655545796146,CM
,235560,Contig_424266.fasta,0.0,0.0,0.0,CM
,235560,Contig_422733.fasta,0.02260548637075744,0.00010536925183959306,0.4735970031065957,CM
,235560,Contig_993468.fasta,0.024206142975231694,0.00011603536488899861,0.47383679905753573,CM
,235560,Contig_2702.fasta,0.02304817293302535,0.000104077216261933,0.4712123253467438,CM
,235560,Contig_550843.fasta,0.009441903458592412,1.5258733483391634e-05,0.4368943408677092,CM
,235560,Contig_555666.fasta,0.005669543606919013,4.803308899372591e-06,0.4090155935920599,CM
,235560,Contig_552333.fasta,0.0012082875298684932,0.0,0.31541209239589924,CM
,235560,Contig_59941.fasta,0.01253652633912328,2.8431262067507106e-05,0.44776443930078136,CM
,235560,Contig_543660.fasta,0.01236295484057514,2.8892085384776395e-05,0.4481933324418741,CM
,235560,Contig_302582.fasta,0.0,0.0,0.0,CM
,235560,Contig_985007.fasta,0.0070304321720555405,9.676918244536767e-06,0.42987031609491644,CM
,235560,Contig_137152.fasta,0.009114928021644222,1.3575831781890672e-05,0.43365508718194307,CM
,235560,Contig_551768.fasta,0.010897362395380247,2.409252882218148e-05,0.4505670092145561,CM
,235560,Contig_54324.fasta,0.017366299095021024,5.3291965201762125e-05,0.46077187500671246,CM
,235560,Contig_554908.fasta,0.01918233839553045,6.996114393012512e-05,0.46535438992473055,CM
,235560,Contig_988264.fasta,0.02389997957433281,0.00011347463456065826,0.4745576461149255,CM
,235560,Contig_57017.fasta,0.01505322743899576,3.9507921414543514e-05,0.45450591458894274,CM
,235560,Contig_930599.fasta,0.007188880343157176,8.78198913733237e-06,0.4284925266202533,CM
,235560,Contig_368836.fasta,0.024306578968430578,0.00011455221155791871,0.47287906929693435,CM
,235560,Contig_501295.fasta,0.019449654152206758,7.516185380023916e-05,0.466746971640216,CM
,235560,Contig_549348.fasta,0.023275404477301736,0.00010128134417732512,0.471925203297344,CM
,235560,Contig_3936.fasta,0.02541830811412255,0.0001285732498934676,0.47528068976060595,CM
,235560,Contig_53793.fasta,0.017737564878100142,5.6998073577139314e-05,0.4621371250067324,CM
,235560,Contig_421232.fasta,0.0,0.0,0.0,CM
,235560,Contig_368389.fasta,0.025140549310411906,0.00011920992718982709,0.4726402414841581,CM
,235560,Contig_58788.fasta,0.004828370278697445,3.0842926768842782e-06,0.40512020698642126,CM
,235560,Contig_991500.fasta,0.027744763981160474,0.00015004837455255348,0.4769763904885999,CM
,235560,Contig_555817.fasta,0.019936736300115533,7.49573341735032e-05,0.466746971640216,CM
,235560,Contig_542483.fasta,0.008603820331908991,1.379154080090712e-05,0.4368943408677092,CM
,235560,Contig_132900.fasta,0.013325537571998024,3.2145409842505885e-05,0.4534048828191052,CM
,235560,Contig_543052.fasta,0.0012163879157747368,0.0,0.3153058214752807,CM
,235560,Contig_546119.fasta,0.008479261081218914,1.3267502653845556e-05,0.43832678132957054,CM
,235560,Contig_6086.fasta,0.007205030450731358,9.324721646525227e-06,0.42615103740374916,CM
,235560,Contig_369459.fasta,0.02204586802096117,9.212465499839389e-05,0.46979301111377164,CM
,235560,Contig_1064787.fasta,0.00380038900186725,1.6608741157694912e-06,0.3946974602018697,CM
,235560,Contig_993918.fasta,0.007113089735225249,6.797749370560863e-06,0.4209751138725295,CM
,235560,Contig_420935.fasta,0.008039101388848823,1.2207971121880331e-05,0.4324527163302371,CM
,235560,Contig_209716.fasta,0.014384976098124258,4.147017811182726e-05,0.4578413298134213,CM
,235560,Contig_549952.fasta,0.002261818316632852,4.79092209228343e-07,0.353943902473008,CM
,235560,Contig_368269.fasta,0.0036650561588600686,1.9972541454295862e-06,0.3933701883726915,CM
,235560,Contig_58668.fasta,0.02221801608451788,9.53197590020048e-05,0.4700289694317595,CM
,235560,Contig_542949.fasta,0.016490633000626434,5.523453222080487e-05,0.46259400797757444,CM
,235560,Contig_425926.fasta,0.0,0.0,0.0,CM
,235560,Contig_439.fasta,0.012952381142467304,3.390086371593251e-05,0.45384465477140307,CM
,235560,Contig_428343.fasta,0.01864730208696964,6.805525659494197e-05,0.4660496405072874,CM
,235560,Contig_502497.fasta,0.005810286134628729,4.197752222414902e-06,0.41153371949807965,CM
,235560,Contig_793333.fasta,0.012779861633736402,3.1680129035183805e-05,0.4488382149345962,CM
,235560,Contig_985040.fasta,0.0223533171278437,9.795049080810143e-05,0.47168733777148847,CM
,235560,Contig_544337.fasta,0.00866192591755368,1.4131234911874604e-05,0.4395620846118521,CM
,235560,Contig_302538.fasta,0.003573720463318461,2.397389440756779e-06,0.38670565212340213,CM
,235560,Contig_371387.fasta,0.005593895201578534,4.2765551031981025e-06,0.4058229306759033,CM
,235560,Contig_985429.fasta,0.015086487498212153,4.111288703364025e-05,0.4573937820814434,CM
,235560,Contig_57780.fasta,0.015428609771394309,4.7578052030267245e-05,0.4603185824587472,CM
,235560,Contig_5210.fasta,0.0024488800843019496,8.009941175089587e-07,0.36356941652627545,CM
,235560,Contig_139344.fasta,0.00664715372100331,7.683043709443934e-06,0.4187148448047575,CM
,235560,Contig_303250.fasta,0.01060447330138535,1.9977120051081037e-05,0.4439410237849303,CM
,235560,Contig_547305.fasta,0.0012564207193905095,0.0,0.3211488257167581,CM
,235560,Contig_368294.fasta,0.017937826406732558,7.011387134564741e-05,0.4669798793106951,CM
,235560,Contig_542526.fasta,0.0034030147270105978,1.273213199759137e-06,0.3807272897227962,CM
,235560,Contig_59201.fasta,0.0010614454871989032,0.0,0.3037415378573947,CM
,235560,Contig_132437.fasta,0.011488928713725746,2.540830023894704e-05,0.44584453460630447,CM
,235560,Contig_135127.fasta,0.017474557856271375,5.7762455060313345e-05,0.4623654536258069,CM
,235560,Contig_498840.fasta,0.01731895347622483,5.893863891265131e-05,0.46259400797757444,CM
,235560,Contig_201012.fasta,0.006667674943686605,7.62296233906827e-06,0.41740752816174537,CM
,235560,Contig_502796.fasta,0.01326351426749278,3.2404131868074345e-05,0.45362466220971065,CM
,235560,Contig_371838.fasta,0.02310792892678477,0.00011173438358341595,0.47383679905753573,CM
,235560,Contig_369953.fasta,0.023631271772804288,0.00011494301727068393,0.4750394305272249,CM
,235560,Contig_53998.fasta,0.002293122528435295,3.3340976863011657e-07,0.3497113894389511,CM
,235560,Contig_549268.fasta,0.0038703980503291572,2.2850055377390403e-06,0.39721038970230604,CM
,235560,Contig_627031.fasta,0.009536628913055218,1.6122333619241305e-05,0.4410121009135877,CM
,235560,Contig_60946.fasta,0.02341221974332733,0.00010451918190929799,0.47287906929693435,CM
,235560,Contig_368584.fasta,0.0160293853382162,4.7036445707473155e-05,0.4589640402837828,CM
,235560,Contig_499387.fasta,0.0031048609368495277,1.128498478458952e-06,0.36843609375536734,CM
,235560,Contig_368916.fasta,0.02207683202967737,9.955728684250711e-05,0.47287906929693435,CM
,235560,Contig_131739.fasta,0.008104307994715886,1.2249930605871227e-05,0.43466218213591873,CM
,235560,Contig_368678.fasta,0.020990172940373558,8.94172257813206e-05,0.47073826868140495,CM
,235560,Contig_55737.fasta,0.0021929137383130265,4.7070128152237256e-07,0.3534092440100578,CM
,235560,Contig_57441.fasta,0.013104825479669352,3.432101931692569e-05,0.45605637336190696,CM
,235560,Contig_139085.fasta,0.019551572390387194,7.16768724759797e-05,0.4637401774720679,CM
,235560,Contig_5194.fasta,0.0012240220629598096,0.0,0.31830873406075955,CM
,235560,Contig_500498.fasta,0.009139535594148042,1.364866531438983e-05,0.43567396561388877,CM
,235560,Contig_35.fasta,0.0032731235072499605,1.6070054482615169e-06,0.37613652658305186,CM
,235560,Contig_1124667.fasta,0.021169907841743545,8.997256027609643e-05,0.470501597857533,CM
,235560,Contig_800316.fasta,0.0011308133748088877,0.0,0.3080407103813802,CM
,235560,Contig_56028.fasta,0.01968471632183319,7.402757370921395e-05,0.46558590952170803,CM
,235560,Contig_551712.fasta,0.0019926523126311264,3.373385555445126e-07,0.3350618253271153,CM
,235560,Contig_502713.fasta,0.0253217357094624,0.00012613459676544185,0.47407683796283334,CM
,235560,Contig_59610.fasta,0.013411359625330563,3.0617298435001383e-05,0.4484080872729435,CM
,235560,Contig_302604.fasta,0.015370136073549522,4.566460417576232e-05,0.45873905791109465,CM
,235560,Contig_551757.fasta,0.003176136081612412,1.091882143884905e-06,0.36843609375536734,CM
,235560,Contig_932201.fasta,0.005047680877719518,3.954328279959317e-06,0.4118959850962293,CM
,235560,Contig_133865.fasta,0.002269733017067396,7.687097422097686e-07,0.35461450478917506,CM
,235560,Contig_986463.fasta,0.01738497424268482,5.651977580100949e-05,0.4609988562259276,CM
,235560,Contig_545427.fasta,0.007024925765382757,8.055819982561558e-06,0.42518295235739806,CM
,235560,Contig_62172.fasta,0.014246154271744887,3.9299804804125406e-05,0.45605637336190696,CM
,235560,Contig_55436.fasta,0.0037220242150003886,2.0151049962590823e-06,0.3925451670044602,CM
,235560,Contig_548295.fasta,0.003552196476375907,1.7686571306637905e-06,0.3862268584971659,CM
,235560,Contig_550839.fasta,0.0,0.0,0.0,CM
,235560,Contig_370302.fasta,0.018204130918983454,6.671997313353428e-05,0.4674463926766399,CM
,235560,Contig_372074.fasta,0.02340714037916589,0.00010453440470048493,0.4724016547898198,CM
,235560,Contig_553798.fasta,0.02208164631507382,9.811537374769648e-05,0.47097517772452596,CM
,235560,Contig_500799.fasta,0.007315731040779875,9.55066962341758e-06,0.4259570678828553,CM
,235560,Contig_54243.fasta,0.0265323443445717,0.00013844904877023597,0.47624818225884635,CM
,235560,Contig_543869.fasta,0.0,0.0,0.0,CM
,235560,Contig_137718.fasta,0.026193593675186887,0.00013289434800147255,0.4745576461149255,CM
,235560,Contig_53716.fasta,0.010113784098269676,1.7839034653354598e-05,0.4368943408677092,CM
,235560,Contig_369798.fasta,0.011935956618109837,2.4446149750124938e-05,0.4481933324418741,CM
,235560,Contig_985160.fasta,0.014091613826022965,3.7067148156945956e-05,0.45561230678609205,CM
,235560,Contig_56618.fasta,0.015915578721146555,5.0016021878463915e-05,0.45806543227539553,CM
,235560,Contig_369421.fasta,0.0023158785004704337,4.0586531360412466e-07,0.35841734130165953,CM
,235560,Contig_136070.fasta,0.018741303141405673,7.022419559676579e-05,0.4660496405072874,CM
,235560,Contig_547124.fasta,0.004556042033474385,2.594218667064645e-06,0.3970418659900862,CM
,235560,Contig_555395.fasta,0.0021259367953188543,2.7063087973357955e-07,0.3422924938327115,CM
,235560,Contig_2620.fasta,0.021883284619790493,9.267695208321529e-05,0.4688515421536238,CM
,235560,Contig_990679.fasta,0.0038359702825140666,1.5948202483071428e-06,0.3968734852157053,CM
,235560,Contig_137371.fasta,0.01823377372318079,6.069122221751119e-05,0.4637401774720679,CM
,235560,Contig_200971.fasta,0.004621119308218458,3.1010875395461495e-06,0.39941428857816175,CM
,235560,Contig_55880.fasta,0.024349095310159573,0.00011691110144075261,0.473357449741342,CM
,235560,Contig_53941.fasta,0.016615067405618286,5.123192405196781e-05,0.4591892434438828,CM
,235560,Contig_54457.fasta,0.004731073819474141,3.0875202171454077e-06,0.40164278031700995,CM
,235560,Contig_543587.fasta,0.0012920020000373263,0.0,0.32595878723045385,CM
,235560,Contig_132047.fasta,0.0010969310819709814,0.0,0.3047306018035275,CM
,235560,Contig_133002.fasta,0.020228858419503812,8.303126255078362e-05,0.46908655545796146,CM
,235560,Contig_368235.fasta,0.015112541325769738,3.9609768722021605e-05,0.45384465477140307,CM
,235560,Contig_212696.fasta,0.016417027460027288,5.067969803219727e-05,0.4603185824587472,CM
,235560,Contig_428432.fasta,0.027936361362858556,0.0001562402579721143,0.4779508059952161,CM
,235560,Contig_545097.fasta,0.0012564207193905095,0.0,0.3211488257167581,CM
,235560,Contig_550773.fasta,0.004767831928354419,3.5525482832451358e-06,0.4072357172056715,CM
,235560,Contig_134557.fasta,0.018243699536754324,6.672319411816293e-05,0.46351048941982814,CM
,235560,Contig_370062.fasta,0.012904732970562322,3.155447007920963e-05,0.45252789078270456,CM
,235560,Contig_420336.fasta,0.005740011521753916,6.455722048109898e-06,0.41610834955030374,CM
,235560,Contig_60298.fasta,0.018621166637183943,7.129325319986636e-05,0.464200237171941,CM
,235560,Contig_424515.fasta,0.0012163879157747368,0.0,0.3153058214752807,CM
,235560,Contig_498859.fasta,0.010638572054010243,1.865280320863112e-05,0.44122002741095384,CM
,235560,Contig_987746.fasta,0.004199492206685681,2.4289152519329963e-06,0.38863275670209013,CM
,235560,Contig_553390.fasta,0.021021531844585616,8.853612272018694e-05,0.46932180448276484,CM
,235560,Contig_54838.fasta,0.024532335642739326,0.0001156149986413081,0.473357449741342,CM
,235560,Contig_808772.fasta,0.02640441740520054,0.00013290491033423786,0.4745576461149255,CM
,235560,concatenated_maxbin2.1689.fasta,0.12346723472530446,0.02541531034142715,0.43709840174620884,CM
,235560,concatenated_maxbin2.0347.fasta,0.15647861736132576,0.05435602186965492,0.4964603067048452,CM
,235560,concatenated_maxbin2.0432.fasta,0.15422453651729665,0.04917607380147701,0.4917644131049044,CM
,235560,concatenated_maxbin2.0512.fasta,0.13764689191824162,0.03602962906387578,0.46054511719420915,CM
,235560,concatenated_maxbin2.0082.fasta,0.13546440255450348,0.031768304719817314,0.4551691041530317,CM
,235560,concatenated_metabat2.783.fasta,0.1031876331253327,0.015057498842918314,0.4081237148445849,CM
,235560,concatenated_bin.308.fasta,0.14571569982782562,0.0402431249007733,0.4712123253467438,CM
,235560,concatenated_maxbin2.0325.fasta,0.1152401073018843,0.022892717210101762,0.42518295235739806,CM
,235560,concatenated_metabat2.665.fasta,0.14474532402427112,0.04230558286823379,0.4714497119086313,CM
,235560,concatenated_maxbin2.0610.fasta,0.14329628853521578,0.03573797963392422,0.46838222129060714,CM
,235560,concatenated_maxbin2.0126.fasta,0.14673036574513992,0.048265344223606975,0.4781950322629704,CM
,235560,concatenated_maxbin2.0342.fasta,0.11956211736834074,0.022548912440275425,0.4312569945339323,CM
,235560,concatenated_bin.737.fasta,0.15160458536102803,0.047543124262328866,0.4869030583447623,CM
,235560,concatenated_bin.182.fasta,0.11109282875855765,0.0212974266130573,0.42135419997236967,CM
,235560,concatenated_maxbin2.0908.fasta,0.15477379639576602,0.05363987417673414,0.4954090408356978,CM
,235560,concatenated_maxbin2.1011.fasta,0.1474845189195301,0.047356980917793154,0.48040435222722433,CM
,235560,concatenated_metabat2.358.fasta,0.1314055148028093,0.030233351342658463,0.44797878321619583,CM
,235560,concatenated_maxbin2.0541.fasta,0.14699839056348252,0.0429603324706791,0.4781950322629704,CM
,235560,concatenated_bin.204.fasta,0.12320329060587133,0.025606237676588532,0.43669047043333326,CM
,235560,concatenated_metabat2.164.fasta,0.12715456146057166,0.03502934527922587,0.44584453460630447,CM
,235560,concatenated_maxbin2.0329.fasta,0.13511187593773866,0.030525214910214916,0.453185316289895,CM
,235560,concatenated_bin.240.fasta,0.1342766252138147,0.03283849438901101,0.45450591458894274,CM
,235560,concatenated_metabat2.793.fasta,0.15051138048141613,0.04784238157108717,0.4843828561794167,CM
,235560,concatenated_maxbin2.0177.fasta,0.137792127204332,0.03844049475972263,0.4630517952195117,CM
,235560,concatenated_metabat2.147.fasta,0.14663022313509871,0.04574518058534247,0.4779508059952161,CM
,235560,concatenated_maxbin2.0272.fasta,0.1614552745258063,0.057708806543685015,0.5074987408560917,CM
