Method,Number of Swaps,Node,Eigenvector Centrality,Betweenness Centrality,Closeness Centrality,Methods
,235560,Contig_60400.fasta,0.022169783664995238,0.0001035416358769595,0.47287906929693435,CM
,235560,Contig_303000.fasta,0.014211602892409704,4.1223112621642164e-05,0.45561230678609205,CM
,235560,Contig_58480.fasta,0.0033808286893191263,1.2900819954322025e-06,0.3791846345780523,CM
,235560,Contig_547953.fasta,0.020341140601654716,8.050505923035714e-05,0.4681479130258295,CM
,235560,Contig_501261.fasta,0.014318534517269044,3.4266033322198686e-05,0.45296596231298797,CM
,235560,Contig_59812.fasta,0.019374782315071344,7.385603873425218e-05,0.46466121059515053,CM
,235560,Contig_137842.fasta,0.026489966974026138,0.00014315336230214337,0.4769763904885999,CM
,235560,Contig_305555.fasta,0.020035662858582243,7.464313626122185e-05,0.46581765960111154,CM
,235560,Contig_1064437.fasta,0.01915438754928161,7.420277896206149e-05,0.46489204080408997,CM
,235560,Contig_302768.fasta,0.004532552607827917,3.1122633512394096e-06,0.39586619210602075,CM
,235560,Contig_308773.fasta,0.010594152173223403,2.197756029192209e-05,0.44542012286465166,CM
,235560,Contig_548846.fasta,0.0011114279952013173,0.0,0.3080407103813802,CM
,235560,Contig_367992.fasta,0.0049091300569672515,3.7088782827388787e-06,0.41027079269558664,CM
,235560,Contig_2515.fasta,0.019187063333605352,7.116846722742735e-05,0.4632810287815015,CM
,235560,Contig_139114.fasta,0.024658433175777216,0.00011401949467073979,0.47287906929693435,CM
,235560,Contig_1118110.fasta,0.02080762660448121,8.290774205286906e-05,0.4669798793106951,CM
,235560,Contig_499911.fasta,0.02316881243472293,0.00010443671085583978,0.4712123253467438,CM
,235560,Contig_552124.fasta,0.0,0.0,0.0,CM
,235560,Contig_133566.fasta,0.016536505625380005,5.3960142285338925e-05,0.4616811436303074,CM
,235560,Contig_131655.fasta,0.004986507354113773,3.1629888821229394e-06,0.40776805147652856,CM
,235560,Contig_550217.fasta,0.006944693164487943,8.037915517570157e-06,0.421924110973234,CM
,235560,Contig_1065858.fasta,0.01988337741447752,8.182497036851172e-05,0.4688515421536238,CM
,235560,Contig_502682.fasta,0.004720532931489532,3.2775305800405783e-06,0.4052956596529377,CM
,235560,Contig_59781.fasta,0.009466976558698012,1.8610087657352625e-05,0.44059683528184235,CM
,235560,Contig_544167.fasta,0.019272748636387706,7.874089400718883e-05,0.46791383906931655,CM
,235560,Contig_500923.fasta,0.005060814627445676,4.1422612802382164e-06,0.41225888904785596,CM
,235560,Contig_53423.fasta,0.008116019163492744,1.083830627798755e-05,0.4296729468037801,CM
,235560,Contig_54970.fasta,0.009532878212982257,1.6984774484011075e-05,0.44080437029610603,CM
,235560,Contig_371293.fasta,0.02529708044640853,0.00012751706087581018,0.47479841610280726,CM
,235560,Contig_368039.fasta,0.011205674357924357,2.2056789642446408e-05,0.44122002741095384,CM
,235560,Contig_139681.fasta,0.007924442950116038,1.1644035934226004e-05,0.4290819248686993,CM
,235560,Contig_139250.fasta,0.0070064706320033835,8.789522831930244e-06,0.4246042096817754,CM
,235560,Contig_55970.fasta,0.02053611112734269,8.324776665300395e-05,0.466746971640216,CM
,235560,Contig_370642.fasta,0.007526424611645875,9.995374601361869e-06,0.43365508718194307,CM
,235560,Contig_424505.fasta,0.014801100476399268,4.28450497440425e-05,0.4551691041530317,CM
,235560,Contig_1064106.fasta,0.00806491827314617,1.086809650021429e-05,0.42790474537660406,CM
,235560,Contig_53687.fasta,0.002418221300323242,5.409737789397843e-07,0.36456084072404876,CM
,235560,Contig_988292.fasta,0.010525410093917678,1.892084338005031e-05,0.4410121009135877,CM
,235560,Contig_2.fasta,0.005188869595820357,3.799452201237305e-06,0.4146334417982424,CM
,235560,Contig_55746.fasta,0.003681578214967475,1.8268816141583524e-06,0.39270989430912,CM
,235560,Contig_370874.fasta,0.016293003794834643,5.245781494976064e-05,0.4582897542304766,CM
,235560,Contig_62202.fasta,0.020941377676575196,8.322338732363257e-05,0.4681479130258295,CM
,235560,Contig_131826.fasta,0.019673931477765423,8.082458520431378e-05,0.46721301954000655,CM
,235560,Contig_60972.fasta,0.01850883330966824,7.395841758550488e-05,0.46791383906931655,CM
,235560,Contig_502426.fasta,0.010597223023268905,1.9688753544055376e-05,0.4410121009135877,CM
,235560,Contig_302574.fasta,0.00921235753050214,1.1992571658758082e-05,0.43365508718194307,CM
,235560,Contig_369922.fasta,0.027806119269329705,0.00015250761068713332,0.47673340710067913,CM
,235560,Contig_56774.fasta,0.002421860503293665,6.84197798954896e-07,0.36286455143025714,CM
,235560,Contig_53586.fasta,0.019332103203868634,7.456676459938445e-05,0.46767999906978164,CM
,235560,Contig_305448.fasta,0.01963984476099716,7.777739631845308e-05,0.46721301954000655,CM
,235560,Contig_423780.fasta,0.021282962831771685,9.119084526648766e-05,0.47073826868140495,CM
,235560,Contig_368225.fasta,0.022238323166250497,0.00010184171641792717,0.4721633088489572,CM
,235560,Contig_498426.fasta,0.02460427995223473,0.00012038457006331978,0.47407683796283334,CM
,235560,Contig_543905.fasta,0.006151078602264147,6.197487764343249e-06,0.4183404908979138,CM
,235560,Contig_799449.fasta,0.014903343286628857,4.001784414800727e-05,0.45539059763437134,CM
,235560,Contig_307703.fasta,0.022244689133381512,9.824905534877644e-05,0.47097517772452596,CM
,235560,Contig_135212.fasta,0.02423841366848398,0.00011223256531269461,0.47168733777148847,CM
,235560,Contig_542656.fasta,0.01776685233752024,5.896508155272825e-05,0.4589640402837828,CM
,235560,Contig_368570.fasta,0.007205994343662517,7.655092675912194e-06,0.4259570678828553,CM
,235560,Contig_58171.fasta,0.019549827404892667,7.544880259799154e-05,0.46535438992473055,CM
,235560,Contig_989217.fasta,0.02169452488231314,9.408437097510436e-05,0.4712123253467438,CM
,235560,Contig_24573992.fasta,0.0011671948764614645,0.0,0.3116309284510933,CM
,235560,Contig_422441.fasta,0.0010860821063497581,0.0,0.3047306018035275,CM
,235560,Contig_58619.fasta,0.010115846959328047,1.9965312742185908e-05,0.4397686457418388,CM
,235560,Contig_55786.fasta,0.022039070476146352,9.736854365148178e-05,0.46979301111377164,CM
,235560,Contig_84.fasta,0.009446183861037986,1.159751986453663e-05,0.4324527163302371,CM
,235560,Contig_302648.fasta,0.006137024950766881,7.343158943878861e-06,0.42173396941804103,CM
,235560,Contig_56021.fasta,0.004280787165841319,2.7766183322671265e-06,0.38750628494353334,CM
,235560,Contig_500040.fasta,0.024017825403659796,0.00011588388487154045,0.4731181385938489,CM
,235560,Contig_1066208.fasta,0.01605666988503507,4.994468959139959e-05,0.4596403134276194,CM
,235560,Contig_56448.fasta,0.005545431390685205,5.2794624748567264e-06,0.4099113789481529,CM
,235560,Contig_211575.fasta,0.0026552366454147603,9.48715627859173e-07,0.377959482285393,CM
,235560,Contig_58270.fasta,0.027715872008458035,0.00014917773986341832,0.47624818225884635,CM
,235560,Contig_501846.fasta,0.023141640910388603,0.00010250781652442465,0.47073826868140495,CM
,235560,Contig_542512.fasta,0.012184594647871382,2.5427200189159404e-05,0.44648267086766846,CM
,235560,Contig_134156.fasta,0.017520407744886078,6.399216238764965e-05,0.4637401774720679,CM
,235560,Contig_24575311.fasta,0.004879950475870457,3.8071032725964242e-06,0.40688159919071004,CM
,235560,Contig_56365.fasta,0.024547750137087942,0.00012191277407147366,0.4743171201919073,CM
,235560,Contig_24577067.fasta,0.014945970880849006,4.5191912910456575e-05,0.457617446522559,CM
,235560,Contig_302549.fasta,0.020600815852717894,8.358206985037013e-05,0.46721301954000655,CM
,235560,Contig_61598.fasta,0.01768965949086162,6.575296206597058e-05,0.46558590952170803,CM
,235560,Contig_57982.fasta,0.019775735795414716,8.067173987605784e-05,0.4681479130258295,CM
,235560,Contig_367952.fasta,0.016908516794129753,5.343055454409354e-05,0.4582897542304766,CM
,235560,Contig_548080.fasta,0.010743142527170683,2.0424368620439863e-05,0.44310022639139823,CM
,235560,Contig_55623.fasta,0.017089235439498245,5.602931271999158e-05,0.45986618090350523,CM
,235560,Contig_56982.fasta,0.02454137166959006,0.00011665117737447294,0.4721633088489572,CM
,235560,Contig_1066315.fasta,0.010781448585820133,2.273678328959277e-05,0.44648267086766846,CM
,235560,Contig_369802.fasta,0.023702946566374835,0.0001115614978827368,0.4724016547898198,CM
,235560,Contig_132276.fasta,0.01966199376537821,7.32950043455822e-05,0.46489204080408997,CM
,235560,Contig_985545.fasta,0.020995167921116286,8.837285464286176e-05,0.46908655545796146,CM
,235560,Contig_56278.fasta,0.0,0.0,0.0,CM
,235560,Contig_61852.fasta,0.019578158095582276,7.902709958493042e-05,0.46791383906931655,CM
,235560,Contig_985500.fasta,0.018487941005522278,6.44180925928176e-05,0.46282278839695007,CM
,235560,Contig_499607.fasta,0.014991248314704912,4.324879205552152e-05,0.4547267629439422,CM
,235560,Contig_2240.fasta,0.022368950895608,9.991106577782038e-05,0.4712123253467438,CM
,235560,Contig_370216.fasta,0.010423123247237856,1.8016352551259292e-05,0.441428150065393,CM
,235560,Contig_309063.fasta,0.023239575466493776,0.00010213560295121448,0.47097517772452596,CM
,235560,Contig_57285.fasta,0.01109047563212492,2.3676769802662775e-05,0.44247171543197783,CM
,235560,Contig_3691.fasta,0.008337641701185575,1.3717109531980416e-05,0.43567396561388877,CM
,235560,Contig_59029.fasta,0.023059365439808584,0.00010623789628027434,0.4712123253467438,CM
,235560,Contig_3240.fasta,0.013448469245043284,3.601128828564392e-05,0.4567240986523344,CM
,235560,Contig_56285.fasta,0.022053854107274035,9.58455177724895e-05,0.47026516489378545,CM
,235560,Contig_371253.fasta,0.02759798389393354,0.00015069465109457408,0.47649067115001686,CM
,235560,Contig_1263041.fasta,0.0072759157518110466,8.404636658532506e-06,0.4281004932015705,CM
,235560,Contig_138129.fasta,0.022434233807758896,9.753536487893809e-05,0.47097517772452596,CM
,235560,Contig_302755.fasta,0.010258820816936479,1.7443334643169514e-05,0.43914954394116995,CM
,235560,Contig_544576.fasta,0.011630940244604008,2.782296112285296e-05,0.4488382149345962,CM
,235560,Contig_278.fasta,0.001298317914442844,0.0,0.32595878723045385,CM
,235560,Contig_131695.fasta,0.02181738684116488,8.605191956514134e-05,0.46721301954000655,CM
,235560,Contig_548245.fasta,0.0023647163472768234,3.3775550702009637e-07,0.35841734130165953,CM
,235560,Contig_1065632.fasta,0.005734493088085887,6.5778189970712525e-06,0.4120773571724496,CM
,235560,Contig_55072.fasta,0.020462011371860375,8.303200442786068e-05,0.4674463926766399,CM
,235560,Contig_204149.fasta,0.009545421383277328,1.4883462324341665e-05,0.4387377769051257,CM
,235560,Contig_369610.fasta,0.004685993678509722,3.2812757809188927e-06,0.4058229306759033,CM
,235560,Contig_498487.fasta,0.014844337482383878,4.6014787562600113e-05,0.4578413298134213,CM
,235560,Contig_201047.fasta,0.008365725736940282,1.0232131242530108e-05,0.42987031609491644,CM
,235560,Contig_136690.fasta,0.011819231135872884,2.4296948587452388e-05,0.4460570439173656,CM
,235560,Contig_550313.fasta,0.019505088274105083,8.227497574351599e-05,0.46908655545796146,CM
,235560,Contig_60291.fasta,0.010210086658755729,1.863434746717994e-05,0.4395620846118521,CM
,235560,Contig_370828.fasta,0.017492638967488944,5.882514151092482e-05,0.46282278839695007,CM
,235560,Contig_139853.fasta,0.0021746021402958924,3.3314015143179526e-07,0.34494201184616036,CM
,235560,Contig_57005.fasta,0.004932782660650306,3.5397475518477237e-06,0.4072357172056715,CM
,235560,Contig_1062860.fasta,0.006936461474511518,6.956899492856088e-06,0.42173396941804103,CM
,235560,Contig_543959.fasta,0.0,0.0,0.0,CM
,235560,Contig_53626.fasta,0.017972620531260846,5.971126150750258e-05,0.4639700932764666,CM
,235560,Contig_54373.fasta,0.022657472174688813,0.0001008278260401558,0.471925203297344,CM
,235560,Contig_549101.fasta,0.0,0.0,0.0,CM
,235560,Contig_371402.fasta,0.02321422957764222,0.00010352697429199749,0.4714497119086313,CM
,235560,Contig_421838.fasta,0.0036348914802207108,1.606510854682932e-06,0.3894413974775835,CM
,235560,Contig_1128005.fasta,0.0,0.0,0.0,CM
,235560,Contig_368554.fasta,0.01958659253131453,7.909637395277122e-05,0.4674463926766399,CM
,235560,Contig_58584.fasta,0.018372098704763584,6.667922416119918e-05,0.4644306094980809,CM
,235560,Contig_368185.fasta,0.016088832311881712,5.486321780061926e-05,0.46259400797757444,CM
,235560,Contig_707918.fasta,0.015941952898483294,5.421446299104207e-05,0.46145349020642656,CM
,235560,Contig_992623.fasta,0.021100227451512275,8.159802142674853e-05,0.46791383906931655,CM
,235560,Contig_1062938.fasta,0.016510273496118052,5.321193124866742e-05,0.4609988562259276,CM
,235560,Contig_133910.fasta,0.006465629873506653,8.244188558842483e-06,0.4196536673267413,CM
,235560,Contig_136735.fasta,0.017393393180821656,6.131340589598288e-05,0.4639700932764666,CM
,235560,Contig_133582.fasta,0.028734389948702182,0.00016224829527585632,0.4774631010911394,CM
,235560,Contig_303771.fasta,0.02507585197240814,0.00012914526494845553,0.4750394305272249,CM
,235560,Contig_542493.fasta,0.017340167087336454,6.0908569547080275e-05,0.4616811436303074,CM
,235560,Contig_370277.fasta,0.01993826695197671,8.410334746554752e-05,0.46908655545796146,CM
,235560,Contig_422210.fasta,0.017668758641860117,6.253517899671361e-05,0.46282278839695007,CM
,235560,Contig_53810.fasta,0.012713621526602253,3.067061224418466e-05,0.4510012906692208,CM
,235560,Contig_54994.fasta,0.028657089919999115,0.00016699174439538937,0.47868423434201185,CM
,235560,Contig_54506.fasta,0.017566904716052892,5.767523918312067e-05,0.46145349020642656,CM
,235560,Contig_24570062.fasta,0.0035294122951967403,1.9436617504217416e-06,0.388310239891549,CM
,235560,Contig_502567.fasta,0.0197558985764035,7.34287197008527e-05,0.46512310046651745,CM
,235560,Contig_985561.fasta,0.017785329380058074,6.298934133757294e-05,0.4621371250067324,CM
,235560,Contig_54969.fasta,0.0012277544666043922,0.0,0.31939511199270754,CM
,235560,Contig_135393.fasta,0.0264382273148064,0.00014275057994946776,0.47673340710067913,CM
,235560,Contig_132217.fasta,0.016374910954539308,5.4837892494185324e-05,0.4621371250067324,CM
,235560,Contig_61833.fasta,0.021167514534680385,8.928702138193163e-05,0.46955728958285653,CM
,235560,Contig_499666.fasta,0.0,0.0,0.0,CM
,235560,Contig_62792.fasta,0.009073706807651754,1.3071561747688917e-05,0.43185402775202264,CM
,235560,Contig_1065841.fasta,0.02765077067230415,0.00015281471535143778,0.47673340710067913,CM
,235560,Contig_134869.fasta,0.008324064055090947,1.207803015405984e-05,0.43305306716271774,CM
,235560,Contig_555468.fasta,0.008117458415045109,1.3926132197607228e-05,0.433454227947491,CM
,235560,Contig_367976.fasta,0.0,0.0,0.0,CM
,235560,Contig_55642.fasta,0.0034813764483968826,1.4967044310628165e-06,0.38400807473887283,CM
,235560,Contig_58349.fasta,0.01024626771832706,1.8766770199649517e-05,0.43914954394116995,CM
,235560,Contig_136319.fasta,0.018217705282938285,6.838419443328877e-05,0.466746971640216,CM
,235560,Contig_131609.fasta,0.02045751722484097,8.102871898631036e-05,0.4688515421536238,CM
,235560,Contig_420267.fasta,0.019516654455055907,7.811046857136818e-05,0.466746971640216,CM
,235560,Contig_368748.fasta,0.020539251872198686,7.713089141169553e-05,0.46512310046651745,CM
,235560,Contig_1065496.fasta,0.024185828768933274,0.00011330548351312201,0.4724016547898198,CM
,235560,Contig_2120.fasta,0.008281261748969282,1.1898797595526682e-05,0.43265264823792565,CM
,235560,Contig_368399.fasta,0.01659738320913344,5.3765799339560414e-05,0.46145349020642656,CM
,235560,Contig_367933.fasta,0.008386206309721644,1.2160226678950323e-05,0.4316548330897754,CM
,235560,Contig_24566365.fasta,0.001180429799918354,0.0,0.31403613360356813,CM
,235560,Contig_985209.fasta,0.011661598879075833,2.771829162324081e-05,0.4471226364733077,CM
,235560,Contig_371176.fasta,0.023332107002024604,0.00011066455871892546,0.4731181385938489,CM
,235560,Contig_138521.fasta,0.0033316743542959903,1.0427809831621472e-06,0.37689395011624366,CM
,235560,Contig_54607.fasta,0.02422468159588736,0.00011190519377162974,0.4721633088489572,CM
,235560,Contig_1063557.fasta,0.011858405737353434,2.656846365400408e-05,0.44733636622305595,CM
,235560,Contig_137319.fasta,0.017215063529195922,5.48643354741806e-05,0.45986618090350523,CM
,235560,Contig_53407.fasta,0.009234249158904726,1.2224859511800619e-05,0.43466218213591873,CM
,235560,Contig_1062202.fasta,0.018061260776048683,6.250817530368157e-05,0.4644306094980809,CM
,235560,Contig_422644.fasta,0.02170243796105544,9.677352514677112e-05,0.47026516489378545,CM
,235560,Contig_991144.fasta,0.025383251848534835,0.0001316915100850582,0.4750394305272249,CM
,235560,Contig_500942.fasta,0.01710723142493419,5.627287889782271e-05,0.4609988562259276,CM
,235560,Contig_553943.fasta,0.007433934441921387,9.680865199130183e-06,0.43066160981989554,CM
,235560,Contig_137361.fasta,0.02308756311854039,0.00010431547535825743,0.470501597857533,CM
,235560,Contig_551233.fasta,0.0012979275619723644,0.0,0.32641356056457377,CM
,235560,Contig_54682.fasta,0.0,0.0,0.0,CM
,235560,Contig_53743.fasta,0.012648952314908358,3.097069622253643e-05,0.4505670092145561,CM
,235560,Contig_138130.fasta,0.007899134911109993,1.1998761341191188e-05,0.43006786679165127,CM
,235560,Contig_59389.fasta,0.003714843688504407,1.8970409241658211e-06,0.3925451670044602,CM
,235560,Contig_1194793.fasta,0.014752920128145813,3.9792845924270046e-05,0.4558342319233478,CM
,235560,Contig_62383.fasta,0.026361317930189438,0.00014113088756665605,0.47600594005016944,CM
,235560,Contig_58030.fasta,0.016879913089029253,5.776009176993893e-05,0.46009227047130435,CM
,235560,Contig_930757.fasta,0.01160316885870406,2.42642226808319e-05,0.4471226364733077,CM
,235560,Contig_368431.fasta,0.025262212507421743,0.00012906287724212477,0.4755221941761347,CM
,235560,Contig_990245.fasta,0.02633275499824851,0.00014256358304418027,0.47600594005016944,CM
,235560,Contig_985135.fasta,0.017623841113374176,6.004987421356078e-05,0.4632810287815015,CM
,235560,Contig_368201.fasta,0.001228817664757146,0.0,0.31841703917612557,CM
,235560,Contig_136281.fasta,0.022126766973827972,9.744660600382675e-05,0.4714497119086313,CM
,235560,Contig_547390.fasta,0.01751001023170381,5.531259802803882e-05,0.46009227047130435,CM
,235560,Contig_369244.fasta,0.012998990934825705,3.731329812776622e-05,0.4542852806498219,CM
,235560,Contig_4654.fasta,0.019649516987920997,7.645352093605255e-05,0.4662818525852681,CM
,235560,Contig_57750.fasta,0.009510886335863184,1.5496376470621637e-05,0.43709840174620884,CM
,235560,Contig_370786.fasta,0.0037886363993928905,2.4477888239600787e-06,0.39992635817890304,CM
,235560,Contig_552788.fasta,0.0036325602859748575,1.6052688494898035e-06,0.3881491821396238,CM
,235560,Contig_372448.fasta,0.02324291202244126,0.00010874064374293429,0.4721633088489572,CM
,235560,Contig_499703.fasta,0.00936136955236036,1.4966062237865024e-05,0.4385321828203529,CM
,235560,Contig_62226.fasta,0.025434561903661026,0.00012631846197591788,0.47407683796283334,CM
,235560,Contig_368906.fasta,0.008962114949830352,1.3991919765396299e-05,0.43648679017660125,CM
,235560,Contig_543263.fasta,0.02148685673785519,9.346605797771603e-05,0.46979301111377164,CM
,235560,Contig_551403.fasta,0.0,0.0,0.0,CM
,235560,Contig_423759.fasta,0.002539748617818155,6.359473430917007e-07,0.36930847598209676,CM
,235560,Contig_310330.fasta,0.019573165997843693,7.915093544898752e-05,0.46767999906978164,CM
,235560,Contig_61150.fasta,0.022171178062249445,9.758309661867881e-05,0.47026516489378545,CM
,235560,Contig_500731.fasta,0.021737691854443852,8.97521787166027e-05,0.46767999906978164,CM
,235560,Contig_710339.fasta,0.024410172875345026,0.00011814986549086331,0.4735970031065957,CM
,235560,Contig_137986.fasta,0.00380137415594653,2.296891750889715e-06,0.39721038970230604,CM
,235560,Contig_56080.fasta,0.01814736452245912,6.111149533173966e-05,0.4596403134276194,CM
,235560,Contig_549184.fasta,0.01690197210793707,5.3351050383754174e-05,0.4594146677165602,CM
,235560,Contig_54762.fasta,0.002481413276013656,6.605737157731478e-07,0.36945427482772725,CM
,235560,Contig_25.fasta,0.01957937526184953,7.409674143347053e-05,0.4644306094980809,CM
,235560,Contig_1197505.fasta,0.014278974914942021,4.215982756169065e-05,0.457617446522559,CM
,235560,Contig_57080.fasta,0.009131435593762194,1.4577019493865951e-05,0.4368943408677092,CM
,235560,Contig_370487.fasta,0.017948500105950116,6.683947086732078e-05,0.4662818525852681,CM
,235560,Contig_24576382.fasta,0.02516299633377996,0.00012835388312695866,0.4745576461149255,CM
,235560,Contig_1067254.fasta,0.002416916126532043,4.4148653749886085e-07,0.3631461692427757,CM
,235560,Contig_131537.fasta,0.012967706419238697,3.169417100698202e-05,0.4518723699365684,CM
,235560,Contig_370248.fasta,0.015455525792349135,4.989926594809602e-05,0.46054511719420915,CM
,235560,Contig_555756.fasta,0.02105562015543639,8.389910926966072e-05,0.46838222129060714,CM
,235560,Contig_928928.fasta,0.022244953711263813,9.99170054651391e-05,0.4724016547898198,CM
,235560,Contig_307640.fasta,0.022349820110706,9.508041460854447e-05,0.47097517772452596,CM
,235560,Contig_554387.fasta,0.0011005856841328396,0.0,0.30713084284169123,CM
,235560,Contig_621002.fasta,0.013235198162806588,3.0858709608446115e-05,0.4518723699365684,CM
,235560,Contig_1271583.fasta,0.023150437876381564,0.00010248571349515332,0.47073826868140495,CM
,235560,Contig_54680.fasta,0.015115908762618216,4.493827574784247e-05,0.45539059763437134,CM
,235560,Contig_53390.fasta,0.022941405897381004,0.00010652022032806157,0.47168733777148847,CM
,235560,Contig_56162.fasta,0.02111734200069364,8.954903796513197e-05,0.47097517772452596,CM
,235560,Contig_2576.fasta,0.007300071708949647,9.563675289491953e-06,0.43225296911715155,CM
,235560,Contig_795410.fasta,0.014257514261462264,3.789141699184578e-05,0.4562787314181536,CM
,235560,Contig_552102.fasta,0.0024514379139966317,8.011436891477e-07,0.36541494655940376,CM
,235560,Contig_542414.fasta,0.006917343830890056,6.982104624367433e-06,0.4236431317965745,CM
,235560,Contig_58376.fasta,0.016869659236180598,5.850250791403293e-05,0.464200237171941,CM
,235560,Contig_1062568.fasta,0.020042440329262057,7.463808395610349e-05,0.46721301954000655,CM
,235560,Contig_991597.fasta,0.00893138651683541,1.3234511111920403e-05,0.4377117297187245,CM
,235560,Contig_542451.fasta,0.017602495105626746,5.918585434658439e-05,0.4637401774720679,CM
,235560,Contig_369777.fasta,0.0025040940386991417,6.105666047673677e-07,0.36699124632887575,CM
,235560,Contig_543886.fasta,0.02181678677835774,9.548694950571837e-05,0.46861676421564,CM
,235560,Contig_371149.fasta,0.024182154593904475,0.00011888808075969887,0.47407683796283334,CM
,235560,Contig_987903.fasta,0.022173393644813508,9.963899838210512e-05,0.470501597857533,CM
,235560,Contig_135856.fasta,0.015443580106040801,4.66508058497619e-05,0.46009227047130435,CM
,235560,Contig_985989.fasta,0.024229599331850947,0.0001175658891662906,0.4735970031065957,CM
,235560,Contig_1993.fasta,0.004865894894676417,2.6550792562931263e-06,0.4011263086749392,CM
,235560,Contig_1061935.fasta,0.008209946169095955,1.1658313993450246e-05,0.4314558221017211,CM
,235560,Contig_24577161.fasta,0.02651866859387458,0.0001423271222119663,0.47673340710067913,CM
,235560,Contig_308454.fasta,0.025282948293485,0.00013651503013077312,0.47673340710067913,CM
,235560,Contig_1066423.fasta,0.022270142795083485,9.759839573598997e-05,0.470501597857533,CM
,235560,Contig_498288.fasta,0.020268604042664635,7.978416225248954e-05,0.4681479130258295,CM
,235560,Contig_544629.fasta,0.0023002352929919886,6.867594373535403e-07,0.35515281902794427,CM
,235560,Contig_131958.fasta,0.0,0.0,0.0,CM
,235560,Contig_60849.fasta,0.025412774340083003,0.00013556457364950368,0.47624818225884635,CM
,235560,Contig_57263.fasta,0.016412479573810108,5.458709338742496e-05,0.46054511719420915,CM
,235560,Contig_54725.fasta,0.021573343919106702,8.802820863638947e-05,0.46791383906931655,CM
,235560,Contig_62.fasta,0.001298317914442844,0.0,0.32595878723045385,CM
,235560,Contig_27.fasta,0.007726966230829508,9.157177166859375e-06,0.421924110973234,CM
,235560,Contig_57082.fasta,0.015153940352589544,4.4439754750336386e-05,0.4571703361693371,CM
,235560,Contig_499069.fasta,0.017254070923701487,6.0234059254117915e-05,0.4619090217860973,CM
,235560,Contig_24566202.fasta,0.010540575351795752,2.06827414658625e-05,0.4428905244385391,CM
,235560,Contig_58991.fasta,0.013611727030285575,3.15632124187387e-05,0.45035018197239324,CM
,235560,Contig_55008.fasta,0.018875705846648876,7.295680729935158e-05,0.466746971640216,CM
,235560,Contig_420468.fasta,0.02007136140950267,8.091678605196341e-05,0.4674463926766399,CM
,235560,Contig_550444.fasta,0.024356993538797358,0.00011892201070784779,0.47383679905753573,CM
,235560,Contig_554267.fasta,0.019448182469929583,7.669793279637741e-05,0.4665142961807742,CM
,235560,Contig_498701.fasta,0.010295712166547196,1.9178499594212322e-05,0.44059683528184235,CM
,235560,Contig_985894.fasta,0.015379063646040416,4.394026945762087e-05,0.4573937820814434,CM
,235560,Contig_54008.fasta,0.021126204750747533,8.933743109707976e-05,0.4700289694317595,CM
,235560,Contig_544318.fasta,0.0012763395720947492,0.0,0.3222547101028351,CM
,235560,Contig_705467.fasta,0.0,0.0,0.0,CM
,235560,Contig_54461.fasta,0.013820383468094239,3.998305972803312e-05,0.4547267629439422,CM
,235560,Contig_370355.fasta,0.02105271923518136,8.968339293418314e-05,0.46908655545796146,CM
,235560,Contig_993069.fasta,0.023314073052277912,0.00010777008484493482,0.4721633088489572,CM
,235560,Contig_994211.fasta,0.029914819748620536,0.00017977225750736894,0.4794199170792178,CM
,235560,Contig_60682.fasta,0.010999897550441572,2.094266754602826e-05,0.44310022639139823,CM
,235560,Contig_131793.fasta,0.013200197190039283,3.1509761414499585e-05,0.4542852806498219,CM
,235560,Contig_136283.fasta,0.023371500676100547,0.00010713196043148304,0.471925203297344,CM
,235560,Contig_1062059.fasta,0.018658548029539222,6.735834620062248e-05,0.46489204080408997,CM
,235560,Contig_499445.fasta,0.005537781937068952,4.534009984275743e-06,0.41045073602571625,CM
,235560,Contig_1062488.fasta,0.01532276139919114,4.161945192681775e-05,0.45694710846612946,CM
,235560,Contig_307035.fasta,0.016460407993168776,5.032327177528081e-05,0.457617446522559,CM
,235560,Contig_137283.fasta,0.0024287267116772393,6.748478687832096e-07,0.36356941652627545,CM
,235560,Contig_137617.fasta,0.024724008656155472,0.00012261068020756174,0.4745576461149255,CM
,235560,Contig_794674.fasta,0.0,0.0,0.0,CM
,235560,Contig_135234.fasta,0.020806032171026192,8.701786469899791e-05,0.46838222129060714,CM
,235560,Contig_369513.fasta,0.005303720391192343,5.959622320000451e-06,0.4075904521509726,CM
,235560,Contig_498784.fasta,0.01613687561712562,4.743317376705865e-05,0.4582897542304766,CM
,235560,Contig_542670.fasta,0.001228817664757146,0.0,0.31841703917612557,CM
,235560,Contig_62635.fasta,0.023220778775683407,0.00011133861314590316,0.473357449741342,CM
,235560,Contig_136944.fasta,0.015097205076533587,4.8875695322498176e-05,0.46077187500671246,CM
,235560,Contig_501322.fasta,0.001022618372941072,0.0,0.2994648570043626,CM
,235560,Contig_55419.fasta,0.018765330781460098,6.577740641930407e-05,0.46351048941982814,CM
,235560,Contig_55334.fasta,0.016420925485131764,5.374354937134142e-05,0.4616811436303074,CM
,235560,Contig_139851.fasta,0.022884085263746638,0.00010040574652628903,0.47073826868140495,CM
,235560,Contig_5146.fasta,0.006878815209808467,8.21851480680075e-06,0.4236431317965745,CM
,235560,Contig_139057.fasta,0.025069176910411252,0.0001272818120582194,0.4743171201919073,CM
,235560,Contig_133009.fasta,0.0012577298286214162,0.0,0.3211488257167581,CM
,235560,Contig_371892.fasta,0.010508677320010313,2.080763553062019e-05,0.4422626078159892,CM
,235560,Contig_53661.fasta,0.014073543273737936,3.733404297165776e-05,0.45494782602753187,CM
,235560,Contig_135135.fasta,0.0020676345295850386,5.518358081517315e-07,0.3426685016985108,CM
,235560,Contig_707468.fasta,0.0023057143636641617,4.2501604223499025e-07,0.35461450478917506,CM
,235560,Contig_623155.fasta,0.022323483583186653,9.617143893496448e-05,0.46932180448276484,CM
,235560,Contig_426668.fasta,0.01849634257896283,6.445124555671196e-05,0.4619090217860973,CM
,235560,Contig_987025.fasta,0.012028774181914158,2.7204396987912178e-05,0.4488382149345962,CM
,235560,Contig_499011.fasta,0.015864396511824135,5.2570509798208713e-05,0.4603185824587472,CM
,235560,Contig_501860.fasta,0.017544935111459308,6.11135464012163e-05,0.4639700932764666,CM
,235560,Contig_993478.fasta,0.024221220594163786,0.00012120674343041616,0.4743171201919073,CM
,235560,Contig_57792.fasta,0.020693675216796072,8.66508131074706e-05,0.46932180448276484,CM
,235560,Contig_55876.fasta,0.014029329319666245,3.802277094353041e-05,0.4534048828191052,CM
,235560,Contig_420410.fasta,0.002596245476415208,9.140779417341753e-07,0.37418139869597483,CM
,235560,Contig_548202.fasta,0.009633345958813195,1.6759669876267016e-05,0.44018235095890546,CM
,235560,Contig_54035.fasta,0.015341646318419569,4.413894255292965e-05,0.45806543227539553,CM
,235560,Contig_56306.fasta,0.007094500302081039,6.7501014106683715e-06,0.4224955657510759,CM
,235560,Contig_138787.fasta,0.02445311226679096,0.00012583149243847226,0.4755221941761347,CM
,235560,Contig_367974.fasta,0.004693259843376703,3.543417670572772e-06,0.40250652823167016,CM
,235560,Contig_370972.fasta,0.011296520993235186,2.3367568602566583e-05,0.44247171543197783,CM
,235560,Contig_550249.fasta,0.025299381335541445,0.00012796942871555014,0.4750394305272249,CM
,235560,Contig_2122.fasta,0.004319394750999096,2.4973836922610976e-06,0.3925451670044602,CM
,235560,Contig_1211.fasta,0.010817259148069767,2.146653973705571e-05,0.44648267086766846,CM
,235560,Contig_990613.fasta,0.016511541028045293,5.520638017579972e-05,0.46077187500671246,CM
,235560,Contig_59466.fasta,0.02431912012788899,0.0001195675495506666,0.47383679905753573,CM
,235560,Contig_53438.fasta,0.02271759074739173,9.953069774793807e-05,0.47097517772452596,CM
,235560,Contig_61874.fasta,0.019785711523720936,7.600844241086704e-05,0.46535438992473055,CM
,235560,Contig_24570409.fasta,0.015026966994920298,4.5966879670906565e-05,0.4589640402837828,CM
,235560,Contig_134391.fasta,0.020660323055364634,8.426052417822477e-05,0.4665142961807742,CM
,235560,Contig_368022.fasta,0.013135124847305555,3.116367243253294e-05,0.4507840453461624,CM
,235560,Contig_550148.fasta,0.009345283485571574,1.4447211571982599e-05,0.43526868750634096,CM
,235560,Contig_498565.fasta,0.00621033504746692,5.2565633819750694e-06,0.4190898692962978,CM
,235560,Contig_132580.fasta,0.00649266677442652,6.650208841148521e-06,0.4183404908979138,CM
,235560,Contig_987514.fasta,0.012832532097784849,3.458926404674335e-05,0.4534048828191052,CM
,235560,Contig_132151.fasta,0.006021412438143694,6.840869774799418e-06,0.42211442405892335,CM
,235560,Contig_544515.fasta,0.0,0.0,0.0,CM
,235560,Contig_988369.fasta,0.015120240401584054,4.005744219086308e-05,0.45406486081447506,CM
,235560,Contig_993621.fasta,0.020887627322945426,8.701123928664402e-05,0.46932180448276484,CM
,235560,Contig_139909.fasta,0.013069146682597621,3.079789908102948e-05,0.4527468205798902,CM
,235560,Contig_134896.fasta,0.02224706817419888,9.255991230148862e-05,0.4688515421536238,CM
,235560,Contig_1065651.fasta,0.021911737909327808,9.372422231873235e-05,0.46979301111377164,CM
,235560,Contig_55852.fasta,0.020585051003316507,8.232776472673346e-05,0.46767999906978164,CM
,235560,Contig_370760.fasta,0.016689934562687768,5.350768600715246e-05,0.4609988562259276,CM
,235560,Contig_704052.fasta,0.011910322130165657,3.081012102368876e-05,0.4518723699365684,CM
,235560,Contig_1062304.fasta,0.0059529276810383735,4.957845054375371e-06,0.41740752816174537,CM
,235560,Contig_368958.fasta,0.01256447824149049,2.9565703535459486e-05,0.44797878321619583,CM
,235560,Contig_1065614.fasta,0.019806475938890598,8.237169008483502e-05,0.4681479130258295,CM
,235560,Contig_58988.fasta,0.017274658749688625,5.739260087041233e-05,0.4609988562259276,CM
,235560,Contig_53501.fasta,0.010599626732073581,1.9752349032807048e-05,0.441428150065393,CM
,235560,Contig_53993.fasta,0.006636148450017579,7.898858581789122e-06,0.41946556617598973,CM
,235560,Contig_423707.fasta,0.010713544231767853,2.1122686192864054e-05,0.44436262019878114,CM
,235560,Contig_421471.fasta,0.012053453704151068,2.746888071969908e-05,0.4505670092145561,CM
,235560,Contig_61908.fasta,0.013554143406605124,3.878886899903383e-05,0.45384465477140307,CM
,235560,Contig_369636.fasta,0.010155458156684043,1.9925029184082668e-05,0.4399754010994984,CM
,235560,Contig_132893.fasta,0.021719761998619507,9.466931107160517e-05,0.46908655545796146,CM
,235560,Contig_54779.fasta,0.013727639144413165,3.632621863558088e-05,0.45384465477140307,CM
,235560,Contig_132095.fasta,0.018327912377482956,6.671433773717652e-05,0.4644306094980809,CM
,235560,Contig_499035.fasta,0.017595263808826072,6.496003520908816e-05,0.46466121059515053,CM
,235560,Contig_542555.fasta,0.002417830947852762,6.667691494504872e-07,0.36371071828162965,CM
,235560,Contig_134585.fasta,0.0034171423588654787,1.302653987693674e-06,0.3830649521648109,CM
,235560,Contig_501844.fasta,0.015373162119442585,4.36879085830937e-05,0.457617446522559,CM
,235560,Contig_139875.fasta,0.024349825866887585,0.00011720726148765862,0.47287906929693435,CM
,235560,Contig_139036.fasta,0.0012979275619723644,0.0,0.32641356056457377,CM
,235560,Contig_703292.fasta,0.014452766663358598,3.88620726901399e-05,0.4562787314181536,CM
,235560,Contig_993718.fasta,0.02348172455038859,0.00011135108799774197,0.47287906929693435,CM
,235560,Contig_550719.fasta,0.015266922074840874,4.525445172030392e-05,0.45873905791109465,CM
,235560,Contig_53600.fasta,0.02099288982134309,8.670109686275342e-05,0.4688515421536238,CM
,235560,Contig_54784.fasta,0.011344015769682345,2.4988386834556766e-05,0.4456322276850634,CM
,235560,Contig_137925.fasta,0.009172865746961436,1.6540863396264708e-05,0.4379165550484947,CM
,235560,Contig_498371.fasta,0.0,0.0,0.0,CM
,235560,Contig_369572.fasta,0.0222616537021289,9.702614518807076e-05,0.470501597857533,CM
,235560,Contig_709936.fasta,0.018766479714748957,6.73564387637384e-05,0.46489204080408997,CM
,235560,Contig_370309.fasta,0.014028215879533101,3.686452933502529e-05,0.4520906657674556,CM
,235560,Contig_555617.fasta,0.0,0.0,0.0,CM
,235560,Contig_985297.fasta,0.018013501493189706,7.025225117082316e-05,0.46558590952170803,CM
,235560,Contig_369793.fasta,0.01983312567059141,7.514718609798945e-05,0.46558590952170803,CM
,235560,Contig_502640.fasta,0.018480544695092374,6.52235417429103e-05,0.464200237171941,CM
,235560,Contig_58743.fasta,0.025353528083278083,0.00013093264471561718,0.47528068976060595,CM
,235560,Contig_134420.fasta,0.013991792914425476,3.669353090533054e-05,0.45450591458894274,CM
,235560,Contig_131697.fasta,0.012516634397305302,3.245169150347152e-05,0.4516542848159426,CM
,235560,Contig_986689.fasta,0.01976247761432131,7.758787633152207e-05,0.46721301954000655,CM
,235560,Contig_306288.fasta,0.024028381436985036,0.00011181007189312309,0.471925203297344,CM
,235560,Contig_53836.fasta,0.009432913588318192,1.846285818870359e-05,0.43935571743597795,CM
,235560,Contig_544688.fasta,0.012539877792930369,3.131809978741799e-05,0.44862304800509734,CM
,235560,Contig_56656.fasta,0.0207973627193435,8.73322223117719e-05,0.46838222129060714,CM
,235560,Contig_54598.fasta,0.023838096545679456,0.00011236876947171389,0.4724016547898198,CM
,235560,Contig_546991.fasta,0.002312848331610154,6.1142496433742e-07,0.3547489303027419,CM
,235560,Contig_134764.fasta,0.022774712319544796,0.00010255124980641096,0.471925203297344,CM
,235560,Contig_542365.fasta,0.0023351114425935564,5.975058052103026e-07,0.35896727201328466,CM
,235560,Contig_139193.fasta,0.0,0.0,0.0,CM
,235560,Contig_207429.fasta,0.011517955067920704,2.203093597749271e-05,0.4437305254332068,CM
,235560,Contig_139542.fasta,0.0070659788737587005,9.645243636014873e-06,0.4255696580894193,CM
,235560,Contig_1122224.fasta,0.0,0.0,0.0,CM
,235560,Contig_656.fasta,0.0012763395720947492,0.0,0.3222547101028351,CM
,235560,Contig_53374.fasta,0.022093574201232456,0.00010188415463751188,0.4714497119086313,CM
,235560,Contig_56557.fasta,0.021973990240912317,0.00010082011449177827,0.47097517772452596,CM
,235560,Contig_308360.fasta,0.02543745663054533,0.000127613618486059,0.4743171201919073,CM
,235560,Contig_1064061.fasta,0.008793785175792927,1.2468650889514798e-05,0.43547123226553425,CM
,235560,Contig_53464.fasta,0.023038475049213237,0.00010227821433961702,0.47026516489378545,CM
,235560,Contig_56696.fasta,0.01940487411837861,7.294296006578775e-05,0.4632810287815015,CM
,235560,Contig_1061954.fasta,0.020102603083847266,8.405356966897648e-05,0.46932180448276484,CM
,235560,Contig_2616.fasta,0.0,0.0,0.0,CM
,235560,Contig_499913.fasta,0.024347040440701264,0.00011488046569601834,0.47287906929693435,CM
,235560,Contig_60703.fasta,0.01894310244917138,6.481322140528281e-05,0.464200237171941,CM
,235560,Contig_542430.fasta,0.02236069843943872,9.780379286700404e-05,0.47097517772452596,CM
,235560,Contig_131612.fasta,0.011921629453158849,2.5064740122053775e-05,0.44905358835826925,CM
,235560,Contig_133564.fasta,0.020768531187579757,8.55445197456452e-05,0.46861676421564,CM
,235560,Contig_550250.fasta,0.0,0.0,0.0,CM
,235560,Contig_131657.fasta,0.013149266441283928,3.294945609447357e-05,0.4523091726141291,CM
,235560,Contig_500964.fasta,0.023125547650009237,0.00010272977645112814,0.470501597857533,CM
,235560,Contig_933392.fasta,0.009791704390705884,1.969795410588862e-05,0.4437305254332068,CM
,235560,Contig_54659.fasta,0.008305016959245551,1.49533068562936e-05,0.4358768878149199,CM
,235560,Contig_61746.fasta,0.007360565929900367,9.309046220944707e-06,0.4316548330897754,CM
,235560,Contig_53765.fasta,0.00926891526980928,1.8027535625569504e-05,0.4410121009135877,CM
,235560,Contig_138153.fasta,0.020762844616548096,8.669974424231024e-05,0.4688515421536238,CM
,235560,Contig_56940.fasta,0.01885851674627835,7.488474567740757e-05,0.46791383906931655,CM
,235560,Contig_54275.fasta,0.0195305054805494,7.122400855297935e-05,0.46351048941982814,CM
,235560,Contig_542488.fasta,0.0,0.0,0.0,CM
,235560,Contig_367990.fasta,0.015171075628353247,4.357235623331672e-05,0.4562787314181536,CM
,235560,Contig_555859.fasta,0.012667628727598548,2.8941153776040715e-05,0.449484955878306,CM
,235560,Contig_993581.fasta,0.0091851548645965,1.4196577335933492e-05,0.43506633107328363,CM
,235560,Contig_547586.fasta,0.0046567073301363275,2.518105249019111e-06,0.4009544465032704,CM
,235560,Contig_428255.fasta,0.0010714176282348431,0.0,0.3037415378573947,CM
,235560,Contig_131556.fasta,0.01689777338380271,5.4380507562276935e-05,0.4609988562259276,CM
,235560,Contig_303047.fasta,0.007588126221886821,9.90313264928055e-06,0.43305306716271774,CM
,235560,Contig_368885.fasta,0.011908210931502034,2.9296700779090785e-05,0.4516542848159426,CM
,235560,Contig_59053.fasta,0.011647557978038691,2.6483952571473625e-05,0.44648267086766846,CM
,235560,Contig_551912.fasta,0.008245848586564833,1.2132704502776224e-05,0.4340573646283085,CM
,235560,Contig_554772.fasta,0.012262947885184337,2.7607309168975572e-05,0.44905358835826925,CM
,235560,Contig_544264.fasta,0.0011333997539781301,0.0,0.3104935892961623,CM
,235560,Contig_934117.fasta,0.015159011392305403,4.688392478286006e-05,0.46054511719420915,CM
,235560,Contig_545454.fasta,0.014393645692172637,4.4151207671404986e-05,0.4582897542304766,CM
,235560,Contig_368262.fasta,0.0037630417127399152,2.432960356675024e-06,0.3940327065846876,CM
,235560,Contig_61277.fasta,0.007134612658100322,1.2449223790327162e-05,0.4342587833589945,CM
,235560,Contig_302677.fasta,0.008055868802854398,1.2713912249011132e-05,0.43285276509650006,CM
,235560,Contig_554901.fasta,0.002251847428153197,7.587584830640018e-07,0.3547489303027419,CM
,235560,Contig_305322.fasta,0.007009306705456453,1.005395307761732e-05,0.4277091764801797,CM
,235560,Contig_544883.fasta,0.0,0.0,0.0,CM
,235560,Contig_135194.fasta,0.018932073708417894,6.82005605216933e-05,0.46466121059515053,CM
,235560,Contig_56818.fasta,0.01075029101641191,2.420094497086093e-05,0.44776443930078136,CM
,235560,Contig_498461.fasta,0.01605834043191271,5.0585864779347176e-05,0.45873905791109465,CM
,235560,Contig_543101.fasta,0.002251847428153197,7.587584830640018e-07,0.3547489303027419,CM
,235560,Contig_421823.fasta,0.009478204406406648,1.609510479073024e-05,0.4381215721622814,CM
,235560,Contig_135268.fasta,0.01169718945226657,2.3018928985176686e-05,0.44542012286465166,CM
,235560,Contig_1064205.fasta,0.022952661932407307,0.00010101070063069982,0.46932180448276484,CM
,235560,Contig_54445.fasta,0.01528602729003767,4.428725360540305e-05,0.45806543227539553,CM
,235560,Contig_549637.fasta,0.0,0.0,0.0,CM
,235560,Contig_55400.fasta,0.012136089633432677,2.7081358432598635e-05,0.4492691685735156,CM
,235560,Contig_625718.fasta,0.02453690032210471,0.00011826102697622546,0.47407683796283334,CM
,235560,Contig_801021.fasta,0.0,0.0,0.0,CM
,235560,Contig_1062339.fasta,0.0024859179312490794,6.654883739418346e-07,0.36427702535563766,CM
,235560,Contig_306355.fasta,0.009598017243225844,1.6251868243352273e-05,0.4395620846118521,CM
,235560,Contig_428764.fasta,0.019337313296572792,6.93606520202376e-05,0.4662818525852681,CM
,235560,Contig_369126.fasta,0.0035430219001480047,1.7941759003916544e-06,0.3870255079150674,CM
,235560,Contig_302533.fasta,0.017947787630375123,6.194666698775425e-05,0.4637401774720679,CM
,235560,Contig_1315.fasta,0.011217741219703476,2.162793771932716e-05,0.44733636622305595,CM
,235560,Contig_992309.fasta,0.009400720151346426,1.4969136769514039e-05,0.4362832998315306,CM
,235560,Contig_425542.fasta,0.018453095168186957,6.83171142964677e-05,0.46558590952170803,CM
,235560,Contig_498295.fasta,0.020267966113093245,8.154837315185964e-05,0.46791383906931655,CM
,235560,Contig_54108.fasta,0.007330349459315188,9.149982525360904e-06,0.4310583501329494,CM
,235560,Contig_796850.fasta,0.02344837849917554,0.00010923870731458649,0.473357449741342,CM
,235560,Contig_58097.fasta,0.015174706806544432,4.3402495921850706e-05,0.45539059763437134,CM
,235560,Contig_984994.fasta,0.0034836320910116947,1.8627179297091638e-06,0.3835359336633742,CM
,235560,Contig_932851.fasta,0.022275409982783094,9.917082266484273e-05,0.4712123253467438,CM
,235560,Contig_60483.fasta,0.01438406101247596,4.161238549360082e-05,0.4571703361693371,CM
,235560,Contig_542409.fasta,0.004529082748741072,3.383156922043993e-06,0.40009733994811164,CM
,235560,Contig_628830.fasta,0.01787838520150745,6.684485459641308e-05,0.4637401774720679,CM
,235560,Contig_993268.fasta,0.013360276107738428,3.4251413053768185e-05,0.4547267629439422,CM
,235560,Contig_53370.fasta,0.004973280421641923,3.6157175917395634e-06,0.4063515753967143,CM
,235560,Contig_4880.fasta,0.012542812795513628,3.219254454237924e-05,0.4507840453461624,CM
,235560,Contig_368303.fasta,0.024114500370951565,0.00011486587729600035,0.4726402414841581,CM
,235560,Contig_133134.fasta,0.0042487682086677775,2.642590161594159e-06,0.3922161266297708,CM
,235560,Contig_1973.fasta,0.0071795005856635915,9.583305255473753e-06,0.4281004932015705,CM
,235560,Contig_371210.fasta,0.017033006468090025,5.320953909664543e-05,0.4616811436303074,CM
,235560,Contig_1062001.fasta,0.01993827865359882,7.47670792821873e-05,0.466746971640216,CM
,235560,Contig_1064554.fasta,0.011203410150874723,2.3354277280381883e-05,0.4439410237849303,CM
,235560,Contig_498458.fasta,0.005895216207166689,5.361710758122779e-06,0.4144498131703424,CM
,235560,Contig_56821.fasta,0.011442399054461877,2.5188272129797683e-05,0.44542012286465166,CM
,235560,Contig_53604.fasta,0.006300645854509636,6.415932106174496e-06,0.41335144794109235,CM
,235560,Contig_201321.fasta,0.014714933844889441,4.5559611823525255e-05,0.45694710846612946,CM
,235560,Contig_136127.fasta,0.02091048128974843,8.555613329282829e-05,0.46791383906931655,CM
,235560,Contig_1268205.fasta,0.005920538208269058,5.445038460681783e-06,0.4187148448047575,CM
,235560,Contig_56363.fasta,0.014192633353740908,3.5549778357506786e-05,0.45362466220971065,CM
,235560,Contig_138376.fasta,0.01535599901658326,4.874167776172513e-05,0.46009227047130435,CM
,235560,Contig_54813.fasta,0.01914545364601888,6.388224599808794e-05,0.4630517952195117,CM
,235560,Contig_56326.fasta,0.004742458111110643,2.6711971918977283e-06,0.3989035286183432,CM
,235560,Contig_213640.fasta,0.023581572170550808,0.00011746905558525128,0.47528068976060595,CM
,235560,Contig_59276.fasta,0.004708918004483396,4.0107146840693575e-06,0.4079458056402062,CM
,235560,Contig_622130.fasta,0.008231740789953713,1.2202521546272012e-05,0.4340573646283085,CM
,235560,Contig_550374.fasta,0.0022120136793341567,4.251350754005489e-07,0.35421183881098905,CM
,235560,Contig_542514.fasta,0.013016499500354585,3.187446159202751e-05,0.45406486081447506,CM
,235560,Contig_1270443.fasta,0.0,0.0,0.0,CM
,235560,Contig_859.fasta,0.010502163666806615,2.0211227253855582e-05,0.4428905244385391,CM
,235560,Contig_133315.fasta,0.02008799992291782,7.892590653329665e-05,0.46721301954000655,CM
,235560,Contig_1258190.fasta,0.01976649029236029,7.790008829404238e-05,0.46721301954000655,CM
,235560,Contig_62690.fasta,0.02118803284156769,8.874601306889966e-05,0.46932180448276484,CM
,235560,Contig_137536.fasta,0.016175554436904865,5.232990927811312e-05,0.4596403134276194,CM
,235560,Contig_302537.fasta,0.00970287924044944,1.5530920853571024e-05,0.43832678132957054,CM
,235560,Contig_61137.fasta,0.02022292907663584,7.897757603601285e-05,0.4674463926766399,CM
,235560,Contig_53538.fasta,0.010407039077297838,2.1666845313583673e-05,0.44163646915461685,CM
,235560,Contig_42.fasta,0.0,0.0,0.0,CM
,235560,Contig_421320.fasta,0.002443534448556214,5.211901627210883e-07,0.36034951025746365,CM
,235560,Contig_53681.fasta,0.006132988814064684,5.182257692971616e-06,0.4170355071919042,CM
,235560,Contig_542529.fasta,0.0012236834473922395,0.0,0.31841703917612557,CM
,235560,Contig_4.fasta,0.010329963390133156,2.1320042389271142e-05,0.4418449849568617,CM
,235560,Contig_703687.fasta,0.013583009238270733,3.580966680246839e-05,0.4520906657674556,CM
,235560,Contig_501838.fasta,0.019443889349546436,6.984724727789685e-05,0.4639700932764666,CM
,235560,Contig_304363.fasta,0.007308546664154333,1.027085503850369e-05,0.42888527870698123,CM
,235560,Contig_1124279.fasta,0.01752968516339237,5.6805388862985306e-05,0.45986618090350523,CM
,235560,Contig_371458.fasta,0.024282585065763737,0.00011917235291617078,0.47479841610280726,CM
,235560,Contig_371089.fasta,0.024147842468410403,0.00011069276984759278,0.47168733777148847,CM
,235560,Contig_502049.fasta,0.0,0.0,0.0,CM
,235560,Contig_54896.fasta,0.0072193957078243885,9.458651407534193e-06,0.4269286852822231,CM
,235560,Contig_308594.fasta,0.021750416441120152,9.010696326044157e-05,0.4681479130258295,CM
,235560,Contig_421862.fasta,0.0,0.0,0.0,CM
,235560,Contig_704447.fasta,0.005737552553241891,5.69988799179832e-06,0.41153371949807965,CM
,235560,Contig_542628.fasta,0.010754339748266728,2.2320555789285193e-05,0.4462697559077888,CM
,235560,Contig_1062711.fasta,0.013294267894984876,3.256872314293493e-05,0.4516542848159426,CM
,235560,Contig_56142.fasta,0.006046858338630115,6.20400485933659e-06,0.4172214347474958,CM
,235560,Contig_930489.fasta,0.002418221300323242,5.409737789397843e-07,0.36456084072404876,CM
,235560,Contig_139157.fasta,0.018554929851829056,6.247585892255537e-05,0.4621371250067324,CM
,235560,Contig_499578.fasta,0.0008563247294152662,0.0,0.2857489093553078,CM
,235560,Contig_991222.fasta,0.008628876863301601,1.3683927681051785e-05,0.43935571743597795,CM
,235560,Contig_55519.fasta,0.0,0.0,0.0,CM
,235560,Contig_371268.fasta,0.020443131227039373,7.682744293855355e-05,0.464200237171941,CM
,235560,Contig_502154.fasta,0.02345186093357157,0.00010649534510653312,0.4721633088489572,CM
,235560,Contig_61443.fasta,0.009022413632466222,1.5609523326194925e-05,0.4368943408677092,CM
,235560,Contig_546955.fasta,0.006845233517461265,7.042720357362575e-06,0.4187148448047575,CM
,235560,Contig_137801.fasta,0.015916909607176895,4.76631585341672e-05,0.4578413298134213,CM
,235560,Contig_53460.fasta,0.01574232462425786,5.249452409357309e-05,0.4619090217860973,CM
,235560,Contig_213008.fasta,0.02550652868607592,0.00012323268637330718,0.47407683796283334,CM
,235560,Contig_421555.fasta,0.011789141498405296,2.5517638020713935e-05,0.44797878321619583,CM
,235560,Contig_549796.fasta,0.0012277544666043922,0.0,0.31939511199270754,CM
,235560,Contig_368839.fasta,0.025323348545347592,0.00012703984992686127,0.47407683796283334,CM
,235560,Contig_55135.fasta,0.021483258044483564,8.917174019938605e-05,0.466746971640216,CM
,235560,Contig_62471.fasta,0.019666832027065602,7.17442981858601e-05,0.4644306094980809,CM
,235560,Contig_55618.fasta,0.016972011768497487,5.4113050848196586e-05,0.46054511719420915,CM
,235560,Contig_210082.fasta,0.015073695356671201,3.921754647510364e-05,0.453185316289895,CM
,235560,Contig_24578817.fasta,0.0,0.0,0.0,CM
,235560,Contig_54618.fasta,0.009372853021731837,1.6577146889288714e-05,0.4368943408677092,CM
,235560,Contig_988525.fasta,0.024339482027865074,0.00011617900446801873,0.4735970031065957,CM
,235560,Contig_987358.fasta,0.012549343627714002,3.2973073361168266e-05,0.4507840453461624,CM
,235560,Contig_420491.fasta,0.0,0.0,0.0,CM
,235560,Contig_306388.fasta,0.0,0.0,0.0,CM
,235560,Contig_133758.fasta,0.013991343638769409,3.643965757866419e-05,0.453185316289895,CM
,235560,Contig_1258149.fasta,0.01889564863605176,7.067741534107066e-05,0.466746971640216,CM
,235560,Contig_303939.fasta,0.016361503786024755,4.83420695021709e-05,0.4585142960012901,CM
,235560,Contig_139743.fasta,0.020937476802509795,9.055112726002032e-05,0.47026516489378545,CM
,235560,Contig_499329.fasta,0.015475104802674656,4.98648496493566e-05,0.4582897542304766,CM
,235560,Contig_55465.fasta,0.002264885568991531,6.155770933019492e-07,0.35515281902794427,CM
,235560,Contig_545474.fasta,0.0010860821063497581,0.0,0.3047306018035275,CM
,235560,Contig_60212.fasta,0.017297536391563055,5.52099103856915e-05,0.4609988562259276,CM
,235560,Contig_306074.fasta,0.02393446578765188,0.00011883963016169615,0.473357449741342,CM
,235560,Contig_502705.fasta,0.007036460044092688,8.142626398450927e-06,0.42268639482323084,CM
,235560,Contig_302612.fasta,0.014074565787422697,3.803496962051824e-05,0.4571703361693371,CM
,235560,Contig_56457.fasta,0.022152654527488037,9.719529974559916e-05,0.47026516489378545,CM
,235560,Contig_554999.fasta,0.001298317914442844,0.0,0.32595878723045385,CM
,235560,Contig_56086.fasta,0.008064244772122293,1.3719758115634226e-05,0.43648679017660125,CM
,235560,Contig_543199.fasta,0.0025377388833607495,7.896504249346845e-07,0.3688717690731703,CM
,235560,Contig_23.fasta,0.009323079382924471,1.4498167127679154e-05,0.43935571743597795,CM
,235560,Contig_1064124.fasta,0.020303810989616807,7.996140809225137e-05,0.466746971640216,CM
,235560,Contig_133459.fasta,0.00804555385089396,1.1370398071567867e-05,0.4267340073591578,CM
,235560,Contig_370813.fasta,0.01762118034539695,6.0725077238273806e-05,0.4616811436303074,CM
,235560,Contig_803076.fasta,0.0010185179402441443,0.0,0.299656637252204,CM
,235560,Contig_304497.fasta,0.0023164455022165087,7.957240002768191e-07,0.3611839745807152,CM
,235560,Contig_55498.fasta,0.01178901589342277,2.6810013162691527e-05,0.4492691685735156,CM
,235560,Contig_60113.fasta,0.0212568981956767,8.55113757093454e-05,0.46721301954000655,CM
,235560,Contig_305805.fasta,0.0012236834473922395,0.0,0.31841703917612557,CM
,235560,Contig_302556.fasta,0.013377122650361246,3.156142068814111e-05,0.453185316289895,CM
,235560,Contig_61915.fasta,0.009189056210547327,1.4506926644540832e-05,0.4348641627038258,CM
,235560,Contig_134054.fasta,0.019322709841754677,8.081822025639836e-05,0.4688515421536238,CM
,235560,Contig_368736.fasta,0.02562669614902226,0.00012928841305013243,0.47528068976060595,CM
,235560,Contig_552143.fasta,0.02412842731635082,0.00011385507684504431,0.4714497119086313,CM
,235560,Contig_131677.fasta,0.015414918499024141,4.641717109669989e-05,0.4582897542304766,CM
,235560,Contig_500107.fasta,0.017327952034430993,5.390971980210135e-05,0.4594146677165602,CM
,235560,Contig_369773.fasta,0.022114686672738013,9.338221151964691e-05,0.4688515421536238,CM
,235560,Contig_553945.fasta,0.00534742488544325,4.796261143388506e-06,0.4081237148445849,CM
,235560,Contig_135011.fasta,0.00957036943239268,1.7207951943726825e-05,0.4381215721622814,CM
,235560,Contig_1064039.fasta,0.001241430703375311,0.0,0.31830873406075955,CM
,235560,Contig_987907.fasta,0.006999085356589838,8.559856211469277e-06,0.4232599177470073,CM
,235560,Contig_53369.fasta,0.0037269149986011193,1.6779948288441875e-06,0.39270989430912,CM
,235560,Contig_61766.fasta,0.010293717897670576,2.3034306889356206e-05,0.44478501812672677,CM
,235560,Contig_53444.fasta,0.013984261658103772,3.402160320854661e-05,0.4510012906692208,CM
,235560,Contig_988014.fasta,0.0,0.0,0.0,CM
,235560,Contig_53893.fasta,0.019774431148838898,8.159808812635046e-05,0.46908655545796146,CM
,235560,Contig_811026.fasta,0.006999439898993392,9.370497956765169e-06,0.42615103740374916,CM
,235560,Contig_548326.fasta,0.01689201828186622,5.4145449861280494e-05,0.4609988562259276,CM
,235560,Contig_166.fasta,0.0,0.0,0.0,CM
,235560,Contig_368472.fasta,0.018212988428483824,6.664273410786555e-05,0.4644306094980809,CM
,235560,Contig_131533.fasta,0.009296990615042907,1.4774307449175823e-05,0.43730265333580987,CM
,235560,Contig_713578.fasta,0.008210240963504633,1.2956717284796826e-05,0.433454227947491,CM
,235560,Contig_62754.fasta,0.019082889303866687,7.179477727308944e-05,0.46581765960111154,CM
,235560,Contig_499271.fasta,0.019679225177663393,7.194691594255457e-05,0.46558590952170803,CM
,235560,Contig_547132.fasta,0.019925634482870686,7.988341445495451e-05,0.4674463926766399,CM
,235560,Contig_542385.fasta,0.008159924351637553,1.4055262970914733e-05,0.4362832998315306,CM
,235560,Contig_1061989.fasta,0.00824627927758945,1.038376015592422e-05,0.43026559914419915,CM
,235560,Contig_137023.fasta,0.003614484236705004,1.9504411652759012e-06,0.38976579680909335,CM
,235560,Contig_626516.fasta,0.024441993407973428,0.00012118148116883968,0.47407683796283334,CM
,235560,Contig_990243.fasta,0.006001359693304484,6.9005403491957756e-06,0.4202189843460409,CM
,235560,Contig_59036.fasta,0.001180429799918354,0.0,0.31403613360356813,CM
,235560,Contig_1064338.fasta,0.0,0.0,0.0,CM
,235560,Contig_426325.fasta,0.0034702657719871658,1.1332971136323565e-06,0.3835359336633742,CM
,235560,Contig_1063105.fasta,0.005589640409194534,5.351181084363657e-06,0.4079458056402062,CM
,235560,Contig_132168.fasta,0.0009669580070191668,0.0,0.29400806727572515,CM
,235560,Contig_372283.fasta,0.01764469543985843,6.226000454822402e-05,0.464200237171941,CM
,235560,Contig_134478.fasta,0.0020456627708082256,4.595575075542593e-07,0.34005366211432886,CM
,235560,Contig_370234.fasta,0.022025177957472285,9.555964724151246e-05,0.46979301111377164,CM
,235560,Contig_801164.fasta,0.015963442035118534,5.5817194709559075e-05,0.46145349020642656,CM
,235560,Contig_53484.fasta,0.012761433564980352,3.025616816299221e-05,0.44776443930078136,CM
,235560,Contig_549737.fasta,0.0,0.0,0.0,CM
,235560,Contig_206708.fasta,0.018978809898565704,6.740584167917931e-05,0.46512310046651745,CM
,235560,Contig_54992.fasta,0.021274452774633534,9.514377255227131e-05,0.4712123253467438,CM
,235560,Contig_1580.fasta,0.015353902545940603,4.7724611390456965e-05,0.46054511719420915,CM
,235560,Contig_138626.fasta,0.019982412854511817,8.090552269820599e-05,0.4665142961807742,CM
,235560,Contig_302732.fasta,0.008056831123858701,1.1529136591502351e-05,0.4281004932015705,CM
,235560,Contig_544511.fasta,0.001022618372941072,0.0,0.2994648570043626,CM
,235560,Contig_987555.fasta,0.02189475390549947,0.00010083047820765209,0.4714497119086313,CM
,235560,Contig_132953.fasta,0.01464741992471276,4.66214761993446e-05,0.4591892434438828,CM
,235560,Contig_544554.fasta,0.0,0.0,0.0,CM
,235560,Contig_133584.fasta,0.016890582547637097,5.28965822684468e-05,0.4582897542304766,CM
,235560,Contig_57532.fasta,0.012529178647574779,2.9491710207412522e-05,0.44905358835826925,CM
,235560,Contig_420261.fasta,0.0023097655537419976,6.734822696037696e-07,0.35869209587529055,CM
,235560,Contig_371170.fasta,0.014136438565779778,3.760672452621613e-05,0.45694710846612946,CM
,235560,Contig_135069.fasta,0.001180429799918354,0.0,0.31403613360356813,CM
,235560,Contig_369063.fasta,0.010649420225138716,2.0837304448846376e-05,0.4439410237849303,CM
,235560,Contig_371618.fasta,0.0199214124314657,8.016600335892431e-05,0.4681479130258295,CM
,235560,Contig_555306.fasta,0.007201342391101897,9.562421488331327e-06,0.4265395069000151,CM
,235560,Contig_550560.fasta,0.015366246107527171,4.3933435208185395e-05,0.4571703361693371,CM
,235560,Contig_60835.fasta,0.002417830947852762,6.667691494504872e-07,0.36371071828162965,CM
,235560,Contig_542345.fasta,0.0031589226112474916,1.303424040132361e-06,0.3712128830379346,CM
,235560,Contig_61646.fasta,0.02528877969432801,0.00012709816727863305,0.4743171201919073,CM
,235560,Contig_498856.fasta,0.01321529591756284,3.229713374758677e-05,0.4516542848159426,CM
,235560,Contig_501062.fasta,0.022164608784007587,0.00010142868655481363,0.471925203297344,CM
,235560,Contig_368282.fasta,0.010614860808148835,1.8238500231548736e-05,0.4399754010994984,CM
,235560,Contig_428054.fasta,0.01793951724176113,6.418833309824719e-05,0.46282278839695007,CM
,235560,Contig_994290.fasta,0.008192858273566837,9.68210062577819e-06,0.42888527870698123,CM
,235560,Contig_499481.fasta,0.019164410857192567,6.390265387089491e-05,0.46282278839695007,CM
,235560,Contig_542530.fasta,0.0,0.0,0.0,CM
,235560,Contig_371705.fasta,0.007315036526124767,9.422145794750076e-06,0.4304635134032351,CM
,235560,Contig_53599.fasta,0.020503832213732903,8.661375747763145e-05,0.46838222129060714,CM
,235560,Contig_985013.fasta,0.019756914590522257,7.773589575325839e-05,0.4681479130258295,CM
,235560,Contig_992481.fasta,0.00432958642113509,3.018579054016516e-06,0.39074224556936665,CM
,235560,Contig_135275.fasta,0.025390839943046317,0.00012641790745751517,0.4743171201919073,CM
,235560,Contig_931634.fasta,0.018757664562969515,6.74408562020385e-05,0.46512310046651745,CM
,235560,Contig_61990.fasta,0.022645863323790035,0.00010309876380563226,0.4714497119086313,CM
,235560,Contig_134230.fasta,0.008268476306012438,1.4272126737642565e-05,0.43547123226553425,CM
,235560,Contig_303596.fasta,0.004079660051872384,2.893263298359282e-06,0.388310239891549,CM
,235560,Contig_212565.fasta,0.022564702229964637,0.00010537758441976238,0.4724016547898198,CM
,235560,Contig_1128046.fasta,0.020101622383545712,7.990711511363663e-05,0.4674463926766399,CM
,235560,Contig_139855.fasta,0.02868706528201614,0.00016387926500736742,0.4781950322629704,CM
,235560,Contig_989235.fasta,0.017497351877181117,6.132737990413824e-05,0.46282278839695007,CM
,235560,Contig_499439.fasta,0.010463133576904886,1.9624009930328353e-05,0.4428905244385391,CM
,235560,Contig_1062866.fasta,0.021853358043108822,9.267601749527322e-05,0.46908655545796146,CM
,235560,Contig_4593.fasta,0.006629424842296058,8.323010449089414e-06,0.41740752816174537,CM
,235560,Contig_61074.fasta,0.025370492880260068,0.0001272963426820008,0.47407683796283334,CM
,235560,Contig_990281.fasta,0.026288395329905893,0.00013881830049657757,0.4755221941761347,CM
,235560,Contig_499662.fasta,0.019710537799800205,7.523881617939562e-05,0.46558590952170803,CM
,235560,Contig_62796.fasta,0.023407432811377835,0.00011509896711742132,0.47407683796283334,CM
,235560,Contig_368867.fasta,0.02345923509122504,0.00010223332897983614,0.4712123253467438,CM
,235560,Contig_368024.fasta,0.014605065007238151,4.002997711502039e-05,0.45561230678609205,CM
,235560,Contig_1065845.fasta,0.001357309083442396,0.0,0.3311492137787095,CM
,235560,Contig_131648.fasta,0.02244749889142889,0.0001006244035619779,0.4712123253467438,CM
,235560,Contig_1067335.fasta,0.02294329864486074,0.00010666005676546075,0.4714497119086313,CM
,235560,Contig_367937.fasta,0.012207181003924188,2.68944533040285e-05,0.44905358835826925,CM
,235560,Contig_201958.fasta,0.019131240765672103,6.920523686696743e-05,0.46558590952170803,CM
,235560,Contig_546698.fasta,0.0012979275619723644,0.0,0.32641356056457377,CM
,235560,Contig_308342.fasta,0.014931302527239974,4.30009049189163e-05,0.45539059763437134,CM
,235560,Contig_138109.fasta,0.02355440042900719,0.00011127566539253879,0.4726402414841581,CM
,235560,Contig_545981.fasta,0.02333122260569247,0.00011405819167010261,0.473357449741342,CM
,235560,Contig_930043.fasta,0.004976129601766356,3.4117428234728022e-06,0.406528096498103,CM
,235560,Contig_53486.fasta,0.0,0.0,0.0,CM
,235560,Contig_24565782.fasta,0.014445731117077861,3.812232910794769e-05,0.45539059763437134,CM
,235560,Contig_59009.fasta,0.013899418752240163,3.982307734727416e-05,0.45362466220971065,CM
,235560,Contig_53814.fasta,0.014454571833216549,4.28958447137263e-05,0.4567240986523344,CM
,235560,Contig_1116.fasta,0.012837190061714899,3.291537117941751e-05,0.4527468205798902,CM
,235560,Contig_139857.fasta,0.0037620602626922636,1.863710198349167e-06,0.39270989430912,CM
,235560,Contig_420383.fasta,0.011128233261649701,2.5083071422897297e-05,0.4497009505711836,CM
,235560,Contig_555118.fasta,0.02812426024359836,0.0001575596634101882,0.4779508059952161,CM
,235560,Contig_1066641.fasta,0.0232315760501796,0.00010311847665211299,0.470501597857533,CM
,235560,Contig_137669.fasta,0.010526303370393333,2.1259138097038332e-05,0.4435202266059872,CM
,235560,Contig_302668.fasta,0.02398366159040618,0.00011066930829553996,0.470501597857533,CM
,235560,Contig_305455.fasta,0.019644386409885802,8.193583254228246e-05,0.46861676421564,CM
,235560,Contig_61545.fasta,0.01083868242142909,2.1131335132241008e-05,0.44584453460630447,CM
,235560,Contig_498353.fasta,0.011670962921020872,2.4063682057593106e-05,0.44584453460630447,CM
,235560,Contig_988988.fasta,0.001298317914442844,0.0,0.32595878723045385,CM
,235560,Contig_985054.fasta,0.02226311641247596,9.659342008647827e-05,0.4700289694317595,CM
,235560,Contig_420879.fasta,0.008289421568705381,1.5003173868350517e-05,0.4387377769051257,CM
,235560,Contig_1258176.fasta,0.017372833776223704,6.127265356883907e-05,0.4639700932764666,CM
,235560,Contig_499353.fasta,0.02431075913195529,0.00011550861264408,0.4726402414841581,CM
,235560,Contig_468.fasta,0.0,0.0,0.0,CM
,235560,Contig_993483.fasta,0.02323461726823511,0.00010695722669294247,0.4714497119086313,CM
,235560,Contig_988975.fasta,0.020528786467575166,8.536506812773924e-05,0.46955728958285653,CM
,235560,Contig_988930.fasta,0.017147145001773365,5.75100713186129e-05,0.4591892434438828,CM
,235560,Contig_1198429.fasta,0.001228817664757146,0.0,0.31841703917612557,CM
,235560,Contig_933290.fasta,0.02315862052101715,0.00010673843011457759,0.4714497119086313,CM
,235560,Contig_499052.fasta,0.018203610122310327,6.748171346084323e-05,0.4644306094980809,CM
,235560,Contig_305495.fasta,0.0218554983224936,9.541875604959019e-05,0.4700289694317595,CM
,235560,Contig_985400.fasta,0.023298028355724164,0.00010995465127693276,0.4726402414841581,CM
,235560,Contig_985094.fasta,0.01739670187697988,5.7353585215827456e-05,0.46077187500671246,CM
,235560,Contig_500018.fasta,0.010868264205472176,2.0740670048507135e-05,0.44310022639139823,CM
,235560,Contig_54766.fasta,0.012406040586251511,3.4387294066526576e-05,0.4527468205798902,CM
,235560,Contig_1263528.fasta,0.005671588744554206,6.235050478339751e-06,0.41262243304172536,CM
,235560,Contig_59228.fasta,0.0,0.0,0.0,CM
,235560,Contig_1065920.fasta,0.013988003051615636,3.7979081275286316e-05,0.4534048828191052,CM
,235560,Contig_555509.fasta,0.005628308578325334,6.48236490271771e-06,0.41573863977726927,CM
,235560,Contig_139091.fasta,0.02632940357183583,0.0001387902012731681,0.4750394305272249,CM
,235560,Contig_706082.fasta,0.014291510297649914,3.463774530678076e-05,0.45252789078270456,CM
,235560,Contig_368629.fasta,0.017145681238689276,6.0495573498277414e-05,0.46259400797757444,CM
,235560,Contig_625052.fasta,0.026271037855571874,0.00014456662910452417,0.47649067115001686,CM
,235560,Contig_368691.fasta,0.01172618304375703,2.5050675851997515e-05,0.4449965183731018,CM
,235560,Contig_551706.fasta,0.00265562699788524,6.540711139808029e-07,0.37598540704645766,CM
,235560,Contig_61210.fasta,0.0012236834473922395,0.0,0.31841703917612557,CM
,235560,Contig_369691.fasta,0.022618424197730753,0.00010000873957792979,0.4712123253467438,CM
,235560,Contig_498443.fasta,0.0012979275619723644,0.0,0.32641356056457377,CM
,235560,Contig_59641.fasta,0.023696714300891545,0.00011159761721956633,0.473357449741342,CM
,235560,Contig_370353.fasta,0.020175974520509867,8.372470125103723e-05,0.46955728958285653,CM
,235560,Contig_24566591.fasta,0.010288171089756458,1.95524112808122e-05,0.43914954394116995,CM
,235560,Contig_55467.fasta,0.003459908375983813,1.509559014394709e-06,0.3843234817817795,CM
,235560,Contig_543838.fasta,0.0,0.0,0.0,CM
,235560,Contig_988352.fasta,0.021462876966213733,8.995288997206811e-05,0.46979301111377164,CM
,235560,Contig_56962.fasta,0.017711228795864713,5.982103105927922e-05,0.4632810287815015,CM
,235560,Contig_549823.fasta,0.010983007404276105,2.579765140695248e-05,0.4497009505711836,CM
,235560,Contig_546289.fasta,0.022111113346905905,9.775412599417684e-05,0.47097517772452596,CM
,235560,Contig_5823.fasta,0.014126870506777486,4.088713611897739e-05,0.4551691041530317,CM
,235560,Contig_304689.fasta,0.02101362272935022,8.234809922028285e-05,0.4681479130258295,CM
,235560,Contig_1062142.fasta,0.012753676793702602,2.846622489803739e-05,0.44862304800509734,CM
,235560,Contig_62387.fasta,0.021244512127917014,8.541966902690186e-05,0.4681479130258295,CM
,235560,Contig_133647.fasta,0.020816086160860187,8.18304665349317e-05,0.46721301954000655,CM
,235560,Contig_550173.fasta,0.023349723536374926,0.00010555326450693847,0.4714497119086313,CM
,235560,Contig_542713.fasta,0.00805072916721074,1.2085706306282303e-05,0.42829642020074743,CM
,235560,Contig_131574.fasta,0.0071308147567189515,8.491658804700533e-06,0.4269286852822231,CM
,235560,Contig_542387.fasta,0.004824211692967017,3.043054842910642e-06,0.40164278031700995,CM
,235560,Contig_306603.fasta,0.023074559583090522,0.00011578473499340301,0.4745576461149255,CM
,235560,Contig_137862.fasta,0.02677987214754249,0.00014566997676518077,0.47673340710067913,CM
,235560,Contig_553205.fasta,0.0058848678658710105,5.872647851200726e-06,0.4144498131703424,CM
,235560,Contig_53446.fasta,0.019724517870388956,7.471289804881493e-05,0.46581765960111154,CM
,235560,Contig_61498.fasta,0.02008457330204112,7.590353937414315e-05,0.46558590952170803,CM
,235560,Contig_54950.fasta,0.016321570444028332,4.8681317742191814e-05,0.4585142960012901,CM
,235560,Contig_55915.fasta,0.002525682028576757,9.226305670316836e-07,0.3713601897375528,CM
,235560,Contig_55113.fasta,0.01810759642799171,6.234289937066244e-05,0.46351048941982814,CM
,235560,Contig_24574211.fasta,0.021973488557455133,9.709897478965978e-05,0.470501597857533,CM
,235560,Contig_55950.fasta,0.019924388587798585,7.732773157277279e-05,0.46721301954000655,CM
,235560,Contig_792106.fasta,0.014077367806316176,3.867484699305778e-05,0.4551691041530317,CM
,235560,Contig_24569564.fasta,0.015379695161297216,4.748034288481247e-05,0.4589640402837828,CM
,235560,Contig_499137.fasta,0.0035224461874265047,1.8068730657433837e-06,0.3860675239845846,CM
,235560,Contig_1065878.fasta,0.007425802099896264,9.548552082288169e-06,0.4312569945339323,CM
,235560,Contig_500105.fasta,0.011175993026775511,2.1190226088955292e-05,0.44669578908765306,CM
,235560,Contig_990105.fasta,0.008438630569522166,1.0428962680275825e-05,0.4310583501329494,CM
,235560,Contig_213746.fasta,0.0,0.0,0.0,CM
,235560,Contig_308147.fasta,0.002525682028576757,9.226305670316836e-07,0.3713601897375528,CM
,235560,Contig_1064246.fasta,0.0,0.0,0.0,CM
,235560,Contig_500378.fasta,0.011942493379944442,2.911103998816214e-05,0.449484955878306,CM
,235560,Contig_372001.fasta,0.02095031192599101,8.866738819747248e-05,0.4681479130258295,CM
,235560,Contig_368549.fasta,0.00960820848935925,1.6583911904014364e-05,0.4381215721622814,CM
,235560,Contig_542593.fasta,0.019606097290465585,7.696623529071902e-05,0.4674463926766399,CM
,235560,Contig_499422.fasta,0.0188733364633055,7.34375610769648e-05,0.46721301954000655,CM
,235560,Contig_134994.fasta,0.0021906414544114066,4.70528605839235e-07,0.3480207058901573,CM
,235560,Contig_62593.fasta,0.025207470165280518,0.00012592881960174634,0.47383679905753573,CM
,235560,Contig_1062838.fasta,0.0,0.0,0.0,CM
,235560,Contig_306052.fasta,0.0,0.0,0.0,CM
,235560,Contig_500079.fasta,0.013503280224184929,3.393536855900177e-05,0.45406486081447506,CM
,235560,Contig_1065904.fasta,0.022113322272936768,9.27564391949754e-05,0.46908655545796146,CM
,235560,Contig_552078.fasta,0.0038045171240370826,1.5504120016652858e-06,0.3902534103997636,CM
,235560,Contig_1065941.fasta,0.023265162450244764,0.00010603813487602371,0.4724016547898198,CM
,235560,Contig_55393.fasta,0.021949483436981658,9.324697745183869e-05,0.46955728958285653,CM
,235560,Contig_423779.fasta,0.0,0.0,0.0,CM
,235560,Contig_135642.fasta,0.023092857165062628,0.00010453941087283101,0.47073826868140495,CM
,235560,Contig_302535.fasta,0.010276836088213358,2.0722219320570805e-05,0.44059683528184235,CM
,235560,Contig_61135.fasta,0.009610916877593119,1.5676103426511364e-05,0.4389435638548935,CM
,235560,Contig_134037.fasta,0.01691019114129599,5.763781413194615e-05,0.4630517952195117,CM
,235560,Contig_131651.fasta,0.01767903285675175,5.9796250891732616e-05,0.46122606118217496,CM
,235560,Contig_369755.fasta,0.0266194307524311,0.00013710001536099115,0.4755221941761347,CM
,235560,Contig_985251.fasta,0.005970653979171952,6.569495467980345e-06,0.41815356485193617,CM
,235560,Contig_305281.fasta,0.021037327041053516,8.397908157945325e-05,0.46861676421564,CM
,235560,Contig_1264101.fasta,0.0035453743394897853,1.5825232811393168e-06,0.3863863245824249,CM
,235560,Contig_53427.fasta,0.016754777117426754,5.479881293988112e-05,0.46077187500671246,CM
,235560,Contig_1063267.fasta,0.020615310096307578,8.69137418911712e-05,0.46861676421564,CM
,235560,Contig_555358.fasta,0.006089433150513025,5.681571330517918e-06,0.4179668057787553,CM
,235560,Contig_368078.fasta,0.01759550208729758,5.92792669836849e-05,0.46145349020642656,CM
,235560,Contig_798280.fasta,0.013858826620821869,3.76647076692355e-05,0.45296596231298797,CM
,235560,Contig_57241.fasta,0.008639620161824317,1.2097426888187884e-05,0.433454227947491,CM
,235560,Contig_550914.fasta,0.001022618372941072,0.0,0.2994648570043626,CM
,235560,Contig_202130.fasta,0.0022310907112266668,3.623557773440533e-07,0.349189432141281,CM
,235560,Contig_792223.fasta,0.017483587141930133,6.145193911855285e-05,0.46351048941982814,CM
,235560,Contig_368085.fasta,0.01741273191254972,6.143598104373233e-05,0.4644306094980809,CM
,235560,Contig_713989.fasta,0.01792048772332256,6.500353801627105e-05,0.46535438992473055,CM
,235560,Contig_56628.fasta,0.02112505405728355,8.997407893967618e-05,0.4688515421536238,CM
,235560,Contig_369883.fasta,0.007093886408227355,7.267377101423028e-06,0.42441164541434606,CM
,235560,Contig_500548.fasta,0.003722852267055245,2.0680244336831977e-06,0.39172359905342535,CM
,235560,Contig_138155.fasta,0.01658379880394049,5.737442678054815e-05,0.4603185824587472,CM
,235560,Contig_307949.fasta,0.024008516177998564,0.0001144295799216301,0.4731181385938489,CM
,235560,Contig_135889.fasta,0.019885521286472016,7.280978148107469e-05,0.4660496405072874,CM
,235560,Contig_56903.fasta,0.009031357465669874,1.4758582901879173e-05,0.4362832998315306,CM
,235560,Contig_134889.fasta,0.02068082902033872,8.578708368246341e-05,0.46955728958285653,CM
,235560,Contig_367996.fasta,0.011785081135644089,2.429290934934065e-05,0.4471226364733077,CM
,235560,Contig_57903.fasta,0.011521021513289402,2.825445899908649e-05,0.45035018197239324,CM
,235560,Contig_139294.fasta,0.016443055669782658,5.531004198780465e-05,0.4630517952195117,CM
,235560,Contig_180.fasta,0.005979775878973756,5.728455969536041e-06,0.41573863977726927,CM
,235560,Contig_1268736.fasta,0.02651874640138711,0.00014291962928111615,0.47576394414775447,CM
,235560,Contig_308022.fasta,0.023821788468472965,0.00011659016764267365,0.47407683796283334,CM
,235560,Contig_985128.fasta,0.015298899696775831,4.7207089166704745e-05,0.4594146677165602,CM
,235560,Contig_371212.fasta,0.02330102562347079,0.00010910462107324931,0.4735970031065957,CM
,235560,Contig_421597.fasta,0.009307872628722109,1.5468244804329685e-05,0.43914954394116995,CM
,235560,Contig_985291.fasta,0.02041681131412228,8.099387414377095e-05,0.46512310046651745,CM
,235560,Contig_59394.fasta,0.00962231475429212,1.3558998633418942e-05,0.43648679017660125,CM
,235560,Contig_498502.fasta,0.01670024768684622,5.719425817098149e-05,0.464200237171941,CM
,235560,Contig_423189.fasta,0.01727942416642794,5.996197395641653e-05,0.46535438992473055,CM
,235560,Contig_543062.fasta,0.002580992530834635,7.019307050365367e-07,0.3713601897375528,CM
,235560,Contig_543821.fasta,0.0,0.0,0.0,CM
,235560,Contig_429994.fasta,0.01955977159787254,7.39939988692618e-05,0.466746971640216,CM
,235560,Contig_1065861.fasta,0.01959092252430124,7.456073231971029e-05,0.46558590952170803,CM
,235560,Contig_55662.fasta,0.02115641459016036,8.988229484531238e-05,0.47073826868140495,CM
,235560,Contig_1268437.fasta,0.00743694019003282,1.0611194635948579e-05,0.43185402775202264,CM
,235560,Contig_1065067.fasta,0.0,0.0,0.0,CM
,235560,Contig_135849.fasta,0.01965084628109025,7.352486917569235e-05,0.46466121059515053,CM
,235560,Contig_4084.fasta,0.016913851695500075,5.9977527135941605e-05,0.46512310046651745,CM
,235560,Contig_424464.fasta,0.0057495266806228814,6.244153852764109e-06,0.41666414877054014,CM
,235560,Contig_371156.fasta,0.02244309284175284,9.593999186310386e-05,0.470501597857533,CM
,235560,Contig_502196.fasta,0.01896394184462148,7.208602188466601e-05,0.46535438992473055,CM
,235560,Contig_1260871.fasta,0.006152613472536233,6.26563290414126e-06,0.42003037618430566,CM
,235560,Contig_368806.fasta,0.004989618110671411,3.860887056340204e-06,0.4081237148445849,CM
,235560,Contig_58444.fasta,0.015092292361929334,4.506934707704371e-05,0.45873905791109465,CM
,235560,Contig_984996.fasta,0.012962676875819687,2.865069311914759e-05,0.4492691685735156,CM
,235560,Contig_990044.fasta,0.015366475650314543,4.7558174551662445e-05,0.45986618090350523,CM
,235560,Contig_1274572.fasta,0.01788146067979158,5.876993345583967e-05,0.4623654536258069,CM
,235560,Contig_542553.fasta,0.01984439125100287,8.036698447050481e-05,0.46721301954000655,CM
,235560,Contig_131771.fasta,0.02455342619133306,0.00012042297978663265,0.47407683796283334,CM
,235560,Contig_499076.fasta,0.012586203290189411,2.7632861574139173e-05,0.4488382149345962,CM
,235560,Contig_134152.fasta,0.015810461737668268,4.562054131398958e-05,0.45494782602753187,CM
,235560,Contig_131734.fasta,0.01983035615871111,7.767700695457835e-05,0.46767999906978164,CM
,235560,Contig_58559.fasta,0.013951184730538998,3.9163723861628635e-05,0.4534048828191052,CM
,235560,Contig_55483.fasta,0.005140720940640569,4.386979058808687e-06,0.41592341250605913,CM
,235560,Contig_55811.fasta,0.009050714808547118,1.5599333837003523e-05,0.4362832998315306,CM
,235560,Contig_985419.fasta,0.01771796557282726,5.924747426327717e-05,0.4619090217860973,CM
,235560,Contig_213506.fasta,0.027377080865259786,0.00014812798485179868,0.47624818225884635,CM
,235560,Contig_135253.fasta,0.02539716431382889,0.00013267059217867563,0.47528068976060595,CM
,235560,Contig_24576898.fasta,0.0044563583317756205,3.36876555282131e-06,0.3983940732816659,CM
,235560,Contig_306742.fasta,0.01837570612330437,6.639384317820242e-05,0.46351048941982814,CM
,235560,Contig_55353.fasta,0.008353539881428269,9.877560993840283e-06,0.4284925266202533,CM
,235560,Contig_1063497.fasta,0.0010185179402441443,0.0,0.299656637252204,CM
,235560,Contig_302609.fasta,0.020200778012037266,8.605669211007433e-05,0.46979301111377164,CM
,235560,Contig_1063840.fasta,0.009146037382232958,1.548886374078925e-05,0.43648679017660125,CM
,235560,Contig_986139.fasta,0.015177497139815923,4.801303333258992e-05,0.4589640402837828,CM
,235560,Contig_370130.fasta,0.01761482230738376,5.851992734428169e-05,0.4623654536258069,CM
,235560,Contig_54604.fasta,0.015870941288988416,4.441334367499827e-05,0.4582897542304766,CM
,235560,Contig_554797.fasta,0.015385813564587049,5.033293449844077e-05,0.4619090217860973,CM
,235560,Contig_421549.fasta,0.004883560552789329,3.342277911950841e-06,0.40476975698037765,CM
,235560,Contig_61036.fasta,0.02538844723230063,0.0001308155185332218,0.47576394414775447,CM
,235560,Contig_303473.fasta,0.009884204377622736,1.8329680723616876e-05,0.4418449849568617,CM
,235560,Contig_501657.fasta,0.015922241065193368,4.6970823647282484e-05,0.4573937820814434,CM
,235560,Contig_1062279.fasta,0.013543058848532737,3.631865990163182e-05,0.45539059763437134,CM
,235560,Contig_58467.fasta,0.0012763395720947492,0.0,0.3222547101028351,CM
,235560,Contig_709008.fasta,0.016878842084081854,5.668841082667585e-05,0.4644306094980809,CM
,235560,Contig_306639.fasta,0.00470066296246122,2.423785052830038e-06,0.4026797238118043,CM
,235560,Contig_134328.fasta,0.022999788167959303,0.00010448462520915867,0.47073826868140495,CM
,235560,Contig_791908.fasta,0.002521611009364604,1.0014736475775315e-06,0.3698923629006455,CM
,235560,Contig_24572783.fasta,0.011604696003119594,2.8216368608234795e-05,0.4488382149345962,CM
,235560,Contig_53481.fasta,0.0,0.0,0.0,CM
,235560,Contig_931044.fasta,0.021173306612761022,8.384559915352337e-05,0.466746971640216,CM
,235560,Contig_369322.fasta,0.02220212292159129,9.819224867401645e-05,0.470501597857533,CM
,235560,Contig_553512.fasta,0.0021393634551382305,4.879215588754607e-07,0.3453238664718203,CM
,235560,Contig_368367.fasta,0.002242201387636384,6.434433934416261e-07,0.3536763711786217,CM
,235560,Contig_986515.fasta,0.015116642739449408,4.324004687277792e-05,0.45450591458894274,CM
,235560,Contig_61542.fasta,0.013210931078477156,3.2900058823778456e-05,0.4542852806498219,CM
,235560,Contig_137592.fasta,0.025604311735945504,0.00013255081607527942,0.4755221941761347,CM
,235560,Contig_498311.fasta,0.009828179716152883,1.6113707104166256e-05,0.43935571743597795,CM
,235560,Contig_369512.fasta,0.010269143529624778,2.0576208582280755e-05,0.4418449849568617,CM
,235560,Contig_135235.fasta,0.003655010763342734,2.5384869754381145e-06,0.3933701883726915,CM
,235560,Contig_62671.fasta,0.008121329301628073,1.134861142820281e-05,0.43026559914419915,CM
,235560,Contig_370401.fasta,0.02121399791026497,9.412692663241235e-05,0.47073826868140495,CM
,235560,Contig_2412.fasta,0.003776675276333562,2.8227320773711786e-06,0.3990736367328926,CM
,235560,Contig_370444.fasta,0.025439610970001327,0.00013069983392732123,0.47528068976060595,CM
,235560,Contig_57800.fasta,0.027609484922813742,0.00015148479507897105,0.47673340710067913,CM
,235560,Contig_56006.fasta,0.017701403334869935,5.909763607297879e-05,0.4623654536258069,CM
,235560,Contig_371401.fasta,0.005763790044000795,4.9473922251124795e-06,0.4084799991875308,CM
,235560,Contig_56492.fasta,0.0012979275619723644,0.0,0.32641356056457377,CM
,235560,Contig_3412.fasta,0.0022462724068485367,5.925943968688299e-07,0.35300930899231725,CM
,235560,Contig_498484.fasta,0.016616155069859653,5.017100692334131e-05,0.4603185824587472,CM
,235560,Contig_303206.fasta,0.01521208931309479,4.318253408656178e-05,0.45694710846612946,CM
,235560,Contig_368656.fasta,0.022955135764546997,0.00010460569586896647,0.4724016547898198,CM
,235560,Contig_552825.fasta,0.027625011744548147,0.00015342686717805876,0.4769763904885999,CM
,235560,Contig_55071.fasta,0.026351364741721842,0.0001434674240367892,0.47673340710067913,CM
,235560,Contig_993479.fasta,0.024054460976761463,0.00011861793211317417,0.47383679905753573,CM
,235560,Contig_499778.fasta,0.011912135465663044,2.381692602657107e-05,0.4462697559077888,CM
,235560,Contig_5203.fasta,0.0021919646042283247,5.16264408566969e-07,0.35049725772982515,CM
,235560,Contig_139312.fasta,0.019759287992189605,8.571346760094064e-05,0.46955728958285653,CM
,235560,Contig_132309.fasta,0.01635426004931406,5.3961543269905916e-05,0.46077187500671246,CM
,235560,Contig_1064674.fasta,0.004338297430597783,2.905802965649806e-06,0.3938668679034651,CM
,235560,Contig_551478.fasta,0.009112171617140959,1.2559056564444539e-05,0.43365508718194307,CM
,235560,Contig_549697.fasta,0.002157499734584601,5.606878269594221e-07,0.3435490742065467,CM
,235560,Contig_424567.fasta,0.009437712176848596,1.5561032857807572e-05,0.4377117297187245,CM
,235560,Contig_549556.fasta,0.00824306015414243,1.0749655452987013e-05,0.4308598886457795,CM
,235560,Contig_1064927.fasta,0.02353641954057766,0.000110622615409512,0.4731181385938489,CM
,235560,Contig_134109.fasta,0.0045005176757207535,3.570288740237722e-06,0.4006111635867436,CM
,235560,Contig_550094.fasta,0.021121856394952617,8.886245267789088e-05,0.46955728958285653,CM
,235560,Contig_136183.fasta,0.024668779055863243,0.00011833390697749659,0.473357449741342,CM
,235560,Contig_499700.fasta,0.02083216858903398,9.277477125782178e-05,0.4712123253467438,CM
,235560,Contig_131801.fasta,0.012705509854859468,3.574155047804614e-05,0.4558342319233478,CM
,235560,Contig_303182.fasta,0.0,0.0,0.0,CM
,235560,Contig_502444.fasta,0.025402035435503883,0.00012263476046812488,0.4731181385938489,CM
,235560,Contig_203422.fasta,0.00629711111345608,6.8038481567916766e-06,0.42135419997236967,CM
,235560,Contig_61582.fasta,0.020402173480375044,8.144267527416373e-05,0.4662818525852681,CM
,235560,Contig_204934.fasta,0.012823813038559125,3.088900854633638e-05,0.4497009505711836,CM
,235560,Contig_302553.fasta,0.013162951664747952,3.191347372406442e-05,0.4523091726141291,CM
,235560,Contig_308121.fasta,0.02446957558030554,0.00012207081736130302,0.47407683796283334,CM
,235560,Contig_502068.fasta,0.002574267134067113,8.422363045963595e-07,0.37358390344855613,CM
,235560,Contig_134208.fasta,0.022180103106883772,9.652683711129076e-05,0.470501597857533,CM
,235560,Contig_372022.fasta,0.020873488027553316,8.286484264137002e-05,0.4662818525852681,CM
,235560,Contig_542609.fasta,0.02113890866751014,8.906719973987448e-05,0.46955728958285653,CM
,235560,Contig_60217.fasta,0.014248487757641063,3.502638366529612e-05,0.45252789078270456,CM
,235560,Contig_993700.fasta,0.020857093575800487,8.28428866301726e-05,0.46721301954000655,CM
,235560,Contig_58603.fasta,0.018751886529411007,7.368175206496067e-05,0.46791383906931655,CM
,235560,Contig_62124.fasta,0.026618367554278346,0.0001375833678994458,0.4750394305272249,CM
,235560,Contig_428405.fasta,0.008307846429464687,1.1640068456386776e-05,0.42987031609491644,CM
,235560,Contig_498444.fasta,0.014429026164431374,4.044757256002294e-05,0.45561230678609205,CM
,235560,Contig_543124.fasta,0.003484902282105653,1.7071336440273007e-06,0.38088224588466957,CM
,235560,Contig_502700.fasta,0.008252218788735843,1.3058560834485871e-05,0.4340573646283085,CM
,235560,Contig_547137.fasta,0.0,0.0,0.0,CM
,235560,Contig_303062.fasta,0.022637454638788065,0.00010040397319124658,0.47026516489378545,CM
,235560,Contig_986691.fasta,0.0072150461624465,8.961717288097384e-06,0.42634518366224744,CM
,235560,Contig_930711.fasta,0.022875976416049895,0.00010306329121108613,0.47073826868140495,CM
,235560,Contig_550174.fasta,0.015009728794353413,4.437227018989975e-05,0.457617446522559,CM
,235560,Contig_132605.fasta,0.009054314639276856,1.3913571892136287e-05,0.43547123226553425,CM
,235560,Contig_985136.fasta,0.006030104030001963,6.584923059004988e-06,0.4211645716195468,CM
,235560,Contig_135781.fasta,0.020922324157949736,8.468299458922711e-05,0.46861676421564,CM
,235560,Contig_135350.fasta,0.019770070775603804,7.521904643936296e-05,0.4660496405072874,CM
,235560,Contig_24572895.fasta,0.01661177920692842,5.0472919130235904e-05,0.4603185824587472,CM
,235560,Contig_549067.fasta,0.002908600046460503,1.0122629267417938e-06,0.3562343654886308,CM
,235560,Contig_201548.fasta,0.001357309083442396,0.0,0.3311492137787095,CM
,235560,Contig_423546.fasta,0.002376905759565568,6.305483800825876e-07,0.35910501847223064,CM
,235560,Contig_56965.fasta,0.02273972603511661,9.933652749188647e-05,0.46979301111377164,CM
,235560,Contig_989310.fasta,0.019463535856136593,7.030677579886315e-05,0.46535438992473055,CM
,235560,Contig_1268491.fasta,0.0012979275619723644,0.0,0.32641356056457377,CM
,235560,Contig_306129.fasta,0.013960218289822057,3.751964056611968e-05,0.4534048828191052,CM
,235560,Contig_420630.fasta,0.0,0.0,0.0,CM
,235560,Contig_133996.fasta,0.025733221499431847,0.00013739214294360898,0.47673340710067913,CM
,235560,Contig_932723.fasta,0.012462860718881998,3.106149784642087e-05,0.44905358835826925,CM
,235560,Contig_501147.fasta,0.009151131653892933,1.2920883129671695e-05,0.4320534063428592,CM
,235560,Contig_303326.fasta,0.015296250691571115,4.482387784264196e-05,0.4582897542304766,CM
,235560,Contig_131637.fasta,0.01681698994542853,5.490216642488771e-05,0.4623654536258069,CM
,235560,Contig_309378.fasta,0.009459810555942581,1.5941055834217345e-05,0.4387377769051257,CM
,235560,Contig_987947.fasta,0.004531397475259644,4.204408879223336e-06,0.403547942276254,CM
,235560,Contig_794883.fasta,0.022014015581948633,9.761655799309354e-05,0.47097517772452596,CM
,235560,Contig_500102.fasta,0.02553344650357204,0.0001277108773875911,0.4745576461149255,CM
,235560,Contig_371148.fasta,0.011839058588870865,3.079817502316036e-05,0.4510012906692208,CM
,235560,Contig_429171.fasta,0.024833508858468783,0.00011670335349716685,0.47287906929693435,CM
,235560,Contig_543887.fasta,0.001956910413548106,2.779243250895954e-07,0.33747842702438985,CM
,235560,Contig_53404.fasta,0.022448441363750425,9.784468902406782e-05,0.470501597857533,CM
,235560,Contig_53441.fasta,0.007325057521116934,9.786882983198947e-06,0.4304635134032351,CM
,235560,Contig_542338.fasta,0.017334471919532315,6.149131818180145e-05,0.46351048941982814,CM
,235560,Contig_1065711.fasta,0.010855439261645339,2.44928470255709e-05,0.44776443930078136,CM
,235560,Contig_984988.fasta,0.01963590398010058,7.763228540660168e-05,0.4665142961807742,CM
,235560,Contig_368263.fasta,0.0197282247225199,7.052156902149458e-05,0.464200237171941,CM
,235560,Contig_993761.fasta,0.014081986735805982,3.6126483626683934e-05,0.4527468205798902,CM
,235560,Contig_542943.fasta,0.011526571458310882,2.729593687800456e-05,0.4484080872729435,CM
,235560,Contig_133011.fasta,0.011792822305998214,2.5097961423900812e-05,0.4462697559077888,CM
,235560,Contig_542594.fasta,0.006672340656314863,9.15675482164776e-06,0.4179668057787553,CM
,235560,Contig_548958.fasta,0.020223034157152896,7.920466947176421e-05,0.46721301954000655,CM
,235560,Contig_931946.fasta,0.015256255023653372,4.2285131714118886e-05,0.45694710846612946,CM
,235560,Contig_1063039.fasta,0.013144583945711063,3.0939173747940036e-05,0.4512187454863226,CM
,235560,Contig_502009.fasta,0.02238730192715635,9.96354221346934e-05,0.4712123253467438,CM
,235560,Contig_498308.fasta,0.01750024737544357,6.177751695761249e-05,0.46282278839695007,CM
,235560,Contig_53952.fasta,0.02243476413474762,9.574800426380337e-05,0.47026516489378545,CM
,235560,Contig_929016.fasta,0.011876874052480472,2.3368582111049857e-05,0.4462697559077888,CM
,235560,Contig_55444.fasta,0.015117444921541632,4.0975480725516875e-05,0.4547267629439422,CM
,235560,Contig_58949.fasta,0.010917567205683399,1.9995264413844014e-05,0.44478501812672677,CM
,235560,Contig_1065204.fasta,0.019669006457867646,7.964340447786431e-05,0.46721301954000655,CM
,235560,Contig_55095.fasta,0.02117416020523444,9.006129889422215e-05,0.46979301111377164,CM
,235560,Contig_986384.fasta,0.022316779550539647,9.856587826467883e-05,0.47073826868140495,CM
,235560,Contig_420408.fasta,0.021076375286141112,8.850503458378035e-05,0.46979301111377164,CM
,235560,Contig_137576.fasta,0.025675181906667812,0.0001261526417310078,0.47383679905753573,CM
,235560,Contig_53578.fasta,0.015412806739930734,4.906174761945222e-05,0.4596403134276194,CM
,235560,Contig_56433.fasta,0.01191893361183223,2.536444696023559e-05,0.44776443930078136,CM
,235560,Contig_24577731.fasta,0.01864728151564394,6.639297577988029e-05,0.46466121059515053,CM
,235560,Contig_56476.fasta,0.02217617564629215,9.757414396440784e-05,0.47097517772452596,CM
,235560,Contig_54700.fasta,0.016990217331645935,5.596511296456424e-05,0.46145349020642656,CM
,235560,Contig_1064903.fasta,0.018897072953014446,7.295479405685428e-05,0.4669798793106951,CM
,235560,Contig_542569.fasta,0.0033577538309757715,1.3707336727893183e-06,0.37613652658305186,CM
,235560,Contig_1062081.fasta,0.0032675526374587615,1.528498642395463e-06,0.37811219318732653,CM
,235560,Contig_24576774.fasta,0.0034431653077201274,1.9856802598334516e-06,0.3854314984096512,CM
,235560,Contig_138216.fasta,0.019286826642104044,7.37704940597175e-05,0.46791383906931655,CM
,235560,Contig_799287.fasta,0.00947609110315088,1.5417846448540462e-05,0.4381215721622814,CM
,235560,Contig_1066406.fasta,0.024826717251608645,0.00012064723776586818,0.4735970031065957,CM
,235560,Contig_371290.fasta,0.008953635094847163,1.4197331574023298e-05,0.43567396561388877,CM
,235560,Contig_498639.fasta,0.012911755523978528,2.9752813560357306e-05,0.4497009505711836,CM
,235560,Contig_542359.fasta,0.008329110272701452,1.1958489178664521e-05,0.43006786679165127,CM
,235560,Contig_991920.fasta,0.018456360909009838,6.892857901065851e-05,0.464200237171941,CM
,235560,Contig_306564.fasta,0.005959309577835587,5.109202335578161e-06,0.41481723321747915,CM
,235560,Contig_550251.fasta,0.0012577298286214162,0.0,0.3211488257167581,CM
,235560,Contig_131613.fasta,0.013831813871462097,3.727453626157077e-05,0.4551691041530317,CM
,235560,Contig_423948.fasta,0.0,0.0,0.0,CM
,235560,Contig_56904.fasta,0.00834530045750469,1.2169780483397055e-05,0.4348641627038258,CM
,235560,Contig_135088.fasta,0.02141435399332602,9.390093184353909e-05,0.471925203297344,CM
,235560,Contig_427790.fasta,0.024463236467872677,0.00011742153040491805,0.47383679905753573,CM
,235560,Contig_246.fasta,0.007206528901856138,8.427529052926198e-06,0.4271235409122013,CM
,235560,Contig_139152.fasta,0.018915916196728815,6.521201991833334e-05,0.46351048941982814,CM
,235560,Contig_60097.fasta,0.004791209473503081,2.9330812725280663e-06,0.40476975698037765,CM
,235560,Contig_309018.fasta,0.024061401381848924,0.00011446283892716376,0.4724016547898198,CM
,235560,Contig_368416.fasta,0.009423537790369507,1.795708776766772e-05,0.442681020879202,CM
,235560,Contig_305513.fasta,0.026590778540231,0.0001392784199757494,0.47576394414775447,CM
,235560,Contig_137002.fasta,0.007541471653422681,8.217597065473703e-06,0.42040776196704094,CM
,235560,Contig_421629.fasta,0.0,0.0,0.0,CM
,235560,Contig_625912.fasta,0.0,0.0,0.0,CM
,235560,Contig_131696.fasta,0.012142050309716388,2.3966693215797093e-05,0.4471226364733077,CM
,235560,Contig_304203.fasta,0.026421116514871855,0.00013591097701889015,0.4743171201919073,CM
,235560,Contig_420590.fasta,0.012988955424557443,2.8569061663202004e-05,0.45035018197239324,CM
,235560,Contig_370681.fasta,0.022074594302351373,9.655391559834512e-05,0.47026516489378545,CM
,235560,Contig_548716.fasta,0.009342462582668264,1.5288636852989408e-05,0.43466218213591873,CM
,235560,Contig_212088.fasta,0.01848277231627024,6.420429717990706e-05,0.46259400797757444,CM
,235560,Contig_985929.fasta,0.014049363943940081,3.4461193304464186e-05,0.4520906657674556,CM
,235560,Contig_1124471.fasta,0.0010714176282348431,0.0,0.3037415378573947,CM
,235560,Contig_24578704.fasta,0.024549696355712816,0.00011939718673350437,0.4735970031065957,CM
,235560,Contig_53458.fasta,0.014769522308627372,4.002555447318064e-05,0.4527468205798902,CM
,235560,Contig_369801.fasta,0.010073996456962492,1.8523418692975244e-05,0.43914954394116995,CM
,235560,Contig_498641.fasta,0.01777065633044996,6.151351413982007e-05,0.46351048941982814,CM
,235560,Contig_984991.fasta,0.01961764198381497,7.450550236749833e-05,0.466746971640216,CM
,235560,Contig_501958.fasta,0.008014717265174135,1.1640801259968824e-05,0.4310583501329494,CM
,235560,Contig_133189.fasta,0.0011671948764614645,0.0,0.3116309284510933,CM
,235560,Contig_62449.fasta,0.02236217247419687,9.864966978892401e-05,0.470501597857533,CM
,235560,Contig_370912.fasta,0.026370590366314856,0.00013161255221759045,0.47383679905753573,CM
,235560,Contig_542449.fasta,0.0012236834473922395,0.0,0.31841703917612557,CM
,235560,Contig_548885.fasta,0.0023148997711069036,6.111397369035723e-07,0.3559633617872321,CM
,235560,Contig_367951.fasta,0.016399631340388025,5.229029058139179e-05,0.4609988562259276,CM
,235560,Contig_1234.fasta,0.02084835426538077,8.333206479995493e-05,0.46791383906931655,CM
,235560,Contig_53375.fasta,0.008161863942224202,1.3223775806782633e-05,0.4332535546938116,CM
,235560,Contig_1064866.fasta,0.0024081842665227464,8.348593170314355e-07,0.364702914317472,CM
,235560,Contig_55484.fasta,0.02073697862619709,8.325874956110921e-05,0.46721301954000655,CM
,235560,Contig_309986.fasta,0.0214514613888356,9.455451149314552e-05,0.470501597857533,CM
,235560,Contig_2772.fasta,0.001298317914442844,0.0,0.32595878723045385,CM
,235560,Contig_133368.fasta,0.022483314309060427,0.00010242769043073301,0.4721633088489572,CM
,235560,Contig_1062791.fasta,0.00624712112669399,5.053192263405661e-06,0.4172214347474958,CM
,235560,Contig_802396.fasta,0.002327512809725069,5.347296266938909e-07,0.35488345776967506,CM
,235560,Contig_1063340.fasta,0.014178201144887742,3.597710550653683e-05,0.4542852806498219,CM
,235560,Contig_500006.fasta,0.02289296058529232,0.00010124517102614507,0.46932180448276484,CM
,235560,Contig_132445.fasta,0.018107789484332514,6.298273060749223e-05,0.4616811436303074,CM
,235560,Contig_992335.fasta,0.023340478849945848,0.00010747554309438406,0.471925203297344,CM
,235560,Contig_500492.fasta,0.02099486036779158,9.202510551420335e-05,0.4700289694317595,CM
,235560,Contig_304732.fasta,0.013843282699087784,3.451291822432287e-05,0.4523091726141291,CM
,235560,Contig_545842.fasta,0.0071458523739314625,1.0910316106490625e-05,0.4292787514397399,CM
,235560,Contig_552844.fasta,0.002585063550046788,6.932070837460305e-07,0.3734348276690475,CM
,235560,Contig_57067.fasta,0.00339234952423029,1.2178289086382536e-06,0.3790310563542459,CM
,235560,Contig_2436.fasta,0.0042792283439371,2.637598220287239e-06,0.3912323069141443,CM
,235560,Contig_133069.fasta,0.0012051286795313218,0.0,0.31541209239589924,CM
,235560,Contig_420771.fasta,0.0199315862502002,7.113958852544116e-05,0.4644306094980809,CM
,235560,Contig_56861.fasta,0.012735361898443582,3.277075598824467e-05,0.4520906657674556,CM
,235560,Contig_132069.fasta,0.017163001553102557,6.114203816952558e-05,0.4621371250067324,CM
,235560,Contig_551070.fasta,0.009054435185882252,1.4816755683856807e-05,0.43265264823792565,CM
,235560,Contig_985077.fasta,0.0060898847929791375,6.7556790689385306e-06,0.42230490890732536,CM
,235560,Contig_551035.fasta,0.0010714176282348431,0.0,0.3037415378573947,CM
,235560,Contig_545300.fasta,0.0,0.0,0.0,CM
,235560,Contig_542610.fasta,0.002379927456383468,5.92267046603676e-07,0.3610446289115097,CM
,235560,Contig_1065239.fasta,0.01736625483167096,6.275791538511089e-05,0.46466121059515053,CM
,235560,Contig_370582.fasta,0.01164257001157024,2.893630268664616e-05,0.4492691685735156,CM
,235560,Contig_57185.fasta,0.008702361047284978,1.326118661874456e-05,0.43709840174620884,CM
,235560,Contig_131669.fasta,0.019981946845412924,7.744358107920793e-05,0.466746971640216,CM
,235560,Contig_136379.fasta,0.018761752120596553,6.442448039580006e-05,0.4630517952195117,CM
,235560,Contig_986919.fasta,0.01380215128603977,3.760072429708968e-05,0.45406486081447506,CM
,235560,Contig_61778.fasta,0.023247866740757173,0.00010701697032886384,0.4721633088489572,CM
,235560,Contig_53377.fasta,0.003527775609792967,1.7229549767615082e-06,0.38197048087291147,CM
,235560,Contig_61055.fasta,0.018848075705914367,6.73961249958222e-05,0.46351048941982814,CM
,235560,Contig_932015.fasta,0.015791753517364084,4.3392662306175744e-05,0.4591892434438828,CM
,235560,Contig_304943.fasta,0.0030611421116282394,1.401688304201509e-06,0.3709186199518958,CM
,235560,Contig_303410.fasta,0.017268591246599095,5.459746007976752e-05,0.4596403134276194,CM
,235560,Contig_797051.fasta,0.010490977925695373,1.914351191786139e-05,0.44018235095890546,CM
,235560,Contig_368429.fasta,0.020038811963367844,7.83765614187789e-05,0.4669798793106951,CM
,235560,Contig_369429.fasta,0.010450091671278876,2.0180843491509258e-05,0.44122002741095384,CM
,235560,Contig_498995.fasta,0.022165821784794353,9.447543967204461e-05,0.46908655545796146,CM
,235560,Contig_132970.fasta,0.009157474264970414,1.473811479140197e-05,0.4338561326558336,CM
,235560,Contig_369790.fasta,0.0145037994994843,3.893966350054878e-05,0.45494782602753187,CM
,235560,Contig_498542.fasta,0.0036712889151606057,1.7508610439540368e-06,0.38798825793475666,CM
,235560,Contig_369341.fasta,0.021196007893914445,8.784552266952224e-05,0.47026516489378545,CM
,235560,Contig_60785.fasta,0.006631025537434923,6.700856307144481e-06,0.4146334417982424,CM
,235560,Contig_24569917.fasta,0.009428196024155407,1.84019224075415e-05,0.44163646915461685,CM
,235560,Contig_501535.fasta,0.008238311179041948,1.3003630805596347e-05,0.43567396561388877,CM
,235560,Contig_56399.fasta,0.015115904545719247,4.238968620542363e-05,0.4558342319233478,CM
,235560,Contig_498337.fasta,0.026392178356192474,0.0001372268876348696,0.4750394305272249,CM
,235560,Contig_137165.fasta,0.022098558446977053,9.305704438357616e-05,0.46908655545796146,CM
,235560,Contig_992875.fasta,0.010869469749639338,2.1806818786241242e-05,0.4460570439173656,CM
,235560,Contig_136120.fasta,0.02868706528201614,0.00016387926500736742,0.4781950322629704,CM
,235560,Contig_425638.fasta,0.0,0.0,0.0,CM
,235560,Contig_1267810.fasta,0.0252299463999182,0.0001283058512874146,0.47479841610280726,CM
,235560,Contig_370427.fasta,0.002362217418735276,6.635526998676979e-07,0.3621624141403379,CM
,235560,Contig_131789.fasta,0.02111763621697923,9.368117847312887e-05,0.47026516489378545,CM
,235560,Contig_2471.fasta,0.019390778800171486,7.483217173426735e-05,0.46581765960111154,CM
,235560,Contig_1062006.fasta,0.015299584444869903,4.89817100187919e-05,0.4609988562259276,CM
,235560,Contig_1125243.fasta,0.024180129846804062,0.00012078728250392572,0.47407683796283334,CM
,235560,Contig_57065.fasta,0.0085305658705444,1.3481500712126577e-05,0.43607999913263423,CM
,235560,Contig_61698.fasta,0.015598185401256646,4.490384168929875e-05,0.4585142960012901,CM
,235560,Contig_302649.fasta,0.018189877668326103,6.0467307483047774e-05,0.4603185824587472,CM
,235560,Contig_423091.fasta,0.016890775566709308,4.954079059297392e-05,0.46077187500671246,CM
,235560,Contig_54356.fasta,0.007271727844296688,1.0487322184138124e-05,0.42987031609491644,CM
,235560,Contig_546759.fasta,0.0074421465786315795,9.23790656376996e-06,0.429475758668487,CM
,235560,Contig_307829.fasta,0.020649154301383213,8.166995235724113e-05,0.4669798793106951,CM
,235560,Contig_56065.fasta,0.018449311503178974,6.599549143943531e-05,0.4639700932764666,CM
,235560,Contig_793801.fasta,0.01749508644733675,6.052036236970273e-05,0.4623654536258069,CM
,235560,Contig_809830.fasta,0.008374363372539101,1.3283764746030009e-05,0.43567396561388877,CM
,235560,Contig_57449.fasta,0.012696322007871306,3.0467484504794793e-05,0.45035018197239324,CM
,235560,Contig_55851.fasta,0.00835795482343312,1.2352220244446278e-05,0.43185402775202264,CM
,235560,Contig_54486.fasta,0.012451655958158312,3.134626565447132e-05,0.45035018197239324,CM
,235560,Contig_371875.fasta,0.018509781685402935,7.171562702609865e-05,0.4662818525852681,CM
,235560,Contig_308206.fasta,0.0,0.0,0.0,CM
,235560,Contig_56474.fasta,0.021365507782515093,8.929171056057374e-05,0.46955728958285653,CM
,235560,Contig_54702.fasta,0.0009669580070191668,0.0,0.29400806727572515,CM
,235560,Contig_131749.fasta,0.012391597829104109,3.2994315524306684e-05,0.4523091726141291,CM
,235560,Contig_370036.fasta,0.025526339770084616,0.00012993931716065178,0.4750394305272249,CM
,235560,Contig_986386.fasta,0.012918497777116397,3.2434276901850775e-05,0.4520906657674556,CM
,235560,Contig_62203.fasta,0.018288472283796355,6.771988487841388e-05,0.46512310046651745,CM
,235560,Contig_499726.fasta,0.02315193974706173,0.00010594908599480344,0.4721633088489572,CM
,235560,Contig_704029.fasta,0.006782730693562188,7.387483923721281e-06,0.42135419997236967,CM
,235560,Contig_1275222.fasta,0.015420235849300636,4.428507822618533e-05,0.457617446522559,CM
,235560,Contig_202090.fasta,0.00940819158421531,1.572009938943974e-05,0.4389435638548935,CM
,235560,Contig_134602.fasta,0.014476977411563964,3.7422684459050684e-05,0.4551691041530317,CM
,235560,Contig_708522.fasta,0.015695493362163186,4.8000108143780844e-05,0.46077187500671246,CM
,235560,Contig_553715.fasta,0.007353930328280834,9.179497927020367e-06,0.4267340073591578,CM
,235560,Contig_56788.fasta,0.017408618539206742,6.576424061728687e-05,0.46581765960111154,CM
,235560,Contig_543246.fasta,0.0,0.0,0.0,CM
,235560,Contig_1064243.fasta,0.015405396284033515,4.524620624294663e-05,0.4589640402837828,CM
,235560,Contig_1064692.fasta,0.0025632179599521417,4.4178248981524587e-07,0.36872642952664814,CM
,235560,Contig_58108.fasta,0.0020056524038417514,5.814811988261805e-07,0.3372351993292371,CM
,235560,Contig_133815.fasta,0.0034483428844624318,1.6846373763480285e-06,0.3829082152776731,CM
,235560,Contig_62147.fasta,0.02185809014903929,8.847004394490082e-05,0.46791383906931655,CM
,235560,Contig_501081.fasta,0.00895083316461434,1.4908793991102241e-05,0.4338561326558336,CM
,235560,Contig_61231.fasta,0.01838011880342425,6.34875716495603e-05,0.4630517952195117,CM
,235560,Contig_24568074.fasta,0.013246833930241085,3.468156425014206e-05,0.4484080872729435,CM
,235560,Contig_546764.fasta,0.01531635572631673,4.457511741409684e-05,0.457617446522559,CM
,235560,Contig_137630.fasta,0.021989081367823383,9.815539940237466e-05,0.470501597857533,CM
,235560,Contig_498427.fasta,0.00794471318667834,1.1565292709052433e-05,0.4286888127066574,CM
,235560,Contig_24578527.fasta,0.01981021419055072,7.577366218069994e-05,0.46535438992473055,CM
,235560,Contig_132013.fasta,0.022983951330676555,0.00010030393947319228,0.46932180448276484,CM
,235560,Contig_62777.fasta,0.024152873937669385,0.0001152190922994545,0.4726402414841581,CM
,235560,Contig_550583.fasta,0.022821234919612778,0.00010507662685826347,0.4721633088489572,CM
,235560,Contig_53808.fasta,0.008639006267970631,1.2599945611162607e-05,0.4342587833589945,CM
,235560,Contig_802698.fasta,0.021605169311266867,9.036452968009044e-05,0.46861676421564,CM
,235560,Contig_369414.fasta,0.021911416643530822,9.213806962878309e-05,0.46838222129060714,CM
,235560,Contig_621060.fasta,0.021309410495353735,9.089319886018166e-05,0.47073826868140495,CM
,235560,Contig_992910.fasta,0.009416551235765673,1.6686310828884142e-05,0.4397686457418388,CM
,235560,Contig_4802.fasta,0.021067601430420538,9.447255056482908e-05,0.47073826868140495,CM
,235560,Contig_53766.fasta,0.013088234108122217,3.441386617171598e-05,0.45362466220971065,CM
,235560,Contig_201.fasta,0.006858782919706785,9.178102298501493e-06,0.4236431317965745,CM
,235560,Contig_425070.fasta,0.01740351814039991,5.6410693537368773e-05,0.45986618090350523,CM
,235560,Contig_425833.fasta,0.00928312370646226,1.2370520233827236e-05,0.433454227947491,CM
,235560,Contig_797704.fasta,0.011732704208776057,2.588986849723338e-05,0.4469091108589461,CM
,235560,Contig_627634.fasta,0.025141085692691408,0.00012639168499028127,0.47407683796283334,CM
,235560,Contig_991161.fasta,0.02290838176248326,0.00010866192725327934,0.4731181385938489,CM
,235560,Contig_545925.fasta,0.001357309083442396,0.0,0.3311492137787095,CM
,235560,Contig_131611.fasta,0.004752995843202317,3.798215076391858e-06,0.40407067277143055,CM
,235560,Contig_552125.fasta,0.01583793408127909,5.021343010953181e-05,0.4591892434438828,CM
,235560,Contig_138251.fasta,0.005675642895866606,5.292757030374935e-06,0.4108110966368012,CM
,235560,Contig_55132.fasta,0.012628018292056103,3.100650785468257e-05,0.45013356331824583,CM
,235560,Contig_139680.fasta,0.020263898260535814,7.674842470210144e-05,0.46767999906978164,CM
,235560,Contig_55177.fasta,0.004547062108686177,4.401564600166013e-06,0.40320020600544293,CM
,235560,Contig_1067090.fasta,0.018760348830217908,6.523006221195748e-05,0.4632810287815015,CM
,235560,Contig_501431.fasta,0.013731000102295174,3.39747620084148e-05,0.4518723699365684,CM
,235560,Contig_499446.fasta,0.01952728196367518,8.009433046846037e-05,0.46838222129060714,CM
,235560,Contig_136280.fasta,0.016606119720597043,5.297311396195995e-05,0.4603185824587472,CM
,235560,Contig_425598.fasta,0.0,0.0,0.0,CM
,235560,Contig_56039.fasta,0.010298879067414541,2.011053800199723e-05,0.4418449849568617,CM
,235560,Contig_59601.fasta,0.012858624353111511,3.2114893649029815e-05,0.4520906657674556,CM
,235560,Contig_502702.fasta,0.017432829453336993,6.176450173014105e-05,0.46351048941982814,CM
,235560,Contig_544473.fasta,0.022423787289036285,9.413406671877748e-05,0.46979301111377164,CM
,235560,Contig_551703.fasta,0.024214674905441,0.00011642917151514232,0.473357449741342,CM
,235560,Contig_988522.fasta,0.014210513268378671,3.521015962373169e-05,0.453185316289895,CM
,235560,Contig_371356.fasta,0.016267551729944724,5.2262740332246335e-05,0.4630517952195117,CM
,235560,Contig_626449.fasta,0.019625048187607613,7.632599186765977e-05,0.4660496405072874,CM
,235560,Contig_548610.fasta,0.0177195602009721,5.9539621945004016e-05,0.46122606118217496,CM
,235560,Contig_425664.fasta,0.008478712039492414,1.212261144973169e-05,0.43265264823792565,CM
,235560,Contig_24566569.fasta,0.0,0.0,0.0,CM
,235560,Contig_548279.fasta,0.0012277544666043922,0.0,0.31939511199270754,CM
,235560,Contig_58194.fasta,0.02090435980049113,8.356512977203321e-05,0.46767999906978164,CM
,235560,Contig_368907.fasta,0.018045019420846523,6.022749054394642e-05,0.4630517952195117,CM
,235560,Contig_131846.fasta,0.0011199033858803977,0.0,0.30773682280126047,CM
,235560,Contig_991730.fasta,0.025673240818016273,0.00012867308077808883,0.4745576461149255,CM
,235560,Contig_368942.fasta,0.0010714176282348431,0.0,0.3037415378573947,CM
,235560,Contig_501775.fasta,0.015407121037913274,4.528774310371053e-05,0.4585142960012901,CM
,235560,Contig_368101.fasta,0.023138361564541608,9.971916707232354e-05,0.470501597857533,CM
,235560,Contig_24.fasta,0.0025291715787229647,6.47039372508265e-07,0.36800144637775584,CM
,235560,Contig_1066255.fasta,0.02624890565347637,0.00013567221238011006,0.4750394305272249,CM
,235560,Contig_929331.fasta,0.018563772501449922,6.946300014605573e-05,0.46558590952170803,CM
,235560,Contig_987858.fasta,0.02210700531872905,9.059463387314563e-05,0.46791383906931655,CM
,235560,Contig_55763.fasta,0.015176087522830938,4.2558808200393947e-05,0.45605637336190696,CM
,235560,Contig_420346.fasta,0.009136057216204823,1.7272842790702908e-05,0.43832678132957054,CM
,235560,Contig_370486.fasta,0.016083824388140985,4.830744142456369e-05,0.4585142960012901,CM
,235560,Contig_420797.fasta,0.006235975979277946,6.165872583413567e-06,0.4187148448047575,CM
,235560,Contig_2842.fasta,0.003588399794669063,1.4020419894006864e-06,0.38559030825654433,CM
,235560,Contig_54955.fasta,0.021925879862687497,9.724590238015161e-05,0.470501597857533,CM
,235560,Contig_53894.fasta,0.01833099196353938,7.161222644685225e-05,0.4665142961807742,CM
,235560,Contig_54153.fasta,0.019571935936874105,7.889716627607078e-05,0.4669798793106951,CM
,235560,Contig_1061936.fasta,0.011804474603010276,2.487264419628002e-05,0.4471226364733077,CM
,235560,Contig_55116.fasta,0.024071670779856304,0.00011286231569991535,0.4721633088489572,CM
,235560,Contig_922.fasta,0.0,0.0,0.0,CM
,235560,Contig_552669.fasta,0.005440542504559801,4.8035113197197204e-06,0.40688159919071004,CM
,235560,Contig_1270681.fasta,0.01644798061684009,5.496584763315484e-05,0.46077187500671246,CM
,235560,Contig_986945.fasta,0.019811216700850585,7.843143605444123e-05,0.4669798793106951,CM
,235560,Contig_137360.fasta,0.02304798931475428,0.00010769409496802608,0.471925203297344,CM
,235560,Contig_985270.fasta,0.012011343729478577,2.701666948725598e-05,0.449484955878306,CM
,235560,Contig_59388.fasta,0.01212664792497183,2.6823901787593266e-05,0.44669578908765306,CM
,235560,Contig_138131.fasta,0.02184664999883345,9.619070233718027e-05,0.47097517772452596,CM
,235560,Contig_4065.fasta,0.023417131146299928,0.0001112679865913896,0.47383679905753573,CM
,235560,Contig_53742.fasta,0.0012183903758375407,0.0,0.3153058214752807,CM
,235560,Contig_371523.fasta,0.015560607059006689,5.037340696457131e-05,0.46122606118217496,CM
,235560,Contig_24574115.fasta,0.02118666407695321,8.561415898055199e-05,0.4688515421536238,CM
,235560,Contig_422544.fasta,0.008282668351148126,1.2210856274728565e-05,0.43026559914419915,CM
,235560,Contig_499233.fasta,0.020857192325886738,8.343852363808487e-05,0.46838222129060714,CM
,235560,Contig_542382.fasta,0.0,0.0,0.0,CM
,235560,Contig_542716.fasta,0.014026817489518416,3.895721775539671e-05,0.45450591458894274,CM
,235560,Contig_131534.fasta,0.0049463644631975254,3.946428281138283e-06,0.40776805147652856,CM
,235560,Contig_1066498.fasta,0.024345238237428075,0.00011186180844606826,0.47168733777148847,CM
,235560,Contig_137822.fasta,0.004743169500911801,3.370827772278318e-06,0.40250652823167016,CM
,235560,Contig_59872.fasta,0.023258135314411572,0.00010245243358037352,0.4700289694317595,CM
,235560,Contig_498523.fasta,0.0067971424390569505,8.018445262259487e-06,0.4224955657510759,CM
,235560,Contig_57119.fasta,0.023312551833632594,0.00010673095108449914,0.471925203297344,CM
,235560,Contig_1067031.fasta,0.007858874358817164,1.2678056347580649e-05,0.4290819248686993,CM
,235560,Contig_372145.fasta,0.007203198170085427,8.352733046576449e-06,0.4296729468037801,CM
,235560,Contig_1062612.fasta,0.009525642482812211,1.5862256201693383e-05,0.43914954394116995,CM
,235560,Contig_422254.fasta,0.027367900913914497,0.00015359272776965707,0.4774631010911394,CM
,235560,Contig_1123102.fasta,0.01615570181637567,5.027535836782895e-05,0.4594146677165602,CM
,235560,Contig_59049.fasta,0.01948972791822238,7.160389968138492e-05,0.46489204080408997,CM
,235560,Contig_209172.fasta,0.025443150532942806,0.00012839215534671435,0.47479841610280726,CM
,235560,Contig_56634.fasta,0.0038611455219245056,1.8973598033518662e-06,0.39536446055709046,CM
,235560,Contig_3298.fasta,0.0,0.0,0.0,CM
,235560,Contig_369021.fasta,0.018657045675232773,6.269474699265322e-05,0.4621371250067324,CM
,235560,Contig_304922.fasta,0.01761080617438728,5.8990647105897434e-05,0.4632810287815015,CM
,235560,Contig_930796.fasta,0.017567860173344267,6.024537839969281e-05,0.46351048941982814,CM
,235560,Contig_368021.fasta,0.016107719939185423,4.729360248211618e-05,0.4573937820814434,CM
,235560,Contig_545617.fasta,0.0,0.0,0.0,CM
,235560,Contig_131608.fasta,0.003826494253422099,1.9321161251420047e-06,0.39721038970230604,CM
,235560,Contig_370934.fasta,0.024532741349608377,0.00011646370239280032,0.47287906929693435,CM
,235560,Contig_369398.fasta,0.023189692047361304,0.00011296244650139481,0.473357449741342,CM
,235560,Contig_1064046.fasta,0.016694972909133514,5.249585643233382e-05,0.4621371250067324,CM
,235560,Contig_991399.fasta,0.024153624828370347,0.0001190581895889768,0.47383679905753573,CM
,235560,Contig_55830.fasta,0.023086330892574693,0.000106317277014654,0.4714497119086313,CM
,235560,Contig_57305.fasta,0.003532641489256391,1.6226022453166731e-06,0.3829082152776731,CM
,235560,Contig_1063323.fasta,0.02561287050080739,0.00012863520057180514,0.47479841610280726,CM
,235560,Contig_554259.fasta,0.0,0.0,0.0,CM
,235560,Contig_1066500.fasta,0.013871153831509605,3.3201954616998124e-05,0.4518723699365684,CM
,235560,Contig_59255.fasta,0.0021425217588214697,4.800907543337862e-07,0.3463462909469404,CM
,235560,Contig_371829.fasta,0.022942415484033796,0.00010668310505607629,0.4712123253467438,CM
,235560,Contig_500065.fasta,0.00839848545722414,1.3218423449019058e-05,0.43607999913263423,CM
,235560,Contig_368285.fasta,0.007101062776406346,9.888996271316957e-06,0.4269286852822231,CM
,235560,Contig_542537.fasta,0.003504698931443433,2.126879549240485e-06,0.38798825793475666,CM
,235560,Contig_986865.fasta,0.017942724633434583,6.0070057851107984e-05,0.46282278839695007,CM
,235560,Contig_60641.fasta,0.018913967200479692,6.621737859000866e-05,0.4639700932764666,CM
,235560,Contig_425558.fasta,0.0071677214957604615,9.369086809477929e-06,0.4259570678828553,CM
,235560,Contig_1262982.fasta,0.00842000143220498,1.203561585717708e-05,0.4316548330897754,CM
,235560,Contig_305.fasta,0.0025177702754700603,5.081898978805191e-07,0.36441887777984155,CM
,235560,Contig_420386.fasta,0.023016317659255107,0.00010394154294636847,0.47073826868140495,CM
,235560,Contig_553448.fasta,0.0012979275619723644,0.0,0.32641356056457377,CM
,235560,Contig_138817.fasta,0.006895738058528712,8.507969822097702e-06,0.42135419997236967,CM
,235560,Contig_371446.fasta,0.008194045423076916,1.1605096709179612e-05,0.43225296911715155,CM
,235560,Contig_994196.fasta,0.01978676317375011,7.579930738790092e-05,0.46489204080408997,CM
,235560,Contig_501364.fasta,0.02581567797459459,0.00013005524825346893,0.47479841610280726,CM
,235560,Contig_546659.fasta,0.015393691002198548,4.6701982890666486e-05,0.4547267629439422,CM
,235560,Contig_990528.fasta,0.025500507641097316,0.0001344867574792887,0.47624818225884635,CM
,235560,Contig_371562.fasta,0.025127447208045845,0.00012921434863982353,0.47528068976060595,CM
,235560,Contig_423997.fasta,0.027929343801357226,0.00015582091064972512,0.4774631010911394,CM
,235560,Contig_57926.fasta,0.004562494814169138,3.308474471736072e-06,0.4011263086749392,CM
,235560,Contig_309752.fasta,0.0043448979084885955,3.1803543042880923e-06,0.3940327065846876,CM
,235560,Contig_57120.fasta,0.013585449014729321,3.469271028382002e-05,0.449484955878306,CM
,235560,Contig_200999.fasta,0.010750226939265216,2.3076526220683602e-05,0.44648267086766846,CM
,235560,Contig_499237.fasta,0.007551530048437484,1.0048729021504813e-05,0.4332535546938116,CM
,235560,Contig_542386.fasta,0.002421860503293665,6.84197798954896e-07,0.36286455143025714,CM
,235560,Contig_131530.fasta,0.011627854219339744,2.5776357225581837e-05,0.4488382149345962,CM
,235560,Contig_501205.fasta,0.027667484143619244,0.0001512488338411463,0.47649067115001686,CM
,235560,Contig_2219.fasta,0.0,0.0,0.0,CM
,235560,Contig_139618.fasta,0.027359162358026753,0.00014770766713953279,0.47600594005016944,CM
,235560,Contig_549709.fasta,0.006410126691219142,7.863023169038158e-06,0.42790474537660406,CM
,235560,Contig_502136.fasta,0.025419315221125623,0.0001256507591006028,0.4743171201919073,CM
,235560,Contig_132297.fasta,0.015177436777983569,4.7025722665974714e-05,0.4591892434438828,CM
,235560,Contig_305531.fasta,0.028828737642270775,0.00016579155943118948,0.4781950322629704,CM
,235560,Contig_61421.fasta,0.02632352522706717,0.00013932529832087347,0.47600594005016944,CM
,235560,Contig_500205.fasta,0.00605782026389561,5.338621365927627e-06,0.41555403114504136,CM
,235560,Contig_59070.fasta,0.02658246523542224,0.00013788056264152669,0.47528068976060595,CM
,235560,Contig_929505.fasta,0.017863899385871945,6.287354505987726e-05,0.4644306094980809,CM
,235560,Contig_24570476.fasta,0.018992909200981303,7.206173023149199e-05,0.4669798793106951,CM
,235560,Contig_53402.fasta,0.017779123565397632,5.93873890436433e-05,0.46259400797757444,CM
,235560,Contig_53447.fasta,0.019948052412228818,7.833681910559615e-05,0.4665142961807742,CM
,235560,Contig_137449.fasta,0.008653487544981919,1.0753534907985571e-05,0.4324527163302371,CM
,235560,Contig_133990.fasta,0.0,0.0,0.0,CM
,235560,Contig_134851.fasta,0.02294306127381653,0.00010432054718216863,0.47097517772452596,CM
,235560,Contig_425439.fasta,0.01893101055476202,7.482333686213978e-05,0.4674463926766399,CM
,235560,Contig_131631.fasta,0.00467605926134075,3.2057119237158705e-06,0.40164278031700995,CM
,235560,Contig_1261393.fasta,0.012563979926701855,3.140024157318929e-05,0.4520906657674556,CM
,235560,Contig_369735.fasta,0.011653161606482224,2.3001234871460448e-05,0.44584453460630447,CM
,235560,Contig_56198.fasta,0.024122683312085152,0.00011636455964728741,0.47287906929693435,CM
,235560,Contig_307546.fasta,0.005112199129246779,4.125568313677342e-06,0.4124405809337299,CM
,235560,Contig_303510.fasta,0.0009342347756069086,0.0,0.29217223794524916,CM
,235560,Contig_372408.fasta,0.003536352700284198,1.5126537212172236e-06,0.3865459224034007,CM
,235560,Contig_131842.fasta,0.005514964596752744,5.8807809938118214e-06,0.40741300746131176,CM
,235560,Contig_368140.fasta,0.01675803970313912,5.578578715537967e-05,0.46259400797757444,CM
,235560,Contig_986732.fasta,0.01642677534825327,5.5405469244473114e-05,0.4619090217860973,CM
,235560,Contig_302982.fasta,0.007115533849862766,9.908043866720009e-06,0.4267340073591578,CM
,235560,Contig_988949.fasta,0.014672267840739543,4.033983116763619e-05,0.45252789078270456,CM
,235560,Contig_61678.fasta,0.026421116514871855,0.00013591097701889015,0.4743171201919073,CM
,235560,Contig_498868.fasta,0.0150734713260659,4.4295603713496256e-05,0.4573937820814434,CM
,235560,Contig_1065964.fasta,0.0,0.0,0.0,CM
,235560,Contig_57454.fasta,0.024807881979486114,0.0001285708505779374,0.47600594005016944,CM
,235560,Contig_370810.fasta,0.016310918528602402,4.846855111436777e-05,0.457617446522559,CM
,235560,Contig_372325.fasta,0.027806826800653266,0.0001587664328818427,0.47868423434201185,CM
,235560,Contig_542961.fasta,0.0035538497301688655,1.5895052720819695e-06,0.38750628494353334,CM
,235560,Contig_58291.fasta,0.011988851251647958,2.636219124282467e-05,0.44905358835826925,CM
,235560,Contig_555161.fasta,0.01746438737567755,5.7372477715237985e-05,0.4621371250067324,CM
,235560,Contig_711078.fasta,0.02303882021322376,0.0001039709599612462,0.47073826868140495,CM
,235560,Contig_502392.fasta,0.013719487593887789,3.453150127417876e-05,0.449484955878306,CM
,235560,Contig_553434.fasta,0.01361449697307502,3.492769428970958e-05,0.45013356331824583,CM
,235560,Contig_135566.fasta,0.01968356455181865,7.971074670609121e-05,0.46791383906931655,CM
,235560,Contig_201082.fasta,0.016176117531337655,5.152828511389188e-05,0.4591892434438828,CM
,235560,Contig_544432.fasta,0.013950812610311268,4.125095359130599e-05,0.45694710846612946,CM
,235560,Contig_132870.fasta,0.011150295971994482,2.285344062862967e-05,0.4471226364733077,CM
,235560,Contig_553471.fasta,0.020370641494968342,8.057048250004245e-05,0.4662818525852681,CM
,235560,Contig_1037.fasta,0.0,0.0,0.0,CM
,235560,Contig_702135.fasta,0.014972142168388065,4.1453058203359305e-05,0.4542852806498219,CM
,235560,Contig_61579.fasta,0.01323242093898801,2.8813671605436256e-05,0.4497009505711836,CM
,235560,Contig_56384.fasta,0.023191283821209135,0.0001045263857984193,0.47168733777148847,CM
,235560,Contig_371783.fasta,0.009435883652135362,1.4553739745206254e-05,0.4375070959039893,CM
,235560,Contig_303179.fasta,0.004666134925007047,3.206828316597344e-06,0.40250652823167016,CM
,235560,Contig_370352.fasta,0.015751442183349392,4.806528362208178e-05,0.4573937820814434,CM
,235560,Contig_422425.fasta,0.012839799771131085,3.133105875547153e-05,0.4499171529512659,CM
,235560,Contig_1063026.fasta,0.015295265616930582,4.7228601877486e-05,0.4591892434438828,CM
,235560,Contig_371407.fasta,0.02868600208386339,0.00016444163496092337,0.47770682906515216,CM
,235560,Contig_4902.fasta,0.02185072903513264,9.451767866916988e-05,0.46908655545796146,CM
,235560,Contig_4141.fasta,0.02014710277220645,8.543790013350245e-05,0.46932180448276484,CM
,235560,Contig_53623.fasta,0.017710377469435917,6.052358636661833e-05,0.4623654536258069,CM
,235560,Contig_992810.fasta,0.012195997506689664,3.1130974562772735e-05,0.4520906657674556,CM
,235560,Contig_544367.fasta,0.0012183903758375407,0.0,0.3153058214752807,CM
,235560,Contig_58581.fasta,0.018792457295843473,6.767648233405054e-05,0.46558590952170803,CM
,235560,Contig_58115.fasta,0.021523307357640416,8.997783026544291e-05,0.46838222129060714,CM
,235560,Contig_550017.fasta,0.005084224082043515,3.5239553018646e-06,0.4118959850962293,CM
,235560,Contig_368514.fasta,0.00699923011638149,8.025546115176923e-06,0.42634518366224744,CM
,235560,Contig_370392.fasta,0.022240684065018057,9.60081504600421e-05,0.47073826868140495,CM
,235560,Contig_208096.fasta,0.004623591434216266,2.8226628299613043e-06,0.39992635817890304,CM
,235560,Contig_4205.fasta,0.0023138365729541504,6.359618724663552e-07,0.35732251933510234,CM
,235560,Contig_1064672.fasta,0.019081049450146038,7.058243773682127e-05,0.46581765960111154,CM
,235560,Contig_59251.fasta,0.008941354777964403,1.3625490149685456e-05,0.4338561326558336,CM
,235560,Contig_3038.fasta,0.012850777914673496,3.342106377327371e-05,0.45450591458894274,CM
,235560,Contig_135971.fasta,0.022240578133601977,9.519959012400603e-05,0.4700289694317595,CM
,235560,Contig_502317.fasta,0.010568200406061077,1.7665173508085064e-05,0.44018235095890546,CM
,235560,Contig_61645.fasta,0.011708526999037515,2.4230311475819255e-05,0.44584453460630447,CM
,235560,Contig_62576.fasta,0.02101998254630131,8.835794935847582e-05,0.46955728958285653,CM
,235560,Contig_542533.fasta,0.003504031648954728,1.8321193730474687e-06,0.3865459224034007,CM
,235560,Contig_131711.fasta,0.009691254534553113,1.804696550232486e-05,0.4399754010994984,CM
,235560,Contig_422009.fasta,0.008195496897808659,1.1849870367812512e-05,0.42987031609491644,CM
,235560,Contig_62533.fasta,0.01971428366337542,7.548709628546324e-05,0.46535438992473055,CM
,235560,Contig_993317.fasta,0.02783481157181303,0.0001547686539112822,0.4774631010911394,CM
,235560,Contig_985521.fasta,0.002172003312367683,5.332027278632496e-07,0.3486690306030675,CM
,235560,Contig_543303.fasta,0.013132467944032717,3.443172017948364e-05,0.45384465477140307,CM
,235560,Contig_929538.fasta,0.011685989479829696,2.71081123498667e-05,0.4492691685735156,CM
,235560,Contig_542346.fasta,0.0,0.0,0.0,CM
,235560,Contig_58424.fasta,0.005618751200092405,5.874150246144156e-06,0.4081237148445849,CM
,235560,Contig_797832.fasta,0.019981785782662798,7.919386642341707e-05,0.46861676421564,CM
,235560,Contig_368823.fasta,0.024510327783436568,0.00012139092864436765,0.47383679905753573,CM
,235560,Contig_548470.fasta,0.004419168444834497,2.767029899915495e-06,0.39436480326111806,CM
,235560,Contig_57574.fasta,0.027780773380478144,0.00015421931120429262,0.4772196216923167,CM
,235560,Contig_988707.fasta,0.024367960125464404,0.00011546534964887652,0.4724016547898198,CM
,235560,Contig_421262.fasta,0.021257014681591434,8.889547860911292e-05,0.46861676421564,CM
,235560,Contig_985249.fasta,0.012769477371307318,2.995996000624515e-05,0.4523091726141291,CM
,235560,Contig_371975.fasta,0.014760328654666017,3.837398547138001e-05,0.4534048828191052,CM
,235560,Contig_56531.fasta,0.02227400460262167,9.509455794664606e-05,0.46979301111377164,CM
,235560,Contig_1063517.fasta,0.01613463938707951,4.977198903837976e-05,0.4585142960012901,CM
,235560,Contig_990987.fasta,0.02112149258834304,8.991728441210221e-05,0.46908655545796146,CM
,235560,Contig_993626.fasta,0.015035708041462403,4.428073030896322e-05,0.45694710846612946,CM
,235560,Contig_542496.fasta,0.004714972642952772,3.587287255620977e-06,0.40512020698642126,CM
,235560,Contig_372104.fasta,0.025567294071168933,0.00013267385206481102,0.4755221941761347,CM
,235560,Contig_131548.fasta,0.013200255924591007,3.563297882790932e-05,0.4534048828191052,CM
,235560,Contig_308042.fasta,0.011837508160504903,2.4642703361609013e-05,0.4456322276850634,CM
,235560,Contig_421163.fasta,0.004638098685421563,4.070566293562415e-06,0.4044199127651828,CM
,235560,Contig_54197.fasta,0.014787665967965003,4.067512022824804e-05,0.45406486081447506,CM
,235560,Contig_990000.fasta,0.022429070176909215,9.781996851045234e-05,0.46979301111377164,CM
,235560,Contig_369631.fasta,0.019945058527767675,8.266049136399678e-05,0.46908655545796146,CM
,235560,Contig_543552.fasta,0.017181800707525084,5.3861667928878146e-05,0.45806543227539553,CM
,235560,Contig_542517.fasta,0.01816377256719562,6.121044301307537e-05,0.46145349020642656,CM
,235560,Contig_131735.fasta,0.01178226698971682,2.501412014518133e-05,0.44669578908765306,CM
,235560,Contig_5549.fasta,0.010478875272765606,2.123112477497704e-05,0.44247171543197783,CM
,235560,Contig_501494.fasta,0.014077556744166433,3.790937087840295e-05,0.4565013064090893,CM
,235560,Contig_1062303.fasta,0.021114356582712157,9.157454933527802e-05,0.47073826868140495,CM
,235560,Contig_368159.fasta,0.00839895054577219,1.3526115331611788e-05,0.43730265333580987,CM
,235560,Contig_1199449.fasta,0.01283666184190677,3.316116418992043e-05,0.4527468205798902,CM
,235560,Contig_704055.fasta,0.015230309209436486,4.321188238900789e-05,0.4567240986523344,CM
,235560,Contig_55016.fasta,0.008453583525450852,1.0793883803041173e-05,0.4324527163302371,CM
,235560,Contig_54053.fasta,0.007570244735182573,8.921759835516238e-06,0.4312569945339323,CM
,235560,Contig_546419.fasta,0.010896059356388252,2.23281563493002e-05,0.44331012701972194,CM
,235560,Contig_59189.fasta,0.023745944672477003,0.00010879329670563046,0.470501597857533,CM
,235560,Contig_59558.fasta,0.007148201225067089,1.0010872067627959e-05,0.42829642020074743,CM
,235560,Contig_546876.fasta,0.003452464284532612,1.6984419729834723e-06,0.3830649521648109,CM
,235560,Contig_548299.fasta,0.019499839364906898,7.153137241658759e-05,0.46512310046651745,CM
,235560,Contig_60525.fasta,0.010557127923809438,2.014353960623882e-05,0.44457371883070457,CM
,235560,Contig_550033.fasta,0.0012236834473922395,0.0,0.31841703917612557,CM
,235560,Contig_208849.fasta,0.019806157275761325,7.574351941776367e-05,0.4665142961807742,CM
,235560,Contig_57061.fasta,0.02138284804920677,8.828276936315458e-05,0.46955728958285653,CM
,235560,Contig_1062496.fasta,0.018162591590358008,5.9247490722910424e-05,0.46259400797757444,CM
,235560,Contig_303608.fasta,0.013580347028761583,3.2941309460103574e-05,0.4484080872729435,CM
,235560,Contig_420777.fasta,0.01987876308515482,7.488615295649468e-05,0.46512310046651745,CM
,235560,Contig_1063002.fasta,0.020083740896841465,7.715641394742291e-05,0.4662818525852681,CM
,235560,Contig_54352.fasta,0.002596245476415208,9.140779417341753e-07,0.37418139869597483,CM
,235560,Contig_1063047.fasta,0.004604617333087567,3.383699687540454e-06,0.40164278031700995,CM
,235560,Contig_53607.fasta,0.022837104161882404,0.00010029153283992426,0.4714497119086313,CM
,235560,Contig_372120.fasta,0.02195771086065242,9.361798070832962e-05,0.4688515421536238,CM
,235560,Contig_549384.fasta,0.021773704235656586,9.280665664875251e-05,0.46955728958285653,CM
,235560,Contig_1061993.fasta,0.019597758406326656,7.391765993805209e-05,0.46466121059515053,CM
,235560,Contig_553689.fasta,0.006886099605709638,7.852790009738336e-06,0.42441164541434606,CM
,235560,Contig_990531.fasta,0.024512585945705274,0.00011992449001740872,0.47383679905753573,CM
,235560,Contig_554020.fasta,0.013674744544455306,3.68669303903589e-05,0.45143641010064306,CM
,235560,Contig_502647.fasta,0.012806603839340262,3.1063817604071045e-05,0.45013356331824583,CM
,235560,Contig_135462.fasta,0.009696148539050074,1.6206346248164147e-05,0.44122002741095384,CM
,235560,Contig_1063919.fasta,0.014155432835787225,3.608834592291962e-05,0.45406486081447506,CM
,235560,Contig_372299.fasta,0.011662764615292464,2.6195210299590563e-05,0.44669578908765306,CM
,235560,Contig_622402.fasta,0.021860594788171584,8.871307015418743e-05,0.4681479130258295,CM
,235560,Contig_1065023.fasta,0.02059783751938721,8.307506594387731e-05,0.4674463926766399,CM
,235560,Contig_552588.fasta,0.008245975355332953,1.1882683412892992e-05,0.43285276509650006,CM
,235560,Contig_367957.fasta,0.014035232818340768,4.107395406439899e-05,0.457617446522559,CM
,235560,Contig_308367.fasta,0.02303748140561704,9.801896975659542e-05,0.46955728958285653,CM
,235560,Contig_59368.fasta,0.025510957186511467,0.00013407687547716793,0.47576394414775447,CM
,235560,Contig_705620.fasta,0.019850602286900568,7.817999622847341e-05,0.46558590952170803,CM
,235560,Contig_305590.fasta,0.021741538123070593,9.07077752778348e-05,0.46861676421564,CM
,235560,Contig_554364.fasta,0.013257113236540646,3.191223964014056e-05,0.4523091726141291,CM
,235560,Contig_502546.fasta,0.013709243808175899,3.840939957946749e-05,0.4523091726141291,CM
,235560,Contig_985191.fasta,0.01637107229885186,5.0332068234705076e-05,0.4591892434438828,CM
,235560,Contig_425799.fasta,0.025242586405781402,0.0001229140831014696,0.47287906929693435,CM
,235560,Contig_368001.fasta,0.017694195147382265,6.0747011463272524e-05,0.46259400797757444,CM
,235560,Contig_501675.fasta,0.021044413033173278,8.332738164787653e-05,0.4669798793106951,CM
,235560,Contig_62362.fasta,0.014154696132065011,3.7657053547288594e-05,0.45406486081447506,CM
,235560,Contig_60857.fasta,0.01428953723688643,4.031271401197239e-05,0.4578413298134213,CM
,235560,Contig_202275.fasta,0.013122593778826514,3.1832447359239384e-05,0.4523091726141291,CM
,235560,Contig_131650.fasta,0.02188529546035166,9.951833256803917e-05,0.4714497119086313,CM
,235560,Contig_542472.fasta,0.006100117629038495,4.848936210864057e-06,0.41592341250605913,CM
,235560,Contig_547680.fasta,0.009003787674424904,1.5816531673876656e-05,0.433454227947491,CM
,235560,Contig_499586.fasta,0.006038246529263079,6.243178447576396e-06,0.42003037618430566,CM
,235560,Contig_136305.fasta,0.021842160457410324,9.033527556494851e-05,0.4681479130258295,CM
,235560,Contig_369711.fasta,0.014253855196775373,3.6807881652820915e-05,0.45494782602753187,CM
,235560,Contig_61741.fasta,0.02176233536955967,9.176156030391635e-05,0.46838222129060714,CM
,235560,Contig_498586.fasta,0.023190804017252358,0.00010598314677174107,0.4714497119086313,CM
,235560,Contig_138210.fasta,0.002452501112149385,7.559713400849261e-07,0.36598657729316897,CM
,235560,Contig_1522.fasta,0.005137095249511311,3.6243314370654187e-06,0.4124405809337299,CM
,235560,Contig_54173.fasta,0.002227747052472394,4.945723051541042e-07,0.348539172491111,CM
,235560,Contig_58478.fasta,0.011978064004621777,2.7013321101636742e-05,0.4488382149345962,CM
,235560,Contig_2611.fasta,0.020801156114420884,8.75474417591626e-05,0.46932180448276484,CM
,235560,Contig_547115.fasta,0.02424953467303045,0.00011833806612594691,0.473357449741342,CM
,235560,Contig_368410.fasta,0.019440141800111607,7.269218333970465e-05,0.4660496405072874,CM
,235560,Contig_547150.fasta,0.01083714285490474,2.311401768268373e-05,0.4456322276850634,CM
,235560,Contig_550156.fasta,0.01839960234042514,7.313244860129721e-05,0.4674463926766399,CM
,235560,Contig_60405.fasta,0.019515948568149255,7.267292878036118e-05,0.4644306094980809,CM
,235560,Contig_59852.fasta,0.029058495019205266,0.00017119629801779263,0.4789292109204878,CM
,235560,Contig_985114.fasta,0.015080727185806051,3.9728397338240885e-05,0.4547267629439422,CM
,235560,Contig_502586.fasta,0.01862960743825891,6.36846922056223e-05,0.46282278839695007,CM
,235560,Contig_201696.fasta,0.00685475581141389,9.00251243183069e-06,0.4230685705870855,CM
,235560,Contig_56590.fasta,0.01195590685825867,2.5929138448782802e-05,0.4469091108589461,CM
,235560,Contig_369378.fasta,0.021886996839397217,9.339868555196072e-05,0.46838222129060714,CM
,235560,Contig_424031.fasta,0.02573327876443197,0.0001313325397869957,0.4750394305272249,CM
,235560,Contig_549045.fasta,0.0,0.0,0.0,CM
,235560,Contig_138952.fasta,0.01818300081757065,6.0677050276731436e-05,0.46259400797757444,CM
,235560,Contig_500549.fasta,0.016890078376510385,5.410615769802631e-05,0.4616811436303074,CM
,235560,Contig_54272.fasta,0.019921336679113662,7.670507010058103e-05,0.4669798793106951,CM
,235560,Contig_53762.fasta,0.021464975775603527,8.832090081254181e-05,0.46979301111377164,CM
,235560,Contig_57141.fasta,0.003913356826506656,1.7830442685667897e-06,0.3983940732816659,CM
,235560,Contig_420657.fasta,0.0,0.0,0.0,CM
,235560,Contig_804876.fasta,0.021304173686044873,9.171465315645127e-05,0.470501597857533,CM
,235560,Contig_367997.fasta,0.008671209220126253,1.1886801940677743e-05,0.4273185744925265,CM
,235560,Contig_54093.fasta,0.020585260869814753,7.975482000332808e-05,0.46535438992473055,CM
,235560,Contig_985009.fasta,0.003292550288361165,1.4781818327517486e-06,0.3770458010228175,CM
,235560,Contig_209831.fasta,0.0173247812209603,5.351637904637409e-05,0.46009227047130435,CM
,235560,Contig_59149.fasta,0.02889630180837639,0.00016598109226101723,0.4781950322629704,CM
,235560,Contig_54407.fasta,0.01670052016790975,5.6849804283147864e-05,0.4630517952195117,CM
,235560,Contig_305408.fasta,0.011916457045632132,2.657272041468093e-05,0.44905358835826925,CM
,235560,Contig_501379.fasta,0.017386949565220248,5.407802985668049e-05,0.4582897542304766,CM
,235560,Contig_55093.fasta,0.0190769924433526,6.48753428224989e-05,0.4644306094980809,CM
,235560,Contig_806573.fasta,0.013420446784791751,3.571585315715783e-05,0.4567240986523344,CM
,235560,Contig_60235.fasta,0.027827958355720966,0.0001572226674827419,0.4779508059952161,CM
,235560,Contig_501085.fasta,0.0010185179402441443,0.0,0.299656637252204,CM
,235560,Contig_302635.fasta,0.01770405290226567,6.256351554037062e-05,0.464200237171941,CM
,235560,Contig_213217.fasta,0.0011333997539781301,0.0,0.3104935892961623,CM
,235560,Contig_204678.fasta,0.001298317914442844,0.0,0.32595878723045385,CM
,235560,Contig_498809.fasta,0.02676339394357818,0.0001401353028778815,0.47600594005016944,CM
,235560,Contig_134968.fasta,0.011921315038647337,2.681987653932242e-05,0.449484955878306,CM
,235560,Contig_555569.fasta,0.005454878411369902,4.150087250443582e-06,0.4081237148445849,CM
,235560,Contig_420323.fasta,0.0038452367491488802,1.7138966881788113e-06,0.39238057783590485,CM
,235560,Contig_7.fasta,0.001228817664757146,0.0,0.31841703917612557,CM
,235560,Contig_370077.fasta,0.024390148214656956,0.0001239763653322654,0.4750394305272249,CM
,235560,Contig_24574329.fasta,0.014957933713402507,4.627778071703975e-05,0.4573937820814434,CM
,235560,Contig_207266.fasta,0.02348683088545627,0.00010855465281479584,0.4714497119086313,CM
,235560,Contig_499722.fasta,0.01552720208182146,4.929947211934278e-05,0.46054511719420915,CM
,235560,Contig_1201189.fasta,0.023252153293356965,0.00010423487954635328,0.47168733777148847,CM
,235560,Contig_500710.fasta,0.023739734520572264,0.00010961834843995868,0.4731181385938489,CM
,235560,Contig_135292.fasta,0.019646359237149493,7.07142983423613e-05,0.46351048941982814,CM
,235560,Contig_204110.fasta,0.0,0.0,0.0,CM
,235560,Contig_500384.fasta,0.02868600208386339,0.00016444163496092337,0.47770682906515216,CM
,235560,Contig_4002.fasta,0.001180429799918354,0.0,0.31403613360356813,CM
,235560,Contig_421610.fasta,0.006091697080794115,7.1886288066593175e-06,0.42230490890732536,CM
,235560,Contig_138156.fasta,0.021472415274934882,9.394874359182928e-05,0.47168733777148847,CM
,235560,Contig_792548.fasta,0.01412582891473158,3.382215070987752e-05,0.4505670092145561,CM
,235560,Contig_131553.fasta,0.004666868584246683,3.370452118828655e-06,0.40476975698037765,CM
,235560,Contig_368086.fasta,0.006977896447627585,9.68217857779358e-06,0.4265395069000151,CM
,235560,Contig_544261.fasta,0.004694735493110547,3.4866074341991886e-06,0.40424521733850244,CM
,235560,Contig_796891.fasta,0.017909613101168058,6.095311087217744e-05,0.46351048941982814,CM
,235560,Contig_137006.fasta,0.002361154220582522,6.976088061658347e-07,0.36272390625528417,CM
,235560,Contig_546911.fasta,0.0012763395720947492,0.0,0.3222547101028351,CM
,235560,Contig_369838.fasta,0.010965063605436703,2.121476886041652e-05,0.4456322276850634,CM
,235560,Contig_426807.fasta,0.021841474973547343,9.921556533120492e-05,0.47097517772452596,CM
,235560,Contig_54932.fasta,0.022012570946675556,9.226717480502891e-05,0.46861676421564,CM
,235560,Contig_931789.fasta,0.004595223828835941,2.6897345429114337e-06,0.3990736367328926,CM
,235560,Contig_1064731.fasta,0.009503963062813748,1.450208611171145e-05,0.43730265333580987,CM
,235560,Contig_135719.fasta,0.015824038431768526,5.0944322899464097e-05,0.4594146677165602,CM
,235560,Contig_499678.fasta,0.0,0.0,0.0,CM
,235560,Contig_542470.fasta,0.020870540406128648,8.88844983925102e-05,0.4688515421536238,CM
,235560,Contig_368756.fasta,0.007214288151853171,8.517027559885116e-06,0.4277091764801797,CM
,235560,Contig_420279.fasta,0.009548910365902104,1.750179907530487e-05,0.44059683528184235,CM
,235560,Contig_993254.fasta,0.021582284556102855,9.00832066639668e-05,0.46721301954000655,CM
,235560,Contig_985217.fasta,0.018668052911592653,6.395455702019026e-05,0.4639700932764666,CM
,235560,Contig_61392.fasta,0.011505449721035501,2.5041448168598688e-05,0.4462697559077888,CM
,235560,Contig_502254.fasta,0.016390964539377457,5.452811211957977e-05,0.46259400797757444,CM
,235560,Contig_500961.fasta,0.025867890392410633,0.00013586771367819593,0.47600594005016944,CM
,235560,Contig_544966.fasta,0.003317172817576425,1.421322577178463e-06,0.3802631768137477,CM
,235560,Contig_133780.fasta,0.016563832014895218,5.6974233398225186e-05,0.4630517952195117,CM
,235560,Contig_62691.fasta,0.01286573884010778,3.1754592936749126e-05,0.45035018197239324,CM
,235560,Contig_368166.fasta,0.013636532743040516,3.670598201450359e-05,0.45494782602753187,CM
,235560,Contig_429761.fasta,0.0021146645755252625,6.695987795715662e-07,0.3462181569140337,CM
,235560,Contig_302536.fasta,0.018814700044083466,7.213055914815299e-05,0.4674463926766399,CM
,235560,Contig_987380.fasta,0.019799996221190625,7.818005222433658e-05,0.46791383906931655,CM
,235560,Contig_554697.fasta,0.0,0.0,0.0,CM
,235560,Contig_549533.fasta,0.020392640572450296,7.94565334503904e-05,0.46861676421564,CM
,235560,Contig_3825.fasta,0.0023476578524847897,5.570525143311253e-07,0.3613234278527541,CM
,235560,Contig_43.fasta,0.0024854842952258083,5.493718057973151e-07,0.365700538545773,CM
,235560,Contig_542528.fasta,0.012954248256208254,2.875065279787887e-05,0.45013356331824583,CM
,235560,Contig_993798.fasta,0.024383680096718496,0.00011865727493185339,0.473357449741342,CM
,235560,Contig_24569072.fasta,0.007277055569406099,9.732831113052743e-06,0.4296729468037801,CM
,235560,Contig_545414.fasta,0.0023250320654117193,4.6151326635862374e-07,0.3560988120771055,CM
,235560,Contig_53638.fasta,0.0166274118959081,5.6735124229076067e-05,0.46282278839695007,CM
,235560,Contig_137636.fasta,0.009755255287840997,1.5976887774015875e-05,0.4389435638548935,CM
,235560,Contig_59666.fasta,0.003385496308138231,1.3778126010710572e-06,0.3827516066006679,CM
,235560,Contig_302672.fasta,0.018985453179288365,7.171984223137782e-05,0.4665142961807742,CM
,235560,Contig_310012.fasta,0.0031653254868335753,1.3988443442317325e-06,0.3701849992636998,CM
,235560,Contig_795668.fasta,0.016194220204608763,4.8266597121911746e-05,0.4567240986523344,CM
,235560,Contig_372002.fasta,0.01091463644498232,2.2296951351179636e-05,0.4437305254332068,CM
,235560,Contig_309907.fasta,0.025642458675255556,0.00012922538408836868,0.4745576461149255,CM
,235560,Contig_2477.fasta,0.011613149311933921,2.4889515290062608e-05,0.44542012286465166,CM
,235560,Contig_327.fasta,0.006694924020380696,9.181257481105118e-06,0.42479694876923885,CM
,235560,Contig_139033.fasta,0.019511603100241512,7.397514650205719e-05,0.46535438992473055,CM
,235560,Contig_993758.fasta,0.026859547279042766,0.0001413157211151663,0.4755221941761347,CM
,235560,Contig_56026.fasta,0.010598565726500527,2.0957557949851376e-05,0.4452082198566285,CM
,235560,Contig_1395.fasta,0.0035092267776646703,1.8186325320774276e-06,0.3881491821396238,CM
,235560,Contig_543139.fasta,0.012046200951154338,2.6267502955654478e-05,0.44905358835826925,CM
,235560,Contig_626881.fasta,0.008579656374958751,1.3184307436213444e-05,0.43730265333580987,CM
,235560,Contig_1270016.fasta,0.0,0.0,0.0,CM
,235560,Contig_55438.fasta,0.014604701735192065,4.626574474781274e-05,0.457617446522559,CM
,235560,Contig_501797.fasta,0.010523258747099461,2.2885979689891886e-05,0.4462697559077888,CM
,235560,Contig_5266.fasta,0.022252365408443137,9.575451389164154e-05,0.46979301111377164,CM
,235560,Contig_1065654.fasta,0.0022386125046963074,6.450427578833728e-07,0.3506285792951042,CM
,235560,Contig_420474.fasta,0.002596245476415208,9.140779417341753e-07,0.37418139869597483,CM
,235560,Contig_53541.fasta,0.0,0.0,0.0,CM
,235560,Contig_54857.fasta,0.0035148527289462542,1.6822642650852702e-06,0.384797565024109,CM
,235560,Contig_53504.fasta,0.017241097686602414,5.54205352575875e-05,0.4603185824587472,CM
,235560,Contig_426927.fasta,0.02124078699943178,8.748283886555105e-05,0.46932180448276484,CM
,235560,Contig_987729.fasta,0.00925454749354034,1.7978203818959956e-05,0.4379165550484947,CM
,235560,Contig_498389.fasta,0.02222405736793986,9.72522286579394e-05,0.4700289694317595,CM
,235560,Contig_544728.fasta,0.022481213655621283,0.00010029948252712509,0.4714497119086313,CM
,235560,Contig_137227.fasta,0.01292010309205195,3.61402777291602e-05,0.45694710846612946,CM
,235560,Contig_544635.fasta,0.009418082182417357,1.6850412560609227e-05,0.44018235095890546,CM
,235560,Contig_498294.fasta,0.008217899672173378,1.1732841989798285e-05,0.4310583501329494,CM
,235560,Contig_54109.fasta,0.01308806930463028,3.4588215533978606e-05,0.45406486081447506,CM
,235560,Contig_53419.fasta,0.018592479081527395,7.190400775466294e-05,0.46721301954000655,CM
,235560,Contig_62325.fasta,0.002443391189792154,6.039601243095893e-07,0.36356941652627545,CM
,235560,Contig_622395.fasta,0.023020278334421277,9.933700159278753e-05,0.46955728958285653,CM
,235560,Contig_60482.fasta,0.01762175836199958,6.574529169408916e-05,0.4644306094980809,CM
,235560,Contig_420569.fasta,0.004714519961579672,2.7865465419462845e-06,0.4004397424641134,CM
,235560,Contig_368046.fasta,0.016387485500042567,5.276625482503925e-05,0.4603185824587472,CM
,235560,Contig_1062259.fasta,0.003518806984456081,1.5754773882838271e-06,0.3876668095023335,CM
,235560,Contig_499294.fasta,0.021962400892959914,9.428187989920156e-05,0.46979301111377164,CM
,235560,Contig_548087.fasta,0.012097207051670727,2.638697416599009e-05,0.44478501812672677,CM
,235560,Contig_5087.fasta,0.0020456627708082256,4.595575075542593e-07,0.34005366211432886,CM
,235560,Contig_1064064.fasta,0.001022618372941072,0.0,0.2994648570043626,CM
,235560,Contig_54661.fasta,0.021823030799754027,9.183588326320038e-05,0.46861676421564,CM
,235560,Contig_990919.fasta,0.009136925845667008,1.616461002931614e-05,0.4368943408677092,CM
,235560,Contig_61352.fasta,0.023131966201089968,0.00010870814944880394,0.47287906929693435,CM
,235560,Contig_555022.fasta,0.0038156978374424243,2.121000956514115e-06,0.394531061609879,CM
,235560,Contig_57616.fasta,0.02186247705001434,9.811044291628472e-05,0.4714497119086313,CM
,235560,Contig_370211.fasta,0.012011909513372932,2.6692415689778743e-05,0.4499171529512659,CM
,235560,Contig_1067056.fasta,0.013115488408882487,3.4245497973648904e-05,0.4547267629439422,CM
,235560,Contig_56653.fasta,0.018264058618077082,6.778792740455031e-05,0.4637401774720679,CM
,235560,Contig_992350.fasta,0.014901210360087014,4.280936209962518e-05,0.45605637336190696,CM
,235560,Contig_61602.fasta,0.0021519176942222744,5.361096680717356e-07,0.3480207058901573,CM
,235560,Contig_135130.fasta,0.017023976445812616,5.793932776228365e-05,0.4616811436303074,CM
,235560,Contig_1063408.fasta,0.022238932108766988,9.539279681536003e-05,0.47026516489378545,CM
,235560,Contig_206987.fasta,0.0024313273159504946,8.335715217486444e-07,0.36655999927090993,CM
,235560,Contig_1309.fasta,0.0,0.0,0.0,CM
,235560,Contig_542531.fasta,0.00223398543811097,4.751856605294976e-07,0.35234475833532874,CM
,235560,Contig_552864.fasta,0.008377386254820516,1.3350995958040211e-05,0.43265264823792565,CM
,235560,Contig_420338.fasta,0.017434259708173538,5.5423961876590064e-05,0.45986618090350523,CM
,235560,Contig_55389.fasta,0.0056069125444724146,5.783394202337869e-06,0.4135341043476063,CM
,235560,Contig_427105.fasta,0.008264044653022906,1.352735306848492e-05,0.43526868750634096,CM
,235560,Contig_542688.fasta,0.011957827752870263,3.0689361843374684e-05,0.45252789078270456,CM
,235560,Contig_544398.fasta,0.0012979275619723644,0.0,0.32641356056457377,CM
,235560,Contig_498739.fasta,0.014124892437059963,3.95548528023307e-05,0.45561230678609205,CM
,235560,Contig_54075.fasta,0.0,0.0,0.0,CM
,235560,Contig_56346.fasta,0.01888215583133414,6.94962268971646e-05,0.46581765960111154,CM
,235560,Contig_203889.fasta,0.004998365036368946,4.219320479800272e-06,0.4099113789481529,CM
,235560,Contig_500327.fasta,0.02007630629896231,7.508624453787677e-05,0.4662818525852681,CM
,235560,Contig_544365.fasta,0.0,0.0,0.0,CM
,235560,Contig_369516.fasta,0.019154721912616215,7.262022760036245e-05,0.4662818525852681,CM
,235560,Contig_547013.fasta,0.002523878507168266,3.6335767029952886e-07,0.36202231262616363,CM
,235560,Contig_542675.fasta,0.01934183111892864,7.345030545726285e-05,0.46535438992473055,CM
,235560,Contig_368516.fasta,0.01586523666091347,5.4831182669127e-05,0.4623654536258069,CM
,235560,Contig_58954.fasta,0.02338297120992419,0.0001129774047251436,0.47407683796283334,CM
,235560,Contig_24576300.fasta,0.025860211167281977,0.00013237728815500966,0.47528068976060595,CM
,235560,Contig_994229.fasta,0.004669196108294955,3.996165422916268e-06,0.40494490616124323,CM
,235560,Contig_132049.fasta,0.017544277905747828,5.593055359526535e-05,0.46054511719420915,CM
,235560,Contig_56047.fasta,0.016294507931235474,5.449093097612935e-05,0.4603185824587472,CM
,235560,Contig_549900.fasta,0.02207181971998371,9.556640758539851e-05,0.470501597857533,CM
,235560,Contig_56804.fasta,0.018548542554534496,6.592297553886692e-05,0.4639700932764666,CM
,235560,Contig_1760.fasta,0.0009342347756069086,0.0,0.29217223794524916,CM
,235560,Contig_2226.fasta,0.007979786016337156,1.1478712663383152e-05,0.4316548330897754,CM
,235560,Contig_548773.fasta,0.003714843688504407,1.8970409241658211e-06,0.3925451670044602,CM
,235560,Contig_1123947.fasta,0.02289856206868039,0.00010328945704156417,0.47073826868140495,CM
,235560,Contig_6091.fasta,0.021647682887356773,8.975157072317184e-05,0.47026516489378545,CM
,235560,Contig_4736.fasta,0.02019012491454354,7.599972720585868e-05,0.4665142961807742,CM
,235560,Contig_810436.fasta,0.023713605472588384,0.00010684115151433609,0.471925203297344,CM
,235560,Contig_53485.fasta,0.002239722906937634,5.326101400146694e-07,0.35168270505021915,CM
,235560,Contig_53779.fasta,0.021076310463760694,9.422567080601856e-05,0.471925203297344,CM
,235560,Contig_54269.fasta,0.022354475012547764,0.00010002872482801813,0.4714497119086313,CM
,235560,Contig_135095.fasta,0.021737517840192233,9.552256027544413e-05,0.4700289694317595,CM
,235560,Contig_543843.fasta,0.002172003312367683,5.332027278632496e-07,0.3486690306030675,CM
,235560,Contig_555043.fasta,0.009360206401067389,1.8106013157548838e-05,0.43914954394116995,CM
,235560,Contig_62494.fasta,0.013662918540170557,3.3279199137741444e-05,0.4507840453461624,CM
,235560,Contig_58762.fasta,0.02005801735938759,7.61747575116012e-05,0.4660496405072874,CM
,235560,Contig_499560.fasta,0.014414326506254165,4.252464801484545e-05,0.4582897542304766,CM
,235560,Contig_1065040.fasta,0.008565104217719144,1.500086882001215e-05,0.4375070959039893,CM
,235560,Contig_24574502.fasta,0.004786748101820448,3.5551214586533476e-06,0.406528096498103,CM
,235560,Contig_55294.fasta,0.019525257996543033,6.817381283593375e-05,0.46282278839695007,CM
,235560,Contig_208230.fasta,0.02664762644860938,0.00013972745701745705,0.47528068976060595,CM
,235560,Contig_367971.fasta,0.01431333410602579,4.4904249348493326e-05,0.4591892434438828,CM
,235560,Contig_4437.fasta,0.0,0.0,0.0,CM
,235560,Contig_138526.fasta,0.001180429799918354,0.0,0.31403613360356813,CM
,235560,Contig_138563.fasta,0.02623133370719849,0.00013161676919673168,0.4743171201919073,CM
,235560,Contig_371134.fasta,0.01790207158339601,6.157423598878967e-05,0.46259400797757444,CM
,235560,Contig_54294.fasta,0.025397545861091192,0.0001320167573715569,0.47576394414775447,CM
,235560,Contig_59426.fasta,0.009436269396103468,1.7272543027054878e-05,0.43914954394116995,CM
,235560,Contig_502560.fasta,0.002417830947852762,6.667691494504872e-07,0.36371071828162965,CM
,235560,Contig_201670.fasta,0.01735518260774781,5.4823691409858125e-05,0.4594146677165602,CM
,235560,Contig_132684.fasta,0.02267014633099524,9.974380957340848e-05,0.4712123253467438,CM
,235560,Contig_542344.fasta,0.006073890293768982,6.556550601869309e-06,0.42173396941804103,CM
,235560,Contig_545654.fasta,0.0205384495492686,7.776729554417772e-05,0.4674463926766399,CM
,235560,Contig_499661.fasta,0.0,0.0,0.0,CM
,235560,Contig_368062.fasta,0.017726438128626315,5.7380589695908684e-05,0.4609988562259276,CM
,235560,Contig_133992.fasta,0.008158268353760332,1.2219517463895341e-05,0.43026559914419915,CM
,235560,Contig_131676.fasta,0.02027506943202443,8.39085512231523e-05,0.46955728958285653,CM
,235560,Contig_134010.fasta,0.019048378831614133,6.605484057253518e-05,0.46466121059515053,CM
,235560,Contig_548898.fasta,0.019630589780016243,7.677258085079699e-05,0.466746971640216,CM
,235560,Contig_421218.fasta,0.0,0.0,0.0,CM
,235560,Contig_56266.fasta,0.019157869751717804,6.94965431979148e-05,0.46535438992473055,CM
,235560,Contig_791989.fasta,0.009203891967500698,1.500299220538723e-05,0.43567396561388877,CM
,235560,Contig_167.fasta,0.00223398543811097,4.751856605294976e-07,0.35234475833532874,CM
,235560,Contig_131918.fasta,0.014367612121614151,3.823857839786347e-05,0.4562787314181536,CM
,235560,Contig_545669.fasta,0.015176090993835519,4.140167158593982e-05,0.4551691041530317,CM
,235560,Contig_309414.fasta,0.02299173844890381,0.0001098928286772721,0.47287906929693435,CM
,235560,Contig_60809.fasta,0.0165680684964242,5.2695509583686665e-05,0.45605637336190696,CM
,235560,Contig_55579.fasta,0.01065372022967152,2.111356852889768e-05,0.4435202266059872,CM
,235560,Contig_134354.fasta,0.012027778585986254,2.810437675964014e-05,0.449484955878306,CM
,235560,Contig_302825.fasta,0.016107028540216426,5.709809735898609e-05,0.4632810287815015,CM
,235560,Contig_543384.fasta,0.0033425187064279843,1.2608588493399372e-06,0.37949216469530944,CM
,235560,Contig_553243.fasta,0.012998643470911762,3.2176247459639095e-05,0.4507840453461624,CM
,235560,Contig_985177.fasta,0.011869748335452216,2.5641500854686837e-05,0.44776443930078136,CM
,235560,Contig_551170.fasta,0.01377021253894459,3.655540907976674e-05,0.45143641010064306,CM
,235560,Contig_544200.fasta,0.010177869148011017,1.8013861102332965e-05,0.4385321828203529,CM
,235560,Contig_1066727.fasta,0.013048937846521074,3.389710650755819e-05,0.4542852806498219,CM
,235560,Contig_623419.fasta,0.007516077572973497,8.420835322617218e-06,0.42829642020074743,CM
,235560,Contig_54254.fasta,0.021153407294188634,8.749450936165169e-05,0.4681479130258295,CM
,235560,Contig_53744.fasta,0.01738937817151112,6.035222376580635e-05,0.4639700932764666,CM
,235560,Contig_548820.fasta,0.0010714176282348431,0.0,0.3037415378573947,CM
,235560,Contig_422193.fasta,0.02667271951535158,0.00013900298612126016,0.4755221941761347,CM
,235560,Contig_56712.fasta,0.013252446941842787,3.0752503108211273e-05,0.4510012906692208,CM
,235560,Contig_56757.fasta,0.00496946357083939,3.942002859176818e-06,0.4100910070721442,CM
,235560,Contig_1833.fasta,0.020015407470863385,8.068712121043808e-05,0.46838222129060714,CM
,235560,Contig_542648.fasta,0.0022236466197754663,5.041065871666357e-07,0.35089151786225464,CM
,235560,Contig_372026.fasta,0.01971774598286328,8.160878967513825e-05,0.46861676421564,CM
,235560,Contig_370350.fasta,0.013245844084813715,3.112256944764087e-05,0.4516542848159426,CM
,235560,Contig_985396.fasta,0.018591041142735864,6.38811911306029e-05,0.4637401774720679,CM
,235560,Contig_543120.fasta,0.0024772124693227936,5.405710771875907e-07,0.36655999927090993,CM
,235560,Contig_992741.fasta,0.019538343911069546,7.287608158027758e-05,0.46558590952170803,CM
,235560,Contig_54798.fasta,0.021438804341448993,9.348443264606371e-05,0.46861676421564,CM
,235560,Contig_554998.fasta,0.015290065937582526,4.7778873867109834e-05,0.46009227047130435,CM
,235560,Contig_542549.fasta,0.0,0.0,0.0,CM
,235560,Contig_1125670.fasta,0.024062777048366003,0.00011660486475427623,0.4726402414841581,CM
,235560,Contig_57456.fasta,0.019842938444507487,7.535404742627169e-05,0.466746971640216,CM
,235560,Contig_420791.fasta,0.010802995199001094,2.18006984245939e-05,0.4462697559077888,CM
,235560,Contig_304002.fasta,0.021639874099371105,8.690170927127011e-05,0.4669798793106951,CM
,235560,Contig_304047.fasta,0.022095002445832564,9.364753448865649e-05,0.46908655545796146,CM
,235560,Contig_60914.fasta,0.022418460107495927,9.054263671071279e-05,0.4688515421536238,CM
,235560,Contig_369593.fasta,0.008326648334360429,1.1824483279249046e-05,0.43466218213591873,CM
,235560,Contig_132330.fasta,0.01267466370657477,2.8858255264736378e-05,0.4507840453461624,CM
,235560,Contig_543264.fasta,0.012040371643405073,2.8073156183446917e-05,0.4497009505711836,CM
,235560,Contig_61586.fasta,0.022108736101511397,9.661489585575782e-05,0.46955728958285653,CM
,235560,Contig_206205.fasta,0.017506510368970524,6.326698438864007e-05,0.4637401774720679,CM
,235560,Contig_992897.fasta,0.0011671948764614645,0.0,0.3116309284510933,CM
,235560,Contig_368482.fasta,0.014136204915155043,3.3216128378210306e-05,0.4516542848159426,CM
,235560,Contig_368810.fasta,0.01995507959907045,7.45385516242389e-05,0.46558590952170803,CM
,235560,Contig_545620.fasta,0.007142559226299977,8.849753511092908e-06,0.4277091764801797,CM
,235560,Contig_131586.fasta,0.018444140942871758,6.607051736804959e-05,0.46259400797757444,CM
,235560,Contig_62330.fasta,0.0034849857049254417,1.708838811127032e-06,0.3835359336633742,CM
,235560,Contig_133221.fasta,0.006223342098670476,6.696278999051448e-06,0.4230685705870855,CM
,235560,Contig_554336.fasta,0.022556671727806413,0.00010411689095459896,0.4712123253467438,CM
,235560,Contig_1061979.fasta,0.005991688672886941,6.821792352853742e-06,0.4230685705870855,CM
,235560,Contig_59083.fasta,0.00927902776489262,1.6094875689906847e-05,0.4389435638548935,CM
,235560,Contig_61046.fasta,0.020182034609602006,8.231901387297086e-05,0.46861676421564,CM
,235560,Contig_53364.fasta,0.014054723944028003,4.170374877774273e-05,0.457617446522559,CM
,235560,Contig_138517.fasta,0.016062334841547187,5.122304989863562e-05,0.4594146677165602,CM
,235560,Contig_1064832.fasta,0.004630372495846588,2.8430179024026084e-06,0.3990736367328926,CM
,235560,Contig_367940.fasta,0.013875669219214624,3.6172787581038335e-05,0.4534048828191052,CM
,235560,Contig_57502.fasta,0.025372409537466355,0.00013194280543492578,0.4750394305272249,CM
,235560,Contig_370591.fasta,0.02667271951535158,0.00013900298612126016,0.4755221941761347,CM
,235560,Contig_420251.fasta,0.018648135024887207,6.474414904608312e-05,0.46259400797757444,CM
,235560,Contig_58753.fasta,0.023073747819502194,9.909178796983503e-05,0.4700289694317595,CM
,235560,Contig_133165.fasta,0.018769928899286505,7.33192086929105e-05,0.46721301954000655,CM
,235560,Contig_136703.fasta,0.015472697534115027,4.914994257539452e-05,0.46077187500671246,CM
,235560,Contig_420638.fasta,0.008305560415680298,1.179456043973345e-05,0.433454227947491,CM
,235560,Contig_552562.fasta,0.003822821874346704,1.911997534380284e-06,0.3935356089733529,CM
,235560,Contig_136746.fasta,0.021895970082873157,9.599856068336138e-05,0.47073826868140495,CM
,235560,Contig_53399.fasta,0.020056944776947267,7.64062998174929e-05,0.4665142961807742,CM
,235560,Contig_369317.fasta,0.027595843688650156,0.00015655631915685,0.4779508059952161,CM
,235560,Contig_551614.fasta,0.011738111962505536,2.369796561086399e-05,0.4449965183731018,CM
,235560,Contig_554072.fasta,0.001228817664757146,0.0,0.31841703917612557,CM
,235560,Contig_59716.fasta,0.021117897793341965,8.810507542744424e-05,0.46908655545796146,CM
,235560,Contig_1066043.fasta,0.0031805071824554452,1.8220062398939522e-06,0.3752316271606388,CM
,235560,Contig_549707.fasta,0.0,0.0,0.0,CM
,235560,Contig_1062625.fasta,0.016306927589475474,5.419939803122605e-05,0.4623654536258069,CM
,235560,Contig_372137.fasta,0.006260089456716406,7.362484263323798e-06,0.4113528255554431,CM
,235560,Contig_426270.fasta,0.004862175904987964,3.072265386098171e-06,0.4070585811825285,CM
,235560,Contig_54300.fasta,0.019324572645032425,7.131645607444903e-05,0.4665142961807742,CM
,235560,Contig_53610.fasta,0.0012051286795313218,0.0,0.31541209239589924,CM
,235560,Contig_989205.fasta,0.015204330089998814,4.701673388617938e-05,0.457617446522559,CM
,235560,Contig_420760.fasta,0.01491039493461574,4.3300429405580845e-05,0.45694710846612946,CM
,235560,Contig_1062050.fasta,0.011917850682061908,2.488629862998302e-05,0.4469091108589461,CM
,235560,Contig_427270.fasta,0.003446248085588284,1.8829005770735295e-06,0.384955852792527,CM
,235560,Contig_139063.fasta,0.0,0.0,0.0,CM
,235560,Contig_420725.fasta,0.0010860821063497581,0.0,0.3047306018035275,CM
,235560,Contig_545479.fasta,0.009371083818347017,1.4792946412212556e-05,0.4377117297187245,CM
,235560,Contig_1062015.fasta,0.009306415704907029,1.4243942825696568e-05,0.43648679017660125,CM
,235560,Contig_202006.fasta,0.014935144891965728,4.152640520365574e-05,0.4542852806498219,CM
,235560,Contig_498324.fasta,0.005660453998412427,6.145532969669598e-06,0.4124405809337299,CM
,235560,Contig_201370.fasta,0.0,0.0,0.0,CM
,235560,Contig_551822.fasta,0.004237868632599174,3.5385669076696e-06,0.39172359905342535,CM
,235560,Contig_54001.fasta,0.0046750595538713685,4.105488817062675e-06,0.4052956596529377,CM
,235560,Contig_422752.fasta,0.010251097010724965,1.7571875982015242e-05,0.44059683528184235,CM
,235560,Contig_55044.fasta,0.011718793441142876,2.0746819968266003e-05,0.44457371883070457,CM
,235560,Contig_548236.fasta,0.01640419431785827,5.376952125670259e-05,0.4616811436303074,CM
,235560,Contig_420309.fasta,0.0058082859951335926,6.521186107651526e-06,0.4124405809337299,CM
,235560,Contig_542500.fasta,0.018603151087440314,6.478134263552536e-05,0.4632810287815015,CM
,235560,Contig_137277.fasta,0.0036712889151606057,1.7508610439540368e-06,0.38798825793475666,CM
,235560,Contig_987817.fasta,0.02044370448417186,7.99360404040215e-05,0.46861676421564,CM
,235560,Contig_24578923.fasta,0.02361582593985342,0.00010518371423250282,0.47168733777148847,CM
,235560,Contig_985367.fasta,0.004575205713901381,3.2070453352272346e-06,0.40164278031700995,CM
,235560,Contig_498823.fasta,0.012161683991892672,2.8465926743470433e-05,0.4520906657674556,CM
,235560,Contig_1063329.fasta,0.0214495581476781,9.316527967207077e-05,0.4712123253467438,CM
,235560,Contig_61925.fasta,0.005996619203774923,5.322712437001566e-06,0.4131689528205886,CM
,235560,Contig_54079.fasta,0.02133144505608062,8.870657575091431e-05,0.4688515421536238,CM
,235560,Contig_554682.fasta,0.001022618372941072,0.0,0.2994648570043626,CM
,235560,Contig_302566.fasta,0.01892161915457963,6.529953703459698e-05,0.4637401774720679,CM
,235560,Contig_310306.fasta,0.02415822233156628,0.00011479850286849109,0.4724016547898198,CM
,235560,Contig_543210.fasta,0.0011671948764614645,0.0,0.3116309284510933,CM
,235560,Contig_986701.fasta,0.0023385284335094517,5.367493001559874e-07,0.35732251933510234,CM
,235560,Contig_545700.fasta,0.015375908257713922,4.9803138793013985e-05,0.4603185824587472,CM
,235560,Contig_420371.fasta,0.01648078552579452,5.246919365882632e-05,0.4594146677165602,CM
,235560,Contig_930538.fasta,0.027600983175666383,0.0001505345288036543,0.47673340710067913,CM
,235560,Contig_542578.fasta,0.003761176422595582,1.6222881363998549e-06,0.3928747599238594,CM
,235560,Contig_371823.fasta,0.011270717460200357,2.2302472656669342e-05,0.442681020879202,CM
,235560,Contig_56.fasta,0.0,0.0,0.0,CM
,235560,Contig_500869.fasta,0.013503647231481267,3.5186897719696206e-05,0.45539059763437134,CM
,235560,Contig_549526.fasta,0.0013054881313307252,0.0,0.3243770114865279,CM
,235560,Contig_138472.fasta,0.024632687347305806,0.00011863300722640974,0.47383679905753573,CM
,235560,Contig_987069.fasta,0.011286650487270134,2.344370001544055e-05,0.4422626078159892,CM
,235560,Contig_988280.fasta,0.019711921540139846,7.913634670432911e-05,0.4669798793106951,CM
,235560,Contig_543585.fasta,0.0,0.0,0.0,CM
,235560,Contig_206976.fasta,0.02398990885166744,0.00011706639131477759,0.4731181385938489,CM
,235560,Contig_3888.fasta,0.025439982174799074,0.0001242911024109539,0.47407683796283334,CM
,235560,Contig_1065538.fasta,0.0010860821063497581,0.0,0.3047306018035275,CM
,235560,Contig_62111.fasta,0.013734342308114579,3.576136401097517e-05,0.45561230678609205,CM
,235560,Contig_208748.fasta,0.01864114135670451,6.593806396586658e-05,0.4637401774720679,CM
,235560,Contig_501406.fasta,0.011991432421919067,2.6004544985190755e-05,0.4481933324418741,CM
,235560,Contig_306807.fasta,0.010335080935399267,1.9262087026677185e-05,0.44038949559465085,CM
,235560,Contig_57808.fasta,0.018782551904043838,6.617066036062683e-05,0.46489204080408997,CM
,235560,Contig_930639.fasta,0.020317381682068862,7.878919181209291e-05,0.46721301954000655,CM
,235560,Contig_422.fasta,0.001241430703375311,0.0,0.31830873406075955,CM
,235560,Contig_545369.fasta,0.01644075302860097,5.1812539372222976e-05,0.46145349020642656,CM
,235560,Contig_502018.fasta,0.016201476702980357,4.488302410928026e-05,0.4565013064090893,CM
,235560,Contig_1066920.fasta,0.006634329372071628,7.5402559506738114e-06,0.4179668057787553,CM
,235560,Contig_988550.fasta,0.012091005673534078,2.5882911314782125e-05,0.45035018197239324,CM
,235560,Contig_498319.fasta,0.0038315605123779616,1.8777601138093056e-06,0.39636919870336007,CM
,235560,Contig_1062135.fasta,0.018366712675424567,5.999752943806406e-05,0.46145349020642656,CM
,235560,Contig_139106.fasta,0.0023294033488899853,5.476774295846502e-07,0.35924287068661537,CM
,235560,Contig_424026.fasta,0.002478747714361198,8.213590063093424e-07,0.36699124632887575,CM
,235560,Contig_985597.fasta,0.0035322269487916913,1.5599983682004054e-06,0.3829082152776731,CM
,235560,Contig_369895.fasta,0.020173833110572578,7.868882898563493e-05,0.46535438992473055,CM
,235560,Contig_53489.fasta,0.0023988201757558945,5.393398719659006e-07,0.35882963118812616,CM
,235560,Contig_60880.fasta,0.023058544990383668,0.0001041326478668904,0.47026516489378545,CM
,235560,Contig_368093.fasta,0.016188146456911724,4.7279744384439585e-05,0.4589640402837828,CM
,235560,Contig_499241.fasta,0.019439138272071197,7.168316988601956e-05,0.4639700932764666,CM
,235560,Contig_989061.fasta,0.007031966203470375,7.923507193885217e-06,0.4275137862670777,CM
,235560,Contig_55164.fasta,0.023499340796932416,0.00010853487878243118,0.4724016547898198,CM
,235560,Contig_24573733.fasta,0.01186676970894791,2.668164751406657e-05,0.449484955878306,CM
,235560,Contig_498628.fasta,0.008089804685195497,1.1955231543615744e-05,0.4281004932015705,CM
,235560,Contig_3643.fasta,0.0025556573905937807,7.006471279686545e-07,0.36930847598209676,CM
,235560,Contig_987659.fasta,0.0011199033858803977,0.0,0.30773682280126047,CM
,235560,Contig_53431.fasta,0.01504673548612191,4.122866679132857e-05,0.45561230678609205,CM
,235560,Contig_426051.fasta,0.024254453794791506,0.00011809029524550521,0.4735970031065957,CM
,235560,Contig_500137.fasta,0.02069881981314653,8.440276804639643e-05,0.4681479130258295,CM
,235560,Contig_369743.fasta,0.024601256288937796,0.00012203579667742331,0.47383679905753573,CM
,235560,Contig_502690.fasta,0.015123767433731287,4.472283386099968e-05,0.45806543227539553,CM
,235560,Contig_802918.fasta,0.01171910918027161,2.538180744909419e-05,0.4475503004010679,CM
,235560,Contig_544175.fasta,0.0011114279952013173,0.0,0.3080407103813802,CM
,235560,Contig_53359.fasta,0.00370430830708662,1.568185916207264e-06,0.38670565212340213,CM
,235560,Contig_306575.fasta,0.0025332425979351174,5.625042444579379e-07,0.36655999927090993,CM
,235560,Contig_542420.fasta,0.0,0.0,0.0,CM
,235560,Contig_368743.fasta,0.019569375639930265,7.501586960137977e-05,0.46581765960111154,CM
,235560,Contig_499105.fasta,0.0020367545293336203,3.9198167167358915e-07,0.3401772730420331,CM
,235560,Contig_542465.fasta,0.0024253915172111227,4.4721689791123166e-07,0.3609053907206452,CM
,235560,Contig_548646.fasta,0.015853167949075948,5.179449864505979e-05,0.46122606118217496,CM
,235560,Contig_58939.fasta,0.010173281405830133,2.118601487866888e-05,0.44457371883070457,CM
,235560,Contig_621909.fasta,0.01159288854955144,2.4118891243709515e-05,0.44733636622305595,CM
,235560,Contig_53922.fasta,0.022141367696990336,8.945882042116367e-05,0.46767999906978164,CM
,235560,Contig_132024.fasta,0.02869642937278299,0.00016865925133750762,0.478439508250835,CM
,235560,Contig_1063498.fasta,0.01859086894684923,6.129592404875231e-05,0.4621371250067324,CM
,235560,Contig_551384.fasta,0.021269975386671452,8.414998927412098e-05,0.4665142961807742,CM
,235560,Contig_132061.fasta,0.0062468663410868925,6.243744944391223e-06,0.4198419372537609,CM
,235560,Contig_543135.fasta,0.003844846396678401,2.0126227521573766e-06,0.39238057783590485,CM
,235560,Contig_1064559.fasta,0.011973350064861136,2.8377693015051906e-05,0.4499171529512659,CM
,235560,Contig_368256.fasta,0.02253009628509786,9.836960888837302e-05,0.47097517772452596,CM
,235560,Contig_306060.fasta,0.021793043566667836,9.48457243647915e-05,0.4688515421536238,CM
,235560,Contig_58286.fasta,0.017870915374970445,6.309681342082315e-05,0.46489204080408997,CM
,235560,Contig_57092.fasta,0.027510706501309934,0.00014632143956421243,0.47600594005016944,CM
,235560,Contig_420355.fasta,0.01960225649502672,7.944445422286609e-05,0.46791383906931655,CM
,235560,Contig_420310.fasta,0.0058320472374470056,6.039853607812959e-06,0.41740752816174537,CM
,235560,Contig_139456.fasta,0.01737073896643623,5.899045625038831e-05,0.46122606118217496,CM
,235560,Contig_4502.fasta,0.010651857035409,2.140493612869586e-05,0.44584453460630447,CM
,235560,Contig_543519.fasta,0.001180429799918354,0.0,0.31403613360356813,CM
,235560,Contig_544009.fasta,0.001241430703375311,0.0,0.31830873406075955,CM
,235560,Contig_3057.fasta,0.0011333997539781301,0.0,0.3104935892961623,CM
,235560,Contig_553809.fasta,0.0025393582653476755,7.705747540372361e-07,0.36872642952664814,CM
,235560,Contig_132325.fasta,0.01635506159309589,5.227199138927361e-05,0.4616811436303074,CM
,235560,Contig_369951.fasta,0.01948047140600366,8.1144140314239e-05,0.46861676421564,CM
,235560,Contig_61901.fasta,0.01658939138819043,5.3967529259619956e-05,0.4603185824587472,CM
,235560,Contig_369157.fasta,0.014660276669320587,4.674385915257345e-05,0.4571703361693371,CM
,235560,Contig_61944.fasta,0.0021393634551382305,4.879215588754607e-07,0.3453238664718203,CM
,235560,Contig_53508.fasta,0.001241430703375311,0.0,0.31830873406075955,CM
,235560,Contig_368951.fasta,0.00921568495781431,1.5358491002274105e-05,0.43648679017660125,CM
,235560,Contig_303193.fasta,0.015777631336370647,4.72006684840895e-05,0.45986618090350523,CM
,235560,Contig_1062799.fasta,0.017465952558669534,6.197891081119224e-05,0.4630517952195117,CM
,235560,Contig_932596.fasta,0.015214102004795355,4.0744278263543096e-05,0.45450591458894274,CM
,235560,Contig_133360.fasta,0.011742438187351257,2.621671703434953e-05,0.44733636622305595,CM
,235560,Contig_371588.fasta,0.018484692108466014,6.707065137613466e-05,0.4639700932764666,CM
,235560,Contig_990113.fasta,0.01859093135330683,6.472087001355732e-05,0.4632810287815015,CM
,235560,Contig_371159.fasta,0.014981493273052848,4.5338448130886795e-05,0.45806543227539553,CM
,235560,Contig_132515.fasta,0.02266749545005966,9.88034502134301e-05,0.47026516489378545,CM
,235560,Contig_708360.fasta,0.008502193343247425,1.3285338474780353e-05,0.43567396561388877,CM
,235560,Contig_794445.fasta,0.016081120607777406,4.971221954805611e-05,0.4591892434438828,CM
,235560,Contig_310512.fasta,0.025435438825818446,0.00012781349609046618,0.4745576461149255,CM
,235560,Contig_200936.fasta,0.021949201779415846,9.824520291513109e-05,0.4712123253467438,CM
,235560,Contig_309369.fasta,0.02545300799025426,0.0001316338099970745,0.47528068976060595,CM
,235560,Contig_131663.fasta,0.01634057010845763,4.965883610407422e-05,0.45986618090350523,CM
,235560,Contig_133515.fasta,0.020157411936229795,8.010728215085469e-05,0.4681479130258295,CM
,235560,Contig_57236.fasta,0.02345079071636115,0.000108886319147125,0.4726402414841581,CM
,235560,Contig_368809.fasta,0.02003916917226179,7.600502356115539e-05,0.466746971640216,CM
,235560,Contig_57273.fasta,0.00599118491451968,5.181267331195665e-06,0.4140830434241739,CM
,235560,Contig_53450.fasta,0.020718117059183354,8.319391052186162e-05,0.46861676421564,CM
,235560,Contig_369809.fasta,0.017535790401990662,5.9566053236005744e-05,0.46282278839695007,CM
,235560,Contig_500212.fasta,0.0036455854144571546,2.1464522308132963e-06,0.39303976402294544,CM
,235560,Contig_985127.fasta,0.01174963874219068,2.2632275938769927e-05,0.4462697559077888,CM
,235560,Contig_131527.fasta,0.008304925110758709,1.3306044829453412e-05,0.4362832998315306,CM
,235560,Contig_205412.fasta,0.01699089242107355,5.903852710058063e-05,0.46489204080408997,CM
,235560,Contig_58861.fasta,0.021763601206778917,9.479416400404749e-05,0.46908655545796146,CM
,235560,Contig_57172.fasta,0.008221560638112963,1.1215043411174717e-05,0.4320534063428592,CM
,235560,Contig_57931.fasta,0.010662470351637305,2.1650692226615236e-05,0.4435202266059872,CM
,235560,Contig_986539.fasta,0.026391964206389052,0.00013363415294452026,0.4750394305272249,CM
,235560,Contig_53380.fasta,0.0011333997539781301,0.0,0.3104935892961623,CM
,235560,Contig_793579.fasta,0.013000122997664346,3.1855333783031324e-05,0.45143641010064306,CM
,235560,Contig_53751.fasta,0.009386273229243321,1.6128687122263038e-05,0.4381215721622814,CM
,235560,Contig_56974.fasta,0.016186816666291702,5.2907599427204217e-05,0.4582897542304766,CM
,235560,Contig_53714.fasta,0.02116258598335993,8.798863183417362e-05,0.46861676421564,CM
,235560,Contig_498548.fasta,0.006598507009483806,9.492408485076705e-06,0.41946556617598973,CM
,235560,Contig_138961.fasta,0.02526672936249219,0.0001241293095071889,0.4731181385938489,CM
,235560,Contig_56931.fasta,0.011652423592599478,2.2684486918639142e-05,0.4435202266059872,CM
,235560,Contig_53490.fasta,0.01769345214764143,6.414292324768831e-05,0.46466121059515053,CM
,235560,Contig_1261469.fasta,0.019942399172304972,8.195838870956026e-05,0.4681479130258295,CM
,235560,Contig_134080.fasta,0.01847423014008374,6.886139178999872e-05,0.46489204080408997,CM
,235560,Contig_547636.fasta,0.0032950645112909643,1.3307297526710796e-06,0.3746307758761541,CM
,235560,Contig_555815.fasta,0.005835039040054813,5.0570565158798014e-06,0.4142663471175888,CM
,235560,Contig_367999.fasta,0.012942912728626455,3.127865806228199e-05,0.4512187454863226,CM
,235560,Contig_542481.fasta,0.022159633645098233,9.120281635470103e-05,0.4688515421536238,CM
,235560,Contig_54239.fasta,0.0,0.0,0.0,CM
,235560,Contig_135080.fasta,0.016325769801224913,5.30368599760969e-05,0.4616811436303074,CM
,235560,Contig_543050.fasta,0.0024578947675752355,5.235571253403857e-07,0.3661297645299817,CM
,235560,Contig_371121.fasta,0.011173385013897561,2.4431459570950574e-05,0.449484955878306,CM
,235560,Contig_421275.fasta,0.015876360102599008,5.054769669683911e-05,0.4589640402837828,CM
,235560,Contig_1064055.fasta,0.018055086882116333,6.426000740598168e-05,0.4621371250067324,CM
,235560,Contig_24574183.fasta,0.023188950228843964,0.00010154053282575428,0.4700289694317595,CM
,235560,Contig_1065010.fasta,0.020089883678326634,8.587499651216765e-05,0.46932180448276484,CM
,235560,Contig_542439.fasta,0.020850274919621305,8.495006615290267e-05,0.46767999906978164,CM
,235560,Contig_55615.fasta,0.0025220013618350834,8.228669922237706e-07,0.37077166328788946,CM
,235560,Contig_1062268.fasta,0.017688876720515046,6.20093409067006e-05,0.46351048941982814,CM
,235560,Contig_545832.fasta,0.010444917524013705,2.320113903659832e-05,0.4441517219452459,CM
,235560,Contig_994284.fasta,0.01751186491716852,6.104250009741783e-05,0.46351048941982814,CM
,235560,Contig_61283.fasta,0.01468988542914095,3.9722588278575006e-05,0.4551691041530317,CM
,235560,Contig_137216.fasta,0.022556714586476467,9.820047621243636e-05,0.47073826868140495,CM
,235560,Contig_369929.fasta,0.021876461453319965,9.387091746998537e-05,0.46979301111377164,CM
,235560,Contig_424266.fasta,0.0,0.0,0.0,CM
,235560,Contig_422733.fasta,0.021629129608348435,9.299999193465103e-05,0.46721301954000655,CM
,235560,Contig_993468.fasta,0.02428078718860793,0.00011806738857232236,0.473357449741342,CM
,235560,Contig_2702.fasta,0.023583154013519885,0.00010788626102963797,0.47168733777148847,CM
,235560,Contig_550843.fasta,0.009337087629695885,1.2568742274539193e-05,0.43265264823792565,CM
,235560,Contig_555666.fasta,0.006029969934627822,4.816287465094666e-06,0.41684974527333324,CM
,235560,Contig_552333.fasta,0.0011671948764614645,0.0,0.3116309284510933,CM
,235560,Contig_59941.fasta,0.01253560939320076,2.9662699320590295e-05,0.44862304800509734,CM
,235560,Contig_543660.fasta,0.013071172615042368,3.2911956248681696e-05,0.4518723699365684,CM
,235560,Contig_302582.fasta,0.0,0.0,0.0,CM
,235560,Contig_985007.fasta,0.006849389073888236,5.9997556069591045e-06,0.4198419372537609,CM
,235560,Contig_137152.fasta,0.009586564170372567,1.4346468166828065e-05,0.43730265333580987,CM
,235560,Contig_551768.fasta,0.010758507898561288,1.9637080225407614e-05,0.44080437029610603,CM
,235560,Contig_54324.fasta,0.016965061015809024,5.5689360432569555e-05,0.46054511719420915,CM
,235560,Contig_554908.fasta,0.019889792483139258,7.593579501598e-05,0.46581765960111154,CM
,235560,Contig_988264.fasta,0.02319060422261058,0.00011292599206363443,0.4735970031065957,CM
,235560,Contig_57017.fasta,0.015185263872719418,4.614280258386261e-05,0.45694710846612946,CM
,235560,Contig_930599.fasta,0.0067805574469867935,7.930911788109076e-06,0.42003037618430566,CM
,235560,Contig_368836.fasta,0.024206571579916042,0.00011413786105702628,0.471925203297344,CM
,235560,Contig_501295.fasta,0.019977070664605648,7.81029039013668e-05,0.466746971640216,CM
,235560,Contig_549348.fasta,0.023493558402472442,0.00010488601954537445,0.4714497119086313,CM
,235560,Contig_3936.fasta,0.02516741109958396,0.00012639652274183287,0.47383679905753573,CM
,235560,Contig_53793.fasta,0.017351346586521616,5.939466990523288e-05,0.4623654536258069,CM
,235560,Contig_421232.fasta,0.0,0.0,0.0,CM
,235560,Contig_368389.fasta,0.024954720268547996,0.00012709444451512576,0.47407683796283334,CM
,235560,Contig_58788.fasta,0.004539810770837306,3.755324528115489e-06,0.4009544465032704,CM
,235560,Contig_991500.fasta,0.027311404055317446,0.0001475909819379159,0.47624818225884635,CM
,235560,Contig_555817.fasta,0.019790478633502293,8.133675182688887e-05,0.46767999906978164,CM
,235560,Contig_542483.fasta,0.007870379876063028,1.1757162141764597e-05,0.4296729468037801,CM
,235560,Contig_132900.fasta,0.01264668464803574,3.210225831036985e-05,0.4520906657674556,CM
,235560,Contig_543052.fasta,0.001228817664757146,0.0,0.31841703917612557,CM
,235560,Contig_546119.fasta,0.008372569990935748,1.1785325215259794e-05,0.433454227947491,CM
,235560,Contig_6086.fasta,0.006755915738924431,1.036966554677309e-05,0.42615103740374916,CM
,235560,Contig_369459.fasta,0.021890686371167384,9.871364024716545e-05,0.4712123253467438,CM
,235560,Contig_1064787.fasta,0.003600078022597178,1.8041297183014466e-06,0.3876668095023335,CM
,235560,Contig_993918.fasta,0.007124227179737944,9.500619492895384e-06,0.429475758668487,CM
,235560,Contig_420935.fasta,0.008163825198492179,1.1439691532794185e-05,0.4312569945339323,CM
,235560,Contig_209716.fasta,0.014337453372479351,3.771851689975295e-05,0.4565013064090893,CM
,235560,Contig_549952.fasta,0.0024651224384338293,8.409192036264585e-07,0.3667036356342606,CM
,235560,Contig_368269.fasta,0.0036201515070659234,1.595754185690698e-06,0.388310239891549,CM
,235560,Contig_58668.fasta,0.022055757299578434,9.250157785050964e-05,0.46908655545796146,CM
,235560,Contig_542949.fasta,0.01656262836501888,5.282758388247763e-05,0.46054511719420915,CM
,235560,Contig_425926.fasta,0.0,0.0,0.0,CM
,235560,Contig_439.fasta,0.013408985774160954,3.1648703252247796e-05,0.45143641010064306,CM
,235560,Contig_428343.fasta,0.019051565490301056,7.20859735472966e-05,0.466746971640216,CM
,235560,Contig_502497.fasta,0.005731084984995074,5.867390289112654e-06,0.4140830434241739,CM
,235560,Contig_793333.fasta,0.012423033135296972,2.749495361890571e-05,0.44542012286465166,CM
,235560,Contig_985040.fasta,0.022417580018009406,0.00010187708523837353,0.4721633088489572,CM
,235560,Contig_544337.fasta,0.008243305214792903,1.156745026478206e-05,0.4338561326558336,CM
,235560,Contig_302538.fasta,0.003540154706878556,1.745636828204999e-06,0.38574924902664187,CM
,235560,Contig_371387.fasta,0.0061353818556870296,5.4361591983251e-06,0.41666414877054014,CM
,235560,Contig_985429.fasta,0.01576141307751139,4.7039542018463154e-05,0.4591892434438828,CM
,235560,Contig_57780.fasta,0.01537145548584425,4.1296693632890185e-05,0.4558342319233478,CM
,235560,Contig_5210.fasta,0.002598739786817707,5.803465428685519e-07,0.3713601897375528,CM
,235560,Contig_139344.fasta,0.006944808732629295,9.464712106435023e-06,0.4255696580894193,CM
,235560,Contig_303250.fasta,0.01072572859930908,2.1046725890283406e-05,0.44331012701972194,CM
,235560,Contig_547305.fasta,0.0012979275619723644,0.0,0.32641356056457377,CM
,235560,Contig_368294.fasta,0.018017587219925444,6.357851973154351e-05,0.46489204080408997,CM
,235560,Contig_542526.fasta,0.0031415601473150584,1.0053914951115084e-06,0.3667036356342606,CM
,235560,Contig_59201.fasta,0.0012183903758375407,0.0,0.3153058214752807,CM
,235560,Contig_132437.fasta,0.0118875550160496,2.4724284751637572e-05,0.44733636622305595,CM
,235560,Contig_135127.fasta,0.017928222844641385,6.161341330444538e-05,0.4639700932764666,CM
,235560,Contig_498840.fasta,0.017526948841498767,6.346334391624811e-05,0.46466121059515053,CM
,235560,Contig_201012.fasta,0.00741168065283323,9.37767812615424e-06,0.4304635134032351,CM
,235560,Contig_502796.fasta,0.012945327206095921,3.173386077459333e-05,0.45252789078270456,CM
,235560,Contig_371838.fasta,0.023417313950989883,0.00010934644577037005,0.471925203297344,CM
,235560,Contig_369953.fasta,0.023584323286790068,0.00010785692447059355,0.4721633088489572,CM
,235560,Contig_53998.fasta,0.0023057143636641617,4.2501604223499025e-07,0.35461450478917506,CM
,235560,Contig_549268.fasta,0.003754890045804382,2.1456281692849184e-06,0.39519749921394975,CM
,235560,Contig_627031.fasta,0.009372242466686992,1.6703945606157486e-05,0.44018235095890546,CM
,235560,Contig_60946.fasta,0.02337264618757668,0.00010475949180841872,0.4712123253467438,CM
,235560,Contig_368584.fasta,0.016856031175009813,5.6157360592226174e-05,0.46259400797757444,CM
,235560,Contig_499387.fasta,0.003480090271626618,1.1717361537247954e-06,0.3788776024852766,CM
,235560,Contig_368916.fasta,0.021773184473823582,9.599405985876301e-05,0.4712123253467438,CM
,235560,Contig_131739.fasta,0.007579791656820637,7.771584249564253e-06,0.4205967092757901,CM
,235560,Contig_368678.fasta,0.021028572671039546,9.507693172295639e-05,0.47168733777148847,CM
,235560,Contig_55737.fasta,0.002468737078643713,4.942640885253334e-07,0.36456084072404876,CM
,235560,Contig_57441.fasta,0.012598719621931773,3.092840701025763e-05,0.449484955878306,CM
,235560,Contig_139085.fasta,0.01969355561350521,7.663864794466595e-05,0.4662818525852681,CM
,235560,Contig_5194.fasta,0.0013054881313307252,0.0,0.3243770114865279,CM
,235560,Contig_500498.fasta,0.009528953893981241,1.4639937526639187e-05,0.4395620846118521,CM
,235560,Contig_35.fasta,0.0036133397189033974,1.5874960942851006e-06,0.3868655139060079,CM
,235560,Contig_1124667.fasta,0.02120766612349256,8.673023891516614e-05,0.46791383906931655,CM
,235560,Contig_800316.fasta,0.0012277544666043922,0.0,0.31939511199270754,CM
,235560,Contig_56028.fasta,0.019113749642894605,7.063894119356815e-05,0.4632810287815015,CM
,235560,Contig_551712.fasta,0.0023097655537419976,6.734822696037696e-07,0.35869209587529055,CM
,235560,Contig_502713.fasta,0.02545571817391099,0.00012807401281922476,0.4745576461149255,CM
,235560,Contig_59610.fasta,0.013871857964901715,3.820676889053257e-05,0.4523091726141291,CM
,235560,Contig_302604.fasta,0.01466100096425497,3.916162946354069e-05,0.45296596231298797,CM
,235560,Contig_551757.fasta,0.0033283435512183436,1.3830825977797517e-06,0.37674222147287967,CM
,235560,Contig_932201.fasta,0.0050954060084119355,4.047873999531374e-06,0.4129866187725653,CM
,235560,Contig_133865.fasta,0.002231331381081715,4.0263424544299997e-07,0.35089151786225464,CM
,235560,Contig_986463.fasta,0.018149853939847485,6.493328078800883e-05,0.46466121059515053,CM
,235560,Contig_545427.fasta,0.007064199418113824,1.0125234045223715e-05,0.42987031609491644,CM
,235560,Contig_62172.fasta,0.014149154163928106,4.02925961310818e-05,0.4558342319233478,CM
,235560,Contig_55436.fasta,0.003523675177096039,1.7184365114258017e-06,0.38385056527425476,CM
,235560,Contig_548295.fasta,0.003504303406673,1.6736014788280387e-06,0.3851142708389437,CM
,235560,Contig_550839.fasta,0.0,0.0,0.0,CM
,235560,Contig_370302.fasta,0.01754694053667454,5.531461060809643e-05,0.4609988562259276,CM
,235560,Contig_372074.fasta,0.023186628267810365,0.0001077234884678382,0.47287906929693435,CM
,235560,Contig_553798.fasta,0.021908849452172904,9.350376756757446e-05,0.4700289694317595,CM
,235560,Contig_500799.fasta,0.006879608934506616,9.090423885921402e-06,0.4232599177470073,CM
,235560,Contig_54243.fasta,0.026239857241421454,0.000139105271613536,0.4755221941761347,CM
,235560,Contig_543869.fasta,0.0,0.0,0.0,CM
,235560,Contig_137718.fasta,0.026789943518602217,0.0001399118756615053,0.47600594005016944,CM
,235560,Contig_53716.fasta,0.011074190758282223,2.42980307513987e-05,0.44733636622305595,CM
,235560,Contig_369798.fasta,0.011820036800162918,2.9193428832988098e-05,0.4527468205798902,CM
,235560,Contig_985160.fasta,0.013901070084535744,3.507577606694987e-05,0.4542852806498219,CM
,235560,Contig_56618.fasta,0.016468169006621316,5.132597190087787e-05,0.4603185824587472,CM
,235560,Contig_369421.fasta,0.0024651224384338293,8.409192036264585e-07,0.3667036356342606,CM
,235560,Contig_136070.fasta,0.018369926126898244,6.583731478111921e-05,0.4616811436303074,CM
,235560,Contig_547124.fasta,0.004503489786021561,3.4052719535401195e-06,0.39503067882593207,CM
,235560,Contig_555395.fasta,0.0024567693720131036,6.939420363659877e-07,0.36230262413419784,CM
,235560,Contig_2620.fasta,0.02173173831709963,9.093203160944468e-05,0.46838222129060714,CM
,235560,Contig_990679.fasta,0.0030917345101915093,1.691639428368947e-06,0.36627306385073705,CM
,235560,Contig_137371.fasta,0.01883609098594286,7.025850656837938e-05,0.4662818525852681,CM
,235560,Contig_200971.fasta,0.004538524408594734,2.9639829412221676e-06,0.39737905653445144,CM
,235560,Contig_55880.fasta,0.024298124715962065,0.00011830524007929984,0.47287906929693435,CM
,235560,Contig_53941.fasta,0.015850041893554694,5.5864737366970575e-05,0.46282278839695007,CM
,235560,Contig_54457.fasta,0.004327343781808796,3.0764174948725566e-06,0.39436480326111806,CM
,235560,Contig_543587.fasta,0.0012763395720947492,0.0,0.3222547101028351,CM
,235560,Contig_132047.fasta,0.001180429799918354,0.0,0.31403613360356813,CM
,235560,Contig_133002.fasta,0.01961112183712967,7.46034635951866e-05,0.46535438992473055,CM
,235560,Contig_368235.fasta,0.015566579546949882,4.2466342587312295e-05,0.4582897542304766,CM
,235560,Contig_212696.fasta,0.016509372030983245,5.562235990934168e-05,0.46282278839695007,CM
,235560,Contig_428432.fasta,0.02753998929126709,0.00015194340782051052,0.4769763904885999,CM
,235560,Contig_545097.fasta,0.0010185179402441443,0.0,0.299656637252204,CM
,235560,Contig_550773.fasta,0.004696295038299172,3.7101863753136037e-06,0.403547942276254,CM
,235560,Contig_134557.fasta,0.0185881570689503,6.011439114425511e-05,0.4609988562259276,CM
,235560,Contig_370062.fasta,0.012872446442416478,3.174528315232829e-05,0.4520906657674556,CM
,235560,Contig_420336.fasta,0.006090593692553255,5.667162600772176e-06,0.4177802134547469,CM
,235560,Contig_60298.fasta,0.018608858876290428,6.272540272846461e-05,0.4623654536258069,CM
,235560,Contig_424515.fasta,0.0009342347756069086,0.0,0.29217223794524916,CM
,235560,Contig_498859.fasta,0.009952632106326865,1.9404207558860337e-05,0.4397686457418388,CM
,235560,Contig_987746.fasta,0.004641235545902385,2.6880443533963913e-06,0.40198783425199014,CM
,235560,Contig_553390.fasta,0.02080999814611701,8.792075385399436e-05,0.4688515421536238,CM
,235560,Contig_54838.fasta,0.024542679771866412,0.00012070884256231343,0.47407683796283334,CM
,235560,Contig_808772.fasta,0.026761103112685734,0.00013879351389247204,0.47576394414775447,CM
,235560,concatenated_maxbin2.1689.fasta,0.12204005785940823,0.02847606925674955,0.43709840174620884,CM
,235560,concatenated_maxbin2.0347.fasta,0.15551925842608041,0.0582673517901895,0.4964603067048452,CM
,235560,concatenated_maxbin2.0432.fasta,0.15642517503833323,0.046215041454621096,0.4917644131049044,CM
,235560,concatenated_maxbin2.0512.fasta,0.1358053364481476,0.03810623859039563,0.46054511719420915,CM
,235560,concatenated_maxbin2.0082.fasta,0.13317265359942665,0.033600187558722364,0.4551691041530317,CM
,235560,concatenated_metabat2.783.fasta,0.10260587015210593,0.01527581392472896,0.4081237148445849,CM
,235560,concatenated_bin.308.fasta,0.14598901608637102,0.03603160145302153,0.4712123253467438,CM
,235560,concatenated_maxbin2.0325.fasta,0.11586208397659666,0.021651054617491335,0.42518295235739806,CM
,235560,concatenated_metabat2.665.fasta,0.14439998351210245,0.04004167497845594,0.4714497119086313,CM
,235560,concatenated_maxbin2.0610.fasta,0.14144053372930687,0.043313726225796594,0.46838222129060714,CM
,235560,concatenated_maxbin2.0126.fasta,0.14723842652165534,0.044493284673425275,0.4781950322629704,CM
,235560,concatenated_maxbin2.0342.fasta,0.12070876310423291,0.02239725478875022,0.4312569945339323,CM
,235560,concatenated_bin.737.fasta,0.15293255923342716,0.04535677622303702,0.4869030583447623,CM
,235560,concatenated_bin.182.fasta,0.11194114660563433,0.023199715303901115,0.42135419997236967,CM
,235560,concatenated_maxbin2.0908.fasta,0.15556603093366292,0.05223561045799235,0.4954090408356978,CM
,235560,concatenated_maxbin2.1011.fasta,0.1471110328264131,0.04737547028981657,0.48040435222722433,CM
,235560,concatenated_metabat2.358.fasta,0.1301356783830639,0.03201140201443539,0.44797878321619583,CM
,235560,concatenated_maxbin2.0541.fasta,0.14662323835508664,0.047231950714852054,0.4781950322629704,CM
,235560,concatenated_bin.204.fasta,0.12253137669023971,0.02763398808085801,0.43669047043333326,CM
,235560,concatenated_metabat2.164.fasta,0.1283785627870506,0.03283222719194888,0.44584453460630447,CM
,235560,concatenated_maxbin2.0329.fasta,0.13187351470570263,0.03351331335158299,0.453185316289895,CM
,235560,concatenated_bin.240.fasta,0.1341881852145184,0.03298452755664467,0.45450591458894274,CM
,235560,concatenated_metabat2.793.fasta,0.15070271714572683,0.04448485243560486,0.4843828561794167,CM
,235560,concatenated_maxbin2.0177.fasta,0.1398547091103936,0.0375293110635813,0.4630517952195117,CM
,235560,concatenated_metabat2.147.fasta,0.1487497361431382,0.04197883526435523,0.4779508059952161,CM
,235560,concatenated_maxbin2.0272.fasta,0.16263442452148083,0.0554148776038148,0.5074987408560917,CM
