Method,Number of Swaps,Node,Eigenvector Centrality,Betweenness Centrality,Closeness Centrality,Methods
,235560,Contig_60400.fasta,0.022337716567687592,0.00010077853012747237,0.4714497119086313,CM
,235560,Contig_303000.fasta,0.013791008537923059,3.4414685949803116e-05,0.4520906657674556,CM
,235560,Contig_58480.fasta,0.0035815339678093214,1.8316693756736046e-06,0.3881491821396238,CM
,235560,Contig_547953.fasta,0.01965110289016565,7.341790645682254e-05,0.4637401774720679,CM
,235560,Contig_501261.fasta,0.014125674083445266,3.624364150170378e-05,0.4547267629439422,CM
,235560,Contig_59812.fasta,0.020518021607929187,8.320362467054821e-05,0.46908655545796146,CM
,235560,Contig_137842.fasta,0.02648382206155725,0.00013485149922915589,0.4750394305272249,CM
,235560,Contig_305555.fasta,0.01933838313857775,7.611624357774894e-05,0.4662818525852681,CM
,235560,Contig_1064437.fasta,0.019417541221808932,7.84829642462229e-05,0.4674463926766399,CM
,235560,Contig_302768.fasta,0.004929660027762976,3.3246373662161587e-06,0.4084799991875308,CM
,235560,Contig_308773.fasta,0.010921754863494513,2.302478253506067e-05,0.44669578908765306,CM
,235560,Contig_548846.fasta,0.0010789293379519361,0.0,0.3047306018035275,CM
,235560,Contig_367992.fasta,0.005190624246718049,4.2163816301034435e-06,0.41481723321747915,CM
,235560,Contig_2515.fasta,0.019860718453391286,7.804114555539862e-05,0.46721301954000655,CM
,235560,Contig_139114.fasta,0.02434356408780667,0.00011356751198264515,0.47287906929693435,CM
,235560,Contig_1118110.fasta,0.020647546149192286,8.040572389384363e-05,0.4669798793106951,CM
,235560,Contig_499911.fasta,0.02338947215548797,0.00010938553439170027,0.47168733777148847,CM
,235560,Contig_552124.fasta,0.0,0.0,0.0,CM
,235560,Contig_133566.fasta,0.016388376915540927,5.278492731434436e-05,0.4603185824587472,CM
,235560,Contig_131655.fasta,0.004714571216807291,3.4963044645890055e-06,0.40512020698642126,CM
,235560,Contig_550217.fasta,0.007109646808944288,8.31989512445066e-06,0.42211442405892335,CM
,235560,Contig_1065858.fasta,0.019897311921701296,7.892145264409205e-05,0.4674463926766399,CM
,235560,Contig_502682.fasta,0.00505035188643086,4.641679296249287e-06,0.4124405809337299,CM
,235560,Contig_59781.fasta,0.009217561022333664,1.4796655859347463e-05,0.4358768878149199,CM
,235560,Contig_544167.fasta,0.020062351936171972,8.267532592478268e-05,0.46791383906931655,CM
,235560,Contig_500923.fasta,0.0047486345501096495,4.393951850594676e-06,0.40688159919071004,CM
,235560,Contig_53423.fasta,0.008010662339528718,1.0732777427565256e-05,0.4273185744925265,CM
,235560,Contig_54970.fasta,0.009316129668205518,1.493064211242437e-05,0.4362832998315306,CM
,235560,Contig_371293.fasta,0.025323475810751648,0.00012186116988775098,0.47383679905753573,CM
,235560,Contig_368039.fasta,0.011471862084651546,2.551062692259797e-05,0.44584453460630447,CM
,235560,Contig_139681.fasta,0.007931224007959873,1.0501074119704442e-05,0.4286888127066574,CM
,235560,Contig_139250.fasta,0.007036648113157791,1.0024370369965751e-05,0.4281004932015705,CM
,235560,Contig_55970.fasta,0.021166263665828577,8.845119656969293e-05,0.46979301111377164,CM
,235560,Contig_370642.fasta,0.007149227887424531,9.399873256451469e-06,0.4284925266202533,CM
,235560,Contig_424505.fasta,0.01564895199228402,4.8593933107101684e-05,0.4603185824587472,CM
,235560,Contig_1064106.fasta,0.008225124902264047,1.1047446663385856e-05,0.433454227947491,CM
,235560,Contig_53687.fasta,0.002437244080373882,7.519438561975215e-07,0.36498739396982566,CM
,235560,Contig_988292.fasta,0.011086100253642739,2.3190093606788936e-05,0.4475503004010679,CM
,235560,Contig_2.fasta,0.00492887047780033,3.9411040762260284e-06,0.40883690613308565,CM
,235560,Contig_55746.fasta,0.0034559316059684392,2.3197868796200126e-06,0.38463940737305097,CM
,235560,Contig_370874.fasta,0.016532967133524236,5.202887759103665e-05,0.46077187500671246,CM
,235560,Contig_62202.fasta,0.021101770814144,9.016074760141149e-05,0.4700289694317595,CM
,235560,Contig_131826.fasta,0.01940058667726977,7.4345364273489e-05,0.4662818525852681,CM
,235560,Contig_60972.fasta,0.018481235095943464,6.62768751572086e-05,0.46512310046651745,CM
,235560,Contig_502426.fasta,0.010792075398076246,2.2263448636724572e-05,0.4449965183731018,CM
,235560,Contig_302574.fasta,0.00961016416016505,1.5144636315511991e-05,0.4377117297187245,CM
,235560,Contig_369922.fasta,0.027839947282494875,0.00015426149855121539,0.4774631010911394,CM
,235560,Contig_56774.fasta,0.002228068456496923,7.22764034971857e-07,0.35207963812589654,CM
,235560,Contig_53586.fasta,0.01891027902899454,7.303724369597124e-05,0.46721301954000655,CM
,235560,Contig_305448.fasta,0.020223313893815098,8.39690195888542e-05,0.46791383906931655,CM
,235560,Contig_423780.fasta,0.02127813757987501,8.788017313317822e-05,0.46932180448276484,CM
,235560,Contig_368225.fasta,0.02225612804042149,9.587981405783509e-05,0.4700289694317595,CM
,235560,Contig_498426.fasta,0.023997156892255293,0.00011817473682718446,0.47383679905753573,CM
,235560,Contig_543905.fasta,0.00592569628907661,5.708898129329225e-06,0.41684974527333324,CM
,235560,Contig_799449.fasta,0.015209697987644238,4.28349375939567e-05,0.45694710846612946,CM
,235560,Contig_307703.fasta,0.022770064920213485,0.00010312189666684595,0.4721633088489572,CM
,235560,Contig_135212.fasta,0.024316578644015138,0.00011278340889389774,0.471925203297344,CM
,235560,Contig_542656.fasta,0.01839766354835693,6.521852326206273e-05,0.4637401774720679,CM
,235560,Contig_368570.fasta,0.007043822764447227,7.905722314604902e-06,0.42345143807177965,CM
,235560,Contig_58171.fasta,0.020542780605661524,8.512334862429757e-05,0.46932180448276484,CM
,235560,Contig_989217.fasta,0.02039297461553466,8.051317367379207e-05,0.4660496405072874,CM
,235560,Contig_24573992.fasta,0.0012278631494715166,0.0,0.31841703917612557,CM
,235560,Contig_422441.fasta,0.0012032222495522672,0.0,0.31541209239589924,CM
,235560,Contig_58619.fasta,0.010871408434313636,2.229356138585002e-05,0.4462697559077888,CM
,235560,Contig_55786.fasta,0.022258376190080607,0.00010012477059477727,0.471925203297344,CM
,235560,Contig_84.fasta,0.009717910657219508,1.6209748589455157e-05,0.4418449849568617,CM
,235560,Contig_302648.fasta,0.005908429922116968,5.5941254522408715e-06,0.4179668057787553,CM
,235560,Contig_56021.fasta,0.004677846586633512,4.615749574452911e-06,0.40407067277143055,CM
,235560,Contig_500040.fasta,0.024216878548926603,0.00011337933828841742,0.4731181385938489,CM
,235560,Contig_1066208.fasta,0.015825652269362802,4.7518731053882606e-05,0.4578413298134213,CM
,235560,Contig_56448.fasta,0.0061895472268891066,6.3043976701105145e-06,0.42230490890732536,CM
,235560,Contig_211575.fasta,0.002372632318539151,5.017559898536452e-07,0.3606272362769299,CM
,235560,Contig_58270.fasta,0.027368072089062234,0.00014816942416995306,0.47649067115001686,CM
,235560,Contig_501846.fasta,0.02349702618347705,0.00010955072240696035,0.47287906929693435,CM
,235560,Contig_542512.fasta,0.011478950296647297,2.62210514669649e-05,0.4469091108589461,CM
,235560,Contig_134156.fasta,0.01721187840149087,5.112514252410391e-05,0.46009227047130435,CM
,235560,Contig_24575311.fasta,0.004503093656862331,3.480090917696527e-06,0.39754786666891806,CM
,235560,Contig_56365.fasta,0.02496728454844467,0.00012525753818897408,0.47479841610280726,CM
,235560,Contig_24577067.fasta,0.015113542705876141,4.579314354400478e-05,0.4589640402837828,CM
,235560,Contig_302549.fasta,0.021195214249710305,8.922314603875932e-05,0.4700289694317595,CM
,235560,Contig_61598.fasta,0.01743736671509413,6.279713787164328e-05,0.46466121059515053,CM
,235560,Contig_57982.fasta,0.01922822622874226,7.174284483562072e-05,0.46489204080408997,CM
,235560,Contig_367952.fasta,0.017824560917688033,5.528879188444924e-05,0.4616811436303074,CM
,235560,Contig_548080.fasta,0.010244847332027374,2.0628986688308724e-05,0.4435202266059872,CM
,235560,Contig_55623.fasta,0.017715136182412352,6.271092792369974e-05,0.464200237171941,CM
,235560,Contig_56982.fasta,0.02410052928907374,0.00011273772927483672,0.4724016547898198,CM
,235560,Contig_1066315.fasta,0.010559227385944872,2.262025711352542e-05,0.4456322276850634,CM
,235560,Contig_369802.fasta,0.022940722937700473,0.0001022487356573719,0.4700289694317595,CM
,235560,Contig_132276.fasta,0.019935681175048306,8.050869661058425e-05,0.46791383906931655,CM
,235560,Contig_985545.fasta,0.020818977823252743,8.038998825585579e-05,0.46767999906978164,CM
,235560,Contig_56278.fasta,0.0,0.0,0.0,CM
,235560,Contig_61852.fasta,0.02010391469493587,8.303986298928381e-05,0.4688515421536238,CM
,235560,Contig_985500.fasta,0.018344664083219282,6.532802628141936e-05,0.46535438992473055,CM
,235560,Contig_499607.fasta,0.01454811565235879,4.30026758323476e-05,0.45450591458894274,CM
,235560,Contig_2240.fasta,0.021766933965805004,8.788892897749863e-05,0.46838222129060714,CM
,235560,Contig_370216.fasta,0.01008468808915225,1.449597295088685e-05,0.4344603891080005,CM
,235560,Contig_309063.fasta,0.023778444147990914,0.0001104049224385062,0.4724016547898198,CM
,235560,Contig_57285.fasta,0.011770812026349824,2.5649233210460808e-05,0.4481933324418741,CM
,235560,Contig_3691.fasta,0.007617657439783715,9.613235939988095e-06,0.42211442405892335,CM
,235560,Contig_59029.fasta,0.023102438180125178,0.0001003344612709363,0.470501597857533,CM
,235560,Contig_3240.fasta,0.013144511159563388,3.379129716831481e-05,0.4527468205798902,CM
,235560,Contig_56285.fasta,0.021747883598321964,9.354053656646269e-05,0.46932180448276484,CM
,235560,Contig_371253.fasta,0.02775216711574273,0.00015185372182588468,0.4774631010911394,CM
,235560,Contig_1263041.fasta,0.006835585076536609,8.387206712140484e-06,0.42003037618430566,CM
,235560,Contig_138129.fasta,0.022190151264752562,9.608638323017538e-05,0.47026516489378545,CM
,235560,Contig_302755.fasta,0.010874887953912603,2.2115669669956567e-05,0.4471226364733077,CM
,235560,Contig_544576.fasta,0.012242607025989338,2.7592945403391287e-05,0.45143641010064306,CM
,235560,Contig_278.fasta,0.0012707391482181835,0.0,0.3222547101028351,CM
,235560,Contig_131695.fasta,0.021947013053354666,9.672949182486773e-05,0.4712123253467438,CM
,235560,Contig_548245.fasta,0.0024159558601984706,4.01333537872332e-07,0.3609053907206452,CM
,235560,Contig_1065632.fasta,0.0059850423409835455,6.482594198395295e-06,0.4196536673267413,CM
,235560,Contig_55072.fasta,0.02037856053182844,7.811792172354124e-05,0.4662818525852681,CM
,235560,Contig_204149.fasta,0.00924576222166915,1.623903121975885e-05,0.43730265333580987,CM
,235560,Contig_369610.fasta,0.004208633432231926,3.1033762873449777e-06,0.3851142708389437,CM
,235560,Contig_498487.fasta,0.01537473095746112,4.5578408918891e-05,0.4585142960012901,CM
,235560,Contig_201047.fasta,0.007602259576681241,9.257119940843984e-06,0.42040776196704094,CM
,235560,Contig_136690.fasta,0.011690508441888282,2.390872002241422e-05,0.4475503004010679,CM
,235560,Contig_550313.fasta,0.019397139774500097,7.21030627965377e-05,0.46489204080408997,CM
,235560,Contig_60291.fasta,0.01040022725830813,2.2162311245766647e-05,0.44310022639139823,CM
,235560,Contig_370828.fasta,0.018032404067197166,6.767165228086375e-05,0.46558590952170803,CM
,235560,Contig_139853.fasta,0.0023131613882281894,3.9824957625765033e-07,0.35314252005231433,CM
,235560,Contig_57005.fasta,0.004628212349849545,3.945965982731523e-06,0.40216058364358964,CM
,235560,Contig_1062860.fasta,0.007381618873420101,9.802234843205509e-06,0.42888527870698123,CM
,235560,Contig_543959.fasta,0.0,0.0,0.0,CM
,235560,Contig_53626.fasta,0.017322428178028138,5.848774083684049e-05,0.4594146677165602,CM
,235560,Contig_54373.fasta,0.02190978366575,9.345411087885142e-05,0.46861676421564,CM
,235560,Contig_549101.fasta,0.0,0.0,0.0,CM
,235560,Contig_371402.fasta,0.023337180302763796,0.00010776255423795749,0.471925203297344,CM
,235560,Contig_421838.fasta,0.003729531231520487,1.577785459578092e-06,0.39074224556936665,CM
,235560,Contig_1128005.fasta,0.0,0.0,0.0,CM
,235560,Contig_368554.fasta,0.02020112315512556,8.555532966321483e-05,0.46955728958285653,CM
,235560,Contig_58584.fasta,0.019061534416053467,7.486028439370745e-05,0.46791383906931655,CM
,235560,Contig_368185.fasta,0.017013957755863236,5.6021929464112e-05,0.4616811436303074,CM
,235560,Contig_707918.fasta,0.016652011577267558,5.631260541793474e-05,0.4623654536258069,CM
,235560,Contig_992623.fasta,0.02100770747879345,8.811387635860605e-05,0.46908655545796146,CM
,235560,Contig_1062938.fasta,0.016527606603705388,5.564570525706138e-05,0.4639700932764666,CM
,235560,Contig_133910.fasta,0.007001335699764338,8.01793246617125e-06,0.42230490890732536,CM
,235560,Contig_136735.fasta,0.017192187393148813,5.548530638858604e-05,0.4582897542304766,CM
,235560,Contig_133582.fasta,0.029067810431966393,0.0001708568353011846,0.47917443837103585,CM
,235560,Contig_303771.fasta,0.02522116459412891,0.00012808157814111275,0.47479841610280726,CM
,235560,Contig_542493.fasta,0.017778511712792825,6.045848677328175e-05,0.4616811436303074,CM
,235560,Contig_370277.fasta,0.019725232708102124,7.784058246678955e-05,0.46721301954000655,CM
,235560,Contig_422210.fasta,0.017505366973864064,6.327667062961964e-05,0.46512310046651745,CM
,235560,Contig_53810.fasta,0.013477356346994642,3.24010558846505e-05,0.45252789078270456,CM
,235560,Contig_54994.fasta,0.02890370032832042,0.00016487153375634612,0.478439508250835,CM
,235560,Contig_54506.fasta,0.01747629031126303,5.9106443719038434e-05,0.46077187500671246,CM
,235560,Contig_24570062.fasta,0.0035705747209645805,2.0407698801170418e-06,0.38927940022405705,CM
,235560,Contig_502567.fasta,0.019733906014394006,7.72266480181219e-05,0.4665142961807742,CM
,235560,Contig_985561.fasta,0.017289033581321746,5.501899820439e-05,0.4591892434438828,CM
,235560,Contig_54969.fasta,0.0012881049618288947,0.0,0.32595878723045385,CM
,235560,Contig_135393.fasta,0.026487683193696435,0.00014088178177111609,0.47624818225884635,CM
,235560,Contig_132217.fasta,0.016614923695275348,5.8185265769892814e-05,0.4623654536258069,CM
,235560,Contig_61833.fasta,0.021573977167990123,8.677502055893099e-05,0.4688515421536238,CM
,235560,Contig_499666.fasta,0.0,0.0,0.0,CM
,235560,Contig_62792.fasta,0.009384437231919915,1.5913295911196837e-05,0.4379165550484947,CM
,235560,Contig_1065841.fasta,0.02763296118010224,0.00014933491856399908,0.47673340710067913,CM
,235560,Contig_134869.fasta,0.008414758082654109,1.271945329728823e-05,0.43607999913263423,CM
,235560,Contig_555468.fasta,0.008496037506423953,1.478694547753188e-05,0.43730265333580987,CM
,235560,Contig_367976.fasta,0.0,0.0,0.0,CM
,235560,Contig_55642.fasta,0.0037292663568149476,2.1895150822184293e-06,0.39553156303407994,CM
,235560,Contig_58349.fasta,0.010800684626333696,2.2575808188139143e-05,0.4471226364733077,CM
,235560,Contig_136319.fasta,0.017651902029795583,6.225854946300386e-05,0.4630517952195117,CM
,235560,Contig_131609.fasta,0.02012040725373282,7.670135540984706e-05,0.4660496405072874,CM
,235560,Contig_420267.fasta,0.019591444257141887,7.157451696450936e-05,0.46512310046651745,CM
,235560,Contig_368748.fasta,0.021239674469986054,8.894752805125934e-05,0.47026516489378545,CM
,235560,Contig_1065496.fasta,0.023915333468129768,0.00011287260910889174,0.471925203297344,CM
,235560,Contig_2120.fasta,0.008135500351341954,1.2339775688136825e-05,0.4316548330897754,CM
,235560,Contig_368399.fasta,0.01671707742889309,5.326551936045653e-05,0.4621371250067324,CM
,235560,Contig_367933.fasta,0.008257205310384779,1.4400611554229366e-05,0.43669047043333326,CM
,235560,Contig_24566365.fasta,0.0012219149806650725,0.0,0.31830873406075955,CM
,235560,Contig_985209.fasta,0.01222109923016057,3.0394736221191454e-05,0.45252789078270456,CM
,235560,Contig_371176.fasta,0.02321820554913128,0.00011030525485975264,0.47287906929693435,CM
,235560,Contig_138521.fasta,0.0034344915726105332,1.6336656610031255e-06,0.3821264508528514,CM
,235560,Contig_54607.fasta,0.024795859241734962,0.00012857104598230825,0.47600594005016944,CM
,235560,Contig_1063557.fasta,0.01232545255621994,2.8011245454784014e-05,0.4512187454863226,CM
,235560,Contig_137319.fasta,0.017309115311476504,5.2299209976731595e-05,0.4594146677165602,CM
,235560,Contig_53407.fasta,0.009451300083123275,1.5105702272522534e-05,0.43709840174620884,CM
,235560,Contig_1062202.fasta,0.017304144538380733,5.497490807355319e-05,0.4603185824587472,CM
,235560,Contig_422644.fasta,0.021996642558582802,9.603388220297111e-05,0.47026516489378545,CM
,235560,Contig_991144.fasta,0.025612563667297788,0.00013266064803661593,0.47528068976060595,CM
,235560,Contig_500942.fasta,0.01730658164936287,5.923473433195665e-05,0.4619090217860973,CM
,235560,Contig_553943.fasta,0.007113376828633961,9.131302796524178e-06,0.4273185744925265,CM
,235560,Contig_137361.fasta,0.023201024322849192,0.00011062793867133605,0.47383679905753573,CM
,235560,Contig_551233.fasta,0.0013085514798532045,0.0,0.32641356056457377,CM
,235560,Contig_54682.fasta,0.0,0.0,0.0,CM
,235560,Contig_53743.fasta,0.01307239635843813,3.4896819043499844e-05,0.4547267629439422,CM
,235560,Contig_138130.fasta,0.008086103962319676,1.3954107889923257e-05,0.4332535546938116,CM
,235560,Contig_59389.fasta,0.0035382210102805098,1.6408084107157319e-06,0.3860675239845846,CM
,235560,Contig_1194793.fasta,0.015226172203710107,4.542793345018928e-05,0.457617446522559,CM
,235560,Contig_62383.fasta,0.02667105350348751,0.00014048041767990833,0.47624818225884635,CM
,235560,Contig_58030.fasta,0.017367105289296463,5.929567639441191e-05,0.4621371250067324,CM
,235560,Contig_930757.fasta,0.01198567646210451,2.6751111677806825e-05,0.4481933324418741,CM
,235560,Contig_368431.fasta,0.02553722660124499,0.00012788997582453287,0.47479841610280726,CM
,235560,Contig_990245.fasta,0.02629182757911411,0.00013268101779953572,0.4745576461149255,CM
,235560,Contig_985135.fasta,0.017146752495147057,5.650058131515483e-05,0.4603185824587472,CM
,235560,Contig_368201.fasta,0.0011491391185449867,0.0,0.3104935892961623,CM
,235560,Contig_136281.fasta,0.02247258328839833,0.00010032853551767651,0.4714497119086313,CM
,235560,Contig_547390.fasta,0.01755294702265662,6.103465596711237e-05,0.4637401774720679,CM
,235560,Contig_369244.fasta,0.01286196085090899,2.7862802762726642e-05,0.4497009505711836,CM
,235560,Contig_4654.fasta,0.019145014671486594,7.352030768725778e-05,0.4662818525852681,CM
,235560,Contig_57750.fasta,0.009583620299565372,1.652241241511202e-05,0.4399754010994984,CM
,235560,Contig_370786.fasta,0.0034949876829674636,1.6647119391644103e-06,0.3830649521648109,CM
,235560,Contig_552788.fasta,0.0034249847299143046,1.8128793899941608e-06,0.38228254825924557,CM
,235560,Contig_372448.fasta,0.023319623511007158,0.00010662250361456888,0.471925203297344,CM
,235560,Contig_499703.fasta,0.009569509131437118,1.6369265969051903e-05,0.4379165550484947,CM
,235560,Contig_62226.fasta,0.025704336644664667,0.00012626768279119005,0.4743171201919073,CM
,235560,Contig_368906.fasta,0.009810197024203687,1.8405429638337474e-05,0.4437305254332068,CM
,235560,Contig_543263.fasta,0.02055275387157208,8.572644366546504e-05,0.46791383906931655,CM
,235560,Contig_551403.fasta,0.0,0.0,0.0,CM
,235560,Contig_423759.fasta,0.0024590474241840484,5.852157658441538e-07,0.364702914317472,CM
,235560,Contig_310330.fasta,0.019904647167378785,7.320989154900934e-05,0.4660496405072874,CM
,235560,Contig_61150.fasta,0.022080310785901,0.00010002053449738935,0.47073826868140495,CM
,235560,Contig_500731.fasta,0.021679031877743674,9.097747565039293e-05,0.46838222129060714,CM
,235560,Contig_710339.fasta,0.02446883048687384,0.0001145726029631024,0.4726402414841581,CM
,235560,Contig_137986.fasta,0.00373361100529224,1.9078992174041508e-06,0.39519749921394975,CM
,235560,Contig_56080.fasta,0.019105396857722137,7.609801033042795e-05,0.4688515421536238,CM
,235560,Contig_549184.fasta,0.017278448895582128,6.085461418947612e-05,0.4619090217860973,CM
,235560,Contig_54762.fasta,0.002319155461842127,5.81427289154639e-07,0.3560988120771055,CM
,235560,Contig_25.fasta,0.019439982425986917,7.170791628872457e-05,0.4637401774720679,CM
,235560,Contig_1197505.fasta,0.013863505813648815,3.5934482263545374e-05,0.4542852806498219,CM
,235560,Contig_57080.fasta,0.009493233951934988,1.4968820571049731e-05,0.43567396561388877,CM
,235560,Contig_370487.fasta,0.017443339450599595,5.987227712685811e-05,0.4630517952195117,CM
,235560,Contig_24576382.fasta,0.025250043182941447,0.0001258938615875868,0.4745576461149255,CM
,235560,Contig_1067254.fasta,0.0022324131049742146,6.286472742000607e-07,0.35155059283945644,CM
,235560,Contig_131537.fasta,0.01275780848372321,3.2207397288367005e-05,0.45252789078270456,CM
,235560,Contig_370248.fasta,0.014540875886517769,3.772939551258572e-05,0.4542852806498219,CM
,235560,Contig_555756.fasta,0.02039418703689427,7.871616662584559e-05,0.46558590952170803,CM
,235560,Contig_928928.fasta,0.02177954248071783,9.022926965625297e-05,0.46838222129060714,CM
,235560,Contig_307640.fasta,0.022331393545326064,9.901199898829238e-05,0.4712123253467438,CM
,235560,Contig_554387.fasta,0.0013085514798532045,0.0,0.32641356056457377,CM
,235560,Contig_621002.fasta,0.012615950018277958,2.6831475653343384e-05,0.4475503004010679,CM
,235560,Contig_1271583.fasta,0.023443042916940052,0.00011295720910615155,0.4735970031065957,CM
,235560,Contig_54680.fasta,0.015001476291121673,4.111937230013452e-05,0.45694710846612946,CM
,235560,Contig_53390.fasta,0.02334812571767738,0.00010699173699812162,0.4714497119086313,CM
,235560,Contig_56162.fasta,0.021557147277169623,8.761833994291702e-05,0.46908655545796146,CM
,235560,Contig_2576.fasta,0.006849980245446111,7.538304234708954e-06,0.41852758414071245,CM
,235560,Contig_795410.fasta,0.01369554907333923,3.676521354893803e-05,0.45252789078270456,CM
,235560,Contig_552102.fasta,0.002381600250328818,6.352063613762291e-07,0.3585546659534993,CM
,235560,Contig_542414.fasta,0.007016923236170922,8.075187244118154e-06,0.4236431317965745,CM
,235560,Contig_58376.fasta,0.01622586236340736,5.402814471834512e-05,0.4603185824587472,CM
,235560,Contig_1062568.fasta,0.019265246570234356,6.890737358935933e-05,0.4630517952195117,CM
,235560,Contig_991597.fasta,0.008566273680249512,1.3310170060407987e-05,0.4348641627038258,CM
,235560,Contig_542451.fasta,0.017401883949576483,6.18478989477781e-05,0.46466121059515053,CM
,235560,Contig_369777.fasta,0.0023797587583891853,3.6931879513325024e-07,0.3559633617872321,CM
,235560,Contig_543886.fasta,0.02181769315085923,9.089050885218109e-05,0.4688515421536238,CM
,235560,Contig_371149.fasta,0.024071858294491426,0.00011519873325656575,0.47287906929693435,CM
,235560,Contig_987903.fasta,0.02216550606227554,9.656227244413973e-05,0.47097517772452596,CM
,235560,Contig_135856.fasta,0.015279142265257966,4.624182481593032e-05,0.45873905791109465,CM
,235560,Contig_985989.fasta,0.024889420012390397,0.00012577769272840197,0.4755221941761347,CM
,235560,Contig_1993.fasta,0.0049443186604676325,2.983590945029691e-06,0.4072357172056715,CM
,235560,Contig_1061935.fasta,0.008182279371629379,1.225343578958153e-05,0.43265264823792565,CM
,235560,Contig_24577161.fasta,0.026916743662807927,0.00014824124227040935,0.47770682906515216,CM
,235560,Contig_308454.fasta,0.025424394918750065,0.000123874596470398,0.47407683796283334,CM
,235560,Contig_1066423.fasta,0.02253099300353822,9.745306304893843e-05,0.4712123253467438,CM
,235560,Contig_498288.fasta,0.02007228999777399,8.090179943120143e-05,0.4688515421536238,CM
,235560,Contig_544629.fasta,0.0021936913449862403,5.13871461554387e-07,0.3476328670648711,CM
,235560,Contig_131958.fasta,0.0,0.0,0.0,CM
,235560,Contig_60849.fasta,0.025362633501781397,0.00012668292348094398,0.47407683796283334,CM
,235560,Contig_57263.fasta,0.01632862885594853,5.8509090182041785e-05,0.46259400797757444,CM
,235560,Contig_54725.fasta,0.02204091753203089,9.853361364277e-05,0.471925203297344,CM
,235560,Contig_62.fasta,0.0012278631494715166,0.0,0.31841703917612557,CM
,235560,Contig_27.fasta,0.008060389942472946,1.0980115188723162e-05,0.4284925266202533,CM
,235560,Contig_57082.fasta,0.015000388411827359,4.2286082336019e-05,0.45539059763437134,CM
,235560,Contig_499069.fasta,0.017494481540933166,5.908920850145353e-05,0.46282278839695007,CM
,235560,Contig_24566202.fasta,0.011277932740766914,2.385369541285059e-05,0.449484955878306,CM
,235560,Contig_58991.fasta,0.014084451996762323,3.520807132877453e-05,0.45143641010064306,CM
,235560,Contig_55008.fasta,0.018516740734215272,6.760937082303033e-05,0.4644306094980809,CM
,235560,Contig_420468.fasta,0.01975348230732257,7.468646092618269e-05,0.4660496405072874,CM
,235560,Contig_550444.fasta,0.0242375387724403,0.00011547532327053342,0.473357449741342,CM
,235560,Contig_554267.fasta,0.01995321167309252,8.06724319638504e-05,0.46908655545796146,CM
,235560,Contig_498701.fasta,0.010982420821988048,2.3448427626058665e-05,0.44669578908765306,CM
,235560,Contig_985894.fasta,0.015324402133509864,4.223273032892092e-05,0.45605637336190696,CM
,235560,Contig_54008.fasta,0.02131876641386142,9.012759521689776e-05,0.47097517772452596,CM
,235560,Contig_544318.fasta,0.0013085514798532045,0.0,0.32641356056457377,CM
,235560,Contig_705467.fasta,0.0,0.0,0.0,CM
,235560,Contig_54461.fasta,0.013895829508551172,3.805548010125819e-05,0.4551691041530317,CM
,235560,Contig_370355.fasta,0.020829999414640185,8.241182201058373e-05,0.466746971640216,CM
,235560,Contig_993069.fasta,0.023592179645523077,0.00010794247859612324,0.4724016547898198,CM
,235560,Contig_994211.fasta,0.029930833513721482,0.00017845936933406605,0.4794199170792178,CM
,235560,Contig_60682.fasta,0.010221811455204273,1.8022610483018834e-05,0.4375070959039893,CM
,235560,Contig_131793.fasta,0.012911680123010204,2.9670254209964845e-05,0.45143641010064306,CM
,235560,Contig_136283.fasta,0.023535315700227478,0.00011411829442991019,0.47407683796283334,CM
,235560,Contig_1062059.fasta,0.019309796046988178,7.419752152174508e-05,0.4674463926766399,CM
,235560,Contig_499445.fasta,0.006105480535792251,6.910048431848424e-06,0.4224955657510759,CM
,235560,Contig_1062488.fasta,0.014896628913854078,4.071467191680138e-05,0.4567240986523344,CM
,235560,Contig_307035.fasta,0.016194542289957682,4.518195266012841e-05,0.4551691041530317,CM
,235560,Contig_137283.fasta,0.0020662453313073535,3.2525055614523066e-07,0.3446879109166236,CM
,235560,Contig_137617.fasta,0.024538879229569915,0.00012297139346669286,0.4750394305272249,CM
,235560,Contig_794674.fasta,0.0,0.0,0.0,CM
,235560,Contig_135234.fasta,0.021527971794065067,9.467392965368718e-05,0.4714497119086313,CM
,235560,Contig_369513.fasta,0.0059172929979045144,6.349683879663668e-06,0.4205967092757901,CM
,235560,Contig_498784.fasta,0.016317949487635076,5.190740161302815e-05,0.4603185824587472,CM
,235560,Contig_542670.fasta,0.0010059851337447243,0.0,0.2968996440795156,CM
,235560,Contig_62635.fasta,0.023040393544010246,9.937728454732252e-05,0.46979301111377164,CM
,235560,Contig_136944.fasta,0.015130712773997709,4.351786419310567e-05,0.457617446522559,CM
,235560,Contig_501322.fasta,0.0010271331854010608,0.0,0.2994648570043626,CM
,235560,Contig_55419.fasta,0.01864155650844417,6.743685093672234e-05,0.4639700932764666,CM
,235560,Contig_55334.fasta,0.016507280332721204,4.9262400950762734e-05,0.4578413298134213,CM
,235560,Contig_139851.fasta,0.023112339562520446,0.00010408731064366615,0.471925203297344,CM
,235560,Contig_5146.fasta,0.007484774340691745,8.901921372183197e-06,0.4316548330897754,CM
,235560,Contig_139057.fasta,0.02557959365769519,0.00013137274564365033,0.4755221941761347,CM
,235560,Contig_133009.fasta,0.0013555084440148811,0.0,0.3311492137787095,CM
,235560,Contig_371892.fasta,0.011087803634646815,2.214359393177519e-05,0.44733636622305595,CM
,235560,Contig_53661.fasta,0.014468863268989366,4.145422881939648e-05,0.45561230678609205,CM
,235560,Contig_135135.fasta,0.0025046475625598676,6.7774294583831e-07,0.3667036356342606,CM
,235560,Contig_707468.fasta,0.0021077432274991454,4.179199906885576e-07,0.34141834299111024,CM
,235560,Contig_623155.fasta,0.021907522941000495,9.488904508424727e-05,0.4700289694317595,CM
,235560,Contig_426668.fasta,0.018430993048109,6.774822763844602e-05,0.46466121059515053,CM
,235560,Contig_987025.fasta,0.012006059557160107,2.985142312091438e-05,0.4497009505711836,CM
,235560,Contig_499011.fasta,0.01586328645270204,4.735562153799682e-05,0.45694710846612946,CM
,235560,Contig_501860.fasta,0.017602210994912895,5.8537281091805355e-05,0.46145349020642656,CM
,235560,Contig_993478.fasta,0.024394329221524597,0.00011629534990801376,0.473357449741342,CM
,235560,Contig_57792.fasta,0.02100112788476152,8.685057927375895e-05,0.46908655545796146,CM
,235560,Contig_55876.fasta,0.013987691953443451,3.4947310443978856e-05,0.45406486081447506,CM
,235560,Contig_420410.fasta,0.002277417350779683,3.8165989653974764e-07,0.352610278123072,CM
,235560,Contig_548202.fasta,0.009654179204160382,1.62829539369185e-05,0.4410121009135877,CM
,235560,Contig_54035.fasta,0.015262259300464903,4.4853043707077026e-05,0.4589640402837828,CM
,235560,Contig_56306.fasta,0.006853858982913884,8.440337317357927e-06,0.42078582650118396,CM
,235560,Contig_138787.fasta,0.024560957698751967,0.00012316832563077226,0.4743171201919073,CM
,235560,Contig_367974.fasta,0.004358526159542185,3.1380201681487248e-06,0.3933701883726915,CM
,235560,Contig_370972.fasta,0.011911263726363558,2.8231614452683353e-05,0.4497009505711836,CM
,235560,Contig_550249.fasta,0.02552421333078461,0.00012895602170493294,0.4750394305272249,CM
,235560,Contig_2122.fasta,0.004564503673226788,3.697657512527218e-06,0.3990736367328926,CM
,235560,Contig_1211.fasta,0.011206732241031152,2.29716895053986e-05,0.44776443930078136,CM
,235560,Contig_990613.fasta,0.016403491289796207,5.1568089559549404e-05,0.45986618090350523,CM
,235560,Contig_59466.fasta,0.024665977108893632,0.00012157986260276508,0.47407683796283334,CM
,235560,Contig_53438.fasta,0.022406137638167605,9.340909931657714e-05,0.46908655545796146,CM
,235560,Contig_61874.fasta,0.01945719223427243,6.90066312919882e-05,0.4632810287815015,CM
,235560,Contig_24570409.fasta,0.015552270230553347,4.429990161049366e-05,0.4578413298134213,CM
,235560,Contig_134391.fasta,0.02100626997476203,8.368591717752849e-05,0.466746971640216,CM
,235560,Contig_368022.fasta,0.013099799304750527,3.1454705602915025e-05,0.4523091726141291,CM
,235560,Contig_550148.fasta,0.009719807810944224,1.7413049444637574e-05,0.4418449849568617,CM
,235560,Contig_498565.fasta,0.006067959485839243,5.877667211525268e-06,0.4177802134547469,CM
,235560,Contig_132580.fasta,0.00732123965584518,1.0593753206235299e-05,0.42987031609491644,CM
,235560,Contig_987514.fasta,0.013161975908989121,3.4509932571523515e-05,0.4534048828191052,CM
,235560,Contig_132151.fasta,0.005624047898225398,4.661573254213317e-06,0.40973190811673954,CM
,235560,Contig_544515.fasta,0.0,0.0,0.0,CM
,235560,Contig_988369.fasta,0.01541493541387387,4.9875705897171715e-05,0.4623654536258069,CM
,235560,Contig_993621.fasta,0.021129987180252916,9.111970993169509e-05,0.46932180448276484,CM
,235560,Contig_139909.fasta,0.01255703179559504,2.9192313356731738e-05,0.4492691685735156,CM
,235560,Contig_134896.fasta,0.02185297492097346,9.663083280100211e-05,0.47026516489378545,CM
,235560,Contig_1065651.fasta,0.02194466772247886,9.167295908392245e-05,0.46908655545796146,CM
,235560,Contig_55852.fasta,0.021167021324124617,8.538745894898372e-05,0.4688515421536238,CM
,235560,Contig_370760.fasta,0.016676081881930007,5.1626809557037716e-05,0.46054511719420915,CM
,235560,Contig_704052.fasta,0.011683614785610157,2.8515421138067376e-05,0.45013356331824583,CM
,235560,Contig_1062304.fasta,0.006146732240467575,6.201536981504516e-06,0.42230490890732536,CM
,235560,Contig_368958.fasta,0.012383678117759488,2.8041735990383074e-05,0.4462697559077888,CM
,235560,Contig_1065614.fasta,0.019765469376453626,8.040428505292335e-05,0.4674463926766399,CM
,235560,Contig_58988.fasta,0.017500212891694532,6.0150789779496615e-05,0.4621371250067324,CM
,235560,Contig_53501.fasta,0.01087370077971428,2.2839536979352876e-05,0.4452082198566285,CM
,235560,Contig_53993.fasta,0.007063638929864004,7.246562388096865e-06,0.4232599177470073,CM
,235560,Contig_423707.fasta,0.010464399410157667,1.9412279782202597e-05,0.44247171543197783,CM
,235560,Contig_421471.fasta,0.012199611520050044,2.941758598933795e-05,0.45143641010064306,CM
,235560,Contig_61908.fasta,0.014481464531915041,4.026397663709489e-05,0.4562787314181536,CM
,235560,Contig_369636.fasta,0.010365082165030773,1.9187511995265633e-05,0.4418449849568617,CM
,235560,Contig_132893.fasta,0.021996161460720132,9.21618997342668e-05,0.46979301111377164,CM
,235560,Contig_54779.fasta,0.013821166576548822,3.711125915611921e-05,0.45384465477140307,CM
,235560,Contig_132095.fasta,0.018385282401613093,6.761676627946855e-05,0.46466121059515053,CM
,235560,Contig_499035.fasta,0.01784173721198273,6.030025061983347e-05,0.4616811436303074,CM
,235560,Contig_542555.fasta,0.0024836883241032975,6.659970432503887e-07,0.36713522092531703,CM
,235560,Contig_134585.fasta,0.0037970971728660545,1.8957192221188567e-06,0.3968734852157053,CM
,235560,Contig_501844.fasta,0.015398412274890142,4.888364451472549e-05,0.4596403134276194,CM
,235560,Contig_139875.fasta,0.024780897236331364,0.00012196363362993164,0.4743171201919073,CM
,235560,Contig_139036.fasta,0.0009476519636146243,0.0,0.29217223794524916,CM
,235560,Contig_703292.fasta,0.013581525544384552,3.421838572172237e-05,0.45143641010064306,CM
,235560,Contig_993718.fasta,0.023674504120707863,0.00011479163661663844,0.47407683796283334,CM
,235560,Contig_550719.fasta,0.015179508836241928,4.498332302569985e-05,0.4578413298134213,CM
,235560,Contig_53600.fasta,0.02077460479259966,8.063888871398269e-05,0.4669798793106951,CM
,235560,Contig_54784.fasta,0.011943136436856124,2.9532057698432357e-05,0.45035018197239324,CM
,235560,Contig_137925.fasta,0.009862762877430258,1.8715176939261667e-05,0.4435202266059872,CM
,235560,Contig_498371.fasta,0.0,0.0,0.0,CM
,235560,Contig_369572.fasta,0.022230802967343696,9.669085640013886e-05,0.470501597857533,CM
,235560,Contig_709936.fasta,0.018599786025071147,6.924040074081551e-05,0.46535438992473055,CM
,235560,Contig_370309.fasta,0.014327706754060839,4.0060295014717245e-05,0.45873905791109465,CM
,235560,Contig_555617.fasta,0.0,0.0,0.0,CM
,235560,Contig_985297.fasta,0.018689247456609163,7.249077899426131e-05,0.4665142961807742,CM
,235560,Contig_369793.fasta,0.020166715858941215,8.033403024155016e-05,0.46791383906931655,CM
,235560,Contig_502640.fasta,0.019044023135243456,7.238247372229777e-05,0.4660496405072874,CM
,235560,Contig_58743.fasta,0.02568161023050749,0.00012748096263637135,0.47479841610280726,CM
,235560,Contig_134420.fasta,0.014010530623187101,3.612635505533271e-05,0.4516542848159426,CM
,235560,Contig_131697.fasta,0.013241563802201983,3.0359985656372688e-05,0.4499171529512659,CM
,235560,Contig_986689.fasta,0.019080509084019325,7.185408712682224e-05,0.46466121059515053,CM
,235560,Contig_306288.fasta,0.024503935840392933,0.00012353769352350572,0.47407683796283334,CM
,235560,Contig_53836.fasta,0.00949504193922424,1.4922824643964767e-05,0.43669047043333326,CM
,235560,Contig_544688.fasta,0.012494201781692993,3.0325122151470754e-05,0.4484080872729435,CM
,235560,Contig_56656.fasta,0.02125057303850741,8.94222855991859e-05,0.46932180448276484,CM
,235560,Contig_54598.fasta,0.024416878118023067,0.00011333193011781902,0.4724016547898198,CM
,235560,Contig_546991.fasta,0.002251706407608371,4.7272962435044785e-07,0.3534092440100578,CM
,235560,Contig_134764.fasta,0.022120775867905326,9.822798071043926e-05,0.4712123253467438,CM
,235560,Contig_542365.fasta,0.0025800816662221913,4.436083356613455e-07,0.37209848037321397,CM
,235560,Contig_139193.fasta,0.0,0.0,0.0,CM
,235560,Contig_207429.fasta,0.011510028330745957,2.611529725056496e-05,0.44648267086766846,CM
,235560,Contig_139542.fasta,0.00680467292477926,7.395753017434587e-06,0.4202189843460409,CM
,235560,Contig_1122224.fasta,0.0,0.0,0.0,CM
,235560,Contig_656.fasta,0.0009476519636146243,0.0,0.29217223794524916,CM
,235560,Contig_53374.fasta,0.021932711940183987,9.339221491944859e-05,0.4700289694317595,CM
,235560,Contig_56557.fasta,0.021758235180996018,8.838783416697419e-05,0.46861676421564,CM
,235560,Contig_308360.fasta,0.025743156200335265,0.00012862646877731865,0.4745576461149255,CM
,235560,Contig_1064061.fasta,0.008217608630688126,1.0728176238618474e-05,0.43066160981989554,CM
,235560,Contig_53464.fasta,0.023075598137144684,0.00010574318557316845,0.4721633088489572,CM
,235560,Contig_56696.fasta,0.01967843669669264,7.16558741689939e-05,0.46512310046651745,CM
,235560,Contig_1061954.fasta,0.019611268284424232,7.22661608629152e-05,0.4665142961807742,CM
,235560,Contig_2616.fasta,0.0,0.0,0.0,CM
,235560,Contig_499913.fasta,0.024514189489019948,0.00012135472526975345,0.4745576461149255,CM
,235560,Contig_60703.fasta,0.01887069659886842,7.348691106191322e-05,0.4662818525852681,CM
,235560,Contig_542430.fasta,0.022049120947215395,9.433283427089681e-05,0.46955728958285653,CM
,235560,Contig_131612.fasta,0.011326552114673608,2.2643378151125898e-05,0.44733636622305595,CM
,235560,Contig_133564.fasta,0.021011115730535653,8.715152388606828e-05,0.46908655545796146,CM
,235560,Contig_550250.fasta,0.0,0.0,0.0,CM
,235560,Contig_131657.fasta,0.01315548615388083,3.517997186561351e-05,0.45362466220971065,CM
,235560,Contig_500964.fasta,0.02323762054319873,0.0001082933666397753,0.4726402414841581,CM
,235560,Contig_933392.fasta,0.009037370246668572,1.6018819729965474e-05,0.43567396561388877,CM
,235560,Contig_54659.fasta,0.007536520422091717,9.726351180176222e-06,0.42345143807177965,CM
,235560,Contig_61746.fasta,0.006784858778910864,6.995013291429201e-06,0.4172214347474958,CM
,235560,Contig_53765.fasta,0.009478086436669135,1.625599152958952e-05,0.4387377769051257,CM
,235560,Contig_138153.fasta,0.021074865672685378,8.698844627110801e-05,0.46979301111377164,CM
,235560,Contig_56940.fasta,0.018506873961026543,6.633447531663878e-05,0.4621371250067324,CM
,235560,Contig_54275.fasta,0.020079705529753255,8.015319292214503e-05,0.4674463926766399,CM
,235560,Contig_542488.fasta,0.0,0.0,0.0,CM
,235560,Contig_367990.fasta,0.014980786480253432,4.147272467093042e-05,0.4558342319233478,CM
,235560,Contig_555859.fasta,0.01270966496434244,3.423688234924966e-05,0.45252789078270456,CM
,235560,Contig_993581.fasta,0.00921121273374278,1.5658685784830834e-05,0.4377117297187245,CM
,235560,Contig_547586.fasta,0.004783002430450085,3.914932254481855e-06,0.4081237148445849,CM
,235560,Contig_428255.fasta,0.001255825174631781,0.0,0.3211488257167581,CM
,235560,Contig_131556.fasta,0.017094173128681275,5.5992082079713884e-05,0.4632810287815015,CM
,235560,Contig_303047.fasta,0.006804254814472754,7.153902482748343e-06,0.4172214347474958,CM
,235560,Contig_368885.fasta,0.011626157771612976,2.5056130722281878e-05,0.44733636622305595,CM
,235560,Contig_59053.fasta,0.011285216497518315,2.3566194950887245e-05,0.4418449849568617,CM
,235560,Contig_551912.fasta,0.008297242054576045,1.218684629079861e-05,0.43305306716271774,CM
,235560,Contig_554772.fasta,0.011597919732989542,2.6367990812680898e-05,0.4475503004010679,CM
,235560,Contig_544264.fasta,0.0012881049618288947,0.0,0.32595878723045385,CM
,235560,Contig_934117.fasta,0.015016208817243247,4.382741613019186e-05,0.45561230678609205,CM
,235560,Contig_545454.fasta,0.013847559964456833,3.2327961576240606e-05,0.4510012906692208,CM
,235560,Contig_368262.fasta,0.003629616526231915,2.1779038688350453e-06,0.38992819922443045,CM
,235560,Contig_61277.fasta,0.006917624217333191,8.65729847272697e-06,0.42268639482323084,CM
,235560,Contig_302677.fasta,0.008044850722009958,1.0569128445671535e-05,0.4284925266202533,CM
,235560,Contig_554901.fasta,0.002321549555874832,4.536433418689346e-07,0.3565057821480507,CM
,235560,Contig_305322.fasta,0.007553179763992308,1.0199534796629944e-05,0.43648679017660125,CM
,235560,Contig_544883.fasta,0.0,0.0,0.0,CM
,235560,Contig_135194.fasta,0.018850088870819383,6.489275006567538e-05,0.4639700932764666,CM
,235560,Contig_56818.fasta,0.010356503815090625,1.964052695188512e-05,0.44163646915461685,CM
,235560,Contig_498461.fasta,0.016063955051003314,5.069290447456646e-05,0.457617446522559,CM
,235560,Contig_543101.fasta,0.0023131613882281894,3.9824957625765033e-07,0.35314252005231433,CM
,235560,Contig_421823.fasta,0.009976570143934622,1.9395110939736384e-05,0.4469091108589461,CM
,235560,Contig_135268.fasta,0.012067352900319584,2.714664323172689e-05,0.4497009505711836,CM
,235560,Contig_1064205.fasta,0.022968187147896557,0.00010005584535924149,0.4700289694317595,CM
,235560,Contig_54445.fasta,0.015258426669760254,4.529071064886639e-05,0.4582897542304766,CM
,235560,Contig_549637.fasta,0.0,0.0,0.0,CM
,235560,Contig_55400.fasta,0.011561080655355946,2.4784980818645444e-05,0.44584453460630447,CM
,235560,Contig_625718.fasta,0.024184229637491922,0.0001147702648657007,0.4731181385938489,CM
,235560,Contig_801021.fasta,0.0,0.0,0.0,CM
,235560,Contig_1062339.fasta,0.002392450054023052,5.664220807126494e-07,0.3582801217988641,CM
,235560,Contig_306355.fasta,0.009937837451474056,1.9092495731648496e-05,0.44331012701972194,CM
,235560,Contig_428764.fasta,0.01873443353048372,6.94838454719612e-05,0.46489204080408997,CM
,235560,Contig_369126.fasta,0.003425917071056219,1.5990899507735783e-06,0.38134787210213245,CM
,235560,Contig_302533.fasta,0.01713108956259777,5.320069135206433e-05,0.45986618090350523,CM
,235560,Contig_1315.fasta,0.010289431852386939,1.9675663896269977e-05,0.441428150065393,CM
,235560,Contig_992309.fasta,0.009205038464789483,1.616144612283787e-05,0.4379165550484947,CM
,235560,Contig_425542.fasta,0.01882304845849404,7.118681892116571e-05,0.4662818525852681,CM
,235560,Contig_498295.fasta,0.019769255265629948,7.316265680261409e-05,0.46466121059515053,CM
,235560,Contig_54108.fasta,0.006532336197084474,7.552929896873936e-06,0.4179668057787553,CM
,235560,Contig_796850.fasta,0.023310139910991852,0.00010840431212742708,0.4726402414841581,CM
,235560,Contig_58097.fasta,0.015721859600465928,4.383187805018204e-05,0.4585142960012901,CM
,235560,Contig_984994.fasta,0.0035405769947870537,1.71691246488599e-06,0.38369318496868926,CM
,235560,Contig_932851.fasta,0.022194950552663288,9.737112452346993e-05,0.47073826868140495,CM
,235560,Contig_60483.fasta,0.014181205315648086,3.6787309847560267e-05,0.45561230678609205,CM
,235560,Contig_542409.fasta,0.00479874708615258,3.601655801976987e-06,0.40564702129979757,CM
,235560,Contig_628830.fasta,0.017516040901084228,5.998559528947445e-05,0.46282278839695007,CM
,235560,Contig_993268.fasta,0.01274350455498258,2.9440942868068502e-05,0.4510012906692208,CM
,235560,Contig_53370.fasta,0.004555840653489586,4.297524524748643e-06,0.3983940732816659,CM
,235560,Contig_4880.fasta,0.01279542242318268,3.0971811192532856e-05,0.4512187454863226,CM
,235560,Contig_368303.fasta,0.024008042710536606,0.00011327573283673901,0.47287906929693435,CM
,235560,Contig_133134.fasta,0.0048354549755300555,3.5685809737291953e-06,0.406528096498103,CM
,235560,Contig_1973.fasta,0.007112451099399875,7.98979847644651e-06,0.42615103740374916,CM
,235560,Contig_371210.fasta,0.016898076644130074,5.672081177464594e-05,0.4609988562259276,CM
,235560,Contig_1062001.fasta,0.019880177178475983,7.69220221797066e-05,0.4662818525852681,CM
,235560,Contig_1064554.fasta,0.01142962732146817,2.5161630101313565e-05,0.44542012286465166,CM
,235560,Contig_498458.fasta,0.006132352397495399,6.787792740181036e-06,0.42040776196704094,CM
,235560,Contig_56821.fasta,0.011861539742136357,2.5780852334956453e-05,0.4484080872729435,CM
,235560,Contig_53604.fasta,0.007358308578787756,9.631965358047079e-06,0.4296729468037801,CM
,235560,Contig_201321.fasta,0.015128924228999533,4.170567898449333e-05,0.4567240986523344,CM
,235560,Contig_136127.fasta,0.020779925486880433,8.305923717527139e-05,0.46767999906978164,CM
,235560,Contig_1268205.fasta,0.006024412660506061,6.449544333689034e-06,0.4205967092757901,CM
,235560,Contig_56363.fasta,0.014354453370017532,3.631120617695643e-05,0.4551691041530317,CM
,235560,Contig_138376.fasta,0.01451436698660874,3.796267095523711e-05,0.4527468205798902,CM
,235560,Contig_54813.fasta,0.018917147795089077,6.962253572944699e-05,0.46535438992473055,CM
,235560,Contig_56326.fasta,0.0050349892580639115,3.595397851802072e-06,0.4109915143340505,CM
,235560,Contig_213640.fasta,0.023421682744815677,0.00010977324026233159,0.473357449741342,CM
,235560,Contig_59276.fasta,0.004940784205830994,3.8156200321134755e-06,0.4081237148445849,CM
,235560,Contig_622130.fasta,0.007830324895125916,1.2194481871133265e-05,0.4290819248686993,CM
,235560,Contig_550374.fasta,0.0022980074101857906,5.106492913451467e-07,0.355557628472125,CM
,235560,Contig_542514.fasta,0.012816679493834443,3.3597084053077165e-05,0.4512187454863226,CM
,235560,Contig_1270443.fasta,0.0,0.0,0.0,CM
,235560,Contig_859.fasta,0.010666941570842529,2.2001774517673383e-05,0.44542012286465166,CM
,235560,Contig_133315.fasta,0.020098429198240557,7.445057542847702e-05,0.46535438992473055,CM
,235560,Contig_1258190.fasta,0.019534872526286447,7.493317422801356e-05,0.46512310046651745,CM
,235560,Contig_62690.fasta,0.0216003597347779,9.41874507451058e-05,0.47097517772452596,CM
,235560,Contig_137536.fasta,0.016481163742675213,5.119058657274429e-05,0.4594146677165602,CM
,235560,Contig_302537.fasta,0.009145523995283235,1.4210732254509237e-05,0.43607999913263423,CM
,235560,Contig_61137.fasta,0.019634573118483947,7.441089100909576e-05,0.46535438992473055,CM
,235560,Contig_53538.fasta,0.010477629874702571,2.0861549826674284e-05,0.4437305254332068,CM
,235560,Contig_42.fasta,0.0,0.0,0.0,CM
,235560,Contig_421320.fasta,0.0021337622299732696,3.214237454906002e-07,0.34583432303718886,CM
,235560,Contig_53681.fasta,0.006164798417362888,5.78936102266864e-06,0.42003037618430566,CM
,235560,Contig_542529.fasta,0.0012278631494715166,0.0,0.31841703917612557,CM
,235560,Contig_4.fasta,0.010215374210931228,2.048295737698395e-05,0.4418449849568617,CM
,235560,Contig_703687.fasta,0.014148841535414835,3.5988047867752115e-05,0.4547267629439422,CM
,235560,Contig_501838.fasta,0.02016558686729048,7.708810926556019e-05,0.4669798793106951,CM
,235560,Contig_304363.fasta,0.007141830645623878,8.82758612360974e-06,0.42576327485834076,CM
,235560,Contig_1124279.fasta,0.017586911663414296,5.705956332214905e-05,0.4619090217860973,CM
,235560,Contig_371458.fasta,0.02449536873355505,0.00012189314981583031,0.4745576461149255,CM
,235560,Contig_371089.fasta,0.02439109063537358,0.00012088679967168429,0.4743171201919073,CM
,235560,Contig_502049.fasta,0.0,0.0,0.0,CM
,235560,Contig_54896.fasta,0.007208195234628802,9.45677650304186e-06,0.4304635134032351,CM
,235560,Contig_308594.fasta,0.021639443661335186,9.153116220705972e-05,0.46861676421564,CM
,235560,Contig_421862.fasta,0.0,0.0,0.0,CM
,235560,Contig_704447.fasta,0.005617334544716614,5.4578325429482485e-06,0.40512020698642126,CM
,235560,Contig_542628.fasta,0.010567111682391014,2.0123928747249443e-05,0.442681020879202,CM
,235560,Contig_1062711.fasta,0.012419177807564305,2.760084384332155e-05,0.4471226364733077,CM
,235560,Contig_56142.fasta,0.006152258442517179,5.8256956283632465e-06,0.41890227311487604,CM
,235560,Contig_930489.fasta,0.00241614969926587,5.467121130396948e-07,0.36541494655940376,CM
,235560,Contig_139157.fasta,0.018856858360620968,6.843873167626215e-05,0.46466121059515053,CM
,235560,Contig_499578.fasta,0.001255825174631781,0.0,0.3211488257167581,CM
,235560,Contig_991222.fasta,0.00837280645341489,1.3226843782133567e-05,0.43669047043333326,CM
,235560,Contig_55519.fasta,0.0,0.0,0.0,CM
,235560,Contig_371268.fasta,0.020851066980381378,8.143358717807147e-05,0.4662818525852681,CM
,235560,Contig_502154.fasta,0.023263038832365007,0.00010599107142738317,0.470501597857533,CM
,235560,Contig_61443.fasta,0.009483505600193943,1.7645436497742995e-05,0.44163646915461685,CM
,235560,Contig_546955.fasta,0.007428290612357528,8.411199363866283e-06,0.4292787514397399,CM
,235560,Contig_137801.fasta,0.016173430134658117,4.8052867895661595e-05,0.4585142960012901,CM
,235560,Contig_53460.fasta,0.01527395028021455,4.4513889036536255e-05,0.4585142960012901,CM
,235560,Contig_213008.fasta,0.025616319254758328,0.0001332029277017159,0.47600594005016944,CM
,235560,Contig_421555.fasta,0.011828672373083821,2.8476679114722133e-05,0.4481933324418741,CM
,235560,Contig_549796.fasta,0.0013085514798532045,0.0,0.32641356056457377,CM
,235560,Contig_368839.fasta,0.02555500362308263,0.00012799021351372967,0.4750394305272249,CM
,235560,Contig_55135.fasta,0.02158366397151446,9.202757233547418e-05,0.46955728958285653,CM
,235560,Contig_62471.fasta,0.0201196380204795,7.333273098949602e-05,0.4662818525852681,CM
,235560,Contig_55618.fasta,0.01755681931851867,5.739040047595438e-05,0.4619090217860973,CM
,235560,Contig_210082.fasta,0.015053633986007996,4.346717679627462e-05,0.4573937820814434,CM
,235560,Contig_24578817.fasta,0.0,0.0,0.0,CM
,235560,Contig_54618.fasta,0.008968473391412348,1.5016956029542575e-05,0.4348641627038258,CM
,235560,Contig_988525.fasta,0.024588212308229603,0.00011883203848953608,0.473357449741342,CM
,235560,Contig_987358.fasta,0.012799486942276277,3.3730698117428555e-05,0.45296596231298797,CM
,235560,Contig_420491.fasta,0.0,0.0,0.0,CM
,235560,Contig_306388.fasta,0.0,0.0,0.0,CM
,235560,Contig_133758.fasta,0.01416694652405838,3.684716537770854e-05,0.4547267629439422,CM
,235560,Contig_1258149.fasta,0.0183236242987242,6.66623717846917e-05,0.464200237171941,CM
,235560,Contig_303939.fasta,0.015851582022984697,4.862562953725347e-05,0.4596403134276194,CM
,235560,Contig_139743.fasta,0.020884184118269023,8.999353088074738e-05,0.46955728958285653,CM
,235560,Contig_499329.fasta,0.016664020792101157,5.037997234316805e-05,0.4589640402837828,CM
,235560,Contig_55465.fasta,0.0021988076549719093,4.11120666722139e-07,0.3497113894389511,CM
,235560,Contig_545474.fasta,0.0012707391482181835,0.0,0.3222547101028351,CM
,235560,Contig_60212.fasta,0.017476331299295666,6.147492224748124e-05,0.4637401774720679,CM
,235560,Contig_306074.fasta,0.02428112748193504,0.0001158628154265626,0.4731181385938489,CM
,235560,Contig_502705.fasta,0.007155938652850983,8.072029861515131e-06,0.4246042096817754,CM
,235560,Contig_302612.fasta,0.01411105164286799,3.6709874153535714e-05,0.4534048828191052,CM
,235560,Contig_56457.fasta,0.02242183023096869,0.00010157851374795711,0.47168733777148847,CM
,235560,Contig_554999.fasta,0.0009476519636146243,0.0,0.29217223794524916,CM
,235560,Contig_56086.fasta,0.007866422537347935,1.0687269496786364e-05,0.42790474537660406,CM
,235560,Contig_543199.fasta,0.0024242229152404626,5.702368824944756e-07,0.3611839745807152,CM
,235560,Contig_23.fasta,0.009546076118820617,1.6053208147361896e-05,0.441428150065393,CM
,235560,Contig_1064124.fasta,0.020190143604951822,7.752153197666734e-05,0.46721301954000655,CM
,235560,Contig_133459.fasta,0.008350190834454074,1.2836141679759147e-05,0.4338561326558336,CM
,235560,Contig_370813.fasta,0.01748285930289294,5.916200423279158e-05,0.46282278839695007,CM
,235560,Contig_803076.fasta,0.0012920222764410663,0.0,0.3243770114865279,CM
,235560,Contig_304497.fasta,0.00219521293821551,4.6151674018970044e-07,0.34506920285347825,CM
,235560,Contig_55498.fasta,0.011948473072219423,2.778560156925119e-05,0.4497009505711836,CM
,235560,Contig_60113.fasta,0.020553953944172698,8.124859781684542e-05,0.466746971640216,CM
,235560,Contig_305805.fasta,0.0012278631494715166,0.0,0.31841703917612557,CM
,235560,Contig_302556.fasta,0.012940202489170726,3.262050982581357e-05,0.453185316289895,CM
,235560,Contig_61915.fasta,0.009140001200080586,1.5016850442556704e-05,0.43730265333580987,CM
,235560,Contig_134054.fasta,0.020127241372807136,8.149865995509717e-05,0.46861676421564,CM
,235560,Contig_368736.fasta,0.02573700023013546,0.00013143472128015918,0.47528068976060595,CM
,235560,Contig_552143.fasta,0.025041029799347525,0.0001283390969030734,0.47576394414775447,CM
,235560,Contig_131677.fasta,0.015631284521175313,5.025624885994764e-05,0.4594146677165602,CM
,235560,Contig_500107.fasta,0.01717520805817537,5.891902599920894e-05,0.4630517952195117,CM
,235560,Contig_369773.fasta,0.022302662200680445,9.933023854293261e-05,0.47097517772452596,CM
,235560,Contig_553945.fasta,0.006114428978361885,5.005184785695817e-06,0.4190898692962978,CM
,235560,Contig_135011.fasta,0.009540359640175284,1.569013329957504e-05,0.4385321828203529,CM
,235560,Contig_1064039.fasta,0.0012219149806650725,0.0,0.31830873406075955,CM
,235560,Contig_987907.fasta,0.006730642793408594,8.511863277021759e-06,0.4198419372537609,CM
,235560,Contig_53369.fasta,0.003614365034688125,1.9845503302227456e-06,0.38670565212340213,CM
,235560,Contig_61766.fasta,0.01083741903794999,2.464473934439789e-05,0.4462697559077888,CM
,235560,Contig_53444.fasta,0.014294528532231109,4.024980557734125e-05,0.4562787314181536,CM
,235560,Contig_988014.fasta,0.0,0.0,0.0,CM
,235560,Contig_53893.fasta,0.01979151355417263,7.756537790738134e-05,0.4665142961807742,CM
,235560,Contig_811026.fasta,0.006954435535679541,8.78420490687898e-06,0.42287739635726757,CM
,235560,Contig_548326.fasta,0.016303023984237643,5.172178143013006e-05,0.46145349020642656,CM
,235560,Contig_166.fasta,0.0,0.0,0.0,CM
,235560,Contig_368472.fasta,0.018952378551465608,6.6218287260722e-05,0.46535438992473055,CM
,235560,Contig_131533.fasta,0.009542912483570025,1.679659046033745e-05,0.44018235095890546,CM
,235560,Contig_713578.fasta,0.007968984782521853,1.0744783286661295e-05,0.42615103740374916,CM
,235560,Contig_62754.fasta,0.01891786635119131,6.282424925873631e-05,0.4623654536258069,CM
,235560,Contig_499271.fasta,0.01942408280885076,7.277047503281617e-05,0.46558590952170803,CM
,235560,Contig_547132.fasta,0.01990758592351356,8.446139800705733e-05,0.46979301111377164,CM
,235560,Contig_542385.fasta,0.008137725507920105,1.097335578048581e-05,0.4284925266202533,CM
,235560,Contig_1061989.fasta,0.008240288456620516,1.022068135565278e-05,0.4290819248686993,CM
,235560,Contig_137023.fasta,0.00345388227812809,1.7748947498379937e-06,0.38590832088191057,CM
,235560,Contig_626516.fasta,0.024269019103284585,0.00011957888146797942,0.4743171201919073,CM
,235560,Contig_990243.fasta,0.006243061099629454,6.2292082816949375e-06,0.42345143807177965,CM
,235560,Contig_59036.fasta,0.0010295272794337653,0.0,0.299656637252204,CM
,235560,Contig_1064338.fasta,0.0,0.0,0.0,CM
,235560,Contig_426325.fasta,0.003707869812112135,1.9316158731059555e-06,0.3922161266297708,CM
,235560,Contig_1063105.fasta,0.006141359194823764,5.855108017631275e-06,0.4196536673267413,CM
,235560,Contig_132168.fasta,0.0011534837670222787,0.0,0.3116309284510933,CM
,235560,Contig_372283.fasta,0.01755572908820622,5.925783418925549e-05,0.4621371250067324,CM
,235560,Contig_134478.fasta,0.002459966952688969,6.517978294593953e-07,0.3631461692427757,CM
,235560,Contig_370234.fasta,0.021992723086161334,9.356623059402543e-05,0.46979301111377164,CM
,235560,Contig_801164.fasta,0.015807970361977335,4.6021254978700086e-05,0.45539059763437134,CM
,235560,Contig_53484.fasta,0.012555342810696531,2.91199189364668e-05,0.45013356331824583,CM
,235560,Contig_549737.fasta,0.0,0.0,0.0,CM
,235560,Contig_206708.fasta,0.01846007894463106,6.364124373645384e-05,0.4623654536258069,CM
,235560,Contig_54992.fasta,0.020876363082568676,8.770348485285659e-05,0.4688515421536238,CM
,235560,Contig_1580.fasta,0.015206401464891908,4.802162149820285e-05,0.46077187500671246,CM
,235560,Contig_138626.fasta,0.01955512989190251,7.473354511682602e-05,0.4662818525852681,CM
,235560,Contig_302732.fasta,0.008621443634092098,1.4759383183579951e-05,0.44018235095890546,CM
,235560,Contig_544511.fasta,0.0012881049618288947,0.0,0.32595878723045385,CM
,235560,Contig_987555.fasta,0.02206570103679755,0.00010134364490346622,0.4721633088489572,CM
,235560,Contig_132953.fasta,0.015424825038925416,4.77556158466501e-05,0.4609988562259276,CM
,235560,Contig_544554.fasta,0.0,0.0,0.0,CM
,235560,Contig_133584.fasta,0.017205797550747873,5.596071808147456e-05,0.4596403134276194,CM
,235560,Contig_57532.fasta,0.01257160711609047,2.864837055626123e-05,0.44776443930078136,CM
,235560,Contig_420261.fasta,0.002234093809120363,4.5181126144262934e-07,0.35155059283945644,CM
,235560,Contig_371170.fasta,0.013432426765173823,3.5516945263285394e-05,0.4527468205798902,CM
,235560,Contig_135069.fasta,0.0011892278044707853,0.0,0.31403613360356813,CM
,235560,Contig_369063.fasta,0.011077632797040578,2.290689414173159e-05,0.4475503004010679,CM
,235560,Contig_371618.fasta,0.020223260008709297,8.027504069127546e-05,0.4665142961807742,CM
,235560,Contig_555306.fasta,0.007314841201394444,8.323008865100065e-06,0.4286888127066574,CM
,235560,Contig_550560.fasta,0.015421959695366316,4.7335165163099146e-05,0.4585142960012901,CM
,235560,Contig_60835.fasta,0.0023176322412626605,5.33043703228604e-07,0.35869209587529055,CM
,235560,Contig_542345.fasta,0.0030593472730339666,1.1611320308831419e-06,0.36872642952664814,CM
,235560,Contig_61646.fasta,0.025420781811807482,0.0001232295939936457,0.4735970031065957,CM
,235560,Contig_498856.fasta,0.012156827244474682,2.4739655820362444e-05,0.4437305254332068,CM
,235560,Contig_501062.fasta,0.022013109327337677,9.272661210403431e-05,0.46979301111377164,CM
,235560,Contig_368282.fasta,0.011115638243995193,2.323806328154355e-05,0.44776443930078136,CM
,235560,Contig_428054.fasta,0.018928872465514984,6.74613910763159e-05,0.46581765960111154,CM
,235560,Contig_994290.fasta,0.008032414647439744,1.357863948989291e-05,0.4312569945339323,CM
,235560,Contig_499481.fasta,0.018460263958372303,6.287780224427874e-05,0.4632810287815015,CM
,235560,Contig_542530.fasta,0.0,0.0,0.0,CM
,235560,Contig_371705.fasta,0.007401542179105233,8.961051505929226e-06,0.4292787514397399,CM
,235560,Contig_53599.fasta,0.02062334655464777,8.552287251711171e-05,0.46791383906931655,CM
,235560,Contig_985013.fasta,0.019694780587909588,7.90523916988199e-05,0.4681479130258295,CM
,235560,Contig_992481.fasta,0.004685968806419209,3.6188212457601065e-06,0.40547126435815994,CM
,235560,Contig_135275.fasta,0.025250230436715284,0.00012460372772783628,0.4735970031065957,CM
,235560,Contig_931634.fasta,0.018650079599026682,6.209162716215863e-05,0.46259400797757444,CM
,235560,Contig_61990.fasta,0.02198273994686664,9.621217910699577e-05,0.47097517772452596,CM
,235560,Contig_134230.fasta,0.008591822088437224,1.295041528291846e-05,0.43709840174620884,CM
,235560,Contig_303596.fasta,0.004857115883987977,3.7702297150847323e-06,0.4052956596529377,CM
,235560,Contig_212565.fasta,0.021970038170962446,9.795834906012251e-05,0.470501597857533,CM
,235560,Contig_1128046.fasta,0.020170865791435507,7.834865164143435e-05,0.4681479130258295,CM
,235560,Contig_139855.fasta,0.029067810431966393,0.0001708568353011846,0.47917443837103585,CM
,235560,Contig_989235.fasta,0.017576749365993925,6.209350419875893e-05,0.4637401774720679,CM
,235560,Contig_499439.fasta,0.011188902707971954,2.289201561546464e-05,0.44862304800509734,CM
,235560,Contig_1062866.fasta,0.021594139725385972,9.31212437799562e-05,0.46932180448276484,CM
,235560,Contig_4593.fasta,0.006868995215099796,7.462533045848728e-06,0.42230490890732536,CM
,235560,Contig_61074.fasta,0.02546806497379394,0.00012426030213593973,0.4743171201919073,CM
,235560,Contig_990281.fasta,0.02665506388397692,0.00014490560166941397,0.47673340710067913,CM
,235560,Contig_499662.fasta,0.01976498355568466,7.452748020822267e-05,0.46581765960111154,CM
,235560,Contig_62796.fasta,0.02293015271054837,0.00010210337821284339,0.46955728958285653,CM
,235560,Contig_368867.fasta,0.02309733222969416,0.00010152950518081291,0.470501597857533,CM
,235560,Contig_368024.fasta,0.014027286394012968,3.478397351830163e-05,0.45406486081447506,CM
,235560,Contig_1065845.fasta,0.0010806100420980844,0.0,0.3037415378573947,CM
,235560,Contig_131648.fasta,0.021896090363181558,9.264673667218325e-05,0.46979301111377164,CM
,235560,Contig_1067335.fasta,0.023094855094874085,9.85461796560229e-05,0.46932180448276484,CM
,235560,Contig_367937.fasta,0.012040078595192454,2.694077503558801e-05,0.44776443930078136,CM
,235560,Contig_201958.fasta,0.018456032993763777,7.0800172661458e-05,0.46581765960111154,CM
,235560,Contig_546698.fasta,0.0010789293379519361,0.0,0.3047306018035275,CM
,235560,Contig_308342.fasta,0.015525043214935735,4.843536883011961e-05,0.4596403134276194,CM
,235560,Contig_138109.fasta,0.023160529476976915,0.00010585039403338086,0.4726402414841581,CM
,235560,Contig_545981.fasta,0.02326509486956956,0.00010729773583371267,0.47168733777148847,CM
,235560,Contig_930043.fasta,0.004639969049957962,3.209446951428588e-06,0.4006111635867436,CM
,235560,Contig_53486.fasta,0.0,0.0,0.0,CM
,235560,Contig_24565782.fasta,0.01395833995590935,3.855961573895175e-05,0.4523091726141291,CM
,235560,Contig_59009.fasta,0.014313750637729399,3.920570111590087e-05,0.4565013064090893,CM
,235560,Contig_53814.fasta,0.014237967755146375,3.8937654800012514e-05,0.4551691041530317,CM
,235560,Contig_1116.fasta,0.01259859773536506,3.098050788429908e-05,0.4512187454863226,CM
,235560,Contig_139857.fasta,0.0036760607699613305,2.1092179235583505e-06,0.3940327065846876,CM
,235560,Contig_420383.fasta,0.01028824096711242,2.187641811492336e-05,0.44478501812672677,CM
,235560,Contig_555118.fasta,0.027773261496850738,0.00015632777590239246,0.4779508059952161,CM
,235560,Contig_1066641.fasta,0.02346419312423011,0.00010666650139180995,0.4712123253467438,CM
,235560,Contig_137669.fasta,0.010590156526734885,2.1735124122388702e-05,0.44478501812672677,CM
,235560,Contig_302668.fasta,0.024367828441050173,0.00012153521241886491,0.47407683796283334,CM
,235560,Contig_305455.fasta,0.019673629433077367,7.588155984223156e-05,0.466746971640216,CM
,235560,Contig_61545.fasta,0.009938749858488279,1.78235709771929e-05,0.4362832998315306,CM
,235560,Contig_498353.fasta,0.011935312559986835,2.8143848403254918e-05,0.4497009505711836,CM
,235560,Contig_988988.fasta,0.0011491391185449867,0.0,0.3104935892961623,CM
,235560,Contig_985054.fasta,0.021948439522367916,9.615202872436479e-05,0.47026516489378545,CM
,235560,Contig_420879.fasta,0.008063914682896927,1.2091039345834128e-05,0.43225296911715155,CM
,235560,Contig_1258176.fasta,0.01699094238982577,5.575204371171772e-05,0.45986618090350523,CM
,235560,Contig_499353.fasta,0.024119761919618884,0.00011603960966037071,0.47287906929693435,CM
,235560,Contig_468.fasta,0.0,0.0,0.0,CM
,235560,Contig_993483.fasta,0.02283419227440766,0.0001035799725365652,0.4712123253467438,CM
,235560,Contig_988975.fasta,0.021103823322911514,9.389389173283746e-05,0.4714497119086313,CM
,235560,Contig_988930.fasta,0.017553853642051875,5.89457191467965e-05,0.4623654536258069,CM
,235560,Contig_1198429.fasta,0.001255825174631781,0.0,0.3211488257167581,CM
,235560,Contig_933290.fasta,0.022942422246944986,0.00010566085766533678,0.4721633088489572,CM
,235560,Contig_499052.fasta,0.018986931248231538,7.227063336312765e-05,0.46791383906931655,CM
,235560,Contig_305495.fasta,0.02180233957747446,9.337156425753822e-05,0.46955728958285653,CM
,235560,Contig_985400.fasta,0.02315397627502352,0.00010915501233786191,0.473357449741342,CM
,235560,Contig_985094.fasta,0.01727435984131957,5.47263800256485e-05,0.4616811436303074,CM
,235560,Contig_500018.fasta,0.0108157355075756,2.1654313441309545e-05,0.4460570439173656,CM
,235560,Contig_54766.fasta,0.012924616438837957,3.400646268181184e-05,0.453185316289895,CM
,235560,Contig_1263528.fasta,0.006049508339840972,5.224107084251093e-06,0.4170355071919042,CM
,235560,Contig_59228.fasta,0.0,0.0,0.0,CM
,235560,Contig_1065920.fasta,0.013851748868751543,3.4615202691472256e-05,0.4520906657674556,CM
,235560,Contig_555509.fasta,0.005897867619617441,6.135377388378245e-06,0.41610834955030374,CM
,235560,Contig_139091.fasta,0.02638879258169333,0.00013248523783006313,0.4743171201919073,CM
,235560,Contig_706082.fasta,0.014124347693838895,3.877713440440114e-05,0.4571703361693371,CM
,235560,Contig_368629.fasta,0.017487172115192816,6.148218094592548e-05,0.46282278839695007,CM
,235560,Contig_625052.fasta,0.026551031902376596,0.00014129681540388461,0.4755221941761347,CM
,235560,Contig_368691.fasta,0.011485861109895974,2.5685470794259137e-05,0.4475503004010679,CM
,235560,Contig_551706.fasta,0.0020298199936002017,3.742214024927596e-07,0.33833249390406117,CM
,235560,Contig_61210.fasta,0.0012460393813716161,0.0,0.31939511199270754,CM
,235560,Contig_369691.fasta,0.021794013243668187,9.503750048972278e-05,0.4700289694317595,CM
,235560,Contig_498443.fasta,0.001192372445858033,0.0,0.3153058214752807,CM
,235560,Contig_59641.fasta,0.02288090111293541,0.00010560466383076273,0.471925203297344,CM
,235560,Contig_370353.fasta,0.01948034957697975,7.040533538638987e-05,0.4644306094980809,CM
,235560,Contig_24566591.fasta,0.01017980699766599,1.6921500515119347e-05,0.4385321828203529,CM
,235560,Contig_55467.fasta,0.0037726037042215806,1.985134974299915e-06,0.39503067882593207,CM
,235560,Contig_543838.fasta,0.0,0.0,0.0,CM
,235560,Contig_988352.fasta,0.021365327305338272,8.794040122621726e-05,0.46932180448276484,CM
,235560,Contig_56962.fasta,0.017539113049972778,6.102648664201698e-05,0.4639700932764666,CM
,235560,Contig_549823.fasta,0.010819340591895254,2.1340466529361108e-05,0.4441517219452459,CM
,235560,Contig_546289.fasta,0.02224175440460947,9.970847934148382e-05,0.47073826868140495,CM
,235560,Contig_5823.fasta,0.01342593932748491,3.436882938724564e-05,0.4497009505711836,CM
,235560,Contig_304689.fasta,0.02119400077726351,8.654630427059737e-05,0.46838222129060714,CM
,235560,Contig_1062142.fasta,0.013258448432277246,3.3734726418849165e-05,0.4542852806498219,CM
,235560,Contig_62387.fasta,0.020849490865295833,8.641269078532724e-05,0.4688515421536238,CM
,235560,Contig_133647.fasta,0.020960542890187304,8.826220781990698e-05,0.4700289694317595,CM
,235560,Contig_550173.fasta,0.023241939588431848,0.00010615655004746693,0.4714497119086313,CM
,235560,Contig_542713.fasta,0.008167720836952937,1.1370685653017874e-05,0.42790474537660406,CM
,235560,Contig_131574.fasta,0.006808599541396707,7.47623632122313e-06,0.42287739635726757,CM
,235560,Contig_542387.fasta,0.004500882602365914,3.2232200060088907e-06,0.39519749921394975,CM
,235560,Contig_306603.fasta,0.023178407392978138,0.00010484642952635119,0.47168733777148847,CM
,235560,Contig_137862.fasta,0.026715024407684137,0.00013660768241101356,0.47479841610280726,CM
,235560,Contig_553205.fasta,0.005661954417652114,4.986463626759322e-06,0.4091944373146625,CM
,235560,Contig_53446.fasta,0.019733641349591786,7.881140308141181e-05,0.4669798793106951,CM
,235560,Contig_61498.fasta,0.020120881783001397,8.04963112050174e-05,0.4688515421536238,CM
,235560,Contig_54950.fasta,0.016567811242138516,5.062713448251538e-05,0.46054511719420915,CM
,235560,Contig_55915.fasta,0.0024794420277722854,3.8333628402006283e-07,0.3652723177746421,CM
,235560,Contig_55113.fasta,0.017616443822115066,6.313959330596891e-05,0.4639700932764666,CM
,235560,Contig_24574211.fasta,0.021762141666899316,9.389333961446972e-05,0.47026516489378545,CM
,235560,Contig_55950.fasta,0.02024435770850334,8.083687305633985e-05,0.46791383906931655,CM
,235560,Contig_792106.fasta,0.013826504092242745,3.128679890909487e-05,0.4481933324418741,CM
,235560,Contig_24569564.fasta,0.01545223103532741,4.802692708069629e-05,0.46077187500671246,CM
,235560,Contig_499137.fasta,0.0035485644041347727,1.7512614793013144e-06,0.3865459224034007,CM
,235560,Contig_1065878.fasta,0.0068714037842083145,9.54660161500911e-06,0.42518295235739806,CM
,235560,Contig_500105.fasta,0.010190875259162522,1.5938446052396793e-05,0.4379165550484947,CM
,235560,Contig_990105.fasta,0.008330577011412467,1.2152785384770317e-05,0.4348641627038258,CM
,235560,Contig_213746.fasta,0.0,0.0,0.0,CM
,235560,Contig_308147.fasta,0.002033118319145785,4.291983010932541e-07,0.3366286612009472,CM
,235560,Contig_1064246.fasta,0.0,0.0,0.0,CM
,235560,Contig_500378.fasta,0.01108602017158799,2.1986645469274275e-05,0.4437305254332068,CM
,235560,Contig_372001.fasta,0.02088383765006228,8.47975145457519e-05,0.46791383906931655,CM
,235560,Contig_368549.fasta,0.009581885095250138,1.7578056388080433e-05,0.4395620846118521,CM
,235560,Contig_542593.fasta,0.020114734494233243,7.564965881994655e-05,0.4665142961807742,CM
,235560,Contig_499422.fasta,0.018302803532352103,6.788228910135826e-05,0.46489204080408997,CM
,235560,Contig_134994.fasta,0.0025167785295898,6.706440479845297e-07,0.36641647538709204,CM
,235560,Contig_62593.fasta,0.025443270253407632,0.00013097516298179895,0.47576394414775447,CM
,235560,Contig_1062838.fasta,0.0,0.0,0.0,CM
,235560,Contig_306052.fasta,0.0,0.0,0.0,CM
,235560,Contig_500079.fasta,0.013057085976408596,3.210498899547796e-05,0.4527468205798902,CM
,235560,Contig_1065904.fasta,0.02199634968565511,9.145993442744625e-05,0.46932180448276484,CM
,235560,Contig_552078.fasta,0.0037083405571584445,2.3825729165342506e-06,0.39536446055709046,CM
,235560,Contig_1065941.fasta,0.02323479132370909,0.00010744897406711774,0.471925203297344,CM
,235560,Contig_55393.fasta,0.02163526514540437,8.766724619648754e-05,0.4674463926766399,CM
,235560,Contig_423779.fasta,0.0,0.0,0.0,CM
,235560,Contig_135642.fasta,0.02307626000923202,0.00010651051710312846,0.4726402414841581,CM
,235560,Contig_302535.fasta,0.010567334837352142,2.163366019476581e-05,0.44436262019878114,CM
,235560,Contig_61135.fasta,0.009753854167603016,1.8019097012083735e-05,0.4441517219452459,CM
,235560,Contig_134037.fasta,0.01636199321814949,5.134613729015528e-05,0.4603185824587472,CM
,235560,Contig_131651.fasta,0.017614279361888644,6.274620684498e-05,0.46535438992473055,CM
,235560,Contig_369755.fasta,0.026341476786490358,0.0001369124362337508,0.4750394305272249,CM
,235560,Contig_985251.fasta,0.00598303398492708,6.5992052364757574e-06,0.4183404908979138,CM
,235560,Contig_305281.fasta,0.02127555253497598,9.042977605892553e-05,0.46908655545796146,CM
,235560,Contig_1264101.fasta,0.003432971410195338,1.6005245984484297e-06,0.3784179854988407,CM
,235560,Contig_53427.fasta,0.01802517988885362,6.180365355579861e-05,0.4632810287815015,CM
,235560,Contig_1063267.fasta,0.02073938393928462,8.315273061081552e-05,0.4674463926766399,CM
,235560,Contig_555358.fasta,0.005561600741561129,5.128363839479755e-06,0.4100910070721442,CM
,235560,Contig_368078.fasta,0.0175477029163674,5.6215656229188695e-05,0.46054511719420915,CM
,235560,Contig_798280.fasta,0.014073258360908385,3.56482114690449e-05,0.4523091726141291,CM
,235560,Contig_57241.fasta,0.008034740008197696,1.2374847639600278e-05,0.4312569945339323,CM
,235560,Contig_550914.fasta,0.0012278631494715166,0.0,0.31841703917612557,CM
,235560,Contig_202130.fasta,0.002102693718524396,4.38992751306225e-07,0.3459621730641897,CM
,235560,Contig_792223.fasta,0.017497080347362616,6.1868923075636e-05,0.46282278839695007,CM
,235560,Contig_368085.fasta,0.017924579217792957,5.9610945283314976e-05,0.4623654536258069,CM
,235560,Contig_713989.fasta,0.017297154489095065,5.502071508117143e-05,0.4596403134276194,CM
,235560,Contig_56628.fasta,0.020901997953829146,9.299262787696865e-05,0.471925203297344,CM
,235560,Contig_369883.fasta,0.007478059577715175,9.90701921370529e-06,0.4332535546938116,CM
,235560,Contig_500548.fasta,0.00365577487166683,1.6774946192237174e-06,0.38976579680909335,CM
,235560,Contig_138155.fasta,0.017491962367461606,6.484366232960653e-05,0.46489204080408997,CM
,235560,Contig_307949.fasta,0.02408217197827933,0.00011397700258129658,0.47287906929693435,CM
,235560,Contig_135889.fasta,0.02000800261782902,7.94837062699102e-05,0.46791383906931655,CM
,235560,Contig_56903.fasta,0.009427940664801392,1.673057648410186e-05,0.4399754010994984,CM
,235560,Contig_134889.fasta,0.02116902666641375,9.594729341150459e-05,0.471925203297344,CM
,235560,Contig_367996.fasta,0.011408540090610948,2.466524592714757e-05,0.44457371883070457,CM
,235560,Contig_57903.fasta,0.011465660369755364,2.2596781260134614e-05,0.44542012286465166,CM
,235560,Contig_139294.fasta,0.016836001215316164,5.598298431173199e-05,0.4623654536258069,CM
,235560,Contig_180.fasta,0.005510312634827989,5.249447619121679e-06,0.4072357172056715,CM
,235560,Contig_1268736.fasta,0.026572230420332472,0.0001447033553001534,0.4769763904885999,CM
,235560,Contig_308022.fasta,0.023209741240337627,0.00010422043188115043,0.4714497119086313,CM
,235560,Contig_985128.fasta,0.0153806924512242,4.5869221901293805e-05,0.45694710846612946,CM
,235560,Contig_371212.fasta,0.023456711199584337,0.00011379643523231891,0.47407683796283334,CM
,235560,Contig_421597.fasta,0.009565712354249325,1.6115354409328257e-05,0.4381215721622814,CM
,235560,Contig_985291.fasta,0.02034341523574216,8.018624699247696e-05,0.46721301954000655,CM
,235560,Contig_59394.fasta,0.009491294264668108,1.6476951325115248e-05,0.4389435638548935,CM
,235560,Contig_498502.fasta,0.016486325616539226,5.187127553160679e-05,0.4603185824587472,CM
,235560,Contig_423189.fasta,0.016223818563967225,4.9374830319428826e-05,0.4596403134276194,CM
,235560,Contig_543062.fasta,0.0025643766544849855,7.083829615716222e-07,0.37180281213294913,CM
,235560,Contig_543821.fasta,0.0,0.0,0.0,CM
,235560,Contig_429994.fasta,0.019917356492486552,7.619721723725625e-05,0.4674463926766399,CM
,235560,Contig_1065861.fasta,0.019578912191671283,7.205204877649979e-05,0.4644306094980809,CM
,235560,Contig_55662.fasta,0.021028202789492287,8.522025509191757e-05,0.46861676421564,CM
,235560,Contig_1268437.fasta,0.006928073800526574,8.758713417198301e-06,0.42402704038904987,CM
,235560,Contig_1065067.fasta,0.0,0.0,0.0,CM
,235560,Contig_135849.fasta,0.019399199855291267,7.112169369288738e-05,0.46535438992473055,CM
,235560,Contig_4084.fasta,0.016079305046949984,4.747057634617464e-05,0.4573937820814434,CM
,235560,Contig_424464.fasta,0.006244931670336933,6.7399306920736576e-06,0.4215439991615464,CM
,235560,Contig_371156.fasta,0.021918924196919664,9.597004773948435e-05,0.47026516489378545,CM
,235560,Contig_502196.fasta,0.01902845343048708,6.971891935245088e-05,0.46512310046651745,CM
,235560,Contig_1260871.fasta,0.005928814766118203,4.9696904910551295e-06,0.41610834955030374,CM
,235560,Contig_368806.fasta,0.004530285438593459,3.820847943062502e-06,0.3977168202884119,CM
,235560,Contig_58444.fasta,0.015289816920803908,4.675632371607392e-05,0.4603185824587472,CM
,235560,Contig_984996.fasta,0.012268747613048445,3.0593000028220587e-05,0.4469091108589461,CM
,235560,Contig_990044.fasta,0.01487054397684134,4.409581155226724e-05,0.45806543227539553,CM
,235560,Contig_1274572.fasta,0.01752881319851883,5.713967402362544e-05,0.4621371250067324,CM
,235560,Contig_542553.fasta,0.019824385712757554,7.429046211014202e-05,0.4662818525852681,CM
,235560,Contig_131771.fasta,0.024380390099691753,0.00011600048980691169,0.473357449741342,CM
,235560,Contig_499076.fasta,0.01326684834381688,3.3150728550225776e-05,0.45296596231298797,CM
,235560,Contig_134152.fasta,0.01621455713453475,5.0969348463576996e-05,0.4603185824587472,CM
,235560,Contig_131734.fasta,0.019806430655710697,7.839031269465813e-05,0.466746971640216,CM
,235560,Contig_58559.fasta,0.01402578521169404,3.771783382034863e-05,0.4547267629439422,CM
,235560,Contig_55483.fasta,0.004607666521256818,3.3974860057257116e-06,0.4044199127651828,CM
,235560,Contig_55811.fasta,0.009773478113773854,1.7594132938276975e-05,0.441428150065393,CM
,235560,Contig_985419.fasta,0.017669291241510624,5.798103061241732e-05,0.46259400797757444,CM
,235560,Contig_213506.fasta,0.027722178734186424,0.0001559795398558671,0.478439508250835,CM
,235560,Contig_135253.fasta,0.025719434985006808,0.0001290438932798983,0.47407683796283334,CM
,235560,Contig_24576898.fasta,0.00473553361349435,3.475797445085693e-06,0.4011263086749392,CM
,235560,Contig_306742.fasta,0.01870574897089795,7.010927346444047e-05,0.4665142961807742,CM
,235560,Contig_55353.fasta,0.00870673314547608,1.3576522527714636e-05,0.43709840174620884,CM
,235560,Contig_1063497.fasta,0.001128044737436975,0.0,0.30773682280126047,CM
,235560,Contig_302609.fasta,0.019993342510388968,7.734454745612385e-05,0.46838222129060714,CM
,235560,Contig_1063840.fasta,0.009487701132288104,1.358974122301651e-05,0.43669047043333326,CM
,235560,Contig_986139.fasta,0.015717034221752434,4.607714244903393e-05,0.4589640402837828,CM
,235560,Contig_370130.fasta,0.017191523524056427,5.648690301242801e-05,0.45986618090350523,CM
,235560,Contig_54604.fasta,0.014920241073189882,4.214702074467592e-05,0.4562787314181536,CM
,235560,Contig_554797.fasta,0.015273898973905346,4.646574243497094e-05,0.4582897542304766,CM
,235560,Contig_421549.fasta,0.004674691360646018,2.734792223642999e-06,0.4012983182412663,CM
,235560,Contig_61036.fasta,0.025478861151520493,0.00012492556056630227,0.47383679905753573,CM
,235560,Contig_303473.fasta,0.009200132240954749,1.4575719396931723e-05,0.43506633107328363,CM
,235560,Contig_501657.fasta,0.016227049180324044,4.654739329834571e-05,0.457617446522559,CM
,235560,Contig_1062279.fasta,0.012558989199120876,3.0135457294496492e-05,0.4492691685735156,CM
,235560,Contig_58467.fasta,0.0012219149806650725,0.0,0.31830873406075955,CM
,235560,Contig_709008.fasta,0.016355382944271735,4.8623224712311e-05,0.4591892434438828,CM
,235560,Contig_306639.fasta,0.004160739839221918,1.7645543228502867e-06,0.3881491821396238,CM
,235560,Contig_134328.fasta,0.023864696955452982,0.0001134368497196196,0.4731181385938489,CM
,235560,Contig_791908.fasta,0.00215757201687074,3.4105172308046813e-07,0.34506920285347825,CM
,235560,Contig_24572783.fasta,0.011622630896066594,2.513374181580989e-05,0.4460570439173656,CM
,235560,Contig_53481.fasta,0.0,0.0,0.0,CM
,235560,Contig_931044.fasta,0.021200416127215557,9.042653606016615e-05,0.47026516489378545,CM
,235560,Contig_369322.fasta,0.02214491108150329,9.891899941003635e-05,0.4712123253467438,CM
,235560,Contig_553512.fasta,0.0023955946954103,6.28747927725497e-07,0.36202231262616363,CM
,235560,Contig_368367.fasta,0.002462035246875483,6.40995221720851e-07,0.3641352833224253,CM
,235560,Contig_986515.fasta,0.015752215822214803,5.0516629087949765e-05,0.45986618090350523,CM
,235560,Contig_61542.fasta,0.012574452166213897,3.1477686114736834e-05,0.4520906657674556,CM
,235560,Contig_137592.fasta,0.02582451038489066,0.00013327876503812163,0.47528068976060595,CM
,235560,Contig_498311.fasta,0.008794720998501555,1.4934849236192603e-05,0.4314558221017211,CM
,235560,Contig_369512.fasta,0.011041319874461568,2.4058368206176516e-05,0.449484955878306,CM
,235560,Contig_135235.fasta,0.0033934659515498645,1.911544588924943e-06,0.3799543963210041,CM
,235560,Contig_62671.fasta,0.007942265076353016,1.0752733459381124e-05,0.42987031609491644,CM
,235560,Contig_370401.fasta,0.020905888845090533,8.700279945193245e-05,0.4674463926766399,CM
,235560,Contig_2412.fasta,0.0032872459969955485,1.1859263217282718e-06,0.3749309607927216,CM
,235560,Contig_370444.fasta,0.025417096763496527,0.00012612299098594402,0.4743171201919073,CM
,235560,Contig_57800.fasta,0.02782237689633578,0.00015116347775133817,0.4769763904885999,CM
,235560,Contig_56006.fasta,0.017627996554235154,5.914164549474476e-05,0.4623654536258069,CM
,235560,Contig_371401.fasta,0.0057863443330839395,5.685315743252346e-06,0.4142663471175888,CM
,235560,Contig_56492.fasta,0.0013555084440148811,0.0,0.3311492137787095,CM
,235560,Contig_3412.fasta,0.0025966564416820995,7.447682136451523e-07,0.3715076133936614,CM
,235560,Contig_498484.fasta,0.016595295690287556,5.50309841698083e-05,0.46145349020642656,CM
,235560,Contig_303206.fasta,0.015279422647932937,4.4415971842109704e-05,0.457617446522559,CM
,235560,Contig_368656.fasta,0.022786017084379474,9.828953234003969e-05,0.46908655545796146,CM
,235560,Contig_552825.fasta,0.027582326707756767,0.0001568780221267264,0.478439508250835,CM
,235560,Contig_55071.fasta,0.026555386078347284,0.00014135637606248975,0.47624818225884635,CM
,235560,Contig_993479.fasta,0.023905556017050144,0.00010896663322868197,0.47097517772452596,CM
,235560,Contig_499778.fasta,0.011752900052263782,2.5100856334452736e-05,0.4471226364733077,CM
,235560,Contig_5203.fasta,0.002233848283216241,5.492787501429822e-07,0.3486690306030675,CM
,235560,Contig_139312.fasta,0.019462794298581658,7.27423411862782e-05,0.46512310046651745,CM
,235560,Contig_132309.fasta,0.015679939417197423,4.421335652871879e-05,0.4565013064090893,CM
,235560,Contig_1064674.fasta,0.0048545615264955185,3.6732149507890837e-06,0.4083017792925973,CM
,235560,Contig_551478.fasta,0.009659000327732334,1.7704913158187126e-05,0.4395620846118521,CM
,235560,Contig_549697.fasta,0.002392450054023052,5.664220807126494e-07,0.3582801217988641,CM
,235560,Contig_424567.fasta,0.009453455201812065,1.661774123196057e-05,0.43730265333580987,CM
,235560,Contig_549556.fasta,0.008277488474225244,1.1348568271117246e-05,0.4320534063428592,CM
,235560,Contig_1064927.fasta,0.023437525958681284,0.00011588397471292227,0.4750394305272249,CM
,235560,Contig_134109.fasta,0.004903448929105552,4.8659993605087135e-06,0.4099113789481529,CM
,235560,Contig_550094.fasta,0.020574592143287503,8.671968132912239e-05,0.46861676421564,CM
,235560,Contig_136183.fasta,0.02444645704748833,0.00011382742601562603,0.4724016547898198,CM
,235560,Contig_499700.fasta,0.02113484311647194,8.88382488044484e-05,0.46979301111377164,CM
,235560,Contig_131801.fasta,0.012710202074897592,2.6996803740239555e-05,0.4475503004010679,CM
,235560,Contig_303182.fasta,0.0,0.0,0.0,CM
,235560,Contig_502444.fasta,0.025767797100254515,0.00013106174043083088,0.4750394305272249,CM
,235560,Contig_203422.fasta,0.006005370089966647,6.19287424411266e-06,0.41890227311487604,CM
,235560,Contig_61582.fasta,0.021026985057600638,8.671280577589408e-05,0.46908655545796146,CM
,235560,Contig_204934.fasta,0.012671416315549144,2.8852702438796526e-05,0.44797878321619583,CM
,235560,Contig_302553.fasta,0.012814617471365527,3.0141265486718697e-05,0.4499171529512659,CM
,235560,Contig_308121.fasta,0.024880418421495454,0.00012824626154192716,0.4755221941761347,CM
,235560,Contig_502068.fasta,0.0024524363716788267,5.755834005431426e-07,0.36371071828162965,CM
,235560,Contig_134208.fasta,0.022730471810494396,0.00010237119838929607,0.4721633088489572,CM
,235560,Contig_372022.fasta,0.020543673653919,8.26324286402583e-05,0.4662818525852681,CM
,235560,Contig_542609.fasta,0.020865567993477472,8.55061447148999e-05,0.4688515421536238,CM
,235560,Contig_60217.fasta,0.014249444629302454,4.286023488029652e-05,0.45873905791109465,CM
,235560,Contig_993700.fasta,0.020678817301418854,8.958214645033951e-05,0.46979301111377164,CM
,235560,Contig_58603.fasta,0.018980807404954222,7.016487970865029e-05,0.46535438992473055,CM
,235560,Contig_62124.fasta,0.026479477413079957,0.0001369331926688549,0.47576394414775447,CM
,235560,Contig_428405.fasta,0.00824314420658234,1.3198349361954245e-05,0.4338561326558336,CM
,235560,Contig_498444.fasta,0.013782484438147835,3.62186139419713e-05,0.4507840453461624,CM
,235560,Contig_543124.fasta,0.003709150975447833,2.1151775816761186e-06,0.39303976402294544,CM
,235560,Contig_502700.fasta,0.008280315454886585,1.1457156057041429e-05,0.43066160981989554,CM
,235560,Contig_547137.fasta,0.0,0.0,0.0,CM
,235560,Contig_303062.fasta,0.023191192418845284,0.00010501391604438347,0.471925203297344,CM
,235560,Contig_986691.fasta,0.006523268796896166,6.694892317561132e-06,0.4177802134547469,CM
,235560,Contig_930711.fasta,0.02311520204824011,0.00010732802691585488,0.47168733777148847,CM
,235560,Contig_550174.fasta,0.01517780383896891,4.705268738139458e-05,0.4591892434438828,CM
,235560,Contig_132605.fasta,0.00984451720852555,1.860783894169185e-05,0.4439410237849303,CM
,235560,Contig_985136.fasta,0.00581175847747874,4.249307144464451e-06,0.4108110966368012,CM
,235560,Contig_135781.fasta,0.021072561775872037,8.809282136977257e-05,0.46932180448276484,CM
,235560,Contig_135350.fasta,0.01998649520183481,7.998996311960564e-05,0.46861676421564,CM
,235560,Contig_24572895.fasta,0.017027137388658495,5.8589718193882896e-05,0.4639700932764666,CM
,235560,Contig_549067.fasta,0.0037587175654078212,1.795584950767865e-06,0.3948639992146131,CM
,235560,Contig_201548.fasta,0.001192372445858033,0.0,0.3153058214752807,CM
,235560,Contig_423546.fasta,0.0023709516143930022,7.397361861368758e-07,0.361462988852311,CM
,235560,Contig_56965.fasta,0.022763735710889087,0.00010252279664280007,0.47097517772452596,CM
,235560,Contig_989310.fasta,0.019926028061659547,7.572047598839425e-05,0.4669798793106951,CM
,235560,Contig_1268491.fasta,0.0010059851337447243,0.0,0.2968996440795156,CM
,235560,Contig_306129.fasta,0.014465660908802812,4.111544309125179e-05,0.45873905791109465,CM
,235560,Contig_420630.fasta,0.0,0.0,0.0,CM
,235560,Contig_133996.fasta,0.025327064525910284,0.0001258823270525785,0.4743171201919073,CM
,235560,Contig_932723.fasta,0.012942035537062706,3.086086298452848e-05,0.45143641010064306,CM
,235560,Contig_501147.fasta,0.009648522333841577,1.7124780326049532e-05,0.4422626078159892,CM
,235560,Contig_303326.fasta,0.01540862778316581,4.466804069076951e-05,0.45694710846612946,CM
,235560,Contig_131637.fasta,0.015831690544386417,4.908466871161845e-05,0.4573937820814434,CM
,235560,Contig_309378.fasta,0.009868143081253727,1.744415728979981e-05,0.44080437029610603,CM
,235560,Contig_987947.fasta,0.004651034498744084,3.826441815223009e-06,0.4037220354351308,CM
,235560,Contig_794883.fasta,0.021967432861033403,9.736671024147886e-05,0.470501597857533,CM
,235560,Contig_500102.fasta,0.02516824367546525,0.00012216274896409608,0.47383679905753573,CM
,235560,Contig_371148.fasta,0.011436815419524491,2.503916775933878e-05,0.4462697559077888,CM
,235560,Contig_429171.fasta,0.02440138709918368,0.00011949936903138657,0.4731181385938489,CM
,235560,Contig_543887.fasta,0.002399523148393895,5.579493543622741e-07,0.3616026577042632,CM
,235560,Contig_53404.fasta,0.022015880241996032,9.337707867615905e-05,0.4700289694317595,CM
,235560,Contig_53441.fasta,0.007183630379107253,8.525006117772676e-06,0.4259570678828553,CM
,235560,Contig_542338.fasta,0.01756290527399194,5.946774237311484e-05,0.4619090217860973,CM
,235560,Contig_1065711.fasta,0.011065187605375388,2.0764408251785178e-05,0.44542012286465166,CM
,235560,Contig_984988.fasta,0.019723864031460744,7.405658974678767e-05,0.46581765960111154,CM
,235560,Contig_368263.fasta,0.019579220264920368,7.889534493460492e-05,0.466746971640216,CM
,235560,Contig_993761.fasta,0.014005036970112615,3.89621128621706e-05,0.45494782602753187,CM
,235560,Contig_542943.fasta,0.012237001319679659,2.7014814608791635e-05,0.45013356331824583,CM
,235560,Contig_133011.fasta,0.011647921551176436,2.621034936304877e-05,0.4469091108589461,CM
,235560,Contig_542594.fasta,0.007326141064966397,1.0036655373330825e-05,0.43285276509650006,CM
,235560,Contig_548958.fasta,0.019663876698837266,7.572850665995413e-05,0.466746971640216,CM
,235560,Contig_931946.fasta,0.015128826947700038,4.217445493719502e-05,0.4578413298134213,CM
,235560,Contig_1063039.fasta,0.01256906072534908,3.282528821925776e-05,0.4512187454863226,CM
,235560,Contig_502009.fasta,0.02153246013670539,9.10043265265713e-05,0.46838222129060714,CM
,235560,Contig_498308.fasta,0.017160802716108252,5.687455839458367e-05,0.4603185824587472,CM
,235560,Contig_53952.fasta,0.02180670097375193,9.571512114589597e-05,0.47026516489378545,CM
,235560,Contig_929016.fasta,0.011968326491737763,2.767523293392656e-05,0.4492691685735156,CM
,235560,Contig_55444.fasta,0.01518742989076043,4.06377376433995e-05,0.4551691041530317,CM
,235560,Contig_58949.fasta,0.01067130447411933,2.0999195560271024e-05,0.4420536977508895,CM
,235560,Contig_1065204.fasta,0.01964427348283942,7.585313778610573e-05,0.4665142961807742,CM
,235560,Contig_55095.fasta,0.021368637901354636,9.113661858558532e-05,0.4700289694317595,CM
,235560,Contig_986384.fasta,0.022040794029622186,9.849419051207969e-05,0.4714497119086313,CM
,235560,Contig_420408.fasta,0.020789870465621568,8.506789101123291e-05,0.46861676421564,CM
,235560,Contig_137576.fasta,0.02550361199302697,0.0001267783611230199,0.47407683796283334,CM
,235560,Contig_53578.fasta,0.015273536940911662,4.500249433861125e-05,0.45873905791109465,CM
,235560,Contig_56433.fasta,0.011928954703278063,2.5861635707644716e-05,0.44733636622305595,CM
,235560,Contig_24577731.fasta,0.018912612440331496,7.139557839891163e-05,0.46581765960111154,CM
,235560,Contig_56476.fasta,0.02175824147224133,8.853453172820566e-05,0.4674463926766399,CM
,235560,Contig_54700.fasta,0.01704351049566527,5.379233837521203e-05,0.46122606118217496,CM
,235560,Contig_1064903.fasta,0.018778242205670606,6.88083745473881e-05,0.464200237171941,CM
,235560,Contig_542569.fasta,0.00374466996596617,1.7715560873906679e-06,0.3935356089733529,CM
,235560,Contig_1062081.fasta,0.003425784506414336,1.3530064256220507e-06,0.38088224588466957,CM
,235560,Contig_24576774.fasta,0.0034265427178017975,1.7444914398122116e-06,0.38369318496868926,CM
,235560,Contig_138216.fasta,0.018827165206593333,6.877947686888329e-05,0.46512310046651745,CM
,235560,Contig_799287.fasta,0.009604636220422604,1.784098373386213e-05,0.4428905244385391,CM
,235560,Contig_1066406.fasta,0.024404762953355873,0.00011686771847673479,0.4724016547898198,CM
,235560,Contig_371290.fasta,0.009514555966491776,1.3290388618351519e-05,0.43506633107328363,CM
,235560,Contig_498639.fasta,0.012914603361522867,2.8524687449678485e-05,0.4488382149345962,CM
,235560,Contig_542359.fasta,0.008362306237904111,1.3005352067800906e-05,0.4342587833589945,CM
,235560,Contig_991920.fasta,0.01856631869609838,6.653575653248175e-05,0.4639700932764666,CM
,235560,Contig_306564.fasta,0.005983128858739561,6.254425748084549e-06,0.41610834955030374,CM
,235560,Contig_550251.fasta,0.0012032222495522672,0.0,0.31541209239589924,CM
,235560,Contig_131613.fasta,0.013735920532389327,3.633566322232864e-05,0.453185316289895,CM
,235560,Contig_423948.fasta,0.0,0.0,0.0,CM
,235560,Contig_56904.fasta,0.008401406322412501,1.2630978618366098e-05,0.4348641627038258,CM
,235560,Contig_135088.fasta,0.02082670551531889,8.319556184193903e-05,0.4681479130258295,CM
,235560,Contig_427790.fasta,0.02443029024222189,0.000122356042058653,0.47407683796283334,CM
,235560,Contig_246.fasta,0.007169427229893564,1.0606379505989386e-05,0.42790474537660406,CM
,235560,Contig_139152.fasta,0.01855832397659814,6.842960568685288e-05,0.4644306094980809,CM
,235560,Contig_60097.fasta,0.004603624774390835,2.54405567806527e-06,0.40009733994811164,CM
,235560,Contig_309018.fasta,0.02455863033123573,0.00011600406335889614,0.47287906929693435,CM
,235560,Contig_368416.fasta,0.00956077447614086,1.75211511444273e-05,0.44059683528184235,CM
,235560,Contig_305513.fasta,0.026450992043055583,0.00014176762482514453,0.47673340710067913,CM
,235560,Contig_137002.fasta,0.007969502174972847,1.2663528211663838e-05,0.4320534063428592,CM
,235560,Contig_421629.fasta,0.0,0.0,0.0,CM
,235560,Contig_625912.fasta,0.0,0.0,0.0,CM
,235560,Contig_131696.fasta,0.011990040474866199,2.6556011648989164e-05,0.44905358835826925,CM
,235560,Contig_304203.fasta,0.02684915167892516,0.0001443908595089025,0.47673340710067913,CM
,235560,Contig_420590.fasta,0.013125314702965386,3.177725775291416e-05,0.45035018197239324,CM
,235560,Contig_370681.fasta,0.02183229854707213,9.134272319501636e-05,0.46861676421564,CM
,235560,Contig_548716.fasta,0.009703047316690283,1.83798324941633e-05,0.44331012701972194,CM
,235560,Contig_212088.fasta,0.01867913049507876,7.02371768619884e-05,0.46767999906978164,CM
,235560,Contig_985929.fasta,0.01405214303497659,3.786827009688388e-05,0.45384465477140307,CM
,235560,Contig_1124471.fasta,0.0011181976128738249,0.0,0.3080407103813802,CM
,235560,Contig_24578704.fasta,0.024692017083161884,0.00011949011829750749,0.4735970031065957,CM
,235560,Contig_53458.fasta,0.01459375533103589,4.5282705498866044e-05,0.4567240986523344,CM
,235560,Contig_369801.fasta,0.010285231590397003,1.9211759122701005e-05,0.44038949559465085,CM
,235560,Contig_498641.fasta,0.017793974161655724,5.611985809027951e-05,0.4609988562259276,CM
,235560,Contig_984991.fasta,0.019691543570559522,7.142757645365839e-05,0.46558590952170803,CM
,235560,Contig_501958.fasta,0.008201079093286504,1.0899519711201468e-05,0.43066160981989554,CM
,235560,Contig_133189.fasta,0.0013555084440148811,0.0,0.3311492137787095,CM
,235560,Contig_62449.fasta,0.021815245097163732,9.31596981932407e-05,0.4700289694317595,CM
,235560,Contig_370912.fasta,0.026752826115153526,0.0001398581143978232,0.47600594005016944,CM
,235560,Contig_542449.fasta,0.0012032222495522672,0.0,0.31541209239589924,CM
,235560,Contig_548885.fasta,0.0025833715934863973,7.738550430933003e-07,0.37373309829817614,CM
,235560,Contig_367951.fasta,0.015941907161102914,4.8586138553285305e-05,0.4582897542304766,CM
,235560,Contig_1234.fasta,0.021309406009052102,9.392786886247994e-05,0.471925203297344,CM
,235560,Contig_53375.fasta,0.008086667183254353,1.0970600699399588e-05,0.4296729468037801,CM
,235560,Contig_1064866.fasta,0.002175515113086141,5.645271019735372e-07,0.34685977692314046,CM
,235560,Contig_55484.fasta,0.021180024719535298,8.825142817017094e-05,0.46908655545796146,CM
,235560,Contig_309986.fasta,0.02145486999160325,9.023189570752667e-05,0.4700289694317595,CM
,235560,Contig_2772.fasta,0.0011181976128738249,0.0,0.3080407103813802,CM
,235560,Contig_133368.fasta,0.0220428645872043,9.777774033131185e-05,0.47073826868140495,CM
,235560,Contig_1062791.fasta,0.005881857801956527,5.335589989029239e-06,0.4170355071919042,CM
,235560,Contig_802396.fasta,0.0023955946954103,6.28747927725497e-07,0.36202231262616363,CM
,235560,Contig_1063340.fasta,0.014103075868736157,3.794822319832739e-05,0.45406486081447506,CM
,235560,Contig_500006.fasta,0.023031241421995734,0.00010484140977586588,0.4714497119086313,CM
,235560,Contig_132445.fasta,0.01862571267315464,6.3511153263413e-05,0.4621371250067324,CM
,235560,Contig_992335.fasta,0.02324817474100095,0.00010052687456387643,0.47026516489378545,CM
,235560,Contig_500492.fasta,0.020437916750432016,7.843622684900088e-05,0.46535438992473055,CM
,235560,Contig_304732.fasta,0.0141092758954216,3.719246730021499e-05,0.4551691041530317,CM
,235560,Contig_545842.fasta,0.007001745243883853,8.450529031080108e-06,0.42479694876923885,CM
,235560,Contig_552844.fasta,0.0023249687193235523,7.113014089158686e-07,0.35637002213961655,CM
,235560,Contig_57067.fasta,0.0035758545680914184,1.5383272707958427e-06,0.38590832088191057,CM
,235560,Contig_2436.fasta,0.00472506723385747,4.223089834638161e-06,0.40494490616124323,CM
,235560,Contig_133069.fasta,0.0012032222495522672,0.0,0.31541209239589924,CM
,235560,Contig_420771.fasta,0.019890716201135684,7.285547862282013e-05,0.46535438992473055,CM
,235560,Contig_56861.fasta,0.013337398423276709,3.359596116873008e-05,0.453185316289895,CM
,235560,Contig_132069.fasta,0.016948414986499672,5.554972546569291e-05,0.45986618090350523,CM
,235560,Contig_551070.fasta,0.009557014558956028,1.7225317156075584e-05,0.43935571743597795,CM
,235560,Contig_985077.fasta,0.005799660324318066,5.412274837426661e-06,0.4137169222540376,CM
,235560,Contig_551035.fasta,0.0010271331854010608,0.0,0.2994648570043626,CM
,235560,Contig_545300.fasta,0.0,0.0,0.0,CM
,235560,Contig_542610.fasta,0.00226983784656887,4.79424274529109e-07,0.3503660344959315,CM
,235560,Contig_1065239.fasta,0.018006692174624816,6.486815093167901e-05,0.4644306094980809,CM
,235560,Contig_370582.fasta,0.011922437899013904,2.7444248188992843e-05,0.44862304800509734,CM
,235560,Contig_57185.fasta,0.0084816621072475,1.1626014465792598e-05,0.4340573646283085,CM
,235560,Contig_131669.fasta,0.02017168769809906,7.791343429659482e-05,0.4674463926766399,CM
,235560,Contig_136379.fasta,0.018025123627437304,6.182640435367136e-05,0.4621371250067324,CM
,235560,Contig_986919.fasta,0.014013552682633058,3.9596152001058406e-05,0.45561230678609205,CM
,235560,Contig_61778.fasta,0.023591525780623235,0.00010906482266596787,0.4724016547898198,CM
,235560,Contig_53377.fasta,0.0033577938980800456,1.3168309733016655e-06,0.37209848037321397,CM
,235560,Contig_61055.fasta,0.019199962605460152,6.959929941561688e-05,0.46558590952170803,CM
,235560,Contig_932015.fasta,0.015566354641816313,4.4545571127992265e-05,0.4578413298134213,CM
,235560,Contig_304943.fasta,0.0036629338613594917,1.6800068878947452e-06,0.3910688166061985,CM
,235560,Contig_303410.fasta,0.017643364293709208,6.226346113015172e-05,0.4639700932764666,CM
,235560,Contig_797051.fasta,0.010633334041874467,2.2118615991867182e-05,0.4441517219452459,CM
,235560,Contig_368429.fasta,0.020165384489407214,7.692100731897879e-05,0.466746971640216,CM
,235560,Contig_369429.fasta,0.010809155080461364,2.1540184534653234e-05,0.44478501812672677,CM
,235560,Contig_498995.fasta,0.021646225774664653,9.090296085829554e-05,0.46932180448276484,CM
,235560,Contig_132970.fasta,0.009816663703307913,1.5643955403356546e-05,0.4385321828203529,CM
,235560,Contig_369790.fasta,0.013694962268574447,3.376215624811342e-05,0.4520906657674556,CM
,235560,Contig_498542.fasta,0.003684472330464119,1.8081296102092622e-06,0.38911753768758134,CM
,235560,Contig_369341.fasta,0.02094687793119404,8.951329796319979e-05,0.46979301111377164,CM
,235560,Contig_60785.fasta,0.007110541561086279,8.874557234662423e-06,0.42615103740374916,CM
,235560,Contig_24569917.fasta,0.009798746401041069,1.629086266987831e-05,0.4387377769051257,CM
,235560,Contig_501535.fasta,0.008239301382265344,1.1749243384414702e-05,0.4332535546938116,CM
,235560,Contig_56399.fasta,0.01495138654956369,4.085439336855673e-05,0.45494782602753187,CM
,235560,Contig_498337.fasta,0.027037990438366192,0.00014837800933094328,0.4774631010911394,CM
,235560,Contig_137165.fasta,0.02203161841364855,9.581741776544098e-05,0.4700289694317595,CM
,235560,Contig_992875.fasta,0.01063389483927979,2.39017012973835e-05,0.44776443930078136,CM
,235560,Contig_136120.fasta,0.02890130623428772,0.0001671796333213205,0.4789292109204878,CM
,235560,Contig_425638.fasta,0.0,0.0,0.0,CM
,235560,Contig_1267810.fasta,0.02517566380049221,0.00012289507786402405,0.47383679905753573,CM
,235560,Contig_370427.fasta,0.0024497781301365887,7.957550984993138e-07,0.3648450986895256,CM
,235560,Contig_131789.fasta,0.02108286618651074,8.93619828540858e-05,0.46979301111377164,CM
,235560,Contig_2471.fasta,0.019622329611946782,7.577661321920191e-05,0.46581765960111154,CM
,235560,Contig_1062006.fasta,0.015328968704514175,4.182718741400367e-05,0.457617446522559,CM
,235560,Contig_1125243.fasta,0.02435612528504805,0.00012271968314952922,0.4750394305272249,CM
,235560,Contig_57065.fasta,0.008708233339434346,1.2668865218835027e-05,0.43567396561388877,CM
,235560,Contig_61698.fasta,0.015132248714365162,4.562132505678943e-05,0.4594146677165602,CM
,235560,Contig_302649.fasta,0.018975848394923348,6.794404922862512e-05,0.46512310046651745,CM
,235560,Contig_423091.fasta,0.01644875011312717,5.331837641578477e-05,0.46145349020642656,CM
,235560,Contig_54356.fasta,0.0071315945694194706,9.943025531647532e-06,0.4265395069000151,CM
,235560,Contig_546759.fasta,0.007479538932460452,8.471774247680418e-06,0.4290819248686993,CM
,235560,Contig_307829.fasta,0.021117350130361756,8.521495648180926e-05,0.4681479130258295,CM
,235560,Contig_56065.fasta,0.01886361522478727,6.965114335792478e-05,0.46512310046651745,CM
,235560,Contig_793801.fasta,0.017840586279080643,6.182425107341896e-05,0.4630517952195117,CM
,235560,Contig_809830.fasta,0.007861907074717258,1.0139135016237378e-05,0.4284925266202533,CM
,235560,Contig_57449.fasta,0.01245358653572369,2.9671505793970083e-05,0.44776443930078136,CM
,235560,Contig_55851.fasta,0.008284710830491994,1.1561728355418848e-05,0.4324527163302371,CM
,235560,Contig_54486.fasta,0.013218450347267997,3.337485356299341e-05,0.4527468205798902,CM
,235560,Contig_371875.fasta,0.0183189829097627,6.950410266940406e-05,0.4660496405072874,CM
,235560,Contig_308206.fasta,0.0,0.0,0.0,CM
,235560,Contig_56474.fasta,0.021057283242034038,8.782265252284805e-05,0.46932180448276484,CM
,235560,Contig_54702.fasta,0.0011892278044707853,0.0,0.31403613360356813,CM
,235560,Contig_131749.fasta,0.012973707134168727,3.0419310756601497e-05,0.4518723699365684,CM
,235560,Contig_370036.fasta,0.025303135511895367,0.00012846404203131163,0.47407683796283334,CM
,235560,Contig_986386.fasta,0.012871069992731063,2.9879158972298236e-05,0.4484080872729435,CM
,235560,Contig_62203.fasta,0.018767413597845693,7.046879633589308e-05,0.4644306094980809,CM
,235560,Contig_499726.fasta,0.023162626450407536,0.00010530135284492269,0.47168733777148847,CM
,235560,Contig_704029.fasta,0.007615683772157086,9.91931236438778e-06,0.43265264823792565,CM
,235560,Contig_1275222.fasta,0.015111349148764368,4.30191884066354e-05,0.457617446522559,CM
,235560,Contig_202090.fasta,0.009901723199491362,1.7550182700677595e-05,0.4422626078159892,CM
,235560,Contig_134602.fasta,0.01417317298061048,3.946110525351165e-05,0.4551691041530317,CM
,235560,Contig_708522.fasta,0.015240559505431808,4.185515209048111e-05,0.4565013064090893,CM
,235560,Contig_553715.fasta,0.0071754648463058955,9.329563108815883e-06,0.42634518366224744,CM
,235560,Contig_56788.fasta,0.017508333883160376,5.5912191234642064e-05,0.46009227047130435,CM
,235560,Contig_543246.fasta,0.0,0.0,0.0,CM
,235560,Contig_1064243.fasta,0.015159069609986203,4.434190429099545e-05,0.4573937820814434,CM
,235560,Contig_1064692.fasta,0.0024777401552968535,7.202304027397781e-07,0.36829109726038295,CM
,235560,Contig_58108.fasta,0.002420067013878041,4.3440386620590065e-07,0.35938082877827693,CM
,235560,Contig_133815.fasta,0.0034695563018399943,1.6776618917109946e-06,0.3807272897227962,CM
,235560,Contig_62147.fasta,0.021908370659660042,9.77641941406287e-05,0.4712123253467438,CM
,235560,Contig_501081.fasta,0.009325868893270835,1.3834020380073327e-05,0.4342587833589945,CM
,235560,Contig_61231.fasta,0.0186186351244592,6.732211731650019e-05,0.46351048941982814,CM
,235560,Contig_24568074.fasta,0.013608412582472602,3.49850568775642e-05,0.4516542848159426,CM
,235560,Contig_546764.fasta,0.015112734370555745,3.845070148081314e-05,0.45450591458894274,CM
,235560,Contig_137630.fasta,0.022527584282101054,0.00010297882253365739,0.4724016547898198,CM
,235560,Contig_498427.fasta,0.008177342524389173,1.2782278412631475e-05,0.4310583501329494,CM
,235560,Contig_24578527.fasta,0.01994780191417,7.88447942527443e-05,0.4669798793106951,CM
,235560,Contig_132013.fasta,0.023665052239847946,0.00011194163507704738,0.47287906929693435,CM
,235560,Contig_62777.fasta,0.024380063186509305,0.00011561636741949995,0.4724016547898198,CM
,235560,Contig_550583.fasta,0.02303474065051146,0.00010513066320077679,0.4712123253467438,CM
,235560,Contig_53808.fasta,0.008533585883179979,1.3839280870612435e-05,0.43669047043333326,CM
,235560,Contig_802698.fasta,0.02199179491835156,9.567338026361593e-05,0.470501597857533,CM
,235560,Contig_369414.fasta,0.02216854672239727,9.476322123262311e-05,0.46979301111377164,CM
,235560,Contig_621060.fasta,0.02080419076548339,8.364720558482123e-05,0.4674463926766399,CM
,235560,Contig_992910.fasta,0.009358024486928788,1.5875057024424475e-05,0.43935571743597795,CM
,235560,Contig_4802.fasta,0.02115609312336019,8.475944431603402e-05,0.4681479130258295,CM
,235560,Contig_53766.fasta,0.012523424466453145,3.0309747716761815e-05,0.44905358835826925,CM
,235560,Contig_201.fasta,0.007242176261860028,8.228623456818723e-06,0.4271235409122013,CM
,235560,Contig_425070.fasta,0.01780788305614714,6.112085915196074e-05,0.4632810287815015,CM
,235560,Contig_425833.fasta,0.009844393327835996,1.6208835880579513e-05,0.44163646915461685,CM
,235560,Contig_797704.fasta,0.011734160814528527,2.583574202556041e-05,0.4471226364733077,CM
,235560,Contig_627634.fasta,0.025347220406526892,0.00013050021437103378,0.47479841610280726,CM
,235560,Contig_991161.fasta,0.022918692634977117,0.00010500486285889927,0.471925203297344,CM
,235560,Contig_545925.fasta,0.0010789293379519361,0.0,0.3047306018035275,CM
,235560,Contig_131611.fasta,0.004857265522204153,3.015269955820142e-06,0.4044199127651828,CM
,235560,Contig_552125.fasta,0.016169605288936618,4.709973912502712e-05,0.457617446522559,CM
,235560,Contig_138251.fasta,0.0055854492081371335,5.953435928067128e-06,0.41225888904785596,CM
,235560,Contig_55132.fasta,0.012321540029598326,2.9633303791683245e-05,0.4469091108589461,CM
,235560,Contig_139680.fasta,0.020197479187361204,8.020393392139575e-05,0.46767999906978164,CM
,235560,Contig_55177.fasta,0.004939368013175164,3.999092326566732e-06,0.409552594371393,CM
,235560,Contig_1067090.fasta,0.018614538568631447,6.711066538319525e-05,0.46535438992473055,CM
,235560,Contig_501431.fasta,0.014223505578900942,3.918430856562065e-05,0.4551691041530317,CM
,235560,Contig_499446.fasta,0.019377753551343836,7.528486018448535e-05,0.4660496405072874,CM
,235560,Contig_136280.fasta,0.015943636700887352,5.00628728740461e-05,0.45986618090350523,CM
,235560,Contig_425598.fasta,0.0,0.0,0.0,CM
,235560,Contig_56039.fasta,0.010745333536676728,2.185198893608209e-05,0.44648267086766846,CM
,235560,Contig_59601.fasta,0.013088931261085564,3.1547000291741865e-05,0.4527468205798902,CM
,235560,Contig_502702.fasta,0.017222630729868196,5.7982810621082406e-05,0.4619090217860973,CM
,235560,Contig_544473.fasta,0.022530364611737342,9.850668505537928e-05,0.470501597857533,CM
,235560,Contig_551703.fasta,0.024023678315460227,0.00011406863634921393,0.4724016547898198,CM
,235560,Contig_988522.fasta,0.014469570399418482,4.226412450120212e-05,0.4573937820814434,CM
,235560,Contig_371356.fasta,0.014952911431538447,4.1909612787545826e-05,0.4551691041530317,CM
,235560,Contig_626449.fasta,0.01951494086599759,7.747962269110989e-05,0.46767999906978164,CM
,235560,Contig_548610.fasta,0.01738121481632434,6.409844018865027e-05,0.4644306094980809,CM
,235560,Contig_425664.fasta,0.008248820187288737,1.2924537564947761e-05,0.4338561326558336,CM
,235560,Contig_24566569.fasta,0.0,0.0,0.0,CM
,235560,Contig_548279.fasta,0.0012920222764410663,0.0,0.3243770114865279,CM
,235560,Contig_58194.fasta,0.02083603379805418,8.583069143445174e-05,0.46955728958285653,CM
,235560,Contig_368907.fasta,0.01771297191207139,6.175405668423867e-05,0.464200237171941,CM
,235560,Contig_131846.fasta,0.0011491391185449867,0.0,0.3104935892961623,CM
,235560,Contig_991730.fasta,0.02551434563325017,0.00013189071126892745,0.4755221941761347,CM
,235560,Contig_368942.fasta,0.0012707391482181835,0.0,0.3222547101028351,CM
,235560,Contig_501775.fasta,0.015446734110480401,4.1886537910883735e-05,0.457617446522559,CM
,235560,Contig_368101.fasta,0.023245914063965988,0.00010728850593021141,0.47073826868140495,CM
,235560,Contig_24.fasta,0.002151066769158465,3.946473004361113e-07,0.34456100078742014,CM
,235560,Contig_1066255.fasta,0.026352444187299408,0.000137329503569126,0.47528068976060595,CM
,235560,Contig_929331.fasta,0.018666918278651783,6.5366470501928e-05,0.4632810287815015,CM
,235560,Contig_987858.fasta,0.02196178360704452,9.434182944707953e-05,0.46932180448276484,CM
,235560,Contig_55763.fasta,0.01501051975448606,4.040180210905529e-05,0.45406486081447506,CM
,235560,Contig_420346.fasta,0.009460663246929514,1.522262188003073e-05,0.4381215721622814,CM
,235560,Contig_370486.fasta,0.01595035603988591,4.822947179496239e-05,0.4582897542304766,CM
,235560,Contig_420797.fasta,0.005688557597492605,5.355823846761952e-06,0.4142663471175888,CM
,235560,Contig_2842.fasta,0.003445483139632236,1.1772104157471986e-06,0.3811925369200135,CM
,235560,Contig_54955.fasta,0.022009209307008035,9.712836035724819e-05,0.47073826868140495,CM
,235560,Contig_53894.fasta,0.01851737020674456,6.667796685680501e-05,0.46259400797757444,CM
,235560,Contig_54153.fasta,0.020211107713838678,8.044320550146906e-05,0.46767999906978164,CM
,235560,Contig_1061936.fasta,0.011645797928081854,2.487125698476182e-05,0.44669578908765306,CM
,235560,Contig_55116.fasta,0.024245579642425994,0.00011549182101231492,0.471925203297344,CM
,235560,Contig_922.fasta,0.0,0.0,0.0,CM
,235560,Contig_552669.fasta,0.005799415009732919,4.777337886453007e-06,0.41335144794109235,CM
,235560,Contig_1270681.fasta,0.016548560819699454,5.3035824636622045e-05,0.46054511719420915,CM
,235560,Contig_986945.fasta,0.019680592422712296,7.439207925478782e-05,0.46558590952170803,CM
,235560,Contig_137360.fasta,0.022476494910759884,0.00010104613670181077,0.47026516489378545,CM
,235560,Contig_985270.fasta,0.011687612536589174,2.500617294425167e-05,0.4469091108589461,CM
,235560,Contig_59388.fasta,0.012209342305816374,2.506220992025273e-05,0.44478501812672677,CM
,235560,Contig_138131.fasta,0.022165124251081733,9.725206114201255e-05,0.46979301111377164,CM
,235560,Contig_4065.fasta,0.023469301038231808,0.00011017578849973722,0.473357449741342,CM
,235560,Contig_53742.fasta,0.0011181976128738249,0.0,0.3080407103813802,CM
,235560,Contig_371523.fasta,0.015719765761957598,4.92105949087237e-05,0.46054511719420915,CM
,235560,Contig_24574115.fasta,0.0213278070748534,8.324271486100138e-05,0.46861676421564,CM
,235560,Contig_422544.fasta,0.008287282350185636,1.2134906514980942e-05,0.4344603891080005,CM
,235560,Contig_499233.fasta,0.0210081686943914,8.915010494300046e-05,0.47073826868140495,CM
,235560,Contig_542382.fasta,0.0,0.0,0.0,CM
,235560,Contig_542716.fasta,0.014237285891751397,3.952253083791925e-05,0.4551691041530317,CM
,235560,Contig_131534.fasta,0.004732736490169431,4.084165252679572e-06,0.4063515753967143,CM
,235560,Contig_1066498.fasta,0.02418784111506691,0.00011460931047041064,0.4726402414841581,CM
,235560,Contig_137822.fasta,0.004480137003011554,3.4782180366548283e-06,0.3990736367328926,CM
,235560,Contig_59872.fasta,0.0233479931530355,0.0001051445421900355,0.4712123253467438,CM
,235560,Contig_498523.fasta,0.00699348782997415,7.343511317303002e-06,0.42441164541434606,CM
,235560,Contig_57119.fasta,0.023255376153730488,0.00010707119669397483,0.4721633088489572,CM
,235560,Contig_1067031.fasta,0.008427231793862764,1.2916702294530745e-05,0.4340573646283085,CM
,235560,Contig_372145.fasta,0.007337674167653107,9.139553163635259e-06,0.42790474537660406,CM
,235560,Contig_1062612.fasta,0.009324039710977722,1.540930025704865e-05,0.43914954394116995,CM
,235560,Contig_422254.fasta,0.027549486597227682,0.00014869248609970944,0.47673340710067913,CM
,235560,Contig_1123102.fasta,0.01659674161522408,5.567547930683559e-05,0.4619090217860973,CM
,235560,Contig_59049.fasta,0.019913226011238704,7.989917557605585e-05,0.46721301954000655,CM
,235560,Contig_209172.fasta,0.02554930419403339,0.00012790897537169705,0.4750394305272249,CM
,235560,Contig_56634.fasta,0.0034075842686633545,1.2859690384713662e-06,0.38134787210213245,CM
,235560,Contig_3298.fasta,0.0,0.0,0.0,CM
,235560,Contig_369021.fasta,0.01836682593110431,6.787990567929636e-05,0.46535438992473055,CM
,235560,Contig_304922.fasta,0.01724686790301577,5.7717436882601774e-05,0.45873905791109465,CM
,235560,Contig_930796.fasta,0.017691209333156713,5.766269682302383e-05,0.4616811436303074,CM
,235560,Contig_368021.fasta,0.01677574935310376,5.374026587741413e-05,0.4619090217860973,CM
,235560,Contig_545617.fasta,0.0,0.0,0.0,CM
,235560,Contig_131608.fasta,0.0038037960058465384,1.96775938816768e-06,0.3938668679034651,CM
,235560,Contig_370934.fasta,0.024591761250019877,0.00011946527453219705,0.473357449741342,CM
,235560,Contig_369398.fasta,0.022856888894137513,0.00010392662240021562,0.47097517772452596,CM
,235560,Contig_1064046.fasta,0.016549568377872942,5.2071609796579094e-05,0.46077187500671246,CM
,235560,Contig_991399.fasta,0.024293753096450255,0.00011555188508147947,0.47287906929693435,CM
,235560,Contig_55830.fasta,0.02305174863624902,0.00010216758230582494,0.47026516489378545,CM
,235560,Contig_57305.fasta,0.003789969517832292,2.068164611796792e-06,0.39737905653445144,CM
,235560,Contig_1063323.fasta,0.02544055311971216,0.0001254634867878677,0.4743171201919073,CM
,235560,Contig_554259.fasta,0.0,0.0,0.0,CM
,235560,Contig_1066500.fasta,0.014121966060140656,3.6448601040598314e-05,0.4520906657674556,CM
,235560,Contig_59255.fasta,0.0024913272113811624,6.961249707270604e-07,0.36713522092531703,CM
,235560,Contig_371829.fasta,0.023127965639006452,0.00011043853976116911,0.47287906929693435,CM
,235560,Contig_500065.fasta,0.008366484071640116,1.3978358812496995e-05,0.4342587833589945,CM
,235560,Contig_368285.fasta,0.007581206302367165,1.0029659704707171e-05,0.43026559914419915,CM
,235560,Contig_542537.fasta,0.003569206132423028,1.6054328258115665e-06,0.3827516066006679,CM
,235560,Contig_986865.fasta,0.017828736092725957,6.501547878912056e-05,0.46581765960111154,CM
,235560,Contig_60641.fasta,0.018464769625282967,6.498433756645827e-05,0.4644306094980809,CM
,235560,Contig_425558.fasta,0.006510911755246831,6.017740966368502e-06,0.4146334417982424,CM
,235560,Contig_1262982.fasta,0.008549129484109234,1.1808875094552597e-05,0.4342587833589945,CM
,235560,Contig_305.fasta,0.0022681571424227214,7.035655648126587e-07,0.35407781995407983,CM
,235560,Contig_420386.fasta,0.023546022813747427,0.00010924526877479,0.4726402414841581,CM
,235560,Contig_553448.fasta,0.0010059851337447243,0.0,0.2968996440795156,CM
,235560,Contig_138817.fasta,0.007071421064759554,9.211688516805744e-06,0.4267340073591578,CM
,235560,Contig_371446.fasta,0.008085330249953376,1.1661127861681006e-05,0.4316548330897754,CM
,235560,Contig_994196.fasta,0.019780450830835097,7.657415623300146e-05,0.4669798793106951,CM
,235560,Contig_501364.fasta,0.02551521190176662,0.0001280704633116037,0.47528068976060595,CM
,235560,Contig_546659.fasta,0.016120224620804435,5.440921686299259e-05,0.4609988562259276,CM
,235560,Contig_990528.fasta,0.02555134503395116,0.0001258084735118748,0.47407683796283334,CM
,235560,Contig_371562.fasta,0.025408648609797503,0.00012951250142846898,0.47528068976060595,CM
,235560,Contig_423997.fasta,0.027518794968135186,0.00015245233749288658,0.4774631010911394,CM
,235560,Contig_57926.fasta,0.004658324532291726,3.5659538655080098e-06,0.3992438899908844,CM
,235560,Contig_309752.fasta,0.004631201018488023,2.846602046654886e-06,0.4012983182412663,CM
,235560,Contig_57120.fasta,0.014864753837537758,4.024345990120557e-05,0.4567240986523344,CM
,235560,Contig_200999.fasta,0.010132247802746417,1.8368721372176465e-05,0.4397686457418388,CM
,235560,Contig_499237.fasta,0.007210971288694025,1.0795892745921873e-05,0.4286888127066574,CM
,235560,Contig_542386.fasta,0.0022218997252917982,5.213718857859907e-07,0.35168270505021915,CM
,235560,Contig_131530.fasta,0.011694305360139502,2.5566836869887684e-05,0.44669578908765306,CM
,235560,Contig_501205.fasta,0.027334177072039386,0.00014615744612856527,0.47528068976060595,CM
,235560,Contig_2219.fasta,0.0,0.0,0.0,CM
,235560,Contig_139618.fasta,0.027548191884305538,0.00015076716840348555,0.4769763904885999,CM
,235560,Contig_549709.fasta,0.005727836665859908,5.9040025225629645e-06,0.4142663471175888,CM
,235560,Contig_502136.fasta,0.02546980543731643,0.00012667231589368326,0.47407683796283334,CM
,235560,Contig_132297.fasta,0.01568610627248742,4.871324934609484e-05,0.4596403134276194,CM
,235560,Contig_305531.fasta,0.028741605709250696,0.00016374169092997192,0.4781950322629704,CM
,235560,Contig_61421.fasta,0.026353588476663605,0.00013917033434072997,0.47576394414775447,CM
,235560,Contig_500205.fasta,0.0059258479293740635,5.986869558021787e-06,0.41592341250605913,CM
,235560,Contig_59070.fasta,0.026763232450386556,0.000139729298289197,0.4755221941761347,CM
,235560,Contig_929505.fasta,0.01733730604444581,5.9063063275987884e-05,0.4619090217860973,CM
,235560,Contig_24570476.fasta,0.018428971776187294,6.705931120757391e-05,0.46489204080408997,CM
,235560,Contig_53402.fasta,0.017320377126962945,5.608180837468976e-05,0.4630517952195117,CM
,235560,Contig_53447.fasta,0.019584748172504902,7.613803894747938e-05,0.4674463926766399,CM
,235560,Contig_137449.fasta,0.007995645005899403,1.1660308203560031e-05,0.43026559914419915,CM
,235560,Contig_133990.fasta,0.0,0.0,0.0,CM
,235560,Contig_134851.fasta,0.022964427966061098,9.898997877937273e-05,0.470501597857533,CM
,235560,Contig_425439.fasta,0.018358450188670983,6.524367679697485e-05,0.46282278839695007,CM
,235560,Contig_131631.fasta,0.004861202678368436,3.5523552921877217e-06,0.4084799991875308,CM
,235560,Contig_1261393.fasta,0.013081277236271827,3.212745953939397e-05,0.45143641010064306,CM
,235560,Contig_369735.fasta,0.011410748334816315,2.3699495633140315e-05,0.44542012286465166,CM
,235560,Contig_56198.fasta,0.024135836071890144,0.00011647240641445152,0.4731181385938489,CM
,235560,Contig_307546.fasta,0.005000466853693097,4.20069829673123e-06,0.4113528255554431,CM
,235560,Contig_303510.fasta,0.001192372445858033,0.0,0.3153058214752807,CM
,235560,Contig_372408.fasta,0.00338574389213391,1.2126303517046555e-06,0.3756835319705472,CM
,235560,Contig_131842.fasta,0.0056914376253271535,5.030997516416254e-06,0.4100910070721442,CM
,235560,Contig_368140.fasta,0.016739737373263636,5.632328369463963e-05,0.46259400797757444,CM
,235560,Contig_986732.fasta,0.016530339077432808,5.2403769695257704e-05,0.45986618090350523,CM
,235560,Contig_302982.fasta,0.006987305666340289,8.312166379723356e-06,0.42287739635726757,CM
,235560,Contig_988949.fasta,0.015183158469368392,4.000166307051468e-05,0.45539059763437134,CM
,235560,Contig_61678.fasta,0.0261582298094999,0.000135139892243365,0.4745576461149255,CM
,235560,Contig_498868.fasta,0.01498987941005737,4.256925433775368e-05,0.45539059763437134,CM
,235560,Contig_1065964.fasta,0.0,0.0,0.0,CM
,235560,Contig_57454.fasta,0.024931927915013197,0.00012156316823545283,0.47383679905753573,CM
,235560,Contig_370810.fasta,0.016449030434412783,5.490971063913741e-05,0.4609988562259276,CM
,235560,Contig_372325.fasta,0.027793953745636073,0.00015190635722300526,0.4769763904885999,CM
,235560,Contig_542961.fasta,0.0034954994146874714,1.6695770981394564e-06,0.38400807473887283,CM
,235560,Contig_58291.fasta,0.012041243071828932,2.6845180812939218e-05,0.449484955878306,CM
,235560,Contig_555161.fasta,0.017095472494066268,5.7406290236432624e-05,0.4621371250067324,CM
,235560,Contig_711078.fasta,0.022749361297203473,0.00010141903054584211,0.470501597857533,CM
,235560,Contig_502392.fasta,0.013970759885317662,3.951575869999988e-05,0.4567240986523344,CM
,235560,Contig_553434.fasta,0.013952761408255188,3.672320897904374e-05,0.4547267629439422,CM
,235560,Contig_135566.fasta,0.019747231353423163,7.794941335186533e-05,0.4674463926766399,CM
,235560,Contig_201082.fasta,0.01589519811491015,4.7509279247149244e-05,0.4562787314181536,CM
,235560,Contig_544432.fasta,0.01437466894824597,4.06520039159565e-05,0.4558342319233478,CM
,235560,Contig_132870.fasta,0.010858592933751045,2.333378742454233e-05,0.44457371883070457,CM
,235560,Contig_553471.fasta,0.02080472949951355,8.570933285591671e-05,0.46791383906931655,CM
,235560,Contig_1037.fasta,0.0,0.0,0.0,CM
,235560,Contig_702135.fasta,0.014766590451496801,3.98773312566829e-05,0.45384465477140307,CM
,235560,Contig_61579.fasta,0.012952990900606918,3.0095491965322273e-05,0.4507840453461624,CM
,235560,Contig_56384.fasta,0.022990791806654885,9.951594816179522e-05,0.46932180448276484,CM
,235560,Contig_371783.fasta,0.009776320605060538,1.645441996586542e-05,0.4395620846118521,CM
,235560,Contig_303179.fasta,0.004821893949463034,3.2859651926018977e-06,0.4045947592471392,CM
,235560,Contig_370352.fasta,0.016277928126568954,5.428152508501432e-05,0.46077187500671246,CM
,235560,Contig_422425.fasta,0.012693368043346613,2.60228615045089e-05,0.4484080872729435,CM
,235560,Contig_1063026.fasta,0.0150186762518598,4.2970077286115764e-05,0.4558342319233478,CM
,235560,Contig_371407.fasta,0.02890370032832042,0.00016487153375634612,0.478439508250835,CM
,235560,Contig_4902.fasta,0.022032227734255647,0.0001008277076138169,0.47168733777148847,CM
,235560,Contig_4141.fasta,0.019948289626171015,8.273577230620029e-05,0.46791383906931655,CM
,235560,Contig_53623.fasta,0.017605850970277954,6.245986955195517e-05,0.46512310046651745,CM
,235560,Contig_992810.fasta,0.011388717385023275,2.494085097278484e-05,0.4452082198566285,CM
,235560,Contig_544367.fasta,0.0012881049618288947,0.0,0.32595878723045385,CM
,235560,Contig_58581.fasta,0.01856443424088748,6.642380023784506e-05,0.4637401774720679,CM
,235560,Contig_58115.fasta,0.021817443800915465,9.754893872021614e-05,0.470501597857533,CM
,235560,Contig_550017.fasta,0.004673271081306595,3.8054918442453468e-06,0.40147047539194897,CM
,235560,Contig_368514.fasta,0.007060631979152633,9.053079671028278e-06,0.4267340073591578,CM
,235560,Contig_370392.fasta,0.022273651101306056,0.00010224593699500671,0.4726402414841581,CM
,235560,Contig_208096.fasta,0.004569272120379339,3.042808829496683e-06,0.40147047539194897,CM
,235560,Contig_4205.fasta,0.0022199490997203003,5.072551370167166e-07,0.35155059283945644,CM
,235560,Contig_1064672.fasta,0.01856076029961428,7.3048844344083e-05,0.466746971640216,CM
,235560,Contig_59251.fasta,0.009344839907986013,1.5763601246713818e-05,0.4375070959039893,CM
,235560,Contig_3038.fasta,0.012862046235160775,3.077461577289784e-05,0.45035018197239324,CM
,235560,Contig_135971.fasta,0.02227172321526678,9.478807637765855e-05,0.4700289694317595,CM
,235560,Contig_502317.fasta,0.01057058416498139,1.9036381764135853e-05,0.44122002741095384,CM
,235560,Contig_61645.fasta,0.01163059077939121,2.5623753673907868e-05,0.44862304800509734,CM
,235560,Contig_62576.fasta,0.020322671689206664,7.723986315571796e-05,0.46535438992473055,CM
,235560,Contig_542533.fasta,0.003609395798470213,2.3350280189677164e-06,0.38895580970018,CM
,235560,Contig_131711.fasta,0.009482639191500702,1.6848018781203072e-05,0.44018235095890546,CM
,235560,Contig_422009.fasta,0.008228164886131128,1.4242874953848623e-05,0.4344603891080005,CM
,235560,Contig_62533.fasta,0.01976850572053888,7.552992618494746e-05,0.46581765960111154,CM
,235560,Contig_993317.fasta,0.02784591904202482,0.0001506991584341571,0.47649067115001686,CM
,235560,Contig_985521.fasta,0.002441588728851173,6.043930792149773e-07,0.36814621484603977,CM
,235560,Contig_543303.fasta,0.012890027161245094,2.712934594899352e-05,0.4475503004010679,CM
,235560,Contig_929538.fasta,0.01209034276573232,2.908876659285251e-05,0.4520906657674556,CM
,235560,Contig_542346.fasta,0.0,0.0,0.0,CM
,235560,Contig_58424.fasta,0.006141908290126622,7.611914724271626e-06,0.4209751138725295,CM
,235560,Contig_797832.fasta,0.02038947985327397,8.209642770962726e-05,0.46861676421564,CM
,235560,Contig_368823.fasta,0.024324304897845355,0.00011317682892869237,0.4721633088489572,CM
,235560,Contig_548470.fasta,0.004838510341763567,4.165730577909805e-06,0.4093734375059637,CM
,235560,Contig_57574.fasta,0.02783248444367438,0.00015146908595539333,0.4772196216923167,CM
,235560,Contig_988707.fasta,0.024854979391910146,0.00012624293001721023,0.47528068976060595,CM
,235560,Contig_421262.fasta,0.020851091277719846,8.730607059974325e-05,0.4681479130258295,CM
,235560,Contig_985249.fasta,0.012732149574793504,2.841752302868446e-05,0.4484080872729435,CM
,235560,Contig_371975.fasta,0.015170047276946052,4.2124885351558375e-05,0.4551691041530317,CM
,235560,Contig_56531.fasta,0.02218254603424535,9.402130162589467e-05,0.4700289694317595,CM
,235560,Contig_1063517.fasta,0.01612818413279612,5.1445197349911355e-05,0.46054511719420915,CM
,235560,Contig_990987.fasta,0.021393042857208715,9.19437532957666e-05,0.470501597857533,CM
,235560,Contig_993626.fasta,0.015124668349016825,4.575511124985625e-05,0.45694710846612946,CM
,235560,Contig_542496.fasta,0.0046599606280493455,4.010600961561066e-06,0.40494490616124323,CM
,235560,Contig_372104.fasta,0.025805439092236086,0.00013650289067067766,0.47624818225884635,CM
,235560,Contig_131548.fasta,0.012729408616617168,2.9837254522766333e-05,0.4510012906692208,CM
,235560,Contig_308042.fasta,0.01150764843675412,2.445045620392803e-05,0.4469091108589461,CM
,235560,Contig_421163.fasta,0.004694554209529479,3.70280687645791e-06,0.4026797238118043,CM
,235560,Contig_54197.fasta,0.015331683330436644,4.634514199933765e-05,0.4582897542304766,CM
,235560,Contig_990000.fasta,0.021806854937841583,9.725249400004405e-05,0.470501597857533,CM
,235560,Contig_369631.fasta,0.019620046725304,7.621709316494483e-05,0.4665142961807742,CM
,235560,Contig_543552.fasta,0.01759409499801395,5.9004516845124864e-05,0.46282278839695007,CM
,235560,Contig_542517.fasta,0.018786988282884047,7.225458244349471e-05,0.466746971640216,CM
,235560,Contig_131735.fasta,0.011898035032229751,2.5156301469819585e-05,0.44669578908765306,CM
,235560,Contig_5549.fasta,0.010419048286139022,2.0067368184430612e-05,0.44310022639139823,CM
,235560,Contig_501494.fasta,0.014153933212771629,3.610226472721871e-05,0.45384465477140307,CM
,235560,Contig_1062303.fasta,0.020753968272882846,8.533117446321482e-05,0.46721301954000655,CM
,235560,Contig_368159.fasta,0.008242829239349896,1.3357503688450668e-05,0.4320534063428592,CM
,235560,Contig_1199449.fasta,0.01269241681417354,2.9664991343195534e-05,0.4510012906692208,CM
,235560,Contig_704055.fasta,0.015157798014651667,4.502166016691739e-05,0.4585142960012901,CM
,235560,Contig_55016.fasta,0.008405082263183851,1.2155421569670045e-05,0.43466218213591873,CM
,235560,Contig_54053.fasta,0.007372268930598196,1.0939989288999485e-05,0.4338561326558336,CM
,235560,Contig_546419.fasta,0.010786698067188492,2.256696362773011e-05,0.4475503004010679,CM
,235560,Contig_59189.fasta,0.0240431835788081,0.00011092796502374377,0.4721633088489572,CM
,235560,Contig_59558.fasta,0.007066189561914968,8.716223735682778e-06,0.4246042096817754,CM
,235560,Contig_546876.fasta,0.003577822867573564,1.860691051545897e-06,0.38574924902664187,CM
,235560,Contig_548299.fasta,0.01978067846876536,7.415357339475211e-05,0.46581765960111154,CM
,235560,Contig_60525.fasta,0.010640513143009315,2.3049062640147578e-05,0.4435202266059872,CM
,235560,Contig_550033.fasta,0.0009492099515021171,0.0,0.29400806727572515,CM
,235560,Contig_208849.fasta,0.019707128418817145,7.460991742221887e-05,0.46558590952170803,CM
,235560,Contig_57061.fasta,0.020968681983131447,8.820230060785768e-05,0.46861676421564,CM
,235560,Contig_1062496.fasta,0.017404225926844024,5.627902934237124e-05,0.46145349020642656,CM
,235560,Contig_303608.fasta,0.013281623009887517,3.071064673690135e-05,0.44862304800509734,CM
,235560,Contig_420777.fasta,0.019620449287907696,7.432947848874957e-05,0.4662818525852681,CM
,235560,Contig_1063002.fasta,0.01940920372954689,7.409022660176547e-05,0.4662818525852681,CM
,235560,Contig_54352.fasta,0.002375398747687351,6.330762996758809e-07,0.36174243453368116,CM
,235560,Contig_1063047.fasta,0.004486842362677906,3.4743192624201166e-06,0.3965371517536581,CM
,235560,Contig_53607.fasta,0.021980547827432768,9.683861175495508e-05,0.4721633088489572,CM
,235560,Contig_372120.fasta,0.021962472951928925,8.997063434592794e-05,0.46838222129060714,CM
,235560,Contig_549384.fasta,0.02175294812683358,9.267681647813504e-05,0.46908655545796146,CM
,235560,Contig_1061993.fasta,0.019311384075384245,7.257001624042534e-05,0.4644306094980809,CM
,235560,Contig_553689.fasta,0.007157781535716006,7.896555954112217e-06,0.4230685705870855,CM
,235560,Contig_990531.fasta,0.02458533102707509,0.00012070193359921254,0.47407683796283334,CM
,235560,Contig_554020.fasta,0.014271806148802626,3.966687009494998e-05,0.4562787314181536,CM
,235560,Contig_502647.fasta,0.012908251798718644,3.089819369553905e-05,0.4499171529512659,CM
,235560,Contig_135462.fasta,0.009026782655468708,1.6487987092298683e-05,0.43607999913263423,CM
,235560,Contig_1063919.fasta,0.013995132971596469,3.523352329047221e-05,0.45296596231298797,CM
,235560,Contig_372299.fasta,0.011825764189051676,2.652796701291502e-05,0.44733636622305595,CM
,235560,Contig_622402.fasta,0.022097996855947846,9.312057607211926e-05,0.46861676421564,CM
,235560,Contig_1065023.fasta,0.020396600187205557,8.291318097966356e-05,0.46791383906931655,CM
,235560,Contig_552588.fasta,0.008481607491439978,1.2658990037487386e-05,0.4348641627038258,CM
,235560,Contig_367957.fasta,0.013925621670851717,3.7822338268398154e-05,0.4551691041530317,CM
,235560,Contig_308367.fasta,0.02302546840056586,0.00010044664008112678,0.47073826868140495,CM
,235560,Contig_59368.fasta,0.02521361170382979,0.00013103702141736896,0.47624818225884635,CM
,235560,Contig_705620.fasta,0.01957677597402778,7.776445084866767e-05,0.466746971640216,CM
,235560,Contig_305590.fasta,0.021825229020431228,9.738236054620847e-05,0.47026516489378545,CM
,235560,Contig_554364.fasta,0.013027104386983183,3.370432888268007e-05,0.45296596231298797,CM
,235560,Contig_502546.fasta,0.014115037683781407,3.659083883502481e-05,0.4523091726141291,CM
,235560,Contig_985191.fasta,0.016541654329280384,5.4341582628579226e-05,0.4603185824587472,CM
,235560,Contig_425799.fasta,0.0251315438025498,0.00012505675197634677,0.47407683796283334,CM
,235560,Contig_368001.fasta,0.017484705217239285,5.749835688952147e-05,0.46145349020642656,CM
,235560,Contig_501675.fasta,0.020576466733902857,8.589373811872769e-05,0.4674463926766399,CM
,235560,Contig_62362.fasta,0.014182952470481819,3.790641231046904e-05,0.4547267629439422,CM
,235560,Contig_60857.fasta,0.014329965599167402,3.52028437307719e-05,0.45406486081447506,CM
,235560,Contig_202275.fasta,0.012816418810265899,3.0421383042658887e-05,0.4505670092145561,CM
,235560,Contig_131650.fasta,0.022225590375079145,9.658390983974973e-05,0.47026516489378545,CM
,235560,Contig_542472.fasta,0.006353134025224316,7.0935632912063864e-06,0.4265395069000151,CM
,235560,Contig_547680.fasta,0.009293336315095007,1.6080460594087422e-05,0.4385321828203529,CM
,235560,Contig_499586.fasta,0.005868981587429781,5.5770695371554825e-06,0.4140830434241739,CM
,235560,Contig_136305.fasta,0.02173730405912006,9.373332535635815e-05,0.46979301111377164,CM
,235560,Contig_369711.fasta,0.014081160201308356,3.6461981402149836e-05,0.45252789078270456,CM
,235560,Contig_61741.fasta,0.021777800822810636,9.049573794749628e-05,0.46838222129060714,CM
,235560,Contig_498586.fasta,0.022699872721274113,0.00010003794747827846,0.47073826868140495,CM
,235560,Contig_138210.fasta,0.002382641629415942,5.637334681246642e-07,0.35882963118812616,CM
,235560,Contig_1522.fasta,0.004684315351908535,3.9345421132441775e-06,0.40424521733850244,CM
,235560,Contig_54173.fasta,0.0024836883241032975,6.659970432503887e-07,0.36713522092531703,CM
,235560,Contig_58478.fasta,0.011630339247160209,2.4001683119537685e-05,0.44478501812672677,CM
,235560,Contig_2611.fasta,0.021003866431846627,8.709331253549781e-05,0.4700289694317595,CM
,235560,Contig_547115.fasta,0.024513579001594867,0.00012151929875214366,0.4743171201919073,CM
,235560,Contig_368410.fasta,0.019960193670190154,7.831408219305105e-05,0.4665142961807742,CM
,235560,Contig_547150.fasta,0.01042056595659628,2.3263657651017547e-05,0.44542012286465166,CM
,235560,Contig_550156.fasta,0.018683786039431636,7.473821624378842e-05,0.4674463926766399,CM
,235560,Contig_60405.fasta,0.019752846648663464,7.528995909872731e-05,0.466746971640216,CM
,235560,Contig_59852.fasta,0.028983181550106856,0.00016609574149150017,0.4781950322629704,CM
,235560,Contig_985114.fasta,0.014951862088635979,4.3042876858038164e-05,0.4567240986523344,CM
,235560,Contig_502586.fasta,0.018631205375658887,6.491850246391386e-05,0.4644306094980809,CM
,235560,Contig_201696.fasta,0.0073612050649449045,8.741381015232963e-06,0.4277091764801797,CM
,235560,Contig_56590.fasta,0.012051056489205141,2.940183713987885e-05,0.4505670092145561,CM
,235560,Contig_369378.fasta,0.02172225859209099,9.327453091076335e-05,0.47026516489378545,CM
,235560,Contig_424031.fasta,0.025160071741441376,0.00012366587841845786,0.4731181385938489,CM
,235560,Contig_549045.fasta,0.0,0.0,0.0,CM
,235560,Contig_138952.fasta,0.01840095539854068,6.476869356992156e-05,0.4637401774720679,CM
,235560,Contig_500549.fasta,0.016796153832118986,5.655626241173313e-05,0.4619090217860973,CM
,235560,Contig_54272.fasta,0.019934232181890704,7.844401466500394e-05,0.4674463926766399,CM
,235560,Contig_53762.fasta,0.020575429289805276,8.239004908497028e-05,0.4662818525852681,CM
,235560,Contig_57141.fasta,0.0033369256125982192,1.4404551753138083e-06,0.37949216469530944,CM
,235560,Contig_420657.fasta,0.0,0.0,0.0,CM
,235560,Contig_804876.fasta,0.02074183390255501,8.192305105626533e-05,0.466746971640216,CM
,235560,Contig_367997.fasta,0.009454526118334434,1.577263547179242e-05,0.4385321828203529,CM
,235560,Contig_54093.fasta,0.02096754799134065,8.640679323958879e-05,0.46932180448276484,CM
,235560,Contig_985009.fasta,0.0036591590610389533,2.3169651682803064e-06,0.39205181321266575,CM
,235560,Contig_209831.fasta,0.017048402370104337,6.246898185148241e-05,0.46558590952170803,CM
,235560,Contig_59149.fasta,0.028622282033868282,0.00016193965487332917,0.4772196216923167,CM
,235560,Contig_54407.fasta,0.01652630155320198,5.232791877849983e-05,0.46054511719420915,CM
,235560,Contig_305408.fasta,0.01216463396110349,2.8574424313045987e-05,0.4510012906692208,CM
,235560,Contig_501379.fasta,0.017695644022859384,6.41997081476567e-05,0.4639700932764666,CM
,235560,Contig_55093.fasta,0.018081447515327427,6.500484409223426e-05,0.4637401774720679,CM
,235560,Contig_806573.fasta,0.012818303780550174,3.443405049862692e-05,0.4527468205798902,CM
,235560,Contig_60235.fasta,0.027750216561298145,0.0001518995709787074,0.47770682906515216,CM
,235560,Contig_501085.fasta,0.0013555084440148811,0.0,0.3311492137787095,CM
,235560,Contig_302635.fasta,0.01745931452759542,5.608325358556218e-05,0.4603185824587472,CM
,235560,Contig_213217.fasta,0.0013085514798532045,0.0,0.32641356056457377,CM
,235560,Contig_204678.fasta,0.0012278631494715166,0.0,0.31841703917612557,CM
,235560,Contig_498809.fasta,0.02658022279587344,0.00013790005863312976,0.4755221941761347,CM
,235560,Contig_134968.fasta,0.011493778092038009,2.4582827039700145e-05,0.44776443930078136,CM
,235560,Contig_555569.fasta,0.005936407186624526,5.42731585467913e-06,0.4198419372537609,CM
,235560,Contig_420323.fasta,0.003598675020560753,1.8284787041359522e-06,0.38976579680909335,CM
,235560,Contig_7.fasta,0.0011491391185449867,0.0,0.3104935892961623,CM
,235560,Contig_370077.fasta,0.02412737263918442,0.00011342294440541662,0.4721633088489572,CM
,235560,Contig_24574329.fasta,0.014979537268155086,4.1977424245545136e-05,0.4547267629439422,CM
,235560,Contig_207266.fasta,0.02359985488796018,0.00010794113266368867,0.4724016547898198,CM
,235560,Contig_499722.fasta,0.015068084917285918,4.443330934393432e-05,0.4558342319233478,CM
,235560,Contig_1201189.fasta,0.023192545783678284,0.00010446496169674457,0.4712123253467438,CM
,235560,Contig_500710.fasta,0.023008380910046644,0.00010364555747299164,0.471925203297344,CM
,235560,Contig_135292.fasta,0.020534513076635258,7.879546240166984e-05,0.46791383906931655,CM
,235560,Contig_204110.fasta,0.0,0.0,0.0,CM
,235560,Contig_500384.fasta,0.02890370032832042,0.00016487153375634612,0.478439508250835,CM
,235560,Contig_4002.fasta,0.0012460393813716161,0.0,0.31939511199270754,CM
,235560,Contig_421610.fasta,0.0060686563698400045,5.068817289996933e-06,0.4172214347474958,CM
,235560,Contig_138156.fasta,0.020981422990744618,8.314622994706302e-05,0.46791383906931655,CM
,235560,Contig_792548.fasta,0.013969255924777744,3.7924895738226855e-05,0.4527468205798902,CM
,235560,Contig_131553.fasta,0.004919661908141502,3.96916973659844e-06,0.4079458056402062,CM
,235560,Contig_368086.fasta,0.007041805223711036,8.412712071639595e-06,0.42230490890732536,CM
,235560,Contig_544261.fasta,0.004529298058456252,3.2453084088873353e-06,0.39992635817890304,CM
,235560,Contig_796891.fasta,0.017645469690651696,5.733300506357769e-05,0.4619090217860973,CM
,235560,Contig_137006.fasta,0.0018122330332572035,2.1907936949720012e-07,0.32584529183100036,CM
,235560,Contig_546911.fasta,0.0010271331854010608,0.0,0.2994648570043626,CM
,235560,Contig_369838.fasta,0.011021842749572994,2.3833829662852848e-05,0.44776443930078136,CM
,235560,Contig_426807.fasta,0.02215658183353336,0.00010027373416040195,0.4714497119086313,CM
,235560,Contig_54932.fasta,0.02191904063879822,9.632758026453579e-05,0.470501597857533,CM
,235560,Contig_931789.fasta,0.00499935764194943,3.747567196143412e-06,0.409552594371393,CM
,235560,Contig_1064731.fasta,0.009526551444466416,1.7063215519216537e-05,0.44018235095890546,CM
,235560,Contig_135719.fasta,0.01638513874029343,5.47115641807382e-05,0.4594146677165602,CM
,235560,Contig_499678.fasta,0.0,0.0,0.0,CM
,235560,Contig_542470.fasta,0.020751221934905598,8.482580840173362e-05,0.4688515421536238,CM
,235560,Contig_368756.fasta,0.007447160217122279,1.0403247612713735e-05,0.43225296911715155,CM
,235560,Contig_420279.fasta,0.009152540107124052,1.4466855786945569e-05,0.43547123226553425,CM
,235560,Contig_993254.fasta,0.0222644750686578,9.529488953209723e-05,0.47097517772452596,CM
,235560,Contig_985217.fasta,0.018862109009564483,7.147431608428601e-05,0.4660496405072874,CM
,235560,Contig_61392.fasta,0.01169573614204382,2.554033125666557e-05,0.44733636622305595,CM
,235560,Contig_502254.fasta,0.01676410303269905,5.631621678833567e-05,0.46259400797757444,CM
,235560,Contig_500961.fasta,0.02552155508924237,0.00013290593671500353,0.47600594005016944,CM
,235560,Contig_544966.fasta,0.0035205180668031093,2.0708968715686333e-06,0.38992819922443045,CM
,235560,Contig_133780.fasta,0.01637016574882886,4.983155940577639e-05,0.4594146677165602,CM
,235560,Contig_62691.fasta,0.012756293603627313,2.9058968926276223e-05,0.4507840453461624,CM
,235560,Contig_368166.fasta,0.013591164397351765,3.5154062140134566e-05,0.45252789078270456,CM
,235560,Contig_429761.fasta,0.002500923925711237,7.719876031744944e-07,0.3696001888383227,CM
,235560,Contig_302536.fasta,0.018222295649821817,6.133948139167669e-05,0.4630517952195117,CM
,235560,Contig_987380.fasta,0.020046618749699683,7.841601267827687e-05,0.46791383906931655,CM
,235560,Contig_554697.fasta,0.0,0.0,0.0,CM
,235560,Contig_549533.fasta,0.01959677451664225,7.29274026949422e-05,0.4662818525852681,CM
,235560,Contig_3825.fasta,0.002441588728851173,6.043930792149773e-07,0.36814621484603977,CM
,235560,Contig_43.fasta,0.0025774234246799532,7.173265410590471e-07,0.37195058749548215,CM
,235560,Contig_542528.fasta,0.012831681696870594,3.0415094023200683e-05,0.44797878321619583,CM
,235560,Contig_993798.fasta,0.02412592966314402,0.00011499048424249816,0.473357449741342,CM
,235560,Contig_24569072.fasta,0.007082180260661985,7.625278241811057e-06,0.42441164541434606,CM
,235560,Contig_545414.fasta,0.0023415115644030197,6.973298979694103e-07,0.35732251933510234,CM
,235560,Contig_53638.fasta,0.015835125450885022,5.0261650140276676e-05,0.4589640402837828,CM
,235560,Contig_137636.fasta,0.009695711924614788,1.7546918956276405e-05,0.4395620846118521,CM
,235560,Contig_59666.fasta,0.003935635682284842,2.1015345797819773e-06,0.4012983182412663,CM
,235560,Contig_302672.fasta,0.019499548101218157,7.71264107875733e-05,0.4681479130258295,CM
,235560,Contig_310012.fasta,0.003496759741363954,1.4753202030020994e-06,0.38574924902664187,CM
,235560,Contig_795668.fasta,0.01637505534502759,5.036188216179958e-05,0.4594146677165602,CM
,235560,Contig_372002.fasta,0.01082625560295699,2.055185268994803e-05,0.4437305254332068,CM
,235560,Contig_309907.fasta,0.025181744870985,0.00012325039720036457,0.4731181385938489,CM
,235560,Contig_2477.fasta,0.011227335724960565,2.3770626585017993e-05,0.44436262019878114,CM
,235560,Contig_327.fasta,0.007147621172803166,8.706115900969118e-06,0.42518295235739806,CM
,235560,Contig_139033.fasta,0.019477629099616072,7.426007422309032e-05,0.46558590952170803,CM
,235560,Contig_993758.fasta,0.02683545665779927,0.0001438417628805959,0.47649067115001686,CM
,235560,Contig_56026.fasta,0.011128939665659263,2.5199911603068674e-05,0.4488382149345962,CM
,235560,Contig_1395.fasta,0.0037753867107780514,2.1359262345606768e-06,0.39436480326111806,CM
,235560,Contig_543139.fasta,0.01141913677154812,2.6829108896875096e-05,0.44776443930078136,CM
,235560,Contig_626881.fasta,0.008251399982921945,1.214038734215364e-05,0.4324527163302371,CM
,235560,Contig_1270016.fasta,0.0,0.0,0.0,CM
,235560,Contig_55438.fasta,0.015147054140116967,4.122969371638589e-05,0.45694710846612946,CM
,235560,Contig_501797.fasta,0.010634068472631045,1.861456735333421e-05,0.44310022639139823,CM
,235560,Contig_5266.fasta,0.022317825943235937,9.851401844633943e-05,0.4712123253467438,CM
,235560,Contig_1065654.fasta,0.002516595498648377,4.889681850782677e-07,0.3690172232407859,CM
,235560,Contig_420474.fasta,0.0021762723039460475,5.904389963123099e-07,0.3475037794796261,CM
,235560,Contig_53541.fasta,0.0,0.0,0.0,CM
,235560,Contig_54857.fasta,0.0036609128479504582,2.1404993988293073e-06,0.3905791644985948,CM
,235560,Contig_53504.fasta,0.01744151087082777,6.040514071644227e-05,0.4639700932764666,CM
,235560,Contig_426927.fasta,0.020935371415187382,8.371959250805868e-05,0.4688515421536238,CM
,235560,Contig_987729.fasta,0.009247635298439394,1.4382479448952352e-05,0.43466218213591873,CM
,235560,Contig_498389.fasta,0.02192928786630695,9.605578688137258e-05,0.47073826868140495,CM
,235560,Contig_544728.fasta,0.022082749253129193,9.599608263297747e-05,0.47073826868140495,CM
,235560,Contig_137227.fasta,0.013293774327260637,3.1551597898803956e-05,0.4523091726141291,CM
,235560,Contig_544635.fasta,0.009737754255536604,1.5965326207545212e-05,0.4379165550484947,CM
,235560,Contig_498294.fasta,0.008544324950702438,1.2718909713380017e-05,0.43466218213591873,CM
,235560,Contig_54109.fasta,0.012986266615327827,3.1268979204364985e-05,0.45143641010064306,CM
,235560,Contig_53419.fasta,0.018994982154886073,7.031915336846833e-05,0.46489204080408997,CM
,235560,Contig_62325.fasta,0.0025159681113004115,8.760322156684129e-07,0.3728397124058299,CM
,235560,Contig_622395.fasta,0.023556437353749175,0.0001109897804869087,0.4731181385938489,CM
,235560,Contig_60482.fasta,0.017926371953101834,6.467208343554677e-05,0.464200237171941,CM
,235560,Contig_420569.fasta,0.004282000046868943,2.602948376185174e-06,0.38895580970018,CM
,235560,Contig_368046.fasta,0.015674674501370285,4.787949341300273e-05,0.4582897542304766,CM
,235560,Contig_1062259.fasta,0.003513215603537063,1.6618937051304914e-06,0.38463940737305097,CM
,235560,Contig_499294.fasta,0.022239102205792366,0.00010292659929967026,0.4721633088489572,CM
,235560,Contig_548087.fasta,0.012028072805709384,2.873989816064879e-05,0.4516542848159426,CM
,235560,Contig_5087.fasta,0.002448197620489814,6.653102941102381e-07,0.36655999927090993,CM
,235560,Contig_1064064.fasta,0.0012460393813716161,0.0,0.31939511199270754,CM
,235560,Contig_54661.fasta,0.02189967386788942,9.545590263394537e-05,0.470501597857533,CM
,235560,Contig_990919.fasta,0.009330506496789903,1.6935483509567067e-05,0.4389435638548935,CM
,235560,Contig_61352.fasta,0.023473328213343487,0.00010960371362923778,0.4726402414841581,CM
,235560,Contig_555022.fasta,0.003666106395249658,1.515562103644869e-06,0.3870255079150674,CM
,235560,Contig_57616.fasta,0.022532168207077773,0.00010446330171218598,0.47287906929693435,CM
,235560,Contig_370211.fasta,0.01174735893032353,2.464899443568387e-05,0.44776443930078136,CM
,235560,Contig_1067056.fasta,0.012730219922599872,3.211588194513638e-05,0.45362466220971065,CM
,235560,Contig_56653.fasta,0.01909622625796081,6.850800570814366e-05,0.4662818525852681,CM
,235560,Contig_992350.fasta,0.015383321251983526,4.483651749633799e-05,0.4573937820814434,CM
,235560,Contig_61602.fasta,0.002294090095573619,5.901222612027421e-07,0.3585546659534993,CM
,235560,Contig_135130.fasta,0.01708923270240248,5.824205527986293e-05,0.4609988562259276,CM
,235560,Contig_1063408.fasta,0.021805758210610038,9.072901742025941e-05,0.4681479130258295,CM
,235560,Contig_206987.fasta,0.0026015478253864975,6.013864151470801e-07,0.372691229844139,CM
,235560,Contig_1309.fasta,0.0,0.0,0.0,CM
,235560,Contig_542531.fasta,0.0023025250227631565,5.274048633920672e-07,0.3558280145013814,CM
,235560,Contig_552864.fasta,0.008275662315797098,1.2546069083958257e-05,0.43225296911715155,CM
,235560,Contig_420338.fasta,0.017910751754951375,6.367189769783619e-05,0.46466121059515053,CM
,235560,Contig_55389.fasta,0.005527471620898808,5.25389496653067e-06,0.41027079269558664,CM
,235560,Contig_427105.fasta,0.008540306510035216,1.2308794183988866e-05,0.43669047043333326,CM
,235560,Contig_542688.fasta,0.011558437426099568,2.7428363599995177e-05,0.4481933324418741,CM
,235560,Contig_544398.fasta,0.0013085514798532045,0.0,0.32641356056457377,CM
,235560,Contig_498739.fasta,0.014648629763798994,4.1481245992408116e-05,0.4585142960012901,CM
,235560,Contig_54075.fasta,0.0,0.0,0.0,CM
,235560,Contig_56346.fasta,0.01853672198553257,6.602715749991384e-05,0.46351048941982814,CM
,235560,Contig_203889.fasta,0.004224271578843503,2.16168245265245e-06,0.38976579680909335,CM
,235560,Contig_500327.fasta,0.019029085275406532,7.280873264402109e-05,0.46489204080408997,CM
,235560,Contig_544365.fasta,0.0,0.0,0.0,CM
,235560,Contig_369516.fasta,0.018502462603659092,6.532480772855585e-05,0.4630517952195117,CM
,235560,Contig_547013.fasta,0.002399523148393895,5.579493543622741e-07,0.3616026577042632,CM
,235560,Contig_542675.fasta,0.019301348364904356,7.135773329834258e-05,0.4644306094980809,CM
,235560,Contig_368516.fasta,0.016218081985130563,5.193691311809632e-05,0.4609988562259276,CM
,235560,Contig_58954.fasta,0.023120547064202947,0.00010410078897354471,0.471925203297344,CM
,235560,Contig_24576300.fasta,0.02545815591426267,0.00013081141150664776,0.4750394305272249,CM
,235560,Contig_994229.fasta,0.004935846378063581,4.8705086382760425e-06,0.4151853052966429,CM
,235560,Contig_132049.fasta,0.01739128091060243,6.0729472593264294e-05,0.4632810287815015,CM
,235560,Contig_56047.fasta,0.016348817656396942,5.2110140139575075e-05,0.4591892434438828,CM
,235560,Contig_549900.fasta,0.021790338658477768,9.137581396196082e-05,0.46932180448276484,CM
,235560,Contig_56804.fasta,0.01789818434868065,6.0477763113086594e-05,0.46122606118217496,CM
,235560,Contig_1760.fasta,0.0012245732222073101,0.0,0.31841703917612557,CM
,235560,Contig_2226.fasta,0.008422770812171207,1.1260607685530254e-05,0.4308598886457795,CM
,235560,Contig_548773.fasta,0.003473602069927524,1.7747575320212644e-06,0.38337881119976774,CM
,235560,Contig_1123947.fasta,0.02287449929287477,9.981341320162817e-05,0.47026516489378545,CM
,235560,Contig_6091.fasta,0.021034248420475556,8.720977755944397e-05,0.46861676421564,CM
,235560,Contig_4736.fasta,0.019780845070150814,8.109332533944124e-05,0.46721301954000655,CM
,235560,Contig_810436.fasta,0.023147780355140816,0.0001043296357675699,0.4714497119086313,CM
,235560,Contig_53485.fasta,0.002554590861224821,6.989183049137984e-07,0.36843609375536734,CM
,235560,Contig_53779.fasta,0.02045995334225692,7.955147615402044e-05,0.4662818525852681,CM
,235560,Contig_54269.fasta,0.02163849727185918,9.478307192903509e-05,0.47026516489378545,CM
,235560,Contig_135095.fasta,0.022001987610057436,9.699733455431134e-05,0.4712123253467438,CM
,235560,Contig_543843.fasta,0.0022514422600988376,5.406829666756492e-07,0.35327583168691323,CM
,235560,Contig_555043.fasta,0.009359841814692238,1.6333128604202023e-05,0.4389435638548935,CM
,235560,Contig_62494.fasta,0.014131038606481829,3.749931219254908e-05,0.45494782602753187,CM
,235560,Contig_58762.fasta,0.02020885497378346,7.990906741031798e-05,0.46767999906978164,CM
,235560,Contig_499560.fasta,0.014412128863641516,3.989951533548302e-05,0.4558342319233478,CM
,235560,Contig_1065040.fasta,0.008360145339541937,1.3561781808307044e-05,0.43466218213591873,CM
,235560,Contig_24574502.fasta,0.004784752641071099,3.7524724997017045e-06,0.4081237148445849,CM
,235560,Contig_55294.fasta,0.020276687069801645,8.125447098465016e-05,0.46791383906931655,CM
,235560,Contig_208230.fasta,0.02642960385398343,0.0001391811396795273,0.47576394414775447,CM
,235560,Contig_367971.fasta,0.013595989946272797,3.7254283304980576e-05,0.45362466220971065,CM
,235560,Contig_4437.fasta,0.0,0.0,0.0,CM
,235560,Contig_138526.fasta,0.0010789293379519361,0.0,0.3047306018035275,CM
,235560,Contig_138563.fasta,0.026725098860473327,0.0001438475251620134,0.4772196216923167,CM
,235560,Contig_371134.fasta,0.01764313769164834,6.032642615858941e-05,0.46259400797757444,CM
,235560,Contig_54294.fasta,0.02547634306196817,0.00012933397592498522,0.47528068976060595,CM
,235560,Contig_59426.fasta,0.009486378017379317,1.6240695301992607e-05,0.43709840174620884,CM
,235560,Contig_502560.fasta,0.002331266986989242,4.4556292789990507e-07,0.35327583168691323,CM
,235560,Contig_201670.fasta,0.017112352084410778,5.724230254930423e-05,0.4619090217860973,CM
,235560,Contig_132684.fasta,0.021608646784191353,9.467511802235615e-05,0.47026516489378545,CM
,235560,Contig_542344.fasta,0.0061439085993854345,6.381901221081834e-06,0.4192776335746564,CM
,235560,Contig_545654.fasta,0.020216221546649333,8.099649527915919e-05,0.4681479130258295,CM
,235560,Contig_499661.fasta,0.0,0.0,0.0,CM
,235560,Contig_368062.fasta,0.01772477941927326,5.840775302693394e-05,0.46122606118217496,CM
,235560,Contig_133992.fasta,0.00847022521812241,1.2366416864136722e-05,0.433454227947491,CM
,235560,Contig_131676.fasta,0.019569552510996038,7.475305239192875e-05,0.46535438992473055,CM
,235560,Contig_134010.fasta,0.01864112605459216,6.734667364921606e-05,0.46466121059515053,CM
,235560,Contig_548898.fasta,0.019417311215902774,7.697598278383308e-05,0.4660496405072874,CM
,235560,Contig_421218.fasta,0.0,0.0,0.0,CM
,235560,Contig_56266.fasta,0.018653074084883835,6.779242630838218e-05,0.4644306094980809,CM
,235560,Contig_791989.fasta,0.009168181580693498,1.3081698816240826e-05,0.4324527163302371,CM
,235560,Contig_167.fasta,0.0021077432274991454,4.179199906885576e-07,0.34141834299111024,CM
,235560,Contig_131918.fasta,0.014219969633855353,4.0536756960796513e-05,0.4562787314181536,CM
,235560,Contig_545669.fasta,0.015025631657584264,4.201234003956916e-05,0.45539059763437134,CM
,235560,Contig_309414.fasta,0.02328381955541748,0.00010770131369536122,0.4724016547898198,CM
,235560,Contig_60809.fasta,0.017586230606693704,5.9015816877204066e-05,0.46282278839695007,CM
,235560,Contig_55579.fasta,0.010567880054472045,2.0041435702787844e-05,0.44310022639139823,CM
,235560,Contig_134354.fasta,0.011800944250677304,2.629776652053268e-05,0.44797878321619583,CM
,235560,Contig_302825.fasta,0.016644538221403236,5.68768877691957e-05,0.464200237171941,CM
,235560,Contig_543384.fasta,0.003426458606520561,1.292538713415357e-06,0.3791846345780523,CM
,235560,Contig_553243.fasta,0.013199103580105544,3.0283578948221457e-05,0.4527468205798902,CM
,235560,Contig_985177.fasta,0.01115218674637441,2.5050999661826478e-05,0.4460570439173656,CM
,235560,Contig_551170.fasta,0.013919716317227139,3.8949618986095625e-05,0.4542852806498219,CM
,235560,Contig_544200.fasta,0.011039507974881424,2.150610401681715e-05,0.44584453460630447,CM
,235560,Contig_1066727.fasta,0.013019314732816131,3.4606795821944206e-05,0.4534048828191052,CM
,235560,Contig_623419.fasta,0.006934655353794687,8.04766560782724e-06,0.42287739635726757,CM
,235560,Contig_54254.fasta,0.02109379742729571,8.35215561967608e-05,0.46791383906931655,CM
,235560,Contig_53744.fasta,0.017505758278328863,5.9269371302691126e-05,0.4623654536258069,CM
,235560,Contig_548820.fasta,0.0012707391482181835,0.0,0.3222547101028351,CM
,235560,Contig_422193.fasta,0.02660469883789018,0.00014052840067760877,0.47576394414775447,CM
,235560,Contig_56712.fasta,0.012875595869882656,3.284106187991843e-05,0.4523091726141291,CM
,235560,Contig_56757.fasta,0.004900208819170101,3.7765773111194375e-06,0.4063515753967143,CM
,235560,Contig_1833.fasta,0.019936170067271882,7.810494271142728e-05,0.46767999906978164,CM
,235560,Contig_542648.fasta,0.002303502560159246,5.984340554155131e-07,0.35786909297844477,CM
,235560,Contig_372026.fasta,0.019440653456647278,7.218321610868864e-05,0.4639700932764666,CM
,235560,Contig_370350.fasta,0.01249622497077482,3.1208727768792106e-05,0.4510012906692208,CM
,235560,Contig_985396.fasta,0.019342300020234224,7.266945530196114e-05,0.4669798793106951,CM
,235560,Contig_543120.fasta,0.0019763431369031782,4.336094965484186e-07,0.3362657844551322,CM
,235560,Contig_992741.fasta,0.019527750173351715,7.516321731288265e-05,0.4665142961807742,CM
,235560,Contig_54798.fasta,0.021441379161874573,9.363863290234845e-05,0.46932180448276484,CM
,235560,Contig_554998.fasta,0.014905111554485597,4.5586277848509656e-05,0.4571703361693371,CM
,235560,Contig_542549.fasta,0.0,0.0,0.0,CM
,235560,Contig_1125670.fasta,0.024513467013670895,0.00011800542362469533,0.4731181385938489,CM
,235560,Contig_57456.fasta,0.019738609436977705,7.555761690542867e-05,0.4662818525852681,CM
,235560,Contig_420791.fasta,0.010510497207939786,1.9976895142021735e-05,0.442681020879202,CM
,235560,Contig_304002.fasta,0.021683119521605062,8.965995507102486e-05,0.46791383906931655,CM
,235560,Contig_304047.fasta,0.021768356356206366,9.331805163893718e-05,0.46908655545796146,CM
,235560,Contig_60914.fasta,0.022339508711929593,9.778341738758246e-05,0.47073826868140495,CM
,235560,Contig_369593.fasta,0.008040881340068225,1.3484349518346757e-05,0.43265264823792565,CM
,235560,Contig_132330.fasta,0.012246048437024001,2.62974720971624e-05,0.44669578908765306,CM
,235560,Contig_543264.fasta,0.011213726643752142,2.2421436126692555e-05,0.4441517219452459,CM
,235560,Contig_61586.fasta,0.02210706553844536,9.356098325362601e-05,0.46979301111377164,CM
,235560,Contig_206205.fasta,0.017795238865587495,6.434072772705883e-05,0.4637401774720679,CM
,235560,Contig_992897.fasta,0.0013085514798532045,0.0,0.32641356056457377,CM
,235560,Contig_368482.fasta,0.014076165645444456,3.77884175010398e-05,0.4578413298134213,CM
,235560,Contig_368810.fasta,0.019246873725674418,7.099690246628617e-05,0.46489204080408997,CM
,235560,Contig_545620.fasta,0.007300179420759711,1.0512388798331768e-05,0.4324527163302371,CM
,235560,Contig_131586.fasta,0.018818785526024312,7.112710418209405e-05,0.4662818525852681,CM
,235560,Contig_62330.fasta,0.0035195282791677046,1.4776823012047619e-06,0.38337881119976774,CM
,235560,Contig_133221.fasta,0.0054971402825376384,5.807151428552437e-06,0.406528096498103,CM
,235560,Contig_554336.fasta,0.022732235522548244,0.000105801961965998,0.4726402414841581,CM
,235560,Contig_1061979.fasta,0.005822137413212097,6.045119666222333e-06,0.41592341250605913,CM
,235560,Contig_59083.fasta,0.009241297926889339,1.5132040515669258e-05,0.4362832998315306,CM
,235560,Contig_61046.fasta,0.020277149828908096,7.923268682954391e-05,0.46838222129060714,CM
,235560,Contig_53364.fasta,0.013101047394484217,3.391177179418734e-05,0.4507840453461624,CM
,235560,Contig_138517.fasta,0.016670931319069424,5.580572505632187e-05,0.46259400797757444,CM
,235560,Contig_1064832.fasta,0.004550295091451654,3.3531112389610872e-06,0.3995848326808852,CM
,235560,Contig_367940.fasta,0.014235993845924565,3.982244276295128e-05,0.45494782602753187,CM
,235560,Contig_57502.fasta,0.025600239680787288,0.0001281991533583089,0.47479841610280726,CM
,235560,Contig_370591.fasta,0.026161478470980735,0.00013445171917430575,0.47528068976060595,CM
,235560,Contig_420251.fasta,0.01883994140579797,6.95341306706983e-05,0.46489204080408997,CM
,235560,Contig_58753.fasta,0.02351864376594289,0.00011296361673667328,0.47383679905753573,CM
,235560,Contig_133165.fasta,0.01862292759410828,6.949723232387173e-05,0.46558590952170803,CM
,235560,Contig_136703.fasta,0.015286875837159639,4.2188040198704164e-05,0.45694710846612946,CM
,235560,Contig_420638.fasta,0.008328369791683138,1.4096321507918807e-05,0.4381215721622814,CM
,235560,Contig_552562.fasta,0.003818620038091098,2.0941049698119964e-06,0.39586619210602075,CM
,235560,Contig_136746.fasta,0.022077298515642607,9.41590031220567e-05,0.46908655545796146,CM
,235560,Contig_53399.fasta,0.01950165758166352,7.76393194274557e-05,0.466746971640216,CM
,235560,Contig_369317.fasta,0.027414865402421072,0.00014584437640672665,0.47576394414775447,CM
,235560,Contig_551614.fasta,0.01186260863890944,2.751284417213901e-05,0.4488382149345962,CM
,235560,Contig_554072.fasta,0.0013085514798532045,0.0,0.32641356056457377,CM
,235560,Contig_59716.fasta,0.020303884266881234,7.726216272283642e-05,0.4644306094980809,CM
,235560,Contig_1066043.fasta,0.003535288566816127,1.9238529636869425e-06,0.38895580970018,CM
,235560,Contig_549707.fasta,0.0,0.0,0.0,CM
,235560,Contig_1062625.fasta,0.015823054200641954,4.898009161207189e-05,0.4571703361693371,CM
,235560,Contig_372137.fasta,0.007139946014263959,8.104087954929372e-06,0.4255696580894193,CM
,235560,Contig_426270.fasta,0.004698512717988723,3.2488073430706186e-06,0.40216058364358964,CM
,235560,Contig_54300.fasta,0.01824701563622553,6.227938285853949e-05,0.46282278839695007,CM
,235560,Contig_53610.fasta,0.0011892278044707853,0.0,0.31403613360356813,CM
,235560,Contig_989205.fasta,0.01437090962924036,3.956257834593829e-05,0.45296596231298797,CM
,235560,Contig_420760.fasta,0.015247100765551783,4.8450963470454106e-05,0.46145349020642656,CM
,235560,Contig_1062050.fasta,0.011873208204949253,2.765231711709122e-05,0.4499171529512659,CM
,235560,Contig_427270.fasta,0.003267987374931854,1.2938377200517256e-06,0.37418139869597483,CM
,235560,Contig_139063.fasta,0.0,0.0,0.0,CM
,235560,Contig_420725.fasta,0.0010789293379519361,0.0,0.3047306018035275,CM
,235560,Contig_545479.fasta,0.009467537994246869,1.4807247582295996e-05,0.4368943408677092,CM
,235560,Contig_1062015.fasta,0.00949557445057912,1.7406745977786086e-05,0.4395620846118521,CM
,235560,Contig_202006.fasta,0.01570365522306993,4.646482552909793e-05,0.4589640402837828,CM
,235560,Contig_498324.fasta,0.006341298120743415,7.769718591903132e-06,0.4265395069000151,CM
,235560,Contig_201370.fasta,0.0,0.0,0.0,CM
,235560,Contig_551822.fasta,0.005116541867594682,4.652114928284344e-06,0.41335144794109235,CM
,235560,Contig_54001.fasta,0.004491630479616404,2.9968209629127803e-06,0.39737905653445144,CM
,235560,Contig_422752.fasta,0.01070205395849966,2.1046970547567398e-05,0.44478501812672677,CM
,235560,Contig_55044.fasta,0.011489683814385454,2.4700590055914886e-05,0.44648267086766846,CM
,235560,Contig_548236.fasta,0.016564510927785325,5.2149656529268204e-05,0.46145349020642656,CM
,235560,Contig_420309.fasta,0.0056772129839863265,5.101235589716881e-06,0.4109915143340505,CM
,235560,Contig_542500.fasta,0.01799109934799363,6.28075412036754e-05,0.4616811436303074,CM
,235560,Contig_137277.fasta,0.003104387874340153,1.2553491842802478e-06,0.3678567917211608,CM
,235560,Contig_987817.fasta,0.01949592947136709,7.035803758224764e-05,0.464200237171941,CM
,235560,Contig_24578923.fasta,0.023291398133733383,0.00010798603589768525,0.4724016547898198,CM
,235560,Contig_985367.fasta,0.004126769646855133,2.3430537195928633e-06,0.3862268584971659,CM
,235560,Contig_498823.fasta,0.01092368765697642,2.03896041343346e-05,0.4399754010994984,CM
,235560,Contig_1063329.fasta,0.02068933889676832,8.3254259159486e-05,0.46721301954000655,CM
,235560,Contig_61925.fasta,0.006055028706851751,5.916013254833782e-06,0.4187148448047575,CM
,235560,Contig_54079.fasta,0.02033355114674056,7.847739481357013e-05,0.4662818525852681,CM
,235560,Contig_554682.fasta,0.0012707391482181835,0.0,0.3222547101028351,CM
,235560,Contig_302566.fasta,0.018784392333212354,6.568726591812152e-05,0.4637401774720679,CM
,235560,Contig_310306.fasta,0.024442064698489037,0.00012075805654211178,0.4745576461149255,CM
,235560,Contig_543210.fasta,0.0011491391185449867,0.0,0.3104935892961623,CM
,235560,Contig_986701.fasta,0.0022396742400556903,5.189096389839054e-07,0.352610278123072,CM
,235560,Contig_545700.fasta,0.0154767034731048,4.748132334302965e-05,0.4591892434438828,CM
,235560,Contig_420371.fasta,0.016100255065296772,5.1189428875875285e-05,0.4589640402837828,CM
,235560,Contig_930538.fasta,0.027844238337878673,0.00015543471705982745,0.4779508059952161,CM
,235560,Contig_542578.fasta,0.003527196107774575,1.720511898436843e-06,0.3884714313568423,CM
,235560,Contig_371823.fasta,0.012231116564062857,2.808076794525256e-05,0.4507840453461624,CM
,235560,Contig_56.fasta,0.0,0.0,0.0,CM
,235560,Contig_500869.fasta,0.01347245353270229,3.393370422201246e-05,0.45406486081447506,CM
,235560,Contig_549526.fasta,0.001192372445858033,0.0,0.3153058214752807,CM
,235560,Contig_138472.fasta,0.024384986266934434,0.00011891961319658488,0.47407683796283334,CM
,235560,Contig_987069.fasta,0.01164369134570683,2.4499178895783573e-05,0.44669578908765306,CM
,235560,Contig_988280.fasta,0.0200674613039952,7.638504479317992e-05,0.46581765960111154,CM
,235560,Contig_543585.fasta,0.0,0.0,0.0,CM
,235560,Contig_206976.fasta,0.02441701431981823,0.00011952654061805096,0.473357449741342,CM
,235560,Contig_3888.fasta,0.025646228853328484,0.00013068063348549067,0.47528068976060595,CM
,235560,Contig_1065538.fasta,0.0011534837670222787,0.0,0.3116309284510933,CM
,235560,Contig_62111.fasta,0.013263747249644357,3.4363804669356364e-05,0.45494782602753187,CM
,235560,Contig_208748.fasta,0.018989861286605507,6.619339255125139e-05,0.46535438992473055,CM
,235560,Contig_501406.fasta,0.011856644576861164,2.61115092217912e-05,0.4492691685735156,CM
,235560,Contig_306807.fasta,0.010922625195143013,2.1519339748984932e-05,0.44457371883070457,CM
,235560,Contig_57808.fasta,0.018367057950786626,6.462036643902023e-05,0.4644306094980809,CM
,235560,Contig_930639.fasta,0.01933324901113319,7.000756243564932e-05,0.46466121059515053,CM
,235560,Contig_422.fasta,0.001192372445858033,0.0,0.3153058214752807,CM
,235560,Contig_545369.fasta,0.01617662058380041,4.937463203917662e-05,0.4591892434438828,CM
,235560,Contig_502018.fasta,0.01639068275407303,5.436154400669526e-05,0.46122606118217496,CM
,235560,Contig_1066920.fasta,0.006928223333167668,7.668706237424702e-06,0.42345143807177965,CM
,235560,Contig_988550.fasta,0.011646265163450732,2.3365896141353666e-05,0.4452082198566285,CM
,235560,Contig_498319.fasta,0.0036328274426482843,2.1383298846220406e-06,0.39041621949880395,CM
,235560,Contig_1062135.fasta,0.018934835764624604,7.178260051871575e-05,0.4665142961807742,CM
,235560,Contig_139106.fasta,0.0022771838559819614,4.461841447819223e-07,0.3482797462369308,CM
,235560,Contig_424026.fasta,0.002374084118808591,4.5164033262312384e-07,0.3571861366941348,CM
,235560,Contig_985597.fasta,0.0036729161285740833,2.0367096927636768e-06,0.39041621949880395,CM
,235560,Contig_369895.fasta,0.021034491130382686,8.732116935144595e-05,0.46838222129060714,CM
,235560,Contig_53489.fasta,0.0021477248923075904,3.827857025637462e-07,0.3457065674690185,CM
,235560,Contig_60880.fasta,0.02334532488040624,0.0001057931966970643,0.4724016547898198,CM
,235560,Contig_368093.fasta,0.016451774534179793,5.0005046939243345e-05,0.45806543227539553,CM
,235560,Contig_499241.fasta,0.019998123140456715,8.19309735068953e-05,0.46838222129060714,CM
,235560,Contig_989061.fasta,0.007112966148512733,8.56423978832713e-06,0.42576327485834076,CM
,235560,Contig_55164.fasta,0.023249738019338273,0.00010486281343568848,0.4714497119086313,CM
,235560,Contig_24573733.fasta,0.01177738069202728,2.378473207859053e-05,0.4471226364733077,CM
,235560,Contig_498628.fasta,0.008202297153091951,1.1240076364181257e-05,0.4292787514397399,CM
,235560,Contig_3643.fasta,0.0023401125935388974,5.957657191162842e-07,0.3606272362769299,CM
,235560,Contig_987659.fasta,0.0012920222764410663,0.0,0.3243770114865279,CM
,235560,Contig_53431.fasta,0.014608016802804652,4.3060370690676435e-05,0.4558342319233478,CM
,235560,Contig_426051.fasta,0.024330809095239398,0.00011717472994038701,0.4735970031065957,CM
,235560,Contig_500137.fasta,0.020596124777468208,8.578537099225549e-05,0.46955728958285653,CM
,235560,Contig_369743.fasta,0.024583988161442742,0.00011164129304402229,0.471925203297344,CM
,235560,Contig_502690.fasta,0.01534036584261975,4.4669860704017236e-05,0.4582897542304766,CM
,235560,Contig_802918.fasta,0.011981373368263734,2.8193608258720992e-05,0.45143641010064306,CM
,235560,Contig_544175.fasta,0.0010789293379519361,0.0,0.3047306018035275,CM
,235560,Contig_53359.fasta,0.0034312907060491896,2.0417488173491125e-06,0.38057245959277475,CM
,235560,Contig_306575.fasta,0.002547880889872914,6.612720664703955e-07,0.3690172232407859,CM
,235560,Contig_542420.fasta,0.0,0.0,0.0,CM
,235560,Contig_368743.fasta,0.019420916140365188,7.68806326539747e-05,0.46581765960111154,CM
,235560,Contig_499105.fasta,0.002308473191569601,5.944931337650207e-07,0.3565057821480507,CM
,235560,Contig_542465.fasta,0.002230558355952035,3.848844441656159e-07,0.3512866659679553,CM
,235560,Contig_548646.fasta,0.016218181126170784,5.2988993203013704e-05,0.4594146677165602,CM
,235560,Contig_58939.fasta,0.010471448448472668,2.01790352247267e-05,0.4439410237849303,CM
,235560,Contig_621909.fasta,0.011390723252334273,2.282904140408321e-05,0.44247171543197783,CM
,235560,Contig_53922.fasta,0.022059649761509533,9.466974523604597e-05,0.47026516489378545,CM
,235560,Contig_132024.fasta,0.028706260291514175,0.0001664919192500004,0.47868423434201185,CM
,235560,Contig_1063498.fasta,0.018947100607614595,7.208119773617332e-05,0.4669798793106951,CM
,235560,Contig_551384.fasta,0.021012297702806375,8.603473961969341e-05,0.4681479130258295,CM
,235560,Contig_132061.fasta,0.005896772115039277,6.315108091905268e-06,0.4177802134547469,CM
,235560,Contig_543135.fasta,0.0038573730000182782,1.8192648538084417e-06,0.39721038970230604,CM
,235560,Contig_1064559.fasta,0.0119956014979386,2.2859453179975394e-05,0.44733636622305595,CM
,235560,Contig_368256.fasta,0.022133133747619792,9.957989477398212e-05,0.4712123253467438,CM
,235560,Contig_306060.fasta,0.022087870329571307,9.652687066847143e-05,0.47097517772452596,CM
,235560,Contig_58286.fasta,0.017971923099568732,6.570498441758551e-05,0.4637401774720679,CM
,235560,Contig_57092.fasta,0.02769842040874727,0.0001490150562848671,0.47649067115001686,CM
,235560,Contig_420355.fasta,0.019888620833519048,7.592768413644357e-05,0.4669798793106951,CM
,235560,Contig_420310.fasta,0.005801105669941716,5.276350053363597e-06,0.4128044455838699,CM
,235560,Contig_139456.fasta,0.017869422289424185,6.63253564985489e-05,0.46721301954000655,CM
,235560,Contig_4502.fasta,0.010151257986082152,2.1277319642542272e-05,0.44080437029610603,CM
,235560,Contig_543519.fasta,0.001255825174631781,0.0,0.3211488257167581,CM
,235560,Contig_544009.fasta,0.0009492099515021171,0.0,0.29400806727572515,CM
,235560,Contig_3057.fasta,0.0012219149806650725,0.0,0.31830873406075955,CM
,235560,Contig_553809.fasta,0.0023813469164937957,6.918658629438508e-07,0.3624429427337851,CM
,235560,Contig_132325.fasta,0.01664808663811924,5.1080198750041245e-05,0.45873905791109465,CM
,235560,Contig_369951.fasta,0.019881273744899133,7.776916042990198e-05,0.46791383906931655,CM
,235560,Contig_61901.fasta,0.016270889810812438,5.0862938934651514e-05,0.4585142960012901,CM
,235560,Contig_369157.fasta,0.01470936895472499,4.0004696953265674e-05,0.4547267629439422,CM
,235560,Contig_61944.fasta,0.002664059923868085,7.107181038087757e-07,0.3770458010228175,CM
,235560,Contig_53508.fasta,0.0012245732222073101,0.0,0.31841703917612557,CM
,235560,Contig_368951.fasta,0.0095501373626761,1.769142554843953e-05,0.4379165550484947,CM
,235560,Contig_303193.fasta,0.015507201713794985,4.7596776260005355e-05,0.4594146677165602,CM
,235560,Contig_1062799.fasta,0.017726641082160943,5.8125587498961836e-05,0.4621371250067324,CM
,235560,Contig_932596.fasta,0.015156157572091072,4.447331124257879e-05,0.45539059763437134,CM
,235560,Contig_133360.fasta,0.01178653529383387,2.954939317576873e-05,0.45035018197239324,CM
,235560,Contig_371588.fasta,0.018689403479209145,6.620355216615215e-05,0.46489204080408997,CM
,235560,Contig_990113.fasta,0.018836331062983304,6.901891988690529e-05,0.4639700932764666,CM
,235560,Contig_371159.fasta,0.01523532136893378,4.436354690662326e-05,0.4578413298134213,CM
,235560,Contig_132515.fasta,0.02230607446457269,0.00010114008187832985,0.4724016547898198,CM
,235560,Contig_708360.fasta,0.008084750559240727,1.2208005626829058e-05,0.43185402775202264,CM
,235560,Contig_794445.fasta,0.016332413092912494,5.119823848286419e-05,0.4594146677165602,CM
,235560,Contig_310512.fasta,0.02569236299659219,0.00013462347443364222,0.47576394414775447,CM
,235560,Contig_200936.fasta,0.022180631835301477,0.00010055441434277755,0.4721633088489572,CM
,235560,Contig_309369.fasta,0.025547719699028408,0.00012679128454035386,0.47407683796283334,CM
,235560,Contig_131663.fasta,0.01625987564583741,4.7327765788167995e-05,0.4589640402837828,CM
,235560,Contig_133515.fasta,0.019194421901264906,7.481452596628923e-05,0.46535438992473055,CM
,235560,Contig_57236.fasta,0.023457486550489376,0.00010643402719399906,0.4724016547898198,CM
,235560,Contig_368809.fasta,0.020495456999636234,8.385464624791093e-05,0.46861676421564,CM
,235560,Contig_57273.fasta,0.006128539878034926,5.454037037427689e-06,0.42040776196704094,CM
,235560,Contig_53450.fasta,0.0207001119823163,8.598685111444978e-05,0.4674463926766399,CM
,235560,Contig_369809.fasta,0.017133191333755907,5.399809604048457e-05,0.4596403134276194,CM
,235560,Contig_500212.fasta,0.003729592562823472,1.5308601426259778e-06,0.3922161266297708,CM
,235560,Contig_985127.fasta,0.01204358182216087,2.716358275218728e-05,0.4499171529512659,CM
,235560,Contig_131527.fasta,0.007802347611704166,1.0094061007400727e-05,0.4284925266202533,CM
,235560,Contig_205412.fasta,0.01669199960825533,5.552071162579893e-05,0.46077187500671246,CM
,235560,Contig_58861.fasta,0.022128585805720843,9.145048782038053e-05,0.46955728958285653,CM
,235560,Contig_57172.fasta,0.008143260916892927,1.152559858568784e-05,0.43285276509650006,CM
,235560,Contig_57931.fasta,0.010483322075615658,2.28435595608592e-05,0.44542012286465166,CM
,235560,Contig_986539.fasta,0.026499542807672295,0.0001338199706736502,0.4743171201919073,CM
,235560,Contig_53380.fasta,0.0012460393813716161,0.0,0.31939511199270754,CM
,235560,Contig_793579.fasta,0.013007815702637555,3.386510525307598e-05,0.45384465477140307,CM
,235560,Contig_53751.fasta,0.008970637884009968,1.4278638967384946e-05,0.4320534063428592,CM
,235560,Contig_56974.fasta,0.016368975612148683,4.888133522825189e-05,0.45873905791109465,CM
,235560,Contig_53714.fasta,0.021054366746803974,8.952863411139158e-05,0.46955728958285653,CM
,235560,Contig_498548.fasta,0.0071554753388401735,8.151185294846885e-06,0.4265395069000151,CM
,235560,Contig_138961.fasta,0.02532632559781381,0.0001275012476311127,0.47479841610280726,CM
,235560,Contig_56931.fasta,0.011762919734088568,2.651611974486172e-05,0.44862304800509734,CM
,235560,Contig_53490.fasta,0.017357293067861494,6.10923198036631e-05,0.4616811436303074,CM
,235560,Contig_1261469.fasta,0.020126750595699766,7.943186377859754e-05,0.46791383906931655,CM
,235560,Contig_134080.fasta,0.018341268955389074,6.601083345289013e-05,0.4630517952195117,CM
,235560,Contig_547636.fasta,0.003365500108416833,1.8896077768992944e-06,0.37980019404976995,CM
,235560,Contig_555815.fasta,0.005872694138527411,6.035384210112765e-06,0.4177802134547469,CM
,235560,Contig_367999.fasta,0.012840706682725526,3.078435489846793e-05,0.4523091726141291,CM
,235560,Contig_542481.fasta,0.021954257969446084,9.33915804565694e-05,0.46979301111377164,CM
,235560,Contig_54239.fasta,0.0,0.0,0.0,CM
,235560,Contig_135080.fasta,0.016709638101747776,5.5500999200311305e-05,0.4621371250067324,CM
,235560,Contig_543050.fasta,0.002345848564422477,4.442747084141963e-07,0.35677761271011554,CM
,235560,Contig_371121.fasta,0.011125923412821094,2.163650184026278e-05,0.44797878321619583,CM
,235560,Contig_421275.fasta,0.01650060920253342,5.554185475631194e-05,0.46282278839695007,CM
,235560,Contig_1064055.fasta,0.018614551367050525,6.836623589242803e-05,0.46535438992473055,CM
,235560,Contig_24574183.fasta,0.023170031369446047,0.00010871799782134962,0.4735970031065957,CM
,235560,Contig_1065010.fasta,0.02011296638095788,7.731006974546674e-05,0.46721301954000655,CM
,235560,Contig_542439.fasta,0.02080813141619585,8.72373156905143e-05,0.4688515421536238,CM
,235560,Contig_55615.fasta,0.0018925503611888518,2.2267870317969866e-07,0.328360588820573,CM
,235560,Contig_1062268.fasta,0.017835043211607043,6.537414755152977e-05,0.464200237171941,CM
,235560,Contig_545832.fasta,0.010727223183011333,2.253555949048985e-05,0.4452082198566285,CM
,235560,Contig_994284.fasta,0.017870893901275164,6.17113568438558e-05,0.46351048941982814,CM
,235560,Contig_61283.fasta,0.015426710673299504,4.620057656412899e-05,0.45806543227539553,CM
,235560,Contig_137216.fasta,0.02216702581962811,9.205881126449268e-05,0.46955728958285653,CM
,235560,Contig_369929.fasta,0.02190420483245571,9.352534918255597e-05,0.46979301111377164,CM
,235560,Contig_424266.fasta,0.0,0.0,0.0,CM
,235560,Contig_422733.fasta,0.02206375864814127,9.716510894179301e-05,0.47168733777148847,CM
,235560,Contig_993468.fasta,0.024271863255661174,0.00011423686028992713,0.4724016547898198,CM
,235560,Contig_2702.fasta,0.02320387007521063,0.00010220839566317988,0.4712123253467438,CM
,235560,Contig_550843.fasta,0.009805584235842857,1.701391066136996e-05,0.44247171543197783,CM
,235560,Contig_555666.fasta,0.005998715136097898,6.595983918365387e-06,0.4215439991615464,CM
,235560,Contig_552333.fasta,0.0012920222764410663,0.0,0.3243770114865279,CM
,235560,Contig_59941.fasta,0.012378761223308232,2.7885732052682296e-05,0.44733636622305595,CM
,235560,Contig_543660.fasta,0.013574970893403494,3.732843240341844e-05,0.4573937820814434,CM
,235560,Contig_302582.fasta,0.0,0.0,0.0,CM
,235560,Contig_985007.fasta,0.0072048235042440605,7.923588286723895e-06,0.42518295235739806,CM
,235560,Contig_137152.fasta,0.009773680869531032,1.6648356948637488e-05,0.44163646915461685,CM
,235560,Contig_551768.fasta,0.010723171728915862,1.8617882709958653e-05,0.44038949559465085,CM
,235560,Contig_54324.fasta,0.016519274103277103,5.3712537430440133e-05,0.45986618090350523,CM
,235560,Contig_554908.fasta,0.020013200986691362,7.65699414560754e-05,0.46767999906978164,CM
,235560,Contig_988264.fasta,0.02337870871289315,0.00010635585359199698,0.47073826868140495,CM
,235560,Contig_57017.fasta,0.015112429047981768,3.980808281344705e-05,0.45539059763437134,CM
,235560,Contig_930599.fasta,0.0073709004335968656,1.0194040082750893e-05,0.429475758668487,CM
,235560,Contig_368836.fasta,0.024066107925129747,0.00011232371868173136,0.4714497119086313,CM
,235560,Contig_501295.fasta,0.01969335015115811,7.744456858875344e-05,0.466746971640216,CM
,235560,Contig_549348.fasta,0.022915256334747384,0.00010774312571754663,0.4724016547898198,CM
,235560,Contig_3936.fasta,0.025281850332011725,0.00012667190510211088,0.4745576461149255,CM
,235560,Contig_53793.fasta,0.01759058177643977,6.257567860300983e-05,0.4637401774720679,CM
,235560,Contig_421232.fasta,0.0,0.0,0.0,CM
,235560,Contig_368389.fasta,0.025225380606977824,0.00012876920946848885,0.47479841610280726,CM
,235560,Contig_58788.fasta,0.004598966906654515,2.594348612931043e-06,0.40026846798059584,CM
,235560,Contig_991500.fasta,0.027733706562895716,0.0001502787782679198,0.47649067115001686,CM
,235560,Contig_555817.fasta,0.019631552745016535,8.04939823988794e-05,0.46767999906978164,CM
,235560,Contig_542483.fasta,0.007881602886525972,1.137768735873828e-05,0.42888527870698123,CM
,235560,Contig_132900.fasta,0.012590406649823013,2.927783846155395e-05,0.449484955878306,CM
,235560,Contig_543052.fasta,0.0009476519636146243,0.0,0.29217223794524916,CM
,235560,Contig_546119.fasta,0.008838660602389647,1.4033890972622989e-05,0.4385321828203529,CM
,235560,Contig_6086.fasta,0.007216167017091274,8.550593151963718e-06,0.4259570678828553,CM
,235560,Contig_369459.fasta,0.02171850037333812,9.340073805350756e-05,0.470501597857533,CM
,235560,Contig_1064787.fasta,0.0035277336298368154,1.4150775547895282e-06,0.38463940737305097,CM
,235560,Contig_993918.fasta,0.007168510406516273,8.628334830942103e-06,0.4273185744925265,CM
,235560,Contig_420935.fasta,0.008358934734670422,1.0851467123682996e-05,0.4292787514397399,CM
,235560,Contig_209716.fasta,0.013920505356695548,3.930005049536059e-05,0.4551691041530317,CM
,235560,Contig_549952.fasta,0.0022327495289860325,4.5780394032399167e-07,0.3524774682254738,CM
,235560,Contig_368269.fasta,0.003673622526769885,1.993524023170402e-06,0.3912323069141443,CM
,235560,Contig_58668.fasta,0.021448536366867874,9.131565168419687e-05,0.4688515421536238,CM
,235560,Contig_542949.fasta,0.016507726468979758,5.5262323376296885e-05,0.4621371250067324,CM
,235560,Contig_425926.fasta,0.0,0.0,0.0,CM
,235560,Contig_439.fasta,0.012883629813837135,2.9662100600505365e-05,0.44905358835826925,CM
,235560,Contig_428343.fasta,0.01865587642691388,7.11396255327406e-05,0.46558590952170803,CM
,235560,Contig_502497.fasta,0.005843457228872196,5.0612159814916766e-06,0.41335144794109235,CM
,235560,Contig_793333.fasta,0.012966573449818134,2.8801566197544322e-05,0.4499171529512659,CM
,235560,Contig_985040.fasta,0.022174326032303057,9.691978002832191e-05,0.47097517772452596,CM
,235560,Contig_544337.fasta,0.007979596028312455,1.1862503940926253e-05,0.429475758668487,CM
,235560,Contig_302538.fasta,0.0036347931115222015,1.4176426009559842e-06,0.3902534103997636,CM
,235560,Contig_371387.fasta,0.005927426148703155,5.000284697627233e-06,0.4131689528205886,CM
,235560,Contig_985429.fasta,0.015484268721616738,4.7846388786951054e-05,0.46054511719420915,CM
,235560,Contig_57780.fasta,0.015357810518622372,4.415203062837963e-05,0.45694710846612946,CM
,235560,Contig_5210.fasta,0.00215757201687074,3.4105172308046813e-07,0.34506920285347825,CM
,235560,Contig_139344.fasta,0.007584555096558688,1.1068337505914871e-05,0.43305306716271774,CM
,235560,Contig_303250.fasta,0.010623257728867725,1.955691454261285e-05,0.442681020879202,CM
,235560,Contig_547305.fasta,0.0010789293379519361,0.0,0.3047306018035275,CM
,235560,Contig_368294.fasta,0.017672508786218077,5.458035529216007e-05,0.4596403134276194,CM
,235560,Contig_542526.fasta,0.0035266333761820707,1.781539709945037e-06,0.3894413974775835,CM
,235560,Contig_59201.fasta,0.0012881049618288947,0.0,0.32595878723045385,CM
,235560,Contig_132437.fasta,0.012063667164304322,3.034653416792108e-05,0.45252789078270456,CM
,235560,Contig_135127.fasta,0.017814871223023887,6.305879705401314e-05,0.464200237171941,CM
,235560,Contig_498840.fasta,0.017820282824322478,6.461040664110776e-05,0.46282278839695007,CM
,235560,Contig_201012.fasta,0.007311791226794414,9.399379408634199e-06,0.429475758668487,CM
,235560,Contig_502796.fasta,0.012846033410288012,3.22279503738638e-05,0.4507840453461624,CM
,235560,Contig_371838.fasta,0.022940599585379244,0.00010797601772493081,0.47287906929693435,CM
,235560,Contig_369953.fasta,0.02334749659157875,0.00011224486835158622,0.4735970031065957,CM
,235560,Contig_53998.fasta,0.002355907886908491,5.272815162383312e-07,0.355557628472125,CM
,235560,Contig_549268.fasta,0.0034745802585363318,1.5431463448647193e-06,0.38243877324831754,CM
,235560,Contig_627031.fasta,0.008951736787496651,1.2206315457183765e-05,0.4316548330897754,CM
,235560,Contig_60946.fasta,0.023344614552910623,0.00011062143889767199,0.4731181385938489,CM
,235560,Contig_368584.fasta,0.01677367008623438,5.484241792305449e-05,0.4609988562259276,CM
,235560,Contig_499387.fasta,0.0033486827412758926,1.4992922433199831e-06,0.37811219318732653,CM
,235560,Contig_368916.fasta,0.02220836702381819,9.755592740574296e-05,0.4712123253467438,CM
,235560,Contig_131739.fasta,0.00841822334376795,1.1183472296906338e-05,0.43185402775202264,CM
,235560,Contig_368678.fasta,0.021450493147342185,9.26945840886181e-05,0.47073826868140495,CM
,235560,Contig_55737.fasta,0.0024986022976896997,7.960981363773572e-07,0.36699124632887575,CM
,235560,Contig_57441.fasta,0.012945186079508867,3.091418508711831e-05,0.4516542848159426,CM
,235560,Contig_139085.fasta,0.019929674818130794,7.923130708150878e-05,0.466746971640216,CM
,235560,Contig_5194.fasta,0.0012219149806650725,0.0,0.31830873406075955,CM
,235560,Contig_500498.fasta,0.009731439179136221,1.5960145417904172e-05,0.4389435638548935,CM
,235560,Contig_35.fasta,0.0031735931404869443,1.1323708055812897e-06,0.372394619235429,CM
,235560,Contig_1124667.fasta,0.021329162124928826,9.226540001905703e-05,0.470501597857533,CM
,235560,Contig_800316.fasta,0.0012881049618288947,0.0,0.32595878723045385,CM
,235560,Contig_56028.fasta,0.020038463720932632,7.650643856109391e-05,0.4660496405072874,CM
,235560,Contig_551712.fasta,0.002371054099210059,7.309050757208039e-07,0.35786909297844477,CM
,235560,Contig_502713.fasta,0.02509751022844118,0.00012501881147980971,0.4735970031065957,CM
,235560,Contig_59610.fasta,0.014084651023696078,3.723692191537545e-05,0.45406486081447506,CM
,235560,Contig_302604.fasta,0.015394445550920123,4.959258673762906e-05,0.4609988562259276,CM
,235560,Contig_551757.fasta,0.00362681022782485,2.204339499310899e-06,0.3922161266297708,CM
,235560,Contig_932201.fasta,0.004711083412941616,3.901602842218516e-06,0.4044199127651828,CM
,235560,Contig_133865.fasta,0.0024986022976896997,7.960981363773572e-07,0.36699124632887575,CM
,235560,Contig_986463.fasta,0.01726271982164647,6.101174094142635e-05,0.46282278839695007,CM
,235560,Contig_545427.fasta,0.00707838392351955,7.950193612272143e-06,0.42287739635726757,CM
,235560,Contig_62172.fasta,0.01418140620894752,3.860323880455624e-05,0.45694710846612946,CM
,235560,Contig_55436.fasta,0.003503488677204216,1.6743523787911432e-06,0.3844813796789782,CM
,235560,Contig_548295.fasta,0.0037480719145178633,2.176443041812233e-06,0.3932049067809382,CM
,235560,Contig_550839.fasta,0.0,0.0,0.0,CM
,235560,Contig_370302.fasta,0.017958863848046833,5.9666247782629234e-05,0.46351048941982814,CM
,235560,Contig_372074.fasta,0.023213743789717873,0.00010863362771296443,0.4721633088489572,CM
,235560,Contig_553798.fasta,0.02230336840225266,9.62814851242382e-05,0.470501597857533,CM
,235560,Contig_500799.fasta,0.007255785269207176,8.8169641128426e-06,0.4277091764801797,CM
,235560,Contig_54243.fasta,0.02655221606143761,0.00014160906564978385,0.47624818225884635,CM
,235560,Contig_543869.fasta,0.0,0.0,0.0,CM
,235560,Contig_137718.fasta,0.02650584878380718,0.00013666396551899107,0.4750394305272249,CM
,235560,Contig_53716.fasta,0.010503561832707564,1.9263267740595823e-05,0.44163646915461685,CM
,235560,Contig_369798.fasta,0.011991063111620287,2.4087699551185945e-05,0.4475503004010679,CM
,235560,Contig_985160.fasta,0.013829394505439496,3.7129796703596754e-05,0.4527468205798902,CM
,235560,Contig_56618.fasta,0.01602422155537854,4.662740172146355e-05,0.457617446522559,CM
,235560,Contig_369421.fasta,0.002256203443467829,5.810197857943616e-07,0.3534092440100578,CM
,235560,Contig_136070.fasta,0.01910300897315081,7.468356765376829e-05,0.4669798793106951,CM
,235560,Contig_547124.fasta,0.004801768244328246,4.651869468591828e-06,0.4086583747330275,CM
,235560,Contig_555395.fasta,0.002398783885655158,5.147552262369301e-07,0.3596570630817191,CM
,235560,Contig_2620.fasta,0.022025978233916756,9.638927795985582e-05,0.47026516489378545,CM
,235560,Contig_990679.fasta,0.0036261837211158648,1.8372862324354431e-06,0.38976579680909335,CM
,235560,Contig_137371.fasta,0.01919190514796399,7.039991989582176e-05,0.4669798793106951,CM
,235560,Contig_200971.fasta,0.004800030765942492,3.0963786051383763e-06,0.4061752075254484,CM
,235560,Contig_55880.fasta,0.024435314257588842,0.00012092676772495978,0.4743171201919073,CM
,235560,Contig_53941.fasta,0.01654242962431705,5.678537343443422e-05,0.46351048941982814,CM
,235560,Contig_54457.fasta,0.004979650386663857,3.824865159466633e-06,0.4108110966368012,CM
,235560,Contig_543587.fasta,0.0012460393813716161,0.0,0.31939511199270754,CM
,235560,Contig_132047.fasta,0.0011892278044707853,0.0,0.31403613360356813,CM
,235560,Contig_133002.fasta,0.019787700868294473,7.764982930817607e-05,0.466746971640216,CM
,235560,Contig_368235.fasta,0.015108087172898826,4.3907214844410225e-05,0.457617446522559,CM
,235560,Contig_212696.fasta,0.016349494037186163,4.650945491788374e-05,0.4591892434438828,CM
,235560,Contig_428432.fasta,0.027853578824782392,0.0001559595600064567,0.4781950322629704,CM
,235560,Contig_545097.fasta,0.0012707391482181835,0.0,0.3222547101028351,CM
,235560,Contig_550773.fasta,0.004915122792756504,4.133682485635065e-06,0.40883690613308565,CM
,235560,Contig_134557.fasta,0.018340337868892075,6.861431496362184e-05,0.46466121059515053,CM
,235560,Contig_370062.fasta,0.013179178966437931,3.0262237548790303e-05,0.4512187454863226,CM
,235560,Contig_420336.fasta,0.005502244789236369,5.388027508001385e-06,0.4084799991875308,CM
,235560,Contig_60298.fasta,0.019091339070748777,7.104783777900506e-05,0.46512310046651745,CM
,235560,Contig_424515.fasta,0.0012219149806650725,0.0,0.31830873406075955,CM
,235560,Contig_498859.fasta,0.010259585352522074,1.8772357656007e-05,0.4385321828203529,CM
,235560,Contig_987746.fasta,0.004741495457148222,3.2990431808011335e-06,0.40320020600544293,CM
,235560,Contig_553390.fasta,0.02084248340849237,8.566449618278336e-05,0.46861676421564,CM
,235560,Contig_54838.fasta,0.02459091437180202,0.00011830113761825255,0.47407683796283334,CM
,235560,Contig_808772.fasta,0.02636740696865339,0.00013279357114332602,0.4743171201919073,CM
,235560,concatenated_maxbin2.1689.fasta,0.12332676727937075,0.026236893492548784,0.43709840174620884,CM
,235560,concatenated_maxbin2.0347.fasta,0.1567509934439914,0.05264334707727619,0.4964603067048452,CM
,235560,concatenated_maxbin2.0432.fasta,0.1547709650724814,0.0491750406942884,0.4917644131049044,CM
,235560,concatenated_maxbin2.0512.fasta,0.13765503399032206,0.03896803821734378,0.46054511719420915,CM
,235560,concatenated_maxbin2.0082.fasta,0.1339485602082193,0.0332623073588951,0.4551691041530317,CM
,235560,concatenated_metabat2.783.fasta,0.10338127885146765,0.01447584644322083,0.4081237148445849,CM
,235560,concatenated_bin.308.fasta,0.14283394143916736,0.04297230145168661,0.4712123253467438,CM
,235560,concatenated_maxbin2.0325.fasta,0.11370557840152473,0.023060909392207774,0.42518295235739806,CM
,235560,concatenated_metabat2.665.fasta,0.14413363620389624,0.040760749062417015,0.4714497119086313,CM
,235560,concatenated_maxbin2.0610.fasta,0.1424572457805975,0.04030888240446836,0.46838222129060714,CM
,235560,concatenated_maxbin2.0126.fasta,0.14669126288209822,0.04115511175321878,0.4781950322629704,CM
,235560,concatenated_maxbin2.0342.fasta,0.12050666063368178,0.023883491732406822,0.4312569945339323,CM
,235560,concatenated_bin.737.fasta,0.152221465458674,0.049079037395810834,0.4869030583447623,CM
,235560,concatenated_bin.182.fasta,0.11351894749483253,0.021028834865427115,0.42135419997236967,CM
,235560,concatenated_maxbin2.0908.fasta,0.15430171111759722,0.053626498427029254,0.4954090408356978,CM
,235560,concatenated_maxbin2.1011.fasta,0.14926268771806223,0.04444882661010524,0.48040435222722433,CM
,235560,concatenated_metabat2.358.fasta,0.12924462520863622,0.034323252100586385,0.44797878321619583,CM
,235560,concatenated_maxbin2.0541.fasta,0.14708536229275407,0.046881804951540415,0.4781950322629704,CM
,235560,concatenated_bin.204.fasta,0.12303997946566779,0.0279583503167618,0.43669047043333326,CM
,235560,concatenated_metabat2.164.fasta,0.12944595625953506,0.029504013481277715,0.44584453460630447,CM
,235560,concatenated_maxbin2.0329.fasta,0.13463567045814837,0.03001208826020306,0.453185316289895,CM
,235560,concatenated_bin.240.fasta,0.13512814433739223,0.03153911666093442,0.45450591458894274,CM
,235560,concatenated_metabat2.793.fasta,0.15043492498865124,0.046577124696658825,0.4843828561794167,CM
,235560,concatenated_maxbin2.0177.fasta,0.1381754781420926,0.0379768195178432,0.4630517952195117,CM
,235560,concatenated_metabat2.147.fasta,0.14637283291661746,0.046333347789937376,0.4779508059952161,CM
,235560,concatenated_maxbin2.0272.fasta,0.16237595424590187,0.05518179027926198,0.5074987408560917,CM
