Method,Number of Swaps,Node,Eigenvector Centrality,Betweenness Centrality,Closeness Centrality,Methods
,235560,Contig_60400.fasta,0.022389992145244106,0.00010037587835160548,0.470501597857533,CM
,235560,Contig_303000.fasta,0.014516634859342927,3.549916617826197e-05,0.4527468205798902,CM
,235560,Contig_58480.fasta,0.003448687968942921,1.315765648365933e-06,0.3785710672081849,CM
,235560,Contig_547953.fasta,0.019626060319523905,7.46368025374057e-05,0.46489204080408997,CM
,235560,Contig_501261.fasta,0.01472641602594125,4.0684406793526285e-05,0.4585142960012901,CM
,235560,Contig_59812.fasta,0.019745591871959445,7.654802334687504e-05,0.4662818525852681,CM
,235560,Contig_137842.fasta,0.026539603868826814,0.00013953881533207267,0.47528068976060595,CM
,235560,Contig_305555.fasta,0.019416578074729213,7.731817120194237e-05,0.46558590952170803,CM
,235560,Contig_1064437.fasta,0.020090755984306603,8.147834503375563e-05,0.4688515421536238,CM
,235560,Contig_302768.fasta,0.004626704121453505,3.0785892138203944e-06,0.3956988068239463,CM
,235560,Contig_308773.fasta,0.01072502085414231,2.1004218794638776e-05,0.44436262019878114,CM
,235560,Contig_548846.fasta,0.0013061088384402147,0.0,0.32641356056457377,CM
,235560,Contig_367992.fasta,0.004724260758042686,2.993618237080161e-06,0.4011263086749392,CM
,235560,Contig_2515.fasta,0.019903396782699468,8.189593580287641e-05,0.46791383906931655,CM
,235560,Contig_139114.fasta,0.024803396075943215,0.00012557969908203937,0.4745576461149255,CM
,235560,Contig_1118110.fasta,0.021154343302306665,8.589754770942382e-05,0.46838222129060714,CM
,235560,Contig_499911.fasta,0.023717691111223765,0.0001095088033930652,0.4724016547898198,CM
,235560,Contig_552124.fasta,0.0,0.0,0.0,CM
,235560,Contig_133566.fasta,0.01584328648540431,4.7356240439620456e-05,0.4542852806498219,CM
,235560,Contig_131655.fasta,0.004878390588337335,3.103902421444586e-06,0.4037220354351308,CM
,235560,Contig_550217.fasta,0.007057604939061798,1.007117961993301e-05,0.4286888127066574,CM
,235560,Contig_1065858.fasta,0.019488995587237008,7.681470060440839e-05,0.4665142961807742,CM
,235560,Contig_502682.fasta,0.004721186295841943,3.540964830665959e-06,0.4037220354351308,CM
,235560,Contig_59781.fasta,0.009525505043077745,1.6190212897790586e-05,0.44122002741095384,CM
,235560,Contig_544167.fasta,0.019590833691315562,7.566218410581655e-05,0.46721301954000655,CM
,235560,Contig_500923.fasta,0.004931730840709976,3.6594707997025917e-06,0.40973190811673954,CM
,235560,Contig_53423.fasta,0.00827032367369709,1.3080054495031057e-05,0.43506633107328363,CM
,235560,Contig_54970.fasta,0.009661138220266114,1.7919351076472705e-05,0.4420536977508895,CM
,235560,Contig_371293.fasta,0.02502443149556227,0.00013152507745535825,0.4743171201919073,CM
,235560,Contig_368039.fasta,0.011512471982473717,2.6441639852746538e-05,0.4439410237849303,CM
,235560,Contig_139681.fasta,0.008133441453012162,1.2584920167076658e-05,0.4320534063428592,CM
,235560,Contig_139250.fasta,0.006860467702858874,9.65111649012568e-06,0.42402704038904987,CM
,235560,Contig_55970.fasta,0.02045908884380921,8.621536845040373e-05,0.46721301954000655,CM
,235560,Contig_370642.fasta,0.0074217125347530635,7.620399937997506e-06,0.42829642020074743,CM
,235560,Contig_424505.fasta,0.015268010458620283,4.633428804448763e-05,0.457617446522559,CM
,235560,Contig_1064106.fasta,0.008471591278040841,1.5172097493222015e-05,0.4389435638548935,CM
,235560,Contig_53687.fasta,0.0025021880097885825,6.121433454549244e-07,0.36872642952664814,CM
,235560,Contig_988292.fasta,0.010439578053968926,1.9510791100638422e-05,0.44122002741095384,CM
,235560,Contig_2.fasta,0.004851429507954855,3.695862231740872e-06,0.40776805147652856,CM
,235560,Contig_55746.fasta,0.003464476952451079,1.5647906705461025e-06,0.38041775534090777,CM
,235560,Contig_370874.fasta,0.016597553648300453,5.1590444828291286e-05,0.4589640402837828,CM
,235560,Contig_62202.fasta,0.020973534829547013,8.659568584647191e-05,0.4674463926766399,CM
,235560,Contig_131826.fasta,0.019697142504921192,8.242717017375303e-05,0.46791383906931655,CM
,235560,Contig_60972.fasta,0.018304862435962275,7.234850307707062e-05,0.46512310046651745,CM
,235560,Contig_502426.fasta,0.010538261164889226,2.2181488667468696e-05,0.4441517219452459,CM
,235560,Contig_302574.fasta,0.009778398166861562,1.8681932969347316e-05,0.44478501812672677,CM
,235560,Contig_369922.fasta,0.02774110609469216,0.00015638311832069827,0.47673340710067913,CM
,235560,Contig_56774.fasta,0.0025667389752730787,8.079483336500382e-07,0.37373309829817614,CM
,235560,Contig_53586.fasta,0.01891469616950246,6.470595622749364e-05,0.46282278839695007,CM
,235560,Contig_305448.fasta,0.019923142444029797,8.059054885958738e-05,0.4688515421536238,CM
,235560,Contig_423780.fasta,0.02106771576391523,8.60397207605334e-05,0.4681479130258295,CM
,235560,Contig_368225.fasta,0.02203318017622922,9.52971921904097e-05,0.46861676421564,CM
,235560,Contig_498426.fasta,0.024972910665935003,0.0001223086469726766,0.4726402414841581,CM
,235560,Contig_543905.fasta,0.006126454243851509,5.392479544479434e-06,0.4179668057787553,CM
,235560,Contig_799449.fasta,0.015055987185024333,4.355766311625339e-05,0.4562787314181536,CM
,235560,Contig_307703.fasta,0.022026534689092506,9.5558327432911e-05,0.4688515421536238,CM
,235560,Contig_135212.fasta,0.02405358117408277,0.00012264774461653695,0.47407683796283334,CM
,235560,Contig_542656.fasta,0.01842274686412414,6.51941194412154e-05,0.4621371250067324,CM
,235560,Contig_368570.fasta,0.006760784743436806,9.342502860221107e-06,0.42230490890732536,CM
,235560,Contig_58171.fasta,0.01948986931962893,8.126768804123505e-05,0.46838222129060714,CM
,235560,Contig_989217.fasta,0.020444639916537277,8.611782019219165e-05,0.46767999906978164,CM
,235560,Contig_24573992.fasta,0.001095264631159301,0.0,0.3047306018035275,CM
,235560,Contig_422441.fasta,0.0012416044728438757,0.0,0.31939511199270754,CM
,235560,Contig_58619.fasta,0.01037929819554993,1.982281384854702e-05,0.4410121009135877,CM
,235560,Contig_55786.fasta,0.021914518661311017,0.00010195778764630157,0.4721633088489572,CM
,235560,Contig_84.fasta,0.009679992776473542,1.5030962424019476e-05,0.4375070959039893,CM
,235560,Contig_302648.fasta,0.006202995793571439,4.895520464750929e-06,0.4192776335746564,CM
,235560,Contig_56021.fasta,0.005025368229544393,3.5615237996380743e-06,0.41225888904785596,CM
,235560,Contig_500040.fasta,0.024339390657689315,0.00011994351397279838,0.47287906929693435,CM
,235560,Contig_1066208.fasta,0.016413361201352047,5.2505203589096515e-05,0.4603185824587472,CM
,235560,Contig_56448.fasta,0.006129692530196563,6.4967781810616536e-06,0.4205967092757901,CM
,235560,Contig_211575.fasta,0.002476923438752288,5.498644796720327e-07,0.36713522092531703,CM
,235560,Contig_58270.fasta,0.027444987205694507,0.00015447779250921307,0.4774631010911394,CM
,235560,Contig_501846.fasta,0.023133863758145946,0.00010485109751695022,0.47073826868140495,CM
,235560,Contig_542512.fasta,0.012242954232083042,2.5874389923953643e-05,0.44862304800509734,CM
,235560,Contig_134156.fasta,0.017931174542023032,5.9296928072443585e-05,0.46259400797757444,CM
,235560,Contig_24575311.fasta,0.004564131427408908,3.2514982062455885e-06,0.40164278031700995,CM
,235560,Contig_56365.fasta,0.024235651822138996,0.00011394326223032483,0.4712123253467438,CM
,235560,Contig_24577067.fasta,0.015563640224788164,4.151371787648712e-05,0.45539059763437134,CM
,235560,Contig_302549.fasta,0.020836529946475713,8.939030382450422e-05,0.46955728958285653,CM
,235560,Contig_61598.fasta,0.01795312078109188,6.251325887191456e-05,0.4639700932764666,CM
,235560,Contig_57982.fasta,0.02006629542522149,8.167220205711805e-05,0.4681479130258295,CM
,235560,Contig_367952.fasta,0.017713932672436882,5.798515864358374e-05,0.46145349020642656,CM
,235560,Contig_548080.fasta,0.010258882907045937,1.9394037127822905e-05,0.44080437029610603,CM
,235560,Contig_55623.fasta,0.017354764744138718,5.399213756343544e-05,0.4589640402837828,CM
,235560,Contig_56982.fasta,0.02450353749378689,0.00011690612772098935,0.4726402414841581,CM
,235560,Contig_1066315.fasta,0.01052899010063853,1.834236847831093e-05,0.44018235095890546,CM
,235560,Contig_369802.fasta,0.023464710607623288,0.00010900905109130352,0.4721633088489572,CM
,235560,Contig_132276.fasta,0.019910751918141074,7.907360499817692e-05,0.46767999906978164,CM
,235560,Contig_985545.fasta,0.021158728474598494,8.446737239235442e-05,0.46767999906978164,CM
,235560,Contig_56278.fasta,0.0,0.0,0.0,CM
,235560,Contig_61852.fasta,0.0203152767179666,7.788972407541032e-05,0.4660496405072874,CM
,235560,Contig_985500.fasta,0.01820816203390951,7.03125636218596e-05,0.46558590952170803,CM
,235560,Contig_499607.fasta,0.014702893659114933,4.212335980565897e-05,0.4551691041530317,CM
,235560,Contig_2240.fasta,0.022146434100817354,9.603098944915552e-05,0.4700289694317595,CM
,235560,Contig_370216.fasta,0.010595541014612523,2.497884440140905e-05,0.44669578908765306,CM
,235560,Contig_309063.fasta,0.023384645627309828,0.0001052037848392243,0.47026516489378545,CM
,235560,Contig_57285.fasta,0.01101189635032351,2.5723080786662862e-05,0.4437305254332068,CM
,235560,Contig_3691.fasta,0.007893137653068302,1.1172937185253989e-05,0.4209751138725295,CM
,235560,Contig_59029.fasta,0.022976230149785448,0.00010367321392346206,0.47026516489378545,CM
,235560,Contig_3240.fasta,0.01320752566530616,3.2301890761677284e-05,0.45252789078270456,CM
,235560,Contig_56285.fasta,0.022310228160956846,9.548982467977242e-05,0.46979301111377164,CM
,235560,Contig_371253.fasta,0.027855435616174103,0.00015393176559840482,0.47673340710067913,CM
,235560,Contig_1263041.fasta,0.007223357895450512,8.861235323948542e-06,0.4259570678828553,CM
,235560,Contig_138129.fasta,0.0217805515687236,9.940364827701724e-05,0.470501597857533,CM
,235560,Contig_302755.fasta,0.010664930245966242,2.1094990583270174e-05,0.44331012701972194,CM
,235560,Contig_544576.fasta,0.011808294121502179,2.5070532178176576e-05,0.4460570439173656,CM
,235560,Contig_278.fasta,0.0009264934699114137,0.0,0.29217223794524916,CM
,235560,Contig_131695.fasta,0.022046053324477396,0.00010198336361551076,0.47073826868140495,CM
,235560,Contig_548245.fasta,0.0024109027022066734,5.242884095312511e-07,0.35938082877827693,CM
,235560,Contig_1065632.fasta,0.005698046893766388,5.51907662700767e-06,0.4099113789481529,CM
,235560,Contig_55072.fasta,0.0214326942450433,8.370151894014863e-05,0.466746971640216,CM
,235560,Contig_204149.fasta,0.009665963003888356,1.7272792051721583e-05,0.44331012701972194,CM
,235560,Contig_369610.fasta,0.005056724016192763,4.009660249116664e-06,0.4150011876446266,CM
,235560,Contig_498487.fasta,0.014814942210129174,4.579360355476694e-05,0.4567240986523344,CM
,235560,Contig_201047.fasta,0.008024863011995084,1.086790222788777e-05,0.4275137862670777,CM
,235560,Contig_136690.fasta,0.011064426445295261,2.6130886430054947e-05,0.4456322276850634,CM
,235560,Contig_550313.fasta,0.019824074969727334,7.599630393226925e-05,0.4665142961807742,CM
,235560,Contig_60291.fasta,0.010335496030273839,2.0076102171907008e-05,0.442681020879202,CM
,235560,Contig_370828.fasta,0.0171706772384498,5.811211367407211e-05,0.4609988562259276,CM
,235560,Contig_139853.fasta,0.0021625118739893217,8.183759051665225e-07,0.3486690306030675,CM
,235560,Contig_57005.fasta,0.004435886357983462,3.762432050007598e-06,0.40198783425199014,CM
,235560,Contig_1062860.fasta,0.0072247779591366286,8.938348006087577e-06,0.4271235409122013,CM
,235560,Contig_543959.fasta,0.0,0.0,0.0,CM
,235560,Contig_53626.fasta,0.017604741256046923,6.05654070361721e-05,0.4619090217860973,CM
,235560,Contig_54373.fasta,0.022094098999504742,9.96964122707814e-05,0.4712123253467438,CM
,235560,Contig_549101.fasta,0.0,0.0,0.0,CM
,235560,Contig_371402.fasta,0.023483403735265997,0.00010824829298465624,0.471925203297344,CM
,235560,Contig_421838.fasta,0.003789838185504343,1.613527596459616e-06,0.3932049067809382,CM
,235560,Contig_1128005.fasta,0.0,0.0,0.0,CM
,235560,Contig_368554.fasta,0.02010146932805569,8.024281608989096e-05,0.4669798793106951,CM
,235560,Contig_58584.fasta,0.018471217833495,6.545407867060406e-05,0.4619090217860973,CM
,235560,Contig_368185.fasta,0.01622084896329127,5.287255760792927e-05,0.46009227047130435,CM
,235560,Contig_707918.fasta,0.0166928057710328,5.396840176114636e-05,0.4609988562259276,CM
,235560,Contig_992623.fasta,0.020619400943463324,8.356289778878099e-05,0.466746971640216,CM
,235560,Contig_1062938.fasta,0.015391624480988676,4.9036736521574215e-05,0.4558342319233478,CM
,235560,Contig_133910.fasta,0.006944598918689988,6.961424544421183e-06,0.4211645716195468,CM
,235560,Contig_136735.fasta,0.017340558265259914,6.191126091546909e-05,0.4632810287815015,CM
,235560,Contig_133582.fasta,0.028561904136561535,0.000167015129189533,0.4779508059952161,CM
,235560,Contig_303771.fasta,0.025372158310583724,0.0001275327521484741,0.4735970031065957,CM
,235560,Contig_542493.fasta,0.017791481036478592,5.85630978977066e-05,0.4616811436303074,CM
,235560,Contig_370277.fasta,0.0198508874971887,8.116263572388543e-05,0.4688515421536238,CM
,235560,Contig_422210.fasta,0.01670230930832765,5.638308137635379e-05,0.4594146677165602,CM
,235560,Contig_53810.fasta,0.01273442278028244,3.526216040590082e-05,0.45384465477140307,CM
,235560,Contig_54994.fasta,0.028782629496849326,0.00017120362073062029,0.47868423434201185,CM
,235560,Contig_54506.fasta,0.017025678479691067,5.957789936751179e-05,0.46054511719420915,CM
,235560,Contig_24570062.fasta,0.003557923686445494,1.4127325473261882e-06,0.38400807473887283,CM
,235560,Contig_502567.fasta,0.020466875347968316,7.843550273471313e-05,0.4674463926766399,CM
,235560,Contig_985561.fasta,0.017544516722570035,5.847953778459063e-05,0.4616811436303074,CM
,235560,Contig_54969.fasta,0.0012127879371055179,0.0,0.31841703917612557,CM
,235560,Contig_135393.fasta,0.026486679822729533,0.00013665798017685574,0.4743171201919073,CM
,235560,Contig_132217.fasta,0.016405625635687378,5.493148760447812e-05,0.4619090217860973,CM
,235560,Contig_61833.fasta,0.02129347091748537,8.920853571694446e-05,0.4688515421536238,CM
,235560,Contig_499666.fasta,0.0,0.0,0.0,CM
,235560,Contig_62792.fasta,0.009027065079001032,1.3605080277059522e-05,0.43185402775202264,CM
,235560,Contig_1065841.fasta,0.02769130997548505,0.00015620957626236322,0.4769763904885999,CM
,235560,Contig_134869.fasta,0.008386758941086075,1.0423600754929124e-05,0.4296729468037801,CM
,235560,Contig_555468.fasta,0.007752882719616155,1.1862935520570082e-05,0.4292787514397399,CM
,235560,Contig_367976.fasta,0.0,0.0,0.0,CM
,235560,Contig_55642.fasta,0.003696371659441928,1.946578178641536e-06,0.3940327065846876,CM
,235560,Contig_58349.fasta,0.010493502979241223,2.016856957045259e-05,0.441428150065393,CM
,235560,Contig_136319.fasta,0.01760883203792567,6.482752290352016e-05,0.46535438992473055,CM
,235560,Contig_131609.fasta,0.019828096405809067,7.024071824061707e-05,0.4637401774720679,CM
,235560,Contig_420267.fasta,0.01985092029264785,7.452533825565274e-05,0.4644306094980809,CM
,235560,Contig_368748.fasta,0.020963293070194178,9.072792869223906e-05,0.46932180448276484,CM
,235560,Contig_1065496.fasta,0.024495615843855168,0.00012050661236137075,0.473357449741342,CM
,235560,Contig_2120.fasta,0.00831177925942001,1.2646490219191663e-05,0.43305306716271774,CM
,235560,Contig_368399.fasta,0.016310722649538225,5.036860899628352e-05,0.45873905791109465,CM
,235560,Contig_367933.fasta,0.007845007456662747,1.2135223232184045e-05,0.4286888127066574,CM
,235560,Contig_24566365.fasta,0.0011960791713483683,0.0,0.31541209239589924,CM
,235560,Contig_985209.fasta,0.011939966274105015,2.6799899089944323e-05,0.4484080872729435,CM
,235560,Contig_371176.fasta,0.023291826762442663,0.00010837490283452722,0.4714497119086313,CM
,235560,Contig_138521.fasta,0.003727384710780157,1.835023615847731e-06,0.3967052471973858,CM
,235560,Contig_54607.fasta,0.024353666472277595,0.00011752688866436283,0.4726402414841581,CM
,235560,Contig_1063557.fasta,0.011694243045875585,2.560674713345035e-05,0.44862304800509734,CM
,235560,Contig_137319.fasta,0.017233993898845768,6.061882388174508e-05,0.4616811436303074,CM
,235560,Contig_53407.fasta,0.009580464104619707,1.7071046815538625e-05,0.44080437029610603,CM
,235560,Contig_1062202.fasta,0.01718644461379805,6.337650173780079e-05,0.464200237171941,CM
,235560,Contig_422644.fasta,0.02224897092986697,9.653186288504409e-05,0.47073826868140495,CM
,235560,Contig_991144.fasta,0.025379512695717428,0.00013246712042846423,0.47528068976060595,CM
,235560,Contig_500942.fasta,0.017082080788508206,5.521066746294731e-05,0.4591892434438828,CM
,235560,Contig_553943.fasta,0.007263365055878408,8.842435996554936e-06,0.4286888127066574,CM
,235560,Contig_137361.fasta,0.023060599851321518,0.00011066064437035463,0.4721633088489572,CM
,235560,Contig_551233.fasta,0.0010346344591168062,0.0,0.2994648570043626,CM
,235560,Contig_54682.fasta,0.0,0.0,0.0,CM
,235560,Contig_53743.fasta,0.012866152486027899,2.7878493150276593e-05,0.4469091108589461,CM
,235560,Contig_138130.fasta,0.008078338840704427,1.2093895776844322e-05,0.4320534063428592,CM
,235560,Contig_59389.fasta,0.0038002181284409755,1.8273019469518837e-06,0.3946974602018697,CM
,235560,Contig_1194793.fasta,0.015287936360170416,4.461550146751569e-05,0.45806543227539553,CM
,235560,Contig_62383.fasta,0.02652696390450601,0.0001451376221867289,0.47673340710067913,CM
,235560,Contig_58030.fasta,0.01741447839427548,6.157162359128334e-05,0.46351048941982814,CM
,235560,Contig_930757.fasta,0.011346311020236415,2.2429015812104266e-05,0.4437305254332068,CM
,235560,Contig_368431.fasta,0.025588222995772788,0.00013415871665090352,0.4755221941761347,CM
,235560,Contig_990245.fasta,0.026194456551459317,0.0001382613102975975,0.47479841610280726,CM
,235560,Contig_985135.fasta,0.017451629642770288,6.285284072336906e-05,0.4623654536258069,CM
,235560,Contig_368201.fasta,0.0012937466744423146,0.0,0.32595878723045385,CM
,235560,Contig_136281.fasta,0.02228779535323961,0.00010152732365467495,0.47168733777148847,CM
,235560,Contig_547390.fasta,0.01766131256265053,6.12008515082044e-05,0.4621371250067324,CM
,235560,Contig_369244.fasta,0.012960488832677992,2.8578098424838368e-05,0.4488382149345962,CM
,235560,Contig_4654.fasta,0.019828668778484417,7.470823366978537e-05,0.46581765960111154,CM
,235560,Contig_57750.fasta,0.010126806036022715,1.7723936948604815e-05,0.4428905244385391,CM
,235560,Contig_370786.fasta,0.0037129418428301962,2.155228038173097e-06,0.39370116875836475,CM
,235560,Contig_552788.fasta,0.00311910084529027,1.5376221083590145e-06,0.36843609375536734,CM
,235560,Contig_372448.fasta,0.02310661260853596,0.00010953760093681419,0.471925203297344,CM
,235560,Contig_499703.fasta,0.009340319323986683,1.543017281533636e-05,0.4340573646283085,CM
,235560,Contig_62226.fasta,0.025204212405109016,0.0001235140024555823,0.4721633088489572,CM
,235560,Contig_368906.fasta,0.00912714129975394,1.8066036334213158e-05,0.4375070959039893,CM
,235560,Contig_543263.fasta,0.020450662322611758,8.726163746966414e-05,0.46838222129060714,CM
,235560,Contig_551403.fasta,0.0,0.0,0.0,CM
,235560,Contig_423759.fasta,0.0021519439630342334,5.786169664338894e-07,0.3514185798492802,CM
,235560,Contig_310330.fasta,0.019821195033770337,7.463940660622212e-05,0.46581765960111154,CM
,235560,Contig_61150.fasta,0.022095214272786243,9.841793638756151e-05,0.470501597857533,CM
,235560,Contig_500731.fasta,0.022095716731963245,0.00010064312655054717,0.4714497119086313,CM
,235560,Contig_710339.fasta,0.024077574377097264,0.00011783223123661653,0.4731181385938489,CM
,235560,Contig_137986.fasta,0.0036141614067050328,2.187627804231114e-06,0.3925451670044602,CM
,235560,Contig_56080.fasta,0.019070329062885152,7.08225716137876e-05,0.466746971640216,CM
,235560,Contig_549184.fasta,0.01771225143988167,5.9879220270305184e-05,0.4621371250067324,CM
,235560,Contig_54762.fasta,0.002537859281985549,5.756682774721982e-07,0.37195058749548215,CM
,235560,Contig_25.fasta,0.020101211848773365,7.682542351686909e-05,0.46512310046651745,CM
,235560,Contig_1197505.fasta,0.01431967094447817,3.8111525126056274e-05,0.45605637336190696,CM
,235560,Contig_57080.fasta,0.009346147864169898,1.5729905422283458e-05,0.43730265333580987,CM
,235560,Contig_370487.fasta,0.017948447375965845,5.747558287440514e-05,0.4623654536258069,CM
,235560,Contig_24576382.fasta,0.025183023110010132,0.00012542022005288743,0.47287906929693435,CM
,235560,Contig_1067254.fasta,0.0023700604426037564,4.793371520838202e-07,0.35569277010210304,CM
,235560,Contig_131537.fasta,0.012645891712808622,2.9083525794625727e-05,0.449484955878306,CM
,235560,Contig_370248.fasta,0.014883291967987525,4.6136616861375606e-05,0.4589640402837828,CM
,235560,Contig_555756.fasta,0.021011567329339467,8.939591619288911e-05,0.46932180448276484,CM
,235560,Contig_928928.fasta,0.022312016738472887,9.735783333020262e-05,0.470501597857533,CM
,235560,Contig_307640.fasta,0.02211114317350899,9.756300178989745e-05,0.46979301111377164,CM
,235560,Contig_554387.fasta,0.0012729923008307639,0.0,0.3243770114865279,CM
,235560,Contig_621002.fasta,0.013002589197006992,3.374111116836686e-05,0.45406486081447506,CM
,235560,Contig_1271583.fasta,0.022936878975567777,0.00010916495164099924,0.47168733777148847,CM
,235560,Contig_54680.fasta,0.014811943963205173,4.415874483446766e-05,0.4567240986523344,CM
,235560,Contig_53390.fasta,0.0236234147744858,0.00010764567262310563,0.4714497119086313,CM
,235560,Contig_56162.fasta,0.020909622625368083,8.678013367800063e-05,0.46767999906978164,CM
,235560,Contig_2576.fasta,0.007040094791953437,8.087557249723777e-06,0.4253762173357423,CM
,235560,Contig_795410.fasta,0.014115443374006928,3.828995178564267e-05,0.4542852806498219,CM
,235560,Contig_552102.fasta,0.0024371384217820135,4.883445108460086e-07,0.3631461692427757,CM
,235560,Contig_542414.fasta,0.007238809721977222,8.480037709092064e-06,0.4271235409122013,CM
,235560,Contig_58376.fasta,0.016577936314117022,5.568643302413004e-05,0.46282278839695007,CM
,235560,Contig_1062568.fasta,0.020189324684659195,7.610597440930288e-05,0.4665142961807742,CM
,235560,Contig_991597.fasta,0.008294822466206586,1.2377328432476918e-05,0.43365508718194307,CM
,235560,Contig_542451.fasta,0.0173112150949415,6.705306761787321e-05,0.46558590952170803,CM
,235560,Contig_369777.fasta,0.002489606128410893,6.214191864856471e-07,0.3688717690731703,CM
,235560,Contig_543886.fasta,0.021997537665738833,9.63849466606402e-05,0.46908655545796146,CM
,235560,Contig_371149.fasta,0.0246060766932338,0.00011593448836957872,0.47287906929693435,CM
,235560,Contig_987903.fasta,0.021885033812754993,9.979655569288558e-05,0.47097517772452596,CM
,235560,Contig_135856.fasta,0.014801292066593589,4.642072242096598e-05,0.4567240986523344,CM
,235560,Contig_985989.fasta,0.024152719811227474,0.0001205000615589539,0.4735970031065957,CM
,235560,Contig_1993.fasta,0.004691329000773187,4.5362286164896066e-06,0.4075904521509726,CM
,235560,Contig_1061935.fasta,0.008321860677881657,1.2777304024687342e-05,0.43265264823792565,CM
,235560,Contig_24577161.fasta,0.02616104479929733,0.00014548411501556698,0.47624818225884635,CM
,235560,Contig_308454.fasta,0.025512870642358784,0.00013336745738035753,0.47600594005016944,CM
,235560,Contig_1066423.fasta,0.021854723110826434,0.00010079173365425825,0.470501597857533,CM
,235560,Contig_498288.fasta,0.019127120187969592,7.962141164192758e-05,0.4665142961807742,CM
,235560,Contig_544629.fasta,0.0023353603189458358,4.251364077843107e-07,0.3550180873060065,CM
,235560,Contig_131958.fasta,0.0,0.0,0.0,CM
,235560,Contig_60849.fasta,0.025234551329385915,0.00013148295998962798,0.4745576461149255,CM
,235560,Contig_57263.fasta,0.016336601125814476,5.0850608723704204e-05,0.4603185824587472,CM
,235560,Contig_54725.fasta,0.02160386084595507,9.533694682751481e-05,0.46908655545796146,CM
,235560,Contig_62.fasta,0.001238631261579445,0.0,0.31830873406075955,CM
,235560,Contig_27.fasta,0.008011467612012704,1.358095772566959e-05,0.43285276509650006,CM
,235560,Contig_57082.fasta,0.015496577782812089,4.540116909103681e-05,0.4582897542304766,CM
,235560,Contig_499069.fasta,0.017598161452823627,5.8665151229765095e-05,0.46054511719420915,CM
,235560,Contig_24566202.fasta,0.010200542865090822,2.02900023673011e-05,0.44080437029610603,CM
,235560,Contig_58991.fasta,0.013797709597725805,3.3020781064874134e-05,0.4507840453461624,CM
,235560,Contig_55008.fasta,0.018611348139120413,6.670470364653685e-05,0.46351048941982814,CM
,235560,Contig_420468.fasta,0.019664668978828934,7.865287423990834e-05,0.466746971640216,CM
,235560,Contig_550444.fasta,0.02417274079367934,0.00011581771780863604,0.47168733777148847,CM
,235560,Contig_554267.fasta,0.019757582671783996,7.624187088684456e-05,0.46489204080408997,CM
,235560,Contig_498701.fasta,0.01069391771257586,2.1467751143186218e-05,0.44457371883070457,CM
,235560,Contig_985894.fasta,0.015210663423582953,4.734387410906261e-05,0.4589640402837828,CM
,235560,Contig_54008.fasta,0.02061357465798192,8.572751428483067e-05,0.4674463926766399,CM
,235560,Contig_544318.fasta,0.001172271440627228,0.0,0.3116309284510933,CM
,235560,Contig_705467.fasta,0.0,0.0,0.0,CM
,235560,Contig_54461.fasta,0.013647002875570146,3.4816666869469815e-05,0.45035018197239324,CM
,235560,Contig_370355.fasta,0.020822311040886166,8.793293184912274e-05,0.46838222129060714,CM
,235560,Contig_993069.fasta,0.023630522702056584,0.00011017114176658853,0.4721633088489572,CM
,235560,Contig_994211.fasta,0.029914058677873636,0.00018322491786940663,0.4794199170792178,CM
,235560,Contig_60682.fasta,0.010620082522195796,1.8076973725403308e-05,0.4420536977508895,CM
,235560,Contig_131793.fasta,0.013081695094178617,3.0936802745479474e-05,0.4516542848159426,CM
,235560,Contig_136283.fasta,0.02357474825944251,0.0001080342085580654,0.4726402414841581,CM
,235560,Contig_1062059.fasta,0.019166916190701454,6.431281328361855e-05,0.46259400797757444,CM
,235560,Contig_499445.fasta,0.005859820623853325,5.695229409603822e-06,0.41389990187467185,CM
,235560,Contig_1062488.fasta,0.015269267069645782,4.67459885549535e-05,0.45873905791109465,CM
,235560,Contig_307035.fasta,0.01634201476807214,5.017628786605153e-05,0.4573937820814434,CM
,235560,Contig_137283.fasta,0.0024044214818550753,4.919208750758141e-07,0.3616026577042632,CM
,235560,Contig_137617.fasta,0.024307158960733544,0.00011774686452172193,0.4731181385938489,CM
,235560,Contig_794674.fasta,0.0,0.0,0.0,CM
,235560,Contig_135234.fasta,0.02135397462879811,8.944003626852525e-05,0.46861676421564,CM
,235560,Contig_369513.fasta,0.005861354459150355,5.845870834121625e-06,0.41610834955030374,CM
,235560,Contig_498784.fasta,0.016964032002196653,5.543321644844395e-05,0.46259400797757444,CM
,235560,Contig_542670.fasta,0.0011944237407286533,0.0,0.31403613360356813,CM
,235560,Contig_62635.fasta,0.023202207696708735,0.00010382924860456944,0.470501597857533,CM
,235560,Contig_136944.fasta,0.01533495605396924,4.094599047679773e-05,0.45561230678609205,CM
,235560,Contig_501322.fasta,0.0012937466744423146,0.0,0.32595878723045385,CM
,235560,Contig_55419.fasta,0.01892099026025642,6.984845727445649e-05,0.4639700932764666,CM
,235560,Contig_55334.fasta,0.016205348055631636,5.098293533124337e-05,0.45873905791109465,CM
,235560,Contig_139851.fasta,0.023175928589263504,0.0001083658639901953,0.4712123253467438,CM
,235560,Contig_5146.fasta,0.007369767290966045,1.0017288284029966e-05,0.42987031609491644,CM
,235560,Contig_139057.fasta,0.02523763767177269,0.00012619463433805226,0.4735970031065957,CM
,235560,Contig_133009.fasta,0.0009897593297151755,0.0,0.2968996440795156,CM
,235560,Contig_371892.fasta,0.010742862153259682,2.236677366701412e-05,0.4449965183731018,CM
,235560,Contig_53661.fasta,0.013827561763180547,3.737359130903142e-05,0.45252789078270456,CM
,235560,Contig_135135.fasta,0.002208592281156386,5.513982001365795e-07,0.34711709129771257,CM
,235560,Contig_707468.fasta,0.0021706696583393224,6.135280847289966e-07,0.3495807538806997,CM
,235560,Contig_623155.fasta,0.022513706630711908,9.98747288008401e-05,0.47097517772452596,CM
,235560,Contig_426668.fasta,0.019035146765018707,7.19679001327145e-05,0.46535438992473055,CM
,235560,Contig_987025.fasta,0.011782679676027976,2.8851563892620713e-05,0.45035018197239324,CM
,235560,Contig_499011.fasta,0.016289640763024364,5.162215453982102e-05,0.4591892434438828,CM
,235560,Contig_501860.fasta,0.017178020760211327,6.025433512423751e-05,0.46122606118217496,CM
,235560,Contig_993478.fasta,0.024387746154749194,0.00011845413751667326,0.4724016547898198,CM
,235560,Contig_57792.fasta,0.020831872998808957,8.200451981082509e-05,0.4660496405072874,CM
,235560,Contig_55876.fasta,0.014146825207742368,3.9134217770049804e-05,0.4534048828191052,CM
,235560,Contig_420410.fasta,0.0022322619651044453,5.109653308982231e-07,0.34997295367936915,CM
,235560,Contig_548202.fasta,0.009293134423769231,1.3352927850353941e-05,0.4320534063428592,CM
,235560,Contig_54035.fasta,0.015513726983838834,4.556860133219355e-05,0.4585142960012901,CM
,235560,Contig_56306.fasta,0.0075562853902626,1.1840839463605683e-05,0.43526868750634096,CM
,235560,Contig_138787.fasta,0.024150200413254153,0.00011562623030941656,0.471925203297344,CM
,235560,Contig_367974.fasta,0.00478330569705799,3.3794760460319066e-06,0.40181523320679824,CM
,235560,Contig_370972.fasta,0.012142421572988312,2.7264831538155622e-05,0.45035018197239324,CM
,235560,Contig_550249.fasta,0.025551553750783728,0.00013011901416460782,0.47407683796283334,CM
,235560,Contig_2122.fasta,0.004914868999338258,4.188035229205582e-06,0.4117147726082856,CM
,235560,Contig_1211.fasta,0.0103653967279707,2.0542776995141002e-05,0.4418449849568617,CM
,235560,Contig_990613.fasta,0.016626061964825856,5.1413107693709084e-05,0.4609988562259276,CM
,235560,Contig_59466.fasta,0.02440598411841851,0.0001182385893004594,0.473357449741342,CM
,235560,Contig_53438.fasta,0.022145943389628713,9.974779894479316e-05,0.47073826868140495,CM
,235560,Contig_61874.fasta,0.019970502458684713,7.488924653862673e-05,0.46581765960111154,CM
,235560,Contig_24570409.fasta,0.015846444520509675,4.8956571382005204e-05,0.46122606118217496,CM
,235560,Contig_134391.fasta,0.02129125720212084,9.002314180115211e-05,0.46955728958285653,CM
,235560,Contig_368022.fasta,0.013084457789197963,3.230986916267437e-05,0.45296596231298797,CM
,235560,Contig_550148.fasta,0.009133900006386421,1.6086144026577104e-05,0.43648679017660125,CM
,235560,Contig_498565.fasta,0.006003932916852566,5.960659200093727e-06,0.4192776335746564,CM
,235560,Contig_132580.fasta,0.0072964331939802856,8.835184098878082e-06,0.4304635134032351,CM
,235560,Contig_987514.fasta,0.012949693387127282,3.0539721898369194e-05,0.4507840453461624,CM
,235560,Contig_132151.fasta,0.00571071981285226,5.073985086798497e-06,0.4128044455838699,CM
,235560,Contig_544515.fasta,0.0,0.0,0.0,CM
,235560,Contig_988369.fasta,0.01518324968207147,4.6050486404442034e-05,0.457617446522559,CM
,235560,Contig_993621.fasta,0.020649173484263064,8.120798983026305e-05,0.46581765960111154,CM
,235560,Contig_139909.fasta,0.012760515535054731,2.91078536298762e-05,0.44862304800509734,CM
,235560,Contig_134896.fasta,0.022391315558824017,0.00010130627634345801,0.4712123253467438,CM
,235560,Contig_1065651.fasta,0.021776621350157507,9.776878483454696e-05,0.46955728958285653,CM
,235560,Contig_55852.fasta,0.02047917903836705,8.308140602433952e-05,0.4669798793106951,CM
,235560,Contig_370760.fasta,0.01644162013367525,5.367363993547056e-05,0.45986618090350523,CM
,235560,Contig_704052.fasta,0.01195496516856112,2.621144650136466e-05,0.44776443930078136,CM
,235560,Contig_1062304.fasta,0.005961293055498736,6.031311179627272e-06,0.4144498131703424,CM
,235560,Contig_368958.fasta,0.013039705163518142,3.176532078654166e-05,0.45143641010064306,CM
,235560,Contig_1065614.fasta,0.019813724921285653,8.30489047268969e-05,0.46908655545796146,CM
,235560,Contig_58988.fasta,0.01737133799039765,5.940955094103422e-05,0.46122606118217496,CM
,235560,Contig_53501.fasta,0.010553334908935345,2.2636285042777293e-05,0.44584453460630447,CM
,235560,Contig_53993.fasta,0.007033120728066576,7.252821906405445e-06,0.42441164541434606,CM
,235560,Contig_423707.fasta,0.011251437930257603,2.233196968190639e-05,0.4471226364733077,CM
,235560,Contig_421471.fasta,0.011729923391580155,2.5853679741473335e-05,0.44905358835826925,CM
,235560,Contig_61908.fasta,0.013328974182829844,3.8811571891279414e-05,0.45296596231298797,CM
,235560,Contig_369636.fasta,0.010667021986272921,2.095460000384877e-05,0.44247171543197783,CM
,235560,Contig_132893.fasta,0.022458662040078896,9.504752168976856e-05,0.46979301111377164,CM
,235560,Contig_54779.fasta,0.013706958956395466,3.7287864254885306e-05,0.453185316289895,CM
,235560,Contig_132095.fasta,0.019142041217043045,6.67461317550849e-05,0.46351048941982814,CM
,235560,Contig_499035.fasta,0.017231736791037334,5.912278744573559e-05,0.46077187500671246,CM
,235560,Contig_542555.fasta,0.002256385902206154,5.57204425704351e-07,0.3547489303027419,CM
,235560,Contig_134585.fasta,0.0033465687201452783,1.3561339500396853e-06,0.3787242728201672,CM
,235560,Contig_501844.fasta,0.014840309296576747,3.921720284557617e-05,0.45494782602753187,CM
,235560,Contig_139875.fasta,0.023789717014933175,0.00011628521753799279,0.4724016547898198,CM
,235560,Contig_139036.fasta,0.0011314291810243114,0.0,0.3080407103813802,CM
,235560,Contig_703292.fasta,0.01378548138552199,3.3327883892471816e-05,0.45013356331824583,CM
,235560,Contig_993718.fasta,0.02322875951152785,0.00010474052242999318,0.47097517772452596,CM
,235560,Contig_550719.fasta,0.015313159189559274,4.6105358039680105e-05,0.4585142960012901,CM
,235560,Contig_53600.fasta,0.02060708700629433,8.512376370121675e-05,0.46721301954000655,CM
,235560,Contig_54784.fasta,0.01178708705624283,2.54895642521734e-05,0.4469091108589461,CM
,235560,Contig_137925.fasta,0.009372198696965374,1.764825864872806e-05,0.4397686457418388,CM
,235560,Contig_498371.fasta,0.0,0.0,0.0,CM
,235560,Contig_369572.fasta,0.022101196122848277,9.772735924298666e-05,0.46955728958285653,CM
,235560,Contig_709936.fasta,0.018696829695003508,6.70491393123287e-05,0.4632810287815015,CM
,235560,Contig_370309.fasta,0.014304512920308965,3.712081953984282e-05,0.45384465477140307,CM
,235560,Contig_555617.fasta,0.0,0.0,0.0,CM
,235560,Contig_985297.fasta,0.0185278052740444,6.973211426159566e-05,0.4639700932764666,CM
,235560,Contig_369793.fasta,0.0201254638009623,8.072933137105286e-05,0.46767999906978164,CM
,235560,Contig_502640.fasta,0.018824320157856,6.541434972861012e-05,0.4639700932764666,CM
,235560,Contig_58743.fasta,0.025270503666259395,0.00012595173348991465,0.473357449741342,CM
,235560,Contig_134420.fasta,0.014010394214818258,3.8573531924678923e-05,0.4558342319233478,CM
,235560,Contig_131697.fasta,0.013158510443059006,3.224560867432443e-05,0.4527468205798902,CM
,235560,Contig_986689.fasta,0.02005484479058849,7.7110803691252e-05,0.4662818525852681,CM
,235560,Contig_306288.fasta,0.02449303068974062,0.00010970864559161585,0.4700289694317595,CM
,235560,Contig_53836.fasta,0.009020590552555535,1.8429425977165748e-05,0.4377117297187245,CM
,235560,Contig_544688.fasta,0.012920955065470044,3.323322070074545e-05,0.45362466220971065,CM
,235560,Contig_56656.fasta,0.020595578414177543,8.105327606652241e-05,0.46791383906931655,CM
,235560,Contig_54598.fasta,0.02401657907909733,0.00011662393226980654,0.473357449741342,CM
,235560,Contig_546991.fasta,0.002467416041559417,5.018571947732163e-07,0.36627306385073705,CM
,235560,Contig_134764.fasta,0.02194813579338763,0.00010097145062356848,0.4724016547898198,CM
,235560,Contig_542365.fasta,0.002451419198684963,6.537779586982097e-07,0.36230262413419784,CM
,235560,Contig_139193.fasta,0.0,0.0,0.0,CM
,235560,Contig_207429.fasta,0.011340850752841547,2.6551911670687016e-05,0.4475503004010679,CM
,235560,Contig_139542.fasta,0.006876504569501202,8.241088419869111e-06,0.421924110973234,CM
,235560,Contig_1122224.fasta,0.0,0.0,0.0,CM
,235560,Contig_656.fasta,0.0013521545413120993,0.0,0.3311492137787095,CM
,235560,Contig_53374.fasta,0.02166476875676942,9.482849332864514e-05,0.46861676421564,CM
,235560,Contig_56557.fasta,0.021812659397876116,9.449755090323967e-05,0.46791383906931655,CM
,235560,Contig_308360.fasta,0.02559662848442032,0.00013041122767583704,0.47479841610280726,CM
,235560,Contig_1064061.fasta,0.007975700473639094,1.2420309158542589e-05,0.43265264823792565,CM
,235560,Contig_53464.fasta,0.023202896711661463,0.00011182520910024979,0.4724016547898198,CM
,235560,Contig_56696.fasta,0.019745841965413482,8.064685236568927e-05,0.46767999906978164,CM
,235560,Contig_1061954.fasta,0.019811454970236737,7.546433267451414e-05,0.464200237171941,CM
,235560,Contig_2616.fasta,0.0,0.0,0.0,CM
,235560,Contig_499913.fasta,0.02430921147020341,0.00012226929273621896,0.47407683796283334,CM
,235560,Contig_60703.fasta,0.018606938803354258,6.906176459702166e-05,0.46489204080408997,CM
,235560,Contig_542430.fasta,0.022410700457572832,9.358122662719102e-05,0.4681479130258295,CM
,235560,Contig_131612.fasta,0.011526017927282755,2.3619599615282114e-05,0.44436262019878114,CM
,235560,Contig_133564.fasta,0.020980902229825793,8.568239976089776e-05,0.46908655545796146,CM
,235560,Contig_550250.fasta,0.0,0.0,0.0,CM
,235560,Contig_131657.fasta,0.013003441844890894,3.41474187392907e-05,0.45450591458894274,CM
,235560,Contig_500964.fasta,0.023446463914956254,0.00011146530864860677,0.47287906929693435,CM
,235560,Contig_933392.fasta,0.009778781071837958,1.5073219310756807e-05,0.44080437029610603,CM
,235560,Contig_54659.fasta,0.008265819385410988,1.0998562095190602e-05,0.43305306716271774,CM
,235560,Contig_61746.fasta,0.006785249900677519,7.121279763922967e-06,0.41740752816174537,CM
,235560,Contig_53765.fasta,0.009804294111604021,1.5559792006508955e-05,0.43832678132957054,CM
,235560,Contig_138153.fasta,0.020729019098454614,8.640955837399046e-05,0.4674463926766399,CM
,235560,Contig_56940.fasta,0.01856086360919847,6.787850171292147e-05,0.4639700932764666,CM
,235560,Contig_54275.fasta,0.019171910656198297,7.486434497394254e-05,0.46466121059515053,CM
,235560,Contig_542488.fasta,0.0,0.0,0.0,CM
,235560,Contig_367990.fasta,0.014460636923252406,4.2002725301683224e-05,0.453185316289895,CM
,235560,Contig_555859.fasta,0.012912791019529055,3.0930021034317155e-05,0.4492691685735156,CM
,235560,Contig_993581.fasta,0.009327401128951182,1.575407640681636e-05,0.44018235095890546,CM
,235560,Contig_547586.fasta,0.004497785892353995,3.4221058819010816e-06,0.39856374707778236,CM
,235560,Contig_428255.fasta,0.0012127879371055179,0.0,0.31841703917612557,CM
,235560,Contig_131556.fasta,0.016056630211572376,4.7119054511174465e-05,0.4567240986523344,CM
,235560,Contig_303047.fasta,0.006996393577405703,9.006519838172576e-06,0.4269286852822231,CM
,235560,Contig_368885.fasta,0.011588783484337027,2.2980048017836076e-05,0.44542012286465166,CM
,235560,Contig_59053.fasta,0.01181648706384138,2.7775931314270143e-05,0.4505670092145561,CM
,235560,Contig_551912.fasta,0.0078944069517121,1.2034220066807681e-05,0.42987031609491644,CM
,235560,Contig_554772.fasta,0.011005083334104446,2.6857615430870898e-05,0.4449965183731018,CM
,235560,Contig_544264.fasta,0.0013521545413120993,0.0,0.3311492137787095,CM
,235560,Contig_934117.fasta,0.01537772939956647,4.4920166636763385e-05,0.4578413298134213,CM
,235560,Contig_545454.fasta,0.013852477995326677,3.725574424917491e-05,0.45384465477140307,CM
,235560,Contig_368262.fasta,0.0034739841142012702,1.3665636962174746e-06,0.3829082152776731,CM
,235560,Contig_61277.fasta,0.0066413691491132056,7.526969167850866e-06,0.41536958639087135,CM
,235560,Contig_302677.fasta,0.007673346800562398,1.0645677839360065e-05,0.42441164541434606,CM
,235560,Contig_554901.fasta,0.0024070743244393998,7.202183062011022e-07,0.3651298002881908,CM
,235560,Contig_305322.fasta,0.0068890392505078085,7.802016185918243e-06,0.4205967092757901,CM
,235560,Contig_544883.fasta,0.0,0.0,0.0,CM
,235560,Contig_135194.fasta,0.018705902233087515,6.656524152276682e-05,0.4630517952195117,CM
,235560,Contig_56818.fasta,0.010569619684644442,2.0297521236230924e-05,0.44310022639139823,CM
,235560,Contig_498461.fasta,0.016780305549056903,5.504453875760048e-05,0.4621371250067324,CM
,235560,Contig_543101.fasta,0.002322865453028885,5.378134325585363e-07,0.35569277010210304,CM
,235560,Contig_421823.fasta,0.009444786407116247,1.9271674949351094e-05,0.44310022639139823,CM
,235560,Contig_135268.fasta,0.011822316500212798,2.710439002104277e-05,0.44862304800509734,CM
,235560,Contig_1064205.fasta,0.02323594354318305,0.00010991327851731184,0.4721633088489572,CM
,235560,Contig_54445.fasta,0.015087094310508536,4.6167622131316855e-05,0.45605637336190696,CM
,235560,Contig_549637.fasta,0.0,0.0,0.0,CM
,235560,Contig_55400.fasta,0.011605593875389423,2.4408060932037692e-05,0.4456322276850634,CM
,235560,Contig_625718.fasta,0.024427299288840156,0.00012095992205775192,0.47383679905753573,CM
,235560,Contig_801021.fasta,0.0,0.0,0.0,CM
,235560,Contig_1062339.fasta,0.002098764910538642,5.502531187987917e-07,0.3422924938327115,CM
,235560,Contig_306355.fasta,0.009342171845054354,1.2678227583028431e-05,0.4332535546938116,CM
,235560,Contig_428764.fasta,0.019248314418191463,6.93116075829654e-05,0.46512310046651745,CM
,235560,Contig_369126.fasta,0.002958157535732999,1.297993673106132e-06,0.35924287068661537,CM
,235560,Contig_302533.fasta,0.018051750654673196,6.225863451221085e-05,0.4637401774720679,CM
,235560,Contig_1315.fasta,0.010660244296868937,1.8959049424636434e-05,0.4420536977508895,CM
,235560,Contig_992309.fasta,0.009656840314331951,1.8292167205277544e-05,0.4410121009135877,CM
,235560,Contig_425542.fasta,0.018681006437227518,6.986228597049239e-05,0.46512310046651745,CM
,235560,Contig_498295.fasta,0.01958469860662213,7.891754618742015e-05,0.4662818525852681,CM
,235560,Contig_54108.fasta,0.006881314715026688,7.855576452383562e-06,0.4179668057787553,CM
,235560,Contig_796850.fasta,0.023132684797742265,0.00011094339140615546,0.4724016547898198,CM
,235560,Contig_58097.fasta,0.015071036146607044,3.9969394581032334e-05,0.45406486081447506,CM
,235560,Contig_984994.fasta,0.0033351450175177298,1.7192080062506381e-06,0.38197048087291147,CM
,235560,Contig_932851.fasta,0.022348206007142445,9.932815773759716e-05,0.47073826868140495,CM
,235560,Contig_60483.fasta,0.01380016113621552,3.6317673363621757e-05,0.45252789078270456,CM
,235560,Contig_542409.fasta,0.00482075703065284,3.299727346698471e-06,0.4061752075254484,CM
,235560,Contig_628830.fasta,0.017379448792148238,6.0815539821787395e-05,0.46282278839695007,CM
,235560,Contig_993268.fasta,0.013055649352864821,3.1803651650850285e-05,0.45143641010064306,CM
,235560,Contig_53370.fasta,0.00475129144256923,3.906287060011525e-06,0.40776805147652856,CM
,235560,Contig_4880.fasta,0.012356284361886167,3.2205878814625625e-05,0.45013356331824583,CM
,235560,Contig_368303.fasta,0.024766658436316993,0.00011991452050460677,0.4735970031065957,CM
,235560,Contig_133134.fasta,0.004513240594923557,3.1496745781307107e-06,0.4004397424641134,CM
,235560,Contig_1973.fasta,0.00717681216980063,9.281709740757462e-06,0.4292787514397399,CM
,235560,Contig_371210.fasta,0.015971631208219737,5.41270466231175e-05,0.4619090217860973,CM
,235560,Contig_1062001.fasta,0.019517286408371786,7.595818859652553e-05,0.46535438992473055,CM
,235560,Contig_1064554.fasta,0.012133646865262722,2.5995970243768223e-05,0.449484955878306,CM
,235560,Contig_498458.fasta,0.005479779556077177,5.7399901805409615e-06,0.4075904521509726,CM
,235560,Contig_56821.fasta,0.011528490644264085,2.8175047536481225e-05,0.4475503004010679,CM
,235560,Contig_53604.fasta,0.00737640228957773,1.0838623081256231e-05,0.4312569945339323,CM
,235560,Contig_201321.fasta,0.014965475695016798,4.434323455559989e-05,0.4565013064090893,CM
,235560,Contig_136127.fasta,0.02133078377413355,9.317101862316534e-05,0.47026516489378545,CM
,235560,Contig_1268205.fasta,0.0061105406295651815,5.337630772026426e-06,0.4196536673267413,CM
,235560,Contig_56363.fasta,0.014516269091951896,3.8835234224612074e-05,0.4562787314181536,CM
,235560,Contig_138376.fasta,0.01555366233853332,4.6815659453720436e-05,0.45873905791109465,CM
,235560,Contig_54813.fasta,0.01869748262228083,7.120399354934442e-05,0.46535438992473055,CM
,235560,Contig_56326.fasta,0.004808977151728772,3.6967127062055616e-06,0.4072357172056715,CM
,235560,Contig_213640.fasta,0.023138506835419275,0.00010931906187870176,0.4724016547898198,CM
,235560,Contig_59276.fasta,0.004435146639026401,3.225913746281279e-06,0.3990736367328926,CM
,235560,Contig_622130.fasta,0.00806201149144671,1.2402362295545268e-05,0.4316548330897754,CM
,235560,Contig_550374.fasta,0.0022706528631947142,6.768534056828722e-07,0.3503660344959315,CM
,235560,Contig_542514.fasta,0.012769015687561251,3.202953939782702e-05,0.45035018197239324,CM
,235560,Contig_1270443.fasta,0.0,0.0,0.0,CM
,235560,Contig_859.fasta,0.010935160495144385,1.910481249881126e-05,0.4428905244385391,CM
,235560,Contig_133315.fasta,0.020012928175666866,8.256649914739236e-05,0.46908655545796146,CM
,235560,Contig_1258190.fasta,0.01981356240464271,8.023646374080262e-05,0.4665142961807742,CM
,235560,Contig_62690.fasta,0.020896171123874832,8.218415856759305e-05,0.4662818525852681,CM
,235560,Contig_137536.fasta,0.016385707818642514,5.309846365465163e-05,0.4609988562259276,CM
,235560,Contig_302537.fasta,0.008969105800015168,1.3322138197925155e-05,0.43185402775202264,CM
,235560,Contig_61137.fasta,0.019469763648071094,8.093508915760827e-05,0.4674463926766399,CM
,235560,Contig_53538.fasta,0.010241706263928615,1.80480014567773e-05,0.4389435638548935,CM
,235560,Contig_42.fasta,0.0,0.0,0.0,CM
,235560,Contig_421320.fasta,0.002443560425539008,5.511594185564497e-07,0.364702914317472,CM
,235560,Contig_53681.fasta,0.005945038708494441,5.852958732530602e-06,0.41592341250605913,CM
,235560,Contig_542529.fasta,0.0012127879371055179,0.0,0.31841703917612557,CM
,235560,Contig_4.fasta,0.010290482477846157,2.0195679475916666e-05,0.4397686457418388,CM
,235560,Contig_703687.fasta,0.013997837878962376,3.6760901166603505e-05,0.45406486081447506,CM
,235560,Contig_501838.fasta,0.019632059659573913,7.758890442843797e-05,0.46581765960111154,CM
,235560,Contig_304363.fasta,0.00644028865495679,8.487470920310907e-06,0.41852758414071245,CM
,235560,Contig_1124279.fasta,0.0177673694358934,5.661903852483185e-05,0.4609988562259276,CM
,235560,Contig_371458.fasta,0.02416853022622323,0.00012066259345918219,0.47383679905753573,CM
,235560,Contig_371089.fasta,0.02457586308229706,0.00011796610173405716,0.4735970031065957,CM
,235560,Contig_502049.fasta,0.0,0.0,0.0,CM
,235560,Contig_54896.fasta,0.007104229170737801,8.516891125179074e-06,0.4259570678828553,CM
,235560,Contig_308594.fasta,0.02218664786589344,9.878270293023487e-05,0.47073826868140495,CM
,235560,Contig_421862.fasta,0.0,0.0,0.0,CM
,235560,Contig_704447.fasta,0.00552304772294039,4.753192213778922e-06,0.40670477102939295,CM
,235560,Contig_542628.fasta,0.010376622881409512,1.9538493294862625e-05,0.44122002741095384,CM
,235560,Contig_1062711.fasta,0.012474107273801676,3.090370353086531e-05,0.4497009505711836,CM
,235560,Contig_56142.fasta,0.005771685637260247,6.636504554218421e-06,0.4129866187725653,CM
,235560,Contig_930489.fasta,0.002387961249505952,4.576703161614293e-07,0.36048831977605283,CM
,235560,Contig_139157.fasta,0.018487085826970073,6.071621673509361e-05,0.46145349020642656,CM
,235560,Contig_499578.fasta,0.0008458351245940191,0.0,0.2857489093553078,CM
,235560,Contig_991222.fasta,0.00818680393703897,1.0508774314066892e-05,0.4292787514397399,CM
,235560,Contig_55519.fasta,0.0,0.0,0.0,CM
,235560,Contig_371268.fasta,0.020701980338936735,8.640761769802871e-05,0.46861676421564,CM
,235560,Contig_502154.fasta,0.023467112835387906,0.00010751997991650344,0.47168733777148847,CM
,235560,Contig_61443.fasta,0.009259785838051024,1.4389656473860085e-05,0.4362832998315306,CM
,235560,Contig_546955.fasta,0.006880678426333034,7.6032869304527615e-06,0.42078582650118396,CM
,235560,Contig_137801.fasta,0.016613976276726183,5.023314557933936e-05,0.4585142960012901,CM
,235560,Contig_53460.fasta,0.01474150875622558,4.0231266525190794e-05,0.4551691041530317,CM
,235560,Contig_213008.fasta,0.02539336931128185,0.00013138773344473795,0.47479841610280726,CM
,235560,Contig_421555.fasta,0.011028009386965397,2.1559269350409857e-05,0.4418449849568617,CM
,235560,Contig_549796.fasta,0.0011960791713483683,0.0,0.31541209239589924,CM
,235560,Contig_368839.fasta,0.02523396197272398,0.00012995696363662614,0.47407683796283334,CM
,235560,Contig_55135.fasta,0.0222088806684996,9.259998863813373e-05,0.46767999906978164,CM
,235560,Contig_62471.fasta,0.019887610114479082,7.936364964095677e-05,0.4669798793106951,CM
,235560,Contig_55618.fasta,0.017786378001517802,6.016109737476345e-05,0.4623654536258069,CM
,235560,Contig_210082.fasta,0.015237100733357267,4.714581223679274e-05,0.4589640402837828,CM
,235560,Contig_24578817.fasta,0.0,0.0,0.0,CM
,235560,Contig_54618.fasta,0.009154933090292276,1.6038532807658465e-05,0.43607999913263423,CM
,235560,Contig_988525.fasta,0.024404978083739034,0.00011674000523424608,0.4721633088489572,CM
,235560,Contig_987358.fasta,0.012741611758034588,3.121400436221525e-05,0.4512187454863226,CM
,235560,Contig_420491.fasta,0.0,0.0,0.0,CM
,235560,Contig_306388.fasta,0.0,0.0,0.0,CM
,235560,Contig_133758.fasta,0.013890657871661681,3.624212653981099e-05,0.45406486081447506,CM
,235560,Contig_1258149.fasta,0.01889874751739757,7.010651426275054e-05,0.46512310046651745,CM
,235560,Contig_303939.fasta,0.016668639601158202,5.007595639358633e-05,0.4594146677165602,CM
,235560,Contig_139743.fasta,0.021177563898306405,8.937868513347062e-05,0.4688515421536238,CM
,235560,Contig_499329.fasta,0.016451544302404555,4.718464722931753e-05,0.457617446522559,CM
,235560,Contig_55465.fasta,0.002658263379752314,6.553511007697624e-07,0.37643913038561266,CM
,235560,Contig_545474.fasta,0.0011960791713483683,0.0,0.31541209239589924,CM
,235560,Contig_60212.fasta,0.017462334639440823,5.561885022340215e-05,0.46054511719420915,CM
,235560,Contig_306074.fasta,0.023829234223066393,0.00011532554558094222,0.471925203297344,CM
,235560,Contig_502705.fasta,0.007354116921259403,9.655269498111224e-06,0.4304635134032351,CM
,235560,Contig_302612.fasta,0.014439787498970097,3.5783970183677176e-05,0.45450591458894274,CM
,235560,Contig_56457.fasta,0.021958801019445813,9.777467902858437e-05,0.47026516489378545,CM
,235560,Contig_554999.fasta,0.0011374515870987935,0.0,0.3104935892961623,CM
,235560,Contig_56086.fasta,0.008628780278429097,1.1907843293072457e-05,0.4368943408677092,CM
,235560,Contig_543199.fasta,0.0019829904762056305,4.4212016474424264e-07,0.3355423729432173,CM
,235560,Contig_23.fasta,0.00958206026710713,1.4722037317941168e-05,0.4379165550484947,CM
,235560,Contig_1064124.fasta,0.020216667478534837,7.886674000251307e-05,0.4674463926766399,CM
,235560,Contig_133459.fasta,0.008091574816083963,9.782975959843144e-06,0.4281004932015705,CM
,235560,Contig_370813.fasta,0.017808280094364873,6.024752451985459e-05,0.46259400797757444,CM
,235560,Contig_803076.fasta,0.0012729923008307639,0.0,0.3243770114865279,CM
,235560,Contig_304497.fasta,0.0024425623995009693,5.412131297330999e-07,0.35993372236101273,CM
,235560,Contig_55498.fasta,0.011786327099440308,2.857799147795226e-05,0.4518723699365684,CM
,235560,Contig_60113.fasta,0.020696467833765757,9.326732558439518e-05,0.47073826868140495,CM
,235560,Contig_305805.fasta,0.0008458351245940191,0.0,0.2857489093553078,CM
,235560,Contig_302556.fasta,0.013053190744859677,2.8567250439172258e-05,0.4499171529512659,CM
,235560,Contig_61915.fasta,0.009267613508119022,1.508866524254057e-05,0.4344603891080005,CM
,235560,Contig_134054.fasta,0.01978599879247972,7.811990088666755e-05,0.46558590952170803,CM
,235560,Contig_368736.fasta,0.02527986247420365,0.00012692375638231508,0.47383679905753573,CM
,235560,Contig_552143.fasta,0.02410261966280407,0.00011914163515617519,0.47407683796283334,CM
,235560,Contig_131677.fasta,0.015337985664519778,4.28563053150435e-05,0.45605637336190696,CM
,235560,Contig_500107.fasta,0.017441531842734313,5.939116385588432e-05,0.4609988562259276,CM
,235560,Contig_369773.fasta,0.02246520961566387,9.823902625592713e-05,0.47097517772452596,CM
,235560,Contig_553945.fasta,0.005896707495481049,5.057799659305311e-06,0.4108110966368012,CM
,235560,Contig_135011.fasta,0.009063375198042263,1.3136352286256438e-05,0.42987031609491644,CM
,235560,Contig_1064039.fasta,0.001236018404077908,0.0,0.31841703917612557,CM
,235560,Contig_987907.fasta,0.007065004055599707,7.936417438519339e-06,0.4211645716195468,CM
,235560,Contig_53369.fasta,0.0037863445728635345,1.657643146607161e-06,0.3925451670044602,CM
,235560,Contig_61766.fasta,0.010938005995697291,2.329704021305812e-05,0.4499171529512659,CM
,235560,Contig_53444.fasta,0.014218097113174812,3.832529989159953e-05,0.4558342319233478,CM
,235560,Contig_988014.fasta,0.0,0.0,0.0,CM
,235560,Contig_53893.fasta,0.019798498377218445,7.864291475736302e-05,0.46791383906931655,CM
,235560,Contig_811026.fasta,0.006804627242601378,7.52220571023096e-06,0.41852758414071245,CM
,235560,Contig_548326.fasta,0.016444870619617205,4.947660568827953e-05,0.4582897542304766,CM
,235560,Contig_166.fasta,0.0,0.0,0.0,CM
,235560,Contig_368472.fasta,0.01850741246561891,7.332059212672386e-05,0.4660496405072874,CM
,235560,Contig_131533.fasta,0.009267136201392573,1.6807085188608087e-05,0.43648679017660125,CM
,235560,Contig_713578.fasta,0.00817411472036503,1.2117459090524066e-05,0.4320534063428592,CM
,235560,Contig_62754.fasta,0.018385342603195683,6.926837485304064e-05,0.4639700932764666,CM
,235560,Contig_499271.fasta,0.01920689845293496,7.375284699224883e-05,0.46489204080408997,CM
,235560,Contig_547132.fasta,0.020205741954439183,7.772769478056614e-05,0.46767999906978164,CM
,235560,Contig_542385.fasta,0.008013794473815762,1.0238136505968776e-05,0.4281004932015705,CM
,235560,Contig_1061989.fasta,0.00820302876662712,1.0117558859781062e-05,0.42790474537660406,CM
,235560,Contig_137023.fasta,0.00350276367323213,1.8566257376253782e-06,0.38863275670209013,CM
,235560,Contig_626516.fasta,0.023756623317442254,0.00012176085085947558,0.47407683796283334,CM
,235560,Contig_990243.fasta,0.005898447115219259,5.750565470818705e-06,0.4150011876446266,CM
,235560,Contig_59036.fasta,0.0009264934699114137,0.0,0.29217223794524916,CM
,235560,Contig_1064338.fasta,0.0,0.0,0.0,CM
,235560,Contig_426325.fasta,0.003765399560323653,1.544878989760175e-06,0.39172359905342535,CM
,235560,Contig_1063105.fasta,0.006123079075670103,5.629020010876223e-06,0.41946556617598973,CM
,235560,Contig_132168.fasta,0.0011314291810243114,0.0,0.3080407103813802,CM
,235560,Contig_372283.fasta,0.017925268612861235,6.460819333707957e-05,0.4644306094980809,CM
,235560,Contig_134478.fasta,0.0024194364884373,5.584352611628346e-07,0.3641352833224253,CM
,235560,Contig_370234.fasta,0.02176172665645527,0.00010169069847977086,0.47168733777148847,CM
,235560,Contig_801164.fasta,0.016894103777030725,4.8797011211856774e-05,0.4589640402837828,CM
,235560,Contig_53484.fasta,0.013072034116613621,3.148769947927936e-05,0.44905358835826925,CM
,235560,Contig_549737.fasta,0.0,0.0,0.0,CM
,235560,Contig_206708.fasta,0.01897485388582361,7.253649229464805e-05,0.4660496405072874,CM
,235560,Contig_54992.fasta,0.02077072697668939,9.133667730008564e-05,0.47026516489378545,CM
,235560,Contig_1580.fasta,0.01515589695275105,4.230829376063319e-05,0.45406486081447506,CM
,235560,Contig_138626.fasta,0.01930605299175103,7.267089162164645e-05,0.4616811436303074,CM
,235560,Contig_302732.fasta,0.00834849858824454,1.3057451966909808e-05,0.43365508718194307,CM
,235560,Contig_544511.fasta,0.0009264934699114137,0.0,0.29217223794524916,CM
,235560,Contig_987555.fasta,0.02226683486125666,9.574422352398228e-05,0.4688515421536238,CM
,235560,Contig_132953.fasta,0.014974936952719446,4.305199764098308e-05,0.45561230678609205,CM
,235560,Contig_544554.fasta,0.0,0.0,0.0,CM
,235560,Contig_133584.fasta,0.01716295526537161,6.59763606459024e-05,0.46466121059515053,CM
,235560,Contig_57532.fasta,0.012988320114935005,3.692994925167431e-05,0.45539059763437134,CM
,235560,Contig_420261.fasta,0.002398354878650178,4.308190217731774e-07,0.35896727201328466,CM
,235560,Contig_371170.fasta,0.013772144578626397,3.6987999491765363e-05,0.45296596231298797,CM
,235560,Contig_135069.fasta,0.0012416044728438757,0.0,0.31939511199270754,CM
,235560,Contig_369063.fasta,0.01099949628934829,1.7568423211856583e-05,0.44080437029610603,CM
,235560,Contig_371618.fasta,0.019821644446032533,7.819397986591268e-05,0.46581765960111154,CM
,235560,Contig_555306.fasta,0.0071718617168446686,9.303081737345905e-06,0.42790474537660406,CM
,235560,Contig_550560.fasta,0.015032041532185883,4.33087887927561e-05,0.4558342319233478,CM
,235560,Contig_60835.fasta,0.0025937590141559747,4.835741069209802e-07,0.36916279216514125,CM
,235560,Contig_542345.fasta,0.003604714553043642,2.042404665871131e-06,0.39205181321266575,CM
,235560,Contig_61646.fasta,0.02601872100947581,0.00013485038776821115,0.4750394305272249,CM
,235560,Contig_498856.fasta,0.012936188173774508,3.069034316627314e-05,0.4516542848159426,CM
,235560,Contig_501062.fasta,0.021578712086366223,9.847894300467741e-05,0.4712123253467438,CM
,235560,Contig_368282.fasta,0.010828985519300468,2.353055990642852e-05,0.44733636622305595,CM
,235560,Contig_428054.fasta,0.018735976060247704,6.882861923240895e-05,0.464200237171941,CM
,235560,Contig_994290.fasta,0.008038570691255313,1.1126874604459407e-05,0.43185402775202264,CM
,235560,Contig_499481.fasta,0.018650774727311456,6.303374088201027e-05,0.46009227047130435,CM
,235560,Contig_542530.fasta,0.0,0.0,0.0,CM
,235560,Contig_371705.fasta,0.006809543222694189,8.521567906591298e-06,0.4215439991615464,CM
,235560,Contig_53599.fasta,0.021283361503062894,8.823481825120066e-05,0.4688515421536238,CM
,235560,Contig_985013.fasta,0.01928200568872535,7.71305712437291e-05,0.4665142961807742,CM
,235560,Contig_992481.fasta,0.004916063923259686,2.9907919468970172e-06,0.4059989926848733,CM
,235560,Contig_135275.fasta,0.025331303832926654,0.0001308727133428144,0.4745576461149255,CM
,235560,Contig_931634.fasta,0.019004928216780247,6.481984961279137e-05,0.46122606118217496,CM
,235560,Contig_61990.fasta,0.022878028593297732,9.770663355597869e-05,0.4700289694317595,CM
,235560,Contig_134230.fasta,0.008505847573538327,1.2043332230080687e-05,0.4340573646283085,CM
,235560,Contig_303596.fasta,0.0043768546263090406,3.0384246733747473e-06,0.39519749921394975,CM
,235560,Contig_212565.fasta,0.022011222461020427,9.559481910175961e-05,0.4700289694317595,CM
,235560,Contig_1128046.fasta,0.02000224166001971,7.880911732705025e-05,0.4662818525852681,CM
,235560,Contig_139855.fasta,0.028782629496849326,0.00017120362073062029,0.47868423434201185,CM
,235560,Contig_989235.fasta,0.016996176660065577,6.442004759463095e-05,0.46535438992473055,CM
,235560,Contig_499439.fasta,0.010176829616643188,2.166525440538662e-05,0.44310022639139823,CM
,235560,Contig_1062866.fasta,0.022472176404717013,9.899260716510925e-05,0.470501597857533,CM
,235560,Contig_4593.fasta,0.0072224006726842056,8.413426449906714e-06,0.4281004932015705,CM
,235560,Contig_61074.fasta,0.02595380389604968,0.00013385843034585302,0.4745576461149255,CM
,235560,Contig_990281.fasta,0.026302555974361593,0.00014523345680872088,0.47600594005016944,CM
,235560,Contig_499662.fasta,0.019812561717113788,8.099053860848089e-05,0.46861676421564,CM
,235560,Contig_62796.fasta,0.02297165893844024,0.00010330128254141566,0.470501597857533,CM
,235560,Contig_368867.fasta,0.02367335895959481,0.0001096769288705499,0.47287906929693435,CM
,235560,Contig_368024.fasta,0.013934957633988441,3.701204505385957e-05,0.4527468205798902,CM
,235560,Contig_1065845.fasta,0.0012937466744423146,0.0,0.32595878723045385,CM
,235560,Contig_131648.fasta,0.022184537681622575,8.961483865559498e-05,0.46838222129060714,CM
,235560,Contig_1067335.fasta,0.023325477005786594,0.00011142538888888753,0.4721633088489572,CM
,235560,Contig_367937.fasta,0.011414525166162988,2.3900460976483573e-05,0.4428905244385391,CM
,235560,Contig_201958.fasta,0.018509094787588342,7.071728037352921e-05,0.46535438992473055,CM
,235560,Contig_546698.fasta,0.001095264631159301,0.0,0.3047306018035275,CM
,235560,Contig_308342.fasta,0.015611659722294181,4.571920049766764e-05,0.4582897542304766,CM
,235560,Contig_138109.fasta,0.022827103632319778,0.0001035240606873106,0.46979301111377164,CM
,235560,Contig_545981.fasta,0.02350142303523897,0.00010963553454669577,0.47287906929693435,CM
,235560,Contig_930043.fasta,0.004511007707276357,2.817032789252657e-06,0.39941428857816175,CM
,235560,Contig_53486.fasta,0.0,0.0,0.0,CM
,235560,Contig_24565782.fasta,0.013804735534597342,3.505411964145332e-05,0.4516542848159426,CM
,235560,Contig_59009.fasta,0.014134414226247444,3.996647930978527e-05,0.4562787314181536,CM
,235560,Contig_53814.fasta,0.014182523811424234,3.452096815305081e-05,0.4512187454863226,CM
,235560,Contig_1116.fasta,0.013310489698332718,3.199603833755055e-05,0.4523091726141291,CM
,235560,Contig_139857.fasta,0.0033259782616244754,1.6696616610162758e-06,0.3744808636008936,CM
,235560,Contig_420383.fasta,0.010820634385400945,2.1295890550537446e-05,0.4462697559077888,CM
,235560,Contig_555118.fasta,0.027826619080435745,0.00015807918511389555,0.4774631010911394,CM
,235560,Contig_1066641.fasta,0.02310150301094679,0.00010763872200646,0.4721633088489572,CM
,235560,Contig_137669.fasta,0.010792539708255772,2.0385694322981483e-05,0.4437305254332068,CM
,235560,Contig_302668.fasta,0.024283517655057388,0.0001211387607677758,0.47383679905753573,CM
,235560,Contig_305455.fasta,0.020106558758922543,7.34162039791451e-05,0.46558590952170803,CM
,235560,Contig_61545.fasta,0.010633299904001602,1.9576577576609268e-05,0.4420536977508895,CM
,235560,Contig_498353.fasta,0.01212587621975882,2.6313644815300442e-05,0.4492691685735156,CM
,235560,Contig_988988.fasta,0.001236018404077908,0.0,0.31841703917612557,CM
,235560,Contig_985054.fasta,0.022533866483449395,9.666199862841279e-05,0.46979301111377164,CM
,235560,Contig_420879.fasta,0.00871359300925424,1.31046024724239e-05,0.4375070959039893,CM
,235560,Contig_1258176.fasta,0.01716005034868424,5.8492017685713735e-05,0.46122606118217496,CM
,235560,Contig_499353.fasta,0.024530426140639546,0.00012161347589587715,0.4750394305272249,CM
,235560,Contig_468.fasta,0.0,0.0,0.0,CM
,235560,Contig_993483.fasta,0.02316440652913617,0.00010793491277160179,0.47097517772452596,CM
,235560,Contig_988975.fasta,0.020837827721163514,8.021803762180195e-05,0.46558590952170803,CM
,235560,Contig_988930.fasta,0.01748592232934128,6.317924192516045e-05,0.4644306094980809,CM
,235560,Contig_1198429.fasta,0.0012648669811547856,0.0,0.3222547101028351,CM
,235560,Contig_933290.fasta,0.023104418738986388,0.00010968784364057013,0.4724016547898198,CM
,235560,Contig_499052.fasta,0.018578622654275487,6.461206097112685e-05,0.4619090217860973,CM
,235560,Contig_305495.fasta,0.022044319822187262,9.594114378024763e-05,0.4700289694317595,CM
,235560,Contig_985400.fasta,0.023263974077890336,0.00010968079737856608,0.4726402414841581,CM
,235560,Contig_985094.fasta,0.017215476985862583,5.760556033842458e-05,0.4616811436303074,CM
,235560,Contig_500018.fasta,0.010712451537443083,1.954000772438755e-05,0.44331012701972194,CM
,235560,Contig_54766.fasta,0.012708275427997623,3.1950844205648107e-05,0.4505670092145561,CM
,235560,Contig_1263528.fasta,0.005497796879116431,5.083606774480201e-06,0.4099113789481529,CM
,235560,Contig_59228.fasta,0.0,0.0,0.0,CM
,235560,Contig_1065920.fasta,0.014143998099281874,4.376598082406656e-05,0.4578413298134213,CM
,235560,Contig_555509.fasta,0.005895415649977392,5.549260849302746e-06,0.4142663471175888,CM
,235560,Contig_139091.fasta,0.026759050832625704,0.00014263996289955473,0.47528068976060595,CM
,235560,Contig_706082.fasta,0.013533982260943742,3.90219846812494e-05,0.45362466220971065,CM
,235560,Contig_368629.fasta,0.017289748892133753,5.990891869272243e-05,0.4632810287815015,CM
,235560,Contig_625052.fasta,0.026136860983013963,0.00013956818921742576,0.4750394305272249,CM
,235560,Contig_368691.fasta,0.011264685672468333,2.346739244811566e-05,0.44018235095890546,CM
,235560,Contig_551706.fasta,0.0020586230616995373,6.029153208124684e-07,0.3446879109166236,CM
,235560,Contig_61210.fasta,0.001172271440627228,0.0,0.3116309284510933,CM
,235560,Contig_369691.fasta,0.02223666996399065,9.738184158479015e-05,0.47097517772452596,CM
,235560,Contig_498443.fasta,0.0009264934699114137,0.0,0.29217223794524916,CM
,235560,Contig_59641.fasta,0.023234553920160717,0.00010386359455820415,0.470501597857533,CM
,235560,Contig_370353.fasta,0.020101768678982546,7.771275408091836e-05,0.4662818525852681,CM
,235560,Contig_24566591.fasta,0.010229666383271312,1.8862646591100916e-05,0.44038949559465085,CM
,235560,Contig_55467.fasta,0.0033816859456532997,1.5215423950813972e-06,0.38369318496868926,CM
,235560,Contig_543838.fasta,0.0,0.0,0.0,CM
,235560,Contig_988352.fasta,0.020915700938532185,8.716867147374175e-05,0.46791383906931655,CM
,235560,Contig_56962.fasta,0.01824651048954724,6.275398702378094e-05,0.4644306094980809,CM
,235560,Contig_549823.fasta,0.01072222093670175,2.287232987553599e-05,0.4441517219452459,CM
,235560,Contig_546289.fasta,0.022538522043072252,9.824495303577357e-05,0.47073826868140495,CM
,235560,Contig_5823.fasta,0.013923309091916594,3.0212488895719106e-05,0.45035018197239324,CM
,235560,Contig_304689.fasta,0.020622138493150043,8.456382618518514e-05,0.4674463926766399,CM
,235560,Contig_1062142.fasta,0.013365352550230651,3.136714052356117e-05,0.4527468205798902,CM
,235560,Contig_62387.fasta,0.020313213763671664,8.97454747351795e-05,0.4688515421536238,CM
,235560,Contig_133647.fasta,0.02048108525602407,8.389391872840006e-05,0.4669798793106951,CM
,235560,Contig_550173.fasta,0.022909325681918287,0.00010664522904141198,0.4714497119086313,CM
,235560,Contig_542713.fasta,0.007976519100486778,1.1099464604220486e-05,0.4271235409122013,CM
,235560,Contig_131574.fasta,0.007417505346617796,9.101025216551315e-06,0.4292787514397399,CM
,235560,Contig_542387.fasta,0.004650779560102924,3.5910869890335878e-06,0.40233348157292914,CM
,235560,Contig_306603.fasta,0.023272024348615656,0.0001059898758979187,0.47073826868140495,CM
,235560,Contig_137862.fasta,0.02680547192273368,0.00014534760570812758,0.4769763904885999,CM
,235560,Contig_553205.fasta,0.006439431590809014,6.968504329209781e-06,0.4265395069000151,CM
,235560,Contig_53446.fasta,0.01967989665885203,7.730434527628741e-05,0.466746971640216,CM
,235560,Contig_61498.fasta,0.02009706600155772,7.798346268319876e-05,0.46791383906931655,CM
,235560,Contig_54950.fasta,0.01636239726094507,5.160826507592956e-05,0.45873905791109465,CM
,235560,Contig_55915.fasta,0.0022913438025076688,5.742446768299383e-07,0.35327583168691323,CM
,235560,Contig_55113.fasta,0.01700430712304074,5.340456942188754e-05,0.45873905791109465,CM
,235560,Contig_24574211.fasta,0.022120062398555143,9.977844768519526e-05,0.470501597857533,CM
,235560,Contig_55950.fasta,0.020165946937559485,7.594784633715242e-05,0.46558590952170803,CM
,235560,Contig_792106.fasta,0.014351811868764682,3.9891995803313575e-05,0.4558342319233478,CM
,235560,Contig_24569564.fasta,0.01516079701181678,4.772551986502688e-05,0.4591892434438828,CM
,235560,Contig_499137.fasta,0.003762544793518625,1.9335632496643224e-06,0.39436480326111806,CM
,235560,Contig_1065878.fasta,0.007273929348370772,8.555067954918614e-06,0.42829642020074743,CM
,235560,Contig_500105.fasta,0.010888489940244578,2.2008621475063974e-05,0.4460570439173656,CM
,235560,Contig_990105.fasta,0.008685186750637773,1.1781256238980256e-05,0.43648679017660125,CM
,235560,Contig_213746.fasta,0.0,0.0,0.0,CM
,235560,Contig_308147.fasta,0.0020893109022581155,4.2061773479573356e-07,0.3401772730420331,CM
,235560,Contig_1064246.fasta,0.0,0.0,0.0,CM
,235560,Contig_500378.fasta,0.01193776615057435,2.7667530205135836e-05,0.4510012906692208,CM
,235560,Contig_372001.fasta,0.02071193591094714,8.957844173678467e-05,0.46908655545796146,CM
,235560,Contig_368549.fasta,0.00948027260124768,1.7632009703302415e-05,0.4410121009135877,CM
,235560,Contig_542593.fasta,0.02032855184518851,7.993919430507127e-05,0.46767999906978164,CM
,235560,Contig_499422.fasta,0.018537267334612983,7.100026752431134e-05,0.46512310046651745,CM
,235560,Contig_134994.fasta,0.002511623562410209,5.942718919510753e-07,0.36727930853164564,CM
,235560,Contig_62593.fasta,0.025248287457307443,0.00013060904604817022,0.4745576461149255,CM
,235560,Contig_1062838.fasta,0.0,0.0,0.0,CM
,235560,Contig_306052.fasta,0.0,0.0,0.0,CM
,235560,Contig_500079.fasta,0.012676588192768748,3.711643208432707e-05,0.45539059763437134,CM
,235560,Contig_1065904.fasta,0.022248038523543814,9.861667380536192e-05,0.4700289694317595,CM
,235560,Contig_552078.fasta,0.003364177114103657,1.683123671661339e-06,0.3811925369200135,CM
,235560,Contig_1065941.fasta,0.02376020259741598,0.00010273155265101308,0.46979301111377164,CM
,235560,Contig_55393.fasta,0.021793784339163427,9.572421458255989e-05,0.46791383906931655,CM
,235560,Contig_423779.fasta,0.0,0.0,0.0,CM
,235560,Contig_135642.fasta,0.023466229930001165,0.00010110683125061563,0.46955728958285653,CM
,235560,Contig_302535.fasta,0.010119608389995927,2.1099830036712925e-05,0.4435202266059872,CM
,235560,Contig_61135.fasta,0.009110786859477804,1.7539848690287426e-05,0.4375070959039893,CM
,235560,Contig_134037.fasta,0.016161362536916597,5.2851878160428665e-05,0.46077187500671246,CM
,235560,Contig_131651.fasta,0.017473195607412867,6.798976544365036e-05,0.4660496405072874,CM
,235560,Contig_369755.fasta,0.026449705502641172,0.00014484365873122584,0.47624818225884635,CM
,235560,Contig_985251.fasta,0.006090936618622136,7.231722148307008e-06,0.421924110973234,CM
,235560,Contig_305281.fasta,0.021160603739445307,8.580019619438586e-05,0.4681479130258295,CM
,235560,Contig_1264101.fasta,0.0034045334057316735,1.4612317166975597e-06,0.37734987021719074,CM
,235560,Contig_53427.fasta,0.017814798797999572,6.157820433967663e-05,0.4639700932764666,CM
,235560,Contig_1063267.fasta,0.02078591145765559,8.808563801412067e-05,0.46861676421564,CM
,235560,Contig_555358.fasta,0.005938513814733603,5.628572170370329e-06,0.4135341043476063,CM
,235560,Contig_368078.fasta,0.017156660206171397,5.797646140669803e-05,0.46077187500671246,CM
,235560,Contig_798280.fasta,0.013898370678409905,3.544063224864173e-05,0.45296596231298797,CM
,235560,Contig_57241.fasta,0.008134323900724346,1.1581791128566274e-05,0.4324527163302371,CM
,235560,Contig_550914.fasta,0.001113327649997085,0.0,0.30713084284169123,CM
,235560,Contig_202130.fasta,0.0022313638025590514,3.928157669336337e-07,0.3535427571358644,CM
,235560,Contig_792223.fasta,0.017304388347328014,5.4138477331701227e-05,0.4603185824587472,CM
,235560,Contig_368085.fasta,0.017411805197776416,5.941251577891921e-05,0.46122606118217496,CM
,235560,Contig_713989.fasta,0.01759239797878661,6.678817523326525e-05,0.46466121059515053,CM
,235560,Contig_56628.fasta,0.02066553464915576,8.51325644415514e-05,0.46721301954000655,CM
,235560,Contig_369883.fasta,0.006689967788460056,8.126548587842838e-06,0.4196536673267413,CM
,235560,Contig_500548.fasta,0.003647491563460533,1.64591206787002e-06,0.3909054628816345,CM
,235560,Contig_138155.fasta,0.016761286318956018,5.698026543741572e-05,0.4603185824587472,CM
,235560,Contig_307949.fasta,0.024673228975657362,0.00012337139080601683,0.4735970031065957,CM
,235560,Contig_135889.fasta,0.019891823099542204,7.523676568520699e-05,0.46489204080408997,CM
,235560,Contig_56903.fasta,0.00945616094047325,1.6536109091928042e-05,0.4385321828203529,CM
,235560,Contig_134889.fasta,0.021233189250485684,9.135331645069722e-05,0.4700289694317595,CM
,235560,Contig_367996.fasta,0.011685626883313158,2.4544232177143987e-05,0.44542012286465166,CM
,235560,Contig_57903.fasta,0.012007569880079656,2.7255121964895956e-05,0.45013356331824583,CM
,235560,Contig_139294.fasta,0.01657123125346986,5.169444467478552e-05,0.46009227047130435,CM
,235560,Contig_180.fasta,0.005921881846638135,5.856384288490082e-06,0.4170355071919042,CM
,235560,Contig_1268736.fasta,0.026842445819486534,0.00014175264195899788,0.4755221941761347,CM
,235560,Contig_308022.fasta,0.02348455962507202,0.00010949086177822694,0.4726402414841581,CM
,235560,Contig_985128.fasta,0.015562045107795047,4.6794775303115985e-05,0.4582897542304766,CM
,235560,Contig_371212.fasta,0.02353496726305762,0.00011152089440311727,0.4726402414841581,CM
,235560,Contig_421597.fasta,0.009685518973034392,1.6796282457333916e-05,0.4410121009135877,CM
,235560,Contig_985291.fasta,0.0214243150083091,9.088149662158524e-05,0.46932180448276484,CM
,235560,Contig_59394.fasta,0.009139317843335219,1.4259882284951361e-05,0.43506633107328363,CM
,235560,Contig_498502.fasta,0.01588716801919226,4.7209734747547006e-05,0.4567240986523344,CM
,235560,Contig_423189.fasta,0.01583001671916327,4.952809565242944e-05,0.4565013064090893,CM
,235560,Contig_543062.fasta,0.0019829904762056305,4.4212016474424264e-07,0.3355423729432173,CM
,235560,Contig_543821.fasta,0.0,0.0,0.0,CM
,235560,Contig_429994.fasta,0.020230303213379385,7.580990399126729e-05,0.46512310046651745,CM
,235560,Contig_1065861.fasta,0.019462053112856897,7.902714240330024e-05,0.4674463926766399,CM
,235560,Contig_55662.fasta,0.021026700884424127,8.57542217448165e-05,0.46932180448276484,CM
,235560,Contig_1268437.fasta,0.0067366190928688586,8.683782831843097e-06,0.42287739635726757,CM
,235560,Contig_1065067.fasta,0.0,0.0,0.0,CM
,235560,Contig_135849.fasta,0.019855626639615338,8.276374070295524e-05,0.4688515421536238,CM
,235560,Contig_4084.fasta,0.016411965793259656,5.457877858609224e-05,0.46077187500671246,CM
,235560,Contig_424464.fasta,0.005702546102796992,5.49063246610453e-06,0.41389990187467185,CM
,235560,Contig_371156.fasta,0.02211630128214619,9.798454454052799e-05,0.4714497119086313,CM
,235560,Contig_502196.fasta,0.018512936874421338,7.197898868386096e-05,0.4660496405072874,CM
,235560,Contig_1260871.fasta,0.005809295230833931,5.55236253827556e-06,0.4140830434241739,CM
,235560,Contig_368806.fasta,0.005054247922831923,4.1612243110207335e-06,0.4151853052966429,CM
,235560,Contig_58444.fasta,0.015578640298662277,4.4101410808764295e-05,0.4582897542304766,CM
,235560,Contig_984996.fasta,0.013444645045008502,3.239577995166051e-05,0.45450591458894274,CM
,235560,Contig_990044.fasta,0.015272388000378221,4.140351680315509e-05,0.45450591458894274,CM
,235560,Contig_1274572.fasta,0.01671348678287551,5.5828333816638185e-05,0.4609988562259276,CM
,235560,Contig_542553.fasta,0.01920739291464375,8.105944104730732e-05,0.4669798793106951,CM
,235560,Contig_131771.fasta,0.024242660590321034,0.00011151794791736912,0.47097517772452596,CM
,235560,Contig_499076.fasta,0.012935961387362542,3.0139974343135956e-05,0.4505670092145561,CM
,235560,Contig_134152.fasta,0.016542965952490146,4.91341050579059e-05,0.4582897542304766,CM
,235560,Contig_131734.fasta,0.02017721322981448,7.627049004484276e-05,0.46558590952170803,CM
,235560,Contig_58559.fasta,0.013905377433644658,3.676680102701626e-05,0.45384465477140307,CM
,235560,Contig_55483.fasta,0.004926428343812337,3.5032219428676687e-06,0.4093734375059637,CM
,235560,Contig_55811.fasta,0.009201317721018018,1.6263749041829654e-05,0.43914954394116995,CM
,235560,Contig_985419.fasta,0.01736795469178619,6.167997679462671e-05,0.4632810287815015,CM
,235560,Contig_213506.fasta,0.027514048368603748,0.00015613701144681017,0.47770682906515216,CM
,235560,Contig_135253.fasta,0.02588548346710807,0.00013389957788947083,0.4750394305272249,CM
,235560,Contig_24576898.fasta,0.00459949608001207,3.6453462852568743e-06,0.40337399919768663,CM
,235560,Contig_306742.fasta,0.018365393814822505,7.082913543706768e-05,0.4644306094980809,CM
,235560,Contig_55353.fasta,0.00850199168693659,1.1462587814955056e-05,0.43285276509650006,CM
,235560,Contig_1063497.fasta,0.001236018404077908,0.0,0.31841703917612557,CM
,235560,Contig_302609.fasta,0.019677104035872525,7.354297745119233e-05,0.46512310046651745,CM
,235560,Contig_1063840.fasta,0.009619795960269503,1.7201487674004776e-05,0.44163646915461685,CM
,235560,Contig_986139.fasta,0.015058060163211007,4.240244096977744e-05,0.4565013064090893,CM
,235560,Contig_370130.fasta,0.016959659580886164,6.117850514025294e-05,0.4630517952195117,CM
,235560,Contig_54604.fasta,0.015337249979158559,4.415624205667484e-05,0.4571703361693371,CM
,235560,Contig_554797.fasta,0.014531378630903728,3.886591818436674e-05,0.4523091726141291,CM
,235560,Contig_421549.fasta,0.005069350540321936,3.3274427646107758e-06,0.4093734375059637,CM
,235560,Contig_61036.fasta,0.025490326857596283,0.00013194164264977007,0.47407683796283334,CM
,235560,Contig_303473.fasta,0.009244182545064464,1.7353544331183204e-05,0.4395620846118521,CM
,235560,Contig_501657.fasta,0.016923306062081707,5.22785249644499e-05,0.4596403134276194,CM
,235560,Contig_1062279.fasta,0.012497055567043289,3.016371920306194e-05,0.4484080872729435,CM
,235560,Contig_58467.fasta,0.0012746335995088673,0.0,0.3211488257167581,CM
,235560,Contig_709008.fasta,0.016413539976513854,5.309279750117909e-05,0.46077187500671246,CM
,235560,Contig_306639.fasta,0.004768129194486876,3.177020704284301e-06,0.4044199127651828,CM
,235560,Contig_134328.fasta,0.023165622042186043,0.00010952137455062097,0.4724016547898198,CM
,235560,Contig_791908.fasta,0.0024304421448065614,6.102161493658979e-07,0.3610446289115097,CM
,235560,Contig_24572783.fasta,0.01190614657956831,2.754707769223013e-05,0.44905358835826925,CM
,235560,Contig_53481.fasta,0.0,0.0,0.0,CM
,235560,Contig_931044.fasta,0.02066218052200605,8.32431459109907e-05,0.4674463926766399,CM
,235560,Contig_369322.fasta,0.022389052997875167,9.773095333526177e-05,0.470501597857533,CM
,235560,Contig_553512.fasta,0.002208592281156386,5.513982001365795e-07,0.34711709129771257,CM
,235560,Contig_368367.fasta,0.002489606128410893,6.214191864856471e-07,0.3688717690731703,CM
,235560,Contig_986515.fasta,0.015582795791283372,4.484131265434262e-05,0.457617446522559,CM
,235560,Contig_61542.fasta,0.013077188297397492,3.238158222773922e-05,0.45252789078270456,CM
,235560,Contig_137592.fasta,0.025185130444311574,0.0001344929860527868,0.4755221941761347,CM
,235560,Contig_498311.fasta,0.009606741839982178,1.4553771362282141e-05,0.43709840174620884,CM
,235560,Contig_369512.fasta,0.01117747394916199,2.376393520788313e-05,0.4492691685735156,CM
,235560,Contig_135235.fasta,0.0034745840011162392,1.952708799588526e-06,0.3799543963210041,CM
,235560,Contig_62671.fasta,0.00833798214248319,1.3480692233243737e-05,0.43567396561388877,CM
,235560,Contig_370401.fasta,0.020842009623446157,8.822919915164602e-05,0.46838222129060714,CM
,235560,Contig_2412.fasta,0.0034340080699840265,2.1939313106219663e-06,0.38559030825654433,CM
,235560,Contig_370444.fasta,0.025755410132540357,0.00012922066382136,0.4750394305272249,CM
,235560,Contig_57800.fasta,0.027688280944080552,0.00015392063786655427,0.47673340710067913,CM
,235560,Contig_56006.fasta,0.017308213669270708,6.175845742373696e-05,0.46259400797757444,CM
,235560,Contig_371401.fasta,0.006190838081139917,6.860420904826257e-06,0.42402704038904987,CM
,235560,Contig_56492.fasta,0.0011189343151073604,0.0,0.30773682280126047,CM
,235560,Contig_3412.fasta,0.002511623562410209,5.942718919510753e-07,0.36727930853164564,CM
,235560,Contig_498484.fasta,0.016368562221649754,5.600486746003628e-05,0.46282278839695007,CM
,235560,Contig_303206.fasta,0.015050425587621034,4.440694562666761e-05,0.457617446522559,CM
,235560,Contig_368656.fasta,0.022582519503597857,0.00010886011043991668,0.471925203297344,CM
,235560,Contig_552825.fasta,0.028078464223564446,0.00015940599369531133,0.4779508059952161,CM
,235560,Contig_55071.fasta,0.026597744167167224,0.00014467353110007896,0.47600594005016944,CM
,235560,Contig_993479.fasta,0.02478053612718854,0.00011829562482582903,0.4724016547898198,CM
,235560,Contig_499778.fasta,0.011855816288878454,2.315837217777747e-05,0.44669578908765306,CM
,235560,Contig_5203.fasta,0.0025807424379490824,4.901296408540581e-07,0.36930847598209676,CM
,235560,Contig_139312.fasta,0.01986219792172628,7.73685065392047e-05,0.4660496405072874,CM
,235560,Contig_132309.fasta,0.016177423078223698,5.226236054486909e-05,0.4585142960012901,CM
,235560,Contig_1064674.fasta,0.0049467122584978245,3.0299972044202345e-06,0.4075904521509726,CM
,235560,Contig_551478.fasta,0.009467579115085768,1.629078163489017e-05,0.4381215721622814,CM
,235560,Contig_549697.fasta,0.0023335307584471613,5.373711329748715e-07,0.35664164563210105,CM
,235560,Contig_424567.fasta,0.009570615003573833,1.8311046231526424e-05,0.43935571743597795,CM
,235560,Contig_549556.fasta,0.008173991952344917,1.1150634196750176e-05,0.4290819248686993,CM
,235560,Contig_1064927.fasta,0.023314011737990623,0.00010977056847742536,0.4721633088489572,CM
,235560,Contig_134109.fasta,0.004871190791538011,3.383544912247617e-06,0.4037220354351308,CM
,235560,Contig_550094.fasta,0.020778012797882203,8.517226926883746e-05,0.46721301954000655,CM
,235560,Contig_136183.fasta,0.02396863033833962,0.00011480424595624914,0.47168733777148847,CM
,235560,Contig_499700.fasta,0.02122106860621169,8.857170606422335e-05,0.4688515421536238,CM
,235560,Contig_131801.fasta,0.01301045598720262,2.964339535035829e-05,0.4505670092145561,CM
,235560,Contig_303182.fasta,0.0,0.0,0.0,CM
,235560,Contig_502444.fasta,0.025519446744837984,0.00013074672567745993,0.47479841610280726,CM
,235560,Contig_203422.fasta,0.005594565168193324,5.163396129731328e-06,0.4083017792925973,CM
,235560,Contig_61582.fasta,0.02091004716845373,8.614418304415967e-05,0.46861676421564,CM
,235560,Contig_204934.fasta,0.013131867024909942,3.0600418542166845e-05,0.4518723699365684,CM
,235560,Contig_302553.fasta,0.012920644583273197,3.3510088420375266e-05,0.45296596231298797,CM
,235560,Contig_308121.fasta,0.02387630429341139,0.00011719614413131702,0.4726402414841581,CM
,235560,Contig_502068.fasta,0.0023092680586256735,4.567255890119826e-07,0.35327583168691323,CM
,235560,Contig_134208.fasta,0.022418780015446005,9.849591098385821e-05,0.47073826868140495,CM
,235560,Contig_372022.fasta,0.020673807181009442,8.793124117958028e-05,0.4681479130258295,CM
,235560,Contig_542609.fasta,0.02073725645221874,8.686880349527864e-05,0.46767999906978164,CM
,235560,Contig_60217.fasta,0.014385893228833883,3.885937544629885e-05,0.457617446522559,CM
,235560,Contig_993700.fasta,0.020700684994283243,8.583514803484272e-05,0.46791383906931655,CM
,235560,Contig_58603.fasta,0.018515947435784167,6.465266911745025e-05,0.46282278839695007,CM
,235560,Contig_62124.fasta,0.026232776532337736,0.00013894710996020871,0.47479841610280726,CM
,235560,Contig_428405.fasta,0.008453282663134444,1.3650969581887253e-05,0.4362832998315306,CM
,235560,Contig_498444.fasta,0.014415329637075485,3.5174707160312084e-05,0.453185316289895,CM
,235560,Contig_543124.fasta,0.003655454892515208,2.1561051318237726e-06,0.3910688166061985,CM
,235560,Contig_502700.fasta,0.008192319801817139,1.079316059452502e-05,0.42790474537660406,CM
,235560,Contig_547137.fasta,0.0,0.0,0.0,CM
,235560,Contig_303062.fasta,0.023511498403046022,0.00011034485919761338,0.4724016547898198,CM
,235560,Contig_986691.fasta,0.0072726810556949534,8.12621912355663e-06,0.4275137862670777,CM
,235560,Contig_930711.fasta,0.023402828732467334,0.0001119886317992989,0.471925203297344,CM
,235560,Contig_550174.fasta,0.015349886894825453,4.601457485491812e-05,0.4571703361693371,CM
,235560,Contig_132605.fasta,0.009502034035396366,1.9499880682326816e-05,0.4437305254332068,CM
,235560,Contig_985136.fasta,0.005556646989761042,5.6004720522140756e-06,0.41335144794109235,CM
,235560,Contig_135781.fasta,0.021110445388619916,8.954355798592288e-05,0.4700289694317595,CM
,235560,Contig_135350.fasta,0.01941728318911699,7.371007108281517e-05,0.4660496405072874,CM
,235560,Contig_24572895.fasta,0.016454051074114278,4.821751771114441e-05,0.45806543227539553,CM
,235560,Contig_549067.fasta,0.003472013795107922,1.2839478542423156e-06,0.3799543963210041,CM
,235560,Contig_201548.fasta,0.0010251087549718262,0.0,0.299656637252204,CM
,235560,Contig_423546.fasta,0.002331283035237209,7.8468453214905e-07,0.35488345776967506,CM
,235560,Contig_56965.fasta,0.02329178842512933,0.0001032241512119981,0.470501597857533,CM
,235560,Contig_989310.fasta,0.020016527373262757,7.741904816780771e-05,0.4660496405072874,CM
,235560,Contig_1268491.fasta,0.0009578817212338042,0.0,0.29400806727572515,CM
,235560,Contig_306129.fasta,0.014079352871354704,3.739372718589722e-05,0.4542852806498219,CM
,235560,Contig_420630.fasta,0.0,0.0,0.0,CM
,235560,Contig_133996.fasta,0.02545175874221325,0.00013166968762956427,0.47528068976060595,CM
,235560,Contig_932723.fasta,0.01288047752275771,3.2988493935636536e-05,0.45143641010064306,CM
,235560,Contig_501147.fasta,0.01006141777389393,1.6634666606264498e-05,0.4422626078159892,CM
,235560,Contig_303326.fasta,0.015288725266662648,4.529731649240893e-05,0.4585142960012901,CM
,235560,Contig_131637.fasta,0.0166918140794009,5.204387235780912e-05,0.4623654536258069,CM
,235560,Contig_309378.fasta,0.00964878189074115,1.473903200103966e-05,0.43914954394116995,CM
,235560,Contig_987947.fasta,0.004773769505795281,3.2953900283326087e-06,0.40476975698037765,CM
,235560,Contig_794883.fasta,0.02206837513615217,9.098438870777008e-05,0.46721301954000655,CM
,235560,Contig_500102.fasta,0.025151642822920487,0.0001265541445332003,0.4731181385938489,CM
,235560,Contig_371148.fasta,0.01182076400332057,2.5382905761706237e-05,0.44542012286465166,CM
,235560,Contig_429171.fasta,0.024151945464566036,0.00011455628938376159,0.4721633088489572,CM
,235560,Contig_543887.fasta,0.0024746496656573532,8.511789443386768e-07,0.3648450986895256,CM
,235560,Contig_53404.fasta,0.022459159985194543,9.975921956775264e-05,0.47073826868140495,CM
,235560,Contig_53441.fasta,0.006925860707358755,8.591054331490058e-06,0.4224955657510759,CM
,235560,Contig_542338.fasta,0.017225546815518654,5.795956079566219e-05,0.46054511719420915,CM
,235560,Contig_1065711.fasta,0.010375163780672193,2.063990446167338e-05,0.4439410237849303,CM
,235560,Contig_984988.fasta,0.020481062618569502,8.089440233921331e-05,0.46767999906978164,CM
,235560,Contig_368263.fasta,0.020044426789463925,7.858434142407578e-05,0.4669798793106951,CM
,235560,Contig_993761.fasta,0.014193086258272673,3.981705613152725e-05,0.4567240986523344,CM
,235560,Contig_542943.fasta,0.011348859634232638,2.329421158363475e-05,0.44331012701972194,CM
,235560,Contig_133011.fasta,0.011564006097030819,2.181074512834417e-05,0.44122002741095384,CM
,235560,Contig_542594.fasta,0.007168884671703453,9.2212198814998e-06,0.42479694876923885,CM
,235560,Contig_548958.fasta,0.01997674001825454,7.529673245331575e-05,0.46581765960111154,CM
,235560,Contig_931946.fasta,0.015405119651079564,4.87134961622284e-05,0.46009227047130435,CM
,235560,Contig_1063039.fasta,0.01277968703031568,3.1998872184752536e-05,0.45252789078270456,CM
,235560,Contig_502009.fasta,0.022418341248222392,9.467028971505262e-05,0.46932180448276484,CM
,235560,Contig_498308.fasta,0.017002748946803408,5.54816798695626e-05,0.4582897542304766,CM
,235560,Contig_53952.fasta,0.02156696873588009,9.119334758688058e-05,0.4681479130258295,CM
,235560,Contig_929016.fasta,0.011765199951057157,2.877857539439511e-05,0.4492691685735156,CM
,235560,Contig_55444.fasta,0.015070734309584603,4.971381911554144e-05,0.45986618090350523,CM
,235560,Contig_58949.fasta,0.01076501649385702,2.2165209152326343e-05,0.4460570439173656,CM
,235560,Contig_1065204.fasta,0.019743506353401042,7.941802726334178e-05,0.46791383906931655,CM
,235560,Contig_55095.fasta,0.020963781927945468,8.982817982171856e-05,0.46979301111377164,CM
,235560,Contig_986384.fasta,0.02257713935564601,9.792205136838145e-05,0.46932180448276484,CM
,235560,Contig_420408.fasta,0.02104836630960358,8.400207789309821e-05,0.466746971640216,CM
,235560,Contig_137576.fasta,0.025608714704058944,0.00013314712631541428,0.47479841610280726,CM
,235560,Contig_53578.fasta,0.014895939839933451,4.464096674278479e-05,0.457617446522559,CM
,235560,Contig_56433.fasta,0.011799315771684015,2.8325409331316273e-05,0.4492691685735156,CM
,235560,Contig_24577731.fasta,0.018454090310941463,7.081250898991043e-05,0.46466121059515053,CM
,235560,Contig_56476.fasta,0.022105865933430294,9.338615244397514e-05,0.46838222129060714,CM
,235560,Contig_54700.fasta,0.017459265325920854,6.377477108475459e-05,0.46512310046651745,CM
,235560,Contig_1064903.fasta,0.018494029543671003,7.385969987255413e-05,0.4660496405072874,CM
,235560,Contig_542569.fasta,0.003477929744886144,1.5270648180125226e-06,0.38259512597654666,CM
,235560,Contig_1062081.fasta,0.00367464390877876,1.4008277399532173e-06,0.38863275670209013,CM
,235560,Contig_24576774.fasta,0.0034102781176150294,1.7430562611916936e-06,0.37980019404976995,CM
,235560,Contig_138216.fasta,0.019044700043897037,6.733225271334703e-05,0.46466121059515053,CM
,235560,Contig_799287.fasta,0.009387714734376593,1.640235543685636e-05,0.4381215721622814,CM
,235560,Contig_1066406.fasta,0.024738094840181926,0.00012330697038061007,0.4735970031065957,CM
,235560,Contig_371290.fasta,0.009730864722218385,1.6675481559558636e-05,0.4422626078159892,CM
,235560,Contig_498639.fasta,0.013024114851057051,3.3044022520561266e-05,0.453185316289895,CM
,235560,Contig_542359.fasta,0.008002872175930625,1.0016087445329014e-05,0.4273185744925265,CM
,235560,Contig_991920.fasta,0.018312328157116853,6.71383223762641e-05,0.4639700932764666,CM
,235560,Contig_306564.fasta,0.0054695731440503135,4.3272049131853505e-06,0.4038962788686375,CM
,235560,Contig_550251.fasta,0.0010251087549718262,0.0,0.299656637252204,CM
,235560,Contig_131613.fasta,0.014016757208302113,3.466587306741184e-05,0.4505670092145561,CM
,235560,Contig_423948.fasta,0.0,0.0,0.0,CM
,235560,Contig_56904.fasta,0.008374674469895566,1.3812152985537036e-05,0.43506633107328363,CM
,235560,Contig_135088.fasta,0.021283716987893837,9.163309109690066e-05,0.46932180448276484,CM
,235560,Contig_427790.fasta,0.024596924724311544,0.00012587743793942915,0.4743171201919073,CM
,235560,Contig_246.fasta,0.0070580403368714845,7.838245900605764e-06,0.4224955657510759,CM
,235560,Contig_139152.fasta,0.018833500860450297,7.29420763366485e-05,0.46558590952170803,CM
,235560,Contig_60097.fasta,0.004784949957132125,3.717713893999136e-06,0.40547126435815994,CM
,235560,Contig_309018.fasta,0.024239950575818216,0.00011909216204371713,0.473357449741342,CM
,235560,Contig_368416.fasta,0.00966265465272337,1.6252122061346612e-05,0.4379165550484947,CM
,235560,Contig_305513.fasta,0.02661921459598663,0.00014254258560036063,0.4755221941761347,CM
,235560,Contig_137002.fasta,0.008243352661311027,1.20725491902695e-05,0.4332535546938116,CM
,235560,Contig_421629.fasta,0.0,0.0,0.0,CM
,235560,Contig_625912.fasta,0.0,0.0,0.0,CM
,235560,Contig_131696.fasta,0.011554164308386914,2.443690420142654e-05,0.4452082198566285,CM
,235560,Contig_304203.fasta,0.026420801105424233,0.0001447424193727703,0.47673340710067913,CM
,235560,Contig_420590.fasta,0.013287849426443505,3.05896455356137e-05,0.45143641010064306,CM
,235560,Contig_370681.fasta,0.022453649730905533,9.21349462606081e-05,0.4688515421536238,CM
,235560,Contig_548716.fasta,0.009050182711805795,1.5602156255101107e-05,0.43547123226553425,CM
,235560,Contig_212088.fasta,0.01898225028129595,6.607764695448134e-05,0.4637401774720679,CM
,235560,Contig_985929.fasta,0.014531947747746712,4.036723124728727e-05,0.4562787314181536,CM
,235560,Contig_1124471.fasta,0.001095264631159301,0.0,0.3047306018035275,CM
,235560,Contig_24578704.fasta,0.02460269660335624,0.00011396272489261564,0.47168733777148847,CM
,235560,Contig_53458.fasta,0.015238672027120523,4.4905275540740985e-05,0.45694710846612946,CM
,235560,Contig_369801.fasta,0.010902361370592063,2.054978969736482e-05,0.44310022639139823,CM
,235560,Contig_498641.fasta,0.017115624486619935,6.134236501325298e-05,0.4623654536258069,CM
,235560,Contig_984991.fasta,0.01956699269380282,7.925644390410221e-05,0.46767999906978164,CM
,235560,Contig_501958.fasta,0.008302718768516524,1.0470252221336935e-05,0.4296729468037801,CM
,235560,Contig_133189.fasta,0.0012746335995088673,0.0,0.3211488257167581,CM
,235560,Contig_62449.fasta,0.021916963622423517,9.331582945134342e-05,0.46979301111377164,CM
,235560,Contig_370912.fasta,0.026513505272822577,0.00014494954043118929,0.47600594005016944,CM
,235560,Contig_542449.fasta,0.0012937466744423146,0.0,0.32595878723045385,CM
,235560,Contig_548885.fasta,0.002165124731490859,6.693891087086629e-07,0.3489290373372979,CM
,235560,Contig_367951.fasta,0.016345084793703866,5.036134968015098e-05,0.4594146677165602,CM
,235560,Contig_1234.fasta,0.020555208947316696,7.611510888130051e-05,0.46512310046651745,CM
,235560,Contig_53375.fasta,0.008424163752714887,1.0717262854280143e-05,0.43265264823792565,CM
,235560,Contig_1064866.fasta,0.0023714346264644883,6.001776861832223e-07,0.36076625988382155,CM
,235560,Contig_55484.fasta,0.021251834268617986,8.82822403117996e-05,0.46838222129060714,CM
,235560,Contig_309986.fasta,0.02090606007480753,9.099914923307471e-05,0.46932180448276484,CM
,235560,Contig_2772.fasta,0.0011189343151073604,0.0,0.30773682280126047,CM
,235560,Contig_133368.fasta,0.02200934526916961,9.583573937706646e-05,0.47026516489378545,CM
,235560,Contig_1062791.fasta,0.006344406233247041,6.132277372530018e-06,0.42441164541434606,CM
,235560,Contig_802396.fasta,0.0023867890004289054,6.011437224975556e-07,0.35896727201328466,CM
,235560,Contig_1063340.fasta,0.01389076806606832,3.701149438094634e-05,0.45539059763437134,CM
,235560,Contig_500006.fasta,0.023780307488359263,0.00011196971099657783,0.47287906929693435,CM
,235560,Contig_132445.fasta,0.018449243596862487,6.959843341717062e-05,0.46512310046651745,CM
,235560,Contig_992335.fasta,0.023117480456324366,0.00011006102281630627,0.4724016547898198,CM
,235560,Contig_500492.fasta,0.02103762626839992,8.328892700895616e-05,0.46721301954000655,CM
,235560,Contig_304732.fasta,0.014363070886398566,3.567933685566368e-05,0.4534048828191052,CM
,235560,Contig_545842.fasta,0.0067828484280099965,9.549802255849438e-06,0.42441164541434606,CM
,235560,Contig_552844.fasta,0.00254474010001966,6.384850682404849e-07,0.3678567917211608,CM
,235560,Contig_57067.fasta,0.003621077781810654,2.207857711055995e-06,0.3905791644985948,CM
,235560,Contig_2436.fasta,0.004967701775319822,3.3954450844958147e-06,0.4108110966368012,CM
,235560,Contig_133069.fasta,0.0009578817212338042,0.0,0.29400806727572515,CM
,235560,Contig_420771.fasta,0.019742611573589697,7.328991167015598e-05,0.46535438992473055,CM
,235560,Contig_56861.fasta,0.01314351905735877,3.3298285477044604e-05,0.45296596231298797,CM
,235560,Contig_132069.fasta,0.0176490378456419,5.963287548312056e-05,0.4619090217860973,CM
,235560,Contig_551070.fasta,0.009186872008822568,1.6274099228480583e-05,0.43709840174620884,CM
,235560,Contig_985077.fasta,0.0057517863733398435,6.468775456475948e-06,0.41573863977726927,CM
,235560,Contig_551035.fasta,0.0010346344591168062,0.0,0.2994648570043626,CM
,235560,Contig_545300.fasta,0.0,0.0,0.0,CM
,235560,Contig_542610.fasta,0.0021620307703424037,3.667469170759113e-07,0.34673126274124977,CM
,235560,Contig_1065239.fasta,0.017614150030152285,6.228628730785781e-05,0.4637401774720679,CM
,235560,Contig_370582.fasta,0.011816630301350021,2.6750070965438278e-05,0.4488382149345962,CM
,235560,Contig_57185.fasta,0.008365878051762948,1.2735751910639284e-05,0.4340573646283085,CM
,235560,Contig_131669.fasta,0.019793730977057732,7.908598695977517e-05,0.46767999906978164,CM
,235560,Contig_136379.fasta,0.018799198805164202,7.4657785738383e-05,0.4669798793106951,CM
,235560,Contig_986919.fasta,0.01405694654427732,4.0847653156311226e-05,0.4567240986523344,CM
,235560,Contig_61778.fasta,0.023232006232347998,0.00010534961965270455,0.47073826868140495,CM
,235560,Contig_53377.fasta,0.0033972062407686496,1.6272308697104103e-06,0.3807272897227962,CM
,235560,Contig_61055.fasta,0.018922565820352674,6.981906077101613e-05,0.46558590952170803,CM
,235560,Contig_932015.fasta,0.01535529087848398,4.265718054107493e-05,0.4578413298134213,CM
,235560,Contig_304943.fasta,0.003616547470536142,1.3246352365250316e-06,0.38527281932426233,CM
,235560,Contig_303410.fasta,0.01768764805761877,6.405651203200088e-05,0.4639700932764666,CM
,235560,Contig_797051.fasta,0.01046927255655477,1.8054615162776103e-05,0.4387377769051257,CM
,235560,Contig_368429.fasta,0.02045820533135646,7.914726999949087e-05,0.46721301954000655,CM
,235560,Contig_369429.fasta,0.010558364656752122,2.228324905292479e-05,0.4449965183731018,CM
,235560,Contig_498995.fasta,0.02163887242278456,9.902024412735585e-05,0.46979301111377164,CM
,235560,Contig_132970.fasta,0.009613169868906809,1.848930007769201e-05,0.4428905244385391,CM
,235560,Contig_369790.fasta,0.01424351039425383,3.474015416961512e-05,0.4518723699365684,CM
,235560,Contig_498542.fasta,0.003528319633467399,1.6638493424199728e-06,0.3816589225687737,CM
,235560,Contig_369341.fasta,0.021505626151131104,9.026915641626297e-05,0.46979301111377164,CM
,235560,Contig_60785.fasta,0.007078536854385847,7.490903376051725e-06,0.42268639482323084,CM
,235560,Contig_24569917.fasta,0.009529093911645168,1.4458790929599471e-05,0.4379165550484947,CM
,235560,Contig_501535.fasta,0.007762364273025285,1.127846110222564e-05,0.429475758668487,CM
,235560,Contig_56399.fasta,0.015112201330502957,4.3462332640190124e-05,0.45605637336190696,CM
,235560,Contig_498337.fasta,0.026622646198192674,0.00014345044192597738,0.47600594005016944,CM
,235560,Contig_137165.fasta,0.021746415546328675,9.731799001086226e-05,0.4688515421536238,CM
,235560,Contig_992875.fasta,0.010704473224823192,2.1224898406253737e-05,0.4456322276850634,CM
,235560,Contig_136120.fasta,0.02863942507836477,0.0001715003869219544,0.47868423434201185,CM
,235560,Contig_425638.fasta,0.0,0.0,0.0,CM
,235560,Contig_1267810.fasta,0.025023079079863227,0.00012673418255439896,0.47287906929693435,CM
,235560,Contig_370427.fasta,0.002542127242518123,8.58812695637649e-07,0.3697462181503884,CM
,235560,Contig_131789.fasta,0.02106198738104154,8.402778597057588e-05,0.46767999906978164,CM
,235560,Contig_2471.fasta,0.019473789196754774,7.669904525061278e-05,0.46535438992473055,CM
,235560,Contig_1062006.fasta,0.01556180617187848,4.754526690804881e-05,0.4582897542304766,CM
,235560,Contig_1125243.fasta,0.02409143709360777,0.0001221792778600507,0.4750394305272249,CM
,235560,Contig_57065.fasta,0.008281290749238064,1.1517208272456244e-05,0.4312569945339323,CM
,235560,Contig_61698.fasta,0.015250010349496952,4.751604348701354e-05,0.45873905791109465,CM
,235560,Contig_302649.fasta,0.018867254284099574,7.211397141870525e-05,0.4662818525852681,CM
,235560,Contig_423091.fasta,0.01592083859880083,5.369967846048091e-05,0.46054511719420915,CM
,235560,Contig_54356.fasta,0.006638835051524118,7.309842539702964e-06,0.4162934511292852,CM
,235560,Contig_546759.fasta,0.007022391269557698,8.220039367117963e-06,0.42287739635726757,CM
,235560,Contig_307829.fasta,0.02089902786811357,8.689857664999272e-05,0.46861676421564,CM
,235560,Contig_56065.fasta,0.018381588394964652,6.775736689021341e-05,0.4637401774720679,CM
,235560,Contig_793801.fasta,0.01748412190444772,6.231602774121391e-05,0.4644306094980809,CM
,235560,Contig_809830.fasta,0.007994722055163828,1.2257296953436461e-05,0.4310583501329494,CM
,235560,Contig_57449.fasta,0.01276226805911693,2.6510914880407535e-05,0.44733636622305595,CM
,235560,Contig_55851.fasta,0.008423615411343795,1.2547631104474595e-05,0.43466218213591873,CM
,235560,Contig_54486.fasta,0.013066252920726029,3.329875799811853e-05,0.4523091726141291,CM
,235560,Contig_371875.fasta,0.018601816472206514,6.581714145391925e-05,0.46259400797757444,CM
,235560,Contig_308206.fasta,0.0,0.0,0.0,CM
,235560,Contig_56474.fasta,0.020869692867976058,8.73220244836429e-05,0.4674463926766399,CM
,235560,Contig_54702.fasta,0.0012039311379215243,0.0,0.3153058214752807,CM
,235560,Contig_131749.fasta,0.012903513888684721,3.235064343902314e-05,0.4507840453461624,CM
,235560,Contig_370036.fasta,0.02568054775599517,0.00013727230742112615,0.47600594005016944,CM
,235560,Contig_986386.fasta,0.01225325105760672,3.013831210930013e-05,0.4492691685735156,CM
,235560,Contig_62203.fasta,0.018751360024842564,6.754736033760307e-05,0.4644306094980809,CM
,235560,Contig_499726.fasta,0.02314593256203797,0.000110927460088616,0.4726402414841581,CM
,235560,Contig_704029.fasta,0.007090731921057747,8.349298509872273e-06,0.4265395069000151,CM
,235560,Contig_1275222.fasta,0.014954131606817467,4.258396906573362e-05,0.45494782602753187,CM
,235560,Contig_202090.fasta,0.009410451552187915,1.586792730681408e-05,0.4395620846118521,CM
,235560,Contig_134602.fasta,0.01401306022414853,3.6507918197344005e-05,0.45450591458894274,CM
,235560,Contig_708522.fasta,0.01491261795796871,4.343320141324782e-05,0.4573937820814434,CM
,235560,Contig_553715.fasta,0.007321222821510948,8.507270981404e-06,0.42576327485834076,CM
,235560,Contig_56788.fasta,0.01702383352761936,5.5651571173394246e-05,0.46077187500671246,CM
,235560,Contig_543246.fasta,0.0,0.0,0.0,CM
,235560,Contig_1064243.fasta,0.014961944931129458,4.0457310119788765e-05,0.45450591458894274,CM
,235560,Contig_1064692.fasta,0.0023781946311518705,5.088595476928254e-07,0.36048831977605283,CM
,235560,Contig_58108.fasta,0.0025791011392709783,6.0810453822326e-07,0.3732858708171652,CM
,235560,Contig_133815.fasta,0.0036432300819120795,2.132223789000857e-06,0.3910688166061985,CM
,235560,Contig_62147.fasta,0.02253525807089728,9.830125766298565e-05,0.4700289694317595,CM
,235560,Contig_501081.fasta,0.009342982312152671,1.4524059797056287e-05,0.43648679017660125,CM
,235560,Contig_61231.fasta,0.018640788430507576,6.210343778950778e-05,0.46054511719420915,CM
,235560,Contig_24568074.fasta,0.013753009662096194,4.330574265299801e-05,0.4573937820814434,CM
,235560,Contig_546764.fasta,0.015097127152736775,4.460786601483087e-05,0.45605637336190696,CM
,235560,Contig_137630.fasta,0.02190693316826218,9.634417345759739e-05,0.46979301111377164,CM
,235560,Contig_498427.fasta,0.008017173769152435,1.3572259843971955e-05,0.4308598886457795,CM
,235560,Contig_24578527.fasta,0.019539326064205116,7.385029712517133e-05,0.4644306094980809,CM
,235560,Contig_132013.fasta,0.023593379458656697,0.00011175283242780375,0.4726402414841581,CM
,235560,Contig_62777.fasta,0.024039326092083296,0.00011488887494609178,0.47168733777148847,CM
,235560,Contig_550583.fasta,0.022973272285926587,0.00010672090225604602,0.47073826868140495,CM
,235560,Contig_53808.fasta,0.008872227371955902,1.4440345868533258e-05,0.4395620846118521,CM
,235560,Contig_802698.fasta,0.02176908889071033,9.439416367041219e-05,0.46861676421564,CM
,235560,Contig_369414.fasta,0.02205023393597066,9.942805186253511e-05,0.47026516489378545,CM
,235560,Contig_621060.fasta,0.02088793802303631,8.806254219199006e-05,0.4681479130258295,CM
,235560,Contig_992910.fasta,0.00929131741771569,1.5594920099467784e-05,0.4368943408677092,CM
,235560,Contig_4802.fasta,0.02048375225023024,7.975502639004833e-05,0.46489204080408997,CM
,235560,Contig_53766.fasta,0.012845569791052629,3.069082819191103e-05,0.4505670092145561,CM
,235560,Contig_201.fasta,0.007086813832903118,8.607771361038608e-06,0.42576327485834076,CM
,235560,Contig_425070.fasta,0.017471738540422343,6.208767238929773e-05,0.4616811436303074,CM
,235560,Contig_425833.fasta,0.009697313753684563,1.5026360589659716e-05,0.4397686457418388,CM
,235560,Contig_797704.fasta,0.011509899585456592,2.3453219171380223e-05,0.4439410237849303,CM
,235560,Contig_627634.fasta,0.025313124213205314,0.00013081887203657386,0.47383679905753573,CM
,235560,Contig_991161.fasta,0.023028996611797706,0.0001148753818613959,0.4731181385938489,CM
,235560,Contig_545925.fasta,0.0009578817212338042,0.0,0.29400806727572515,CM
,235560,Contig_131611.fasta,0.0049429415538218315,3.6862852220873305e-06,0.4093734375059637,CM
,235560,Contig_552125.fasta,0.016881378339647632,5.003313037253235e-05,0.4596403134276194,CM
,235560,Contig_138251.fasta,0.005886291967803165,5.26179792586055e-06,0.4131689528205886,CM
,235560,Contig_55132.fasta,0.012917045202061994,3.066159613335084e-05,0.4499171529512659,CM
,235560,Contig_139680.fasta,0.019950260031149435,7.727968244388827e-05,0.4665142961807742,CM
,235560,Contig_55177.fasta,0.004574485214885749,3.5023588933027766e-06,0.39856374707778236,CM
,235560,Contig_1067090.fasta,0.01849299414168292,6.781578969356503e-05,0.46489204080408997,CM
,235560,Contig_501431.fasta,0.014146266427424623,3.4666901864008065e-05,0.4507840453461624,CM
,235560,Contig_499446.fasta,0.019395494435696135,7.841526650407165e-05,0.46581765960111154,CM
,235560,Contig_136280.fasta,0.016636365045487034,5.017525060939629e-05,0.4591892434438828,CM
,235560,Contig_425598.fasta,0.0,0.0,0.0,CM
,235560,Contig_56039.fasta,0.010413041441823936,1.7173785095811265e-05,0.44018235095890546,CM
,235560,Contig_59601.fasta,0.0128254470591149,3.073415743277397e-05,0.4507840453461624,CM
,235560,Contig_502702.fasta,0.017000323877353486,5.5295697507696395e-05,0.4585142960012901,CM
,235560,Contig_544473.fasta,0.022357423054525944,9.477558327553754e-05,0.46932180448276484,CM
,235560,Contig_551703.fasta,0.024125544023316625,0.00012310927979165096,0.47383679905753573,CM
,235560,Contig_988522.fasta,0.013993700517052987,3.82238540034907e-05,0.45362466220971065,CM
,235560,Contig_371356.fasta,0.015265422592246738,4.234225595925616e-05,0.4551691041530317,CM
,235560,Contig_626449.fasta,0.019939472202590867,7.547726524482628e-05,0.4662818525852681,CM
,235560,Contig_548610.fasta,0.01729066162823077,5.5858643420585304e-05,0.4591892434438828,CM
,235560,Contig_425664.fasta,0.008086160144343161,1.2417270213515342e-05,0.4338561326558336,CM
,235560,Contig_24566569.fasta,0.0,0.0,0.0,CM
,235560,Contig_548279.fasta,0.001095264631159301,0.0,0.3047306018035275,CM
,235560,Contig_58194.fasta,0.020702241198474945,8.140521410448865e-05,0.4660496405072874,CM
,235560,Contig_368907.fasta,0.017313459076539632,5.836418733566589e-05,0.46122606118217496,CM
,235560,Contig_131846.fasta,0.001236018404077908,0.0,0.31841703917612557,CM
,235560,Contig_991730.fasta,0.025315186156953867,0.00012902781573359,0.4735970031065957,CM
,235560,Contig_368942.fasta,0.0012937466744423146,0.0,0.32595878723045385,CM
,235560,Contig_501775.fasta,0.015482786006737055,4.603494168343775e-05,0.45873905791109465,CM
,235560,Contig_368101.fasta,0.023279916875717288,0.00010764838605598018,0.47168733777148847,CM
,235560,Contig_24.fasta,0.0023419138710272748,4.633669546976317e-07,0.35745900616448933,CM
,235560,Contig_1066255.fasta,0.026510755291749944,0.00014393603928295165,0.47576394414775447,CM
,235560,Contig_929331.fasta,0.018848292704535426,6.828440710821892e-05,0.46351048941982814,CM
,235560,Contig_987858.fasta,0.022492927127034018,9.785681982190473e-05,0.4700289694317595,CM
,235560,Contig_55763.fasta,0.01540217382920563,4.313840980503021e-05,0.4573937820814434,CM
,235560,Contig_420346.fasta,0.00963484439810514,1.6258976235405553e-05,0.44122002741095384,CM
,235560,Contig_370486.fasta,0.016532483817978283,4.965799636225628e-05,0.4594146677165602,CM
,235560,Contig_420797.fasta,0.005865685408953917,5.4337910917493314e-06,0.41890227311487604,CM
,235560,Contig_2842.fasta,0.003403303386123697,1.5491758957829336e-06,0.38134787210213245,CM
,235560,Contig_54955.fasta,0.02252702434059968,9.959671494841336e-05,0.4712123253467438,CM
,235560,Contig_53894.fasta,0.01873788957597576,6.791240650608609e-05,0.4639700932764666,CM
,235560,Contig_54153.fasta,0.019783565049560067,7.669526207828793e-05,0.4662818525852681,CM
,235560,Contig_1061936.fasta,0.0110461759161767,2.621027256184935e-05,0.44542012286465166,CM
,235560,Contig_55116.fasta,0.024447021233625472,0.00012501651872008176,0.47479841610280726,CM
,235560,Contig_922.fasta,0.0,0.0,0.0,CM
,235560,Contig_552669.fasta,0.0056055758496114,6.03844389674919e-06,0.4118959850962293,CM
,235560,Contig_1270681.fasta,0.015932528719178548,4.5130112321017955e-05,0.45539059763437134,CM
,235560,Contig_986945.fasta,0.01992503918181182,8.215972690037394e-05,0.46932180448276484,CM
,235560,Contig_137360.fasta,0.02346455947053996,0.00010593521968926946,0.47073826868140495,CM
,235560,Contig_985270.fasta,0.011935849455201238,2.2592177631413247e-05,0.44542012286465166,CM
,235560,Contig_59388.fasta,0.013102837420942535,2.925876823545436e-05,0.4505670092145561,CM
,235560,Contig_138131.fasta,0.021926665615688755,9.765185564307845e-05,0.4688515421536238,CM
,235560,Contig_4065.fasta,0.023412995620069404,0.00010995602293099603,0.47168733777148847,CM
,235560,Contig_53742.fasta,0.001236018404077908,0.0,0.31841703917612557,CM
,235560,Contig_371523.fasta,0.015191091820095036,4.456297567293297e-05,0.4573937820814434,CM
,235560,Contig_24574115.fasta,0.020775288809730414,8.299379299249834e-05,0.4662818525852681,CM
,235560,Contig_422544.fasta,0.0087894865383578,1.2986840665606642e-05,0.43832678132957054,CM
,235560,Contig_499233.fasta,0.021230107362673792,8.82115482296496e-05,0.46791383906931655,CM
,235560,Contig_542382.fasta,0.0,0.0,0.0,CM
,235560,Contig_542716.fasta,0.014234777053869722,3.716335655769865e-05,0.45406486081447506,CM
,235560,Contig_131534.fasta,0.004539978948511953,3.0878925401320064e-06,0.39603371905993784,CM
,235560,Contig_1066498.fasta,0.02435642370846995,0.00012582996414377934,0.47479841610280726,CM
,235560,Contig_137822.fasta,0.004855772148589982,3.0850893021705694e-06,0.40302656250587127,CM
,235560,Contig_59872.fasta,0.0232560490060754,0.0001056376772263292,0.4714497119086313,CM
,235560,Contig_498523.fasta,0.007155063957943666,9.931426466919862e-06,0.4286888127066574,CM
,235560,Contig_57119.fasta,0.023264871580040532,0.00011184917832342638,0.471925203297344,CM
,235560,Contig_1067031.fasta,0.00839595837033194,1.2846415017950189e-05,0.4344603891080005,CM
,235560,Contig_372145.fasta,0.0069856708294477035,7.829530149483515e-06,0.42230490890732536,CM
,235560,Contig_1062612.fasta,0.009840598779273974,2.0013867792677584e-05,0.44584453460630447,CM
,235560,Contig_422254.fasta,0.027826619080435745,0.00015807918511389555,0.4774631010911394,CM
,235560,Contig_1123102.fasta,0.016498322643500155,5.102533187583e-05,0.4585142960012901,CM
,235560,Contig_59049.fasta,0.020491183367244283,8.459508620768353e-05,0.46861676421564,CM
,235560,Contig_209172.fasta,0.025675941737796967,0.00013305104749552295,0.47479841610280726,CM
,235560,Contig_56634.fasta,0.0035172891937575385,1.4486523558580688e-06,0.3827516066006679,CM
,235560,Contig_3298.fasta,0.0,0.0,0.0,CM
,235560,Contig_369021.fasta,0.018699451499795905,7.016795154344236e-05,0.4644306094980809,CM
,235560,Contig_304922.fasta,0.017560416651490038,6.106165548330917e-05,0.4637401774720679,CM
,235560,Contig_930796.fasta,0.017576468825930096,6.270879100501761e-05,0.4637401774720679,CM
,235560,Contig_368021.fasta,0.016028167142686598,5.048959222032869e-05,0.4578413298134213,CM
,235560,Contig_545617.fasta,0.0,0.0,0.0,CM
,235560,Contig_131608.fasta,0.003582125769073395,1.5237718275880225e-06,0.3881491821396238,CM
,235560,Contig_370934.fasta,0.02446368652135491,0.000122189720773738,0.47407683796283334,CM
,235560,Contig_369398.fasta,0.022830356809417196,0.00010888155730170575,0.471925203297344,CM
,235560,Contig_1064046.fasta,0.01632416037168149,4.862202123673105e-05,0.4582897542304766,CM
,235560,Contig_991399.fasta,0.024449405155367636,0.00012318413108834214,0.47383679905753573,CM
,235560,Contig_55830.fasta,0.023147084022280006,0.00010781015418620967,0.4714497119086313,CM
,235560,Contig_57305.fasta,0.003338578656519075,1.6086370179195632e-06,0.3793383373079177,CM
,235560,Contig_1063323.fasta,0.02546937833069589,0.00013385468047251108,0.4755221941761347,CM
,235560,Contig_554259.fasta,0.0,0.0,0.0,CM
,235560,Contig_1066500.fasta,0.014019957132947874,3.6261233451452265e-05,0.4520906657674556,CM
,235560,Contig_59255.fasta,0.002511623562410209,5.942718919510753e-07,0.36727930853164564,CM
,235560,Contig_371829.fasta,0.02258195732970715,0.0001015195475399105,0.46979301111377164,CM
,235560,Contig_500065.fasta,0.008691640504848401,1.4188142472670897e-05,0.43935571743597795,CM
,235560,Contig_368285.fasta,0.006991386421009207,1.09349626829959e-05,0.42479694876923885,CM
,235560,Contig_542537.fasta,0.003423645764718422,1.980275310090195e-06,0.3782650275418889,CM
,235560,Contig_986865.fasta,0.01771400639521173,6.270309761043704e-05,0.4632810287815015,CM
,235560,Contig_60641.fasta,0.01889977085972984,6.342009090273107e-05,0.46259400797757444,CM
,235560,Contig_425558.fasta,0.007194786639468553,8.454849356328792e-06,0.42829642020074743,CM
,235560,Contig_1262982.fasta,0.00842526105936876,1.1676606902067401e-05,0.433454227947491,CM
,235560,Contig_305.fasta,0.002451419198684963,6.537779586982097e-07,0.36230262413419784,CM
,235560,Contig_420386.fasta,0.022531910625640864,0.00011041067441454595,0.4726402414841581,CM
,235560,Contig_553448.fasta,0.001113327649997085,0.0,0.30713084284169123,CM
,235560,Contig_138817.fasta,0.007270361064373247,9.518756366564735e-06,0.43006786679165127,CM
,235560,Contig_371446.fasta,0.008006337452116234,1.0778499110904476e-05,0.4265395069000151,CM
,235560,Contig_994196.fasta,0.019658198568593282,7.727148407749251e-05,0.4660496405072874,CM
,235560,Contig_501364.fasta,0.025418952118184422,0.00013554478123910892,0.4755221941761347,CM
,235560,Contig_546659.fasta,0.01629472589860129,5.7086396319674366e-05,0.46259400797757444,CM
,235560,Contig_990528.fasta,0.02522992326093058,0.00012642766436785763,0.473357449741342,CM
,235560,Contig_371562.fasta,0.025127625830541376,0.0001276082297349046,0.47383679905753573,CM
,235560,Contig_423997.fasta,0.02741352609870477,0.00015667878805507806,0.4774631010911394,CM
,235560,Contig_57926.fasta,0.004928447193345971,4.17627974326341e-06,0.4118959850962293,CM
,235560,Contig_309752.fasta,0.004942562825120362,3.6964423486217605e-06,0.4120773571724496,CM
,235560,Contig_57120.fasta,0.01387718160637022,3.5796911539512194e-05,0.45252789078270456,CM
,235560,Contig_200999.fasta,0.010571854054872135,2.17248539384463e-05,0.44542012286465166,CM
,235560,Contig_499237.fasta,0.006973341888027884,7.760090193951473e-06,0.42230490890732536,CM
,235560,Contig_542386.fasta,0.002214198946266661,5.84869918400089e-07,0.3486690306030675,CM
,235560,Contig_131530.fasta,0.012106313950822484,2.6917701661416964e-05,0.4527468205798902,CM
,235560,Contig_501205.fasta,0.027435493940443246,0.00015855264857563293,0.4779508059952161,CM
,235560,Contig_2219.fasta,0.0,0.0,0.0,CM
,235560,Contig_139618.fasta,0.02775149833580302,0.0001566293425055702,0.4772196216923167,CM
,235560,Contig_549709.fasta,0.0056205630163098114,5.578825799376116e-06,0.4109915143340505,CM
,235560,Contig_502136.fasta,0.025129801266188592,0.00013471277712522715,0.47528068976060595,CM
,235560,Contig_132297.fasta,0.015291365251558034,4.686412463362777e-05,0.4596403134276194,CM
,235560,Contig_305531.fasta,0.028836370725851462,0.00017121351273850481,0.478439508250835,CM
,235560,Contig_61421.fasta,0.02676452293162808,0.00014706868895438473,0.47673340710067913,CM
,235560,Contig_500205.fasta,0.005879656020549484,6.7733023318352856e-06,0.41555403114504136,CM
,235560,Contig_59070.fasta,0.02674280837694083,0.00014359007973357066,0.47624818225884635,CM
,235560,Contig_929505.fasta,0.01786861366406584,6.238984181740778e-05,0.4644306094980809,CM
,235560,Contig_24570476.fasta,0.018371569154290064,6.541962630761665e-05,0.4616811436303074,CM
,235560,Contig_53402.fasta,0.017218761348789073,5.782376395094732e-05,0.4585142960012901,CM
,235560,Contig_53447.fasta,0.019537699373307658,7.707253941520114e-05,0.4665142961807742,CM
,235560,Contig_137449.fasta,0.007871577113904779,1.131102828223469e-05,0.4277091764801797,CM
,235560,Contig_133990.fasta,0.0,0.0,0.0,CM
,235560,Contig_134851.fasta,0.02356525100013393,0.00010634359942285279,0.471925203297344,CM
,235560,Contig_425439.fasta,0.018916312401890914,7.00354525009885e-05,0.46558590952170803,CM
,235560,Contig_131631.fasta,0.004708029642267857,3.5534333313874964e-06,0.40494490616124323,CM
,235560,Contig_1261393.fasta,0.013029221140948843,3.128405294222827e-05,0.4512187454863226,CM
,235560,Contig_369735.fasta,0.011927430951616198,2.6119550325191818e-05,0.44648267086766846,CM
,235560,Contig_56198.fasta,0.02434872043126711,0.00012069773721589327,0.473357449741342,CM
,235560,Contig_307546.fasta,0.005152372669753075,3.7930472513797244e-06,0.4117147726082856,CM
,235560,Contig_303510.fasta,0.001236018404077908,0.0,0.31841703917612557,CM
,235560,Contig_372408.fasta,0.0036005006532034427,1.53833184478001e-06,0.3881491821396238,CM
,235560,Contig_131842.fasta,0.0059541043050818495,5.162206828918998e-06,0.4183404908979138,CM
,235560,Contig_368140.fasta,0.016401166370588964,5.531951207265113e-05,0.4632810287815015,CM
,235560,Contig_986732.fasta,0.016757075539582042,5.0564420547948346e-05,0.4591892434438828,CM
,235560,Contig_302982.fasta,0.007277995293735033,9.254213933302949e-06,0.4267340073591578,CM
,235560,Contig_988949.fasta,0.01528992665821976,4.761552877879887e-05,0.4582897542304766,CM
,235560,Contig_61678.fasta,0.02620697201372058,0.00014291679985382162,0.47600594005016944,CM
,235560,Contig_498868.fasta,0.014990980560100035,3.9408913320067313e-05,0.453185316289895,CM
,235560,Contig_1065964.fasta,0.0,0.0,0.0,CM
,235560,Contig_57454.fasta,0.02454065661766222,0.00011741069454475838,0.47287906929693435,CM
,235560,Contig_370810.fasta,0.016227033825384988,5.403237295614655e-05,0.46122606118217496,CM
,235560,Contig_372325.fasta,0.02779314146723357,0.00015605969928825036,0.4772196216923167,CM
,235560,Contig_542961.fasta,0.003868392613664842,1.3449164552009701e-06,0.3925451670044602,CM
,235560,Contig_58291.fasta,0.011362942199792198,2.344321748779557e-05,0.4410121009135877,CM
,235560,Contig_555161.fasta,0.017359203198454368,5.982506088847157e-05,0.4616811436303074,CM
,235560,Contig_711078.fasta,0.02300486638057914,0.00011080402067869482,0.471925203297344,CM
,235560,Contig_502392.fasta,0.014114913428104104,3.672853672710925e-05,0.4534048828191052,CM
,235560,Contig_553434.fasta,0.013876077456693595,3.9072717402443564e-05,0.45494782602753187,CM
,235560,Contig_135566.fasta,0.02023473262925288,7.691796022451391e-05,0.4669798793106951,CM
,235560,Contig_201082.fasta,0.01625141375456773,4.763468589284678e-05,0.4571703361693371,CM
,235560,Contig_544432.fasta,0.014461171421651552,3.890844794028967e-05,0.4558342319233478,CM
,235560,Contig_132870.fasta,0.010139714337087715,1.9820859684758494e-05,0.4410121009135877,CM
,235560,Contig_553471.fasta,0.020271483195077343,8.36784502722387e-05,0.4669798793106951,CM
,235560,Contig_1037.fasta,0.0,0.0,0.0,CM
,235560,Contig_702135.fasta,0.015928053021726462,4.659820575734649e-05,0.4591892434438828,CM
,235560,Contig_61579.fasta,0.013390816033941133,3.5379438447606287e-05,0.4542852806498219,CM
,235560,Contig_56384.fasta,0.023888567847614776,0.00011320723549695362,0.4721633088489572,CM
,235560,Contig_371783.fasta,0.009046963499807433,1.585224089274755e-05,0.4348641627038258,CM
,235560,Contig_303179.fasta,0.004370428116752288,2.6171993693123598e-06,0.3932049067809382,CM
,235560,Contig_370352.fasta,0.01603757066624125,5.2050364548596494e-05,0.4596403134276194,CM
,235560,Contig_422425.fasta,0.012839516234609678,2.9848099583521614e-05,0.4481933324418741,CM
,235560,Contig_1063026.fasta,0.015405754001417884,4.443145201495389e-05,0.45806543227539553,CM
,235560,Contig_371407.fasta,0.029068223553279617,0.00016996949643272827,0.478439508250835,CM
,235560,Contig_4902.fasta,0.0220593173133267,9.868737789260311e-05,0.4700289694317595,CM
,235560,Contig_4141.fasta,0.019801449940890115,7.066526403676048e-05,0.4639700932764666,CM
,235560,Contig_53623.fasta,0.017788130491071433,6.249308981079828e-05,0.46512310046651745,CM
,235560,Contig_992810.fasta,0.011532202166483754,2.521635520872828e-05,0.44648267086766846,CM
,235560,Contig_544367.fasta,0.0013521545413120993,0.0,0.3311492137787095,CM
,235560,Contig_58581.fasta,0.018513581221202006,6.657521533243872e-05,0.4637401774720679,CM
,235560,Contig_58115.fasta,0.022291789649702107,9.408614251651948e-05,0.4688515421536238,CM
,235560,Contig_550017.fasta,0.004798792756782158,3.4559599198205035e-06,0.4037220354351308,CM
,235560,Contig_368514.fasta,0.006951245189569108,9.051920490440993e-06,0.4249898629149106,CM
,235560,Contig_370392.fasta,0.022034123621834784,9.702372737549097e-05,0.47026516489378545,CM
,235560,Contig_208096.fasta,0.004802371891656668,4.461285852968915e-06,0.4061752075254484,CM
,235560,Contig_4205.fasta,0.0022474223962223243,6.38809335858997e-07,0.35461450478917506,CM
,235560,Contig_1064672.fasta,0.01888461172488822,6.513667211549292e-05,0.4639700932764666,CM
,235560,Contig_59251.fasta,0.009707241488104808,1.5268604207810256e-05,0.4379165550484947,CM
,235560,Contig_3038.fasta,0.012513829870593763,2.687466024033684e-05,0.4462697559077888,CM
,235560,Contig_135971.fasta,0.02191096006939168,9.383277850399667e-05,0.46838222129060714,CM
,235560,Contig_502317.fasta,0.010410625577968421,1.9584610964330987e-05,0.4435202266059872,CM
,235560,Contig_61645.fasta,0.011680808888691031,2.4947987023447505e-05,0.4471226364733077,CM
,235560,Contig_62576.fasta,0.020775446541378736,8.679842968713288e-05,0.4674463926766399,CM
,235560,Contig_542533.fasta,0.003786257161919076,1.5656750920836747e-06,0.3918876374114879,CM
,235560,Contig_131711.fasta,0.009031732861908993,1.6146327954148902e-05,0.43648679017660125,CM
,235560,Contig_422009.fasta,0.008047712727267411,1.1079985784360052e-05,0.4292787514397399,CM
,235560,Contig_62533.fasta,0.01958955857496555,8.056078697457359e-05,0.466746971640216,CM
,235560,Contig_993317.fasta,0.027803356572124835,0.00015641161539739506,0.4772196216923167,CM
,235560,Contig_985521.fasta,0.0023682569319900646,7.099912217656638e-07,0.36385212991393195,CM
,235560,Contig_543303.fasta,0.01264970073916276,3.086782613964327e-05,0.4481933324418741,CM
,235560,Contig_929538.fasta,0.011915199401100956,2.439379728366717e-05,0.44648267086766846,CM
,235560,Contig_542346.fasta,0.0,0.0,0.0,CM
,235560,Contig_58424.fasta,0.006392201833086231,6.17656163739164e-06,0.42479694876923885,CM
,235560,Contig_797832.fasta,0.020189308916694595,8.097688455480449e-05,0.4688515421536238,CM
,235560,Contig_368823.fasta,0.02422429477233483,0.00012287987141020476,0.47407683796283334,CM
,235560,Contig_548470.fasta,0.004825665490042505,3.6882917141633767e-06,0.4058229306759033,CM
,235560,Contig_57574.fasta,0.027446642636314224,0.00015666621303302923,0.4774631010911394,CM
,235560,Contig_988707.fasta,0.024287021383351936,0.0001197695937753285,0.4726402414841581,CM
,235560,Contig_421262.fasta,0.021200540890853117,9.275642742962582e-05,0.470501597857533,CM
,235560,Contig_985249.fasta,0.013247116871583595,3.2804149885234764e-05,0.45143641010064306,CM
,235560,Contig_371975.fasta,0.015356235855549795,4.2810169321601775e-05,0.4571703361693371,CM
,235560,Contig_56531.fasta,0.022442449699394063,9.759929979331315e-05,0.4700289694317595,CM
,235560,Contig_1063517.fasta,0.01638946721492806,5.298129844978611e-05,0.46077187500671246,CM
,235560,Contig_990987.fasta,0.02071510916714897,8.874396316825843e-05,0.4674463926766399,CM
,235560,Contig_993626.fasta,0.014991632215655302,4.7844857955497016e-05,0.45694710846612946,CM
,235560,Contig_542496.fasta,0.004731759407297261,4.0161499446558105e-06,0.40564702129979757,CM
,235560,Contig_372104.fasta,0.025481856265537863,0.00013156336662747682,0.47479841610280726,CM
,235560,Contig_131548.fasta,0.012999783996843976,2.9894883355594403e-05,0.44905358835826925,CM
,235560,Contig_308042.fasta,0.011348679032164652,2.542447632098725e-05,0.44436262019878114,CM
,235560,Contig_421163.fasta,0.004312233990198406,3.828206207658557e-06,0.39603371905993784,CM
,235560,Contig_54197.fasta,0.014541990390303936,4.492361621964875e-05,0.4551691041530317,CM
,235560,Contig_990000.fasta,0.02188182442076518,9.962857971700802e-05,0.4714497119086313,CM
,235560,Contig_369631.fasta,0.02000300234530336,7.589169818930319e-05,0.4660496405072874,CM
,235560,Contig_543552.fasta,0.01670887487312433,5.680513145337423e-05,0.4582897542304766,CM
,235560,Contig_542517.fasta,0.01853286219996753,6.130066488675477e-05,0.46054511719420915,CM
,235560,Contig_131735.fasta,0.011717908198401204,2.603264148916759e-05,0.4456322276850634,CM
,235560,Contig_5549.fasta,0.010197488216740097,2.0912593026452518e-05,0.44122002741095384,CM
,235560,Contig_501494.fasta,0.01398650776115729,3.8593700427913824e-05,0.45450591458894274,CM
,235560,Contig_1062303.fasta,0.02052138558038957,8.446597597586101e-05,0.4669798793106951,CM
,235560,Contig_368159.fasta,0.008023004221292913,1.168749277611854e-05,0.4310583501329494,CM
,235560,Contig_1199449.fasta,0.013181129718238245,3.424730716710427e-05,0.453185316289895,CM
,235560,Contig_704055.fasta,0.015419147292694479,4.821212450916174e-05,0.4596403134276194,CM
,235560,Contig_55016.fasta,0.00871148012601067,1.0095344574614373e-05,0.4316548330897754,CM
,235560,Contig_54053.fasta,0.007402227378403471,7.756665358130106e-06,0.4275137862670777,CM
,235560,Contig_546419.fasta,0.010177207611437146,2.090444338660561e-05,0.44331012701972194,CM
,235560,Contig_59189.fasta,0.02389028539756171,0.00011608805010723115,0.47287906929693435,CM
,235560,Contig_59558.fasta,0.007188879756297576,8.437694313077283e-06,0.42634518366224744,CM
,235560,Contig_546876.fasta,0.003315584644099518,1.6620548681787054e-06,0.3811925369200135,CM
,235560,Contig_548299.fasta,0.0200293440125667,7.861391539198818e-05,0.46721301954000655,CM
,235560,Contig_60525.fasta,0.010562685430526167,2.1363264911972836e-05,0.4437305254332068,CM
,235560,Contig_550033.fasta,0.0013521545413120993,0.0,0.3311492137787095,CM
,235560,Contig_208849.fasta,0.019786739466447212,7.903091749125926e-05,0.46767999906978164,CM
,235560,Contig_57061.fasta,0.021376819654426404,9.284912456248673e-05,0.47097517772452596,CM
,235560,Contig_1062496.fasta,0.017506357006343096,6.0361803792211366e-05,0.4630517952195117,CM
,235560,Contig_303608.fasta,0.013650348269135706,3.5839819391254656e-05,0.4512187454863226,CM
,235560,Contig_420777.fasta,0.019461453204130844,7.892196081578254e-05,0.4662818525852681,CM
,235560,Contig_1063002.fasta,0.020424267479113037,7.876010872488352e-05,0.46535438992473055,CM
,235560,Contig_54352.fasta,0.0021936904676367,4.084334391685289e-07,0.34997295367936915,CM
,235560,Contig_1063047.fasta,0.004634970159805766,3.4195912959767917e-06,0.40250652823167016,CM
,235560,Contig_53607.fasta,0.022351719406752964,0.00010325387882210989,0.471925203297344,CM
,235560,Contig_372120.fasta,0.022127111653469526,9.908391265661712e-05,0.470501597857533,CM
,235560,Contig_549384.fasta,0.02168182861649791,0.00010125003866555403,0.471925203297344,CM
,235560,Contig_1061993.fasta,0.019849428574483942,7.925014239346197e-05,0.46721301954000655,CM
,235560,Contig_553689.fasta,0.007223149703114541,8.648137525514312e-06,0.4259570678828553,CM
,235560,Contig_990531.fasta,0.024641032754088764,0.00011776115815454347,0.471925203297344,CM
,235560,Contig_554020.fasta,0.014452210639591746,3.465725344772803e-05,0.45296596231298797,CM
,235560,Contig_502647.fasta,0.012627946527963112,3.229069660142842e-05,0.449484955878306,CM
,235560,Contig_135462.fasta,0.008996013340041352,1.6506557661701367e-05,0.43730265333580987,CM
,235560,Contig_1063919.fasta,0.014505198266573706,3.794613641138797e-05,0.45539059763437134,CM
,235560,Contig_372299.fasta,0.011243241678576403,2.1450837789580467e-05,0.442681020879202,CM
,235560,Contig_622402.fasta,0.021714136729388708,9.609362345852103e-05,0.46979301111377164,CM
,235560,Contig_1065023.fasta,0.020900245355410064,8.480516062040913e-05,0.4674463926766399,CM
,235560,Contig_552588.fasta,0.008168786817736426,1.381497604460407e-05,0.4324527163302371,CM
,235560,Contig_367957.fasta,0.013768015190088136,3.749699768358251e-05,0.45296596231298797,CM
,235560,Contig_308367.fasta,0.023429414286157677,0.00010925921232628709,0.471925203297344,CM
,235560,Contig_59368.fasta,0.025181264133600327,0.0001316505242428488,0.4750394305272249,CM
,235560,Contig_705620.fasta,0.019444946512918258,8.14117277934307e-05,0.4674463926766399,CM
,235560,Contig_305590.fasta,0.02245990735244427,0.00010374255922577442,0.4724016547898198,CM
,235560,Contig_554364.fasta,0.012995202127404133,2.9000662561419097e-05,0.4492691685735156,CM
,235560,Contig_502546.fasta,0.014483912943920377,3.8134715369277505e-05,0.45450591458894274,CM
,235560,Contig_985191.fasta,0.015985781129086458,5.306510286469912e-05,0.45873905791109465,CM
,235560,Contig_425799.fasta,0.02515106733433866,0.00013555844255734145,0.47528068976060595,CM
,235560,Contig_368001.fasta,0.01745077527120787,5.8877000615803814e-05,0.46145349020642656,CM
,235560,Contig_501675.fasta,0.02095321630942311,8.777961720560423e-05,0.46861676421564,CM
,235560,Contig_62362.fasta,0.013866477846435623,4.0019566559410014e-05,0.4562787314181536,CM
,235560,Contig_60857.fasta,0.013572446393547873,3.2501682759685966e-05,0.4492691685735156,CM
,235560,Contig_202275.fasta,0.013661394248399102,3.680985737990476e-05,0.4565013064090893,CM
,235560,Contig_131650.fasta,0.021733775082074077,9.48498307830904e-05,0.46908655545796146,CM
,235560,Contig_542472.fasta,0.005576553437290533,5.983186751106239e-06,0.41063083727013294,CM
,235560,Contig_547680.fasta,0.009404295248156646,1.6633660521542587e-05,0.4385321828203529,CM
,235560,Contig_499586.fasta,0.005867330507790948,5.058387485014569e-06,0.4151853052966429,CM
,235560,Contig_136305.fasta,0.02215432103816464,9.168835352091825e-05,0.46861676421564,CM
,235560,Contig_369711.fasta,0.013715140483945893,3.519306166994927e-05,0.4512187454863226,CM
,235560,Contig_61741.fasta,0.02163179785212276,9.937366565715434e-05,0.470501597857533,CM
,235560,Contig_498586.fasta,0.0229947553024169,0.00011235135752689428,0.4731181385938489,CM
,235560,Contig_138210.fasta,0.002645901215754414,8.86960151604729e-07,0.3771977743404406,CM
,235560,Contig_1522.fasta,0.004609865604635555,3.930904674334601e-06,0.40302656250587127,CM
,235560,Contig_54173.fasta,0.0022507792370958786,4.837374800363657e-07,0.35327583168691323,CM
,235560,Contig_58478.fasta,0.012348677619395957,2.405282488202547e-05,0.4481933324418741,CM
,235560,Contig_2611.fasta,0.021423473284371695,9.17351550090863e-05,0.46932180448276484,CM
,235560,Contig_547115.fasta,0.024771736378648917,0.00012463373446860944,0.4743171201919073,CM
,235560,Contig_368410.fasta,0.019666347241755228,7.762894395295107e-05,0.46535438992473055,CM
,235560,Contig_547150.fasta,0.010333372742976825,2.236949613026655e-05,0.44436262019878114,CM
,235560,Contig_550156.fasta,0.0184011237960572,6.459385638891952e-05,0.4637401774720679,CM
,235560,Contig_60405.fasta,0.019765865710918918,7.789059075655635e-05,0.466746971640216,CM
,235560,Contig_59852.fasta,0.028776607090774845,0.00016951714103852404,0.478439508250835,CM
,235560,Contig_985114.fasta,0.015037575518656726,4.157514531424536e-05,0.4558342319233478,CM
,235560,Contig_502586.fasta,0.018385536556108,7.038706041645975e-05,0.46512310046651745,CM
,235560,Contig_201696.fasta,0.007505390720363537,8.480881295832384e-06,0.4290819248686993,CM
,235560,Contig_56590.fasta,0.01156752793166309,2.5622684160648917e-05,0.4462697559077888,CM
,235560,Contig_369378.fasta,0.022271467007539007,9.49950863136896e-05,0.47026516489378545,CM
,235560,Contig_424031.fasta,0.02602135669723708,0.0001288273972564727,0.47407683796283334,CM
,235560,Contig_549045.fasta,0.0,0.0,0.0,CM
,235560,Contig_138952.fasta,0.018814268175478755,6.46177470082356e-05,0.4637401774720679,CM
,235560,Contig_500549.fasta,0.01660477910719034,5.3133567383729044e-05,0.46145349020642656,CM
,235560,Contig_54272.fasta,0.019532788845544737,7.860404915868008e-05,0.4662818525852681,CM
,235560,Contig_53762.fasta,0.0210388258464901,9.000603277940081e-05,0.46908655545796146,CM
,235560,Contig_57141.fasta,0.0037205051532876953,1.7241198907325527e-06,0.3918876374114879,CM
,235560,Contig_420657.fasta,0.0,0.0,0.0,CM
,235560,Contig_804876.fasta,0.02064796601356417,8.207844486181418e-05,0.46512310046651745,CM
,235560,Contig_367997.fasta,0.009188519412483104,1.5103586578925485e-05,0.43730265333580987,CM
,235560,Contig_54093.fasta,0.02109388742248076,8.604155480893508e-05,0.46838222129060714,CM
,235560,Contig_985009.fasta,0.0035148263738041872,1.3713545507621164e-06,0.3844813796789782,CM
,235560,Contig_209831.fasta,0.01796676429759286,6.068106894861174e-05,0.4621371250067324,CM
,235560,Contig_59149.fasta,0.02892429934815846,0.0001722342219660103,0.4789292109204878,CM
,235560,Contig_54407.fasta,0.016393767494244513,4.8092133654225186e-05,0.45806543227539553,CM
,235560,Contig_305408.fasta,0.012174638833657419,2.3465382878717483e-05,0.4456322276850634,CM
,235560,Contig_501379.fasta,0.017887590968652188,6.300047375441073e-05,0.4644306094980809,CM
,235560,Contig_55093.fasta,0.01892901234433846,7.38874695491457e-05,0.46721301954000655,CM
,235560,Contig_806573.fasta,0.012405156978223508,3.367264435442869e-05,0.4520906657674556,CM
,235560,Contig_60235.fasta,0.027446642636314224,0.00015666621303302923,0.4774631010911394,CM
,235560,Contig_501085.fasta,0.0011944237407286533,0.0,0.31403613360356813,CM
,235560,Contig_302635.fasta,0.01787802562581964,5.987346698854452e-05,0.4630517952195117,CM
,235560,Contig_213217.fasta,0.0012937466744423146,0.0,0.32595878723045385,CM
,235560,Contig_204678.fasta,0.001077687952022174,0.0,0.3037415378573947,CM
,235560,Contig_498809.fasta,0.02644840947634551,0.00014747510072620499,0.47673340710067913,CM
,235560,Contig_134968.fasta,0.011447016477221968,2.4431413423439563e-05,0.44478501812672677,CM
,235560,Contig_555569.fasta,0.00607595648507767,5.825040798035195e-06,0.42230490890732536,CM
,235560,Contig_420323.fasta,0.0035329482753515447,1.5874590880030689e-06,0.3835359336633742,CM
,235560,Contig_7.fasta,0.001236018404077908,0.0,0.31841703917612557,CM
,235560,Contig_370077.fasta,0.024077586343566333,0.00012210997100972563,0.4745576461149255,CM
,235560,Contig_24574329.fasta,0.015286912596798654,4.9349074099370396e-05,0.46077187500671246,CM
,235560,Contig_207266.fasta,0.023599509351931603,0.00010530376880162496,0.46979301111377164,CM
,235560,Contig_499722.fasta,0.015329878713054771,4.739300150320996e-05,0.4589640402837828,CM
,235560,Contig_1201189.fasta,0.022696574701437308,0.00010279968905935726,0.46979301111377164,CM
,235560,Contig_500710.fasta,0.023579413431666,0.00010569695904289893,0.4700289694317595,CM
,235560,Contig_135292.fasta,0.019626058284298305,7.542109158549947e-05,0.4660496405072874,CM
,235560,Contig_204110.fasta,0.0,0.0,0.0,CM
,235560,Contig_500384.fasta,0.028956176956639833,0.00016975248479096625,0.4781950322629704,CM
,235560,Contig_4002.fasta,0.001095264631159301,0.0,0.3047306018035275,CM
,235560,Contig_421610.fasta,0.005943155539033396,7.164135387164098e-06,0.42211442405892335,CM
,235560,Contig_138156.fasta,0.021588027382197374,9.273378419307865e-05,0.4700289694317595,CM
,235560,Contig_792548.fasta,0.013808350686466714,3.689089262282677e-05,0.45384465477140307,CM
,235560,Contig_131553.fasta,0.004866477596557055,2.9777940752202848e-06,0.40407067277143055,CM
,235560,Contig_368086.fasta,0.007090344742885193,9.688391769299027e-06,0.4265395069000151,CM
,235560,Contig_544261.fasta,0.004694300079493373,3.499907179486423e-06,0.40302656250587127,CM
,235560,Contig_796891.fasta,0.017576518353811993,6.264096466861426e-05,0.46351048941982814,CM
,235560,Contig_137006.fasta,0.0025907858028915444,6.984074127040092e-07,0.3713601897375528,CM
,235560,Contig_546911.fasta,0.0011374515870987935,0.0,0.3104935892961623,CM
,235560,Contig_369838.fasta,0.010570614852214428,1.9509371813642062e-05,0.4422626078159892,CM
,235560,Contig_426807.fasta,0.021901826667808415,9.6341264942867e-05,0.46932180448276484,CM
,235560,Contig_54932.fasta,0.022488248093160655,9.950694700411568e-05,0.47073826868140495,CM
,235560,Contig_931789.fasta,0.004554243513047586,2.5464277074416478e-06,0.39603371905993784,CM
,235560,Contig_1064731.fasta,0.00923397830308919,1.5954360546169804e-05,0.4362832998315306,CM
,235560,Contig_135719.fasta,0.015746660448498904,5.325216522744496e-05,0.46009227047130435,CM
,235560,Contig_499678.fasta,0.0,0.0,0.0,CM
,235560,Contig_542470.fasta,0.02101493962593647,8.0854674649313e-05,0.46558590952170803,CM
,235560,Contig_368756.fasta,0.006762507808522599,8.876393571109282e-06,0.4198419372537609,CM
,235560,Contig_420279.fasta,0.00917353163373795,1.753252134423831e-05,0.43914954394116995,CM
,235560,Contig_993254.fasta,0.02243895757506086,9.493898934336306e-05,0.4700289694317595,CM
,235560,Contig_985217.fasta,0.019345462250232162,6.880786985478534e-05,0.46466121059515053,CM
,235560,Contig_61392.fasta,0.011680158969768014,2.395472922440603e-05,0.44310022639139823,CM
,235560,Contig_502254.fasta,0.016534598464857327,5.270245543834939e-05,0.4591892434438828,CM
,235560,Contig_500961.fasta,0.02578036316776185,0.00013343063072086624,0.47576394414775447,CM
,235560,Contig_544966.fasta,0.003748139084391708,2.1003456354669037e-06,0.39737905653445144,CM
,235560,Contig_133780.fasta,0.016476162345146265,4.59871308236508e-05,0.4567240986523344,CM
,235560,Contig_62691.fasta,0.012892806305929502,3.234490204062708e-05,0.45252789078270456,CM
,235560,Contig_368166.fasta,0.013542128815617095,3.9552612887503095e-05,0.453185316289895,CM
,235560,Contig_429761.fasta,0.002278648011223513,7.279561289661593e-07,0.35841734130165953,CM
,235560,Contig_302536.fasta,0.018533084367879295,6.551198872105473e-05,0.46259400797757444,CM
,235560,Contig_987380.fasta,0.019491021010041763,7.61582567402298e-05,0.46558590952170803,CM
,235560,Contig_554697.fasta,0.0,0.0,0.0,CM
,235560,Contig_549533.fasta,0.01946351452771785,7.15517121287025e-05,0.46282278839695007,CM
,235560,Contig_3825.fasta,0.0021939001253117128,6.944915777374687e-07,0.3502349094830214,CM
,235560,Contig_43.fasta,0.002459290721883439,4.5596146863546846e-07,0.36300530571708034,CM
,235560,Contig_542528.fasta,0.013570716931736839,3.323411197965618e-05,0.4523091726141291,CM
,235560,Contig_993798.fasta,0.02429250719999933,0.00011602739586642321,0.471925203297344,CM
,235560,Contig_24569072.fasta,0.006599962408252398,8.375970383026217e-06,0.41946556617598973,CM
,235560,Contig_545414.fasta,0.0022816190899436987,4.308361670910632e-07,0.3519472275812836,CM
,235560,Contig_53638.fasta,0.01669150665504012,5.531753262501537e-05,0.46145349020642656,CM
,235560,Contig_137636.fasta,0.009549242381636222,1.3272126325228543e-05,0.43365508718194307,CM
,235560,Contig_59666.fasta,0.0037373070999813227,2.093486169452503e-06,0.39536446055709046,CM
,235560,Contig_302672.fasta,0.018602026019438535,7.029368288208084e-05,0.46535438992473055,CM
,235560,Contig_310012.fasta,0.0038916551219757524,1.5161681720199889e-06,0.39503067882593207,CM
,235560,Contig_795668.fasta,0.01650044615442242,4.8874750169760166e-05,0.4585142960012901,CM
,235560,Contig_372002.fasta,0.010620994859224788,2.3299480865646274e-05,0.4484080872729435,CM
,235560,Contig_309907.fasta,0.02508220311628039,0.00013209275933429924,0.4755221941761347,CM
,235560,Contig_2477.fasta,0.011772296947182972,2.4694899876450307e-05,0.4460570439173656,CM
,235560,Contig_327.fasta,0.007043639974365239,7.769003441641094e-06,0.4236431317965745,CM
,235560,Contig_139033.fasta,0.01982783959966208,7.67180123281718e-05,0.4665142961807742,CM
,235560,Contig_993758.fasta,0.02658089735463699,0.0001397717294484356,0.4750394305272249,CM
,235560,Contig_56026.fasta,0.010798958836189126,1.991349682799473e-05,0.4449965183731018,CM
,235560,Contig_1395.fasta,0.0037451658731272775,2.3462680608333153e-06,0.3948639992146131,CM
,235560,Contig_543139.fasta,0.011481516847789027,2.4662619635069195e-05,0.4439410237849303,CM
,235560,Contig_626881.fasta,0.008039569760569758,1.086880685335519e-05,0.4292787514397399,CM
,235560,Contig_1270016.fasta,0.0,0.0,0.0,CM
,235560,Contig_55438.fasta,0.015501866104988162,4.527769323953506e-05,0.457617446522559,CM
,235560,Contig_501797.fasta,0.010218637439870828,1.8766907958286467e-05,0.43935571743597795,CM
,235560,Contig_5266.fasta,0.022117315317571093,9.836361611409253e-05,0.4712123253467438,CM
,235560,Contig_1065654.fasta,0.0024776228769217835,6.87735224193248e-07,0.36456084072404876,CM
,235560,Contig_420474.fasta,0.0023172587879186097,4.65935564241901e-07,0.3534092440100578,CM
,235560,Contig_53541.fasta,0.0,0.0,0.0,CM
,235560,Contig_54857.fasta,0.0037339384533339173,1.75100910485596e-06,0.39586619210602075,CM
,235560,Contig_53504.fasta,0.018038532949558102,6.320209747233529e-05,0.4637401774720679,CM
,235560,Contig_426927.fasta,0.020989389334265376,9.190780222851738e-05,0.46979301111377164,CM
,235560,Contig_987729.fasta,0.009410476940502545,1.494586325850555e-05,0.43648679017660125,CM
,235560,Contig_498389.fasta,0.022152922092523286,0.00010321726175953238,0.4724016547898198,CM
,235560,Contig_544728.fasta,0.02208419361309163,9.515510110008278e-05,0.46955728958285653,CM
,235560,Contig_137227.fasta,0.013194093952545251,3.176826502458151e-05,0.4520906657674556,CM
,235560,Contig_544635.fasta,0.009611214577513905,1.5620661802763212e-05,0.4395620846118521,CM
,235560,Contig_498294.fasta,0.007957707867450712,1.2740990963370312e-05,0.42829642020074743,CM
,235560,Contig_54109.fasta,0.013038680892237706,2.952248640771269e-05,0.4505670092145561,CM
,235560,Contig_53419.fasta,0.018449896136371862,7.509868575527436e-05,0.4665142961807742,CM
,235560,Contig_62325.fasta,0.0022290398928933508,4.976084149291416e-07,0.34905918617628984,CM
,235560,Contig_622395.fasta,0.023092394288357097,0.00010717739086328903,0.47097517772452596,CM
,235560,Contig_60482.fasta,0.01797134785456718,6.526913710385052e-05,0.46512310046651745,CM
,235560,Contig_420569.fasta,0.005146786600987107,4.89828229631239e-06,0.41389990187467185,CM
,235560,Contig_368046.fasta,0.016524630440817204,5.333212132461025e-05,0.45986618090350523,CM
,235560,Contig_1062259.fasta,0.003768873616339142,2.099110357702503e-06,0.39636919870336007,CM
,235560,Contig_499294.fasta,0.022152367460439467,9.991160035590278e-05,0.47073826868140495,CM
,235560,Contig_548087.fasta,0.011739581522144178,2.2746480030399618e-05,0.4439410237849303,CM
,235560,Contig_5087.fasta,0.002139581799036334,6.624724617693916e-07,0.3503660344959315,CM
,235560,Contig_1064064.fasta,0.0012648669811547856,0.0,0.3222547101028351,CM
,235560,Contig_54661.fasta,0.021956203054497254,9.60524606377354e-05,0.4700289694317595,CM
,235560,Contig_990919.fasta,0.009479436887116327,1.8237400730302533e-05,0.44018235095890546,CM
,235560,Contig_61352.fasta,0.02363984283161684,0.00010447562676288556,0.47073826868140495,CM
,235560,Contig_555022.fasta,0.0033773182096711036,1.629894173112399e-06,0.38243877324831754,CM
,235560,Contig_57616.fasta,0.02223084078248939,9.937826900787322e-05,0.47073826868140495,CM
,235560,Contig_370211.fasta,0.011832765303440403,2.6745064869366537e-05,0.45035018197239324,CM
,235560,Contig_1067056.fasta,0.01303148510210864,2.9204900346331168e-05,0.4492691685735156,CM
,235560,Contig_56653.fasta,0.019098703770819455,7.533649253338288e-05,0.4669798793106951,CM
,235560,Contig_992350.fasta,0.014666718251706607,4.3400574608628675e-05,0.4547267629439422,CM
,235560,Contig_61602.fasta,0.0023760828486782386,5.827508322536177e-07,0.35896727201328466,CM
,235560,Contig_135130.fasta,0.01738838675433861,6.50531917652936e-05,0.46535438992473055,CM
,235560,Contig_1063408.fasta,0.022152188942085243,9.550834425809684e-05,0.47073826868140495,CM
,235560,Contig_206987.fasta,0.002407211677834171,5.689079149583421e-07,0.36441887777984155,CM
,235560,Contig_1309.fasta,0.0,0.0,0.0,CM
,235560,Contig_542531.fasta,0.0022507792370958786,4.837374800363657e-07,0.35327583168691323,CM
,235560,Contig_552864.fasta,0.00853210131295685,1.4189243413765495e-05,0.43648679017660125,CM
,235560,Contig_420338.fasta,0.01780425022810688,6.518889310558778e-05,0.46512310046651745,CM
,235560,Contig_55389.fasta,0.006056506343910895,5.355222258381379e-06,0.41647871746267606,CM
,235560,Contig_427105.fasta,0.008185713357513521,1.2365408773669573e-05,0.43265264823792565,CM
,235560,Contig_542688.fasta,0.011906547540240458,2.645357686447019e-05,0.4481933324418741,CM
,235560,Contig_544398.fasta,0.001236018404077908,0.0,0.31841703917612557,CM
,235560,Contig_498739.fasta,0.014535468479762932,3.891735054811312e-05,0.4558342319233478,CM
,235560,Contig_54075.fasta,0.0,0.0,0.0,CM
,235560,Contig_56346.fasta,0.01887929474425549,7.014654213859552e-05,0.46581765960111154,CM
,235560,Contig_203889.fasta,0.005157524778164623,4.4990259241796405e-06,0.4177802134547469,CM
,235560,Contig_500327.fasta,0.01992281004753104,7.441473103617742e-05,0.46535438992473055,CM
,235560,Contig_544365.fasta,0.0,0.0,0.0,CM
,235560,Contig_369516.fasta,0.018662279163371525,7.144895155007671e-05,0.4662818525852681,CM
,235560,Contig_547013.fasta,0.002184183070443829,3.424877299036597e-07,0.3478913301630606,CM
,235560,Contig_542675.fasta,0.019876110625168163,7.672860497267578e-05,0.46558590952170803,CM
,235560,Contig_368516.fasta,0.01636269482903763,5.0557015925673124e-05,0.46009227047130435,CM
,235560,Contig_58954.fasta,0.023373708317483376,0.00011111773276402157,0.4726402414841581,CM
,235560,Contig_24576300.fasta,0.02525325129381241,0.0001312200345844047,0.4750394305272249,CM
,235560,Contig_994229.fasta,0.0050258886309207705,3.987455441268283e-06,0.4120773571724496,CM
,235560,Contig_132049.fasta,0.018148985520874985,5.7690119090913e-05,0.46122606118217496,CM
,235560,Contig_56047.fasta,0.016621770562378083,5.08462323205439e-05,0.46009227047130435,CM
,235560,Contig_549900.fasta,0.021948847752576287,9.277498621882463e-05,0.46838222129060714,CM
,235560,Contig_56804.fasta,0.018801101176445654,6.970168193885813e-05,0.4639700932764666,CM
,235560,Contig_1760.fasta,0.0010251087549718262,0.0,0.299656637252204,CM
,235560,Contig_2226.fasta,0.008198716134664753,1.0807674589060107e-05,0.4292787514397399,CM
,235560,Contig_548773.fasta,0.0036638071170460714,1.941453417564316e-06,0.3912323069141443,CM
,235560,Contig_1123947.fasta,0.023101486836505196,0.00010159836134375808,0.46979301111377164,CM
,235560,Contig_6091.fasta,0.020599982474473238,9.054990156232793e-05,0.46932180448276484,CM
,235560,Contig_4736.fasta,0.019591636869095565,7.348744234460625e-05,0.46466121059515053,CM
,235560,Contig_810436.fasta,0.022751857433836408,0.00010060432645615826,0.46908655545796146,CM
,235560,Contig_53485.fasta,0.002489825845790683,7.77429285886398e-07,0.3706248230252012,CM
,235560,Contig_53779.fasta,0.020826589831824196,8.791810341190872e-05,0.46908655545796146,CM
,235560,Contig_54269.fasta,0.022384723438062287,9.946551320750167e-05,0.4712123253467438,CM
,235560,Contig_135095.fasta,0.021734160149842377,9.243750734809973e-05,0.46861676421564,CM
,235560,Contig_543843.fasta,0.0023163192136016193,5.049770811534968e-07,0.355557628472125,CM
,235560,Contig_555043.fasta,0.009163936145277248,1.5198599788022299e-05,0.4379165550484947,CM
,235560,Contig_62494.fasta,0.014260009381513635,4.0471107205238027e-05,0.4565013064090893,CM
,235560,Contig_58762.fasta,0.01937221817525454,7.763652803728702e-05,0.4669798793106951,CM
,235560,Contig_499560.fasta,0.01419202173826134,3.6206555107177623e-05,0.453185316289895,CM
,235560,Contig_1065040.fasta,0.008482900678384224,1.1937538338075313e-05,0.4344603891080005,CM
,235560,Contig_24574502.fasta,0.0045248885479717334,2.7933510212924185e-06,0.3946974602018697,CM
,235560,Contig_55294.fasta,0.019738643614251896,7.246850824033439e-05,0.46535438992473055,CM
,235560,Contig_208230.fasta,0.026488760915080418,0.0001442605841134353,0.47624818225884635,CM
,235560,Contig_367971.fasta,0.014128752307312985,3.8055508037401326e-05,0.45539059763437134,CM
,235560,Contig_4437.fasta,0.0,0.0,0.0,CM
,235560,Contig_138526.fasta,0.001077687952022174,0.0,0.3037415378573947,CM
,235560,Contig_138563.fasta,0.026168955962295532,0.00014345996122022283,0.47649067115001686,CM
,235560,Contig_371134.fasta,0.017112730474185024,6.032756709213683e-05,0.46122606118217496,CM
,235560,Contig_54294.fasta,0.02543611616835872,0.00013436064564854549,0.47576394414775447,CM
,235560,Contig_59426.fasta,0.009379719224141901,1.4714558329681332e-05,0.43730265333580987,CM
,235560,Contig_502560.fasta,0.0020818535286719277,6.602323631426124e-07,0.3446879109166236,CM
,235560,Contig_201670.fasta,0.01827728169540286,6.234665729982486e-05,0.4637401774720679,CM
,235560,Contig_132684.fasta,0.022314033229711695,9.996031855573173e-05,0.4714497119086313,CM
,235560,Contig_542344.fasta,0.006070408734478579,5.113268941249249e-06,0.41740752816174537,CM
,235560,Contig_545654.fasta,0.019462105206517793,7.512535253228686e-05,0.46581765960111154,CM
,235560,Contig_499661.fasta,0.0,0.0,0.0,CM
,235560,Contig_368062.fasta,0.017612138057123725,6.59846983468993e-05,0.46466121059515053,CM
,235560,Contig_133992.fasta,0.008124268305212509,1.1003902325159804e-05,0.4304635134032351,CM
,235560,Contig_131676.fasta,0.01944157048287087,7.295422789858685e-05,0.4639700932764666,CM
,235560,Contig_134010.fasta,0.018543267748555747,6.643685267189812e-05,0.4644306094980809,CM
,235560,Contig_548898.fasta,0.019441291616585064,7.740391529265762e-05,0.4660496405072874,CM
,235560,Contig_421218.fasta,0.0,0.0,0.0,CM
,235560,Contig_56266.fasta,0.018900316716202376,6.759391925353995e-05,0.46558590952170803,CM
,235560,Contig_791989.fasta,0.009399972700886482,1.578196884483612e-05,0.4358768878149199,CM
,235560,Contig_167.fasta,0.002185838501063544,4.159752488840432e-07,0.35089151786225464,CM
,235560,Contig_131918.fasta,0.014427253593387241,3.970654538163726e-05,0.4571703361693371,CM
,235560,Contig_545669.fasta,0.014600004911805882,4.193586956786813e-05,0.4542852806498219,CM
,235560,Contig_309414.fasta,0.023784307065504242,0.00011107587153740407,0.47287906929693435,CM
,235560,Contig_60809.fasta,0.018004835513983363,6.030499124241093e-05,0.4637401774720679,CM
,235560,Contig_55579.fasta,0.01100810746624058,2.0961350286895052e-05,0.44584453460630447,CM
,235560,Contig_134354.fasta,0.011983932237470116,2.743972529792052e-05,0.4497009505711836,CM
,235560,Contig_302825.fasta,0.0166871092699059,5.2778628203044226e-05,0.4596403134276194,CM
,235560,Contig_543384.fasta,0.0035081300968287355,1.6641569741322706e-06,0.38243877324831754,CM
,235560,Contig_553243.fasta,0.012746004768928145,3.2327150432693894e-05,0.4507840453461624,CM
,235560,Contig_985177.fasta,0.011724976289608216,2.8954476056401826e-05,0.45035018197239324,CM
,235560,Contig_551170.fasta,0.014287261187562189,3.434438920188639e-05,0.4520906657674556,CM
,235560,Contig_544200.fasta,0.010635154387813274,2.0240857689579247e-05,0.4428905244385391,CM
,235560,Contig_1066727.fasta,0.013001953945929047,3.046746299556143e-05,0.4507840453461624,CM
,235560,Contig_623419.fasta,0.006708648935645553,7.93697797509817e-06,0.41815356485193617,CM
,235560,Contig_54254.fasta,0.021130222048551455,8.338110451993153e-05,0.4669798793106951,CM
,235560,Contig_53744.fasta,0.01765317252242699,6.024245662560759e-05,0.46145349020642656,CM
,235560,Contig_548820.fasta,0.001238631261579445,0.0,0.31830873406075955,CM
,235560,Contig_422193.fasta,0.02649523080413668,0.00014313983208040124,0.47600594005016944,CM
,235560,Contig_56712.fasta,0.012913966362739346,2.9678412424870256e-05,0.4471226364733077,CM
,235560,Contig_56757.fasta,0.004643046196281185,3.7715551691386757e-06,0.40320020600544293,CM
,235560,Contig_1833.fasta,0.02017148658238053,8.10678879960347e-05,0.46838222129060714,CM
,235560,Contig_542648.fasta,0.0019162527996265894,4.959393162675573e-07,0.335662725300801,CM
,235560,Contig_372026.fasta,0.019874225943833583,7.843884838782092e-05,0.46721301954000655,CM
,235560,Contig_370350.fasta,0.013187260298152691,3.190607051585581e-05,0.45296596231298797,CM
,235560,Contig_985396.fasta,0.01896909467882528,7.355173153336194e-05,0.46558590952170803,CM
,235560,Contig_543120.fasta,0.002108693644822536,4.2608095200043344e-07,0.344180830503359,CM
,235560,Contig_992741.fasta,0.019712167031831263,8.02319792951363e-05,0.46791383906931655,CM
,235560,Contig_54798.fasta,0.0217563604914992,9.336854578548758e-05,0.4681479130258295,CM
,235560,Contig_554998.fasta,0.0154652304080625,4.9647494572926586e-05,0.4596403134276194,CM
,235560,Contig_542549.fasta,0.0,0.0,0.0,CM
,235560,Contig_1125670.fasta,0.024604344429977897,0.00012577899015800848,0.4745576461149255,CM
,235560,Contig_57456.fasta,0.019730768310940543,7.101411840822174e-05,0.4639700932764666,CM
,235560,Contig_420791.fasta,0.010529394204120801,1.9050551775204244e-05,0.44163646915461685,CM
,235560,Contig_304002.fasta,0.02257509130466626,9.888871323209022e-05,0.47073826868140495,CM
,235560,Contig_304047.fasta,0.021898119481857027,9.119966690770164e-05,0.4681479130258295,CM
,235560,Contig_60914.fasta,0.02207639669241718,9.133721357848596e-05,0.4681479130258295,CM
,235560,Contig_369593.fasta,0.007830683225777119,1.1488124212019092e-05,0.4304635134032351,CM
,235560,Contig_132330.fasta,0.013445763405757434,3.507587531226501e-05,0.4551691041530317,CM
,235560,Contig_543264.fasta,0.01214551961633206,2.586102248883675e-05,0.4484080872729435,CM
,235560,Contig_61586.fasta,0.02190682589211077,9.64469705827517e-05,0.46908655545796146,CM
,235560,Contig_206205.fasta,0.017425610138349597,5.989928238102692e-05,0.46122606118217496,CM
,235560,Contig_992897.fasta,0.0008458351245940191,0.0,0.2857489093553078,CM
,235560,Contig_368482.fasta,0.014036454178021384,3.7455967827927704e-05,0.4558342319233478,CM
,235560,Contig_368810.fasta,0.01954760452022762,7.544807866802022e-05,0.46512310046651745,CM
,235560,Contig_545620.fasta,0.007149240464581835,9.944097324471161e-06,0.4304635134032351,CM
,235560,Contig_131586.fasta,0.018353080162705294,6.63845425464117e-05,0.46282278839695007,CM
,235560,Contig_62330.fasta,0.0036842495865193367,1.8562463376850086e-06,0.39303976402294544,CM
,235560,Contig_133221.fasta,0.0052972303521742125,5.60179837843021e-06,0.4012983182412663,CM
,235560,Contig_554336.fasta,0.02343641692639594,0.00010989493176822459,0.47168733777148847,CM
,235560,Contig_1061979.fasta,0.0064062518956503915,5.078470852798063e-06,0.42003037618430566,CM
,235560,Contig_59083.fasta,0.009364265716530705,1.504653299454778e-05,0.43669047043333326,CM
,235560,Contig_61046.fasta,0.019809806642965513,7.840435621343371e-05,0.46489204080408997,CM
,235560,Contig_53364.fasta,0.014202137560464274,3.922563701777237e-05,0.4547267629439422,CM
,235560,Contig_138517.fasta,0.01617985132305277,4.947763614595315e-05,0.4573937820814434,CM
,235560,Contig_1064832.fasta,0.004822604215271119,3.966990988311285e-06,0.40688159919071004,CM
,235560,Contig_367940.fasta,0.014339467355869728,3.594011868672249e-05,0.453185316289895,CM
,235560,Contig_57502.fasta,0.025116399981197923,0.0001254505399611966,0.4731181385938489,CM
,235560,Contig_370591.fasta,0.026195268849883747,0.00013760897976561234,0.4745576461149255,CM
,235560,Contig_420251.fasta,0.018822619065460858,6.869722927415126e-05,0.4644306094980809,CM
,235560,Contig_58753.fasta,0.02343336740777607,0.00010518045137983093,0.470501597857533,CM
,235560,Contig_133165.fasta,0.018462223874743246,6.572273919901793e-05,0.46259400797757444,CM
,235560,Contig_136703.fasta,0.01519024941608868,4.3220291467697115e-05,0.45539059763437134,CM
,235560,Contig_420638.fasta,0.00870744046437987,1.248191347617465e-05,0.43669047043333326,CM
,235560,Contig_552562.fasta,0.00368185940928465,2.035780009760991e-06,0.39436480326111806,CM
,235560,Contig_136746.fasta,0.022386987122072252,9.744223868601088e-05,0.47026516489378545,CM
,235560,Contig_53399.fasta,0.01971429216594002,7.713640185895548e-05,0.46721301954000655,CM
,235560,Contig_369317.fasta,0.027578698358927803,0.0001582429627937221,0.47770682906515216,CM
,235560,Contig_551614.fasta,0.012024043446339299,2.6316466062105928e-05,0.4492691685735156,CM
,235560,Contig_554072.fasta,0.0013061088384402147,0.0,0.32641356056457377,CM
,235560,Contig_59716.fasta,0.020776573111484533,8.190637558565097e-05,0.46558590952170803,CM
,235560,Contig_1066043.fasta,0.003258215722124292,2.06038603453455e-06,0.3791846345780523,CM
,235560,Contig_549707.fasta,0.0,0.0,0.0,CM
,235560,Contig_1062625.fasta,0.016579761395614262,5.068204740889222e-05,0.4596403134276194,CM
,235560,Contig_372137.fasta,0.00742166980566136,8.722328205516e-06,0.429475758668487,CM
,235560,Contig_426270.fasta,0.005045625485252354,4.355745619431975e-06,0.41225888904785596,CM
,235560,Contig_54300.fasta,0.01864917667403501,7.040136977172536e-05,0.46489204080408997,CM
,235560,Contig_53610.fasta,0.0012648669811547856,0.0,0.3222547101028351,CM
,235560,Contig_989205.fasta,0.014930143668897009,4.475820298505355e-05,0.45561230678609205,CM
,235560,Contig_420760.fasta,0.014622030178155387,4.148710206501991e-05,0.4547267629439422,CM
,235560,Contig_1062050.fasta,0.01208208266484107,2.8700833930181457e-05,0.4523091726141291,CM
,235560,Contig_427270.fasta,0.003413915006525799,1.8379588200393353e-06,0.38259512597654666,CM
,235560,Contig_139063.fasta,0.0,0.0,0.0,CM
,235560,Contig_420725.fasta,0.0010346344591168062,0.0,0.2994648570043626,CM
,235560,Contig_545479.fasta,0.009383978387602385,1.809209613926808e-05,0.4385321828203529,CM
,235560,Contig_1062015.fasta,0.00919965452525833,1.6233693796657043e-05,0.4375070959039893,CM
,235560,Contig_202006.fasta,0.015429707580028063,4.474611017268706e-05,0.4571703361693371,CM
,235560,Contig_498324.fasta,0.005512497183947313,5.11290161701172e-06,0.40973190811673954,CM
,235560,Contig_201370.fasta,0.0,0.0,0.0,CM
,235560,Contig_551822.fasta,0.0049538906264700614,3.4891615109640394e-06,0.406528096498103,CM
,235560,Contig_54001.fasta,0.004935141739176293,3.223530557728899e-06,0.40688159919071004,CM
,235560,Contig_422752.fasta,0.010422929658224247,1.8795915216709742e-05,0.44038949559465085,CM
,235560,Contig_55044.fasta,0.012139300780190817,2.907240265374108e-05,0.4518723699365684,CM
,235560,Contig_548236.fasta,0.016165050217675146,5.075841863867214e-05,0.45873905791109465,CM
,235560,Contig_420309.fasta,0.005505185234656601,5.715779752796433e-06,0.4113528255554431,CM
,235560,Contig_542500.fasta,0.018854592095257087,7.148875122773551e-05,0.4662818525852681,CM
,235560,Contig_137277.fasta,0.003637831090653093,2.0621677891502076e-06,0.39303976402294544,CM
,235560,Contig_987817.fasta,0.019802062335294766,7.6538061846073e-05,0.4669798793106951,CM
,235560,Contig_24578923.fasta,0.023182556146117198,0.00010794739872907359,0.471925203297344,CM
,235560,Contig_985367.fasta,0.00494020896644978,4.771977761025881e-06,0.41481723321747915,CM
,235560,Contig_498823.fasta,0.011707320360026835,2.2704473603003028e-05,0.44331012701972194,CM
,235560,Contig_1063329.fasta,0.02054567696579703,8.575584986501175e-05,0.4674463926766399,CM
,235560,Contig_61925.fasta,0.006060784580235245,6.780853202594379e-06,0.4190898692962978,CM
,235560,Contig_54079.fasta,0.020274561402901826,8.586492366290612e-05,0.4674463926766399,CM
,235560,Contig_554682.fasta,0.001238631261579445,0.0,0.31830873406075955,CM
,235560,Contig_302566.fasta,0.01849816943725349,6.582159783106894e-05,0.46351048941982814,CM
,235560,Contig_310306.fasta,0.024346015116517097,0.00011523910017320487,0.47168733777148847,CM
,235560,Contig_543210.fasta,0.0009264934699114137,0.0,0.29217223794524916,CM
,235560,Contig_986701.fasta,0.0023502395242043115,6.280966498711621e-07,0.36174243453368116,CM
,235560,Contig_545700.fasta,0.015215467583288947,4.0981715114022726e-05,0.45384465477140307,CM
,235560,Contig_420371.fasta,0.016564635511285508,4.976659837467817e-05,0.4589640402837828,CM
,235560,Contig_930538.fasta,0.027596799889955028,0.0001569602221898691,0.47770682906515216,CM
,235560,Contig_542578.fasta,0.003726801676750413,1.8834411995572178e-06,0.39172359905342535,CM
,235560,Contig_371823.fasta,0.011597163064009172,2.6581653819021135e-05,0.4452082198566285,CM
,235560,Contig_56.fasta,0.0,0.0,0.0,CM
,235560,Contig_500869.fasta,0.013000332145026858,3.245937908290294e-05,0.4520906657674556,CM
,235560,Contig_549526.fasta,0.0013061088384402147,0.0,0.32641356056457377,CM
,235560,Contig_138472.fasta,0.024228623927760477,0.00012288573691413094,0.4745576461149255,CM
,235560,Contig_987069.fasta,0.011446577658411287,2.4540174802525257e-05,0.44584453460630447,CM
,235560,Contig_988280.fasta,0.020355188424117543,8.16085765473366e-05,0.46838222129060714,CM
,235560,Contig_543585.fasta,0.0,0.0,0.0,CM
,235560,Contig_206976.fasta,0.02446086949943519,0.00012065400200081237,0.4731181385938489,CM
,235560,Contig_3888.fasta,0.02569840045149121,0.00012382293680696243,0.4721633088489572,CM
,235560,Contig_1065538.fasta,0.0012127879371055179,0.0,0.31841703917612557,CM
,235560,Contig_62111.fasta,0.013043235597596925,3.195304111647281e-05,0.45384465477140307,CM
,235560,Contig_208748.fasta,0.01889704069963657,6.814124614528708e-05,0.46466121059515053,CM
,235560,Contig_501406.fasta,0.011482582056471458,2.6843624354861537e-05,0.44669578908765306,CM
,235560,Contig_306807.fasta,0.01067404550555741,2.2895397743584657e-05,0.44542012286465166,CM
,235560,Contig_57808.fasta,0.018741275657810672,7.070651312475289e-05,0.46558590952170803,CM
,235560,Contig_930639.fasta,0.020011455041005086,7.66995303130956e-05,0.4662818525852681,CM
,235560,Contig_422.fasta,0.0011189343151073604,0.0,0.30773682280126047,CM
,235560,Contig_545369.fasta,0.015766607069768037,4.9159355239587605e-05,0.4578413298134213,CM
,235560,Contig_502018.fasta,0.016979501261932525,5.695246584334077e-05,0.4630517952195117,CM
,235560,Contig_1066920.fasta,0.007322301688441265,8.434606290113677e-06,0.4290819248686993,CM
,235560,Contig_988550.fasta,0.011405539818323353,2.6303786170972488e-05,0.4475503004010679,CM
,235560,Contig_498319.fasta,0.0036021419518815472,1.2689639876396737e-06,0.38243877324831754,CM
,235560,Contig_1062135.fasta,0.019172772733377426,6.88823787628884e-05,0.46466121059515053,CM
,235560,Contig_139106.fasta,0.0025090107049086717,8.306275704957855e-07,0.3675678233066116,CM
,235560,Contig_424026.fasta,0.0023700604426037564,4.793371520838202e-07,0.35569277010210304,CM
,235560,Contig_985597.fasta,0.0033890799827749124,1.9608064793197556e-06,0.38416571352160633,CM
,235560,Contig_369895.fasta,0.020842658335575463,8.488171091045313e-05,0.4681479130258295,CM
,235560,Contig_53489.fasta,0.0023549527191852686,6.901846008675525e-07,0.3547489303027419,CM
,235560,Contig_60880.fasta,0.023153944307810134,0.0001021764757644745,0.47026516489378545,CM
,235560,Contig_368093.fasta,0.01712673163110438,5.624197678288628e-05,0.4637401774720679,CM
,235560,Contig_499241.fasta,0.019666325145727376,8.01778907667006e-05,0.4681479130258295,CM
,235560,Contig_989061.fasta,0.006889639815293489,9.301701140254204e-06,0.42268639482323084,CM
,235560,Contig_55164.fasta,0.02336580892970571,0.00010624798447588281,0.4712123253467438,CM
,235560,Contig_24573733.fasta,0.011611575992707377,2.5459099845260306e-05,0.44648267086766846,CM
,235560,Contig_498628.fasta,0.008004496311576565,1.0998810566025015e-05,0.4265395069000151,CM
,235560,Contig_3643.fasta,0.0023549527191852686,6.901846008675525e-07,0.3547489303027419,CM
,235560,Contig_987659.fasta,0.0010346344591168062,0.0,0.2994648570043626,CM
,235560,Contig_53431.fasta,0.015310757863833574,4.701744561496634e-05,0.45873905791109465,CM
,235560,Contig_426051.fasta,0.024498220373828015,0.00011905349452101179,0.4735970031065957,CM
,235560,Contig_500137.fasta,0.020550032123651425,8.606160210576842e-05,0.4681479130258295,CM
,235560,Contig_369743.fasta,0.023894569098574764,0.00012005450350969002,0.47407683796283334,CM
,235560,Contig_502690.fasta,0.016148303455246697,4.838405280560386e-05,0.46009227047130435,CM
,235560,Contig_802918.fasta,0.011640445514565272,2.7959557008012483e-05,0.4481933324418741,CM
,235560,Contig_544175.fasta,0.0009578817212338042,0.0,0.29400806727572515,CM
,235560,Contig_53359.fasta,0.0034218569051414523,1.8318500779529337e-06,0.3843234817817795,CM
,235560,Contig_306575.fasta,0.002625146842142863,6.982775329512312e-07,0.37643913038561266,CM
,235560,Contig_542420.fasta,0.0,0.0,0.0,CM
,235560,Contig_368743.fasta,0.01956538227445573,7.73304369874451e-05,0.4662818525852681,CM
,235560,Contig_499105.fasta,0.0025162380723527432,3.4955584920298006e-07,0.36427702535563766,CM
,235560,Contig_542465.fasta,0.0024082898447051362,6.859646183311486e-07,0.3613234278527541,CM
,235560,Contig_548646.fasta,0.016725091420912275,5.555412700539119e-05,0.46259400797757444,CM
,235560,Contig_58939.fasta,0.010508669796356876,2.1522167519425125e-05,0.44310022639139823,CM
,235560,Contig_621909.fasta,0.011582752137628508,2.7190911228375313e-05,0.44584453460630447,CM
,235560,Contig_53922.fasta,0.022084188739323284,0.0001008430851468649,0.47073826868140495,CM
,235560,Contig_132024.fasta,0.02888894992290181,0.00016982262678506865,0.4781950322629704,CM
,235560,Contig_1063498.fasta,0.018606997378289317,6.127031958869148e-05,0.4609988562259276,CM
,235560,Contig_551384.fasta,0.02071165898548401,8.96638365163549e-05,0.46955728958285653,CM
,235560,Contig_132061.fasta,0.006122866164863111,5.703774946944312e-06,0.4179668057787553,CM
,235560,Contig_543135.fasta,0.003629134173656467,1.5945532201383659e-06,0.3884714313568423,CM
,235560,Contig_1064559.fasta,0.011553380844009996,2.696940226152881e-05,0.4475503004010679,CM
,235560,Contig_368256.fasta,0.021878317093101708,9.675462138734532e-05,0.470501597857533,CM
,235560,Contig_306060.fasta,0.021729624260271183,9.54385913021143e-05,0.46861676421564,CM
,235560,Contig_58286.fasta,0.01726433447462961,5.7452967192677725e-05,0.46077187500671246,CM
,235560,Contig_57092.fasta,0.027801736266734656,0.0001582345287497355,0.4772196216923167,CM
,235560,Contig_420355.fasta,0.020039397620329143,7.885777614305231e-05,0.46767999906978164,CM
,235560,Contig_420310.fasta,0.005580962804795839,4.80745620385632e-06,0.4058229306759033,CM
,235560,Contig_139456.fasta,0.017048558446158272,5.7830972259618545e-05,0.4596403134276194,CM
,235560,Contig_4502.fasta,0.01017692846119912,1.9916134486002294e-05,0.44080437029610603,CM
,235560,Contig_543519.fasta,0.0012648669811547856,0.0,0.3222547101028351,CM
,235560,Contig_544009.fasta,0.0012937466744423146,0.0,0.32595878723045385,CM
,235560,Contig_3057.fasta,0.0012127879371055179,0.0,0.31841703917612557,CM
,235560,Contig_553809.fasta,0.002658263379752314,6.553511007697624e-07,0.37643913038561266,CM
,235560,Contig_132325.fasta,0.016056051950167183,4.7966825328535354e-05,0.4573937820814434,CM
,235560,Contig_369951.fasta,0.020258700751573416,7.880588372148365e-05,0.46721301954000655,CM
,235560,Contig_61901.fasta,0.015888309986588054,5.465960578751502e-05,0.4616811436303074,CM
,235560,Contig_369157.fasta,0.014923329946417449,4.919734397459402e-05,0.4594146677165602,CM
,235560,Contig_61944.fasta,0.0018804695837108252,4.2621929332469625e-07,0.32928489730423405,CM
,235560,Contig_53508.fasta,0.0013061088384402147,0.0,0.32641356056457377,CM
,235560,Contig_368951.fasta,0.009365752833814574,1.571734956756975e-05,0.4375070959039893,CM
,235560,Contig_303193.fasta,0.015078490580971127,4.456993225164525e-05,0.4562787314181536,CM
,235560,Contig_1062799.fasta,0.01775120920213306,6.177462160886058e-05,0.4632810287815015,CM
,235560,Contig_932596.fasta,0.015535422492735715,4.672310351616796e-05,0.4591892434438828,CM
,235560,Contig_133360.fasta,0.011773593353969486,2.5197753908612967e-05,0.4497009505711836,CM
,235560,Contig_371588.fasta,0.018342280752817127,6.35254627297201e-05,0.4630517952195117,CM
,235560,Contig_990113.fasta,0.019008567571339584,6.905819177685088e-05,0.46535438992473055,CM
,235560,Contig_371159.fasta,0.015162436734651008,4.765691805100031e-05,0.4603185824587472,CM
,235560,Contig_132515.fasta,0.022101353543991127,9.604013566447226e-05,0.4700289694317595,CM
,235560,Contig_708360.fasta,0.008239698180027509,1.1808738122439299e-05,0.43285276509650006,CM
,235560,Contig_794445.fasta,0.016162393833050574,5.199997491410328e-05,0.45873905791109465,CM
,235560,Contig_310512.fasta,0.02571655422790158,0.00012744798709504537,0.473357449741342,CM
,235560,Contig_200936.fasta,0.021964984912908804,9.76307750584631e-05,0.47026516489378545,CM
,235560,Contig_309369.fasta,0.025540249759295745,0.00012531456964390481,0.4731181385938489,CM
,235560,Contig_131663.fasta,0.015280474209344681,4.422523335767653e-05,0.45252789078270456,CM
,235560,Contig_133515.fasta,0.019666151723851805,7.463255823052391e-05,0.46466121059515053,CM
,235560,Contig_57236.fasta,0.022716958561366647,0.00010323270101933319,0.46979301111377164,CM
,235560,Contig_368809.fasta,0.019674628193322784,7.472324591793763e-05,0.4662818525852681,CM
,235560,Contig_57273.fasta,0.005609634355888866,5.5200170399210934e-06,0.4137169222540376,CM
,235560,Contig_53450.fasta,0.021194797654205524,8.601053232955633e-05,0.46721301954000655,CM
,235560,Contig_369809.fasta,0.017336591518957823,5.84359509873455e-05,0.4609988562259276,CM
,235560,Contig_500212.fasta,0.003642130277438711,1.7686748800841384e-06,0.38976579680909335,CM
,235560,Contig_985127.fasta,0.011325885140883193,2.6727184777873676e-05,0.4456322276850634,CM
,235560,Contig_131527.fasta,0.008498815514572926,1.1127620243883367e-05,0.43265264823792565,CM
,235560,Contig_205412.fasta,0.016332299595884246,5.288177583875661e-05,0.46145349020642656,CM
,235560,Contig_58861.fasta,0.022057401058171985,9.961175779811378e-05,0.47097517772452596,CM
,235560,Contig_57172.fasta,0.008450778721505637,1.1853128852960445e-05,0.4320534063428592,CM
,235560,Contig_57931.fasta,0.010676558110887071,1.8950055335949737e-05,0.44122002741095384,CM
,235560,Contig_986539.fasta,0.02639110698439347,0.00014524168795568767,0.47649067115001686,CM
,235560,Contig_53380.fasta,0.001172271440627228,0.0,0.3116309284510933,CM
,235560,Contig_793579.fasta,0.012533699768009408,3.14487820584186e-05,0.4492691685735156,CM
,235560,Contig_53751.fasta,0.009415905114887968,1.8127501404551675e-05,0.441428150065393,CM
,235560,Contig_56974.fasta,0.016422482145904697,5.449344838710408e-05,0.46077187500671246,CM
,235560,Contig_53714.fasta,0.020976191233558258,8.796958824167247e-05,0.46861676421564,CM
,235560,Contig_498548.fasta,0.007140724008645024,9.905652882521686e-06,0.4290819248686993,CM
,235560,Contig_138961.fasta,0.025477440939714213,0.00013381371061324288,0.47528068976060595,CM
,235560,Contig_56931.fasta,0.011938753517126937,2.5723166371023028e-05,0.44862304800509734,CM
,235560,Contig_53490.fasta,0.01797983151872705,5.8399104235965285e-05,0.4609988562259276,CM
,235560,Contig_1261469.fasta,0.020030917487656657,7.788141609037398e-05,0.4665142961807742,CM
,235560,Contig_134080.fasta,0.018768218048701685,7.279903804752911e-05,0.46558590952170803,CM
,235560,Contig_547636.fasta,0.0035742738025002388,1.6144667048537534e-06,0.38911753768758134,CM
,235560,Contig_555815.fasta,0.0060184636692396975,5.851579058013352e-06,0.4183404908979138,CM
,235560,Contig_367999.fasta,0.01258147219439654,3.3356408594557864e-05,0.45362466220971065,CM
,235560,Contig_542481.fasta,0.022113396080638087,9.448655384126807e-05,0.46979301111377164,CM
,235560,Contig_54239.fasta,0.0,0.0,0.0,CM
,235560,Contig_135080.fasta,0.016029074978115898,5.196235712590569e-05,0.46054511719420915,CM
,235560,Contig_543050.fasta,0.0025145967736746396,5.162894399830087e-07,0.3701849992636998,CM
,235560,Contig_371121.fasta,0.010443795511164627,2.0993749921295435e-05,0.4422626078159892,CM
,235560,Contig_421275.fasta,0.016147902491482184,5.4274208585138286e-05,0.46054511719420915,CM
,235560,Contig_1064055.fasta,0.018354619855348756,6.893843964027855e-05,0.4644306094980809,CM
,235560,Contig_24574183.fasta,0.02301935171364677,0.00010318353047002806,0.47026516489378545,CM
,235560,Contig_1065010.fasta,0.019947591608464137,7.385313729232155e-05,0.46535438992473055,CM
,235560,Contig_542439.fasta,0.02166929416443302,8.85169655602421e-05,0.46908655545796146,CM
,235560,Contig_55615.fasta,0.0022025472668206936,5.070775191444166e-07,0.3519472275812836,CM
,235560,Contig_1062268.fasta,0.01778914262084899,6.542430936631985e-05,0.46466121059515053,CM
,235560,Contig_545832.fasta,0.01067217105958698,2.131133890449509e-05,0.4441517219452459,CM
,235560,Contig_994284.fasta,0.017508973700221656,5.725067267001932e-05,0.4603185824587472,CM
,235560,Contig_61283.fasta,0.015719215315961762,4.888109461778726e-05,0.4609988562259276,CM
,235560,Contig_137216.fasta,0.022037690152761386,9.553232539167092e-05,0.46908655545796146,CM
,235560,Contig_369929.fasta,0.02171564126075796,9.185430698860289e-05,0.46721301954000655,CM
,235560,Contig_424266.fasta,0.0,0.0,0.0,CM
,235560,Contig_422733.fasta,0.021754611809340536,0.00010193647971175384,0.47097517772452596,CM
,235560,Contig_993468.fasta,0.024180343220858158,0.00011718735616556697,0.473357449741342,CM
,235560,Contig_2702.fasta,0.02294263501483826,0.00010850634921111607,0.4712123253467438,CM
,235560,Contig_550843.fasta,0.009186987151227217,1.71467643837522e-05,0.44122002741095384,CM
,235560,Contig_555666.fasta,0.005648207016250688,6.850984367553527e-06,0.41389990187467185,CM
,235560,Contig_552333.fasta,0.0012937466744423146,0.0,0.32595878723045385,CM
,235560,Contig_59941.fasta,0.01236861597679428,3.274253030309126e-05,0.45013356331824583,CM
,235560,Contig_543660.fasta,0.012448095482085284,3.0258606465049235e-05,0.44776443930078136,CM
,235560,Contig_302582.fasta,0.0,0.0,0.0,CM
,235560,Contig_985007.fasta,0.007202472178154497,9.049371989376843e-06,0.4265395069000151,CM
,235560,Contig_137152.fasta,0.009414732671288648,1.6858907826969388e-05,0.43832678132957054,CM
,235560,Contig_551768.fasta,0.010569881366401045,2.0161844721837006e-05,0.44331012701972194,CM
,235560,Contig_54324.fasta,0.01790650372216019,6.444421062489107e-05,0.46489204080408997,CM
,235560,Contig_554908.fasta,0.019364855320805948,7.678807518610875e-05,0.4662818525852681,CM
,235560,Contig_988264.fasta,0.023286372011039485,0.00010542930357162244,0.47073826868140495,CM
,235560,Contig_57017.fasta,0.015241802261092934,4.327178069515005e-05,0.4562787314181536,CM
,235560,Contig_930599.fasta,0.00633130320620327,7.859630435264957e-06,0.4151853052966429,CM
,235560,Contig_368836.fasta,0.024776218374086542,0.00012055989701912411,0.473357449741342,CM
,235560,Contig_501295.fasta,0.01959733399788897,7.844799003656356e-05,0.4660496405072874,CM
,235560,Contig_549348.fasta,0.0227291668996126,0.0001055503148115375,0.47026516489378545,CM
,235560,Contig_3936.fasta,0.0256431044890379,0.00013211062468732564,0.47528068976060595,CM
,235560,Contig_53793.fasta,0.017156434072020752,5.834905662451159e-05,0.46077187500671246,CM
,235560,Contig_421232.fasta,0.0,0.0,0.0,CM
,235560,Contig_368389.fasta,0.02494414272238735,0.00012668921652486854,0.4731181385938489,CM
,235560,Contig_58788.fasta,0.00465676134576763,3.539370189921093e-06,0.3995848326808852,CM
,235560,Contig_991500.fasta,0.02772269822680744,0.00015397544924481132,0.47673340710067913,CM
,235560,Contig_555817.fasta,0.0197892736057065,7.399583543499755e-05,0.46512310046651745,CM
,235560,Contig_542483.fasta,0.008537832608845294,1.353825399055107e-05,0.4338561326558336,CM
,235560,Contig_132900.fasta,0.013637952744601818,3.2604086606331625e-05,0.45296596231298797,CM
,235560,Contig_543052.fasta,0.0012937466744423146,0.0,0.32595878723045385,CM
,235560,Contig_546119.fasta,0.008255072339361338,1.1943071681571788e-05,0.433454227947491,CM
,235560,Contig_6086.fasta,0.0071958074843884315,8.773312810665526e-06,0.4269286852822231,CM
,235560,Contig_369459.fasta,0.02191807153639322,9.828692520103967e-05,0.4712123253467438,CM
,235560,Contig_1064787.fasta,0.0033128134207392624,1.887292536617164e-06,0.38041775534090777,CM
,235560,Contig_993918.fasta,0.0072055190221461795,9.52097471899199e-06,0.4271235409122013,CM
,235560,Contig_420935.fasta,0.00848079915071594,1.1798027016033958e-05,0.43225296911715155,CM
,235560,Contig_209716.fasta,0.013808175963686074,3.728008705560308e-05,0.4527468205798902,CM
,235560,Contig_549952.fasta,0.002122572641259782,6.225060922505483e-07,0.3478913301630606,CM
,235560,Contig_368269.fasta,0.0033773182096711036,1.629894173112399e-06,0.38243877324831754,CM
,235560,Contig_58668.fasta,0.022041147365190913,0.00010173031551727568,0.47168733777148847,CM
,235560,Contig_542949.fasta,0.016188060185333787,4.875893637266814e-05,0.4578413298134213,CM
,235560,Contig_425926.fasta,0.0,0.0,0.0,CM
,235560,Contig_439.fasta,0.01287244121811183,3.4362539999883975e-05,0.45450591458894274,CM
,235560,Contig_428343.fasta,0.018812237657240254,7.243459515341229e-05,0.46721301954000655,CM
,235560,Contig_502497.fasta,0.005455414154649248,5.670784580404535e-06,0.4090155935920599,CM
,235560,Contig_793333.fasta,0.013071191517795492,3.103687288009512e-05,0.4516542848159426,CM
,235560,Contig_985040.fasta,0.022766161556192738,9.83659503993812e-05,0.47073826868140495,CM
,235560,Contig_544337.fasta,0.008253366415392241,1.2421163435668008e-05,0.43185402775202264,CM
,235560,Contig_302538.fasta,0.003579483118461399,1.5197396839279363e-06,0.3865459224034007,CM
,235560,Contig_371387.fasta,0.00633521554751476,5.444203742815768e-06,0.42135419997236967,CM
,235560,Contig_985429.fasta,0.014707953749944406,4.2289614366434416e-05,0.4558342319233478,CM
,235560,Contig_57780.fasta,0.015348932535667036,4.2856941637527484e-05,0.4573937820814434,CM
,235560,Contig_5210.fasta,0.0023674475851022192,6.572924950475047e-07,0.3575955973017322,CM
,235560,Contig_139344.fasta,0.00692809731176643,7.770409983445122e-06,0.42078582650118396,CM
,235560,Contig_303250.fasta,0.010889476405672883,2.3407409197261583e-05,0.44648267086766846,CM
,235560,Contig_547305.fasta,0.001095264631159301,0.0,0.3047306018035275,CM
,235560,Contig_368294.fasta,0.01762265013284374,5.7041081180549755e-05,0.4603185824587472,CM
,235560,Contig_542526.fasta,0.0034635671742013967,1.7627159441950614e-06,0.38574924902664187,CM
,235560,Contig_59201.fasta,0.0013521545413120993,0.0,0.3311492137787095,CM
,235560,Contig_132437.fasta,0.011829972890733075,2.475088754621428e-05,0.44733636622305595,CM
,235560,Contig_135127.fasta,0.017407241973028332,5.919507129708499e-05,0.46145349020642656,CM
,235560,Contig_498840.fasta,0.018106640301975955,5.9148924175240564e-05,0.46145349020642656,CM
,235560,Contig_201012.fasta,0.007294130170130845,1.0038350610418774e-05,0.4275137862670777,CM
,235560,Contig_502796.fasta,0.013029509298362317,3.296879709511863e-05,0.45013356331824583,CM
,235560,Contig_371838.fasta,0.023393846852831295,0.00011103622580108234,0.471925203297344,CM
,235560,Contig_369953.fasta,0.02318403938537656,0.0001090844888440884,0.471925203297344,CM
,235560,Contig_53998.fasta,0.0020579226509357252,5.138610797802578e-07,0.338945193096209,CM
,235560,Contig_549268.fasta,0.003783032277192503,1.7130833081150046e-06,0.3948639992146131,CM
,235560,Contig_627031.fasta,0.009385424782345017,1.605210481186047e-05,0.43914954394116995,CM
,235560,Contig_60946.fasta,0.02353312003601433,0.00011035494685829131,0.4724016547898198,CM
,235560,Contig_368584.fasta,0.016594915732794185,5.2817897967380506e-05,0.4616811436303074,CM
,235560,Contig_499387.fasta,0.0029055783386826516,1.3926031360498597e-06,0.3582801217988641,CM
,235560,Contig_368916.fasta,0.022264763410659805,9.86096292093247e-05,0.47097517772452596,CM
,235560,Contig_131739.fasta,0.00817393927534114,1.1949372728056617e-05,0.43285276509650006,CM
,235560,Contig_368678.fasta,0.021211356329855772,8.986284167710811e-05,0.4700289694317595,CM
,235560,Contig_55737.fasta,0.002465482191309184,6.281925877301397e-07,0.36598657729316897,CM
,235560,Contig_57441.fasta,0.013085865571305666,2.9789452086137462e-05,0.4497009505711836,CM
,235560,Contig_139085.fasta,0.019642322988052442,7.163295174399745e-05,0.4639700932764666,CM
,235560,Contig_5194.fasta,0.0012039311379215243,0.0,0.3153058214752807,CM
,235560,Contig_500498.fasta,0.009454199640112501,1.5195387532075575e-05,0.4389435638548935,CM
,235560,Contig_35.fasta,0.0035028638074887995,1.6508192077921793e-06,0.38416571352160633,CM
,235560,Contig_1124667.fasta,0.020760069731956793,9.146713470654016e-05,0.46932180448276484,CM
,235560,Contig_800316.fasta,0.0010251087549718262,0.0,0.299656637252204,CM
,235560,Contig_56028.fasta,0.019674871381564457,7.808759463394958e-05,0.466746971640216,CM
,235560,Contig_551712.fasta,0.0025065346115478327,8.793295008165481e-07,0.3715076133936614,CM
,235560,Contig_502713.fasta,0.025318443333494922,0.00013232983145253235,0.47528068976060595,CM
,235560,Contig_59610.fasta,0.014585999756370762,4.274063619341075e-05,0.46009227047130435,CM
,235560,Contig_302604.fasta,0.01522751305043302,4.5658276240240415e-05,0.4578413298134213,CM
,235560,Contig_551757.fasta,0.003455550899778388,1.783922220011195e-06,0.3816589225687737,CM
,235560,Contig_932201.fasta,0.005050189995690437,3.9400625418113925e-06,0.41389990187467185,CM
,235560,Contig_133865.fasta,0.002539500580663653,4.0917062704084785e-07,0.36655999927090993,CM
,235560,Contig_986463.fasta,0.01810525792038969,6.228969520702384e-05,0.4637401774720679,CM
,235560,Contig_545427.fasta,0.007525839422784321,9.709491548160453e-06,0.43185402775202264,CM
,235560,Contig_62172.fasta,0.014125721041534993,3.562647659504396e-05,0.45252789078270456,CM
,235560,Contig_55436.fasta,0.0035670123951385656,2.0209276476246584e-06,0.3854314984096512,CM
,235560,Contig_548295.fasta,0.0034919473395037585,1.4937628132248378e-06,0.3863863245824249,CM
,235560,Contig_550839.fasta,0.0,0.0,0.0,CM
,235560,Contig_370302.fasta,0.017537847183545844,6.189307950346887e-05,0.4623654536258069,CM
,235560,Contig_372074.fasta,0.02335351550174375,0.00010741515582727219,0.4712123253467438,CM
,235560,Contig_553798.fasta,0.021690930092476107,9.241767952516092e-05,0.4681479130258295,CM
,235560,Contig_500799.fasta,0.007572325240286616,8.588549150095912e-06,0.43066160981989554,CM
,235560,Contig_54243.fasta,0.02645374163774596,0.00014341828500769776,0.47600594005016944,CM
,235560,Contig_543869.fasta,0.0,0.0,0.0,CM
,235560,Contig_137718.fasta,0.026713798084591685,0.00014285616748074844,0.47576394414775447,CM
,235560,Contig_53716.fasta,0.010557505994911927,1.8514194546791308e-05,0.4399754010994984,CM
,235560,Contig_369798.fasta,0.012041731684953576,2.459720583785259e-05,0.44776443930078136,CM
,235560,Contig_985160.fasta,0.014588059851200685,4.069768094874453e-05,0.4558342319233478,CM
,235560,Contig_56618.fasta,0.016355152622562298,4.8675901173833904e-05,0.45806543227539553,CM
,235560,Contig_369421.fasta,0.002497677812363839,6.748711931285011e-07,0.3661297645299817,CM
,235560,Contig_136070.fasta,0.01859414415601097,6.829726597913477e-05,0.46466121059515053,CM
,235560,Contig_547124.fasta,0.004836155563464342,3.638330620948707e-06,0.4084799991875308,CM
,235560,Contig_555395.fasta,0.0020874395974378947,4.5743389599672525e-07,0.3439278493710522,CM
,235560,Contig_2620.fasta,0.021916475093244247,9.998145048385487e-05,0.47073826868140495,CM
,235560,Contig_990679.fasta,0.003334831782697848,1.4183166890283706e-06,0.37613652658305186,CM
,235560,Contig_137371.fasta,0.01832228786836194,6.950223141015497e-05,0.46351048941982814,CM
,235560,Contig_200971.fasta,0.00465966416879633,4.460328889202173e-06,0.4007827315368878,CM
,235560,Contig_55880.fasta,0.024084009073428156,0.00011580482465929572,0.4721633088489572,CM
,235560,Contig_53941.fasta,0.017190717300586786,5.486088059221687e-05,0.4621371250067324,CM
,235560,Contig_54457.fasta,0.004547972418383784,3.092294142929062e-06,0.39503067882593207,CM
,235560,Contig_543587.fasta,0.0011189343151073604,0.0,0.30773682280126047,CM
,235560,Contig_132047.fasta,0.0012729923008307639,0.0,0.3243770114865279,CM
,235560,Contig_133002.fasta,0.019676149075254588,7.954420236696566e-05,0.466746971640216,CM
,235560,Contig_368235.fasta,0.015037124155820513,4.518970346468558e-05,0.4558342319233478,CM
,235560,Contig_212696.fasta,0.016444968159083088,5.150497128928139e-05,0.4594146677165602,CM
,235560,Contig_428432.fasta,0.02790987725594005,0.0001559639937341502,0.4769763904885999,CM
,235560,Contig_545097.fasta,0.0011374515870987935,0.0,0.3104935892961623,CM
,235560,Contig_550773.fasta,0.004630606922800043,3.907697131217364e-06,0.40216058364358964,CM
,235560,Contig_134557.fasta,0.01821418456287946,7.24452712062987e-05,0.46558590952170803,CM
,235560,Contig_370062.fasta,0.01290935524957829,2.8454679103582375e-05,0.4492691685735156,CM
,235560,Contig_420336.fasta,0.005984169715290727,4.841244621665733e-06,0.41592341250605913,CM
,235560,Contig_60298.fasta,0.01812916704118127,6.899084373609054e-05,0.4637401774720679,CM
,235560,Contig_424515.fasta,0.001077687952022174,0.0,0.3037415378573947,CM
,235560,Contig_498859.fasta,0.010212898571754165,1.8738226738790486e-05,0.43730265333580987,CM
,235560,Contig_987746.fasta,0.00476198705854188,3.296695380125541e-06,0.4028530685056535,CM
,235560,Contig_553390.fasta,0.021010699251154206,8.244305879051675e-05,0.46721301954000655,CM
,235560,Contig_54838.fasta,0.0241366274927159,0.00011971703782381178,0.4726402414841581,CM
,235560,Contig_808772.fasta,0.02682965795624129,0.0001446162079026426,0.47624818225884635,CM
,235560,concatenated_maxbin2.1689.fasta,0.12283156358515615,0.027563953443887,0.43709840174620884,CM
,235560,concatenated_maxbin2.0347.fasta,0.15650182486482897,0.0516081050276506,0.4964603067048452,CM
,235560,concatenated_maxbin2.0432.fasta,0.15253370336028935,0.05083514821332425,0.4917644131049044,CM
,235560,concatenated_maxbin2.0512.fasta,0.136292814072788,0.0369235936624545,0.46054511719420915,CM
,235560,concatenated_maxbin2.0082.fasta,0.1355711915609465,0.03244659946654717,0.4551691041530317,CM
,235560,concatenated_metabat2.783.fasta,0.1013504668506945,0.0183904064710653,0.4081237148445849,CM
,235560,concatenated_bin.308.fasta,0.144258590517863,0.03996437400378037,0.4712123253467438,CM
,235560,concatenated_maxbin2.0325.fasta,0.11477622152590292,0.023528496979529093,0.42518295235739806,CM
,235560,concatenated_metabat2.665.fasta,0.14331774465470826,0.041454305444963174,0.4714497119086313,CM
,235560,concatenated_maxbin2.0610.fasta,0.1431193860606171,0.036849500082742806,0.46838222129060714,CM
,235560,concatenated_maxbin2.0126.fasta,0.1453198383970304,0.04722592009984434,0.4781950322629704,CM
,235560,concatenated_maxbin2.0342.fasta,0.11859589087720993,0.024169917385241366,0.4312569945339323,CM
,235560,concatenated_bin.737.fasta,0.15156010351969776,0.04657579907179692,0.4869030583447623,CM
,235560,concatenated_bin.182.fasta,0.11101518839704332,0.02419854904071122,0.42135419997236967,CM
,235560,concatenated_maxbin2.0908.fasta,0.1550205538037892,0.0552026205645203,0.4954090408356978,CM
,235560,concatenated_maxbin2.1011.fasta,0.14877272095674193,0.04192990655531347,0.48040435222722433,CM
,235560,concatenated_metabat2.358.fasta,0.13123784821105516,0.03266465935254117,0.44797878321619583,CM
,235560,concatenated_maxbin2.0541.fasta,0.14810338167201723,0.048362536938317754,0.4781950322629704,CM
,235560,concatenated_bin.204.fasta,0.12397296163556065,0.02699178808992495,0.43669047043333326,CM
,235560,concatenated_metabat2.164.fasta,0.12913175852000844,0.029278832539494988,0.44584453460630447,CM
,235560,concatenated_maxbin2.0329.fasta,0.13340221256376636,0.03387883371771949,0.453185316289895,CM
,235560,concatenated_bin.240.fasta,0.13407401976339622,0.03490032619325005,0.45450591458894274,CM
,235560,concatenated_metabat2.793.fasta,0.1527303686233299,0.04150217031099384,0.4843828561794167,CM
,235560,concatenated_maxbin2.0177.fasta,0.14046503192963486,0.034998906655627875,0.4630517952195117,CM
,235560,concatenated_metabat2.147.fasta,0.1484164619874298,0.04395539068397186,0.4779508059952161,CM
,235560,concatenated_maxbin2.0272.fasta,0.16201915719927618,0.05703573730132255,0.5074987408560917,CM
