Method,Number of Swaps,Node,Eigenvector Centrality,Betweenness Centrality,Closeness Centrality,Methods
,235560,Contig_60400.fasta,0.021913321869186358,9.3053502075685e-05,0.470501597857533,CM
,235560,Contig_303000.fasta,0.014069917132677343,4.32850466419655e-05,0.4589640402837828,CM
,235560,Contig_58480.fasta,0.0037187880006299954,1.9818898983063168e-06,0.39155969796595524,CM
,235560,Contig_547953.fasta,0.019435339242966254,6.99044222763243e-05,0.4644306094980809,CM
,235560,Contig_501261.fasta,0.013986841308749045,3.6173028342193116e-05,0.45450591458894274,CM
,235560,Contig_59812.fasta,0.019736952798644753,7.244230900437337e-05,0.46558590952170803,CM
,235560,Contig_137842.fasta,0.026833496036303875,0.00014114566340152088,0.47673340710067913,CM
,235560,Contig_305555.fasta,0.019887728627002593,8.148242496319293e-05,0.4674463926766399,CM
,235560,Contig_1064437.fasta,0.01965325620593255,7.541714799899064e-05,0.4662818525852681,CM
,235560,Contig_302768.fasta,0.004722181674775052,2.9741056675545774e-06,0.4058229306759033,CM
,235560,Contig_308773.fasta,0.01094993190568398,2.104384651567622e-05,0.44478501812672677,CM
,235560,Contig_548846.fasta,0.0012369330959604236,0.0,0.3211488257167581,CM
,235560,Contig_367992.fasta,0.004685571197041931,3.68286532840884e-06,0.4011263086749392,CM
,235560,Contig_2515.fasta,0.01997566971735008,7.573590901977392e-05,0.466746971640216,CM
,235560,Contig_139114.fasta,0.02441260257574236,0.00011659306990495044,0.47287906929693435,CM
,235560,Contig_1118110.fasta,0.020727997892243336,8.480875021021233e-05,0.46908655545796146,CM
,235560,Contig_499911.fasta,0.023043537744189883,0.00010032997310999401,0.4712123253467438,CM
,235560,Contig_552124.fasta,0.0,0.0,0.0,CM
,235560,Contig_133566.fasta,0.01634483557339803,5.371319006459315e-05,0.4619090217860973,CM
,235560,Contig_131655.fasta,0.0045197256781777965,3.0044029575256365e-06,0.39721038970230604,CM
,235560,Contig_550217.fasta,0.006977105382780061,7.579455887939303e-06,0.42040776196704094,CM
,235560,Contig_1065858.fasta,0.01965878717859385,7.328077754693124e-05,0.46535438992473055,CM
,235560,Contig_502682.fasta,0.004771217285981496,3.206995446374705e-06,0.4044199127651828,CM
,235560,Contig_59781.fasta,0.009673897641619123,1.5371530838651874e-05,0.43935571743597795,CM
,235560,Contig_544167.fasta,0.019729848486947216,7.229090395719038e-05,0.46581765960111154,CM
,235560,Contig_500923.fasta,0.004657532349093584,2.867383523180832e-06,0.40320020600544293,CM
,235560,Contig_53423.fasta,0.00846060070807353,1.3305854211314217e-05,0.43285276509650006,CM
,235560,Contig_54970.fasta,0.009631914358384138,1.9309792825982492e-05,0.4420536977508895,CM
,235560,Contig_371293.fasta,0.02529045738555332,0.00012535061420983939,0.4750394305272249,CM
,235560,Contig_368039.fasta,0.012195678482737263,3.143481070318853e-05,0.45296596231298797,CM
,235560,Contig_139681.fasta,0.00837040258800335,1.3429721743677306e-05,0.4362832998315306,CM
,235560,Contig_139250.fasta,0.006534933435786127,7.0923384743624635e-06,0.4175937876566859,CM
,235560,Contig_55970.fasta,0.02061351142543824,8.183236687204813e-05,0.46767999906978164,CM
,235560,Contig_370642.fasta,0.007215009314242401,9.34835067749473e-06,0.4275137862670777,CM
,235560,Contig_424505.fasta,0.015253476303661936,4.7017652665090864e-05,0.46077187500671246,CM
,235560,Contig_1064106.fasta,0.008149986871510004,9.578627136185556e-06,0.4286888127066574,CM
,235560,Contig_53687.fasta,0.002584002150752602,8.22495852070088e-07,0.37313703275065113,CM
,235560,Contig_988292.fasta,0.011044555643480457,2.3787135597617642e-05,0.4484080872729435,CM
,235560,Contig_2.fasta,0.004614717948382057,3.6801546031019676e-06,0.40564702129979757,CM
,235560,Contig_55746.fasta,0.0035521531446030385,1.5101512944194102e-06,0.3881491821396238,CM
,235560,Contig_370874.fasta,0.016463304209698493,4.965699795991354e-05,0.45986618090350523,CM
,235560,Contig_62202.fasta,0.020465287339973718,8.133272917194418e-05,0.4665142961807742,CM
,235560,Contig_131826.fasta,0.020013832785199602,7.469024048608975e-05,0.4660496405072874,CM
,235560,Contig_60972.fasta,0.019018700714113383,7.166240753244878e-05,0.46721301954000655,CM
,235560,Contig_502426.fasta,0.01100778610686359,2.1475470802790888e-05,0.44478501812672677,CM
,235560,Contig_302574.fasta,0.009353153958458028,1.4656819307192096e-05,0.43935571743597795,CM
,235560,Contig_369922.fasta,0.027729611151006507,0.00014947433059451094,0.4769763904885999,CM
,235560,Contig_56774.fasta,0.002374123238550245,3.6700400497820326e-07,0.35569277010210304,CM
,235560,Contig_53586.fasta,0.018806967088022944,6.58897890385087e-05,0.46512310046651745,CM
,235560,Contig_305448.fasta,0.01951486109690652,7.115955899189589e-05,0.4637401774720679,CM
,235560,Contig_423780.fasta,0.0212167101497783,8.709092146938147e-05,0.46932180448276484,CM
,235560,Contig_368225.fasta,0.02257657194870188,9.644150370723438e-05,0.4712123253467438,CM
,235560,Contig_498426.fasta,0.024651429130035398,0.00011338429718747017,0.4731181385938489,CM
,235560,Contig_543905.fasta,0.005178646419060227,3.840078678792382e-06,0.40026846798059584,CM
,235560,Contig_799449.fasta,0.014867412085733814,4.303296148912552e-05,0.4551691041530317,CM
,235560,Contig_307703.fasta,0.02283521976080773,0.00010137478908151711,0.4726402414841581,CM
,235560,Contig_135212.fasta,0.02443515892842374,0.00011820000664949804,0.47479841610280726,CM
,235560,Contig_542656.fasta,0.01896189186086351,6.699243707535174e-05,0.4644306094980809,CM
,235560,Contig_368570.fasta,0.007081286310463688,8.70643144218159e-06,0.42479694876923885,CM
,235560,Contig_58171.fasta,0.019998598114829357,7.37032914137117e-05,0.46558590952170803,CM
,235560,Contig_989217.fasta,0.021059665094398973,8.886935420442e-05,0.47026516489378545,CM
,235560,Contig_24573992.fasta,0.0012370124263130174,0.0,0.31841703917612557,CM
,235560,Contig_422441.fasta,0.0012369330959604236,0.0,0.3211488257167581,CM
,235560,Contig_58619.fasta,0.010919360697987194,2.509364584204968e-05,0.4488382149345962,CM
,235560,Contig_55786.fasta,0.022070345716754237,9.485356806653653e-05,0.470501597857533,CM
,235560,Contig_84.fasta,0.00928900437412649,1.7209687146283888e-05,0.43832678132957054,CM
,235560,Contig_302648.fasta,0.00619375300373698,5.428976700241591e-06,0.4215439991615464,CM
,235560,Contig_56021.fasta,0.004596398824811184,3.26323351640756e-06,0.4028530685056535,CM
,235560,Contig_500040.fasta,0.024363365841064268,0.00011026038420204018,0.4714497119086313,CM
,235560,Contig_1066208.fasta,0.015988609983398204,4.64475379783968e-05,0.4567240986523344,CM
,235560,Contig_56448.fasta,0.005647767794131109,3.965810345549636e-06,0.4083017792925973,CM
,235560,Contig_211575.fasta,0.0023492787630902995,4.549992413744491e-07,0.3562343654886308,CM
,235560,Contig_58270.fasta,0.027841628419765486,0.00015179679564092467,0.47770682906515216,CM
,235560,Contig_501846.fasta,0.023547089774358113,0.00010344259496862404,0.47073826868140495,CM
,235560,Contig_542512.fasta,0.01182959389858396,2.791015152899776e-05,0.45035018197239324,CM
,235560,Contig_134156.fasta,0.01812540992177941,6.510316886711673e-05,0.4660496405072874,CM
,235560,Contig_24575311.fasta,0.0042472603094508505,2.3365978780458193e-06,0.3912323069141443,CM
,235560,Contig_56365.fasta,0.02438355092274106,0.00012268285475724273,0.47576394414775447,CM
,235560,Contig_24577067.fasta,0.015135182848135288,4.427273616709263e-05,0.4585142960012901,CM
,235560,Contig_302549.fasta,0.020745704510171936,8.816411691673589e-05,0.46955728958285653,CM
,235560,Contig_61598.fasta,0.01757556258280879,5.7556783705950365e-05,0.4623654536258069,CM
,235560,Contig_57982.fasta,0.019991766929165575,8.203440567664578e-05,0.46932180448276484,CM
,235560,Contig_367952.fasta,0.017801516657180046,5.956538899882205e-05,0.4630517952195117,CM
,235560,Contig_548080.fasta,0.01038094485054558,1.9194450229636023e-05,0.4439410237849303,CM
,235560,Contig_55623.fasta,0.017827217112393177,6.156595027568464e-05,0.4644306094980809,CM
,235560,Contig_56982.fasta,0.024111896900445757,0.00011168434372892669,0.4724016547898198,CM
,235560,Contig_1066315.fasta,0.010889017878268013,2.1891924439906492e-05,0.44584453460630447,CM
,235560,Contig_369802.fasta,0.0234689759019056,0.00010714777018521709,0.471925203297344,CM
,235560,Contig_132276.fasta,0.020056548146497155,8.212722719415751e-05,0.46861676421564,CM
,235560,Contig_985545.fasta,0.020784197427373738,7.903570016173296e-05,0.4660496405072874,CM
,235560,Contig_56278.fasta,0.0,0.0,0.0,CM
,235560,Contig_61852.fasta,0.019994253261322214,8.283202487838597e-05,0.46932180448276484,CM
,235560,Contig_985500.fasta,0.018248706762135653,6.60369607498366e-05,0.46558590952170803,CM
,235560,Contig_499607.fasta,0.014568139061707097,3.858317328277326e-05,0.4527468205798902,CM
,235560,Contig_2240.fasta,0.022090823641584517,9.579519592019576e-05,0.47073826868140495,CM
,235560,Contig_370216.fasta,0.010440262656189967,2.128081225352742e-05,0.4456322276850634,CM
,235560,Contig_309063.fasta,0.023199473901817577,9.920960606446496e-05,0.4700289694317595,CM
,235560,Contig_57285.fasta,0.011750235171083341,2.462043021580828e-05,0.44669578908765306,CM
,235560,Contig_3691.fasta,0.007758620413581108,7.674601818683278e-06,0.42268639482323084,CM
,235560,Contig_59029.fasta,0.02328530658461994,0.00010365614180143379,0.4712123253467438,CM
,235560,Contig_3240.fasta,0.013453275724424233,3.667147920507986e-05,0.4558342319233478,CM
,235560,Contig_56285.fasta,0.022477330054994457,9.566419327968498e-05,0.47073826868140495,CM
,235560,Contig_371253.fasta,0.02795525735787858,0.00015556498290028413,0.4781950322629704,CM
,235560,Contig_1263041.fasta,0.0068797348023563,8.158081617504205e-06,0.42345143807177965,CM
,235560,Contig_138129.fasta,0.021960102121212303,9.277484767051736e-05,0.46955728958285653,CM
,235560,Contig_302755.fasta,0.01100126441139167,2.7800639119882145e-05,0.4534048828191052,CM
,235560,Contig_544576.fasta,0.012026419842520631,3.0873665836136356e-05,0.453185316289895,CM
,235560,Contig_278.fasta,0.001281973326282716,0.0,0.3243770114865279,CM
,235560,Contig_131695.fasta,0.022064123994814517,9.18161288482501e-05,0.46979301111377164,CM
,235560,Contig_548245.fasta,0.002161266156600869,4.068344132297071e-07,0.3489290373372979,CM
,235560,Contig_1065632.fasta,0.0060835131009053306,6.619740259476851e-06,0.42173396941804103,CM
,235560,Contig_55072.fasta,0.021205755390775134,8.660104119745266e-05,0.46791383906931655,CM
,235560,Contig_204149.fasta,0.009264133218502984,1.604234972790476e-05,0.4385321828203529,CM
,235560,Contig_369610.fasta,0.0048822510512149175,3.3006602119140915e-06,0.4058229306759033,CM
,235560,Contig_498487.fasta,0.015135577426322325,5.022064916833662e-05,0.46122606118217496,CM
,235560,Contig_201047.fasta,0.00843997286840091,1.2342063415531501e-05,0.4358768878149199,CM
,235560,Contig_136690.fasta,0.011764632600238365,2.838968986844184e-05,0.4488382149345962,CM
,235560,Contig_550313.fasta,0.019207844158433175,7.561579305781847e-05,0.4669798793106951,CM
,235560,Contig_60291.fasta,0.010664031989570649,2.0889877080703556e-05,0.442681020879202,CM
,235560,Contig_370828.fasta,0.017547744532782277,6.642349385849527e-05,0.4662818525852681,CM
,235560,Contig_139853.fasta,0.002659163858303024,6.876175485239008e-07,0.3738824123606205,CM
,235560,Contig_57005.fasta,0.00466461733634575,4.108484381956324e-06,0.40494490616124323,CM
,235560,Contig_1062860.fasta,0.006977200390281169,9.370494483742205e-06,0.4267340073591578,CM
,235560,Contig_543959.fasta,0.0,0.0,0.0,CM
,235560,Contig_53626.fasta,0.017495405740022382,6.308416338351296e-05,0.46512310046651745,CM
,235560,Contig_54373.fasta,0.021924711743323784,9.433713674802324e-05,0.47073826868140495,CM
,235560,Contig_549101.fasta,0.0,0.0,0.0,CM
,235560,Contig_371402.fasta,0.02336171504412907,0.00011133076787013468,0.47407683796283334,CM
,235560,Contig_421838.fasta,0.00361846153913411,1.5113252764938524e-06,0.38798825793475666,CM
,235560,Contig_1128005.fasta,0.0,0.0,0.0,CM
,235560,Contig_368554.fasta,0.020076019898527052,8.308601209698804e-05,0.4688515421536238,CM
,235560,Contig_58584.fasta,0.01829885060084364,6.367605938321353e-05,0.4632810287815015,CM
,235560,Contig_368185.fasta,0.016656132422617424,5.2205822867580795e-05,0.4623654536258069,CM
,235560,Contig_707918.fasta,0.016644813989775804,5.0986985903460545e-05,0.46054511719420915,CM
,235560,Contig_992623.fasta,0.02085134067075505,8.470188170866799e-05,0.4681479130258295,CM
,235560,Contig_1062938.fasta,0.016468829944562082,5.138779835702415e-05,0.46009227047130435,CM
,235560,Contig_133910.fasta,0.007218310275664568,1.0151570946097991e-05,0.4275137862670777,CM
,235560,Contig_136735.fasta,0.01745509404714352,6.482021659572433e-05,0.46558590952170803,CM
,235560,Contig_133582.fasta,0.02906840272118027,0.000165728223551473,0.4789292109204878,CM
,235560,Contig_303771.fasta,0.02558336812078474,0.00013515999391141415,0.4769763904885999,CM
,235560,Contig_542493.fasta,0.01775334646738102,5.860543454157577e-05,0.4619090217860973,CM
,235560,Contig_370277.fasta,0.019627547195257115,7.523239540162565e-05,0.466746971640216,CM
,235560,Contig_422210.fasta,0.017247608225737125,5.371467532723144e-05,0.46122606118217496,CM
,235560,Contig_53810.fasta,0.013232519179178658,2.972570536905691e-05,0.4516542848159426,CM
,235560,Contig_54994.fasta,0.028669197178202245,0.0001589002586368633,0.4769763904885999,CM
,235560,Contig_54506.fasta,0.017540542291481703,6.583515692605952e-05,0.46721301954000655,CM
,235560,Contig_24570062.fasta,0.003584856884118725,1.6055827603869273e-06,0.38992819922443045,CM
,235560,Contig_502567.fasta,0.019419241095593762,7.171160954143818e-05,0.46558590952170803,CM
,235560,Contig_985561.fasta,0.017279098891203545,5.481890141346286e-05,0.4616811436303074,CM
,235560,Contig_54969.fasta,0.0011371108122372276,0.0,0.30773682280126047,CM
,235560,Contig_135393.fasta,0.026596138699055805,0.00014013445925944434,0.47649067115001686,CM
,235560,Contig_132217.fasta,0.016232281462609868,5.332567142694096e-05,0.46145349020642656,CM
,235560,Contig_61833.fasta,0.02051164112574672,8.66212680688438e-05,0.46979301111377164,CM
,235560,Contig_499666.fasta,0.0,0.0,0.0,CM
,235560,Contig_62792.fasta,0.009365730782997865,1.625451056082005e-05,0.43709840174620884,CM
,235560,Contig_1065841.fasta,0.0276887397233852,0.00015012776485461596,0.4772196216923167,CM
,235560,Contig_134869.fasta,0.008364016826507321,1.1880998037724418e-05,0.4340573646283085,CM
,235560,Contig_555468.fasta,0.0080999485583533,1.1120012655279184e-05,0.43006786679165127,CM
,235560,Contig_367976.fasta,0.0,0.0,0.0,CM
,235560,Contig_55642.fasta,0.0038508599644365787,2.365873153143805e-06,0.3987335654617099,CM
,235560,Contig_58349.fasta,0.009961288736390062,1.5959606167181886e-05,0.43265264823792565,CM
,235560,Contig_136319.fasta,0.017624491911392596,6.038450954351872e-05,0.4632810287815015,CM
,235560,Contig_131609.fasta,0.020062902528851352,7.445725732377719e-05,0.46535438992473055,CM
,235560,Contig_420267.fasta,0.020102724586835333,8.118217603620644e-05,0.46908655545796146,CM
,235560,Contig_368748.fasta,0.021171256808732254,8.754909938045723e-05,0.46861676421564,CM
,235560,Contig_1065496.fasta,0.02436857380403691,0.00011884389764422424,0.47407683796283334,CM
,235560,Contig_2120.fasta,0.008190508389050737,1.2939334681469217e-05,0.4342587833589945,CM
,235560,Contig_368399.fasta,0.01673880387285321,5.370682976049786e-05,0.4621371250067324,CM
,235560,Contig_367933.fasta,0.008249667588914227,1.4348485823895909e-05,0.43526868750634096,CM
,235560,Contig_24566365.fasta,0.001281973326282716,0.0,0.3243770114865279,CM
,235560,Contig_985209.fasta,0.011932772481571045,2.7847328389803492e-05,0.4520906657674556,CM
,235560,Contig_371176.fasta,0.022931552612540262,0.0001074276953971267,0.4731181385938489,CM
,235560,Contig_138521.fasta,0.0031095838520378747,1.5338589992515047e-06,0.37373309829817614,CM
,235560,Contig_54607.fasta,0.02456884837533829,0.00012124741673955655,0.4750394305272249,CM
,235560,Contig_1063557.fasta,0.011621818313521678,2.7912776249216137e-05,0.44797878321619583,CM
,235560,Contig_137319.fasta,0.017765990460483383,6.473415524833005e-05,0.4660496405072874,CM
,235560,Contig_53407.fasta,0.008717921845336565,1.2934708254684024e-05,0.42987031609491644,CM
,235560,Contig_1062202.fasta,0.01783384651699147,6.409630472142027e-05,0.4662818525852681,CM
,235560,Contig_422644.fasta,0.021774064840609227,9.135026218338852e-05,0.46932180448276484,CM
,235560,Contig_991144.fasta,0.025703571591043525,0.00013093814698609282,0.47624818225884635,CM
,235560,Contig_500942.fasta,0.01707939300997316,5.3676703118437624e-05,0.4603185824587472,CM
,235560,Contig_553943.fasta,0.007463089235679606,9.751911506176907e-06,0.429475758668487,CM
,235560,Contig_137361.fasta,0.023568771248127847,0.00011413170554689956,0.47479841610280726,CM
,235560,Contig_551233.fasta,0.001248187269514987,0.0,0.31939511199270754,CM
,235560,Contig_54682.fasta,0.0,0.0,0.0,CM
,235560,Contig_53743.fasta,0.012880392209888255,2.7394954330165323e-05,0.4499171529512659,CM
,235560,Contig_138130.fasta,0.007877798119441537,1.1182697769573786e-05,0.42888527870698123,CM
,235560,Contig_59389.fasta,0.0035559227831815665,2.13941556896173e-06,0.38863275670209013,CM
,235560,Contig_1194793.fasta,0.015146158811079061,3.964205910531698e-05,0.45450591458894274,CM
,235560,Contig_62383.fasta,0.026325058752332542,0.0001364298295921428,0.47528068976060595,CM
,235560,Contig_58030.fasta,0.017762478789780947,6.791058249404118e-05,0.46721301954000655,CM
,235560,Contig_930757.fasta,0.011204992154661893,2.2051000939336753e-05,0.44478501812672677,CM
,235560,Contig_368431.fasta,0.02565726740211071,0.00013304859592082625,0.47649067115001686,CM
,235560,Contig_990245.fasta,0.026280861453428072,0.00013214049106305062,0.47479841610280726,CM
,235560,Contig_985135.fasta,0.018142001286624226,6.679091181746896e-05,0.4665142961807742,CM
,235560,Contig_368201.fasta,0.001248187269514987,0.0,0.31939511199270754,CM
,235560,Contig_136281.fasta,0.022440981944422143,9.90886119907087e-05,0.4731181385938489,CM
,235560,Contig_547390.fasta,0.017311628660680888,5.3372057846324034e-05,0.4603185824587472,CM
,235560,Contig_369244.fasta,0.013506172451990466,3.402669771180677e-05,0.45494782602753187,CM
,235560,Contig_4654.fasta,0.019797512491829233,7.079258028579959e-05,0.46489204080408997,CM
,235560,Contig_57750.fasta,0.009431716607887688,1.79177093033067e-05,0.44059683528184235,CM
,235560,Contig_370786.fasta,0.0034898865562260992,1.5625102442335776e-06,0.384797565024109,CM
,235560,Contig_552788.fasta,0.003535996210404067,2.0710207087708266e-06,0.3905791644985948,CM
,235560,Contig_372448.fasta,0.02315957431945881,0.00010388899450746707,0.4726402414841581,CM
,235560,Contig_499703.fasta,0.009234125556602904,1.4902055134813392e-05,0.43709840174620884,CM
,235560,Contig_62226.fasta,0.025636525945259662,0.0001282072751216822,0.4750394305272249,CM
,235560,Contig_368906.fasta,0.009755609600757286,2.0017777422835297e-05,0.4449965183731018,CM
,235560,Contig_543263.fasta,0.021077069703191852,7.893994384590056e-05,0.4660496405072874,CM
,235560,Contig_551403.fasta,0.0,0.0,0.0,CM
,235560,Contig_423759.fasta,0.002461295228709713,8.499336512564212e-07,0.36655999927090993,CM
,235560,Contig_310330.fasta,0.019831953274234773,7.601356661303319e-05,0.4674463926766399,CM
,235560,Contig_61150.fasta,0.022228427265660215,9.479570543235267e-05,0.47073826868140495,CM
,235560,Contig_500731.fasta,0.02249157305002083,9.89234763004392e-05,0.4714497119086313,CM
,235560,Contig_710339.fasta,0.024497748124080534,0.00011949387015935081,0.4743171201919073,CM
,235560,Contig_137986.fasta,0.003193040822054079,1.4815661467968394e-06,0.3747808082253236,CM
,235560,Contig_56080.fasta,0.019098142152679295,7.694369604446786e-05,0.46979301111377164,CM
,235560,Contig_549184.fasta,0.016771498806868564,4.803610954123396e-05,0.45605637336190696,CM
,235560,Contig_54762.fasta,0.002355800373303793,8.246356137252421e-07,0.35993372236101273,CM
,235560,Contig_25.fasta,0.019824274612776447,7.408193720162261e-05,0.46512310046651745,CM
,235560,Contig_1197505.fasta,0.014252177942748108,3.672356948350179e-05,0.4542852806498219,CM
,235560,Contig_57080.fasta,0.009424423947255964,1.626902578740443e-05,0.4385321828203529,CM
,235560,Contig_370487.fasta,0.0175726356235869,5.8136581811526623e-05,0.46282278839695007,CM
,235560,Contig_24576382.fasta,0.025435701799867105,0.00013112599573692987,0.4755221941761347,CM
,235560,Contig_1067254.fasta,0.002571274239598092,4.5183327217918786e-07,0.37077166328788946,CM
,235560,Contig_131537.fasta,0.012776172643728816,3.540122472855194e-05,0.45252789078270456,CM
,235560,Contig_370248.fasta,0.015419093987718081,4.3970275671034524e-05,0.45694710846612946,CM
,235560,Contig_555756.fasta,0.020907867182395692,8.766894580041882e-05,0.46955728958285653,CM
,235560,Contig_928928.fasta,0.022276822969780966,8.975177716441307e-05,0.46932180448276484,CM
,235560,Contig_307640.fasta,0.021861477094820735,9.403485530611872e-05,0.47026516489378545,CM
,235560,Contig_554387.fasta,0.001248187269514987,0.0,0.31939511199270754,CM
,235560,Contig_621002.fasta,0.012965211824514971,3.3524393977897066e-05,0.4516542848159426,CM
,235560,Contig_1271583.fasta,0.02311715153156002,0.00010625962430566585,0.4731181385938489,CM
,235560,Contig_54680.fasta,0.015451735179760211,4.613073114392032e-05,0.45986618090350523,CM
,235560,Contig_53390.fasta,0.023173046422905134,0.00010707044816909708,0.4721633088489572,CM
,235560,Contig_56162.fasta,0.021522549776175414,9.427530825176197e-05,0.471925203297344,CM
,235560,Contig_2576.fasta,0.006776189696036128,7.5940915150026365e-06,0.4190898692962978,CM
,235560,Contig_795410.fasta,0.014338335637130545,3.6235574191028296e-05,0.4534048828191052,CM
,235560,Contig_552102.fasta,0.002291626889019224,4.779528895136317e-07,0.35786909297844477,CM
,235560,Contig_542414.fasta,0.006959719387434382,8.589531575970018e-06,0.4232599177470073,CM
,235560,Contig_58376.fasta,0.016192077380386673,4.999075483496159e-05,0.46077187500671246,CM
,235560,Contig_1062568.fasta,0.019835952845063485,8.089700929743027e-05,0.46838222129060714,CM
,235560,Contig_991597.fasta,0.008126496796848513,1.2303301854886651e-05,0.4342587833589945,CM
,235560,Contig_542451.fasta,0.01741620397221111,6.551335516112658e-05,0.46535438992473055,CM
,235560,Contig_369777.fasta,0.0024937249306034403,8.046611522096454e-07,0.3688717690731703,CM
,235560,Contig_543886.fasta,0.02178695966830613,9.232716477324824e-05,0.46932180448276484,CM
,235560,Contig_371149.fasta,0.024651100577035606,0.00012498036340943857,0.47600594005016944,CM
,235560,Contig_987903.fasta,0.021845245973977433,9.269857359071361e-05,0.4712123253467438,CM
,235560,Contig_135856.fasta,0.015621656382173098,4.807361749215301e-05,0.46054511719420915,CM
,235560,Contig_985989.fasta,0.02390507185982733,0.00010910734579369387,0.4712123253467438,CM
,235560,Contig_1993.fasta,0.004930675863435108,4.2946995445873654e-06,0.41153371949807965,CM
,235560,Contig_1061935.fasta,0.008127603542524476,1.1033960821606028e-05,0.4316548330897754,CM
,235560,Contig_24577161.fasta,0.026213288224853578,0.00012474386877626653,0.4724016547898198,CM
,235560,Contig_308454.fasta,0.02577021707702618,0.00013120810221682589,0.47576394414775447,CM
,235560,Contig_1066423.fasta,0.0219592074109749,8.907755755372998e-05,0.46908655545796146,CM
,235560,Contig_498288.fasta,0.0194775744640895,7.504433485167923e-05,0.46535438992473055,CM
,235560,Contig_544629.fasta,0.0024275091719419837,6.903291038391531e-07,0.3616026577042632,CM
,235560,Contig_131958.fasta,0.0,0.0,0.0,CM
,235560,Contig_60849.fasta,0.0255320198588302,0.00012501799437356865,0.47407683796283334,CM
,235560,Contig_57263.fasta,0.016662613553372185,5.476756879690983e-05,0.4637401774720679,CM
,235560,Contig_54725.fasta,0.022093926798112465,9.712619913598416e-05,0.47168733777148847,CM
,235560,Contig_62.fasta,0.001179321902426997,0.0,0.31403613360356813,CM
,235560,Contig_27.fasta,0.007644330404706729,8.388674566958456e-06,0.4209751138725295,CM
,235560,Contig_57082.fasta,0.01567817287227739,4.647225225124238e-05,0.4591892434438828,CM
,235560,Contig_499069.fasta,0.017558147037620202,6.033423578029856e-05,0.4632810287815015,CM
,235560,Contig_24566202.fasta,0.01025760729898701,2.010622133736764e-05,0.4439410237849303,CM
,235560,Contig_58991.fasta,0.013739349413841969,3.3608077880651886e-05,0.4516542848159426,CM
,235560,Contig_55008.fasta,0.01887046030447869,6.770640455141913e-05,0.4632810287815015,CM
,235560,Contig_420468.fasta,0.020256353849480994,8.271187880443752e-05,0.47073826868140495,CM
,235560,Contig_550444.fasta,0.024469456004536372,0.00011864060778086892,0.4745576461149255,CM
,235560,Contig_554267.fasta,0.019819388171910608,7.749035512632169e-05,0.46861676421564,CM
,235560,Contig_498701.fasta,0.010335134538508498,2.1265104634869763e-05,0.44122002741095384,CM
,235560,Contig_985894.fasta,0.015028254764073804,4.463362187315021e-05,0.4585142960012901,CM
,235560,Contig_54008.fasta,0.020562660460822908,8.522443456865058e-05,0.46979301111377164,CM
,235560,Contig_544318.fasta,0.0008489817265369644,0.0,0.2857489093553078,CM
,235560,Contig_705467.fasta,0.0,0.0,0.0,CM
,235560,Contig_54461.fasta,0.014152466264675893,3.514144617387746e-05,0.45296596231298797,CM
,235560,Contig_370355.fasta,0.02115740395009051,8.489174732706396e-05,0.4688515421536238,CM
,235560,Contig_993069.fasta,0.023406892522163877,0.00010391871798080756,0.4714497119086313,CM
,235560,Contig_994211.fasta,0.029917384447717233,0.00017565279196987438,0.4794199170792178,CM
,235560,Contig_60682.fasta,0.009907263645459184,2.0391177555866594e-05,0.4399754010994984,CM
,235560,Contig_131793.fasta,0.013332958732836304,3.4261533458403065e-05,0.45450591458894274,CM
,235560,Contig_136283.fasta,0.02302319150613502,9.773736532817372e-05,0.46979301111377164,CM
,235560,Contig_1062059.fasta,0.018680798837724503,6.97365525608612e-05,0.46512310046651745,CM
,235560,Contig_499445.fasta,0.006011819464630466,6.43619655931017e-06,0.4175937876566859,CM
,235560,Contig_1062488.fasta,0.014651167997347775,4.0735571425959714e-05,0.45494782602753187,CM
,235560,Contig_307035.fasta,0.01674023158280986,5.55983965105384e-05,0.4632810287815015,CM
,235560,Contig_137283.fasta,0.0023674840901119266,7.411370983260108e-07,0.36076625988382155,CM
,235560,Contig_137617.fasta,0.024629311522241164,0.00012050914126972894,0.4750394305272249,CM
,235560,Contig_794674.fasta,0.0,0.0,0.0,CM
,235560,Contig_135234.fasta,0.021022716089323653,8.082580617740719e-05,0.4662818525852681,CM
,235560,Contig_369513.fasta,0.005488885292590424,5.0727265228702705e-06,0.41027079269558664,CM
,235560,Contig_498784.fasta,0.016489823320318658,5.4062172777824815e-05,0.4623654536258069,CM
,235560,Contig_542670.fasta,0.0010838903797593957,0.0,0.3047306018035275,CM
,235560,Contig_62635.fasta,0.022452467944537032,9.74127846673592e-05,0.46955728958285653,CM
,235560,Contig_136944.fasta,0.01511311748404742,4.0782620350784756e-05,0.4573937820814434,CM
,235560,Contig_501322.fasta,0.0009519940596514656,0.0,0.29400806727572515,CM
,235560,Contig_55419.fasta,0.01869573672199904,6.751638364879936e-05,0.46581765960111154,CM
,235560,Contig_55334.fasta,0.016713766237831402,5.634388083756961e-05,0.4632810287815015,CM
,235560,Contig_139851.fasta,0.023221035361253854,0.0001059806940399046,0.4712123253467438,CM
,235560,Contig_5146.fasta,0.006914788647554134,6.667201993028659e-06,0.4175937876566859,CM
,235560,Contig_139057.fasta,0.025321694228481868,0.00012647131596872922,0.47528068976060595,CM
,235560,Contig_133009.fasta,0.001191696106133555,0.0,0.3153058214752807,CM
,235560,Contig_371892.fasta,0.010369878701293137,2.0361773424500433e-05,0.44247171543197783,CM
,235560,Contig_53661.fasta,0.014250206112069914,3.8351219373837305e-05,0.45561230678609205,CM
,235560,Contig_135135.fasta,0.002380804063373625,5.638191722648577e-07,0.36034951025746365,CM
,235560,Contig_707468.fasta,0.002471985685133189,4.73512726001849e-07,0.3651298002881908,CM
,235560,Contig_623155.fasta,0.022289101608563597,9.508424488467893e-05,0.47026516489378545,CM
,235560,Contig_426668.fasta,0.019552361030463192,7.847291580203538e-05,0.47073826868140495,CM
,235560,Contig_987025.fasta,0.011160328299712967,2.1413860771198913e-05,0.44457371883070457,CM
,235560,Contig_499011.fasta,0.016601581550989,5.481971152694445e-05,0.46054511719420915,CM
,235560,Contig_501860.fasta,0.01748322391720592,6.0501300290792404e-05,0.4630517952195117,CM
,235560,Contig_993478.fasta,0.02444371679038357,0.00011543413998315287,0.47383679905753573,CM
,235560,Contig_57792.fasta,0.020850451835503533,8.115264086704885e-05,0.4669798793106951,CM
,235560,Contig_55876.fasta,0.013847313589178541,3.0806260554499386e-05,0.4488382149345962,CM
,235560,Contig_420410.fasta,0.0025488311399666933,8.735944524102585e-07,0.3701849992636998,CM
,235560,Contig_548202.fasta,0.009507180941742646,1.616616972489222e-05,0.44080437029610603,CM
,235560,Contig_54035.fasta,0.015692264570480965,4.795822385316748e-05,0.45986618090350523,CM
,235560,Contig_56306.fasta,0.006919057721577397,8.614948057017622e-06,0.42402704038904987,CM
,235560,Contig_138787.fasta,0.024481015447883208,0.00011505580198575572,0.47383679905753573,CM
,235560,Contig_367974.fasta,0.004525210300582583,2.3091460973618316e-06,0.39536446055709046,CM
,235560,Contig_370972.fasta,0.011670666735708365,2.1742508453097496e-05,0.44436262019878114,CM
,235560,Contig_550249.fasta,0.025540753155442325,0.00012452775831715571,0.47407683796283334,CM
,235560,Contig_2122.fasta,0.004983246785985562,3.864641695591923e-06,0.4084799991875308,CM
,235560,Contig_1211.fasta,0.010227594388313157,1.8443777228665053e-05,0.4397686457418388,CM
,235560,Contig_990613.fasta,0.016348830461793914,4.745236962456797e-05,0.45873905791109465,CM
,235560,Contig_59466.fasta,0.023961457615355685,0.00011351424704562124,0.4726402414841581,CM
,235560,Contig_53438.fasta,0.02237566499161118,9.960148320450745e-05,0.47097517772452596,CM
,235560,Contig_61874.fasta,0.019722925553983625,7.594395717904626e-05,0.466746971640216,CM
,235560,Contig_24570409.fasta,0.015701750055470688,4.8299475761404054e-05,0.46145349020642656,CM
,235560,Contig_134391.fasta,0.020911827564502793,8.437347236017746e-05,0.4681479130258295,CM
,235560,Contig_368022.fasta,0.012994935706932786,3.370468368676852e-05,0.45362466220971065,CM
,235560,Contig_550148.fasta,0.009252477254209978,1.324605332606134e-05,0.433454227947491,CM
,235560,Contig_498565.fasta,0.00586822633880599,5.521076050829001e-06,0.41890227311487604,CM
,235560,Contig_132580.fasta,0.007442632023806651,1.1271913606907957e-05,0.4316548330897754,CM
,235560,Contig_987514.fasta,0.012723805945774323,3.3197166887226566e-05,0.4547267629439422,CM
,235560,Contig_132151.fasta,0.005849548392606348,5.480451920107204e-06,0.41592341250605913,CM
,235560,Contig_544515.fasta,0.0,0.0,0.0,CM
,235560,Contig_988369.fasta,0.015265781148118792,4.1418868019360906e-05,0.4551691041530317,CM
,235560,Contig_993621.fasta,0.021148592634866435,8.70621280475606e-05,0.46861676421564,CM
,235560,Contig_139909.fasta,0.012742772155582631,3.0082659738448033e-05,0.4488382149345962,CM
,235560,Contig_134896.fasta,0.02221186684822788,9.631879705128791e-05,0.4712123253467438,CM
,235560,Contig_1065651.fasta,0.02238903166466821,9.66788961541086e-05,0.4714497119086313,CM
,235560,Contig_55852.fasta,0.0212815549993578,8.70833796318966e-05,0.46838222129060714,CM
,235560,Contig_370760.fasta,0.016739078705573573,5.442147855597939e-05,0.4621371250067324,CM
,235560,Contig_704052.fasta,0.011322348590331597,2.2567810662460763e-05,0.44331012701972194,CM
,235560,Contig_1062304.fasta,0.0058610522342171945,4.792467520433344e-06,0.4146334417982424,CM
,235560,Contig_368958.fasta,0.012769817948071714,3.4198972554099375e-05,0.45384465477140307,CM
,235560,Contig_1065614.fasta,0.020130554156842017,8.285320978495109e-05,0.46979301111377164,CM
,235560,Contig_58988.fasta,0.01799612052535949,6.218984046265462e-05,0.4637401774720679,CM
,235560,Contig_53501.fasta,0.01043557942234807,1.870454910334502e-05,0.4395620846118521,CM
,235560,Contig_53993.fasta,0.007159422100435815,8.12663612088814e-06,0.4271235409122013,CM
,235560,Contig_423707.fasta,0.010528340003632678,1.8638453831001977e-05,0.4410121009135877,CM
,235560,Contig_421471.fasta,0.011742697795076218,2.864003883101879e-05,0.4512187454863226,CM
,235560,Contig_61908.fasta,0.013699491386125964,3.7384582830303605e-05,0.4542852806498219,CM
,235560,Contig_369636.fasta,0.0103796072092977,1.7366584411566472e-05,0.4387377769051257,CM
,235560,Contig_132893.fasta,0.021958800041527685,9.442395545127379e-05,0.4700289694317595,CM
,235560,Contig_54779.fasta,0.014552997790911128,3.8234214451679715e-05,0.4551691041530317,CM
,235560,Contig_132095.fasta,0.01846610036713602,6.218047099916452e-05,0.46054511719420915,CM
,235560,Contig_499035.fasta,0.017829960450857316,6.875031033900896e-05,0.4665142961807742,CM
,235560,Contig_542555.fasta,0.0024312636813831746,4.771971736371802e-07,0.36258337006533636,CM
,235560,Contig_134585.fasta,0.0034293730998417493,1.7872047148512594e-06,0.3816589225687737,CM
,235560,Contig_501844.fasta,0.01607958449579943,5.370770388117638e-05,0.4644306094980809,CM
,235560,Contig_139875.fasta,0.024109700315408412,0.00010728482211027958,0.47073826868140495,CM
,235560,Contig_139036.fasta,0.0012369330959604236,0.0,0.3211488257167581,CM
,235560,Contig_703292.fasta,0.013425695966166593,3.189307942743263e-05,0.4516542848159426,CM
,235560,Contig_993718.fasta,0.023808877085107948,0.00011807984270159522,0.47528068976060595,CM
,235560,Contig_550719.fasta,0.01521707472911167,4.650433001896457e-05,0.4596403134276194,CM
,235560,Contig_53600.fasta,0.020571034611477076,7.684197081586565e-05,0.46489204080408997,CM
,235560,Contig_54784.fasta,0.011902101346945955,2.608843707973456e-05,0.44797878321619583,CM
,235560,Contig_137925.fasta,0.009621926420884448,1.6872565525289982e-05,0.4410121009135877,CM
,235560,Contig_498371.fasta,0.0,0.0,0.0,CM
,235560,Contig_369572.fasta,0.02218404635140359,9.057280649875142e-05,0.46908655545796146,CM
,235560,Contig_709936.fasta,0.018452636648614445,6.55267113260973e-05,0.46581765960111154,CM
,235560,Contig_370309.fasta,0.014213009129523441,3.816257376504408e-05,0.45539059763437134,CM
,235560,Contig_555617.fasta,0.0,0.0,0.0,CM
,235560,Contig_985297.fasta,0.018416711405089492,6.631965014829546e-05,0.46351048941982814,CM
,235560,Contig_369793.fasta,0.020157762903870197,8.588638255530766e-05,0.470501597857533,CM
,235560,Contig_502640.fasta,0.0186107941657859,6.253655610822086e-05,0.4630517952195117,CM
,235560,Contig_58743.fasta,0.025505488644520204,0.0001246541907351673,0.47383679905753573,CM
,235560,Contig_134420.fasta,0.014326105789234005,4.167638876790339e-05,0.4585142960012901,CM
,235560,Contig_131697.fasta,0.012784670913283403,2.9406553636673618e-05,0.4523091726141291,CM
,235560,Contig_986689.fasta,0.020159215679675133,8.319462477127362e-05,0.46979301111377164,CM
,235560,Contig_306288.fasta,0.024696400249074706,0.00011945483791602218,0.47383679905753573,CM
,235560,Contig_53836.fasta,0.008998540136565697,1.2542920094166995e-05,0.43285276509650006,CM
,235560,Contig_544688.fasta,0.012835703016044238,3.1335524106344205e-05,0.4512187454863226,CM
,235560,Contig_56656.fasta,0.02140934069935189,9.264779202832644e-05,0.4714497119086313,CM
,235560,Contig_54598.fasta,0.024546124814367857,0.0001218959660351507,0.47528068976060595,CM
,235560,Contig_546991.fasta,0.0020529810791112546,3.677790924441006e-07,0.34254307398925077,CM
,235560,Contig_134764.fasta,0.022008880251810296,8.871518953658974e-05,0.46838222129060714,CM
,235560,Contig_542365.fasta,0.0026391083601158545,8.862062276950504e-07,0.37433107125545323,CM
,235560,Contig_139193.fasta,0.0,0.0,0.0,CM
,235560,Contig_207429.fasta,0.011870086862927018,2.8088917640440694e-05,0.449484955878306,CM
,235560,Contig_139542.fasta,0.007407133620611662,9.880963670470836e-06,0.4316548330897754,CM
,235560,Contig_1122224.fasta,0.0,0.0,0.0,CM
,235560,Contig_656.fasta,0.001281973326282716,0.0,0.3243770114865279,CM
,235560,Contig_53374.fasta,0.021357270648226782,8.604128634247935e-05,0.4688515421536238,CM
,235560,Contig_56557.fasta,0.022735629207662648,0.00010536656644997415,0.47383679905753573,CM
,235560,Contig_308360.fasta,0.0259309199340267,0.00013150906720427774,0.47576394414775447,CM
,235560,Contig_1064061.fasta,0.008583946412565114,1.3385056156152614e-05,0.43832678132957054,CM
,235560,Contig_53464.fasta,0.023533247648567925,0.00010565083782554116,0.471925203297344,CM
,235560,Contig_56696.fasta,0.019555162531669355,7.323446593366255e-05,0.4660496405072874,CM
,235560,Contig_1061954.fasta,0.019412315759555772,6.645025647629553e-05,0.464200237171941,CM
,235560,Contig_2616.fasta,0.0,0.0,0.0,CM
,235560,Contig_499913.fasta,0.024473331192021906,0.00011729607427074446,0.473357449741342,CM
,235560,Contig_60703.fasta,0.018822288346579813,7.313942298322666e-05,0.466746971640216,CM
,235560,Contig_542430.fasta,0.022496149757909353,0.00010044740771813349,0.47168733777148847,CM
,235560,Contig_131612.fasta,0.011386414621979528,2.3638623474311048e-05,0.441428150065393,CM
,235560,Contig_133564.fasta,0.021436867845864647,8.959290902043985e-05,0.470501597857533,CM
,235560,Contig_550250.fasta,0.0,0.0,0.0,CM
,235560,Contig_131657.fasta,0.012396626166824794,2.7863450625453125e-05,0.44797878321619583,CM
,235560,Contig_500964.fasta,0.02292725964194213,9.992680278490682e-05,0.4700289694317595,CM
,235560,Contig_933392.fasta,0.009247343318691767,1.5810206319033485e-05,0.43506633107328363,CM
,235560,Contig_54659.fasta,0.008241729985084028,1.1058476964812538e-05,0.4308598886457795,CM
,235560,Contig_61746.fasta,0.007516204809342227,1.1574500302007694e-05,0.43466218213591873,CM
,235560,Contig_53765.fasta,0.00901394747495963,1.5181299979187767e-05,0.4344603891080005,CM
,235560,Contig_138153.fasta,0.021045752519949987,8.220375457154346e-05,0.46767999906978164,CM
,235560,Contig_56940.fasta,0.01861251350666859,6.326177032170776e-05,0.46282278839695007,CM
,235560,Contig_54275.fasta,0.019682937052230676,8.161026080133138e-05,0.46861676421564,CM
,235560,Contig_542488.fasta,0.0,0.0,0.0,CM
,235560,Contig_367990.fasta,0.015384845808010885,4.647301420204102e-05,0.4589640402837828,CM
,235560,Contig_555859.fasta,0.012618061018118442,2.9419689183922138e-05,0.45013356331824583,CM
,235560,Contig_993581.fasta,0.009409724058361414,1.7064450218930118e-05,0.43669047043333326,CM
,235560,Contig_547586.fasta,0.004967720617643309,3.6883221563127024e-06,0.4100910070721442,CM
,235560,Contig_428255.fasta,0.001248187269514987,0.0,0.31939511199270754,CM
,235560,Contig_131556.fasta,0.01603184844073539,4.3993904165981205e-05,0.45406486081447506,CM
,235560,Contig_303047.fasta,0.0068192036461351005,6.04591368086675e-06,0.4190898692962978,CM
,235560,Contig_368885.fasta,0.011605582095420357,2.3799067902489655e-05,0.4441517219452459,CM
,235560,Contig_59053.fasta,0.011204968893338718,2.56086913866688e-05,0.44436262019878114,CM
,235560,Contig_551912.fasta,0.008619257407936396,1.4800447129265256e-05,0.4399754010994984,CM
,235560,Contig_554772.fasta,0.011528821694552497,2.414661830395369e-05,0.44669578908765306,CM
,235560,Contig_544264.fasta,0.001191696106133555,0.0,0.3153058214752807,CM
,235560,Contig_934117.fasta,0.014953675033262906,4.003252257707204e-05,0.4547267629439422,CM
,235560,Contig_545454.fasta,0.013840037501120245,3.7232104826092765e-05,0.45362466220971065,CM
,235560,Contig_368262.fasta,0.0034347342849575515,1.3697487381257081e-06,0.3816589225687737,CM
,235560,Contig_61277.fasta,0.00736848291081292,1.0002996646252567e-05,0.42888527870698123,CM
,235560,Contig_302677.fasta,0.008213078005953719,1.2307173796098999e-05,0.43006786679165127,CM
,235560,Contig_554901.fasta,0.002532455614917267,7.051632238627539e-07,0.3698923629006455,CM
,235560,Contig_305322.fasta,0.007435282104494259,9.710131034123407e-06,0.429475758668487,CM
,235560,Contig_544883.fasta,0.0,0.0,0.0,CM
,235560,Contig_135194.fasta,0.019166667848619104,6.690529377063223e-05,0.46466121059515053,CM
,235560,Contig_56818.fasta,0.010303707524818252,2.1148133982817166e-05,0.4435202266059872,CM
,235560,Contig_498461.fasta,0.016587103412657216,5.704334393391954e-05,0.464200237171941,CM
,235560,Contig_543101.fasta,0.0022501243201331527,4.4083153538313213e-07,0.35234475833532874,CM
,235560,Contig_421823.fasta,0.00942149595284634,1.70106887655724e-05,0.4389435638548935,CM
,235560,Contig_135268.fasta,0.012327128814684948,2.815012608589571e-05,0.4505670092145561,CM
,235560,Contig_1064205.fasta,0.022851464919607017,9.844424771546118e-05,0.47097517772452596,CM
,235560,Contig_54445.fasta,0.015691443539074378,4.83032798545708e-05,0.4619090217860973,CM
,235560,Contig_549637.fasta,0.0,0.0,0.0,CM
,235560,Contig_55400.fasta,0.011578879550097235,2.4493797692058784e-05,0.44776443930078136,CM
,235560,Contig_625718.fasta,0.0243111596820319,0.00011196437220014865,0.471925203297344,CM
,235560,Contig_801021.fasta,0.0,0.0,0.0,CM
,235560,Contig_1062339.fasta,0.00239453105761762,6.845321558088943e-07,0.35841734130165953,CM
,235560,Contig_306355.fasta,0.009800185227889672,2.1127757128747016e-05,0.4471226364733077,CM
,235560,Contig_428764.fasta,0.018653840719211744,6.861775740489549e-05,0.4665142961807742,CM
,235560,Contig_369126.fasta,0.0031588546231154646,1.4344094475751289e-06,0.37358390344855613,CM
,235560,Contig_302533.fasta,0.01749384570280826,6.328975353503855e-05,0.4632810287815015,CM
,235560,Contig_1315.fasta,0.010428029944721164,1.8562647931980912e-05,0.4410121009135877,CM
,235560,Contig_992309.fasta,0.00893202199416836,1.1733794466559328e-05,0.43265264823792565,CM
,235560,Contig_425542.fasta,0.018994585638024013,7.046028849256358e-05,0.4665142961807742,CM
,235560,Contig_498295.fasta,0.01952967426781495,7.571748949737102e-05,0.46721301954000655,CM
,235560,Contig_54108.fasta,0.007179517608079476,8.191395205541756e-06,0.42576327485834076,CM
,235560,Contig_796850.fasta,0.022894851754200876,9.779852319230926e-05,0.4700289694317595,CM
,235560,Contig_58097.fasta,0.014601911368789949,3.9229954610062595e-05,0.4547267629439422,CM
,235560,Contig_984994.fasta,0.0037040962228636525,3.007160598129963e-06,0.39603371905993784,CM
,235560,Contig_932851.fasta,0.0222191740726897,0.00010073940356927235,0.473357449741342,CM
,235560,Contig_60483.fasta,0.014093094178848015,4.2742478196896725e-05,0.4603185824587472,CM
,235560,Contig_542409.fasta,0.004988387123206154,4.1353069200925965e-06,0.4090155935920599,CM
,235560,Contig_628830.fasta,0.017387246318676264,5.5942588654727204e-05,0.46122606118217496,CM
,235560,Contig_993268.fasta,0.012546296668160147,2.7318565792498985e-05,0.4471226364733077,CM
,235560,Contig_53370.fasta,0.004769429083551004,3.6531037962381823e-06,0.4045947592471392,CM
,235560,Contig_4880.fasta,0.012757479791935077,3.3682994329732673e-05,0.4527468205798902,CM
,235560,Contig_368303.fasta,0.024506752913468714,0.00011787996890403243,0.473357449741342,CM
,235560,Contig_133134.fasta,0.004900081157968874,3.382382807489447e-06,0.40512020698642126,CM
,235560,Contig_1973.fasta,0.007532750623697963,1.1544888831584695e-05,0.43225296911715155,CM
,235560,Contig_371210.fasta,0.01619061791548509,4.974867290276294e-05,0.4591892434438828,CM
,235560,Contig_1062001.fasta,0.019957733545823985,7.816055481143536e-05,0.46861676421564,CM
,235560,Contig_1064554.fasta,0.011737673472467059,2.7549240519732545e-05,0.44862304800509734,CM
,235560,Contig_498458.fasta,0.005726469429239439,4.651528200378272e-06,0.41063083727013294,CM
,235560,Contig_56821.fasta,0.011825132934155741,2.177588457182245e-05,0.4437305254332068,CM
,235560,Contig_53604.fasta,0.007471484672983517,9.017653849602864e-06,0.4269286852822231,CM
,235560,Contig_201321.fasta,0.015192335290268701,4.6294711101232003e-05,0.45986618090350523,CM
,235560,Contig_136127.fasta,0.02106996777500752,8.72960620639654e-05,0.470501597857533,CM
,235560,Contig_1268205.fasta,0.005219754335672648,4.644337673714888e-06,0.40233348157292914,CM
,235560,Contig_56363.fasta,0.014334190693352877,4.299556156406533e-05,0.4582897542304766,CM
,235560,Contig_138376.fasta,0.015159009334001567,4.01673623614539e-05,0.4558342319233478,CM
,235560,Contig_54813.fasta,0.018954102717142488,6.93713905179493e-05,0.46512310046651745,CM
,235560,Contig_56326.fasta,0.005180091028863754,4.223210862241424e-06,0.4183404908979138,CM
,235560,Contig_213640.fasta,0.02316442282118974,0.0001044252592163671,0.4721633088489572,CM
,235560,Contig_59276.fasta,0.004456651909035019,2.655295497650682e-06,0.3948639992146131,CM
,235560,Contig_622130.fasta,0.007751828870642951,1.0084157557537984e-05,0.42441164541434606,CM
,235560,Contig_550374.fasta,0.0020227964773576216,3.980602973835593e-07,0.3401772730420331,CM
,235560,Contig_542514.fasta,0.012063727725611983,2.2810359866003662e-05,0.4449965183731018,CM
,235560,Contig_1270443.fasta,0.0,0.0,0.0,CM
,235560,Contig_859.fasta,0.01100103344589811,2.1470032507898577e-05,0.4456322276850634,CM
,235560,Contig_133315.fasta,0.019813450724824544,7.002156032422266e-05,0.4644306094980809,CM
,235560,Contig_1258190.fasta,0.019031876303576615,7.069420452811882e-05,0.464200237171941,CM
,235560,Contig_62690.fasta,0.020700122052642066,8.599695268365986e-05,0.46908655545796146,CM
,235560,Contig_137536.fasta,0.01589464461780282,4.694736959409533e-05,0.4596403134276194,CM
,235560,Contig_302537.fasta,0.009175140378703713,1.5539720732530516e-05,0.43669047043333326,CM
,235560,Contig_61137.fasta,0.019923191255383402,7.626611851967716e-05,0.4669798793106951,CM
,235560,Contig_53538.fasta,0.010408690831472242,1.7213341857746558e-05,0.44080437029610603,CM
,235560,Contig_42.fasta,0.0,0.0,0.0,CM
,235560,Contig_421320.fasta,0.002219331340786121,5.218992273645538e-07,0.3514185798492802,CM
,235560,Contig_53681.fasta,0.0057308169031450714,4.720966751155321e-06,0.41027079269558664,CM
,235560,Contig_542529.fasta,0.0012369330959604236,0.0,0.3211488257167581,CM
,235560,Contig_4.fasta,0.010310228139069778,2.030562628466893e-05,0.4418449849568617,CM
,235560,Contig_703687.fasta,0.013630319738671367,3.9263218081619766e-05,0.4542852806498219,CM
,235560,Contig_501838.fasta,0.01983564723856041,7.732584156876988e-05,0.4669798793106951,CM
,235560,Contig_304363.fasta,0.0070231153761405,1.102539840585529e-05,0.4296729468037801,CM
,235560,Contig_1124279.fasta,0.017398833246824844,4.910461901757208e-05,0.45806543227539553,CM
,235560,Contig_371458.fasta,0.024374676836102383,0.0001218536411312034,0.47528068976060595,CM
,235560,Contig_371089.fasta,0.024179747081152846,0.00011505027113167891,0.473357449741342,CM
,235560,Contig_502049.fasta,0.0,0.0,0.0,CM
,235560,Contig_54896.fasta,0.0072435579219564715,9.931932664562513e-06,0.4275137862670777,CM
,235560,Contig_308594.fasta,0.022679671482021532,9.752676493614382e-05,0.4714497119086313,CM
,235560,Contig_421862.fasta,0.0,0.0,0.0,CM
,235560,Contig_704447.fasta,0.006193647726221119,6.311047794604278e-06,0.4205967092757901,CM
,235560,Contig_542628.fasta,0.01062272371366425,2.0540646741411768e-05,0.4435202266059872,CM
,235560,Contig_1062711.fasta,0.012532932230957269,2.7052782369462355e-05,0.44797878321619583,CM
,235560,Contig_56142.fasta,0.005639528735302084,5.872249602817525e-06,0.41262243304172536,CM
,235560,Contig_930489.fasta,0.002302336966405766,3.61775274371349e-07,0.35732251933510234,CM
,235560,Contig_139157.fasta,0.01897161687606806,6.71643390528767e-05,0.464200237171941,CM
,235560,Contig_499578.fasta,0.0011641042671702384,0.0,0.3116309284510933,CM
,235560,Contig_991222.fasta,0.008014211310607275,1.1805233897381453e-05,0.4310583501329494,CM
,235560,Contig_55519.fasta,0.0,0.0,0.0,CM
,235560,Contig_371268.fasta,0.021358656583220146,9.498766002531872e-05,0.4735970031065957,CM
,235560,Contig_502154.fasta,0.02322532785312879,0.00011503476739264373,0.4750394305272249,CM
,235560,Contig_61443.fasta,0.009188134975772633,1.5042586024493657e-05,0.4381215721622814,CM
,235560,Contig_546955.fasta,0.007083238359362869,9.033809076741262e-06,0.42576327485834076,CM
,235560,Contig_137801.fasta,0.016126652496107396,4.6383683501355354e-05,0.4571703361693371,CM
,235560,Contig_53460.fasta,0.015171104098280404,4.217799616089583e-05,0.4567240986523344,CM
,235560,Contig_213008.fasta,0.025448562085674434,0.00013011785765865223,0.47600594005016944,CM
,235560,Contig_421555.fasta,0.011323920793164736,2.343127344397772e-05,0.44436262019878114,CM
,235560,Contig_549796.fasta,0.00120399935257429,0.0,0.31541209239589924,CM
,235560,Contig_368839.fasta,0.025611997958533278,0.00013059893012831798,0.47576394414775447,CM
,235560,Contig_55135.fasta,0.021628399235204328,8.53741967317862e-05,0.466746971640216,CM
,235560,Contig_62471.fasta,0.01988007667981398,7.275006525448185e-05,0.46535438992473055,CM
,235560,Contig_55618.fasta,0.017596548009884354,6.316636919291976e-05,0.4669798793106951,CM
,235560,Contig_210082.fasta,0.015381571234325488,4.023775179435451e-05,0.4547267629439422,CM
,235560,Contig_24578817.fasta,0.0,0.0,0.0,CM
,235560,Contig_54618.fasta,0.009362142525352717,1.8778718774362616e-05,0.44163646915461685,CM
,235560,Contig_988525.fasta,0.024033103229078798,0.00011270895338875898,0.4726402414841581,CM
,235560,Contig_987358.fasta,0.012843482135757759,3.25614634165544e-05,0.453185316289895,CM
,235560,Contig_420491.fasta,0.0,0.0,0.0,CM
,235560,Contig_306388.fasta,0.0,0.0,0.0,CM
,235560,Contig_133758.fasta,0.01394997268137649,3.692826045245436e-05,0.453185316289895,CM
,235560,Contig_1258149.fasta,0.019004847957985807,7.756074284032302e-05,0.46908655545796146,CM
,235560,Contig_303939.fasta,0.01695031774888043,5.445865680754053e-05,0.4632810287815015,CM
,235560,Contig_139743.fasta,0.02097680279171951,8.688400625887154e-05,0.46979301111377164,CM
,235560,Contig_499329.fasta,0.016202830468453697,5.3345435325645396e-05,0.4619090217860973,CM
,235560,Contig_55465.fasta,0.002297576719120939,4.3071691221672344e-07,0.35569277010210304,CM
,235560,Contig_545474.fasta,0.0011699568606633028,0.0,0.3104935892961623,CM
,235560,Contig_60212.fasta,0.018194631865584444,6.102545847460361e-05,0.46351048941982814,CM
,235560,Contig_306074.fasta,0.02466392652194936,0.00012301582662654047,0.4750394305272249,CM
,235560,Contig_502705.fasta,0.0065273710073889685,6.474278267972891e-06,0.41666414877054014,CM
,235560,Contig_302612.fasta,0.013782285458844266,3.761467808138389e-05,0.45539059763437134,CM
,235560,Contig_56457.fasta,0.021452062183092074,9.060607170216286e-05,0.46932180448276484,CM
,235560,Contig_554999.fasta,0.001191696106133555,0.0,0.3153058214752807,CM
,235560,Contig_56086.fasta,0.008231195137090726,1.2126002076605801e-05,0.43066160981989554,CM
,235560,Contig_543199.fasta,0.002216465181468802,5.289970974692955e-07,0.35049725772982515,CM
,235560,Contig_23.fasta,0.009238553527947595,1.716285206961239e-05,0.44310022639139823,CM
,235560,Contig_1064124.fasta,0.019202143226127354,7.172224144753601e-05,0.46512310046651745,CM
,235560,Contig_133459.fasta,0.008592736446968964,1.3059691490478353e-05,0.4375070959039893,CM
,235560,Contig_370813.fasta,0.01703836332248342,5.1388178672285175e-05,0.4594146677165602,CM
,235560,Contig_803076.fasta,0.001281973326282716,0.0,0.3243770114865279,CM
,235560,Contig_304497.fasta,0.0023111253521309813,4.346444315522063e-07,0.35732251933510234,CM
,235560,Contig_55498.fasta,0.011949534918451328,2.5868727483074114e-05,0.44862304800509734,CM
,235560,Contig_60113.fasta,0.02098522614042484,8.347280057952238e-05,0.46767999906978164,CM
,235560,Contig_305805.fasta,0.001226774301414783,0.0,0.31841703917612557,CM
,235560,Contig_302556.fasta,0.012485796291980935,2.7228412639227892e-05,0.44733636622305595,CM
,235560,Contig_61915.fasta,0.008906830939971846,1.3978221773599462e-05,0.43305306716271774,CM
,235560,Contig_134054.fasta,0.019407562760955895,7.391493019955653e-05,0.46512310046651745,CM
,235560,Contig_368736.fasta,0.02611111438863656,0.00013423068219805732,0.47649067115001686,CM
,235560,Contig_552143.fasta,0.024317303776375965,0.00011367987178355627,0.4731181385938489,CM
,235560,Contig_131677.fasta,0.014659148791857696,4.212453164123882e-05,0.4562787314181536,CM
,235560,Contig_500107.fasta,0.01779526459610714,5.711544974250732e-05,0.4616811436303074,CM
,235560,Contig_369773.fasta,0.022318805164808286,0.00010104354347646464,0.4726402414841581,CM
,235560,Contig_553945.fasta,0.005977608499972449,5.7548972425190835e-06,0.4179668057787553,CM
,235560,Contig_135011.fasta,0.009739954225380829,1.5361116327119216e-05,0.4362832998315306,CM
,235560,Contig_1064039.fasta,0.001179321902426997,0.0,0.31403613360356813,CM
,235560,Contig_987907.fasta,0.0071206379479511785,8.505156370633033e-06,0.4255696580894193,CM
,235560,Contig_53369.fasta,0.0037129354071369315,2.4175215104640284e-06,0.3933701883726915,CM
,235560,Contig_61766.fasta,0.011099962824745966,2.3532346426956567e-05,0.44862304800509734,CM
,235560,Contig_53444.fasta,0.013789032796003077,3.3618938968445594e-05,0.4518723699365684,CM
,235560,Contig_988014.fasta,0.0,0.0,0.0,CM
,235560,Contig_53893.fasta,0.01952437155690982,7.187382182406768e-05,0.46351048941982814,CM
,235560,Contig_811026.fasta,0.007090658389546244,1.022955185171087e-05,0.43006786679165127,CM
,235560,Contig_548326.fasta,0.01593998789464149,5.0138323430704345e-05,0.4603185824587472,CM
,235560,Contig_166.fasta,0.0,0.0,0.0,CM
,235560,Contig_368472.fasta,0.019052093814524773,7.079474812532697e-05,0.4669798793106951,CM
,235560,Contig_131533.fasta,0.009419735864179789,1.515778293957577e-05,0.4387377769051257,CM
,235560,Contig_713578.fasta,0.008596655054154684,1.5673607503594827e-05,0.4399754010994984,CM
,235560,Contig_62754.fasta,0.01851487460812855,6.9700989039084e-05,0.46512310046651745,CM
,235560,Contig_499271.fasta,0.02000043766529181,7.745168819009213e-05,0.46767999906978164,CM
,235560,Contig_547132.fasta,0.019061914229784163,6.605579858740729e-05,0.46282278839695007,CM
,235560,Contig_542385.fasta,0.008252324350745808,1.0969400068093838e-05,0.4312569945339323,CM
,235560,Contig_1061989.fasta,0.00847508994241024,1.4913970887928062e-05,0.4399754010994984,CM
,235560,Contig_137023.fasta,0.0035311442545734968,1.3693264258150371e-06,0.3854314984096512,CM
,235560,Contig_626516.fasta,0.024384287224760336,0.00011346072839914549,0.4731181385938489,CM
,235560,Contig_990243.fasta,0.006033758298976163,5.660548081601178e-06,0.41740752816174537,CM
,235560,Contig_59036.fasta,0.001191696106133555,0.0,0.3153058214752807,CM
,235560,Contig_1064338.fasta,0.0,0.0,0.0,CM
,235560,Contig_426325.fasta,0.0037762191723530823,2.029527405346643e-06,0.3922161266297708,CM
,235560,Contig_1063105.fasta,0.006131824085654471,6.465109935063077e-06,0.42173396941804103,CM
,235560,Contig_132168.fasta,0.001130550994151503,0.0,0.3080407103813802,CM
,235560,Contig_372283.fasta,0.0171971497211901,5.627182064477132e-05,0.4603185824587472,CM
,235560,Contig_134478.fasta,0.002200181329166452,6.259586050677892e-07,0.35115485108391487,CM
,235560,Contig_370234.fasta,0.022421874363563184,0.00010191082215725798,0.4735970031065957,CM
,235560,Contig_801164.fasta,0.01628616200041785,5.0004495008499927e-05,0.4603185824587472,CM
,235560,Contig_53484.fasta,0.012519718000710103,2.888951837980273e-05,0.45013356331824583,CM
,235560,Contig_549737.fasta,0.0,0.0,0.0,CM
,235560,Contig_206708.fasta,0.01868433305982677,6.953449269922234e-05,0.46581765960111154,CM
,235560,Contig_54992.fasta,0.021036453149102824,8.799026551144233e-05,0.47026516489378545,CM
,235560,Contig_1580.fasta,0.01485675685092951,4.3878281962765984e-05,0.4573937820814434,CM
,235560,Contig_138626.fasta,0.019704168945679064,7.730027545223561e-05,0.46838222129060714,CM
,235560,Contig_302732.fasta,0.00850484942108698,1.3302081009264938e-05,0.43506633107328363,CM
,235560,Contig_544511.fasta,0.0012304267904473816,0.0,0.31830873406075955,CM
,235560,Contig_987555.fasta,0.02192403087709516,9.150651584997257e-05,0.46955728958285653,CM
,235560,Contig_132953.fasta,0.015065786876902522,4.343590392164789e-05,0.45561230678609205,CM
,235560,Contig_544554.fasta,0.0,0.0,0.0,CM
,235560,Contig_133584.fasta,0.018075278743060478,6.362663030246726e-05,0.4644306094980809,CM
,235560,Contig_57532.fasta,0.013021943232658576,2.8719600585039543e-05,0.4499171529512659,CM
,235560,Contig_420261.fasta,0.002428629202093978,1.0817328018834552e-06,0.3677122507420955,CM
,235560,Contig_371170.fasta,0.01419401138517396,3.603566377066107e-05,0.45406486081447506,CM
,235560,Contig_135069.fasta,0.0012941528691459464,0.0,0.32595878723045385,CM
,235560,Contig_369063.fasta,0.010658097293478592,2.1309831088126445e-05,0.4452082198566285,CM
,235560,Contig_371618.fasta,0.019599870684761416,7.463216711688642e-05,0.4662818525852681,CM
,235560,Contig_555306.fasta,0.007087343027843772,8.769349515496213e-06,0.42518295235739806,CM
,235560,Contig_550560.fasta,0.015398563459275925,4.08521594632068e-05,0.4565013064090893,CM
,235560,Contig_60835.fasta,0.002521239301003377,7.19291444328528e-07,0.3677122507420955,CM
,235560,Contig_542345.fasta,0.0038961762846160407,1.7729588968834503e-06,0.39620138786563636,CM
,235560,Contig_61646.fasta,0.025419831800554592,0.00012439493120829396,0.4731181385938489,CM
,235560,Contig_498856.fasta,0.012876018967731424,2.625242487603048e-05,0.44797878321619583,CM
,235560,Contig_501062.fasta,0.022079768456711644,9.745249132307458e-05,0.47097517772452596,CM
,235560,Contig_368282.fasta,0.010330291739952596,1.849632420442845e-05,0.44122002741095384,CM
,235560,Contig_428054.fasta,0.018698464004823903,6.462094934155825e-05,0.4637401774720679,CM
,235560,Contig_994290.fasta,0.008189715254559294,9.834658174506637e-06,0.43066160981989554,CM
,235560,Contig_499481.fasta,0.0185261415483723,6.243667381901004e-05,0.4623654536258069,CM
,235560,Contig_542530.fasta,0.0,0.0,0.0,CM
,235560,Contig_371705.fasta,0.006713155600740779,7.506424410410166e-06,0.42287739635726757,CM
,235560,Contig_53599.fasta,0.020799130517604663,8.38268153991488e-05,0.46838222129060714,CM
,235560,Contig_985013.fasta,0.019658252996784996,7.255755041605559e-05,0.4660496405072874,CM
,235560,Contig_992481.fasta,0.004948559939786834,3.0060543627998347e-06,0.4037220354351308,CM
,235560,Contig_135275.fasta,0.025747156972518843,0.00013125688909069864,0.47576394414775447,CM
,235560,Contig_931634.fasta,0.018361522935092182,6.721214467511337e-05,0.46466121059515053,CM
,235560,Contig_61990.fasta,0.022123922215550155,9.523096733711267e-05,0.47168733777148847,CM
,235560,Contig_134230.fasta,0.007817721877408382,1.1331305832554818e-05,0.4277091764801797,CM
,235560,Contig_303596.fasta,0.004744868729148425,2.6122104859563476e-06,0.40320020600544293,CM
,235560,Contig_212565.fasta,0.021951237843969844,8.930941880165177e-05,0.46955728958285653,CM
,235560,Contig_1128046.fasta,0.02019173106492826,8.148946771456576e-05,0.46932180448276484,CM
,235560,Contig_139855.fasta,0.028738062545290235,0.000160935902640603,0.4779508059952161,CM
,235560,Contig_989235.fasta,0.01764524458941149,5.749803586055327e-05,0.4619090217860973,CM
,235560,Contig_499439.fasta,0.01055213613252372,1.9859114402748394e-05,0.4420536977508895,CM
,235560,Contig_1062866.fasta,0.021747498013627953,9.121709387843868e-05,0.4688515421536238,CM
,235560,Contig_4593.fasta,0.007053191616955704,7.676161680282446e-06,0.4230685705870855,CM
,235560,Contig_61074.fasta,0.02550276174463988,0.00012372552112287468,0.4731181385938489,CM
,235560,Contig_990281.fasta,0.0264368333371367,0.00013529927313418055,0.47528068976060595,CM
,235560,Contig_499662.fasta,0.01969892682220986,7.775730367361737e-05,0.46767999906978164,CM
,235560,Contig_62796.fasta,0.023197378857100777,0.00011556220358126503,0.4755221941761347,CM
,235560,Contig_368867.fasta,0.02324284288180001,0.00010587017180845918,0.4726402414841581,CM
,235560,Contig_368024.fasta,0.013943760180139113,3.453849382661725e-05,0.45362466220971065,CM
,235560,Contig_1065845.fasta,0.0012370124263130174,0.0,0.31841703917612557,CM
,235560,Contig_131648.fasta,0.022099896698275803,8.420845302536117e-05,0.4665142961807742,CM
,235560,Contig_1067335.fasta,0.023270139628972106,0.00010487927859740759,0.47168733777148847,CM
,235560,Contig_367937.fasta,0.011733902827355763,2.1884354417693645e-05,0.44436262019878114,CM
,235560,Contig_201958.fasta,0.019199660308610745,7.266069846488218e-05,0.46721301954000655,CM
,235560,Contig_546698.fasta,0.0010838903797593957,0.0,0.3047306018035275,CM
,235560,Contig_308342.fasta,0.014994057271063876,4.123497970819536e-05,0.45539059763437134,CM
,235560,Contig_138109.fasta,0.023388519707429483,0.00010665178072452104,0.4726402414841581,CM
,235560,Contig_545981.fasta,0.023293787616378944,0.00010759171222329741,0.4726402414841581,CM
,235560,Contig_930043.fasta,0.004950689118949508,3.0269237065973154e-06,0.40407067277143055,CM
,235560,Contig_53486.fasta,0.0,0.0,0.0,CM
,235560,Contig_24565782.fasta,0.013728727597720577,3.799204079591413e-05,0.45406486081447506,CM
,235560,Contig_59009.fasta,0.014513239600640254,3.8682896451072655e-05,0.4558342319233478,CM
,235560,Contig_53814.fasta,0.0142336565203474,3.435839379261364e-05,0.4542852806498219,CM
,235560,Contig_1116.fasta,0.012529576340999361,3.0374445235643324e-05,0.4507840453461624,CM
,235560,Contig_139857.fasta,0.0036648705474997176,2.21616604690332e-06,0.3948639992146131,CM
,235560,Contig_420383.fasta,0.010896581936567666,1.9531189230000874e-05,0.4437305254332068,CM
,235560,Contig_555118.fasta,0.027728457292105345,0.00014439351813384186,0.47600594005016944,CM
,235560,Contig_1066641.fasta,0.023381107254183964,0.00010178660152125874,0.4714497119086313,CM
,235560,Contig_137669.fasta,0.011088794390650364,2.028982674641247e-05,0.4452082198566285,CM
,235560,Contig_302668.fasta,0.024448757139770204,0.00011026301288616215,0.4721633088489572,CM
,235560,Contig_305455.fasta,0.01888002479292404,6.029922090954938e-05,0.4591892434438828,CM
,235560,Contig_61545.fasta,0.010915644097341226,2.3606138384444854e-05,0.4469091108589461,CM
,235560,Contig_498353.fasta,0.011725151916248846,2.43288644666909e-05,0.4469091108589461,CM
,235560,Contig_988988.fasta,0.001070802417706156,0.0,0.3037415378573947,CM
,235560,Contig_985054.fasta,0.02186663767514892,9.464684681398624e-05,0.47073826868140495,CM
,235560,Contig_420879.fasta,0.008434848829779313,1.2283711142330142e-05,0.43265264823792565,CM
,235560,Contig_1258176.fasta,0.01733158555101944,6.349756935489009e-05,0.4660496405072874,CM
,235560,Contig_499353.fasta,0.024533380279561125,0.0001185851937668437,0.4743171201919073,CM
,235560,Contig_468.fasta,0.0,0.0,0.0,CM
,235560,Contig_993483.fasta,0.022794374118132853,0.00010593173528790867,0.47287906929693435,CM
,235560,Contig_988975.fasta,0.020767854380963423,8.756699159425706e-05,0.4700289694317595,CM
,235560,Contig_988930.fasta,0.01806199957297324,6.102126629918006e-05,0.4630517952195117,CM
,235560,Contig_1198429.fasta,0.001226774301414783,0.0,0.31841703917612557,CM
,235560,Contig_933290.fasta,0.022756038971186936,9.506293292330437e-05,0.46932180448276484,CM
,235560,Contig_499052.fasta,0.01873113730699608,6.832032155390776e-05,0.46558590952170803,CM
,235560,Contig_305495.fasta,0.02177964267346299,9.540372420662182e-05,0.47097517772452596,CM
,235560,Contig_985400.fasta,0.02309922700776039,9.750974915749765e-05,0.46979301111377164,CM
,235560,Contig_985094.fasta,0.017766560152434142,5.8722130718524165e-05,0.46351048941982814,CM
,235560,Contig_500018.fasta,0.010891055100677196,2.4689099500085217e-05,0.44905358835826925,CM
,235560,Contig_54766.fasta,0.01328124493725561,3.3466820326343774e-05,0.4534048828191052,CM
,235560,Contig_1263528.fasta,0.005484595737845316,4.123101801633832e-06,0.4079458056402062,CM
,235560,Contig_59228.fasta,0.0,0.0,0.0,CM
,235560,Contig_1065920.fasta,0.013597754663768741,3.090084060445265e-05,0.4516542848159426,CM
,235560,Contig_555509.fasta,0.006075344782780374,7.170035301091392e-06,0.42287739635726757,CM
,235560,Contig_139091.fasta,0.026484493385932346,0.0001363471152597156,0.47624818225884635,CM
,235560,Contig_706082.fasta,0.01445502804843036,4.4858355567651e-05,0.4609988562259276,CM
,235560,Contig_368629.fasta,0.016940023316431945,5.14516394684012e-05,0.4582897542304766,CM
,235560,Contig_625052.fasta,0.02666151276455654,0.00013661172454444486,0.4755221941761347,CM
,235560,Contig_368691.fasta,0.012256529644641464,2.9184383101156223e-05,0.4518723699365684,CM
,235560,Contig_551706.fasta,0.002596181693615832,6.857161472422662e-07,0.37418139869597483,CM
,235560,Contig_61210.fasta,0.0010276352346525663,0.0,0.299656637252204,CM
,235560,Contig_369691.fasta,0.022492373893890808,0.00010674137577019465,0.47407683796283334,CM
,235560,Contig_498443.fasta,0.0009519940596514656,0.0,0.29400806727572515,CM
,235560,Contig_59641.fasta,0.023476866004734125,0.0001039676379338187,0.4721633088489572,CM
,235560,Contig_370353.fasta,0.020366185932571165,8.539220950534738e-05,0.47073826868140495,CM
,235560,Contig_24566591.fasta,0.010609556223270573,2.4848832713041055e-05,0.4475503004010679,CM
,235560,Contig_55467.fasta,0.0035468059925389235,2.1630683103280344e-06,0.3860675239845846,CM
,235560,Contig_543838.fasta,0.0,0.0,0.0,CM
,235560,Contig_988352.fasta,0.02064601105346737,7.881443416987747e-05,0.46535438992473055,CM
,235560,Contig_56962.fasta,0.017252118788339977,5.982962403177913e-05,0.4630517952195117,CM
,235560,Contig_549823.fasta,0.011215479964448135,2.5241445951047582e-05,0.4512187454863226,CM
,235560,Contig_546289.fasta,0.021646269510784726,8.537342159491082e-05,0.46791383906931655,CM
,235560,Contig_5823.fasta,0.013713311838835179,3.250752667509467e-05,0.4520906657674556,CM
,235560,Contig_304689.fasta,0.020395483819758885,8.083317083783195e-05,0.4669798793106951,CM
,235560,Contig_1062142.fasta,0.012665946943230439,2.693460352230025e-05,0.4488382149345962,CM
,235560,Contig_62387.fasta,0.020800487562514278,8.109902563250994e-05,0.4669798793106951,CM
,235560,Contig_133647.fasta,0.021216091420871275,9.564276374302594e-05,0.4726402414841581,CM
,235560,Contig_550173.fasta,0.023280011813609183,0.00010233021618078938,0.4712123253467438,CM
,235560,Contig_542713.fasta,0.008359953830870374,1.1855986086124243e-05,0.4312569945339323,CM
,235560,Contig_131574.fasta,0.006669704459033811,7.541220644195597e-06,0.42003037618430566,CM
,235560,Contig_542387.fasta,0.004738590153134734,4.278880915561388e-06,0.40547126435815994,CM
,235560,Contig_306603.fasta,0.023042339224210676,0.00010488373299164891,0.4724016547898198,CM
,235560,Contig_137862.fasta,0.026161936349861567,0.00012833726643679964,0.4731181385938489,CM
,235560,Contig_553205.fasta,0.006025729761514629,6.625358896255105e-06,0.4215439991615464,CM
,235560,Contig_53446.fasta,0.019335480158366957,6.726832482222582e-05,0.4632810287815015,CM
,235560,Contig_61498.fasta,0.02041548478909043,8.364431032598397e-05,0.47026516489378545,CM
,235560,Contig_54950.fasta,0.016583494197168466,5.428736828277011e-05,0.46259400797757444,CM
,235560,Contig_55915.fasta,0.0026391083601158545,8.862062276950504e-07,0.37433107125545323,CM
,235560,Contig_55113.fasta,0.01721372162411322,5.4610953946428036e-05,0.46054511719420915,CM
,235560,Contig_24574211.fasta,0.022303775843450172,9.949553167608182e-05,0.4724016547898198,CM
,235560,Contig_55950.fasta,0.01992363407072066,7.614154032063395e-05,0.466746971640216,CM
,235560,Contig_792106.fasta,0.0136078027086938,3.256083924145647e-05,0.4518723699365684,CM
,235560,Contig_24569564.fasta,0.015113834668879281,4.4866985415466606e-05,0.4589640402837828,CM
,235560,Contig_499137.fasta,0.0037106818587292886,2.4570752972562984e-06,0.3938668679034651,CM
,235560,Contig_1065878.fasta,0.006651271760077096,7.564202872828375e-06,0.4151853052966429,CM
,235560,Contig_500105.fasta,0.010922132663236824,1.9319120723597266e-05,0.44584453460630447,CM
,235560,Contig_990105.fasta,0.00857634886346005,1.437629249208122e-05,0.4397686457418388,CM
,235560,Contig_213746.fasta,0.0,0.0,0.0,CM
,235560,Contig_308147.fasta,0.002214441373910899,4.6348570169688916e-07,0.3487989855157037,CM
,235560,Contig_1064246.fasta,0.0,0.0,0.0,CM
,235560,Contig_500378.fasta,0.011707327576948484,2.7406904815918264e-05,0.4516542848159426,CM
,235560,Contig_372001.fasta,0.020925674363526874,8.967827173676665e-05,0.46979301111377164,CM
,235560,Contig_368549.fasta,0.00944728454417573,1.486551984198915e-05,0.43730265333580987,CM
,235560,Contig_542593.fasta,0.01964895753037967,7.688604295232707e-05,0.4669798793106951,CM
,235560,Contig_499422.fasta,0.01859455633837778,6.853982902136753e-05,0.46489204080408997,CM
,235560,Contig_134994.fasta,0.0023492787630902995,4.549992413744491e-07,0.3562343654886308,CM
,235560,Contig_62593.fasta,0.025296650534650966,0.0001248751235150939,0.47407683796283334,CM
,235560,Contig_1062838.fasta,0.0,0.0,0.0,CM
,235560,Contig_306052.fasta,0.0,0.0,0.0,CM
,235560,Contig_500079.fasta,0.013238121292030927,3.417524599199008e-05,0.45384465477140307,CM
,235560,Contig_1065904.fasta,0.022351148686644336,9.509321164979214e-05,0.4700289694317595,CM
,235560,Contig_552078.fasta,0.0037694680412302846,1.8546606780666652e-06,0.39519749921394975,CM
,235560,Contig_1065941.fasta,0.02354174908218787,0.00011113795230427488,0.47407683796283334,CM
,235560,Contig_55393.fasta,0.022017233642819,9.394826784295606e-05,0.47097517772452596,CM
,235560,Contig_423779.fasta,0.0,0.0,0.0,CM
,235560,Contig_135642.fasta,0.02364787790549416,0.00010851835977139552,0.4735970031065957,CM
,235560,Contig_302535.fasta,0.010474824805265542,2.1097483574154872e-05,0.44457371883070457,CM
,235560,Contig_61135.fasta,0.009717591172715931,1.848503193326457e-05,0.4410121009135877,CM
,235560,Contig_134037.fasta,0.01684752230130264,5.4399656274629406e-05,0.46282278839695007,CM
,235560,Contig_131651.fasta,0.017316521829925685,5.91389935594466e-05,0.4632810287815015,CM
,235560,Contig_369755.fasta,0.02648426966503933,0.00014032848287266904,0.47673340710067913,CM
,235560,Contig_985251.fasta,0.006165898274140132,5.696365791280763e-06,0.41592341250605913,CM
,235560,Contig_305281.fasta,0.021146272250957655,8.958519141865671e-05,0.47026516489378545,CM
,235560,Contig_1264101.fasta,0.0030897410049064234,9.455807630278205e-07,0.36555768677290357,CM
,235560,Contig_53427.fasta,0.01698949694725175,4.856314007448511e-05,0.4565013064090893,CM
,235560,Contig_1063267.fasta,0.021045817066520114,8.121543452375328e-05,0.46721301954000655,CM
,235560,Contig_555358.fasta,0.00570742142743894,6.312049627876539e-06,0.4151853052966429,CM
,235560,Contig_368078.fasta,0.017643934193449413,6.178839086274843e-05,0.4637401774720679,CM
,235560,Contig_798280.fasta,0.01399123251390773,4.0937428950225096e-05,0.4578413298134213,CM
,235560,Contig_57241.fasta,0.008427497806979408,1.4335371942365747e-05,0.43648679017660125,CM
,235560,Contig_550914.fasta,0.001248187269514987,0.0,0.31939511199270754,CM
,235560,Contig_202130.fasta,0.0024410254135925342,6.009286760426822e-07,0.3639936515513936,CM
,235560,Contig_792223.fasta,0.017135048735179192,5.6868501232548175e-05,0.46145349020642656,CM
,235560,Contig_368085.fasta,0.017405832584594532,5.83333045759165e-05,0.46351048941982814,CM
,235560,Contig_713989.fasta,0.017332483811807218,5.9700241863331576e-05,0.4623654536258069,CM
,235560,Contig_56628.fasta,0.02095405482844941,8.955416961274852e-05,0.46955728958285653,CM
,235560,Contig_369883.fasta,0.007313339465898127,1.24686448093908e-05,0.4348641627038258,CM
,235560,Contig_500548.fasta,0.003581071521830132,1.7344895208473052e-06,0.3860675239845846,CM
,235560,Contig_138155.fasta,0.017822170071636865,6.503071854834788e-05,0.466746971640216,CM
,235560,Contig_307949.fasta,0.02415917678120646,0.00010704458304270799,0.470501597857533,CM
,235560,Contig_135889.fasta,0.019573696872690404,6.974095091496703e-05,0.464200237171941,CM
,235560,Contig_56903.fasta,0.00981882759731379,1.9551920394846634e-05,0.44478501812672677,CM
,235560,Contig_134889.fasta,0.020699214663538475,8.039347188672635e-05,0.46791383906931655,CM
,235560,Contig_367996.fasta,0.011919720485539251,2.561977710269776e-05,0.4488382149345962,CM
,235560,Contig_57903.fasta,0.012096921582443116,2.9587337416935504e-05,0.4518723699365684,CM
,235560,Contig_139294.fasta,0.015776885317362835,4.319978185197676e-05,0.45605637336190696,CM
,235560,Contig_180.fasta,0.006060320102676374,5.035778113799152e-06,0.41573863977726927,CM
,235560,Contig_1268736.fasta,0.026985857667377294,0.00014070475282868382,0.47649067115001686,CM
,235560,Contig_308022.fasta,0.022990972044518214,0.0001046603408980895,0.4726402414841581,CM
,235560,Contig_985128.fasta,0.014926077739615854,4.2543319268572154e-05,0.4567240986523344,CM
,235560,Contig_371212.fasta,0.023340938569384344,0.00011044799453695138,0.473357449741342,CM
,235560,Contig_421597.fasta,0.00927488941817098,1.679264727632523e-05,0.43669047043333326,CM
,235560,Contig_985291.fasta,0.020653657796344576,8.507215122808796e-05,0.46861676421564,CM
,235560,Contig_59394.fasta,0.00941066889407314,1.7649704088451137e-05,0.43935571743597795,CM
,235560,Contig_498502.fasta,0.01665019590681366,5.5416314438102806e-05,0.4632810287815015,CM
,235560,Contig_423189.fasta,0.016109090781438167,5.115477896143401e-05,0.4591892434438828,CM
,235560,Contig_543062.fasta,0.0024398833756485417,8.527623813066671e-07,0.3610446289115097,CM
,235560,Contig_543821.fasta,0.0,0.0,0.0,CM
,235560,Contig_429994.fasta,0.020138177347117467,7.701673840669726e-05,0.46838222129060714,CM
,235560,Contig_1065861.fasta,0.019196698579358875,7.19374135014215e-05,0.4639700932764666,CM
,235560,Contig_55662.fasta,0.0214544867953198,8.850234344741008e-05,0.46908655545796146,CM
,235560,Contig_1268437.fasta,0.0070308982573013285,7.860177262067752e-06,0.4277091764801797,CM
,235560,Contig_1065067.fasta,0.0,0.0,0.0,CM
,235560,Contig_135849.fasta,0.019901090209367093,7.64227622519649e-05,0.4660496405072874,CM
,235560,Contig_4084.fasta,0.016559090237260068,5.2641943413557995e-05,0.46282278839695007,CM
,235560,Contig_424464.fasta,0.005710894085149166,4.964824590967312e-06,0.4113528255554431,CM
,235560,Contig_371156.fasta,0.022496747546014082,9.785906350810005e-05,0.47168733777148847,CM
,235560,Contig_502196.fasta,0.018426695407857088,6.706617463088195e-05,0.46558590952170803,CM
,235560,Contig_1260871.fasta,0.006066906531811785,7.329246325293355e-06,0.42287739635726757,CM
,235560,Contig_368806.fasta,0.00441436486240984,2.9701169269572734e-06,0.3980551587148588,CM
,235560,Contig_58444.fasta,0.015027517317702032,4.3823579649091174e-05,0.4594146677165602,CM
,235560,Contig_984996.fasta,0.01266500581855992,2.696514813156183e-05,0.4475503004010679,CM
,235560,Contig_990044.fasta,0.015203446687955535,4.224414098738677e-05,0.4567240986523344,CM
,235560,Contig_1274572.fasta,0.01732082186385288,5.756175278170627e-05,0.46282278839695007,CM
,235560,Contig_542553.fasta,0.019515797642940907,7.743408281820571e-05,0.4681479130258295,CM
,235560,Contig_131771.fasta,0.024074173818748573,0.00010502140805162277,0.4700289694317595,CM
,235560,Contig_499076.fasta,0.012741959436978331,3.382174215005855e-05,0.45450591458894274,CM
,235560,Contig_134152.fasta,0.01652059560262428,5.1579393424180124e-05,0.4585142960012901,CM
,235560,Contig_131734.fasta,0.020253994389820246,7.862504735337896e-05,0.46791383906931655,CM
,235560,Contig_58559.fasta,0.014545604117426014,3.798473659390893e-05,0.45605637336190696,CM
,235560,Contig_55483.fasta,0.005051441367513001,4.391686426921577e-06,0.4151853052966429,CM
,235560,Contig_55811.fasta,0.009357699079095868,1.814705335867297e-05,0.43935571743597795,CM
,235560,Contig_985419.fasta,0.01762666457699998,5.674773535458547e-05,0.46077187500671246,CM
,235560,Contig_213506.fasta,0.027616594047724603,0.00015331468996374018,0.4779508059952161,CM
,235560,Contig_135253.fasta,0.02570708282903285,0.00013540334170276206,0.47673340710067913,CM
,235560,Contig_24576898.fasta,0.004482543622972513,3.329691439426675e-06,0.3977168202884119,CM
,235560,Contig_306742.fasta,0.01875026834005206,7.073245574711428e-05,0.466746971640216,CM
,235560,Contig_55353.fasta,0.008275074433740736,1.336864614185344e-05,0.4338561326558336,CM
,235560,Contig_1063497.fasta,0.001179321902426997,0.0,0.31403613360356813,CM
,235560,Contig_302609.fasta,0.019906220161918294,7.693435547784953e-05,0.4662818525852681,CM
,235560,Contig_1063840.fasta,0.009582587022842618,1.8213802711781424e-05,0.4435202266059872,CM
,235560,Contig_986139.fasta,0.015406366713797397,4.804574706298865e-05,0.4591892434438828,CM
,235560,Contig_370130.fasta,0.01747109412556223,6.287516067270983e-05,0.4644306094980809,CM
,235560,Contig_54604.fasta,0.015010696767008998,4.378707123852246e-05,0.4582897542304766,CM
,235560,Contig_554797.fasta,0.015337078636958568,4.058872740723877e-05,0.45539059763437134,CM
,235560,Contig_421549.fasta,0.004850075652327512,4.417304918123847e-06,0.41063083727013294,CM
,235560,Contig_61036.fasta,0.02552742785195641,0.00012472370793558432,0.47383679905753573,CM
,235560,Contig_303473.fasta,0.009747811288823512,1.891829571245506e-05,0.4428905244385391,CM
,235560,Contig_501657.fasta,0.016355120913632427,5.1383758749051956e-05,0.46009227047130435,CM
,235560,Contig_1062279.fasta,0.01300812359497527,3.294610031440468e-05,0.45384465477140307,CM
,235560,Contig_58467.fasta,0.0012304267904473816,0.0,0.31830873406075955,CM
,235560,Contig_709008.fasta,0.016512979010524276,5.542489792409036e-05,0.4632810287815015,CM
,235560,Contig_306639.fasta,0.00480798699539307,4.387080340215226e-06,0.4038962788686375,CM
,235560,Contig_134328.fasta,0.022878321466926803,9.822424609559604e-05,0.46932180448276484,CM
,235560,Contig_791908.fasta,0.0024851203654754103,9.77446358695026e-07,0.36843609375536734,CM
,235560,Contig_24572783.fasta,0.011616039411159722,2.422440289697053e-05,0.4441517219452459,CM
,235560,Contig_53481.fasta,0.0,0.0,0.0,CM
,235560,Contig_931044.fasta,0.020489291072448065,7.97926378494247e-05,0.4665142961807742,CM
,235560,Contig_369322.fasta,0.022041882742147415,8.953136095331958e-05,0.4681479130258295,CM
,235560,Contig_553512.fasta,0.0018492898684728445,2.434991034910177e-07,0.32755606515177915,CM
,235560,Contig_368367.fasta,0.002322247100285058,7.184679264154452e-07,0.3562343654886308,CM
,235560,Contig_986515.fasta,0.015799955649824254,4.949174061025383e-05,0.4603185824587472,CM
,235560,Contig_61542.fasta,0.012873463474890347,3.136871666902548e-05,0.4527468205798902,CM
,235560,Contig_137592.fasta,0.025114475620892283,0.0001282028519801248,0.4750394305272249,CM
,235560,Contig_498311.fasta,0.008637226054429785,1.1119265960972998e-05,0.42634518366224744,CM
,235560,Contig_369512.fasta,0.010949589097708093,2.302872346407396e-05,0.449484955878306,CM
,235560,Contig_135235.fasta,0.0037066771895801656,2.354273365394738e-06,0.39270989430912,CM
,235560,Contig_62671.fasta,0.008335614412307082,1.227908125363611e-05,0.43547123226553425,CM
,235560,Contig_370401.fasta,0.021117056686634418,8.337782286828962e-05,0.46861676421564,CM
,235560,Contig_2412.fasta,0.003456264436746545,2.183235681235191e-06,0.38463940737305097,CM
,235560,Contig_370444.fasta,0.025090273571478226,0.00011995138052586373,0.4731181385938489,CM
,235560,Contig_57800.fasta,0.027403329981304663,0.00014584719631713535,0.47624818225884635,CM
,235560,Contig_56006.fasta,0.01740848770507658,5.769993006900027e-05,0.46122606118217496,CM
,235560,Contig_371401.fasta,0.006145320975518405,6.505896404401389e-06,0.4242192557292081,CM
,235560,Contig_56492.fasta,0.001281973326282716,0.0,0.3243770114865279,CM
,235560,Contig_3412.fasta,0.0022316345872268567,3.644341862523508e-07,0.3514185798492802,CM
,235560,Contig_498484.fasta,0.016245470153986787,4.849502434251534e-05,0.4585142960012901,CM
,235560,Contig_303206.fasta,0.015341379287491774,4.803967309672919e-05,0.46054511719420915,CM
,235560,Contig_368656.fasta,0.023063711305363086,0.00010308950286126623,0.47168733777148847,CM
,235560,Contig_552825.fasta,0.027912090174824995,0.00015504572898152348,0.478439508250835,CM
,235560,Contig_55071.fasta,0.026199021294507328,0.000135849326926421,0.47649067115001686,CM
,235560,Contig_993479.fasta,0.024058702696111527,0.00010450056178774587,0.47026516489378545,CM
,235560,Contig_499778.fasta,0.011745018407631277,2.3298672728989607e-05,0.44163646915461685,CM
,235560,Contig_5203.fasta,0.002084198521695276,2.991368563070034e-07,0.3409208299229993,CM
,235560,Contig_139312.fasta,0.020013484127749878,8.000037851175294e-05,0.46932180448276484,CM
,235560,Contig_132309.fasta,0.01632602383037516,5.248636988202865e-05,0.46077187500671246,CM
,235560,Contig_1064674.fasta,0.004888279288406635,3.2443074753783075e-06,0.4093734375059637,CM
,235560,Contig_551478.fasta,0.008824879551370866,1.3857332369588745e-05,0.429475758668487,CM
,235560,Contig_549697.fasta,0.002521239301003377,7.19291444328528e-07,0.3677122507420955,CM
,235560,Contig_424567.fasta,0.00898948135408344,1.5696792180109203e-05,0.4358768878149199,CM
,235560,Contig_549556.fasta,0.008323429259406096,1.2336739778298716e-05,0.43669047043333326,CM
,235560,Contig_1064927.fasta,0.023112928846382812,0.00010374010274085015,0.471925203297344,CM
,235560,Contig_134109.fasta,0.004372831875576852,2.5255160203871875e-06,0.3935356089733529,CM
,235560,Contig_550094.fasta,0.020848709005037568,8.079665585063562e-05,0.46791383906931655,CM
,235560,Contig_136183.fasta,0.024515566604815388,0.00011495071899414402,0.473357449741342,CM
,235560,Contig_499700.fasta,0.020838603119977407,8.783856898986616e-05,0.47026516489378545,CM
,235560,Contig_131801.fasta,0.013007528455839041,3.28126338204405e-05,0.45296596231298797,CM
,235560,Contig_303182.fasta,0.0,0.0,0.0,CM
,235560,Contig_502444.fasta,0.025529197038091058,0.00012198030593821135,0.47287906929693435,CM
,235560,Contig_203422.fasta,0.005985065579621271,5.122107072390153e-06,0.4151853052966429,CM
,235560,Contig_61582.fasta,0.020514324759606375,7.963644192926318e-05,0.4660496405072874,CM
,235560,Contig_204934.fasta,0.01305176061771772,3.441114673877052e-05,0.4542852806498219,CM
,235560,Contig_302553.fasta,0.012756078087103394,3.114081125262758e-05,0.4512187454863226,CM
,235560,Contig_308121.fasta,0.02442537625211178,0.00011361664131387946,0.4721633088489572,CM
,235560,Contig_502068.fasta,0.002344059095517114,6.045393354928367e-07,0.3577322928664499,CM
,235560,Contig_134208.fasta,0.022281390991632632,9.420861352740945e-05,0.46979301111377164,CM
,235560,Contig_372022.fasta,0.020951123778976614,8.375792405105127e-05,0.46767999906978164,CM
,235560,Contig_542609.fasta,0.02061160089577977,8.418361134889034e-05,0.4681479130258295,CM
,235560,Contig_60217.fasta,0.01407100148102745,3.534190123009061e-05,0.45406486081447506,CM
,235560,Contig_993700.fasta,0.02061040282432678,8.158292096654882e-05,0.4669798793106951,CM
,235560,Contig_58603.fasta,0.018561762543801354,6.786060749360196e-05,0.4662818525852681,CM
,235560,Contig_62124.fasta,0.026594733288763994,0.00013052199358621708,0.47407683796283334,CM
,235560,Contig_428405.fasta,0.008730319506564829,1.442438037483522e-05,0.4389435638548935,CM
,235560,Contig_498444.fasta,0.014158297456069648,4.052327297773843e-05,0.4567240986523344,CM
,235560,Contig_543124.fasta,0.003223224326378395,1.506848094255375e-06,0.37298831332747434,CM
,235560,Contig_502700.fasta,0.008277600466621205,1.150622422144519e-05,0.43185402775202264,CM
,235560,Contig_547137.fasta,0.0,0.0,0.0,CM
,235560,Contig_303062.fasta,0.02284855014890928,0.00010309339679189305,0.4714497119086313,CM
,235560,Contig_986691.fasta,0.007339209376904359,1.0489581704129275e-05,0.4308598886457795,CM
,235560,Contig_930711.fasta,0.022566494712943943,9.560596470202467e-05,0.46791383906931655,CM
,235560,Contig_550174.fasta,0.014737772975782869,4.3685222358127055e-05,0.4582897542304766,CM
,235560,Contig_132605.fasta,0.00914313772164978,1.4296279381494258e-05,0.43285276509650006,CM
,235560,Contig_985136.fasta,0.005815528322345634,5.268565989267851e-06,0.41684974527333324,CM
,235560,Contig_135781.fasta,0.02115811713791124,7.966388582757783e-05,0.46581765960111154,CM
,235560,Contig_135350.fasta,0.01970945411681338,7.371779598086627e-05,0.46512310046651745,CM
,235560,Contig_24572895.fasta,0.016514435347786842,5.235085515926797e-05,0.46145349020642656,CM
,235560,Contig_549067.fasta,0.003443969563392581,1.343093253994591e-06,0.38369318496868926,CM
,235560,Contig_201548.fasta,0.001226774301414783,0.0,0.31841703917612557,CM
,235560,Contig_423546.fasta,0.0025611343864074283,6.520393555906996e-07,0.3703314911510222,CM
,235560,Contig_56965.fasta,0.02299367277044002,0.0001040832687147722,0.4714497119086313,CM
,235560,Contig_989310.fasta,0.01966830711233739,6.902282332213726e-05,0.4644306094980809,CM
,235560,Contig_1268491.fasta,0.001248187269514987,0.0,0.31939511199270754,CM
,235560,Contig_306129.fasta,0.01339266133750261,3.482872500187889e-05,0.45252789078270456,CM
,235560,Contig_420630.fasta,0.0,0.0,0.0,CM
,235560,Contig_133996.fasta,0.0257816466772607,0.0001325702577107501,0.47624818225884635,CM
,235560,Contig_932723.fasta,0.01265817652997377,3.0703024251475123e-05,0.4497009505711836,CM
,235560,Contig_501147.fasta,0.009363988972805255,1.4956764924287116e-05,0.43832678132957054,CM
,235560,Contig_303326.fasta,0.01520348292765354,4.9811388206279454e-05,0.4616811436303074,CM
,235560,Contig_131637.fasta,0.01666772054282203,5.725631623454586e-05,0.4637401774720679,CM
,235560,Contig_309378.fasta,0.00948555269842657,1.5077896374381118e-05,0.4387377769051257,CM
,235560,Contig_987947.fasta,0.0047300857870734205,3.4641198778515163e-06,0.4045947592471392,CM
,235560,Contig_794883.fasta,0.02195347666670484,9.786471189078707e-05,0.4712123253467438,CM
,235560,Contig_500102.fasta,0.02519214978264633,0.00012642027016262486,0.4750394305272249,CM
,235560,Contig_371148.fasta,0.011666416228772741,2.4212402159845604e-05,0.44776443930078136,CM
,235560,Contig_429171.fasta,0.024475361109980165,0.00011007312688005037,0.471925203297344,CM
,235560,Contig_543887.fasta,0.002161266156600869,4.068344132297071e-07,0.3489290373372979,CM
,235560,Contig_53404.fasta,0.021612642691855723,8.860011870862774e-05,0.46932180448276484,CM
,235560,Contig_53441.fasta,0.007331411075017113,1.040368418068925e-05,0.433454227947491,CM
,235560,Contig_542338.fasta,0.01700561333626914,5.72879260634453e-05,0.4621371250067324,CM
,235560,Contig_1065711.fasta,0.010375652269709401,2.1275018908041594e-05,0.4452082198566285,CM
,235560,Contig_984988.fasta,0.020000889542653912,7.956236861273054e-05,0.46932180448276484,CM
,235560,Contig_368263.fasta,0.020474022830090196,7.997148871441076e-05,0.46791383906931655,CM
,235560,Contig_993761.fasta,0.014360882520651258,3.8602278298890464e-05,0.45450591458894274,CM
,235560,Contig_542943.fasta,0.011647828526289688,2.606918917842155e-05,0.4449965183731018,CM
,235560,Contig_133011.fasta,0.011834331547493474,2.5328001612728247e-05,0.4484080872729435,CM
,235560,Contig_542594.fasta,0.006919461685670187,7.1209572565592925e-06,0.4224955657510759,CM
,235560,Contig_548958.fasta,0.01995404201053407,8.106320884165445e-05,0.46908655545796146,CM
,235560,Contig_931946.fasta,0.015241734071534445,4.4120619783014717e-05,0.457617446522559,CM
,235560,Contig_1063039.fasta,0.012763274466003251,3.308678108398511e-05,0.453185316289895,CM
,235560,Contig_502009.fasta,0.022395687145544362,9.624858977248922e-05,0.47097517772452596,CM
,235560,Contig_498308.fasta,0.017322248014183125,5.3881259408933856e-05,0.45986618090350523,CM
,235560,Contig_53952.fasta,0.022496779085801638,0.00010091251577572516,0.47287906929693435,CM
,235560,Contig_929016.fasta,0.011520592320217148,2.5072796524848774e-05,0.4469091108589461,CM
,235560,Contig_55444.fasta,0.015231531879576512,4.2999049277531084e-05,0.45539059763437134,CM
,235560,Contig_58949.fasta,0.010729300540468967,2.1311736807714345e-05,0.44542012286465166,CM
,235560,Contig_1065204.fasta,0.019730659720344677,7.931467980420183e-05,0.46791383906931655,CM
,235560,Contig_55095.fasta,0.0207647780488587,7.961494671951989e-05,0.466746971640216,CM
,235560,Contig_986384.fasta,0.022314500370394355,0.00010322068579704391,0.4726402414841581,CM
,235560,Contig_420408.fasta,0.02156881512023552,9.341341820238502e-05,0.47097517772452596,CM
,235560,Contig_137576.fasta,0.02504894282724053,0.00011631618614686535,0.471925203297344,CM
,235560,Contig_53578.fasta,0.015237917656496592,4.156754454525682e-05,0.45494782602753187,CM
,235560,Contig_56433.fasta,0.011726128339573797,2.414290125193577e-05,0.4469091108589461,CM
,235560,Contig_24577731.fasta,0.018486008981517664,6.84870092036649e-05,0.4681479130258295,CM
,235560,Contig_56476.fasta,0.021968235854338724,8.913531547140457e-05,0.46861676421564,CM
,235560,Contig_54700.fasta,0.017922220723654736,6.194472794020135e-05,0.4637401774720679,CM
,235560,Contig_1064903.fasta,0.01897576243889711,6.444530652729051e-05,0.4632810287815015,CM
,235560,Contig_542569.fasta,0.003389532735582599,1.7874535115317445e-06,0.3821264508528514,CM
,235560,Contig_1062081.fasta,0.0035626309499707963,1.917862050107852e-06,0.38927940022405705,CM
,235560,Contig_24576774.fasta,0.0033260059959462525,1.119637304235924e-06,0.3778068946865697,CM
,235560,Contig_138216.fasta,0.018762491249944228,6.815934279644749e-05,0.46581765960111154,CM
,235560,Contig_799287.fasta,0.009810963183825305,1.7951796659992286e-05,0.4439410237849303,CM
,235560,Contig_1066406.fasta,0.02418722094788285,0.00011465630504526498,0.4735970031065957,CM
,235560,Contig_371290.fasta,0.00922211031693139,1.7569960551016698e-05,0.4387377769051257,CM
,235560,Contig_498639.fasta,0.012677837816956777,2.7099814657571083e-05,0.44862304800509734,CM
,235560,Contig_542359.fasta,0.008220168036488416,1.1501382177440404e-05,0.433454227947491,CM
,235560,Contig_991920.fasta,0.018559438624397715,6.425249720960039e-05,0.464200237171941,CM
,235560,Contig_306564.fasta,0.005735772603139806,6.021901507285027e-06,0.41573863977726927,CM
,235560,Contig_550251.fasta,0.001179321902426997,0.0,0.31403613360356813,CM
,235560,Contig_131613.fasta,0.014324087396573,3.7510682914112445e-05,0.45561230678609205,CM
,235560,Contig_423948.fasta,0.0,0.0,0.0,CM
,235560,Contig_56904.fasta,0.008470208762345298,1.4839611203930524e-05,0.44018235095890546,CM
,235560,Contig_135088.fasta,0.02065229866813158,8.911941833386936e-05,0.4700289694317595,CM
,235560,Contig_427790.fasta,0.023833129510292643,0.00010774904367364436,0.4714497119086313,CM
,235560,Contig_246.fasta,0.007484083308721476,9.832342712962432e-06,0.4312569945339323,CM
,235560,Contig_139152.fasta,0.018456643135430856,6.60531809296463e-05,0.46489204080408997,CM
,235560,Contig_60097.fasta,0.004670277882508771,4.144944204768835e-06,0.40741300746131176,CM
,235560,Contig_309018.fasta,0.024516846081761676,0.00012252061896468852,0.4750394305272249,CM
,235560,Contig_368416.fasta,0.009939886593798313,1.8398376783504325e-05,0.4437305254332068,CM
,235560,Contig_305513.fasta,0.02645172729707218,0.00013864854720726933,0.47600594005016944,CM
,235560,Contig_137002.fasta,0.008342438242904275,1.0020149835898784e-05,0.4316548330897754,CM
,235560,Contig_421629.fasta,0.0,0.0,0.0,CM
,235560,Contig_625912.fasta,0.0,0.0,0.0,CM
,235560,Contig_131696.fasta,0.0119192530514641,2.4169828629545664e-05,0.44584453460630447,CM
,235560,Contig_304203.fasta,0.026176555679889878,0.0001328114078572608,0.47479841610280726,CM
,235560,Contig_420590.fasta,0.012741533198288,2.9348132442045254e-05,0.4510012906692208,CM
,235560,Contig_370681.fasta,0.021630262709843508,8.827373595167331e-05,0.46861676421564,CM
,235560,Contig_548716.fasta,0.009691524114198513,1.7512533906315498e-05,0.4418449849568617,CM
,235560,Contig_212088.fasta,0.018958286053266427,7.09913426772067e-05,0.4665142961807742,CM
,235560,Contig_985929.fasta,0.014130422151304882,3.7851598511979575e-05,0.4571703361693371,CM
,235560,Contig_1124471.fasta,0.0013571350338331383,0.0,0.3311492137787095,CM
,235560,Contig_24578704.fasta,0.024499425095484837,0.0001198812363467346,0.47479841610280726,CM
,235560,Contig_53458.fasta,0.015188237616052628,4.507145303222165e-05,0.4591892434438828,CM
,235560,Contig_369801.fasta,0.010152364230852699,1.9456061341925417e-05,0.44310022639139823,CM
,235560,Contig_498641.fasta,0.017713727819533818,5.748010091978666e-05,0.4630517952195117,CM
,235560,Contig_984991.fasta,0.019234948962215757,6.870646468790795e-05,0.4637401774720679,CM
,235560,Contig_501958.fasta,0.008189007866875606,1.0151241096014352e-05,0.4292787514397399,CM
,235560,Contig_133189.fasta,0.0012304267904473816,0.0,0.31830873406075955,CM
,235560,Contig_62449.fasta,0.02219104941061401,9.2157895332879e-05,0.4688515421536238,CM
,235560,Contig_370912.fasta,0.026510906907397956,0.00014113772964858718,0.4772196216923167,CM
,235560,Contig_542449.fasta,0.0012369330959604236,0.0,0.3211488257167581,CM
,235560,Contig_548885.fasta,0.0024637073973752064,8.505081613949894e-07,0.36872642952664814,CM
,235560,Contig_367951.fasta,0.016680703311750686,5.4425069556569416e-05,0.4616811436303074,CM
,235560,Contig_1234.fasta,0.021430696241549467,9.199568094240326e-05,0.4724016547898198,CM
,235560,Contig_53375.fasta,0.008266046611754254,1.3153335160954416e-05,0.43547123226553425,CM
,235560,Contig_1064866.fasta,0.0025209271705607292,6.7857059961643e-07,0.3700386232260313,CM
,235560,Contig_55484.fasta,0.021212644099323174,9.354363858056604e-05,0.4714497119086313,CM
,235560,Contig_309986.fasta,0.020785636944646475,8.550390898984962e-05,0.46908655545796146,CM
,235560,Contig_2772.fasta,0.0011371108122372276,0.0,0.30773682280126047,CM
,235560,Contig_133368.fasta,0.021694153838324685,8.364305133845271e-05,0.4660496405072874,CM
,235560,Contig_1062791.fasta,0.0058172270391118495,5.733341425042882e-06,0.4162934511292852,CM
,235560,Contig_802396.fasta,0.0022372412378963034,4.972772067200248e-07,0.3534092440100578,CM
,235560,Contig_1063340.fasta,0.01388906309117088,3.574372512439182e-05,0.4507840453461624,CM
,235560,Contig_500006.fasta,0.02295988995810443,0.0001013815024726147,0.471925203297344,CM
,235560,Contig_132445.fasta,0.018875695420922513,6.673836000964244e-05,0.4637401774720679,CM
,235560,Contig_992335.fasta,0.023002133360521804,0.00010101357893736401,0.47097517772452596,CM
,235560,Contig_500492.fasta,0.020374979687847752,7.600730620692279e-05,0.46489204080408997,CM
,235560,Contig_304732.fasta,0.014260973186177646,3.59951890656384e-05,0.453185316289895,CM
,235560,Contig_545842.fasta,0.007177020521278044,9.24842160717714e-06,0.4312569945339323,CM
,235560,Contig_552844.fasta,0.0022286447243320324,4.6644212877607496e-07,0.3544801811131186,CM
,235560,Contig_57067.fasta,0.0037671730221107203,2.2832867091962065e-06,0.39370116875836475,CM
,235560,Contig_2436.fasta,0.00445658896200062,3.430638118527914e-06,0.39721038970230604,CM
,235560,Contig_133069.fasta,0.0012369330959604236,0.0,0.3211488257167581,CM
,235560,Contig_420771.fasta,0.019893075375663195,7.915959740058507e-05,0.46791383906931655,CM
,235560,Contig_56861.fasta,0.012456465735493309,3.0180032341248873e-05,0.4518723699365684,CM
,235560,Contig_132069.fasta,0.018280723554881168,6.907057723620712e-05,0.46861676421564,CM
,235560,Contig_551070.fasta,0.009556759510264828,1.6729395686780076e-05,0.4389435638548935,CM
,235560,Contig_985077.fasta,0.005526624927985429,4.411305929265718e-06,0.4079458056402062,CM
,235560,Contig_551035.fasta,0.0011071259995566911,0.0,0.30713084284169123,CM
,235560,Contig_545300.fasta,0.0,0.0,0.0,CM
,235560,Contig_542610.fasta,0.002079408516984346,4.974172724708814e-07,0.3464745198588053,CM
,235560,Contig_1065239.fasta,0.017882980609417665,6.147161226886859e-05,0.4637401774720679,CM
,235560,Contig_370582.fasta,0.011104088325556241,2.084062761699605e-05,0.4435202266059872,CM
,235560,Contig_57185.fasta,0.007946314539554201,1.3018910057194718e-05,0.43305306716271774,CM
,235560,Contig_131669.fasta,0.01985715267109482,7.242017576080421e-05,0.4662818525852681,CM
,235560,Contig_136379.fasta,0.01812381551888562,6.522061429069665e-05,0.46282278839695007,CM
,235560,Contig_986919.fasta,0.013639020507017121,3.701034210522896e-05,0.4547267629439422,CM
,235560,Contig_61778.fasta,0.02332395112075279,0.00010872700206431496,0.4721633088489572,CM
,235560,Contig_53377.fasta,0.0038144289411999833,2.5300521137599367e-06,0.3989035286183432,CM
,235560,Contig_61055.fasta,0.01856628996068465,6.655765262723563e-05,0.46512310046651745,CM
,235560,Contig_932015.fasta,0.015040184114685485,4.243505251084574e-05,0.45561230678609205,CM
,235560,Contig_304943.fasta,0.0039162297305679996,2.108338163723084e-06,0.39754786666891806,CM
,235560,Contig_303410.fasta,0.017093305427033398,5.466027309857803e-05,0.46054511719420915,CM
,235560,Contig_797051.fasta,0.010081637640780664,1.5277917081616586e-05,0.43730265333580987,CM
,235560,Contig_368429.fasta,0.019353086306817865,6.519789670783661e-05,0.4621371250067324,CM
,235560,Contig_369429.fasta,0.010801335088219314,2.1634189605404602e-05,0.4462697559077888,CM
,235560,Contig_498995.fasta,0.022378327012416703,0.00010068808545664599,0.4721633088489572,CM
,235560,Contig_132970.fasta,0.009651654596793246,1.5186746936417292e-05,0.44080437029610603,CM
,235560,Contig_369790.fasta,0.014162490016773803,3.641226459919098e-05,0.45406486081447506,CM
,235560,Contig_498542.fasta,0.003695190232276608,2.50362723876875e-06,0.3948639992146131,CM
,235560,Contig_369341.fasta,0.020613001553728874,7.834197541804492e-05,0.466746971640216,CM
,235560,Contig_60785.fasta,0.00751998485290278,1.0342585777870336e-05,0.43185402775202264,CM
,235560,Contig_24569917.fasta,0.009435064719608172,1.5273550227534678e-05,0.43709840174620884,CM
,235560,Contig_501535.fasta,0.008525699902081135,1.261245829532672e-05,0.4389435638548935,CM
,235560,Contig_56399.fasta,0.015279591282028005,4.638968397974603e-05,0.46009227047130435,CM
,235560,Contig_498337.fasta,0.02640631742224241,0.00014195040414770004,0.4769763904885999,CM
,235560,Contig_137165.fasta,0.022067471455645502,9.301650566092166e-05,0.46955728958285653,CM
,235560,Contig_992875.fasta,0.010527536266428425,2.462693465068907e-05,0.44733636622305595,CM
,235560,Contig_136120.fasta,0.02906840272118027,0.000165728223551473,0.4789292109204878,CM
,235560,Contig_425638.fasta,0.0,0.0,0.0,CM
,235560,Contig_1267810.fasta,0.025559506975269396,0.00013134628756519858,0.47624818225884635,CM
,235560,Contig_370427.fasta,0.0025611343864074283,6.520393555906996e-07,0.3703314911510222,CM
,235560,Contig_131789.fasta,0.021237233903853278,8.62578332619145e-05,0.4681479130258295,CM
,235560,Contig_2471.fasta,0.019493622154198503,7.798515929804685e-05,0.46861676421564,CM
,235560,Contig_1062006.fasta,0.01529210565885768,4.013043948294059e-05,0.4565013064090893,CM
,235560,Contig_1125243.fasta,0.024337751222233476,0.00011495541897561038,0.4731181385938489,CM
,235560,Contig_57065.fasta,0.008432199971667938,1.3631210150476118e-05,0.43669047043333326,CM
,235560,Contig_61698.fasta,0.015503944133226122,4.5265756696779164e-05,0.4589640402837828,CM
,235560,Contig_302649.fasta,0.018342033784524713,5.6451139307152414e-05,0.46009227047130435,CM
,235560,Contig_423091.fasta,0.017090797350349223,5.874163241654138e-05,0.46466121059515053,CM
,235560,Contig_54356.fasta,0.006990466930234503,9.517414077297306e-06,0.4284925266202533,CM
,235560,Contig_546759.fasta,0.006848596887617392,8.161314409551246e-06,0.4215439991615464,CM
,235560,Contig_307829.fasta,0.02110688573964182,7.839281547039732e-05,0.46558590952170803,CM
,235560,Contig_56065.fasta,0.018777519565750814,6.758700443829584e-05,0.464200237171941,CM
,235560,Contig_793801.fasta,0.0172742866892618,5.7676513657677056e-05,0.46282278839695007,CM
,235560,Contig_809830.fasta,0.008292431758051664,1.3028699510939203e-05,0.4332535546938116,CM
,235560,Contig_57449.fasta,0.012910846439772777,3.2370310425026033e-05,0.4520906657674556,CM
,235560,Contig_55851.fasta,0.008048205119505155,1.1717222438792857e-05,0.43225296911715155,CM
,235560,Contig_54486.fasta,0.01335000817366114,3.6675193940146925e-05,0.4573937820814434,CM
,235560,Contig_371875.fasta,0.018140121201582284,6.25429289097615e-05,0.4616811436303074,CM
,235560,Contig_308206.fasta,0.0,0.0,0.0,CM
,235560,Contig_56474.fasta,0.021229559721371853,8.8469252268838e-05,0.47026516489378545,CM
,235560,Contig_54702.fasta,0.001130550994151503,0.0,0.3080407103813802,CM
,235560,Contig_131749.fasta,0.01337518072927709,3.4061921691617605e-05,0.4542852806498219,CM
,235560,Contig_370036.fasta,0.025559700718284197,0.00012896696516697404,0.47528068976060595,CM
,235560,Contig_986386.fasta,0.012934542350044034,3.134786802848182e-05,0.45362466220971065,CM
,235560,Contig_62203.fasta,0.018755283647274263,6.816972804823879e-05,0.4662818525852681,CM
,235560,Contig_499726.fasta,0.02313672300625485,0.00010311458525016863,0.47097517772452596,CM
,235560,Contig_704029.fasta,0.007476938996041306,1.0665751709880944e-05,0.43265264823792565,CM
,235560,Contig_1275222.fasta,0.01556955981021359,5.2018798434762766e-05,0.4639700932764666,CM
,235560,Contig_202090.fasta,0.009384185279293532,1.791215373709299e-05,0.4385321828203529,CM
,235560,Contig_134602.fasta,0.014742226405065189,4.2846742624230545e-05,0.4591892434438828,CM
,235560,Contig_708522.fasta,0.014788828048804775,3.7723213529552226e-05,0.45384465477140307,CM
,235560,Contig_553715.fasta,0.007189350905281447,9.612979634143319e-06,0.4255696580894193,CM
,235560,Contig_56788.fasta,0.017267984919772352,5.785271103719045e-05,0.4623654536258069,CM
,235560,Contig_543246.fasta,0.0,0.0,0.0,CM
,235560,Contig_1064243.fasta,0.014921364729197927,3.9451523865558076e-05,0.4542852806498219,CM
,235560,Contig_1064692.fasta,0.002390878568585022,6.587878584666633e-07,0.3618823194658287,CM
,235560,Contig_58108.fasta,0.0025311652954589634,5.964575543924795e-07,0.37047809902558715,CM
,235560,Contig_133815.fasta,0.0036115445699004874,1.6425532933339044e-06,0.38895580970018,CM
,235560,Contig_62147.fasta,0.022067533720781133,0.0001002971600448896,0.4726402414841581,CM
,235560,Contig_501081.fasta,0.009746084532577207,1.8090167445252618e-05,0.44247171543197783,CM
,235560,Contig_61231.fasta,0.018906201583870037,6.947237342621314e-05,0.46512310046651745,CM
,235560,Contig_24568074.fasta,0.014176542627708328,3.677336971557673e-05,0.45605637336190696,CM
,235560,Contig_546764.fasta,0.015326110947249798,4.367214673705802e-05,0.4573937820814434,CM
,235560,Contig_137630.fasta,0.02217595337300597,0.00010129617268663859,0.47287906929693435,CM
,235560,Contig_498427.fasta,0.00820643217467857,1.2624756465291692e-05,0.43466218213591873,CM
,235560,Contig_24578527.fasta,0.020322877088630623,7.975434139192347e-05,0.4688515421536238,CM
,235560,Contig_132013.fasta,0.023096923381465614,0.00010241758558118667,0.4712123253467438,CM
,235560,Contig_62777.fasta,0.024731768285253555,0.00011852470032894367,0.47479841610280726,CM
,235560,Contig_550583.fasta,0.022891563332112796,0.00010083926503697253,0.471925203297344,CM
,235560,Contig_53808.fasta,0.008221804983323222,1.1549247132885075e-05,0.4310583501329494,CM
,235560,Contig_802698.fasta,0.022083170097097413,9.273849294500803e-05,0.470501597857533,CM
,235560,Contig_369414.fasta,0.02214066596014011,8.595869199787387e-05,0.46767999906978164,CM
,235560,Contig_621060.fasta,0.021370746338874303,9.036636362621277e-05,0.46955728958285653,CM
,235560,Contig_992910.fasta,0.009522101195144482,1.6297534543034924e-05,0.44163646915461685,CM
,235560,Contig_4802.fasta,0.02105666124135803,8.843375740795649e-05,0.47073826868140495,CM
,235560,Contig_53766.fasta,0.012215420870891384,2.930986103910794e-05,0.44776443930078136,CM
,235560,Contig_201.fasta,0.0073163118934098815,9.858528455647578e-06,0.4281004932015705,CM
,235560,Contig_425070.fasta,0.018016721114669225,5.987072435631804e-05,0.464200237171941,CM
,235560,Contig_425833.fasta,0.00923309884397942,1.6114025930677746e-05,0.4389435638548935,CM
,235560,Contig_797704.fasta,0.012087110379726075,3.153087575019222e-05,0.4520906657674556,CM
,235560,Contig_627634.fasta,0.025629808706606392,0.0001290559006742323,0.47479841610280726,CM
,235560,Contig_991161.fasta,0.02298444293265797,0.00010997082219666841,0.47383679905753573,CM
,235560,Contig_545925.fasta,0.0010236690295404869,0.0,0.2994648570043626,CM
,235560,Contig_131611.fasta,0.004884071425949518,3.470611295225046e-06,0.4124405809337299,CM
,235560,Contig_552125.fasta,0.016622918143623044,5.3321884620786786e-05,0.46122606118217496,CM
,235560,Contig_138251.fasta,0.006077051815018483,6.261449217080228e-06,0.4198419372537609,CM
,235560,Contig_55132.fasta,0.013023078238833799,3.203491999277257e-05,0.4520906657674556,CM
,235560,Contig_139680.fasta,0.020655535451869364,8.47775820829109e-05,0.47026516489378545,CM
,235560,Contig_55177.fasta,0.004480129998677723,2.5513256058022635e-06,0.3941986849783627,CM
,235560,Contig_1067090.fasta,0.01834981673513768,6.274625852581944e-05,0.46145349020642656,CM
,235560,Contig_501431.fasta,0.014026058411893414,3.777883983976914e-05,0.4567240986523344,CM
,235560,Contig_499446.fasta,0.020020484183181926,7.982339926034128e-05,0.46861676421564,CM
,235560,Contig_136280.fasta,0.016448719637729696,4.500179352939813e-05,0.4573937820814434,CM
,235560,Contig_425598.fasta,0.0,0.0,0.0,CM
,235560,Contig_56039.fasta,0.010381368718019436,2.0693779714078235e-05,0.4422626078159892,CM
,235560,Contig_59601.fasta,0.01326793834902705,3.7052146734684845e-05,0.4551691041530317,CM
,235560,Contig_502702.fasta,0.017459531839049542,6.111853774541537e-05,0.46466121059515053,CM
,235560,Contig_544473.fasta,0.022270191522704975,9.95835690513901e-05,0.4731181385938489,CM
,235560,Contig_551703.fasta,0.02438172667621992,0.00011481109946850884,0.4731181385938489,CM
,235560,Contig_988522.fasta,0.014068846508682472,3.3505803057037845e-05,0.45450591458894274,CM
,235560,Contig_371356.fasta,0.015126286270602593,4.475925008602935e-05,0.45873905791109465,CM
,235560,Contig_626449.fasta,0.020137963858677062,7.314408711465821e-05,0.4660496405072874,CM
,235560,Contig_548610.fasta,0.017970015278566204,5.961695779844013e-05,0.46351048941982814,CM
,235560,Contig_425664.fasta,0.008283479245996307,1.3655401563763953e-05,0.43265264823792565,CM
,235560,Contig_24566569.fasta,0.0,0.0,0.0,CM
,235560,Contig_548279.fasta,0.0010276352346525663,0.0,0.299656637252204,CM
,235560,Contig_58194.fasta,0.020988617352795846,8.465317628347097e-05,0.46932180448276484,CM
,235560,Contig_368907.fasta,0.01727073565103167,5.285737861836626e-05,0.4589640402837828,CM
,235560,Contig_131846.fasta,0.001281973326282716,0.0,0.3243770114865279,CM
,235560,Contig_991730.fasta,0.025505589892912548,0.00012799238518452374,0.4745576461149255,CM
,235560,Contig_368942.fasta,0.0012369330959604236,0.0,0.3211488257167581,CM
,235560,Contig_501775.fasta,0.01565789510361556,4.490137147242139e-05,0.4582897542304766,CM
,235560,Contig_368101.fasta,0.023473811013961517,0.00011059583702437838,0.473357449741342,CM
,235560,Contig_24.fasta,0.0023411101648115177,4.020247517636365e-07,0.355557628472125,CM
,235560,Contig_1066255.fasta,0.02616603048670912,0.00013109965022569642,0.4745576461149255,CM
,235560,Contig_929331.fasta,0.019006385269355604,7.580763946360835e-05,0.46838222129060714,CM
,235560,Contig_987858.fasta,0.022155654191434136,9.704306495608642e-05,0.47097517772452596,CM
,235560,Contig_55763.fasta,0.015654498759709024,4.6562682582288854e-05,0.4596403134276194,CM
,235560,Contig_420346.fasta,0.009155376495028261,1.5274760796972662e-05,0.43526868750634096,CM
,235560,Contig_370486.fasta,0.016536158126346723,5.545477339194903e-05,0.4632810287815015,CM
,235560,Contig_420797.fasta,0.005951565487077537,5.049166154729831e-06,0.4150011876446266,CM
,235560,Contig_2842.fasta,0.0034514279824440055,1.4554209383704865e-06,0.3793383373079177,CM
,235560,Contig_54955.fasta,0.022696245165704888,9.953719682147786e-05,0.4724016547898198,CM
,235560,Contig_53894.fasta,0.018946863202953072,7.170844859784616e-05,0.4669798793106951,CM
,235560,Contig_54153.fasta,0.019683428268943908,7.342760286769675e-05,0.4660496405072874,CM
,235560,Contig_1061936.fasta,0.011440751754560675,2.430160829990987e-05,0.4452082198566285,CM
,235560,Contig_55116.fasta,0.0241206946764578,0.00011236296256252466,0.4721633088489572,CM
,235560,Contig_922.fasta,0.0,0.0,0.0,CM
,235560,Contig_552669.fasta,0.0057896001344407855,4.189801776462862e-06,0.40973190811673954,CM
,235560,Contig_1270681.fasta,0.016466780581107246,5.613233357661655e-05,0.4632810287815015,CM
,235560,Contig_986945.fasta,0.019391041213019055,7.471984671944513e-05,0.4665142961807742,CM
,235560,Contig_137360.fasta,0.023024495475122305,0.00010184763964359207,0.471925203297344,CM
,235560,Contig_985270.fasta,0.01140602192976456,2.2102741085390184e-05,0.4435202266059872,CM
,235560,Contig_59388.fasta,0.013008162326375668,3.119939702386776e-05,0.4520906657674556,CM
,235560,Contig_138131.fasta,0.022170308407008964,9.46380726547535e-05,0.4712123253467438,CM
,235560,Contig_4065.fasta,0.02338244133574216,0.00010189587757528559,0.4712123253467438,CM
,235560,Contig_53742.fasta,0.001191696106133555,0.0,0.3153058214752807,CM
,235560,Contig_371523.fasta,0.0153312575269598,5.109859233805857e-05,0.46259400797757444,CM
,235560,Contig_24574115.fasta,0.020705646857228897,8.740196020755614e-05,0.46861676421564,CM
,235560,Contig_422544.fasta,0.008500463910372147,1.431254779834856e-05,0.43547123226553425,CM
,235560,Contig_499233.fasta,0.02046461090656746,8.260959237188524e-05,0.46767999906978164,CM
,235560,Contig_542382.fasta,0.0,0.0,0.0,CM
,235560,Contig_542716.fasta,0.01437222655971665,3.613961690577155e-05,0.4542852806498219,CM
,235560,Contig_131534.fasta,0.004372011743003474,2.439492700880369e-06,0.39536446055709046,CM
,235560,Contig_1066498.fasta,0.024030366883973427,0.0001094902209813209,0.4721633088489572,CM
,235560,Contig_137822.fasta,0.004949973265319883,3.978467381861933e-06,0.41027079269558664,CM
,235560,Contig_59872.fasta,0.023394443795802376,0.00010679225390939117,0.47287906929693435,CM
,235560,Contig_498523.fasta,0.007065195592072389,1.0020247090043286e-05,0.4259570678828553,CM
,235560,Contig_57119.fasta,0.022867538253719503,0.00011033589405740148,0.4731181385938489,CM
,235560,Contig_1067031.fasta,0.00816312297710944,9.889445387872675e-06,0.4286888127066574,CM
,235560,Contig_372145.fasta,0.006596316576891406,7.738380916304065e-06,0.41946556617598973,CM
,235560,Contig_1062612.fasta,0.009953925595246936,1.717437663480492e-05,0.44247171543197783,CM
,235560,Contig_422254.fasta,0.02775297203861111,0.00015201394303867644,0.47770682906515216,CM
,235560,Contig_1123102.fasta,0.016329778049271798,5.285222705531581e-05,0.46054511719420915,CM
,235560,Contig_59049.fasta,0.01949203972639879,7.709129647399128e-05,0.4669798793106951,CM
,235560,Contig_209172.fasta,0.025644179440057473,0.0001317650680158923,0.47600594005016944,CM
,235560,Contig_56634.fasta,0.0034187785494842185,1.5952343212096024e-06,0.3802631768137477,CM
,235560,Contig_3298.fasta,0.0,0.0,0.0,CM
,235560,Contig_369021.fasta,0.01841402275856022,6.41324104005834e-05,0.46489204080408997,CM
,235560,Contig_304922.fasta,0.01730230529664479,5.380338469763353e-05,0.46054511719420915,CM
,235560,Contig_930796.fasta,0.01734415238584572,4.947701627412444e-05,0.4585142960012901,CM
,235560,Contig_368021.fasta,0.016479433128681897,5.0003623034800884e-05,0.4603185824587472,CM
,235560,Contig_545617.fasta,0.0,0.0,0.0,CM
,235560,Contig_131608.fasta,0.0038095769853694126,1.6513403602806869e-06,0.39270989430912,CM
,235560,Contig_370934.fasta,0.02377348633503445,0.00011005477717837793,0.47097517772452596,CM
,235560,Contig_369398.fasta,0.02321073571215358,0.00010082806041554032,0.470501597857533,CM
,235560,Contig_1064046.fasta,0.016369993323064966,5.0389046255767494e-05,0.46009227047130435,CM
,235560,Contig_991399.fasta,0.02405237928934004,0.00011388592615082096,0.47407683796283334,CM
,235560,Contig_55830.fasta,0.023412246786648272,9.969598223439518e-05,0.47073826868140495,CM
,235560,Contig_57305.fasta,0.003775273592172382,1.4702755037976222e-06,0.3933701883726915,CM
,235560,Contig_1063323.fasta,0.025143694464284324,0.00012700193650429117,0.47576394414775447,CM
,235560,Contig_554259.fasta,0.0,0.0,0.0,CM
,235560,Contig_1066500.fasta,0.01327460887096538,3.2143919451178395e-05,0.4481933324418741,CM
,235560,Contig_59255.fasta,0.00220430749451017,3.1859942381688803e-07,0.3497113894389511,CM
,235560,Contig_371829.fasta,0.0228811272315454,0.00010374158246332893,0.47168733777148847,CM
,235560,Contig_500065.fasta,0.008201583281802899,1.2472246165996585e-05,0.4340573646283085,CM
,235560,Contig_368285.fasta,0.007113128550322401,8.572393179170693e-06,0.4255696580894193,CM
,235560,Contig_542537.fasta,0.0037897148524545267,1.9785728780629884e-06,0.39519749921394975,CM
,235560,Contig_986865.fasta,0.01711274959975055,5.7018219921186034e-05,0.4616811436303074,CM
,235560,Contig_60641.fasta,0.018902766922833898,6.909000057168637e-05,0.46489204080408997,CM
,235560,Contig_425558.fasta,0.007031763305673992,7.057705838744465e-06,0.42441164541434606,CM
,235560,Contig_1262982.fasta,0.00812134914266561,1.2457234977485362e-05,0.4324527163302371,CM
,235560,Contig_305.fasta,0.002262498523839711,5.917617629019936e-07,0.355557628472125,CM
,235560,Contig_420386.fasta,0.023135445513203602,0.00010485058854671153,0.47287906929693435,CM
,235560,Contig_553448.fasta,0.0011641042671702384,0.0,0.3116309284510933,CM
,235560,Contig_138817.fasta,0.007205180027890827,8.347791667641966e-06,0.42576327485834076,CM
,235560,Contig_371446.fasta,0.00856646991825011,1.1775951748139187e-05,0.4338561326558336,CM
,235560,Contig_994196.fasta,0.019740032824722552,7.987080330669638e-05,0.4688515421536238,CM
,235560,Contig_501364.fasta,0.0253067211511461,0.0001274466607825136,0.47528068976060595,CM
,235560,Contig_546659.fasta,0.01648139136420715,5.276964036674523e-05,0.4609988562259276,CM
,235560,Contig_990528.fasta,0.025536717790282538,0.00012196710041088513,0.47383679905753573,CM
,235560,Contig_371562.fasta,0.02548555413057439,0.00012024906200084574,0.4726402414841581,CM
,235560,Contig_423997.fasta,0.027616155239563695,0.00014885000425006445,0.4769763904885999,CM
,235560,Contig_57926.fasta,0.004775160601680907,3.62218945681317e-06,0.4038962788686375,CM
,235560,Contig_309752.fasta,0.004660491810181339,3.3408926124655987e-06,0.40147047539194897,CM
,235560,Contig_57120.fasta,0.013757582557726446,3.8407225353981895e-05,0.45539059763437134,CM
,235560,Contig_200999.fasta,0.010608193163337162,1.994919910737209e-05,0.4420536977508895,CM
,235560,Contig_499237.fasta,0.007239494588451612,1.1609051494490823e-05,0.4314558221017211,CM
,235560,Contig_542386.fasta,0.0023847702684857046,4.945214434151911e-07,0.3610446289115097,CM
,235560,Contig_131530.fasta,0.011820249902004962,2.1526007364519378e-05,0.4449965183731018,CM
,235560,Contig_501205.fasta,0.027858264388509076,0.00015188092362903552,0.4779508059952161,CM
,235560,Contig_2219.fasta,0.0,0.0,0.0,CM
,235560,Contig_139618.fasta,0.027556406663118347,0.0001460525715365475,0.47600594005016944,CM
,235560,Contig_549709.fasta,0.005648161058391403,5.0148892305133385e-06,0.409552594371393,CM
,235560,Contig_502136.fasta,0.025570060130161044,0.00012650845395050243,0.4743171201919073,CM
,235560,Contig_132297.fasta,0.014731840251895374,4.0246822211677914e-05,0.4558342319233478,CM
,235560,Contig_305531.fasta,0.028669197178202245,0.0001589002586368633,0.4769763904885999,CM
,235560,Contig_61421.fasta,0.026554268924415106,0.00014337546455494502,0.4774631010911394,CM
,235560,Contig_500205.fasta,0.005872641071331013,3.958596535777572e-06,0.41027079269558664,CM
,235560,Contig_59070.fasta,0.02627980540897405,0.00013212768797745168,0.4743171201919073,CM
,235560,Contig_929505.fasta,0.017764837630711787,6.195171478244927e-05,0.46466121059515053,CM
,235560,Contig_24570476.fasta,0.01847371982364142,6.281190736318657e-05,0.4637401774720679,CM
,235560,Contig_53402.fasta,0.017622715694108563,6.299594148684508e-05,0.46466121059515053,CM
,235560,Contig_53447.fasta,0.02032432219284479,8.538717194261144e-05,0.4714497119086313,CM
,235560,Contig_137449.fasta,0.008352720005801385,1.2409323071167396e-05,0.4342587833589945,CM
,235560,Contig_133990.fasta,0.0,0.0,0.0,CM
,235560,Contig_134851.fasta,0.023207858408769128,0.00010501899725865103,0.4714497119086313,CM
,235560,Contig_425439.fasta,0.01889273614450098,6.745312016326982e-05,0.464200237171941,CM
,235560,Contig_131631.fasta,0.004674160674466111,2.2585389101698195e-06,0.40009733994811164,CM
,235560,Contig_1261393.fasta,0.012874875339683012,2.936072525910015e-05,0.4510012906692208,CM
,235560,Contig_369735.fasta,0.011921473137532734,2.5951592836046776e-05,0.44776443930078136,CM
,235560,Contig_56198.fasta,0.02446047912200849,0.00011474930471208888,0.47287906929693435,CM
,235560,Contig_307546.fasta,0.004701502271286133,3.522894121595792e-06,0.4058229306759033,CM
,235560,Contig_303510.fasta,0.0011699568606633028,0.0,0.3104935892961623,CM
,235560,Contig_372408.fasta,0.0034247063926711487,2.0549473171868817e-06,0.3851142708389437,CM
,235560,Contig_131842.fasta,0.005786760888762485,6.448135333569131e-06,0.41573863977726927,CM
,235560,Contig_368140.fasta,0.01610793366439642,4.593249767796783e-05,0.4582897542304766,CM
,235560,Contig_986732.fasta,0.016208348473531062,4.440355453173762e-05,0.4567240986523344,CM
,235560,Contig_302982.fasta,0.00677766256575941,8.70957537436658e-06,0.4215439991615464,CM
,235560,Contig_988949.fasta,0.015741208024094778,5.2413737070453657e-05,0.46259400797757444,CM
,235560,Contig_61678.fasta,0.026701975916353943,0.00014007533942443016,0.47624818225884635,CM
,235560,Contig_498868.fasta,0.015242844042631225,4.3086369341173226e-05,0.4585142960012901,CM
,235560,Contig_1065964.fasta,0.0,0.0,0.0,CM
,235560,Contig_57454.fasta,0.02460590735642586,0.00011825838936152508,0.4735970031065957,CM
,235560,Contig_370810.fasta,0.01629048138129249,4.960736915903194e-05,0.4596403134276194,CM
,235560,Contig_372325.fasta,0.027549821027252713,0.00015009176277644865,0.4772196216923167,CM
,235560,Contig_542961.fasta,0.003347133948257201,1.4402555260119472e-06,0.3829082152776731,CM
,235560,Contig_58291.fasta,0.011889945360480839,2.903374357526599e-05,0.4488382149345962,CM
,235560,Contig_555161.fasta,0.017223616098657652,6.035738357264732e-05,0.4644306094980809,CM
,235560,Contig_711078.fasta,0.02361385155003271,0.00011218247880436281,0.47383679905753573,CM
,235560,Contig_502392.fasta,0.014277892895598592,3.598390447387474e-05,0.45494782602753187,CM
,235560,Contig_553434.fasta,0.013982682503500743,3.302768919831784e-05,0.45252789078270456,CM
,235560,Contig_135566.fasta,0.0197491619886589,6.916640975441246e-05,0.46512310046651745,CM
,235560,Contig_201082.fasta,0.01617170509693901,5.086805537293337e-05,0.45986618090350523,CM
,235560,Contig_544432.fasta,0.01433881646757635,3.7583266186564025e-05,0.4547267629439422,CM
,235560,Contig_132870.fasta,0.011087444073262353,2.273184777880368e-05,0.4475503004010679,CM
,235560,Contig_553471.fasta,0.021485048502053905,8.8720882454768e-05,0.4700289694317595,CM
,235560,Contig_1037.fasta,0.0,0.0,0.0,CM
,235560,Contig_702135.fasta,0.015501603404619113,5.0437859624227275e-05,0.46122606118217496,CM
,235560,Contig_61579.fasta,0.01292454444271837,3.5389820827282015e-05,0.45539059763437134,CM
,235560,Contig_56384.fasta,0.023098968820160153,0.00010545951849562287,0.47287906929693435,CM
,235560,Contig_371783.fasta,0.009798186541391323,1.6576324467645682e-05,0.4418449849568617,CM
,235560,Contig_303179.fasta,0.005062964936731856,3.70575683555254e-06,0.41027079269558664,CM
,235560,Contig_370352.fasta,0.016522172944275416,5.29610098189252e-05,0.46145349020642656,CM
,235560,Contig_422425.fasta,0.01275213456128604,2.860787674436814e-05,0.44797878321619583,CM
,235560,Contig_1063026.fasta,0.014994510534215721,4.386613420761577e-05,0.4582897542304766,CM
,235560,Contig_371407.fasta,0.028713385095142943,0.00016268998276973006,0.47868423434201185,CM
,235560,Contig_4902.fasta,0.022042223631738498,9.078492866115013e-05,0.46932180448276484,CM
,235560,Contig_4141.fasta,0.020023917907818503,7.463557136408427e-05,0.4660496405072874,CM
,235560,Contig_53623.fasta,0.017555156880117228,5.8810404933753827e-05,0.46282278839695007,CM
,235560,Contig_992810.fasta,0.011886408652638623,2.407062276413971e-05,0.4475503004010679,CM
,235560,Contig_544367.fasta,0.0011641042671702384,0.0,0.3116309284510933,CM
,235560,Contig_58581.fasta,0.018685312941695367,6.947002920886754e-05,0.4660496405072874,CM
,235560,Contig_58115.fasta,0.02174932930975301,9.206108361176353e-05,0.46955728958285653,CM
,235560,Contig_550017.fasta,0.004732638667906532,2.8874464201202447e-06,0.4011263086749392,CM
,235560,Contig_368514.fasta,0.007121751243463711,9.276108712289754e-06,0.4269286852822231,CM
,235560,Contig_370392.fasta,0.02230075522137094,9.761452777926198e-05,0.471925203297344,CM
,235560,Contig_208096.fasta,0.004533022265377997,3.1211764143485562e-06,0.3933701883726915,CM
,235560,Contig_4205.fasta,0.0023616529667968575,5.485708013055677e-07,0.3559633617872321,CM
,235560,Contig_1064672.fasta,0.018904547175413785,6.617959289474825e-05,0.4637401774720679,CM
,235560,Contig_59251.fasta,0.009197076652866024,1.40216873027236e-05,0.43709840174620884,CM
,235560,Contig_3038.fasta,0.01252992212199176,3.295646264719446e-05,0.4510012906692208,CM
,235560,Contig_135971.fasta,0.02186785601336201,9.153044494784016e-05,0.4700289694317595,CM
,235560,Contig_502317.fasta,0.01065172565322817,2.025780227493283e-05,0.442681020879202,CM
,235560,Contig_61645.fasta,0.011337651881971103,2.5480231499919274e-05,0.4456322276850634,CM
,235560,Contig_62576.fasta,0.021193624340576256,8.836700587174568e-05,0.46979301111377164,CM
,235560,Contig_542533.fasta,0.0036554828338613552,1.9435065867521636e-06,0.38750628494353334,CM
,235560,Contig_131711.fasta,0.009270214731222215,1.4553036264361735e-05,0.4385321828203529,CM
,235560,Contig_422009.fasta,0.008682525858244989,1.4668743766705818e-05,0.4399754010994984,CM
,235560,Contig_62533.fasta,0.01967025960176142,7.631318582404985e-05,0.4660496405072874,CM
,235560,Contig_993317.fasta,0.027795433527402463,0.00015221660660388748,0.47770682906515216,CM
,235560,Contig_985521.fasta,0.002514054466412569,6.469408621282384e-07,0.36945427482772725,CM
,235560,Contig_543303.fasta,0.013060200303501038,2.8738059747862357e-05,0.44905358835826925,CM
,235560,Contig_929538.fasta,0.012154254104275048,3.347011784358601e-05,0.45561230678609205,CM
,235560,Contig_542346.fasta,0.0,0.0,0.0,CM
,235560,Contig_58424.fasta,0.00635473484639124,7.973002421645376e-06,0.4246042096817754,CM
,235560,Contig_797832.fasta,0.019539303690133764,8.079664917386593e-05,0.46861676421564,CM
,235560,Contig_368823.fasta,0.02415298452173453,0.00010716561919927708,0.4714497119086313,CM
,235560,Contig_548470.fasta,0.004757365163198937,3.6145227638461295e-06,0.4037220354351308,CM
,235560,Contig_57574.fasta,0.02746094117483809,0.00015037488873054656,0.4774631010911394,CM
,235560,Contig_988707.fasta,0.024258416517212132,0.0001134110237192141,0.4724016547898198,CM
,235560,Contig_421262.fasta,0.02069495095388525,8.467712606580936e-05,0.4681479130258295,CM
,235560,Contig_985249.fasta,0.012439742374123848,3.235765349850079e-05,0.45252789078270456,CM
,235560,Contig_371975.fasta,0.015113040692395123,4.19009404850771e-05,0.4562787314181536,CM
,235560,Contig_56531.fasta,0.021536414226990725,8.408905903479866e-05,0.4674463926766399,CM
,235560,Contig_1063517.fasta,0.016108656881208702,5.666847456790876e-05,0.46282278839695007,CM
,235560,Contig_990987.fasta,0.02159868010826827,9.026816113185186e-05,0.4712123253467438,CM
,235560,Contig_993626.fasta,0.01498844097189923,4.11042906424648e-05,0.4547267629439422,CM
,235560,Contig_542496.fasta,0.005045818960596705,4.590946749150821e-06,0.4131689528205886,CM
,235560,Contig_372104.fasta,0.025384659648543365,0.00012457520698748922,0.47407683796283334,CM
,235560,Contig_131548.fasta,0.01246063008676046,2.6407710814386023e-05,0.44733636622305595,CM
,235560,Contig_308042.fasta,0.011648069950079927,2.457812726204381e-05,0.4481933324418741,CM
,235560,Contig_421163.fasta,0.0048381536380069,3.580862148031421e-06,0.4061752075254484,CM
,235560,Contig_54197.fasta,0.015463992526176987,4.219157060207806e-05,0.457617446522559,CM
,235560,Contig_990000.fasta,0.021962415138127203,0.0001000866319386245,0.4721633088489572,CM
,235560,Contig_369631.fasta,0.019706166734910317,7.878184075514644e-05,0.46767999906978164,CM
,235560,Contig_543552.fasta,0.017542269765025018,6.159326431348537e-05,0.464200237171941,CM
,235560,Contig_542517.fasta,0.01888678553106375,6.394192790707118e-05,0.464200237171941,CM
,235560,Contig_131735.fasta,0.012107811724649545,2.3905074040710424e-05,0.4475503004010679,CM
,235560,Contig_5549.fasta,0.010684621608770777,1.9767490467352193e-05,0.4410121009135877,CM
,235560,Contig_501494.fasta,0.013367999659298947,3.539287040641554e-05,0.4516542848159426,CM
,235560,Contig_1062303.fasta,0.020693015976322227,7.420677811819382e-05,0.46512310046651745,CM
,235560,Contig_368159.fasta,0.008452417101421613,1.0117056552545922e-05,0.4308598886457795,CM
,235560,Contig_1199449.fasta,0.013011320457055909,3.663092806183147e-05,0.4589640402837828,CM
,235560,Contig_704055.fasta,0.015275103763682744,4.472019354018507e-05,0.4571703361693371,CM
,235560,Contig_55016.fasta,0.008119299654009988,1.3013827080581776e-05,0.4308598886457795,CM
,235560,Contig_54053.fasta,0.007109293863903977,8.271876561648156e-06,0.4242192557292081,CM
,235560,Contig_546419.fasta,0.009919564462911755,1.7047261392253733e-05,0.4375070959039893,CM
,235560,Contig_59189.fasta,0.02406246402363085,0.00011613731578753839,0.47479841610280726,CM
,235560,Contig_59558.fasta,0.0067388979900433734,7.981087292342094e-06,0.42003037618430566,CM
,235560,Contig_546876.fasta,0.0037031455179531414,1.7481003537004939e-06,0.39041621949880395,CM
,235560,Contig_548299.fasta,0.019695410150196692,7.110690092266689e-05,0.46489204080408997,CM
,235560,Contig_60525.fasta,0.010444295884991612,1.9812747707574034e-05,0.44018235095890546,CM
,235560,Contig_550033.fasta,0.0013571350338331383,0.0,0.3311492137787095,CM
,235560,Contig_208849.fasta,0.01993370209943253,8.354503757883719e-05,0.4700289694317595,CM
,235560,Contig_57061.fasta,0.020565496108118756,8.433976144440553e-05,0.46838222129060714,CM
,235560,Contig_1062496.fasta,0.017682531228792004,5.8446224210529634e-05,0.4623654536258069,CM
,235560,Contig_303608.fasta,0.014113150654535273,4.114078338315363e-05,0.457617446522559,CM
,235560,Contig_420777.fasta,0.019174701832563767,6.832116698193597e-05,0.4639700932764666,CM
,235560,Contig_1063002.fasta,0.019789375764697453,8.24056251169538e-05,0.4700289694317595,CM
,235560,Contig_54352.fasta,0.002082545053802969,4.759229451345952e-07,0.34079667812768866,CM
,235560,Contig_1063047.fasta,0.004424360822587052,2.5303827646009865e-06,0.39205181321266575,CM
,235560,Contig_53607.fasta,0.021845998842162047,9.287573670685936e-05,0.46979301111377164,CM
,235560,Contig_372120.fasta,0.022482366781094967,9.745328231213057e-05,0.470501597857533,CM
,235560,Contig_549384.fasta,0.02159635841609587,8.468275842650133e-05,0.46535438992473055,CM
,235560,Contig_1061993.fasta,0.02017878375835449,8.100072163840687e-05,0.46979301111377164,CM
,235560,Contig_553689.fasta,0.007208040402588035,8.868838802100033e-06,0.4275137862670777,CM
,235560,Contig_990531.fasta,0.024333953948995228,0.00011943411315047958,0.4750394305272249,CM
,235560,Contig_554020.fasta,0.013716973668887153,3.815721531294071e-05,0.45494782602753187,CM
,235560,Contig_502647.fasta,0.013141983155981177,3.625892164636156e-05,0.45694710846612946,CM
,235560,Contig_135462.fasta,0.00937501661536187,1.4298763749266299e-05,0.43669047043333326,CM
,235560,Contig_1063919.fasta,0.013992804715263658,3.8334984702320845e-05,0.45494782602753187,CM
,235560,Contig_372299.fasta,0.012007652612554402,2.8258961148523773e-05,0.449484955878306,CM
,235560,Contig_622402.fasta,0.021937345729831234,9.733223328911368e-05,0.4714497119086313,CM
,235560,Contig_1065023.fasta,0.0214390543976277,8.728245999268726e-05,0.46955728958285653,CM
,235560,Contig_552588.fasta,0.008369927833594611,1.3455406195603522e-05,0.43506633107328363,CM
,235560,Contig_367957.fasta,0.01338783133299173,3.12398989027741e-05,0.4475503004010679,CM
,235560,Contig_308367.fasta,0.02334604755253584,0.00011664217016260377,0.47528068976060595,CM
,235560,Contig_59368.fasta,0.025312667290765752,0.00012466819719901486,0.47383679905753573,CM
,235560,Contig_705620.fasta,0.02036350458809634,8.37027333950833e-05,0.47073826868140495,CM
,235560,Contig_305590.fasta,0.022364556852964387,9.827685084083785e-05,0.4724016547898198,CM
,235560,Contig_554364.fasta,0.012985895718396895,3.3455047958607304e-05,0.45494782602753187,CM
,235560,Contig_502546.fasta,0.013978525096181721,3.5216933763251945e-05,0.4523091726141291,CM
,235560,Contig_985191.fasta,0.01626554535905533,5.361492607646036e-05,0.4619090217860973,CM
,235560,Contig_425799.fasta,0.02549748999389578,0.00012988291087356923,0.47624818225884635,CM
,235560,Contig_368001.fasta,0.017060553161275003,5.918446920719306e-05,0.46351048941982814,CM
,235560,Contig_501675.fasta,0.020445923952282407,7.894381472155277e-05,0.4660496405072874,CM
,235560,Contig_62362.fasta,0.014558403209934892,3.8958977409768344e-05,0.4567240986523344,CM
,235560,Contig_60857.fasta,0.01407513588169335,3.4033283920105184e-05,0.4520906657674556,CM
,235560,Contig_202275.fasta,0.013029525865203541,3.520184081464747e-05,0.45539059763437134,CM
,235560,Contig_131650.fasta,0.021902538380671754,8.690013189023105e-05,0.46767999906978164,CM
,235560,Contig_542472.fasta,0.006052013119403498,6.429795851671543e-06,0.4205967092757901,CM
,235560,Contig_547680.fasta,0.009572873543149639,1.6478002919797186e-05,0.4418449849568617,CM
,235560,Contig_499586.fasta,0.005792971815750887,5.508769774967204e-06,0.41740752816174537,CM
,235560,Contig_136305.fasta,0.021835649559685748,8.917871021400599e-05,0.4681479130258295,CM
,235560,Contig_369711.fasta,0.014499495691882337,4.6112586460628e-05,0.4596403134276194,CM
,235560,Contig_61741.fasta,0.02203758880209897,9.699707795617132e-05,0.47073826868140495,CM
,235560,Contig_498586.fasta,0.023062649735248287,0.00010414016332564294,0.4724016547898198,CM
,235560,Contig_138210.fasta,0.0025488311399666933,8.735944524102585e-07,0.3701849992636998,CM
,235560,Contig_1522.fasta,0.004396095225831679,3.0338531328447495e-06,0.39721038970230604,CM
,235560,Contig_54173.fasta,0.002458257136316185,6.860417577490607e-07,0.36498739396982566,CM
,235560,Contig_58478.fasta,0.011569270711434348,2.337460332750782e-05,0.4456322276850634,CM
,235560,Contig_2611.fasta,0.020569474211547818,8.5557082623705e-05,0.4688515421536238,CM
,235560,Contig_547115.fasta,0.024538365400756854,0.00011514623012417465,0.473357449741342,CM
,235560,Contig_368410.fasta,0.020096061509666894,7.861394067278882e-05,0.46767999906978164,CM
,235560,Contig_547150.fasta,0.010455067672450514,2.020636353587015e-05,0.4428905244385391,CM
,235560,Contig_550156.fasta,0.01865297636891561,6.0370771084122564e-05,0.46259400797757444,CM
,235560,Contig_60405.fasta,0.01971718438373987,7.140391412075177e-05,0.4660496405072874,CM
,235560,Contig_59852.fasta,0.028917076305781355,0.0001666178039444442,0.47917443837103585,CM
,235560,Contig_985114.fasta,0.015393871992726509,5.1630452259055095e-05,0.46282278839695007,CM
,235560,Contig_502586.fasta,0.018131773380130955,6.134860112400583e-05,0.46054511719420915,CM
,235560,Contig_201696.fasta,0.0071661596259838855,9.005324763293687e-06,0.42634518366224744,CM
,235560,Contig_56590.fasta,0.011618866261473975,2.557425086803463e-05,0.4488382149345962,CM
,235560,Contig_369378.fasta,0.02162442941081449,8.73689795003348e-05,0.4681479130258295,CM
,235560,Contig_424031.fasta,0.025369399198294156,0.00013011862063675234,0.47576394414775447,CM
,235560,Contig_549045.fasta,0.0,0.0,0.0,CM
,235560,Contig_138952.fasta,0.018835505002837222,6.940541247367871e-05,0.4660496405072874,CM
,235560,Contig_500549.fasta,0.0166847069610215,5.216949517477928e-05,0.4619090217860973,CM
,235560,Contig_54272.fasta,0.01959935079466303,7.533955028637999e-05,0.46767999906978164,CM
,235560,Contig_53762.fasta,0.021137411316038218,8.787174040257378e-05,0.46932180448276484,CM
,235560,Contig_57141.fasta,0.0038423347296611425,2.021440602427503e-06,0.3940327065846876,CM
,235560,Contig_420657.fasta,0.0,0.0,0.0,CM
,235560,Contig_804876.fasta,0.021159688183239017,8.660174984873784e-05,0.4681479130258295,CM
,235560,Contig_367997.fasta,0.009337573205128832,1.9103746234647222e-05,0.4410121009135877,CM
,235560,Contig_54093.fasta,0.020832636156203756,8.675037694398305e-05,0.46908655545796146,CM
,235560,Contig_985009.fasta,0.00345840888864164,1.3094507631836689e-06,0.3815033339334012,CM
,235560,Contig_209831.fasta,0.01680760864609313,5.00847042437093e-05,0.4573937820814434,CM
,235560,Contig_59149.fasta,0.028965390388065768,0.0001630590044658888,0.478439508250835,CM
,235560,Contig_54407.fasta,0.016268116123590907,5.4241042398994334e-05,0.4616811436303074,CM
,235560,Contig_305408.fasta,0.012038735337659295,2.4649587395618464e-05,0.44776443930078136,CM
,235560,Contig_501379.fasta,0.017199320461838096,6.29887790305435e-05,0.46466121059515053,CM
,235560,Contig_55093.fasta,0.018717092449635073,6.659911800345776e-05,0.46466121059515053,CM
,235560,Contig_806573.fasta,0.012887721316225682,3.2965545473476636e-05,0.45406486081447506,CM
,235560,Contig_60235.fasta,0.02765678232221632,0.00014519655601409956,0.47600594005016944,CM
,235560,Contig_501085.fasta,0.0012941528691459464,0.0,0.32595878723045385,CM
,235560,Contig_302635.fasta,0.01717245902177762,5.4561576363546904e-05,0.4609988562259276,CM
,235560,Contig_213217.fasta,0.0011641042671702384,0.0,0.3116309284510933,CM
,235560,Contig_204678.fasta,0.0012941528691459464,0.0,0.32595878723045385,CM
,235560,Contig_498809.fasta,0.026767527456857104,0.00013721928014238523,0.47576394414775447,CM
,235560,Contig_134968.fasta,0.011314948642892238,2.2785098250946485e-05,0.441428150065393,CM
,235560,Contig_555569.fasta,0.005540151007472876,5.215479646933293e-06,0.406528096498103,CM
,235560,Contig_420323.fasta,0.0033619611087327378,1.3126542623143418e-06,0.37508123372289903,CM
,235560,Contig_7.fasta,0.0012369330959604236,0.0,0.3211488257167581,CM
,235560,Contig_370077.fasta,0.02467436864544319,0.00011961824680989296,0.4745576461149255,CM
,235560,Contig_24574329.fasta,0.015378147500096718,4.8977844619958347e-05,0.4603185824587472,CM
,235560,Contig_207266.fasta,0.02269608775289907,9.802608186310227e-05,0.46908655545796146,CM
,235560,Contig_499722.fasta,0.01526387469932681,4.4323434176364236e-05,0.4591892434438828,CM
,235560,Contig_1201189.fasta,0.02323383715804138,0.00010770858924017746,0.4735970031065957,CM
,235560,Contig_500710.fasta,0.02325385659906334,0.00011207939782711216,0.47479841610280726,CM
,235560,Contig_135292.fasta,0.01959081383465433,7.162488575548615e-05,0.46535438992473055,CM
,235560,Contig_204110.fasta,0.0,0.0,0.0,CM
,235560,Contig_500384.fasta,0.028780273635480004,0.0001649974813379847,0.47868423434201185,CM
,235560,Contig_4002.fasta,0.001281973326282716,0.0,0.3243770114865279,CM
,235560,Contig_421610.fasta,0.006306134942541029,8.070835849850817e-06,0.4249898629149106,CM
,235560,Contig_138156.fasta,0.020400952691658956,7.871396882878859e-05,0.46558590952170803,CM
,235560,Contig_792548.fasta,0.014075009763680908,3.979322870911237e-05,0.4567240986523344,CM
,235560,Contig_131553.fasta,0.004321063012945758,2.467640783140814e-06,0.39519749921394975,CM
,235560,Contig_368086.fasta,0.007306749695954972,9.316053640618647e-06,0.43066160981989554,CM
,235560,Contig_544261.fasta,0.004819670712201203,4.3880113679269035e-06,0.40776805147652856,CM
,235560,Contig_796891.fasta,0.0179602197826395,6.966597575502691e-05,0.46791383906931655,CM
,235560,Contig_137006.fasta,0.0026391083601158545,8.862062276950504e-07,0.37433107125545323,CM
,235560,Contig_546911.fasta,0.0012304267904473816,0.0,0.31830873406075955,CM
,235560,Contig_369838.fasta,0.010039546721446148,2.0913895391681966e-05,0.44122002741095384,CM
,235560,Contig_426807.fasta,0.021714143691789926,9.013937024931031e-05,0.46838222129060714,CM
,235560,Contig_54932.fasta,0.022341999948560842,9.550187794542101e-05,0.4700289694317595,CM
,235560,Contig_931789.fasta,0.004498285689535207,3.214370312420904e-06,0.3967052471973858,CM
,235560,Contig_1064731.fasta,0.009488889654746075,1.850547617655208e-05,0.4399754010994984,CM
,235560,Contig_135719.fasta,0.015836348631365498,5.036977924990056e-05,0.46077187500671246,CM
,235560,Contig_499678.fasta,0.0,0.0,0.0,CM
,235560,Contig_542470.fasta,0.020954723848401934,7.683065798561713e-05,0.46535438992473055,CM
,235560,Contig_368756.fasta,0.007274798177030337,8.831734264286631e-06,0.4281004932015705,CM
,235560,Contig_420279.fasta,0.009145847648379455,1.4964384273957563e-05,0.43730265333580987,CM
,235560,Contig_993254.fasta,0.021912633109777053,9.600843611596111e-05,0.470501597857533,CM
,235560,Contig_985217.fasta,0.018634090857019323,6.702262870254286e-05,0.46535438992473055,CM
,235560,Contig_61392.fasta,0.011795774404479332,2.174681016615691e-05,0.4439410237849303,CM
,235560,Contig_502254.fasta,0.01636063840197429,4.987044364091706e-05,0.4591892434438828,CM
,235560,Contig_500961.fasta,0.025373137220549832,0.0001293851320224003,0.47528068976060595,CM
,235560,Contig_544966.fasta,0.0033355292183167478,1.9158594239207994e-06,0.3815033339334012,CM
,235560,Contig_133780.fasta,0.016704577912151724,5.143790712389104e-05,0.4603185824587472,CM
,235560,Contig_62691.fasta,0.012890409968840319,2.860720957498369e-05,0.45035018197239324,CM
,235560,Contig_368166.fasta,0.014146777323585049,3.8214166222984674e-05,0.4558342319233478,CM
,235560,Contig_429761.fasta,0.002406889956623726,6.911952453779497e-07,0.3639936515513936,CM
,235560,Contig_302536.fasta,0.01829174340392566,6.568143595606183e-05,0.4639700932764666,CM
,235560,Contig_987380.fasta,0.019451183255658845,7.503976755059602e-05,0.46721301954000655,CM
,235560,Contig_554697.fasta,0.0,0.0,0.0,CM
,235560,Contig_549533.fasta,0.020046247466444428,8.397397816955946e-05,0.47026516489378545,CM
,235560,Contig_3825.fasta,0.002571274239598092,4.5183327217918786e-07,0.37077166328788946,CM
,235560,Contig_43.fasta,0.002301215079407466,4.80104563997508e-07,0.35407781995407983,CM
,235560,Contig_542528.fasta,0.012452059745997618,2.641524335320836e-05,0.44542012286465166,CM
,235560,Contig_993798.fasta,0.024181597786993733,0.00010812273615030165,0.471925203297344,CM
,235560,Contig_24569072.fasta,0.006576433480110459,8.090407903167564e-06,0.41852758414071245,CM
,235560,Contig_545414.fasta,0.002538961920430309,8.25109049848901e-07,0.37313703275065113,CM
,235560,Contig_53638.fasta,0.016738911092394594,5.684864421856173e-05,0.4632810287815015,CM
,235560,Contig_137636.fasta,0.00892127395686006,1.6289458534808223e-05,0.4358768878149199,CM
,235560,Contig_59666.fasta,0.0032764908984789483,1.58823977804892e-06,0.3771977743404406,CM
,235560,Contig_302672.fasta,0.018478903053048508,6.54070903951771e-05,0.4644306094980809,CM
,235560,Contig_310012.fasta,0.003528120255080128,2.2278838286973653e-06,0.38976579680909335,CM
,235560,Contig_795668.fasta,0.016338431487859635,5.147141975837033e-05,0.4616811436303074,CM
,235560,Contig_372002.fasta,0.010410351726499265,1.929638496769443e-05,0.44247171543197783,CM
,235560,Contig_309907.fasta,0.02545066556184622,0.00012159552507027348,0.47383679905753573,CM
,235560,Contig_2477.fasta,0.012115121143318192,2.562563041210407e-05,0.45013356331824583,CM
,235560,Contig_327.fasta,0.007232787734273716,8.846979400889253e-06,0.4320534063428592,CM
,235560,Contig_139033.fasta,0.019552519253080523,7.34513363177702e-05,0.466746971640216,CM
,235560,Contig_993758.fasta,0.026764036976208105,0.00013991558465092875,0.47624818225884635,CM
,235560,Contig_56026.fasta,0.010328126512358662,2.1631270528150096e-05,0.4437305254332068,CM
,235560,Contig_1395.fasta,0.003711777517344264,2.0712741176264643e-06,0.394531061609879,CM
,235560,Contig_543139.fasta,0.011604487951014817,2.1440920022750002e-05,0.44331012701972194,CM
,235560,Contig_626881.fasta,0.008351831591979594,1.1961814747756886e-05,0.43305306716271774,CM
,235560,Contig_1270016.fasta,0.0,0.0,0.0,CM
,235560,Contig_55438.fasta,0.015093870379345274,4.9411745042241665e-05,0.4623654536258069,CM
,235560,Contig_501797.fasta,0.010082806467983497,1.5948078506364784e-05,0.43669047043333326,CM
,235560,Contig_5266.fasta,0.02198671671503646,9.685021334109965e-05,0.47097517772452596,CM
,235560,Contig_1065654.fasta,0.002521239301003377,7.19291444328528e-07,0.3677122507420955,CM
,235560,Contig_420474.fasta,0.002352775743988872,6.138097109203033e-07,0.36034951025746365,CM
,235560,Contig_53541.fasta,0.0,0.0,0.0,CM
,235560,Contig_54857.fasta,0.0036392986218490024,2.213185340405872e-06,0.38960352961641675,CM
,235560,Contig_53504.fasta,0.01734840409436609,5.0987550572693635e-05,0.4589640402837828,CM
,235560,Contig_426927.fasta,0.021160986344563596,9.051315844043539e-05,0.4712123253467438,CM
,235560,Contig_987729.fasta,0.009707248715811191,1.6242586937167642e-05,0.43914954394116995,CM
,235560,Contig_498389.fasta,0.021702480248541392,9.609458033309867e-05,0.4700289694317595,CM
,235560,Contig_544728.fasta,0.02198305265170938,9.800930773613253e-05,0.47168733777148847,CM
,235560,Contig_137227.fasta,0.012624286339537216,2.9907288433252478e-05,0.45013356331824583,CM
,235560,Contig_544635.fasta,0.009216523311866053,1.5387273735180346e-05,0.43547123226553425,CM
,235560,Contig_498294.fasta,0.0074270630042850986,9.598447739652232e-06,0.4224955657510759,CM
,235560,Contig_54109.fasta,0.013211972441918648,2.874212589256996e-05,0.4527468205798902,CM
,235560,Contig_53419.fasta,0.01873529123388216,6.629069051529936e-05,0.46351048941982814,CM
,235560,Contig_62325.fasta,0.0023616529667968575,5.485708013055677e-07,0.3559633617872321,CM
,235560,Contig_622395.fasta,0.023439413749143857,0.00010606259471168138,0.4721633088489572,CM
,235560,Contig_60482.fasta,0.01741522363069395,5.849633513698804e-05,0.46282278839695007,CM
,235560,Contig_420569.fasta,0.004988840692983157,4.198708492701096e-06,0.41481723321747915,CM
,235560,Contig_368046.fasta,0.016219275482708448,5.3898464260946023e-05,0.4632810287815015,CM
,235560,Contig_1062259.fasta,0.003621259796321854,1.1348391664221666e-06,0.38574924902664187,CM
,235560,Contig_499294.fasta,0.022371703066918217,9.791092295354316e-05,0.470501597857533,CM
,235560,Contig_548087.fasta,0.011568468256967827,1.9722903147347912e-05,0.4437305254332068,CM
,235560,Contig_5087.fasta,0.0025941474601461553,5.746765485172836e-07,0.3703314911510222,CM
,235560,Contig_1064064.fasta,0.0010236690295404869,0.0,0.2994648570043626,CM
,235560,Contig_54661.fasta,0.02258999522529461,9.717909947221996e-05,0.47097517772452596,CM
,235560,Contig_990919.fasta,0.00955720930696792,1.475621308593772e-05,0.4387377769051257,CM
,235560,Contig_61352.fasta,0.02278500907636916,0.00010314733690572147,0.47168733777148847,CM
,235560,Contig_555022.fasta,0.0035776153103628363,1.973007819375106e-06,0.3910688166061985,CM
,235560,Contig_57616.fasta,0.021792906027649647,9.19411321298206e-05,0.46955728958285653,CM
,235560,Contig_370211.fasta,0.011487774238288477,1.932023169529033e-05,0.4395620846118521,CM
,235560,Contig_1067056.fasta,0.012642684456223172,2.6639628085402183e-05,0.4460570439173656,CM
,235560,Contig_56653.fasta,0.018868675578251195,6.92796414171925e-05,0.4665142961807742,CM
,235560,Contig_992350.fasta,0.015086795908188799,4.458857179591851e-05,0.4591892434438828,CM
,235560,Contig_61602.fasta,0.002298822105690246,6.178622611663189e-07,0.35569277010210304,CM
,235560,Contig_135130.fasta,0.017463429993278937,6.361481659699742e-05,0.46512310046651745,CM
,235560,Contig_1063408.fasta,0.022299282870809296,9.706996512984725e-05,0.47097517772452596,CM
,235560,Contig_206987.fasta,0.002233967385934181,7.011417936437396e-07,0.3565057821480507,CM
,235560,Contig_1309.fasta,0.0,0.0,0.0,CM
,235560,Contig_542531.fasta,0.0019197841442431204,2.8236211389036004e-07,0.3320893109079606,CM
,235560,Contig_552864.fasta,0.008112652525397427,1.0986290161714708e-05,0.4320534063428592,CM
,235560,Contig_420338.fasta,0.01712661831654661,5.3847436254423273e-05,0.45873905791109465,CM
,235560,Contig_55389.fasta,0.0054817019063931865,6.2312285972935105e-06,0.4140830434241739,CM
,235560,Contig_427105.fasta,0.008395152441659358,1.233822974422834e-05,0.4348641627038258,CM
,235560,Contig_542688.fasta,0.011080571026826011,2.0943562484153418e-05,0.4428905244385391,CM
,235560,Contig_544398.fasta,0.001191696106133555,0.0,0.3153058214752807,CM
,235560,Contig_498739.fasta,0.014270083337768838,4.1352254828312064e-05,0.4585142960012901,CM
,235560,Contig_54075.fasta,0.0,0.0,0.0,CM
,235560,Contig_56346.fasta,0.018463179372555066,6.834159473707593e-05,0.466746971640216,CM
,235560,Contig_203889.fasta,0.0048431305386535655,3.3620373181752645e-06,0.406528096498103,CM
,235560,Contig_500327.fasta,0.019522977724276944,7.272509189015313e-05,0.46535438992473055,CM
,235560,Contig_544365.fasta,0.0,0.0,0.0,CM
,235560,Contig_369516.fasta,0.019668543929847696,8.26768593524793e-05,0.4712123253467438,CM
,235560,Contig_547013.fasta,0.0023256978540103727,4.522557272012942e-07,0.35882963118812616,CM
,235560,Contig_542675.fasta,0.02001812396239685,8.439625582006779e-05,0.470501597857533,CM
,235560,Contig_368516.fasta,0.017054718113467367,6.019152340730186e-05,0.46535438992473055,CM
,235560,Contig_58954.fasta,0.023044287788284393,0.00010583768571296122,0.4721633088489572,CM
,235560,Contig_24576300.fasta,0.025364539457905635,0.0001225166182860315,0.47479841610280726,CM
,235560,Contig_994229.fasta,0.004750548056822721,4.0733737227045374e-06,0.40233348157292914,CM
,235560,Contig_132049.fasta,0.017767056464412477,6.357843951418227e-05,0.46489204080408997,CM
,235560,Contig_56047.fasta,0.01659059130692849,5.36063896746371e-05,0.46145349020642656,CM
,235560,Contig_549900.fasta,0.022146972403644223,9.868938130378242e-05,0.4731181385938489,CM
,235560,Contig_56804.fasta,0.018523389581688355,7.078620227993396e-05,0.466746971640216,CM
,235560,Contig_1760.fasta,0.0012941528691459464,0.0,0.32595878723045385,CM
,235560,Contig_2226.fasta,0.00812812928320341,1.2056389757369164e-05,0.4340573646283085,CM
,235560,Contig_548773.fasta,0.003266311229858243,1.601823284145424e-06,0.3752316271606388,CM
,235560,Contig_1123947.fasta,0.022810902739042998,9.976321568364262e-05,0.470501597857533,CM
,235560,Contig_6091.fasta,0.02133479666309607,9.491113860057065e-05,0.4721633088489572,CM
,235560,Contig_4736.fasta,0.019572438526495473,7.589491359797727e-05,0.466746971640216,CM
,235560,Contig_810436.fasta,0.02311549082823835,0.0001002961212184786,0.4700289694317595,CM
,235560,Contig_53485.fasta,0.002458257136316185,6.860417577490607e-07,0.36498739396982566,CM
,235560,Contig_53779.fasta,0.02132134471756835,9.193047273299982e-05,0.47097517772452596,CM
,235560,Contig_54269.fasta,0.022097642468392544,9.491310293217315e-05,0.4700289694317595,CM
,235560,Contig_135095.fasta,0.021768799853449698,9.160890023428751e-05,0.47073826868140495,CM
,235560,Contig_543843.fasta,0.001958160884726573,3.2145366187900696e-07,0.334104847603939,CM
,235560,Contig_555043.fasta,0.00961586582774993,1.4539898305221879e-05,0.43935571743597795,CM
,235560,Contig_62494.fasta,0.013691290753537009,3.125934082682929e-05,0.44905358835826925,CM
,235560,Contig_58762.fasta,0.01943573528496336,7.154133701609426e-05,0.46535438992473055,CM
,235560,Contig_499560.fasta,0.013845789790736706,3.932542613415702e-05,0.45450591458894274,CM
,235560,Contig_1065040.fasta,0.008245630783504657,9.789414870094093e-06,0.4316548330897754,CM
,235560,Contig_24574502.fasta,0.004758833677573741,3.0401007828186315e-06,0.403547942276254,CM
,235560,Contig_55294.fasta,0.020033430894191892,8.266376181603712e-05,0.46838222129060714,CM
,235560,Contig_208230.fasta,0.026728796772543282,0.00013864544222706222,0.47576394414775447,CM
,235560,Contig_367971.fasta,0.013608815300377289,3.196099498137902e-05,0.44797878321619583,CM
,235560,Contig_4437.fasta,0.0,0.0,0.0,CM
,235560,Contig_138526.fasta,0.0012369330959604236,0.0,0.3211488257167581,CM
,235560,Contig_138563.fasta,0.026512681729039603,0.0001402171407001735,0.4769763904885999,CM
,235560,Contig_371134.fasta,0.017308368254569263,5.910493317433911e-05,0.46282278839695007,CM
,235560,Contig_54294.fasta,0.025781135122005305,0.00012815656937441487,0.4743171201919073,CM
,235560,Contig_59426.fasta,0.009925342086217951,1.5165453593348796e-05,0.44163646915461685,CM
,235560,Contig_502560.fasta,0.0021074341414925716,2.8620639316135063e-07,0.3435490742065467,CM
,235560,Contig_201670.fasta,0.017893228579040712,6.630448704936887e-05,0.46791383906931655,CM
,235560,Contig_132684.fasta,0.02152670206938378,9.488658765959103e-05,0.4700289694317595,CM
,235560,Contig_542344.fasta,0.0057058882514361775,4.7222434072641065e-06,0.4131689528205886,CM
,235560,Contig_545654.fasta,0.019708128060501928,7.827254431834379e-05,0.46861676421564,CM
,235560,Contig_499661.fasta,0.0,0.0,0.0,CM
,235560,Contig_368062.fasta,0.017233812692947395,5.384064889023458e-05,0.4603185824587472,CM
,235560,Contig_133992.fasta,0.008299010270835122,1.1515919215163492e-05,0.43305306716271774,CM
,235560,Contig_131676.fasta,0.02002933811176549,7.66783483717846e-05,0.46721301954000655,CM
,235560,Contig_134010.fasta,0.018904997378432133,6.169989803594687e-05,0.4619090217860973,CM
,235560,Contig_548898.fasta,0.02018987328341744,7.593045802596916e-05,0.4669798793106951,CM
,235560,Contig_421218.fasta,0.0,0.0,0.0,CM
,235560,Contig_56266.fasta,0.019075409129307705,7.17276258715073e-05,0.4662818525852681,CM
,235560,Contig_791989.fasta,0.009321601205999924,1.3345580159471852e-05,0.43365508718194307,CM
,235560,Contig_167.fasta,0.002432579818621389,6.005216444186615e-07,0.3634282245198575,CM
,235560,Contig_131918.fasta,0.014027951330179813,3.6991296621699925e-05,0.45539059763437134,CM
,235560,Contig_545669.fasta,0.014809536339054252,3.8620505361323114e-05,0.45252789078270456,CM
,235560,Contig_309414.fasta,0.02271339121521065,0.00010008743549177668,0.47026516489378545,CM
,235560,Contig_60809.fasta,0.017564550746375196,6.697463581370754e-05,0.466746971640216,CM
,235560,Contig_55579.fasta,0.01039443583530741,2.0595409649049872e-05,0.44163646915461685,CM
,235560,Contig_134354.fasta,0.011779064766054925,2.874652352751971e-05,0.4527468205798902,CM
,235560,Contig_302825.fasta,0.01585352885689756,4.9679289407187305e-05,0.4585142960012901,CM
,235560,Contig_543384.fasta,0.0036446054605640717,1.8421501816844426e-06,0.3909054628816345,CM
,235560,Contig_553243.fasta,0.012256526537143387,2.538507158249547e-05,0.44436262019878114,CM
,235560,Contig_985177.fasta,0.011721435084057012,2.3762570434857716e-05,0.4441517219452459,CM
,235560,Contig_551170.fasta,0.014220929990616202,3.958623967907387e-05,0.4562787314181536,CM
,235560,Contig_544200.fasta,0.010470782407448125,1.910508574249245e-05,0.4418449849568617,CM
,235560,Contig_1066727.fasta,0.012563341984873785,3.180921971982419e-05,0.45035018197239324,CM
,235560,Contig_623419.fasta,0.007180493505140018,7.932439912068297e-06,0.4255696580894193,CM
,235560,Contig_54254.fasta,0.020777358758353303,8.075350079972827e-05,0.46721301954000655,CM
,235560,Contig_53744.fasta,0.017793603178172523,6.0256738683806106e-05,0.46351048941982814,CM
,235560,Contig_548820.fasta,0.001191696106133555,0.0,0.3153058214752807,CM
,235560,Contig_422193.fasta,0.026404256001658338,0.00013517470118707434,0.47576394414775447,CM
,235560,Contig_56712.fasta,0.013214941044244017,3.170412003355228e-05,0.4534048828191052,CM
,235560,Contig_56757.fasta,0.004807730560249812,4.428442298543312e-06,0.40476975698037765,CM
,235560,Contig_1833.fasta,0.01989312430439629,7.63441567305865e-05,0.46721301954000655,CM
,235560,Contig_542648.fasta,0.0026053223033481246,8.44925992148249e-07,0.3710656931556832,CM
,235560,Contig_372026.fasta,0.020031241869933766,7.962058885401549e-05,0.46838222129060714,CM
,235560,Contig_370350.fasta,0.012575914257214452,2.7867285835950042e-05,0.4488382149345962,CM
,235560,Contig_985396.fasta,0.01831340216620198,5.905195554671434e-05,0.46145349020642656,CM
,235560,Contig_543120.fasta,0.0022365206796559713,4.25902761508749e-07,0.3552876530518728,CM
,235560,Contig_992741.fasta,0.019613415119276653,7.562006480634617e-05,0.46721301954000655,CM
,235560,Contig_54798.fasta,0.02187842943204831,8.774871060056018e-05,0.4681479130258295,CM
,235560,Contig_554998.fasta,0.014989970798723017,4.276807374423409e-05,0.4571703361693371,CM
,235560,Contig_542549.fasta,0.0,0.0,0.0,CM
,235560,Contig_1125670.fasta,0.024755003905050848,0.00011802205009727797,0.4745576461149255,CM
,235560,Contig_57456.fasta,0.019509934752480466,7.248278297141622e-05,0.46512310046651745,CM
,235560,Contig_420791.fasta,0.010849198587537712,2.3080867769341216e-05,0.4499171529512659,CM
,235560,Contig_304002.fasta,0.02225118476600109,9.62735747779456e-05,0.47168733777148847,CM
,235560,Contig_304047.fasta,0.021947479976157137,9.817088818357885e-05,0.47168733777148847,CM
,235560,Contig_60914.fasta,0.021814419939586646,9.132159433086243e-05,0.46979301111377164,CM
,235560,Contig_369593.fasta,0.008458265847943796,1.1525054826854464e-05,0.4338561326558336,CM
,235560,Contig_132330.fasta,0.012848370047473402,2.9633282331956248e-05,0.449484955878306,CM
,235560,Contig_543264.fasta,0.012125243617519491,2.9197098685614814e-05,0.45384465477140307,CM
,235560,Contig_61586.fasta,0.02166414555614522,9.290866011579656e-05,0.46908655545796146,CM
,235560,Contig_206205.fasta,0.017634461081608488,6.404529650355127e-05,0.4662818525852681,CM
,235560,Contig_992897.fasta,0.001226774301414783,0.0,0.31841703917612557,CM
,235560,Contig_368482.fasta,0.014206655243394891,4.0589812020089895e-05,0.4571703361693371,CM
,235560,Contig_368810.fasta,0.019913855432919163,7.533614900174472e-05,0.46581765960111154,CM
,235560,Contig_545620.fasta,0.0072197401093604474,7.647640759369325e-06,0.4230685705870855,CM
,235560,Contig_131586.fasta,0.018572945361824876,6.21865630175622e-05,0.46351048941982814,CM
,235560,Contig_62330.fasta,0.003541552142578362,1.623663605122391e-06,0.38750628494353334,CM
,235560,Contig_133221.fasta,0.005923818857775046,5.097886247819613e-06,0.41946556617598973,CM
,235560,Contig_554336.fasta,0.023508073911635567,0.00010713827434054237,0.4724016547898198,CM
,235560,Contig_1061979.fasta,0.006058771099097019,6.731909357852054e-06,0.42345143807177965,CM
,235560,Contig_59083.fasta,0.009458949908594406,1.6207887252491115e-05,0.43832678132957054,CM
,235560,Contig_61046.fasta,0.01925913237763711,7.267939146134072e-05,0.4662818525852681,CM
,235560,Contig_53364.fasta,0.013884282548893592,3.214881438587657e-05,0.4510012906692208,CM
,235560,Contig_138517.fasta,0.016350364721756827,4.729955672981041e-05,0.4578413298134213,CM
,235560,Contig_1064832.fasta,0.004919765983803935,4.234271239372727e-06,0.41027079269558664,CM
,235560,Contig_367940.fasta,0.01433103344180869,3.6755811860698355e-05,0.45605637336190696,CM
,235560,Contig_57502.fasta,0.02509626230840413,0.00012625443521991817,0.4745576461149255,CM
,235560,Contig_370591.fasta,0.026805550691369386,0.00014512792434969853,0.4772196216923167,CM
,235560,Contig_420251.fasta,0.018529201372603343,7.005942248767228e-05,0.46489204080408997,CM
,235560,Contig_58753.fasta,0.023950334546858847,0.00011511902742229198,0.4745576461149255,CM
,235560,Contig_133165.fasta,0.019037282441554605,7.03509499459182e-05,0.466746971640216,CM
,235560,Contig_136703.fasta,0.015053483676527169,4.1385315522649875e-05,0.45605637336190696,CM
,235560,Contig_420638.fasta,0.007990623332292003,1.1580398802162281e-05,0.4320534063428592,CM
,235560,Contig_552562.fasta,0.0035345891454339564,1.3317869908890444e-06,0.3851142708389437,CM
,235560,Contig_136746.fasta,0.021917158562702137,8.93966321225155e-05,0.46838222129060714,CM
,235560,Contig_53399.fasta,0.02009730766744903,7.873767587866865e-05,0.46791383906931655,CM
,235560,Contig_369317.fasta,0.02768664951533397,0.0001505100763314591,0.4772196216923167,CM
,235560,Contig_551614.fasta,0.011389360600891766,2.4648840953568994e-05,0.44669578908765306,CM
,235560,Contig_554072.fasta,0.0012370124263130174,0.0,0.31841703917612557,CM
,235560,Contig_59716.fasta,0.020995683009959763,8.066659712857695e-05,0.4669798793106951,CM
,235560,Contig_1066043.fasta,0.003374352050133531,1.3802332261033304e-06,0.38041775534090777,CM
,235560,Contig_549707.fasta,0.0,0.0,0.0,CM
,235560,Contig_1062625.fasta,0.01633044063126177,5.3418048882452904e-05,0.4609988562259276,CM
,235560,Contig_372137.fasta,0.007006338566953338,8.035540503191615e-06,0.4242192557292081,CM
,235560,Contig_426270.fasta,0.004860880775159052,3.707522589429781e-06,0.4083017792925973,CM
,235560,Contig_54300.fasta,0.017965806046164778,5.7111749713675285e-05,0.46009227047130435,CM
,235560,Contig_53610.fasta,0.001248187269514987,0.0,0.31939511199270754,CM
,235560,Contig_989205.fasta,0.015690881114314544,4.938652327145192e-05,0.46077187500671246,CM
,235560,Contig_420760.fasta,0.01537492936409666,4.4034137850136646e-05,0.4585142960012901,CM
,235560,Contig_1062050.fasta,0.01155275660497674,2.379712911141586e-05,0.4452082198566285,CM
,235560,Contig_427270.fasta,0.003140608615556189,1.2384705490696444e-06,0.3722464909063775,CM
,235560,Contig_139063.fasta,0.0,0.0,0.0,CM
,235560,Contig_420725.fasta,0.0009519940596514656,0.0,0.29400806727572515,CM
,235560,Contig_545479.fasta,0.009214406633288864,1.5923026510244805e-05,0.4377117297187245,CM
,235560,Contig_1062015.fasta,0.009118391634421913,1.1128021394243874e-05,0.43006786679165127,CM
,235560,Contig_202006.fasta,0.015304916703195573,4.452193292172304e-05,0.45873905791109465,CM
,235560,Contig_498324.fasta,0.005973246994939277,5.4611485910335636e-06,0.42135419997236967,CM
,235560,Contig_201370.fasta,0.0,0.0,0.0,CM
,235560,Contig_551822.fasta,0.004513499497875747,2.9824509946863624e-06,0.39754786666891806,CM
,235560,Contig_54001.fasta,0.004995346998496198,4.510979540941787e-06,0.4135341043476063,CM
,235560,Contig_422752.fasta,0.0107965458589907,2.082610507597086e-05,0.44584453460630447,CM
,235560,Contig_55044.fasta,0.011085451060829157,2.424351427999908e-05,0.44457371883070457,CM
,235560,Contig_548236.fasta,0.016674198856517955,5.6205911546771606e-05,0.4637401774720679,CM
,235560,Contig_420309.fasta,0.00576983099209345,6.404664518120556e-06,0.41740752816174537,CM
,235560,Contig_542500.fasta,0.018476255724516433,6.484226935374469e-05,0.46259400797757444,CM
,235560,Contig_137277.fasta,0.0033930194732439993,1.6911430263183923e-06,0.3821264508528514,CM
,235560,Contig_987817.fasta,0.019961497831264226,7.581517940492426e-05,0.4669798793106951,CM
,235560,Contig_24578923.fasta,0.022714082049915745,0.00010651376068093553,0.4724016547898198,CM
,235560,Contig_985367.fasta,0.004726081505121058,3.1198669171105163e-06,0.40337399919768663,CM
,235560,Contig_498823.fasta,0.011716319575700775,2.6697297554083893e-05,0.4481933324418741,CM
,235560,Contig_1063329.fasta,0.020778449759213828,8.163291066100641e-05,0.46767999906978164,CM
,235560,Contig_61925.fasta,0.005708017257203876,6.309325595947282e-06,0.4135341043476063,CM
,235560,Contig_54079.fasta,0.02067143536128618,8.036484969873865e-05,0.4681479130258295,CM
,235560,Contig_554682.fasta,0.0011641042671702384,0.0,0.3116309284510933,CM
,235560,Contig_302566.fasta,0.018734043485327624,6.801711150752657e-05,0.46512310046651745,CM
,235560,Contig_310306.fasta,0.02401302166920014,0.0001084361160576689,0.4712123253467438,CM
,235560,Contig_543210.fasta,0.0012941528691459464,0.0,0.32595878723045385,CM
,235560,Contig_986701.fasta,0.0024003836511106848,5.096359698208132e-07,0.35677761271011554,CM
,235560,Contig_545700.fasta,0.015455386504231951,4.493675403619764e-05,0.45873905791109465,CM
,235560,Contig_420371.fasta,0.016086251021581288,4.63186485120238e-05,0.45806543227539553,CM
,235560,Contig_930538.fasta,0.027729611151006507,0.00014947433059451094,0.4769763904885999,CM
,235560,Contig_542578.fasta,0.003657342093541564,1.799842541110913e-06,0.39238057783590485,CM
,235560,Contig_371823.fasta,0.011578803550684108,2.640352717814162e-05,0.4462697559077888,CM
,235560,Contig_56.fasta,0.0,0.0,0.0,CM
,235560,Contig_500869.fasta,0.013345438482675635,3.438177427667325e-05,0.45450591458894274,CM
,235560,Contig_549526.fasta,0.001281973326282716,0.0,0.3243770114865279,CM
,235560,Contig_138472.fasta,0.024757466092464823,0.00011817559183010401,0.4731181385938489,CM
,235560,Contig_987069.fasta,0.011716448988463087,2.6015138267888598e-05,0.4505670092145561,CM
,235560,Contig_988280.fasta,0.02012703594125239,8.347636395170636e-05,0.47097517772452596,CM
,235560,Contig_543585.fasta,0.0,0.0,0.0,CM
,235560,Contig_206976.fasta,0.023993045930689547,0.00011227148013486532,0.47287906929693435,CM
,235560,Contig_3888.fasta,0.025623972081318367,0.00013262458295665384,0.47600594005016944,CM
,235560,Contig_1065538.fasta,0.0010236690295404869,0.0,0.2994648570043626,CM
,235560,Contig_62111.fasta,0.01315775040171234,3.314360547062709e-05,0.4542852806498219,CM
,235560,Contig_208748.fasta,0.018464879562388584,6.67636601690497e-05,0.4662818525852681,CM
,235560,Contig_501406.fasta,0.011455449870311702,2.343344336686072e-05,0.44542012286465166,CM
,235560,Contig_306807.fasta,0.010786618768198142,2.251684239834542e-05,0.4471226364733077,CM
,235560,Contig_57808.fasta,0.018839369657135417,6.83016594503687e-05,0.4662818525852681,CM
,235560,Contig_930639.fasta,0.019206942165354627,6.449257526289378e-05,0.46259400797757444,CM
,235560,Contig_422.fasta,0.0009344918551860859,0.0,0.29217223794524916,CM
,235560,Contig_545369.fasta,0.016139169475495627,5.3454625961880806e-05,0.4609988562259276,CM
,235560,Contig_502018.fasta,0.016334000460984124,5.091399725010144e-05,0.4594146677165602,CM
,235560,Contig_1066920.fasta,0.007255539768341912,9.316695482057805e-06,0.429475758668487,CM
,235560,Contig_988550.fasta,0.011651163884517412,2.2220923928181725e-05,0.4460570439173656,CM
,235560,Contig_498319.fasta,0.00355327811566459,1.4344827478833181e-06,0.3827516066006679,CM
,235560,Contig_1062135.fasta,0.018767561635589403,7.058537254016861e-05,0.4662818525852681,CM
,235560,Contig_139106.fasta,0.002538961920430309,8.25109049848901e-07,0.37313703275065113,CM
,235560,Contig_424026.fasta,0.0024012788687026373,5.101954680180892e-07,0.36427702535563766,CM
,235560,Contig_985597.fasta,0.0034281319214589955,1.1904135385394912e-06,0.38400807473887283,CM
,235560,Contig_369895.fasta,0.02080769514172074,8.401610709405822e-05,0.46791383906931655,CM
,235560,Contig_53489.fasta,0.0023674840901119266,7.411370983260108e-07,0.36076625988382155,CM
,235560,Contig_60880.fasta,0.023465602785021134,0.00011198788485440218,0.47407683796283334,CM
,235560,Contig_368093.fasta,0.015662770032553498,4.5841008512447234e-05,0.4567240986523344,CM
,235560,Contig_499241.fasta,0.019574484624348347,7.45428089579613e-05,0.46535438992473055,CM
,235560,Contig_989061.fasta,0.0069299825388630795,9.56566137242114e-06,0.42615103740374916,CM
,235560,Contig_55164.fasta,0.022739539690875443,0.00010808419852574789,0.47407683796283334,CM
,235560,Contig_24573733.fasta,0.011562159669534309,2.5681683747358273e-05,0.44797878321619583,CM
,235560,Contig_498628.fasta,0.007672718285709274,1.1888822356976646e-05,0.42987031609491644,CM
,235560,Contig_3643.fasta,0.0023143171702067773,5.626255002351681e-07,0.3552876530518728,CM
,235560,Contig_987659.fasta,0.0013020288244698856,0.0,0.32641356056457377,CM
,235560,Contig_53431.fasta,0.015447137567888593,4.2733345510116515e-05,0.4571703361693371,CM
,235560,Contig_426051.fasta,0.02396824384803214,0.00011237601157379866,0.4731181385938489,CM
,235560,Contig_500137.fasta,0.020899608948866798,8.062832804361393e-05,0.4665142961807742,CM
,235560,Contig_369743.fasta,0.024574639630111073,0.00012317685147099033,0.4755221941761347,CM
,235560,Contig_502690.fasta,0.015338335380834076,5.0724706165448285e-05,0.46054511719420915,CM
,235560,Contig_802918.fasta,0.011586400469733738,2.5798331924728293e-05,0.4456322276850634,CM
,235560,Contig_544175.fasta,0.001248187269514987,0.0,0.31939511199270754,CM
,235560,Contig_53359.fasta,0.0036645215982550007,1.8398809166334398e-06,0.38863275670209013,CM
,235560,Contig_306575.fasta,0.0021559934122257554,4.654467879251222e-07,0.34583432303718886,CM
,235560,Contig_542420.fasta,0.0,0.0,0.0,CM
,235560,Contig_368743.fasta,0.019964469267307557,7.189683248537379e-05,0.46512310046651745,CM
,235560,Contig_499105.fasta,0.002583909335247921,7.489355111505044e-07,0.3728397124058299,CM
,235560,Contig_542465.fasta,0.0026512879029790843,7.992082852753439e-07,0.37734987021719074,CM
,235560,Contig_548646.fasta,0.016772566614297376,5.268511150360822e-05,0.46145349020642656,CM
,235560,Contig_58939.fasta,0.010836169265590868,2.433898494381966e-05,0.44669578908765306,CM
,235560,Contig_621909.fasta,0.011613273901914505,2.373547425329543e-05,0.44776443930078136,CM
,235560,Contig_53922.fasta,0.02203623058520164,9.640573858809759e-05,0.47168733777148847,CM
,235560,Contig_132024.fasta,0.028640263077265086,0.00016461070959187258,0.4789292109204878,CM
,235560,Contig_1063498.fasta,0.01855416632757222,6.762285959940992e-05,0.464200237171941,CM
,235560,Contig_551384.fasta,0.02108563762926922,8.44843148535225e-05,0.4681479130258295,CM
,235560,Contig_132061.fasta,0.005530376324661364,5.083065176591858e-06,0.40776805147652856,CM
,235560,Contig_543135.fasta,0.003424947898243124,1.4349670339468513e-06,0.38243877324831754,CM
,235560,Contig_1064559.fasta,0.01194259536522005,2.5508107652908645e-05,0.4492691685735156,CM
,235560,Contig_368256.fasta,0.02232531079532986,9.548747094746954e-05,0.4700289694317595,CM
,235560,Contig_306060.fasta,0.02227046877612472,9.431498511043099e-05,0.47026516489378545,CM
,235560,Contig_58286.fasta,0.017429950759534386,5.8565154309003725e-05,0.4621371250067324,CM
,235560,Contig_57092.fasta,0.027711267687347132,0.0001495296076591134,0.47770682906515216,CM
,235560,Contig_420355.fasta,0.019455422649797792,7.622849155950602e-05,0.4674463926766399,CM
,235560,Contig_420310.fasta,0.0058022183750694786,5.935207743692551e-06,0.41592341250605913,CM
,235560,Contig_139456.fasta,0.017868962444685152,6.752690900921275e-05,0.46767999906978164,CM
,235560,Contig_4502.fasta,0.010923060318730256,2.25307724029161e-05,0.4469091108589461,CM
,235560,Contig_543519.fasta,0.0012304267904473816,0.0,0.31830873406075955,CM
,235560,Contig_544009.fasta,0.0012304267904473816,0.0,0.31830873406075955,CM
,235560,Contig_3057.fasta,0.001130550994151503,0.0,0.3080407103813802,CM
,235560,Contig_553809.fasta,0.0023609777845988848,6.423775220836808e-07,0.35677761271011554,CM
,235560,Contig_132325.fasta,0.016130349513650468,4.8592591803549415e-05,0.4589640402837828,CM
,235560,Contig_369951.fasta,0.019914134889626584,7.70597851941299e-05,0.4665142961807742,CM
,235560,Contig_61901.fasta,0.016572018320195947,5.6815782883957604e-05,0.4644306094980809,CM
,235560,Contig_369157.fasta,0.01539460201057441,4.097390341326352e-05,0.4562787314181536,CM
,235560,Contig_61944.fasta,0.002229115430103611,4.0826658080988915e-07,0.352610278123072,CM
,235560,Contig_53508.fasta,0.0012771213704521455,0.0,0.3222547101028351,CM
,235560,Contig_368951.fasta,0.009773571651710276,1.917131953030324e-05,0.44247171543197783,CM
,235560,Contig_303193.fasta,0.014967766840599054,4.7914599760426126e-05,0.46009227047130435,CM
,235560,Contig_1062799.fasta,0.017455225296531734,5.920514534702501e-05,0.46282278839695007,CM
,235560,Contig_932596.fasta,0.015512922094458639,5.0892056106621444e-05,0.4632810287815015,CM
,235560,Contig_133360.fasta,0.011514455319388626,2.4023984027285346e-05,0.4456322276850634,CM
,235560,Contig_371588.fasta,0.01915390193106915,7.62984863944836e-05,0.4674463926766399,CM
,235560,Contig_990113.fasta,0.018545133828398966,6.486533577774159e-05,0.464200237171941,CM
,235560,Contig_371159.fasta,0.015551608463613963,4.547435875006088e-05,0.45873905791109465,CM
,235560,Contig_132515.fasta,0.022607891918032197,9.972414921143293e-05,0.4721633088489572,CM
,235560,Contig_708360.fasta,0.007910655135490666,1.1504335878034734e-05,0.4292787514397399,CM
,235560,Contig_794445.fasta,0.016235115486046326,5.16616189364467e-05,0.46054511719420915,CM
,235560,Contig_310512.fasta,0.02538256649069999,0.00012514080204384918,0.4743171201919073,CM
,235560,Contig_200936.fasta,0.022280466130958188,9.981769975494378e-05,0.47287906929693435,CM
,235560,Contig_309369.fasta,0.025392146415464688,0.00012123047914228663,0.4735970031065957,CM
,235560,Contig_131663.fasta,0.016458798730038575,4.8356936266717146e-05,0.4591892434438828,CM
,235560,Contig_133515.fasta,0.019757243927166813,7.50297514523647e-05,0.4660496405072874,CM
,235560,Contig_57236.fasta,0.023420565463308975,0.00010554991031345431,0.4721633088489572,CM
,235560,Contig_368809.fasta,0.02015285898099171,8.303239435411693e-05,0.4700289694317595,CM
,235560,Contig_57273.fasta,0.005906673216491355,4.368824427250488e-06,0.4144498131703424,CM
,235560,Contig_53450.fasta,0.020908572791999255,8.391066509478299e-05,0.4674463926766399,CM
,235560,Contig_369809.fasta,0.016994226330151536,5.3688614416783976e-05,0.46009227047130435,CM
,235560,Contig_500212.fasta,0.0037187880006299954,1.9818898983063168e-06,0.39155969796595524,CM
,235560,Contig_985127.fasta,0.011389548181562808,2.5628208510760062e-05,0.44669578908765306,CM
,235560,Contig_131527.fasta,0.008275046654012762,1.4535467618633923e-05,0.4375070959039893,CM
,235560,Contig_205412.fasta,0.01696817177136487,5.0186031971138055e-05,0.4603185824587472,CM
,235560,Contig_58861.fasta,0.022013130726751554,9.74973637269722e-05,0.4721633088489572,CM
,235560,Contig_57172.fasta,0.00883610826334412,1.5658404579569274e-05,0.4420536977508895,CM
,235560,Contig_57931.fasta,0.010459470858565438,1.7796554611061148e-05,0.43832678132957054,CM
,235560,Contig_986539.fasta,0.02633419604202705,0.00013269415765017247,0.47407683796283334,CM
,235560,Contig_53380.fasta,0.0012304267904473816,0.0,0.31830873406075955,CM
,235560,Contig_793579.fasta,0.013321704559281743,3.549272423340246e-05,0.45539059763437134,CM
,235560,Contig_53751.fasta,0.009915169093153197,1.8099760711959012e-05,0.4439410237849303,CM
,235560,Contig_56974.fasta,0.01608647921750686,4.972775526556371e-05,0.46054511719420915,CM
,235560,Contig_53714.fasta,0.02082381242217755,7.928582874033564e-05,0.4660496405072874,CM
,235560,Contig_498548.fasta,0.007253055201040393,9.370087788853493e-06,0.4275137862670777,CM
,235560,Contig_138961.fasta,0.025633985844858702,0.00012438121485948666,0.4743171201919073,CM
,235560,Contig_56931.fasta,0.012016635006570112,2.5763006147518103e-05,0.4499171529512659,CM
,235560,Contig_53490.fasta,0.017430181313355483,5.961971460281215e-05,0.4623654536258069,CM
,235560,Contig_1261469.fasta,0.019382470903873066,7.362234052756564e-05,0.4674463926766399,CM
,235560,Contig_134080.fasta,0.018871826353841426,7.675000628316962e-05,0.46979301111377164,CM
,235560,Contig_547636.fasta,0.00351965031999091,1.9370696957016384e-06,0.3871856343147013,CM
,235560,Contig_555815.fasta,0.006136443257736047,7.819539678794081e-06,0.4232599177470073,CM
,235560,Contig_367999.fasta,0.012566125846243514,3.045929381933722e-05,0.45013356331824583,CM
,235560,Contig_542481.fasta,0.02209691827793865,0.0001006605552874219,0.4731181385938489,CM
,235560,Contig_54239.fasta,0.0,0.0,0.0,CM
,235560,Contig_135080.fasta,0.016092904435385948,4.483700536100857e-05,0.4578413298134213,CM
,235560,Contig_543050.fasta,0.0024003836511106848,5.096359698208132e-07,0.35677761271011554,CM
,235560,Contig_371121.fasta,0.010334324307926222,1.928432709902053e-05,0.44310022639139823,CM
,235560,Contig_421275.fasta,0.01605824481201751,4.473268046309041e-05,0.4578413298134213,CM
,235560,Contig_1064055.fasta,0.01873364867141857,6.297250714983387e-05,0.46351048941982814,CM
,235560,Contig_24574183.fasta,0.023548628444844812,0.00010836464963722015,0.47287906929693435,CM
,235560,Contig_1065010.fasta,0.019670312502507368,7.777993515722754e-05,0.46721301954000655,CM
,235560,Contig_542439.fasta,0.02093260751955521,8.209204714366771e-05,0.46767999906978164,CM
,235560,Contig_55615.fasta,0.0024937249306034403,8.046611522096454e-07,0.3688717690731703,CM
,235560,Contig_1062268.fasta,0.016919326136575763,5.0526172483343e-05,0.4567240986523344,CM
,235560,Contig_545832.fasta,0.010760322483791085,2.0297230902930855e-05,0.4437305254332068,CM
,235560,Contig_994284.fasta,0.017501681643193604,5.447010323281466e-05,0.46122606118217496,CM
,235560,Contig_61283.fasta,0.015367965813806585,4.234239026411387e-05,0.4565013064090893,CM
,235560,Contig_137216.fasta,0.02188791996810377,9.601508023489992e-05,0.4712123253467438,CM
,235560,Contig_369929.fasta,0.022253803586001486,9.934802155832408e-05,0.471925203297344,CM
,235560,Contig_424266.fasta,0.0,0.0,0.0,CM
,235560,Contig_422733.fasta,0.022270454383978566,0.00010093305471783537,0.471925203297344,CM
,235560,Contig_993468.fasta,0.0248797554836356,0.0001262999696143083,0.47600594005016944,CM
,235560,Contig_2702.fasta,0.023064353556720648,0.0001061517809456264,0.4724016547898198,CM
,235560,Contig_550843.fasta,0.009465373080756631,1.41912116163322e-05,0.43567396561388877,CM
,235560,Contig_555666.fasta,0.005612468371509114,5.187197036789519e-06,0.4083017792925973,CM
,235560,Contig_552333.fasta,0.001179321902426997,0.0,0.31403613360356813,CM
,235560,Contig_59941.fasta,0.01348093706650887,3.689789826231665e-05,0.4571703361693371,CM
,235560,Contig_543660.fasta,0.013173807189571594,3.223265939183447e-05,0.4520906657674556,CM
,235560,Contig_302582.fasta,0.0,0.0,0.0,CM
,235560,Contig_985007.fasta,0.007113754723536825,8.928581367896442e-06,0.42790474537660406,CM
,235560,Contig_137152.fasta,0.00866817203299089,1.2548196601706961e-05,0.4277091764801797,CM
,235560,Contig_551768.fasta,0.010572602167583751,2.1449090689388766e-05,0.4439410237849303,CM
,235560,Contig_54324.fasta,0.017943442196064627,6.225225908559828e-05,0.46466121059515053,CM
,235560,Contig_554908.fasta,0.019933645747463147,8.073975116123101e-05,0.46861676421564,CM
,235560,Contig_988264.fasta,0.023192293908617656,0.00011105316759816347,0.47383679905753573,CM
,235560,Contig_57017.fasta,0.01557172572725863,4.988080161161412e-05,0.4609988562259276,CM
,235560,Contig_930599.fasta,0.006651271760077096,7.564202872828375e-06,0.4151853052966429,CM
,235560,Contig_368836.fasta,0.02457392912647747,0.00011425179820757874,0.4726402414841581,CM
,235560,Contig_501295.fasta,0.01926194729654701,7.136082882686128e-05,0.4644306094980809,CM
,235560,Contig_549348.fasta,0.02361263655870784,0.00010844486898398889,0.47287906929693435,CM
,235560,Contig_3936.fasta,0.02570873629692515,0.0001308783780116459,0.47576394414775447,CM
,235560,Contig_53793.fasta,0.01742917629813346,6.375294742659407e-05,0.46512310046651745,CM
,235560,Contig_421232.fasta,0.0,0.0,0.0,CM
,235560,Contig_368389.fasta,0.02576765083141979,0.00013337268585485545,0.47673340710067913,CM
,235560,Contig_58788.fasta,0.004798942621712868,2.7996644072055196e-06,0.40250652823167016,CM
,235560,Contig_991500.fasta,0.02744242287678746,0.0001452890768249089,0.47576394414775447,CM
,235560,Contig_555817.fasta,0.019778097997803303,8.051277170850159e-05,0.46861676421564,CM
,235560,Contig_542483.fasta,0.008424851357010672,1.2934594742676142e-05,0.4340573646283085,CM
,235560,Contig_132900.fasta,0.01292784764676398,2.9116913658357837e-05,0.44862304800509734,CM
,235560,Contig_543052.fasta,0.0010838903797593957,0.0,0.3047306018035275,CM
,235560,Contig_546119.fasta,0.007936094288642222,1.1043928435366291e-05,0.42829642020074743,CM
,235560,Contig_6086.fasta,0.006324664926068421,7.1092760572405384e-06,0.4142663471175888,CM
,235560,Contig_369459.fasta,0.021429461084178657,8.403026476265648e-05,0.4669798793106951,CM
,235560,Contig_1064787.fasta,0.0034747689483444174,1.6971890541278346e-06,0.3843234817817795,CM
,235560,Contig_993918.fasta,0.00701310314670788,5.917341555792833e-06,0.4196536673267413,CM
,235560,Contig_420935.fasta,0.007769103007155968,8.898989383270261e-06,0.4267340073591578,CM
,235560,Contig_209716.fasta,0.014193909616118596,3.302058921415218e-05,0.4523091726141291,CM
,235560,Contig_549952.fasta,0.002579150194922031,4.136767819481485e-07,0.3698923629006455,CM
,235560,Contig_368269.fasta,0.003641006484104156,1.2086416075094882e-06,0.38559030825654433,CM
,235560,Contig_58668.fasta,0.022415924911312026,9.568497045401173e-05,0.47097517772452596,CM
,235560,Contig_542949.fasta,0.016287876967019426,5.115726771298644e-05,0.46054511719420915,CM
,235560,Contig_425926.fasta,0.0,0.0,0.0,CM
,235560,Contig_439.fasta,0.013161277534781156,3.4145189509042084e-05,0.45362466220971065,CM
,235560,Contig_428343.fasta,0.0188021328539134,7.026882244025849e-05,0.4662818525852681,CM
,235560,Contig_502497.fasta,0.005771739191438853,4.839376445184788e-06,0.41262243304172536,CM
,235560,Contig_793333.fasta,0.012783076435684165,2.5731335670397458e-05,0.44733636622305595,CM
,235560,Contig_985040.fasta,0.022277622745373992,9.970187662361165e-05,0.4724016547898198,CM
,235560,Contig_544337.fasta,0.008019490935761606,1.1857860926959153e-05,0.42987031609491644,CM
,235560,Contig_302538.fasta,0.003406137480044454,1.8247780711417197e-06,0.3807272897227962,CM
,235560,Contig_371387.fasta,0.00606892989364266,7.749761094135276e-06,0.4246042096817754,CM
,235560,Contig_985429.fasta,0.015065356023979178,4.535823569807365e-05,0.45873905791109465,CM
,235560,Contig_57780.fasta,0.015082445360025483,4.331065283880453e-05,0.4562787314181536,CM
,235560,Contig_5210.fasta,0.0024734747715729434,7.009454228107469e-07,0.3677122507420955,CM
,235560,Contig_139344.fasta,0.007059272097540875,1.005414290549587e-05,0.42634518366224744,CM
,235560,Contig_303250.fasta,0.010038075092923189,1.9190937433894708e-05,0.4389435638548935,CM
,235560,Contig_547305.fasta,0.001281973326282716,0.0,0.3243770114865279,CM
,235560,Contig_368294.fasta,0.017994528595161638,5.882494109306526e-05,0.4630517952195117,CM
,235560,Contig_542526.fasta,0.0033925905215046685,1.3300377320819465e-06,0.3835359336633742,CM
,235560,Contig_59201.fasta,0.0013571350338331383,0.0,0.3311492137787095,CM
,235560,Contig_132437.fasta,0.012371705864633058,3.087344125820911e-05,0.453185316289895,CM
,235560,Contig_135127.fasta,0.017380426205149898,5.9597033235138503e-05,0.4630517952195117,CM
,235560,Contig_498840.fasta,0.01746258963957318,6.048278071135213e-05,0.4637401774720679,CM
,235560,Contig_201012.fasta,0.007241031189125579,8.334725560700612e-06,0.42615103740374916,CM
,235560,Contig_502796.fasta,0.012372926900345754,2.865413568308742e-05,0.4484080872729435,CM
,235560,Contig_371838.fasta,0.02353892211776929,0.00011257806490523346,0.4745576461149255,CM
,235560,Contig_369953.fasta,0.023081262974904506,0.00010816342276797175,0.4735970031065957,CM
,235560,Contig_53998.fasta,0.002430773653989073,5.459202381631091e-07,0.36385212991393195,CM
,235560,Contig_549268.fasta,0.003620547540049381,1.6525019652828354e-06,0.38750628494353334,CM
,235560,Contig_627031.fasta,0.009634235560905216,1.6137443679602296e-05,0.44018235095890546,CM
,235560,Contig_60946.fasta,0.023174903850149746,0.00010410371506211353,0.4712123253467438,CM
,235560,Contig_368584.fasta,0.017111375913819137,5.6909580606520876e-05,0.4639700932764666,CM
,235560,Contig_499387.fasta,0.00363592912544136,1.6266515297112757e-06,0.3928747599238594,CM
,235560,Contig_368916.fasta,0.02271812700319727,0.00010341468538698128,0.473357449741342,CM
,235560,Contig_131739.fasta,0.008495014109209165,1.2691587685270649e-05,0.43607999913263423,CM
,235560,Contig_368678.fasta,0.021344308358812153,9.206183941661773e-05,0.47073826868140495,CM
,235560,Contig_55737.fasta,0.002355313269071678,5.692473085677593e-07,0.35910501847223064,CM
,235560,Contig_57441.fasta,0.013099966526343836,3.1782042578357345e-05,0.4507840453461624,CM
,235560,Contig_139085.fasta,0.019712884659060455,7.00037992971951e-05,0.46581765960111154,CM
,235560,Contig_5194.fasta,0.00120399935257429,0.0,0.31541209239589924,CM
,235560,Contig_500498.fasta,0.009639526840559904,1.8306304802938515e-05,0.441428150065393,CM
,235560,Contig_35.fasta,0.0036223105080652315,1.5190999321467586e-06,0.3860675239845846,CM
,235560,Contig_1124667.fasta,0.02123122220906756,9.022574923615926e-05,0.470501597857533,CM
,235560,Contig_800316.fasta,0.0013571350338331383,0.0,0.3311492137787095,CM
,235560,Contig_56028.fasta,0.020093553352497386,7.189798959887112e-05,0.46558590952170803,CM
,235560,Contig_551712.fasta,0.0022276683821147772,4.237788274069957e-07,0.3503660344959315,CM
,235560,Contig_502713.fasta,0.025378478245855506,0.00012606693620206843,0.4750394305272249,CM
,235560,Contig_59610.fasta,0.013339868249325142,3.1789170279358746e-05,0.44862304800509734,CM
,235560,Contig_302604.fasta,0.01518747935080663,4.293521411989448e-05,0.4582897542304766,CM
,235560,Contig_551757.fasta,0.003571582381533972,1.1555895843729799e-06,0.38590832088191057,CM
,235560,Contig_932201.fasta,0.0047891655709160555,2.959265986293296e-06,0.40688159919071004,CM
,235560,Contig_133865.fasta,0.0026391083601158545,8.862062276950504e-07,0.37433107125545323,CM
,235560,Contig_986463.fasta,0.01754014494361814,5.289459636423256e-05,0.45986618090350523,CM
,235560,Contig_545427.fasta,0.0071022114142339785,8.871896788665306e-06,0.4255696580894193,CM
,235560,Contig_62172.fasta,0.014219010912189096,4.172287370209132e-05,0.4582897542304766,CM
,235560,Contig_55436.fasta,0.003483322995152779,1.9193555297006404e-06,0.38750628494353334,CM
,235560,Contig_548295.fasta,0.0032786302810557943,1.1012629567527682e-06,0.37674222147287967,CM
,235560,Contig_550839.fasta,0.0,0.0,0.0,CM
,235560,Contig_370302.fasta,0.017995760965666605,7.086452211881539e-05,0.46955728958285653,CM
,235560,Contig_372074.fasta,0.023404126522350136,0.00010739871708871026,0.4726402414841581,CM
,235560,Contig_553798.fasta,0.02259018680091134,0.00010008915497492076,0.47168733777148847,CM
,235560,Contig_500799.fasta,0.007122323697075739,7.558434879060514e-06,0.42173396941804103,CM
,235560,Contig_54243.fasta,0.026665070693844713,0.0001392782900366943,0.47600594005016944,CM
,235560,Contig_543869.fasta,0.0,0.0,0.0,CM
,235560,Contig_137718.fasta,0.026297533724560913,0.00013542021022434447,0.47600594005016944,CM
,235560,Contig_53716.fasta,0.010625391175930827,2.2788834208174323e-05,0.4449965183731018,CM
,235560,Contig_369798.fasta,0.011832393322029074,2.681282308009405e-05,0.4460570439173656,CM
,235560,Contig_985160.fasta,0.01425876624327619,4.242812406367008e-05,0.4585142960012901,CM
,235560,Contig_56618.fasta,0.01594749488767007,4.620861285654189e-05,0.4578413298134213,CM
,235560,Contig_369421.fasta,0.002294655261321741,6.083441773064102e-07,0.35274318814121114,CM
,235560,Contig_136070.fasta,0.018038826930354808,6.417203969574034e-05,0.4621371250067324,CM
,235560,Contig_547124.fasta,0.0044772799580254305,2.3476808410235207e-06,0.3965371517536581,CM
,235560,Contig_555395.fasta,0.0024344261430216717,5.981914408928656e-07,0.36230262413419784,CM
,235560,Contig_2620.fasta,0.021577386129258625,9.185332393020352e-05,0.47073826868140495,CM
,235560,Contig_990679.fasta,0.0035002696295160494,1.7441298360485328e-06,0.38976579680909335,CM
,235560,Contig_137371.fasta,0.019006758359792562,7.50673219900797e-05,0.4669798793106951,CM
,235560,Contig_200971.fasta,0.004550524469843375,3.4428100746064483e-06,0.39536446055709046,CM
,235560,Contig_55880.fasta,0.023998519903935773,0.00011337145439268504,0.4726402414841581,CM
,235560,Contig_53941.fasta,0.015898525998634967,4.833110947185088e-05,0.45806543227539553,CM
,235560,Contig_54457.fasta,0.004908203844703045,4.605555113478024e-06,0.4099113789481529,CM
,235560,Contig_543587.fasta,0.001130550994151503,0.0,0.3080407103813802,CM
,235560,Contig_132047.fasta,0.001281973326282716,0.0,0.3243770114865279,CM
,235560,Contig_133002.fasta,0.020067853974508224,8.387358280212728e-05,0.470501597857533,CM
,235560,Contig_368235.fasta,0.015536639501457726,4.787292369461846e-05,0.4609988562259276,CM
,235560,Contig_212696.fasta,0.015549110112643826,4.007107160940844e-05,0.4516542848159426,CM
,235560,Contig_428432.fasta,0.02748987527577525,0.0001448736984114311,0.47528068976060595,CM
,235560,Contig_545097.fasta,0.001248187269514987,0.0,0.31939511199270754,CM
,235560,Contig_550773.fasta,0.004856783819116742,4.05438889245447e-06,0.4093734375059637,CM
,235560,Contig_134557.fasta,0.018902192427013704,6.844738434098641e-05,0.4662818525852681,CM
,235560,Contig_370062.fasta,0.012541891867839468,2.519489704651903e-05,0.44478501812672677,CM
,235560,Contig_420336.fasta,0.006113173535592831,7.189744893800619e-06,0.42230490890732536,CM
,235560,Contig_60298.fasta,0.018819330013354466,6.557822371966431e-05,0.4630517952195117,CM
,235560,Contig_424515.fasta,0.001281973326282716,0.0,0.3243770114865279,CM
,235560,Contig_498859.fasta,0.010960980158195827,2.4654607859792206e-05,0.45013356331824583,CM
,235560,Contig_987746.fasta,0.004525566726041881,2.7403334458961726e-06,0.39620138786563636,CM
,235560,Contig_553390.fasta,0.020931124943216625,8.575669727708847e-05,0.46838222129060714,CM
,235560,Contig_54838.fasta,0.024195227552953606,0.00011758024032489094,0.4743171201919073,CM
,235560,Contig_808772.fasta,0.026853037585506227,0.00013742844437426434,0.47600594005016944,CM
,235560,concatenated_maxbin2.1689.fasta,0.12312713525463588,0.02523404354967548,0.43709840174620884,CM
,235560,concatenated_maxbin2.0347.fasta,0.15600387547059857,0.05237208885713594,0.4964603067048452,CM
,235560,concatenated_maxbin2.0432.fasta,0.15360090605633372,0.054463063065096906,0.4917644131049044,CM
,235560,concatenated_maxbin2.0512.fasta,0.1401795420859454,0.03310340420692673,0.46054511719420915,CM
,235560,concatenated_maxbin2.0082.fasta,0.13545808909152282,0.034162781378848935,0.4551691041530317,CM
,235560,concatenated_metabat2.783.fasta,0.10172158792061325,0.01651554882957521,0.4081237148445849,CM
,235560,concatenated_bin.308.fasta,0.1427842513515386,0.04572575941199965,0.4712123253467438,CM
,235560,concatenated_maxbin2.0325.fasta,0.1140641128210688,0.023443144337244634,0.42518295235739806,CM
,235560,concatenated_metabat2.665.fasta,0.144258377031057,0.03958019372082894,0.4714497119086313,CM
,235560,concatenated_maxbin2.0610.fasta,0.141301623856812,0.04073014106059273,0.46838222129060714,CM
,235560,concatenated_maxbin2.0126.fasta,0.14821387121647567,0.04128725903783519,0.4781950322629704,CM
,235560,concatenated_maxbin2.0342.fasta,0.11985291252697627,0.022526831603051432,0.4312569945339323,CM
,235560,concatenated_bin.737.fasta,0.15301956415440676,0.04242678728444835,0.4869030583447623,CM
,235560,concatenated_bin.182.fasta,0.11196706882744617,0.020556281321178538,0.42135419997236967,CM
,235560,concatenated_maxbin2.0908.fasta,0.15506021006897558,0.052805116514235285,0.4954090408356978,CM
,235560,concatenated_maxbin2.1011.fasta,0.14955279614234557,0.04608792983350814,0.48040435222722433,CM
,235560,concatenated_metabat2.358.fasta,0.12986740128169527,0.030763539328644934,0.44797878321619583,CM
,235560,concatenated_maxbin2.0541.fasta,0.14698718012357542,0.04409829007584208,0.4781950322629704,CM
,235560,concatenated_bin.204.fasta,0.12265192045388237,0.026068662340081636,0.43669047043333326,CM
,235560,concatenated_metabat2.164.fasta,0.12829925412247326,0.029082675692797308,0.44584453460630447,CM
,235560,concatenated_maxbin2.0329.fasta,0.1326514001219784,0.032919286665680766,0.453185316289895,CM
,235560,concatenated_bin.240.fasta,0.13624406020408397,0.030641362548925227,0.45450591458894274,CM
,235560,concatenated_metabat2.793.fasta,0.14820436617156843,0.05298277788253566,0.4843828561794167,CM
,235560,concatenated_maxbin2.0177.fasta,0.13947830778965853,0.03857814932187071,0.4630517952195117,CM
,235560,concatenated_metabat2.147.fasta,0.1474248067209984,0.045876007651958546,0.4779508059952161,CM
,235560,concatenated_maxbin2.0272.fasta,0.16260648062157287,0.05842589445124352,0.5074987408560917,CM
