Method,Number of Swaps,Node,Eigenvector Centrality,Betweenness Centrality,Closeness Centrality,Methods
,235560,Contig_60400.fasta,0.02126265917845364,8.529948930754546e-05,0.4669798793106951,CM
,235560,Contig_303000.fasta,0.013859438605925856,3.664978163670622e-05,0.4542852806498219,CM
,235560,Contig_58480.fasta,0.0038070373026537043,1.9850895547105534e-06,0.39788591757594943,CM
,235560,Contig_547953.fasta,0.019265405379251307,6.847314835232468e-05,0.4632810287815015,CM
,235560,Contig_501261.fasta,0.013828997367482405,3.424419820067576e-05,0.4523091726141291,CM
,235560,Contig_59812.fasta,0.019728347682750013,7.617142122871653e-05,0.4674463926766399,CM
,235560,Contig_137842.fasta,0.027000370804164668,0.00014591998399687982,0.4779508059952161,CM
,235560,Contig_305555.fasta,0.019620913628920256,6.968486005698856e-05,0.464200237171941,CM
,235560,Contig_1064437.fasta,0.019643540951112103,7.424697864746497e-05,0.4662818525852681,CM
,235560,Contig_302768.fasta,0.005200203980934852,4.299404602551794e-06,0.41481723321747915,CM
,235560,Contig_308773.fasta,0.010628186810333994,2.071325541616957e-05,0.44542012286465166,CM
,235560,Contig_548846.fasta,0.0013467497923693175,0.0,0.3311492137787095,CM
,235560,Contig_367992.fasta,0.004764617001723755,4.17224527386775e-06,0.41045073602571625,CM
,235560,Contig_2515.fasta,0.020363920141524744,8.202062434134752e-05,0.46861676421564,CM
,235560,Contig_139114.fasta,0.024591034860987213,0.0001211345226891099,0.4743171201919073,CM
,235560,Contig_1118110.fasta,0.021356685543826897,9.091334445726504e-05,0.47168733777148847,CM
,235560,Contig_499911.fasta,0.0229350823432844,0.00010331672441142375,0.4714497119086313,CM
,235560,Contig_552124.fasta,0.0,0.0,0.0,CM
,235560,Contig_133566.fasta,0.015949149557468918,4.5387279431009836e-05,0.4567240986523344,CM
,235560,Contig_131655.fasta,0.004940979841451793,3.6950830040455833e-06,0.40670477102939295,CM
,235560,Contig_550217.fasta,0.006936497124869858,7.586982008473712e-06,0.42173396941804103,CM
,235560,Contig_1065858.fasta,0.020131271672290525,7.943441957340704e-05,0.46838222129060714,CM
,235560,Contig_502682.fasta,0.004181516626820462,2.566396816661484e-06,0.39303976402294544,CM
,235560,Contig_59781.fasta,0.00910963246885505,1.413417531849358e-05,0.4362832998315306,CM
,235560,Contig_544167.fasta,0.019416841605659225,7.117133714877247e-05,0.46489204080408997,CM
,235560,Contig_500923.fasta,0.004388429033753649,2.2762543895053553e-06,0.39205181321266575,CM
,235560,Contig_53423.fasta,0.008183376337683873,1.2085963165275804e-05,0.4312569945339323,CM
,235560,Contig_54970.fasta,0.009293650051115857,1.3820373275206656e-05,0.4348641627038258,CM
,235560,Contig_371293.fasta,0.025660281356249134,0.00012706577508322844,0.47528068976060595,CM
,235560,Contig_368039.fasta,0.011708327970716179,2.873200176306846e-05,0.4481933324418741,CM
,235560,Contig_139681.fasta,0.008401936999062725,1.229226790403054e-05,0.4324527163302371,CM
,235560,Contig_139250.fasta,0.007062240660402534,9.88514923981124e-06,0.42634518366224744,CM
,235560,Contig_55970.fasta,0.02084134217228273,7.991735484865548e-05,0.4665142961807742,CM
,235560,Contig_370642.fasta,0.0069379267310824754,9.166931318531903e-06,0.42211442405892335,CM
,235560,Contig_424505.fasta,0.014776853251362774,4.177316664452982e-05,0.4567240986523344,CM
,235560,Contig_1064106.fasta,0.008626203985261156,1.2164889375912366e-05,0.4338561326558336,CM
,235560,Contig_53687.fasta,0.002136252253083483,5.198806164649174e-07,0.34443418407752413,CM
,235560,Contig_988292.fasta,0.010295456471969265,1.70573896889391e-05,0.43669047043333326,CM
,235560,Contig_2.fasta,0.004114152273408955,2.5752785751696633e-06,0.387827467110913,CM
,235560,Contig_55746.fasta,0.003315857530537407,1.4138979170992031e-06,0.38259512597654666,CM
,235560,Contig_370874.fasta,0.01663086141432101,5.4595777724750955e-05,0.4609988562259276,CM
,235560,Contig_62202.fasta,0.020827777410198325,8.407044032687097e-05,0.4688515421536238,CM
,235560,Contig_131826.fasta,0.019620784246955576,7.571978680376084e-05,0.46767999906978164,CM
,235560,Contig_60972.fasta,0.01886774452565801,6.641122435601333e-05,0.4637401774720679,CM
,235560,Contig_502426.fasta,0.011061064973651604,2.5553888797402912e-05,0.4510012906692208,CM
,235560,Contig_302574.fasta,0.009519984425822537,1.5974335237237885e-05,0.4389435638548935,CM
,235560,Contig_369922.fasta,0.027914307728626256,0.0001527381238431659,0.4779508059952161,CM
,235560,Contig_56774.fasta,0.002480829220254634,6.374924290040469e-07,0.36441887777984155,CM
,235560,Contig_53586.fasta,0.01866814546922962,6.774578263623168e-05,0.46512310046651745,CM
,235560,Contig_305448.fasta,0.020097265980815165,7.79053116697081e-05,0.46791383906931655,CM
,235560,Contig_423780.fasta,0.02037374056086416,7.996603570660105e-05,0.4660496405072874,CM
,235560,Contig_368225.fasta,0.02241121648340068,9.850630110032966e-05,0.4714497119086313,CM
,235560,Contig_498426.fasta,0.024131144523580096,0.00010982769187500872,0.4721633088489572,CM
,235560,Contig_543905.fasta,0.005974406495491889,5.892858648271677e-06,0.41536958639087135,CM
,235560,Contig_799449.fasta,0.014512328321339047,4.1714733326577353e-05,0.4542852806498219,CM
,235560,Contig_307703.fasta,0.022108991158853872,9.382989702997971e-05,0.47026516489378545,CM
,235560,Contig_135212.fasta,0.02431657089565008,0.00011921231100012878,0.4745576461149255,CM
,235560,Contig_542656.fasta,0.01834032355676076,5.9480010930492324e-05,0.46122606118217496,CM
,235560,Contig_368570.fasta,0.00700388548474363,7.746396206109015e-06,0.421924110973234,CM
,235560,Contig_58171.fasta,0.01994337553084026,7.5677372611866e-05,0.4674463926766399,CM
,235560,Contig_989217.fasta,0.02048343024789423,7.862505556294127e-05,0.4674463926766399,CM
,235560,Contig_24573992.fasta,0.0012742122393469427,0.0,0.3243770114865279,CM
,235560,Contig_422441.fasta,0.0013088239869547679,0.0,0.32641356056457377,CM
,235560,Contig_58619.fasta,0.010905586384133014,2.4368827369308693e-05,0.44797878321619583,CM
,235560,Contig_55786.fasta,0.02201620388699661,9.610296721211998e-05,0.4724016547898198,CM
,235560,Contig_84.fasta,0.00912669508467615,1.4764483211023567e-05,0.433454227947491,CM
,235560,Contig_302648.fasta,0.0056727392442220605,4.636351420401421e-06,0.409552594371393,CM
,235560,Contig_56021.fasta,0.004740982605440312,3.2791335727334097e-06,0.4072357172056715,CM
,235560,Contig_500040.fasta,0.024431610713779518,0.0001109252193133439,0.4721633088489572,CM
,235560,Contig_1066208.fasta,0.016479895975096543,4.6615895887364673e-05,0.45806543227539553,CM
,235560,Contig_56448.fasta,0.006183357200028879,6.865895499010288e-06,0.4246042096817754,CM
,235560,Contig_211575.fasta,0.0025560156839501197,5.704766054816165e-07,0.36916279216514125,CM
,235560,Contig_58270.fasta,0.02774114693548215,0.0001523474583236608,0.4779508059952161,CM
,235560,Contig_501846.fasta,0.02303252338090814,0.0001022547758725961,0.4712123253467438,CM
,235560,Contig_542512.fasta,0.011621940920892715,2.39372902935367e-05,0.44669578908765306,CM
,235560,Contig_134156.fasta,0.01721949529855674,5.3584030696508826e-05,0.46009227047130435,CM
,235560,Contig_24575311.fasta,0.004171996717052806,2.5082699932035256e-06,0.39074224556936665,CM
,235560,Contig_56365.fasta,0.02401808014863075,0.00010940019210139239,0.47168733777148847,CM
,235560,Contig_24577067.fasta,0.01523283829311063,4.354977956914854e-05,0.45806543227539553,CM
,235560,Contig_302549.fasta,0.021077455102619824,8.26695237777533e-05,0.46838222129060714,CM
,235560,Contig_61598.fasta,0.017899197443147306,5.986320567551444e-05,0.4621371250067324,CM
,235560,Contig_57982.fasta,0.02000626182353007,7.569733603075299e-05,0.4662818525852681,CM
,235560,Contig_367952.fasta,0.017014374922290076,5.468846379854391e-05,0.4619090217860973,CM
,235560,Contig_548080.fasta,0.010045586453326549,1.7586513737593428e-05,0.4389435638548935,CM
,235560,Contig_55623.fasta,0.017375913935928956,5.813789152745308e-05,0.46259400797757444,CM
,235560,Contig_56982.fasta,0.025062297196993592,0.00012716492025807193,0.47624818225884635,CM
,235560,Contig_1066315.fasta,0.010401507919349219,2.0762118087138486e-05,0.44457371883070457,CM
,235560,Contig_369802.fasta,0.023100748455692797,0.00010362706872412008,0.47168733777148847,CM
,235560,Contig_132276.fasta,0.019722648293511637,7.691681646854966e-05,0.4669798793106951,CM
,235560,Contig_985545.fasta,0.02115800544156111,8.189721591050332e-05,0.4669798793106951,CM
,235560,Contig_56278.fasta,0.0,0.0,0.0,CM
,235560,Contig_61852.fasta,0.019766081014106388,7.854505333602286e-05,0.4681479130258295,CM
,235560,Contig_985500.fasta,0.01867324045609585,6.521591574435112e-05,0.4630517952195117,CM
,235560,Contig_499607.fasta,0.015329012833392091,4.6019745527687715e-05,0.4596403134276194,CM
,235560,Contig_2240.fasta,0.02214821896203765,9.550253781472337e-05,0.47026516489378545,CM
,235560,Contig_370216.fasta,0.010791107336596094,2.147830608241383e-05,0.4460570439173656,CM
,235560,Contig_309063.fasta,0.023132205346590815,0.00010292069241080635,0.47168733777148847,CM
,235560,Contig_57285.fasta,0.012012774257086656,2.9342253080977725e-05,0.4507840453461624,CM
,235560,Contig_3691.fasta,0.00821928471102497,1.1810384042426856e-05,0.4308598886457795,CM
,235560,Contig_59029.fasta,0.022792057985264992,0.00010005437392135651,0.46955728958285653,CM
,235560,Contig_3240.fasta,0.012820293795751793,3.105582313504414e-05,0.4518723699365684,CM
,235560,Contig_56285.fasta,0.02210553897475127,9.713253477078003e-05,0.47097517772452596,CM
,235560,Contig_371253.fasta,0.027697625187105543,0.0001530522714961425,0.4779508059952161,CM
,235560,Contig_1263041.fasta,0.007074816644998862,8.367163339570557e-06,0.4277091764801797,CM
,235560,Contig_138129.fasta,0.02144108998242178,8.754279536204216e-05,0.46861676421564,CM
,235560,Contig_302755.fasta,0.010764865322155226,2.1340827752011176e-05,0.4439410237849303,CM
,235560,Contig_544576.fasta,0.0120184286265129,2.904800255830123e-05,0.4505670092145561,CM
,235560,Contig_278.fasta,0.0010191617647970488,0.0,0.2994648570043626,CM
,235560,Contig_131695.fasta,0.022409807924299054,9.837485428504363e-05,0.4712123253467438,CM
,235560,Contig_548245.fasta,0.0022886679709688924,4.935376060460528e-07,0.35314252005231433,CM
,235560,Contig_1065632.fasta,0.005616201269933472,5.634559839909332e-06,0.409552594371393,CM
,235560,Contig_55072.fasta,0.021519748156637597,9.272595681388183e-05,0.47097517772452596,CM
,235560,Contig_204149.fasta,0.009533301157743425,1.5756472793562513e-05,0.4389435638548935,CM
,235560,Contig_369610.fasta,0.005027212840107038,3.986224250664746e-06,0.41335144794109235,CM
,235560,Contig_498487.fasta,0.014886564579632403,4.066511260334677e-05,0.4558342319233478,CM
,235560,Contig_201047.fasta,0.008042067136759255,1.2156508344892847e-05,0.4316548330897754,CM
,235560,Contig_136690.fasta,0.011641816725488184,2.354851851869316e-05,0.4469091108589461,CM
,235560,Contig_550313.fasta,0.01968771771421469,7.338406605544222e-05,0.4665142961807742,CM
,235560,Contig_60291.fasta,0.010765164003041576,2.2080781173808103e-05,0.44457371883070457,CM
,235560,Contig_370828.fasta,0.01712638928155648,5.0257580442869215e-05,0.4589640402837828,CM
,235560,Contig_139853.fasta,0.0021303453778538928,4.517965674520024e-07,0.3476328670648711,CM
,235560,Contig_57005.fasta,0.005064392570885108,4.422649385903532e-06,0.4137169222540376,CM
,235560,Contig_1062860.fasta,0.007025236019948716,8.175516873398722e-06,0.4230685705870855,CM
,235560,Contig_543959.fasta,0.0,0.0,0.0,CM
,235560,Contig_53626.fasta,0.017745234421154374,5.960564543372862e-05,0.4637401774720679,CM
,235560,Contig_54373.fasta,0.02238837938799084,9.896884447354233e-05,0.4726402414841581,CM
,235560,Contig_549101.fasta,0.0,0.0,0.0,CM
,235560,Contig_371402.fasta,0.02302307638809614,9.94615818981762e-05,0.4700289694317595,CM
,235560,Contig_421838.fasta,0.003081438747517408,1.1762818410435576e-06,0.3652723177746421,CM
,235560,Contig_1128005.fasta,0.0,0.0,0.0,CM
,235560,Contig_368554.fasta,0.020387887312814053,8.193204238357113e-05,0.4700289694317595,CM
,235560,Contig_58584.fasta,0.01897908528411556,7.425576147067078e-05,0.46932180448276484,CM
,235560,Contig_368185.fasta,0.01684884260297631,5.776475696554156e-05,0.4637401774720679,CM
,235560,Contig_707918.fasta,0.016206426402436577,4.91519268998294e-05,0.46009227047130435,CM
,235560,Contig_992623.fasta,0.020716376897538843,8.374656528516137e-05,0.4688515421536238,CM
,235560,Contig_1062938.fasta,0.016112446540837426,5.0347050990013147e-05,0.4591892434438828,CM
,235560,Contig_133910.fasta,0.006867640695436477,8.443681542283762e-06,0.42345143807177965,CM
,235560,Contig_136735.fasta,0.017764581782039802,6.285478944954323e-05,0.4644306094980809,CM
,235560,Contig_133582.fasta,0.028642288497947713,0.00015933676553435533,0.4781950322629704,CM
,235560,Contig_303771.fasta,0.02506261208118475,0.000123234769015374,0.47383679905753573,CM
,235560,Contig_542493.fasta,0.017180864060706954,5.217459172155933e-05,0.4582897542304766,CM
,235560,Contig_370277.fasta,0.02006128040949815,7.832292615462906e-05,0.4669798793106951,CM
,235560,Contig_422210.fasta,0.017587901489184685,5.876250958406252e-05,0.4623654536258069,CM
,235560,Contig_53810.fasta,0.012263137573817312,2.5000298948323373e-05,0.44478501812672677,CM
,235560,Contig_54994.fasta,0.028885622911931075,0.00016258187013022953,0.478439508250835,CM
,235560,Contig_54506.fasta,0.017755131885591236,6.141104093476325e-05,0.4637401774720679,CM
,235560,Contig_24570062.fasta,0.0038553865887049348,2.4211204037954444e-06,0.40164278031700995,CM
,235560,Contig_502567.fasta,0.020067277116464197,7.93300414393808e-05,0.46932180448276484,CM
,235560,Contig_985561.fasta,0.017089358809880825,5.569456243626655e-05,0.46122606118217496,CM
,235560,Contig_54969.fasta,0.0012026665282204496,0.0,0.31541209239589924,CM
,235560,Contig_135393.fasta,0.02658226645783553,0.00013988026047813965,0.47673340710067913,CM
,235560,Contig_132217.fasta,0.015938859821304434,4.762978972467132e-05,0.4594146677165602,CM
,235560,Contig_61833.fasta,0.021411903309632673,9.114471591616749e-05,0.4712123253467438,CM
,235560,Contig_499666.fasta,0.0,0.0,0.0,CM
,235560,Contig_62792.fasta,0.009471408734542733,1.5897192939606024e-05,0.4381215721622814,CM
,235560,Contig_1065841.fasta,0.02773213020693494,0.00015104706496027717,0.4774631010911394,CM
,235560,Contig_134869.fasta,0.008375504773015354,1.22458659830227e-05,0.43506633107328363,CM
,235560,Contig_555468.fasta,0.008491394035333681,1.3672187432422102e-05,0.4368943408677092,CM
,235560,Contig_367976.fasta,0.0,0.0,0.0,CM
,235560,Contig_55642.fasta,0.003600188286539998,1.280656091745093e-06,0.38322181741958766,CM
,235560,Contig_58349.fasta,0.010584644542130591,2.0208257807103895e-05,0.4422626078159892,CM
,235560,Contig_136319.fasta,0.017362555979240565,5.552896893670837e-05,0.46077187500671246,CM
,235560,Contig_131609.fasta,0.020313603960952945,8.014113299602038e-05,0.46908655545796146,CM
,235560,Contig_420267.fasta,0.019772361744557657,7.667594765187474e-05,0.46721301954000655,CM
,235560,Contig_368748.fasta,0.021183146263846788,9.167526447345435e-05,0.47097517772452596,CM
,235560,Contig_1065496.fasta,0.024687993890959863,0.0001222858152242632,0.47576394414775447,CM
,235560,Contig_2120.fasta,0.008352952376644256,1.180831647189798e-05,0.4316548330897754,CM
,235560,Contig_368399.fasta,0.016249364344282168,4.773325945312302e-05,0.4594146677165602,CM
,235560,Contig_367933.fasta,0.008447356029525824,1.474812369147145e-05,0.43730265333580987,CM
,235560,Contig_24566365.fasta,0.0012687752965836248,0.0,0.3222547101028351,CM
,235560,Contig_985209.fasta,0.011842451574391387,2.624478360082637e-05,0.4481933324418741,CM
,235560,Contig_371176.fasta,0.022924375020236983,0.0001035165655039165,0.4712123253467438,CM
,235560,Contig_138521.fasta,0.0034933617814981205,1.7093596221983918e-06,0.388310239891549,CM
,235560,Contig_54607.fasta,0.024791772325184553,0.00012183355758653415,0.4755221941761347,CM
,235560,Contig_1063557.fasta,0.011921268042818624,2.6793737173086407e-05,0.4488382149345962,CM
,235560,Contig_137319.fasta,0.017336373249430187,5.660635596628906e-05,0.4616811436303074,CM
,235560,Contig_53407.fasta,0.009832620906939114,1.7072428142067204e-05,0.4428905244385391,CM
,235560,Contig_1062202.fasta,0.017150062396040847,5.390505072909868e-05,0.4609988562259276,CM
,235560,Contig_422644.fasta,0.021770126302424402,9.019936775131065e-05,0.46908655545796146,CM
,235560,Contig_991144.fasta,0.025406721005599136,0.00012738121073522954,0.47528068976060595,CM
,235560,Contig_500942.fasta,0.017610003362522872,6.04484957971401e-05,0.4639700932764666,CM
,235560,Contig_553943.fasta,0.007071894190286862,8.538220137565164e-06,0.4249898629149106,CM
,235560,Contig_137361.fasta,0.02342163417036733,0.00010829494595914307,0.4735970031065957,CM
,235560,Contig_551233.fasta,0.001236176208037767,0.0,0.31830873406075955,CM
,235560,Contig_54682.fasta,0.0,0.0,0.0,CM
,235560,Contig_53743.fasta,0.012839472139353467,3.166815806105252e-05,0.4512187454863226,CM
,235560,Contig_138130.fasta,0.008155243076825965,1.0345634580018744e-05,0.42987031609491644,CM
,235560,Contig_59389.fasta,0.003150864451586433,1.1497971701344024e-06,0.36858120446578696,CM
,235560,Contig_1194793.fasta,0.01548286112000673,4.737583353949897e-05,0.46054511719420915,CM
,235560,Contig_62383.fasta,0.02660924813441455,0.00013948930235866238,0.47673340710067913,CM
,235560,Contig_58030.fasta,0.01774186971263579,6.09509006759679e-05,0.4637401774720679,CM
,235560,Contig_930757.fasta,0.01175051453011925,2.5395008611784978e-05,0.4484080872729435,CM
,235560,Contig_368431.fasta,0.02543701002753068,0.00012483341960163564,0.4745576461149255,CM
,235560,Contig_990245.fasta,0.02683620938606972,0.00014179506573834617,0.47649067115001686,CM
,235560,Contig_985135.fasta,0.017878890897852925,5.774380519142421e-05,0.4630517952195117,CM
,235560,Contig_368201.fasta,0.0010308778253635793,0.0,0.299656637252204,CM
,235560,Contig_136281.fasta,0.021856835644841567,8.751092194136301e-05,0.46791383906931655,CM
,235560,Contig_547390.fasta,0.017145659874897665,5.586291945536665e-05,0.4616811436303074,CM
,235560,Contig_369244.fasta,0.012818618089594497,3.205599433903825e-05,0.4512187454863226,CM
,235560,Contig_4654.fasta,0.020110134119651728,7.930286221191259e-05,0.46861676421564,CM
,235560,Contig_57750.fasta,0.009400125101091677,1.7256405926987884e-05,0.4420536977508895,CM
,235560,Contig_370786.fasta,0.0031058343538790537,1.2245074394427347e-06,0.36872642952664814,CM
,235560,Contig_552788.fasta,0.003489653179507586,1.7561599995964938e-06,0.38559030825654433,CM
,235560,Contig_372448.fasta,0.023416104720899916,0.00011001650652636764,0.4735970031065957,CM
,235560,Contig_499703.fasta,0.009527715736442408,1.6532034166669667e-05,0.44018235095890546,CM
,235560,Contig_62226.fasta,0.025448919371495845,0.00012552370555453005,0.4745576461149255,CM
,235560,Contig_368906.fasta,0.009370937006536663,1.4723670566451698e-05,0.4381215721622814,CM
,235560,Contig_543263.fasta,0.02099959464793368,8.430368976648157e-05,0.46838222129060714,CM
,235560,Contig_551403.fasta,0.0,0.0,0.0,CM
,235560,Contig_423759.fasta,0.002299957153328799,5.685190318280329e-07,0.3544801811131186,CM
,235560,Contig_310330.fasta,0.0200563945805404,8.009141608781289e-05,0.4688515421536238,CM
,235560,Contig_61150.fasta,0.0214683965660233,8.433969570441173e-05,0.4662818525852681,CM
,235560,Contig_500731.fasta,0.02203722948307927,9.630948293261109e-05,0.471925203297344,CM
,235560,Contig_710339.fasta,0.024818046977244452,0.0001215581480026145,0.4750394305272249,CM
,235560,Contig_137986.fasta,0.0037904402409387936,1.8889203859134655e-06,0.39503067882593207,CM
,235560,Contig_56080.fasta,0.01866494795931925,6.811258757589789e-05,0.46558590952170803,CM
,235560,Contig_549184.fasta,0.01722823646999593,5.471794761909711e-05,0.4609988562259276,CM
,235560,Contig_54762.fasta,0.0023946913305265224,6.42140440768924e-07,0.36076625988382155,CM
,235560,Contig_25.fasta,0.019500252783832755,7.530164389547107e-05,0.4674463926766399,CM
,235560,Contig_1197505.fasta,0.014343908975180328,4.171480654716034e-05,0.45694710846612946,CM
,235560,Contig_57080.fasta,0.009535252612203003,1.6600908734285263e-05,0.4395620846118521,CM
,235560,Contig_370487.fasta,0.017468861131199557,5.802848907921191e-05,0.4621371250067324,CM
,235560,Contig_24576382.fasta,0.025432058759042534,0.0001289041680190474,0.4755221941761347,CM
,235560,Contig_1067254.fasta,0.0024768787675673925,7.082073168677011e-07,0.3652723177746421,CM
,235560,Contig_131537.fasta,0.013346491979193315,3.27088912920476e-05,0.45450591458894274,CM
,235560,Contig_370248.fasta,0.015643946316076813,4.8162545025230646e-05,0.4609988562259276,CM
,235560,Contig_555756.fasta,0.020216587974545095,7.465156568423588e-05,0.46535438992473055,CM
,235560,Contig_928928.fasta,0.02189022657147294,9.172563588124471e-05,0.46955728958285653,CM
,235560,Contig_307640.fasta,0.022228700479840498,9.768846209646392e-05,0.4721633088489572,CM
,235560,Contig_554387.fasta,0.0013467497923693175,0.0,0.3311492137787095,CM
,235560,Contig_621002.fasta,0.01269594946690112,2.937440107736198e-05,0.44905358835826925,CM
,235560,Contig_1271583.fasta,0.0230797287602262,9.897110699185227e-05,0.470501597857533,CM
,235560,Contig_54680.fasta,0.015406476561643458,4.362274388144389e-05,0.4582897542304766,CM
,235560,Contig_53390.fasta,0.022749255315012196,9.997741889690457e-05,0.47097517772452596,CM
,235560,Contig_56162.fasta,0.020980458575534756,8.469962418548494e-05,0.4688515421536238,CM
,235560,Contig_2576.fasta,0.007230149348405226,9.475146237702217e-06,0.4277091764801797,CM
,235560,Contig_795410.fasta,0.014374700608373021,3.9270278603995934e-05,0.4551691041530317,CM
,235560,Contig_552102.fasta,0.002362092241980664,4.2592495097327347e-07,0.3565057821480507,CM
,235560,Contig_542414.fasta,0.006927408934051988,8.087919564590361e-06,0.42634518366224744,CM
,235560,Contig_58376.fasta,0.01557645560318554,4.4263477561013066e-05,0.45561230678609205,CM
,235560,Contig_1062568.fasta,0.019873571215398397,7.6209683136092e-05,0.466746971640216,CM
,235560,Contig_991597.fasta,0.008351889485266658,1.1200975558734735e-05,0.433454227947491,CM
,235560,Contig_542451.fasta,0.017473855782877332,6.364554683168575e-05,0.46489204080408997,CM
,235560,Contig_369777.fasta,0.0025151799598495846,7.375079935481787e-07,0.364702914317472,CM
,235560,Contig_543886.fasta,0.022853604776679384,0.00010427115561838986,0.4731181385938489,CM
,235560,Contig_371149.fasta,0.024538832495018124,0.00012200539356637671,0.47576394414775447,CM
,235560,Contig_987903.fasta,0.021903215456857066,9.635211749255606e-05,0.47097517772452596,CM
,235560,Contig_135856.fasta,0.01521581458774797,3.852473626278144e-05,0.45362466220971065,CM
,235560,Contig_985989.fasta,0.024416316994432505,0.00011855392793548727,0.47407683796283334,CM
,235560,Contig_1993.fasta,0.004781417998179805,3.5429719625144615e-06,0.4090155935920599,CM
,235560,Contig_1061935.fasta,0.008441027115209082,1.2418552436845915e-05,0.43506633107328363,CM
,235560,Contig_24577161.fasta,0.026508776840964175,0.00014062433215323368,0.4772196216923167,CM
,235560,Contig_308454.fasta,0.02577057652853215,0.00012878086820262462,0.47528068976060595,CM
,235560,Contig_1066423.fasta,0.022420183200863194,0.00010075993129995076,0.4726402414841581,CM
,235560,Contig_498288.fasta,0.019485858550298843,7.102198847702831e-05,0.46466121059515053,CM
,235560,Contig_544629.fasta,0.0022848071553727384,4.600462727624363e-07,0.3519472275812836,CM
,235560,Contig_131958.fasta,0.0,0.0,0.0,CM
,235560,Contig_60849.fasta,0.02545705199573237,0.0001249042419040943,0.4743171201919073,CM
,235560,Contig_57263.fasta,0.01643157455075319,5.2586452394874865e-05,0.46122606118217496,CM
,235560,Contig_54725.fasta,0.022200639887073652,9.401168196298541e-05,0.470501597857533,CM
,235560,Contig_62.fasta,0.0010308778253635793,0.0,0.299656637252204,CM
,235560,Contig_27.fasta,0.007929918782676805,9.972793929239824e-06,0.42576327485834076,CM
,235560,Contig_57082.fasta,0.015255326042733037,4.294854080216238e-05,0.4589640402837828,CM
,235560,Contig_499069.fasta,0.017557938133276402,6.325992436272533e-05,0.46466121059515053,CM
,235560,Contig_24566202.fasta,0.010660936046648441,2.0996583786157145e-05,0.44478501812672677,CM
,235560,Contig_58991.fasta,0.014202205803440018,3.962154100017642e-05,0.45605637336190696,CM
,235560,Contig_55008.fasta,0.018562551824066423,6.518965010316653e-05,0.464200237171941,CM
,235560,Contig_420468.fasta,0.019509312820298618,6.804669192297728e-05,0.4637401774720679,CM
,235560,Contig_550444.fasta,0.024248752771049827,0.00011019111619286116,0.4726402414841581,CM
,235560,Contig_554267.fasta,0.019824065641595646,7.696194673963828e-05,0.4674463926766399,CM
,235560,Contig_498701.fasta,0.010857078165926428,2.219991624562191e-05,0.44648267086766846,CM
,235560,Contig_985894.fasta,0.014967022385839017,4.22783509114595e-05,0.4578413298134213,CM
,235560,Contig_54008.fasta,0.02081456613141148,8.835624920117782e-05,0.4700289694317595,CM
,235560,Contig_544318.fasta,0.0012161291633998408,0.0,0.31841703917612557,CM
,235560,Contig_705467.fasta,0.0,0.0,0.0,CM
,235560,Contig_54461.fasta,0.013351503929688499,3.250618145597989e-05,0.4505670092145561,CM
,235560,Contig_370355.fasta,0.021575745663717786,9.40587224134114e-05,0.47168733777148847,CM
,235560,Contig_993069.fasta,0.023738777692653933,0.00010979193340476951,0.47383679905753573,CM
,235560,Contig_994211.fasta,0.029916500737294658,0.00017516878539190612,0.4794199170792178,CM
,235560,Contig_60682.fasta,0.010476907256064587,2.069084428195011e-05,0.4439410237849303,CM
,235560,Contig_131793.fasta,0.012788013369890501,2.988117127594954e-05,0.44905358835826925,CM
,235560,Contig_136283.fasta,0.023931592947728255,0.00011382368744459639,0.47383679905753573,CM
,235560,Contig_1062059.fasta,0.018280674943386428,6.152284605755039e-05,0.4630517952195117,CM
,235560,Contig_499445.fasta,0.00600657447072103,5.85313913977566e-06,0.41815356485193617,CM
,235560,Contig_1062488.fasta,0.015255162905548425,4.664949070072837e-05,0.45873905791109465,CM
,235560,Contig_307035.fasta,0.015751343857733087,4.8412675210948714e-05,0.4582897542304766,CM
,235560,Contig_137283.fasta,0.0021029897547260065,4.2757967369653356e-07,0.34241773806755693,CM
,235560,Contig_137617.fasta,0.024562181254076502,0.00011919404867493775,0.4743171201919073,CM
,235560,Contig_794674.fasta,0.0,0.0,0.0,CM
,235560,Contig_135234.fasta,0.020835246826085285,8.148321443467899e-05,0.46791383906931655,CM
,235560,Contig_369513.fasta,0.006049906935795808,6.023630525774219e-06,0.41815356485193617,CM
,235560,Contig_498784.fasta,0.016222220307927866,4.846186201938137e-05,0.45806543227539553,CM
,235560,Contig_542670.fasta,0.0010308778253635793,0.0,0.299656637252204,CM
,235560,Contig_62635.fasta,0.02284994022503995,9.873139092111545e-05,0.46979301111377164,CM
,235560,Contig_136944.fasta,0.015173430100939368,4.5361814173754614e-05,0.4589640402837828,CM
,235560,Contig_501322.fasta,0.0012344245569886742,0.0,0.31939511199270754,CM
,235560,Contig_55419.fasta,0.018983887655857595,7.014691792432058e-05,0.466746971640216,CM
,235560,Contig_55334.fasta,0.016911782699911598,5.789108051208847e-05,0.46489204080408997,CM
,235560,Contig_139851.fasta,0.023303938255112275,0.00010547716609966074,0.4721633088489572,CM
,235560,Contig_5146.fasta,0.006848969166072689,7.49631113637581e-06,0.42383499915698963,CM
,235560,Contig_139057.fasta,0.02563222163216411,0.00012823268715054067,0.47576394414775447,CM
,235560,Contig_133009.fasta,0.0011864966940946407,0.0,0.31403613360356813,CM
,235560,Contig_371892.fasta,0.010155292816504973,2.0401153847481365e-05,0.441428150065393,CM
,235560,Contig_53661.fasta,0.014170074468249116,3.8456740278300756e-05,0.45694710846612946,CM
,235560,Contig_135135.fasta,0.002248798106463283,4.1854502535355447e-07,0.35115485108391487,CM
,235560,Contig_707468.fasta,0.0022478532759488217,4.359328848277126e-07,0.35075999930233626,CM
,235560,Contig_623155.fasta,0.02219193893410236,9.514709534207258e-05,0.47026516489378545,CM
,235560,Contig_426668.fasta,0.018483011425365937,6.215716777232402e-05,0.4621371250067324,CM
,235560,Contig_987025.fasta,0.012020205646416975,2.627074996438311e-05,0.44905358835826925,CM
,235560,Contig_499011.fasta,0.016538774746072023,5.127108001808348e-05,0.4609988562259276,CM
,235560,Contig_501860.fasta,0.017721700171157873,6.041700012902854e-05,0.4632810287815015,CM
,235560,Contig_993478.fasta,0.024264837766371457,0.00011269913329843186,0.4726402414841581,CM
,235560,Contig_57792.fasta,0.020731439359789862,8.572391947930463e-05,0.46932180448276484,CM
,235560,Contig_55876.fasta,0.014051531978231542,3.87128870459657e-05,0.45561230678609205,CM
,235560,Contig_420410.fasta,0.002329103363708386,5.389223472712039e-07,0.3571861366941348,CM
,235560,Contig_548202.fasta,0.009901994797280407,1.81671096483269e-05,0.4452082198566285,CM
,235560,Contig_54035.fasta,0.0148756032458586,4.090308054933171e-05,0.4571703361693371,CM
,235560,Contig_56306.fasta,0.006964777853975007,8.324584824879457e-06,0.42441164541434606,CM
,235560,Contig_138787.fasta,0.024684148023975234,0.00011612809014926529,0.4735970031065957,CM
,235560,Contig_367974.fasta,0.004748550050236833,3.514497405063918e-06,0.40476975698037765,CM
,235560,Contig_370972.fasta,0.011542427538439107,2.2493297956543068e-05,0.4437305254332068,CM
,235560,Contig_550249.fasta,0.02552987099488385,0.00012582955299864117,0.4743171201919073,CM
,235560,Contig_2122.fasta,0.004805450721178242,3.163781875488497e-06,0.4045947592471392,CM
,235560,Contig_1211.fasta,0.010670056490652823,2.143600904233044e-05,0.44542012286465166,CM
,235560,Contig_990613.fasta,0.016390974842953068,5.311580820830164e-05,0.4619090217860973,CM
,235560,Contig_59466.fasta,0.02434579866422606,0.00011728037865426914,0.473357449741342,CM
,235560,Contig_53438.fasta,0.022051218352910917,9.336228552955682e-05,0.4700289694317595,CM
,235560,Contig_61874.fasta,0.01970438366682594,7.72163100981436e-05,0.46861676421564,CM
,235560,Contig_24570409.fasta,0.014986170596467816,4.0047728131811015e-05,0.4547267629439422,CM
,235560,Contig_134391.fasta,0.020089007713054694,7.4763416680446e-05,0.46489204080408997,CM
,235560,Contig_368022.fasta,0.012821517944119195,3.172233626963176e-05,0.45252789078270456,CM
,235560,Contig_550148.fasta,0.009212004820787711,1.4890639661659684e-05,0.43567396561388877,CM
,235560,Contig_498565.fasta,0.005462533037694247,4.550847671150324e-06,0.40688159919071004,CM
,235560,Contig_132580.fasta,0.006961978148442705,7.733460707266314e-06,0.42211442405892335,CM
,235560,Contig_987514.fasta,0.012954812825071481,2.8899082430746655e-05,0.4484080872729435,CM
,235560,Contig_132151.fasta,0.005925918132232351,6.088308903793195e-06,0.41481723321747915,CM
,235560,Contig_544515.fasta,0.0,0.0,0.0,CM
,235560,Contig_988369.fasta,0.01523613972183424,4.330551143121516e-05,0.4585142960012901,CM
,235560,Contig_993621.fasta,0.020498030502853752,7.713331136263197e-05,0.46558590952170803,CM
,235560,Contig_139909.fasta,0.012726541576264714,3.277341781129128e-05,0.4518723699365684,CM
,235560,Contig_134896.fasta,0.022270511975285224,9.610520931266493e-05,0.46979301111377164,CM
,235560,Contig_1065651.fasta,0.021853827407410716,9.036060508338621e-05,0.46932180448276484,CM
,235560,Contig_55852.fasta,0.020873094427106394,8.471077453578522e-05,0.4688515421536238,CM
,235560,Contig_370760.fasta,0.016045461417164314,4.721209540951839e-05,0.45986618090350523,CM
,235560,Contig_704052.fasta,0.01179010434751954,2.5493689385954797e-05,0.4497009505711836,CM
,235560,Contig_1062304.fasta,0.0057016273708220405,4.992658943377503e-06,0.4124405809337299,CM
,235560,Contig_368958.fasta,0.01288769938518707,3.15000551205817e-05,0.4520906657674556,CM
,235560,Contig_1065614.fasta,0.02021646173096656,7.970132802629982e-05,0.46932180448276484,CM
,235560,Contig_58988.fasta,0.01711080167786413,6.066303428660433e-05,0.4637401774720679,CM
,235560,Contig_53501.fasta,0.010381186221174576,2.1198588080328652e-05,0.4441517219452459,CM
,235560,Contig_53993.fasta,0.007116391248557461,9.127942222305052e-06,0.4267340073591578,CM
,235560,Contig_423707.fasta,0.010458308071983382,1.912113940399304e-05,0.44331012701972194,CM
,235560,Contig_421471.fasta,0.011360281003347267,2.376576600809335e-05,0.4469091108589461,CM
,235560,Contig_61908.fasta,0.01405678568909323,3.501753954405362e-05,0.453185316289895,CM
,235560,Contig_369636.fasta,0.010788808463971962,2.186238300546984e-05,0.4456322276850634,CM
,235560,Contig_132893.fasta,0.022163494453079045,8.996656645479386e-05,0.4688515421536238,CM
,235560,Contig_54779.fasta,0.014035315744552279,3.702304677752193e-05,0.45384465477140307,CM
,235560,Contig_132095.fasta,0.01917571551924514,7.466733535108849e-05,0.46861676421564,CM
,235560,Contig_499035.fasta,0.01685235026004589,5.4137842018539556e-05,0.4594146677165602,CM
,235560,Contig_542555.fasta,0.0023580402292759004,5.302609000429533e-07,0.3596570630817191,CM
,235560,Contig_134585.fasta,0.0032006085167476162,1.292652817885484e-06,0.3752316271606388,CM
,235560,Contig_501844.fasta,0.015074322425202413,4.188547934346409e-05,0.4571703361693371,CM
,235560,Contig_139875.fasta,0.02405990819252629,0.0001106140575185676,0.4714497119086313,CM
,235560,Contig_139036.fasta,0.0012344245569886742,0.0,0.31939511199270754,CM
,235560,Contig_703292.fasta,0.01394185357438603,3.343032922807741e-05,0.4520906657674556,CM
,235560,Contig_993718.fasta,0.023155390927989936,0.00010717593288484198,0.4726402414841581,CM
,235560,Contig_550719.fasta,0.015787420812414844,4.671522484835805e-05,0.4591892434438828,CM
,235560,Contig_53600.fasta,0.021253027555133527,8.370940446060029e-05,0.46838222129060714,CM
,235560,Contig_54784.fasta,0.011481975471197664,2.291907985482152e-05,0.4435202266059872,CM
,235560,Contig_137925.fasta,0.009016567477209423,1.4031918974204107e-05,0.43526868750634096,CM
,235560,Contig_498371.fasta,0.0,0.0,0.0,CM
,235560,Contig_369572.fasta,0.021741819220550126,8.995123460834702e-05,0.46932180448276484,CM
,235560,Contig_709936.fasta,0.0191881506987979,7.315831989701181e-05,0.4674463926766399,CM
,235560,Contig_370309.fasta,0.014235318334892423,3.8428320571455325e-05,0.4558342319233478,CM
,235560,Contig_555617.fasta,0.0,0.0,0.0,CM
,235560,Contig_985297.fasta,0.018926858683208682,7.370154372353353e-05,0.4674463926766399,CM
,235560,Contig_369793.fasta,0.019435917597751515,7.590497533080558e-05,0.46791383906931655,CM
,235560,Contig_502640.fasta,0.018574774588935014,6.188064462544139e-05,0.4623654536258069,CM
,235560,Contig_58743.fasta,0.025280817669953447,0.00012624364187251987,0.4750394305272249,CM
,235560,Contig_134420.fasta,0.013936705590693536,3.591362112421569e-05,0.45296596231298797,CM
,235560,Contig_131697.fasta,0.012540029846781715,2.9284925629302633e-05,0.4497009505711836,CM
,235560,Contig_986689.fasta,0.019644245786641677,7.418123771493457e-05,0.4660496405072874,CM
,235560,Contig_306288.fasta,0.024545759160334874,0.00011718699382211735,0.4735970031065957,CM
,235560,Contig_53836.fasta,0.00952510153704585,1.7637656979500486e-05,0.44163646915461685,CM
,235560,Contig_544688.fasta,0.01255643455571926,2.7352579151935467e-05,0.44862304800509734,CM
,235560,Contig_56656.fasta,0.02111547539813906,8.825039371048838e-05,0.4688515421536238,CM
,235560,Contig_54598.fasta,0.024574456328923463,0.00011861473862292705,0.47407683796283334,CM
,235560,Contig_546991.fasta,0.0024241415722877037,5.069973338353856e-07,0.3634282245198575,CM
,235560,Contig_134764.fasta,0.022374432373307426,0.00010036343613313305,0.4714497119086313,CM
,235560,Contig_542365.fasta,0.002305090064710522,5.632545366682985e-07,0.35786909297844477,CM
,235560,Contig_139193.fasta,0.0,0.0,0.0,CM
,235560,Contig_207429.fasta,0.011824814141463025,2.745001415173423e-05,0.4484080872729435,CM
,235560,Contig_139542.fasta,0.007222323937961049,8.997770934518239e-06,0.4275137862670777,CM
,235560,Contig_1122224.fasta,0.0,0.0,0.0,CM
,235560,Contig_656.fasta,0.001125916033942897,0.0,0.3080407103813802,CM
,235560,Contig_53374.fasta,0.022023718059039434,8.709889734356572e-05,0.46721301954000655,CM
,235560,Contig_56557.fasta,0.021866064475618518,9.176500432055383e-05,0.47026516489378545,CM
,235560,Contig_308360.fasta,0.02592439574912718,0.00013285594912836347,0.47649067115001686,CM
,235560,Contig_1064061.fasta,0.008385524514799037,1.2498439416677506e-05,0.4338561326558336,CM
,235560,Contig_53464.fasta,0.02323583540554068,0.00010524393647234331,0.4724016547898198,CM
,235560,Contig_56696.fasta,0.01954160991932941,7.711061370607839e-05,0.4674463926766399,CM
,235560,Contig_1061954.fasta,0.019683097977603314,7.46230399149962e-05,0.466746971640216,CM
,235560,Contig_2616.fasta,0.0,0.0,0.0,CM
,235560,Contig_499913.fasta,0.02429389528031913,0.00011708226131665626,0.47383679905753573,CM
,235560,Contig_60703.fasta,0.01893598377186383,6.83263038109415e-05,0.46535438992473055,CM
,235560,Contig_542430.fasta,0.02165096175921859,9.242334838213436e-05,0.4700289694317595,CM
,235560,Contig_131612.fasta,0.011187582839510124,2.1630274398830695e-05,0.4420536977508895,CM
,235560,Contig_133564.fasta,0.020813246347843133,8.553466861689427e-05,0.47026516489378545,CM
,235560,Contig_550250.fasta,0.0,0.0,0.0,CM
,235560,Contig_131657.fasta,0.013095519145311622,3.194284977530437e-05,0.4551691041530317,CM
,235560,Contig_500964.fasta,0.02311713758025552,0.00010494783312956662,0.4724016547898198,CM
,235560,Contig_933392.fasta,0.009774481808558362,1.7091965508997645e-05,0.4428905244385391,CM
,235560,Contig_54659.fasta,0.008246415257791434,1.2625760828094552e-05,0.43305306716271774,CM
,235560,Contig_61746.fasta,0.006970985422584654,8.644291906007953e-06,0.42441164541434606,CM
,235560,Contig_53765.fasta,0.009249869141148994,1.5290238421951613e-05,0.4362832998315306,CM
,235560,Contig_138153.fasta,0.021468590576247754,9.265444982048502e-05,0.4712123253467438,CM
,235560,Contig_56940.fasta,0.01859292594891869,6.637205357705542e-05,0.46535438992473055,CM
,235560,Contig_54275.fasta,0.019645090042010382,7.577457882760513e-05,0.4665142961807742,CM
,235560,Contig_542488.fasta,0.0,0.0,0.0,CM
,235560,Contig_367990.fasta,0.015501181633624841,4.5743370353125865e-05,0.4603185824587472,CM
,235560,Contig_555859.fasta,0.012665500330027368,3.043520313010683e-05,0.4505670092145561,CM
,235560,Contig_993581.fasta,0.009349408723249334,1.479079843968685e-05,0.43730265333580987,CM
,235560,Contig_547586.fasta,0.004597019724922117,3.1594438131072553e-06,0.39788591757594943,CM
,235560,Contig_428255.fasta,0.0012742122393469427,0.0,0.3243770114865279,CM
,235560,Contig_131556.fasta,0.016341391352370532,5.210015138295369e-05,0.46145349020642656,CM
,235560,Contig_303047.fasta,0.006554965943481047,7.189309159159753e-06,0.41890227311487604,CM
,235560,Contig_368885.fasta,0.011739407049914965,2.5982861462778753e-05,0.4499171529512659,CM
,235560,Contig_59053.fasta,0.011945967417748693,2.8705731264423147e-05,0.4516542848159426,CM
,235560,Contig_551912.fasta,0.007911400408563876,9.170050599722892e-06,0.42402704038904987,CM
,235560,Contig_554772.fasta,0.012113101738755575,2.668927327778229e-05,0.4507840453461624,CM
,235560,Contig_544264.fasta,0.0012026665282204496,0.0,0.31541209239589924,CM
,235560,Contig_934117.fasta,0.015568592662782148,4.6767081888210644e-05,0.4596403134276194,CM
,235560,Contig_545454.fasta,0.013864403470575123,3.654132198520635e-05,0.45450591458894274,CM
,235560,Contig_368262.fasta,0.003521219228110363,2.0167968572969175e-06,0.38927940022405705,CM
,235560,Contig_61277.fasta,0.006668491224161788,6.991275159547563e-06,0.41647871746267606,CM
,235560,Contig_302677.fasta,0.008233890813977207,9.971812003151709e-06,0.4296729468037801,CM
,235560,Contig_554901.fasta,0.00224700698876342,6.24688651820978e-07,0.35421183881098905,CM
,235560,Contig_305322.fasta,0.007209527525607634,9.056375088491111e-06,0.4277091764801797,CM
,235560,Contig_544883.fasta,0.0,0.0,0.0,CM
,235560,Contig_135194.fasta,0.019058138899071816,7.686737306143744e-05,0.46861676421564,CM
,235560,Contig_56818.fasta,0.010682089258038926,2.1085179244481747e-05,0.4456322276850634,CM
,235560,Contig_498461.fasta,0.016023111721692632,4.772118420149243e-05,0.4582897542304766,CM
,235560,Contig_543101.fasta,0.002430700379435977,7.395011185551674e-07,0.36230262413419784,CM
,235560,Contig_421823.fasta,0.009419852275877707,1.6721633111413896e-05,0.43935571743597795,CM
,235560,Contig_135268.fasta,0.011969909336033507,2.601268250130651e-05,0.4492691685735156,CM
,235560,Contig_1064205.fasta,0.023050706613744705,9.948288883975941e-05,0.46979301111377164,CM
,235560,Contig_54445.fasta,0.014757378418873979,4.037441395322778e-05,0.45539059763437134,CM
,235560,Contig_549637.fasta,0.0,0.0,0.0,CM
,235560,Contig_55400.fasta,0.011563741622354188,2.4580687162138408e-05,0.4471226364733077,CM
,235560,Contig_625718.fasta,0.024620854424701282,0.00012083143491631301,0.4743171201919073,CM
,235560,Contig_801021.fasta,0.0,0.0,0.0,CM
,235560,Contig_1062339.fasta,0.0022838157672830876,4.346525560876055e-07,0.35287619839314976,CM
,235560,Contig_306355.fasta,0.009652829772132646,1.6624352439092954e-05,0.4395620846118521,CM
,235560,Contig_428764.fasta,0.018621351648115403,6.496646032476622e-05,0.4639700932764666,CM
,235560,Contig_369126.fasta,0.003840716146012398,1.8636533849770156e-06,0.39754786666891806,CM
,235560,Contig_302533.fasta,0.016823537790368878,5.085623070420034e-05,0.4578413298134213,CM
,235560,Contig_1315.fasta,0.010427462080693095,1.863270025604675e-05,0.44163646915461685,CM
,235560,Contig_992309.fasta,0.009079153960138758,1.3698635527736553e-05,0.4340573646283085,CM
,235560,Contig_425542.fasta,0.019322915700636656,7.027615997199046e-05,0.46535438992473055,CM
,235560,Contig_498295.fasta,0.019572718230697287,7.470625077724793e-05,0.466746971640216,CM
,235560,Contig_54108.fasta,0.007273192816208657,9.938891186765604e-06,0.43026559914419915,CM
,235560,Contig_796850.fasta,0.02282354537989239,9.954206879165589e-05,0.4700289694317595,CM
,235560,Contig_58097.fasta,0.01539791972178905,4.7519913351827035e-05,0.46054511719420915,CM
,235560,Contig_984994.fasta,0.0032897710916141073,1.1663477831909477e-06,0.37418139869597483,CM
,235560,Contig_932851.fasta,0.02205879388526461,9.48459529239447e-05,0.46979301111377164,CM
,235560,Contig_60483.fasta,0.013908318871655579,3.511322592148546e-05,0.4542852806498219,CM
,235560,Contig_542409.fasta,0.004966452798181112,3.5649621093885173e-06,0.4083017792925973,CM
,235560,Contig_628830.fasta,0.017241680027671097,5.595644946581664e-05,0.46122606118217496,CM
,235560,Contig_993268.fasta,0.013246297337058682,3.397114540994058e-05,0.45539059763437134,CM
,235560,Contig_53370.fasta,0.0049625801672505306,3.7263258130623833e-06,0.41225888904785596,CM
,235560,Contig_4880.fasta,0.013638754663909009,3.7678009017087974e-05,0.45806543227539553,CM
,235560,Contig_368303.fasta,0.024681210598069315,0.00011784018680723493,0.47407683796283334,CM
,235560,Contig_133134.fasta,0.004799632473751689,3.7095758031197036e-06,0.40547126435815994,CM
,235560,Contig_1973.fasta,0.006664760228301618,7.85939561830942e-06,0.41890227311487604,CM
,235560,Contig_371210.fasta,0.016692725729124724,5.12128654527078e-05,0.4591892434438828,CM
,235560,Contig_1062001.fasta,0.019589019293085867,7.463612665470984e-05,0.46558590952170803,CM
,235560,Contig_1064554.fasta,0.012225921548044518,2.6977833436235247e-05,0.4492691685735156,CM
,235560,Contig_498458.fasta,0.006012429216731056,6.205226586698835e-06,0.41815356485193617,CM
,235560,Contig_56821.fasta,0.011846715673989995,2.6361385938127926e-05,0.44776443930078136,CM
,235560,Contig_53604.fasta,0.0070998812014899755,9.369036230147562e-06,0.4275137862670777,CM
,235560,Contig_201321.fasta,0.015420447126475544,4.4474730964462984e-05,0.4582897542304766,CM
,235560,Contig_136127.fasta,0.021372659187723696,8.394308561623428e-05,0.4688515421536238,CM
,235560,Contig_1268205.fasta,0.006209526271060958,7.306839873700488e-06,0.4246042096817754,CM
,235560,Contig_56363.fasta,0.013491525497933046,3.1574295983960295e-05,0.45035018197239324,CM
,235560,Contig_138376.fasta,0.015604432241553235,4.370032492948453e-05,0.4573937820814434,CM
,235560,Contig_54813.fasta,0.0189676492857912,7.213710152823192e-05,0.46767999906978164,CM
,235560,Contig_56326.fasta,0.004841723168370135,3.6309606259771044e-06,0.40494490616124323,CM
,235560,Contig_213640.fasta,0.023276270555266022,0.00010665276458312279,0.4735970031065957,CM
,235560,Contig_59276.fasta,0.004931458003248704,4.131421639327881e-06,0.4111720905705769,CM
,235560,Contig_622130.fasta,0.008512906700428802,1.540778996288322e-05,0.4377117297187245,CM
,235560,Contig_550374.fasta,0.002468763073937755,7.295616019242852e-07,0.36427702535563766,CM
,235560,Contig_542514.fasta,0.013022750405046317,3.409720341329344e-05,0.4542852806498219,CM
,235560,Contig_1270443.fasta,0.0,0.0,0.0,CM
,235560,Contig_859.fasta,0.010616814078886355,2.0460909658854157e-05,0.44478501812672677,CM
,235560,Contig_133315.fasta,0.02015512948595653,7.664053358944028e-05,0.466746971640216,CM
,235560,Contig_1258190.fasta,0.01913240128057863,7.043200472683116e-05,0.4644306094980809,CM
,235560,Contig_62690.fasta,0.021396350141568043,8.785412377208507e-05,0.46955728958285653,CM
,235560,Contig_137536.fasta,0.016674206878776562,5.2933226546929467e-05,0.4619090217860973,CM
,235560,Contig_302537.fasta,0.009840376387714327,1.7709023716444013e-05,0.4435202266059872,CM
,235560,Contig_61137.fasta,0.019836600422551327,7.679863177941918e-05,0.46791383906931655,CM
,235560,Contig_53538.fasta,0.0109101752261493,2.3939968819950912e-05,0.44797878321619583,CM
,235560,Contig_42.fasta,0.0,0.0,0.0,CM
,235560,Contig_421320.fasta,0.0020972567088891054,3.1639159284440015e-07,0.3388224757924088,CM
,235560,Contig_53681.fasta,0.005777842736156273,4.951459611388122e-06,0.40776805147652856,CM
,235560,Contig_542529.fasta,0.0011864966940946407,0.0,0.31403613360356813,CM
,235560,Contig_4.fasta,0.01066068409778555,2.0691309255513625e-05,0.44584453460630447,CM
,235560,Contig_703687.fasta,0.013939019899285,3.636227845085646e-05,0.45494782602753187,CM
,235560,Contig_501838.fasta,0.019761352786201312,7.578850819192832e-05,0.46767999906978164,CM
,235560,Contig_304363.fasta,0.0070815858079011414,9.841668524562775e-06,0.429475758668487,CM
,235560,Contig_1124279.fasta,0.017354618183918324,5.943245633369458e-05,0.46259400797757444,CM
,235560,Contig_371458.fasta,0.024100494098989584,0.00011017606742647175,0.47287906929693435,CM
,235560,Contig_371089.fasta,0.02409970375475309,0.00011002688320647724,0.471925203297344,CM
,235560,Contig_502049.fasta,0.0,0.0,0.0,CM
,235560,Contig_54896.fasta,0.007151174909453949,9.374706937506415e-06,0.42634518366224744,CM
,235560,Contig_308594.fasta,0.022124664079858868,9.31203818982788e-05,0.4700289694317595,CM
,235560,Contig_421862.fasta,0.0,0.0,0.0,CM
,235560,Contig_704447.fasta,0.006091005788518373,5.835195558946691e-06,0.4215439991615464,CM
,235560,Contig_542628.fasta,0.010891065063328835,2.2532574018294167e-05,0.4462697559077888,CM
,235560,Contig_1062711.fasta,0.012589372004184371,2.7167223252718567e-05,0.4462697559077888,CM
,235560,Contig_56142.fasta,0.006332411876165509,8.083895860479023e-06,0.4269286852822231,CM
,235560,Contig_930489.fasta,0.0024849044599834663,9.87616320167766e-07,0.3696001888383227,CM
,235560,Contig_139157.fasta,0.018615443208433235,6.806968826016403e-05,0.464200237171941,CM
,235560,Contig_499578.fasta,0.001125916033942897,0.0,0.3080407103813802,CM
,235560,Contig_991222.fasta,0.007832963153094976,1.0543008396701873e-05,0.42790474537660406,CM
,235560,Contig_55519.fasta,0.0,0.0,0.0,CM
,235560,Contig_371268.fasta,0.021558388557082028,9.447533819891553e-05,0.4724016547898198,CM
,235560,Contig_502154.fasta,0.023120265060757785,0.00010616481804708559,0.4724016547898198,CM
,235560,Contig_61443.fasta,0.009280748129713027,1.6156343239725063e-05,0.4377117297187245,CM
,235560,Contig_546955.fasta,0.007245385215507283,9.137884886182445e-06,0.4269286852822231,CM
,235560,Contig_137801.fasta,0.01607516309374529,5.125966579212534e-05,0.4596403134276194,CM
,235560,Contig_53460.fasta,0.015112865090411052,4.36096821869392e-05,0.45806543227539553,CM
,235560,Contig_213008.fasta,0.025043272329886235,0.00011908409868498634,0.47287906929693435,CM
,235560,Contig_421555.fasta,0.012020498643565773,2.6889488396932498e-05,0.45013356331824583,CM
,235560,Contig_549796.fasta,0.0011999877773541294,0.0,0.3153058214752807,CM
,235560,Contig_368839.fasta,0.02554401956945602,0.0001257749921020694,0.47479841610280726,CM
,235560,Contig_55135.fasta,0.022494623990873985,9.956680090829829e-05,0.4724016547898198,CM
,235560,Contig_62471.fasta,0.019931132420013885,7.655939160663381e-05,0.46791383906931655,CM
,235560,Contig_55618.fasta,0.01737585391530778,5.624319287252506e-05,0.4632810287815015,CM
,235560,Contig_210082.fasta,0.015438545882050582,4.522929148471199e-05,0.4596403134276194,CM
,235560,Contig_24578817.fasta,0.0,0.0,0.0,CM
,235560,Contig_54618.fasta,0.009547173342539482,1.6107544669180103e-05,0.4377117297187245,CM
,235560,Contig_988525.fasta,0.024314735900704154,0.0001151824269018601,0.473357449741342,CM
,235560,Contig_987358.fasta,0.01277761500209186,3.276636169665998e-05,0.4523091726141291,CM
,235560,Contig_420491.fasta,0.0,0.0,0.0,CM
,235560,Contig_306388.fasta,0.0,0.0,0.0,CM
,235560,Contig_133758.fasta,0.0141219790278046,3.663411199121377e-05,0.4527468205798902,CM
,235560,Contig_1258149.fasta,0.01865508939940918,6.853354759111017e-05,0.46581765960111154,CM
,235560,Contig_303939.fasta,0.016881871054172194,5.9875955134039804e-05,0.4660496405072874,CM
,235560,Contig_139743.fasta,0.020610715649965194,8.186488216845833e-05,0.46721301954000655,CM
,235560,Contig_499329.fasta,0.016239160450749034,4.942125200983147e-05,0.4603185824587472,CM
,235560,Contig_55465.fasta,0.0024768787675673925,7.082073168677011e-07,0.3652723177746421,CM
,235560,Contig_545474.fasta,0.0013467497923693175,0.0,0.3311492137787095,CM
,235560,Contig_60212.fasta,0.01734504051656491,5.403086962790449e-05,0.46122606118217496,CM
,235560,Contig_306074.fasta,0.02416857210711103,0.000116368078118802,0.47407683796283334,CM
,235560,Contig_502705.fasta,0.007130894180938312,9.428502312259828e-06,0.4277091764801797,CM
,235560,Contig_302612.fasta,0.013563090621325503,3.3527682149050455e-05,0.4518723699365684,CM
,235560,Contig_56457.fasta,0.0224751615210425,0.00010200807429429346,0.47287906929693435,CM
,235560,Contig_554999.fasta,0.0012687752965836248,0.0,0.3222547101028351,CM
,235560,Contig_56086.fasta,0.008140937492106932,1.2611856811295092e-05,0.43466218213591873,CM
,235560,Contig_543199.fasta,0.002532650095333481,7.117371905910899e-07,0.37195058749548215,CM
,235560,Contig_23.fasta,0.009692617454490914,1.679005228378642e-05,0.4418449849568617,CM
,235560,Contig_1064124.fasta,0.019771459797909716,7.588181042258952e-05,0.4669798793106951,CM
,235560,Contig_133459.fasta,0.008746570305159277,1.4546589436533809e-05,0.43730265333580987,CM
,235560,Contig_370813.fasta,0.017901267766277304,6.239067595787773e-05,0.4637401774720679,CM
,235560,Contig_803076.fasta,0.001236176208037767,0.0,0.31830873406075955,CM
,235560,Contig_304497.fasta,0.00249396635364308,5.238142820915879e-07,0.36598657729316897,CM
,235560,Contig_55498.fasta,0.011161753035917253,2.07748516601012e-05,0.4420536977508895,CM
,235560,Contig_60113.fasta,0.020533690354919535,8.411096160115652e-05,0.46838222129060714,CM
,235560,Contig_305805.fasta,0.0010191617647970488,0.0,0.2994648570043626,CM
,235560,Contig_302556.fasta,0.013327573955017068,3.2701460768695867e-05,0.4527468205798902,CM
,235560,Contig_61915.fasta,0.009613404422690269,1.791676265812433e-05,0.4437305254332068,CM
,235560,Contig_134054.fasta,0.019495716821683592,7.385835407004062e-05,0.4662818525852681,CM
,235560,Contig_368736.fasta,0.025728966876110686,0.00013196636027638055,0.47673340710067913,CM
,235560,Contig_552143.fasta,0.02412603593895015,0.00011164257142128013,0.4724016547898198,CM
,235560,Contig_131677.fasta,0.015587723041154964,4.8395362039283284e-05,0.4616811436303074,CM
,235560,Contig_500107.fasta,0.017752976551632438,6.612620167116207e-05,0.4660496405072874,CM
,235560,Contig_369773.fasta,0.021938873706722612,9.460899583875509e-05,0.47097517772452596,CM
,235560,Contig_553945.fasta,0.0059490500265674895,6.2620415906539855e-06,0.41890227311487604,CM
,235560,Contig_135011.fasta,0.009356258137089207,1.5285351520246207e-05,0.4381215721622814,CM
,235560,Contig_1064039.fasta,0.0012464046632659597,0.0,0.31841703917612557,CM
,235560,Contig_987907.fasta,0.0067951366530325345,8.283386490433521e-06,0.4242192557292081,CM
,235560,Contig_53369.fasta,0.0036826443285396153,1.7429965653959811e-06,0.39370116875836475,CM
,235560,Contig_61766.fasta,0.011041193042111363,2.1540722856835953e-05,0.4452082198566285,CM
,235560,Contig_53444.fasta,0.013890083562690355,3.343557710306033e-05,0.4516542848159426,CM
,235560,Contig_988014.fasta,0.0,0.0,0.0,CM
,235560,Contig_53893.fasta,0.019413057384014918,7.33370841482629e-05,0.4665142961807742,CM
,235560,Contig_811026.fasta,0.007058592492892717,9.311202628216622e-06,0.4265395069000151,CM
,235560,Contig_548326.fasta,0.01671957537109707,5.4083260875684116e-05,0.4623654536258069,CM
,235560,Contig_166.fasta,0.0,0.0,0.0,CM
,235560,Contig_368472.fasta,0.018935388551015547,7.097550596864185e-05,0.4669798793106951,CM
,235560,Contig_131533.fasta,0.009238609762253304,1.6488851064351014e-05,0.43709840174620884,CM
,235560,Contig_713578.fasta,0.008227168662785653,1.1845491805668374e-05,0.43466218213591873,CM
,235560,Contig_62754.fasta,0.018635557990399707,6.605143067629577e-05,0.4639700932764666,CM
,235560,Contig_499271.fasta,0.01978965982530489,7.743286102141583e-05,0.46861676421564,CM
,235560,Contig_547132.fasta,0.019671010069712787,7.739425821978614e-05,0.46791383906931655,CM
,235560,Contig_542385.fasta,0.008448575428648106,1.342931424023022e-05,0.4379165550484947,CM
,235560,Contig_1061989.fasta,0.008044338793006684,1.1135177527681157e-05,0.42888527870698123,CM
,235560,Contig_137023.fasta,0.00376785740323451,1.9353610132474497e-06,0.39620138786563636,CM
,235560,Contig_626516.fasta,0.024418397988304027,0.00011408730657754855,0.4731181385938489,CM
,235560,Contig_990243.fasta,0.005923772299612758,5.517747504308709e-06,0.4172214347474958,CM
,235560,Contig_59036.fasta,0.0012344245569886742,0.0,0.31939511199270754,CM
,235560,Contig_1064338.fasta,0.0,0.0,0.0,CM
,235560,Contig_426325.fasta,0.0037102449439217113,2.071211556510574e-06,0.3910688166061985,CM
,235560,Contig_1063105.fasta,0.00575045908233607,5.672782635978375e-06,0.41225888904785596,CM
,235560,Contig_132168.fasta,0.0011864966940946407,0.0,0.31403613360356813,CM
,235560,Contig_372283.fasta,0.017890434894476785,6.598102975561241e-05,0.4669798793106951,CM
,235560,Contig_134478.fasta,0.002504194808871273,5.294500927122814e-07,0.36498739396982566,CM
,235560,Contig_370234.fasta,0.02235348917981666,9.876998200614357e-05,0.47168733777148847,CM
,235560,Contig_801164.fasta,0.016161975947081724,5.0945207288956176e-05,0.4609988562259276,CM
,235560,Contig_53484.fasta,0.013035073154495067,3.399869320979844e-05,0.45450591458894274,CM
,235560,Contig_549737.fasta,0.0,0.0,0.0,CM
,235560,Contig_206708.fasta,0.01912997224094326,7.032868629971292e-05,0.46466121059515053,CM
,235560,Contig_54992.fasta,0.020816924214152054,7.98500104747891e-05,0.4669798793106951,CM
,235560,Contig_1580.fasta,0.015341615383343382,4.367349095065542e-05,0.4582897542304766,CM
,235560,Contig_138626.fasta,0.01961944783736477,7.436459389175065e-05,0.4665142961807742,CM
,235560,Contig_302732.fasta,0.008073224470110198,1.1163457399399038e-05,0.42987031609491644,CM
,235560,Contig_544511.fasta,0.0012742122393469427,0.0,0.3243770114865279,CM
,235560,Contig_987555.fasta,0.021872347728050356,9.199883995701686e-05,0.4700289694317595,CM
,235560,Contig_132953.fasta,0.0152477433984169,4.167167337095203e-05,0.4562787314181536,CM
,235560,Contig_544554.fasta,0.0,0.0,0.0,CM
,235560,Contig_133584.fasta,0.017832963765112956,6.13272697124536e-05,0.4639700932764666,CM
,235560,Contig_57532.fasta,0.013281025001948119,3.22185900456061e-05,0.4527468205798902,CM
,235560,Contig_420261.fasta,0.002164070662547507,3.430197693534086e-07,0.3439278493710522,CM
,235560,Contig_371170.fasta,0.01353350861384936,3.090180729241779e-05,0.4497009505711836,CM
,235560,Contig_135069.fasta,0.0012982255383448067,0.0,0.32595878723045385,CM
,235560,Contig_369063.fasta,0.011058386893599238,2.3695265710723775e-05,0.4475503004010679,CM
,235560,Contig_371618.fasta,0.019425054896489543,7.322376463287305e-05,0.4660496405072874,CM
,235560,Contig_555306.fasta,0.007254294196857717,9.988172656003557e-06,0.42987031609491644,CM
,235560,Contig_550560.fasta,0.014712439037043095,3.7818434442468744e-05,0.4523091726141291,CM
,235560,Contig_60835.fasta,0.002436163985391897,5.273249416225769e-07,0.3639936515513936,CM
,235560,Contig_542345.fasta,0.0037721448473499604,2.1120932187093166e-06,0.3948639992146131,CM
,235560,Contig_61646.fasta,0.025709826740638056,0.0001310380113728546,0.47528068976060595,CM
,235560,Contig_498856.fasta,0.01318147807005838,3.397273950094669e-05,0.45296596231298797,CM
,235560,Contig_501062.fasta,0.022575762426903238,0.0001041289900694023,0.473357449741342,CM
,235560,Contig_368282.fasta,0.010531462985746178,1.9098819407469583e-05,0.44331012701972194,CM
,235560,Contig_428054.fasta,0.019295909880387048,7.517669953169407e-05,0.4681479130258295,CM
,235560,Contig_994290.fasta,0.008091306158989307,1.1310997954291355e-05,0.4314558221017211,CM
,235560,Contig_499481.fasta,0.018497733993519793,6.823967172330771e-05,0.4639700932764666,CM
,235560,Contig_542530.fasta,0.0,0.0,0.0,CM
,235560,Contig_371705.fasta,0.007271870148314023,9.407480419881547e-06,0.4271235409122013,CM
,235560,Contig_53599.fasta,0.020871657723817442,8.176764969894329e-05,0.4674463926766399,CM
,235560,Contig_985013.fasta,0.019820271254665327,7.629602076113075e-05,0.466746971640216,CM
,235560,Contig_992481.fasta,0.004477318340299202,3.727137262817106e-06,0.4026797238118043,CM
,235560,Contig_135275.fasta,0.02498906824933874,0.0001155289155522625,0.471925203297344,CM
,235560,Contig_931634.fasta,0.018810491261493627,6.79050729391701e-05,0.46489204080408997,CM
,235560,Contig_61990.fasta,0.022080327816166104,9.694222044066198e-05,0.470501597857533,CM
,235560,Contig_134230.fasta,0.008010166082870444,1.2417579600860528e-05,0.43066160981989554,CM
,235560,Contig_303596.fasta,0.004577941835992022,2.4580200950779712e-06,0.4011263086749392,CM
,235560,Contig_212565.fasta,0.022227485015846482,9.663794144239174e-05,0.4712123253467438,CM
,235560,Contig_1128046.fasta,0.020062541205512204,7.894479273990047e-05,0.4669798793106951,CM
,235560,Contig_139855.fasta,0.028966554763923614,0.0001662391868320521,0.47917443837103585,CM
,235560,Contig_989235.fasta,0.01772059301586826,6.174521839400446e-05,0.4639700932764666,CM
,235560,Contig_499439.fasta,0.010564880112732208,1.9455840453280304e-05,0.44247171543197783,CM
,235560,Contig_1062866.fasta,0.02156866936807674,8.647693507771528e-05,0.46791383906931655,CM
,235560,Contig_4593.fasta,0.006815879293990387,8.213357268864804e-06,0.4230685705870855,CM
,235560,Contig_61074.fasta,0.02560446176109714,0.00012847520343646076,0.4755221941761347,CM
,235560,Contig_990281.fasta,0.026383293308254247,0.00013189444962794747,0.4745576461149255,CM
,235560,Contig_499662.fasta,0.0190130612800239,6.579204223836304e-05,0.4621371250067324,CM
,235560,Contig_62796.fasta,0.023176943431862752,0.00010361596428737374,0.471925203297344,CM
,235560,Contig_368867.fasta,0.023269514534749652,0.00010907763850725515,0.473357449741342,CM
,235560,Contig_368024.fasta,0.013701875211329023,3.263741267093217e-05,0.4497009505711836,CM
,235560,Contig_1065845.fasta,0.0013088239869547679,0.0,0.32641356056457377,CM
,235560,Contig_131648.fasta,0.021892748955747034,9.615149126963147e-05,0.470501597857533,CM
,235560,Contig_1067335.fasta,0.02320501649486073,9.977394703141405e-05,0.470501597857533,CM
,235560,Contig_367937.fasta,0.011889902363973071,2.791869090119058e-05,0.45035018197239324,CM
,235560,Contig_201958.fasta,0.01870430814533382,6.87303064115709e-05,0.46558590952170803,CM
,235560,Contig_546698.fasta,0.0012344245569886742,0.0,0.31939511199270754,CM
,235560,Contig_308342.fasta,0.015528830444005258,4.528088175803183e-05,0.457617446522559,CM
,235560,Contig_138109.fasta,0.02349501545699504,0.00010713039883941841,0.47287906929693435,CM
,235560,Contig_545981.fasta,0.022807765574562055,0.00010166770626861037,0.47073826868140495,CM
,235560,Contig_930043.fasta,0.004810041569331914,4.0374435113894205e-06,0.4070585811825285,CM
,235560,Contig_53486.fasta,0.0,0.0,0.0,CM
,235560,Contig_24565782.fasta,0.013443472013093259,3.2270200626032024e-05,0.4507840453461624,CM
,235560,Contig_59009.fasta,0.01437609896270474,4.0588297455295975e-05,0.4565013064090893,CM
,235560,Contig_53814.fasta,0.014055825475570825,3.6781622662912224e-05,0.45362466220971065,CM
,235560,Contig_1116.fasta,0.013015338594815396,3.325718650136469e-05,0.453185316289895,CM
,235560,Contig_139857.fasta,0.0035416059128884005,1.385503802136353e-06,0.38463940737305097,CM
,235560,Contig_420383.fasta,0.010733932537011314,2.1948391210980112e-05,0.4462697559077888,CM
,235560,Contig_555118.fasta,0.028057071046681557,0.00015337638785604306,0.4779508059952161,CM
,235560,Contig_1066641.fasta,0.02347417933621825,0.00010715987818219977,0.473357449741342,CM
,235560,Contig_137669.fasta,0.010544343298960276,1.9733101330008704e-05,0.44247171543197783,CM
,235560,Contig_302668.fasta,0.02428047244129712,0.00011869398418151954,0.4745576461149255,CM
,235560,Contig_305455.fasta,0.02007773540122918,7.770276400703168e-05,0.4681479130258295,CM
,235560,Contig_61545.fasta,0.010526862490410512,2.020268012717503e-05,0.4437305254332068,CM
,235560,Contig_498353.fasta,0.012014418780705756,2.6764542521432418e-05,0.4492691685735156,CM
,235560,Contig_988988.fasta,0.0012687752965836248,0.0,0.3222547101028351,CM
,235560,Contig_985054.fasta,0.0223945347660463,9.934916788698245e-05,0.471925203297344,CM
,235560,Contig_420879.fasta,0.008266894689952054,1.1211152624717945e-05,0.43006786679165127,CM
,235560,Contig_1258176.fasta,0.01774615437043215,5.9955419386640966e-05,0.4637401774720679,CM
,235560,Contig_499353.fasta,0.024475490681408283,0.00011632957356111758,0.47407683796283334,CM
,235560,Contig_468.fasta,0.0,0.0,0.0,CM
,235560,Contig_993483.fasta,0.023707850118638553,0.00011101264751380798,0.4735970031065957,CM
,235560,Contig_988975.fasta,0.020754787144854656,8.670404486803395e-05,0.46979301111377164,CM
,235560,Contig_988930.fasta,0.017620546268476728,5.7431187869212116e-05,0.4621371250067324,CM
,235560,Contig_1198429.fasta,0.0013467497923693175,0.0,0.3311492137787095,CM
,235560,Contig_933290.fasta,0.02351760959101597,0.00010506490246799538,0.471925203297344,CM
,235560,Contig_499052.fasta,0.0182661402466044,6.460938307424603e-05,0.464200237171941,CM
,235560,Contig_305495.fasta,0.021286377194684934,8.469642729010402e-05,0.4674463926766399,CM
,235560,Contig_985400.fasta,0.02336901401491077,0.00010811447541834274,0.473357449741342,CM
,235560,Contig_985094.fasta,0.017151532064277344,5.1955545951517406e-05,0.4573937820814434,CM
,235560,Contig_500018.fasta,0.010368392086866537,2.222154837341954e-05,0.4449965183731018,CM
,235560,Contig_54766.fasta,0.012662409884558426,3.0911059269608775e-05,0.449484955878306,CM
,235560,Contig_1263528.fasta,0.006062079565390738,6.5868283457479004e-06,0.42078582650118396,CM
,235560,Contig_59228.fasta,0.0,0.0,0.0,CM
,235560,Contig_1065920.fasta,0.014446981762515762,4.3243346238770374e-05,0.46009227047130435,CM
,235560,Contig_555509.fasta,0.00547518524752947,5.127452524703926e-06,0.40688159919071004,CM
,235560,Contig_139091.fasta,0.026612531817124866,0.00013825243132216598,0.47624818225884635,CM
,235560,Contig_706082.fasta,0.013659141997582485,3.5218431390684514e-05,0.45296596231298797,CM
,235560,Contig_368629.fasta,0.017475223567988918,5.8708947923253964e-05,0.46351048941982814,CM
,235560,Contig_625052.fasta,0.02615860555885348,0.00013190318139135894,0.4745576461149255,CM
,235560,Contig_368691.fasta,0.011422849746832123,2.3041331514539912e-05,0.44436262019878114,CM
,235560,Contig_551706.fasta,0.002348421776946993,5.998270132994955e-07,0.35677761271011554,CM
,235560,Contig_61210.fasta,0.0012026665282204496,0.0,0.31541209239589924,CM
,235560,Contig_369691.fasta,0.021714325503452293,8.824800852342548e-05,0.4681479130258295,CM
,235560,Contig_498443.fasta,0.0012344245569886742,0.0,0.31939511199270754,CM
,235560,Contig_59641.fasta,0.02346085572523119,0.0001082033102285394,0.473357449741342,CM
,235560,Contig_370353.fasta,0.019778327326504995,7.319168557081537e-05,0.4660496405072874,CM
,235560,Contig_24566591.fasta,0.010749854599507582,2.0496970115816802e-05,0.4460570439173656,CM
,235560,Contig_55467.fasta,0.0033746696721986187,1.365948731685485e-06,0.3815033339334012,CM
,235560,Contig_543838.fasta,0.0,0.0,0.0,CM
,235560,Contig_988352.fasta,0.020860801122700934,8.167597270496686e-05,0.46767999906978164,CM
,235560,Contig_56962.fasta,0.01779300291208475,6.607123034504893e-05,0.466746971640216,CM
,235560,Contig_549823.fasta,0.01030223766294214,1.6177733544945927e-05,0.43607999913263423,CM
,235560,Contig_546289.fasta,0.0215162913619717,8.295563604306997e-05,0.4662818525852681,CM
,235560,Contig_5823.fasta,0.01391433333726433,3.712804407137389e-05,0.4547267629439422,CM
,235560,Contig_304689.fasta,0.02138960095014773,9.12453056325853e-05,0.47097517772452596,CM
,235560,Contig_1062142.fasta,0.01312399278015628,3.231185193533392e-05,0.4534048828191052,CM
,235560,Contig_62387.fasta,0.020752664028066466,7.952826513854595e-05,0.466746971640216,CM
,235560,Contig_133647.fasta,0.02010806908911927,7.654052956845714e-05,0.4669798793106951,CM
,235560,Contig_550173.fasta,0.023323671019894715,0.00010690040004503322,0.4726402414841581,CM
,235560,Contig_542713.fasta,0.008476340993670022,1.308485514283401e-05,0.4368943408677092,CM
,235560,Contig_131574.fasta,0.006828830029498147,6.8488368337829385e-06,0.41740752816174537,CM
,235560,Contig_542387.fasta,0.0047278244173728475,3.5058877664117013e-06,0.4058229306759033,CM
,235560,Contig_306603.fasta,0.023111010285461753,0.00010044143709897662,0.4712123253467438,CM
,235560,Contig_137862.fasta,0.026502714483267863,0.00013617071358898244,0.47576394414775447,CM
,235560,Contig_553205.fasta,0.005789415651770694,6.206287675419146e-06,0.4150011876446266,CM
,235560,Contig_53446.fasta,0.0197793210063393,7.51934958743317e-05,0.46535438992473055,CM
,235560,Contig_61498.fasta,0.019846488219328783,7.835519840504968e-05,0.46791383906931655,CM
,235560,Contig_54950.fasta,0.016469220544298026,5.219036036152926e-05,0.4623654536258069,CM
,235560,Contig_55915.fasta,0.0024594659305421274,5.358768748021892e-07,0.3641352833224253,CM
,235560,Contig_55113.fasta,0.017809309930576195,6.446409645842162e-05,0.46466121059515053,CM
,235560,Contig_24574211.fasta,0.02250706854677286,0.00010233802699499208,0.47168733777148847,CM
,235560,Contig_55950.fasta,0.019796804619941752,7.191217249178679e-05,0.46489204080408997,CM
,235560,Contig_792106.fasta,0.013557042391941424,3.637758507771645e-05,0.4523091726141291,CM
,235560,Contig_24569564.fasta,0.015586295275255919,4.5846492293321445e-05,0.4585142960012901,CM
,235560,Contig_499137.fasta,0.0035933852136254027,1.4628033163223316e-06,0.3881491821396238,CM
,235560,Contig_1065878.fasta,0.007125925990144322,1.0081416688247763e-05,0.429475758668487,CM
,235560,Contig_500105.fasta,0.010569495035914051,2.1308767789526513e-05,0.4435202266059872,CM
,235560,Contig_990105.fasta,0.00839532655092722,1.2444910365252522e-05,0.43466218213591873,CM
,235560,Contig_213746.fasta,0.0,0.0,0.0,CM
,235560,Contig_308147.fasta,0.0022173745194582197,5.313237419151174e-07,0.3487989855157037,CM
,235560,Contig_1064246.fasta,0.0,0.0,0.0,CM
,235560,Contig_500378.fasta,0.01209940664215387,2.8247255024554116e-05,0.4497009505711836,CM
,235560,Contig_372001.fasta,0.020784693283073963,8.169571984398212e-05,0.4674463926766399,CM
,235560,Contig_368549.fasta,0.009154226923861296,1.633958875025421e-05,0.4368943408677092,CM
,235560,Contig_542593.fasta,0.0200167271300415,7.904180913011761e-05,0.4681479130258295,CM
,235560,Contig_499422.fasta,0.018155924556891998,6.155397988807485e-05,0.46259400797757444,CM
,235560,Contig_134994.fasta,0.002434412334342804,6.175847456331695e-07,0.36258337006533636,CM
,235560,Contig_62593.fasta,0.025786246114988202,0.00013389636887536742,0.47673340710067913,CM
,235560,Contig_1062838.fasta,0.0,0.0,0.0,CM
,235560,Contig_306052.fasta,0.0,0.0,0.0,CM
,235560,Contig_500079.fasta,0.01258395003774878,2.8461703311519603e-05,0.44862304800509734,CM
,235560,Contig_1065904.fasta,0.02218876360785238,9.909678883524145e-05,0.47287906929693435,CM
,235560,Contig_552078.fasta,0.003271973985291199,1.3311970143919508e-06,0.3771977743404406,CM
,235560,Contig_1065941.fasta,0.023478167224396787,0.00010685136653536297,0.4726402414841581,CM
,235560,Contig_55393.fasta,0.021593486105073893,9.07379497428312e-05,0.46932180448276484,CM
,235560,Contig_423779.fasta,0.0,0.0,0.0,CM
,235560,Contig_135642.fasta,0.023013303279637572,9.478264457904304e-05,0.46861676421564,CM
,235560,Contig_302535.fasta,0.010664856647440591,2.1101978906494737e-05,0.44436262019878114,CM
,235560,Contig_61135.fasta,0.00896949521414516,1.3197807331061103e-05,0.43285276509650006,CM
,235560,Contig_134037.fasta,0.016294747230216747,5.166336731322131e-05,0.4609988562259276,CM
,235560,Contig_131651.fasta,0.01779709109459139,6.039762915891978e-05,0.46466121059515053,CM
,235560,Contig_369755.fasta,0.026265631552997146,0.00013210447325307762,0.4745576461149255,CM
,235560,Contig_985251.fasta,0.005290131167831608,4.577202107622952e-06,0.4026797238118043,CM
,235560,Contig_305281.fasta,0.02110680956845384,8.473430406320721e-05,0.46932180448276484,CM
,235560,Contig_1264101.fasta,0.003503245230099943,1.7140160189651512e-06,0.3844813796789782,CM
,235560,Contig_53427.fasta,0.017621694328602236,6.392980536103419e-05,0.46466121059515053,CM
,235560,Contig_1063267.fasta,0.02093488544868041,8.325208531833646e-05,0.46838222129060714,CM
,235560,Contig_555358.fasta,0.005916681774043565,5.775881146183969e-06,0.42003037618430566,CM
,235560,Contig_368078.fasta,0.017947787354944244,6.204474648259356e-05,0.4637401774720679,CM
,235560,Contig_798280.fasta,0.014529962928824507,3.926857357642734e-05,0.457617446522559,CM
,235560,Contig_57241.fasta,0.007775906730011671,1.0724584936710196e-05,0.4290819248686993,CM
,235560,Contig_550914.fasta,0.0011170904882864343,0.0,0.30713084284169123,CM
,235560,Contig_202130.fasta,0.0024026258574944815,7.651531900394036e-07,0.36230262413419784,CM
,235560,Contig_792223.fasta,0.01740335562551918,5.931211525837365e-05,0.4630517952195117,CM
,235560,Contig_368085.fasta,0.01812208808376862,6.537494964906208e-05,0.46535438992473055,CM
,235560,Contig_713989.fasta,0.01699684667471388,5.6411474951873985e-05,0.4619090217860973,CM
,235560,Contig_56628.fasta,0.020869468266353917,8.691226014614361e-05,0.46932180448276484,CM
,235560,Contig_369883.fasta,0.007133557188581101,8.298470109660743e-06,0.4271235409122013,CM
,235560,Contig_500548.fasta,0.0034677202092279237,1.5810545938606337e-06,0.3799543963210041,CM
,235560,Contig_138155.fasta,0.0179808200878764,6.117120224420187e-05,0.4644306094980809,CM
,235560,Contig_307949.fasta,0.02439537874602935,0.00011814378829046712,0.47407683796283334,CM
,235560,Contig_135889.fasta,0.01983490242993966,7.832280064928877e-05,0.46861676421564,CM
,235560,Contig_56903.fasta,0.0092761137248454,1.4970684739230661e-05,0.43709840174620884,CM
,235560,Contig_134889.fasta,0.020824731347114978,8.715842519575727e-05,0.46932180448276484,CM
,235560,Contig_367996.fasta,0.011279588297133358,2.3837920594978326e-05,0.44648267086766846,CM
,235560,Contig_57903.fasta,0.011521844336193946,2.4338402120766247e-05,0.4452082198566285,CM
,235560,Contig_139294.fasta,0.0165131798270977,5.148443586597342e-05,0.46122606118217496,CM
,235560,Contig_180.fasta,0.006077115857733646,5.865323953576191e-06,0.41815356485193617,CM
,235560,Contig_1268736.fasta,0.02633144645936449,0.00013567144690287123,0.4755221941761347,CM
,235560,Contig_308022.fasta,0.02276493942888494,9.629131552754871e-05,0.470501597857533,CM
,235560,Contig_985128.fasta,0.015915884180656828,5.024873768938138e-05,0.4623654536258069,CM
,235560,Contig_371212.fasta,0.02312071612337438,0.00010511345318487731,0.4726402414841581,CM
,235560,Contig_421597.fasta,0.009151050733605899,1.7221522490219005e-05,0.4358768878149199,CM
,235560,Contig_985291.fasta,0.02163308406763859,9.321952794483587e-05,0.47168733777148847,CM
,235560,Contig_59394.fasta,0.009142390992780657,1.4551297380813148e-05,0.43547123226553425,CM
,235560,Contig_498502.fasta,0.01621257902707829,4.76529768382839e-05,0.45806543227539553,CM
,235560,Contig_423189.fasta,0.01574192563131912,4.6630355628859564e-05,0.4567240986523344,CM
,235560,Contig_543062.fasta,0.0026155250889529427,9.776078735577638e-07,0.3749309607927216,CM
,235560,Contig_543821.fasta,0.0,0.0,0.0,CM
,235560,Contig_429994.fasta,0.01950213444974489,6.948415994201567e-05,0.464200237171941,CM
,235560,Contig_1065861.fasta,0.020126685441254483,7.938946169432979e-05,0.46861676421564,CM
,235560,Contig_55662.fasta,0.021200303299257192,8.751323017567248e-05,0.46955728958285653,CM
,235560,Contig_1268437.fasta,0.006837853574926891,7.060103669266134e-06,0.42211442405892335,CM
,235560,Contig_1065067.fasta,0.0,0.0,0.0,CM
,235560,Contig_135849.fasta,0.019653895172652616,7.619481134179791e-05,0.46767999906978164,CM
,235560,Contig_4084.fasta,0.015985077410330693,4.621276906125218e-05,0.45806543227539553,CM
,235560,Contig_424464.fasta,0.005606807639038434,4.133187098764001e-06,0.4079458056402062,CM
,235560,Contig_371156.fasta,0.02244330390161945,9.856143030657543e-05,0.47097517772452596,CM
,235560,Contig_502196.fasta,0.018586723323887878,6.29191080013883e-05,0.4637401774720679,CM
,235560,Contig_1260871.fasta,0.0058756868530906,5.780458118525547e-06,0.4135341043476063,CM
,235560,Contig_368806.fasta,0.005147788481918073,4.298812541794296e-06,0.41481723321747915,CM
,235560,Contig_58444.fasta,0.015530147056311965,4.541485361415684e-05,0.4585142960012901,CM
,235560,Contig_984996.fasta,0.01272647101697828,2.932290480142427e-05,0.449484955878306,CM
,235560,Contig_990044.fasta,0.015038998339883638,4.288108155478626e-05,0.4562787314181536,CM
,235560,Contig_1274572.fasta,0.017536813354773632,6.049694155795844e-05,0.46259400797757444,CM
,235560,Contig_542553.fasta,0.019891166349481224,7.646529904846372e-05,0.4665142961807742,CM
,235560,Contig_131771.fasta,0.024213299185487643,0.00011275542677588063,0.47287906929693435,CM
,235560,Contig_499076.fasta,0.012462599342383585,2.8229213532814162e-05,0.4469091108589461,CM
,235560,Contig_134152.fasta,0.016074968270694785,4.848264950986022e-05,0.4582897542304766,CM
,235560,Contig_131734.fasta,0.01944885177801334,7.099155585083361e-05,0.4660496405072874,CM
,235560,Contig_58559.fasta,0.014595379720878007,4.484383488813096e-05,0.4616811436303074,CM
,235560,Contig_55483.fasta,0.004848399611535859,4.6563842601312385e-06,0.4086583747330275,CM
,235560,Contig_55811.fasta,0.009828670936612322,1.8191238353532535e-05,0.44163646915461685,CM
,235560,Contig_985419.fasta,0.017457272942202114,6.108434293629339e-05,0.46351048941982814,CM
,235560,Contig_213506.fasta,0.027804629681071263,0.00015332438882474374,0.4781950322629704,CM
,235560,Contig_135253.fasta,0.02539047817739245,0.0001209796794229286,0.4731181385938489,CM
,235560,Contig_24576898.fasta,0.004623291929471886,3.2289343174666173e-06,0.40424521733850244,CM
,235560,Contig_306742.fasta,0.018373873369558546,6.482026134317741e-05,0.4637401774720679,CM
,235560,Contig_55353.fasta,0.007630193051174698,9.385182928679658e-06,0.4255696580894193,CM
,235560,Contig_1063497.fasta,0.0011170904882864343,0.0,0.30713084284169123,CM
,235560,Contig_302609.fasta,0.01989745230043267,7.182965520345023e-05,0.46535438992473055,CM
,235560,Contig_1063840.fasta,0.009393827475711604,1.5396869421379965e-05,0.44038949559465085,CM
,235560,Contig_986139.fasta,0.014535212479928067,3.726911601561801e-05,0.45143641010064306,CM
,235560,Contig_370130.fasta,0.017781389456404232,6.111481532258143e-05,0.46489204080408997,CM
,235560,Contig_54604.fasta,0.015549967896597962,4.873297154899417e-05,0.46122606118217496,CM
,235560,Contig_554797.fasta,0.015013942301178196,4.5618606425000306e-05,0.4589640402837828,CM
,235560,Contig_421549.fasta,0.0046809409930913,2.960502325182832e-06,0.40198783425199014,CM
,235560,Contig_61036.fasta,0.025162751126209977,0.00012250302614721966,0.4731181385938489,CM
,235560,Contig_303473.fasta,0.009284604729034791,1.6553603913719914e-05,0.43914954394116995,CM
,235560,Contig_501657.fasta,0.01602950630671959,4.8082855732875136e-05,0.45806543227539553,CM
,235560,Contig_1062279.fasta,0.013451821369862418,3.3681536016553136e-05,0.4534048828191052,CM
,235560,Contig_58467.fasta,0.0013088239869547679,0.0,0.32641356056457377,CM
,235560,Contig_709008.fasta,0.016386836557173236,5.148213502981081e-05,0.46077187500671246,CM
,235560,Contig_306639.fasta,0.0047487243134336134,3.995357979423102e-06,0.4012983182412663,CM
,235560,Contig_134328.fasta,0.02335531201355299,0.00010587305195968037,0.4724016547898198,CM
,235560,Contig_791908.fasta,0.002508636796335617,7.364384676185394e-07,0.3690172232407859,CM
,235560,Contig_24572783.fasta,0.012058755584848804,2.9096141947383278e-05,0.45035018197239324,CM
,235560,Contig_53481.fasta,0.0,0.0,0.0,CM
,235560,Contig_931044.fasta,0.02129572893229077,8.81697240013861e-05,0.4700289694317595,CM
,235560,Contig_369322.fasta,0.02166450772179163,9.142776725089875e-05,0.46861676421564,CM
,235560,Contig_553512.fasta,0.0023515150452751085,6.605258543796129e-07,0.35786909297844477,CM
,235560,Contig_368367.fasta,0.002209744023871855,3.937190281095363e-07,0.348539172491111,CM
,235560,Contig_986515.fasta,0.01532974064606529,4.483411940136425e-05,0.4578413298134213,CM
,235560,Contig_61542.fasta,0.012175752816598053,2.841219221978908e-05,0.44669578908765306,CM
,235560,Contig_137592.fasta,0.025808034291189937,0.00013183249369152312,0.47624818225884635,CM
,235560,Contig_498311.fasta,0.009837716765894533,1.7623843308826254e-05,0.4420536977508895,CM
,235560,Contig_369512.fasta,0.010610065493146794,2.065425883737409e-05,0.4418449849568617,CM
,235560,Contig_135235.fasta,0.0032791106620742617,1.4247283061002045e-06,0.37689395011624366,CM
,235560,Contig_62671.fasta,0.00849718289991004,1.2731875881600976e-05,0.4348641627038258,CM
,235560,Contig_370401.fasta,0.020457680679207516,7.99757464272629e-05,0.46767999906978164,CM
,235560,Contig_2412.fasta,0.0034819292808190776,1.4465769690707404e-06,0.3796461168919404,CM
,235560,Contig_370444.fasta,0.02513264618445304,0.00011811247199078882,0.4726402414841581,CM
,235560,Contig_57800.fasta,0.027295538705578395,0.00014322617320496072,0.47624818225884635,CM
,235560,Contig_56006.fasta,0.017416697248009358,5.984080671605695e-05,0.4639700932764666,CM
,235560,Contig_371401.fasta,0.0057164751134328885,6.7541339577485074e-06,0.4177802134547469,CM
,235560,Contig_56492.fasta,0.0012464046632659597,0.0,0.31841703917612557,CM
,235560,Contig_3412.fasta,0.0023093787666150266,6.036128100662489e-07,0.3559633617872321,CM
,235560,Contig_498484.fasta,0.016836678866568727,6.0358620496773985e-05,0.46466121059515053,CM
,235560,Contig_303206.fasta,0.014944414353627965,4.3169403100012455e-05,0.45561230678609205,CM
,235560,Contig_368656.fasta,0.02348851592371139,0.00010601128145531366,0.4724016547898198,CM
,235560,Contig_552825.fasta,0.02764297672118691,0.00015087002575099167,0.47770682906515216,CM
,235560,Contig_55071.fasta,0.02618726876688527,0.0001300380891026333,0.47383679905753573,CM
,235560,Contig_993479.fasta,0.02456244748626086,0.00011751109797399486,0.4735970031065957,CM
,235560,Contig_499778.fasta,0.011899130550740482,2.7886118198093545e-05,0.4512187454863226,CM
,235560,Contig_5203.fasta,0.002196350636637,3.355903810138079e-07,0.34905918617628984,CM
,235560,Contig_139312.fasta,0.01966940648193202,7.415352444438261e-05,0.46512310046651745,CM
,235560,Contig_132309.fasta,0.016193504282411727,4.9083044465619443e-05,0.45986618090350523,CM
,235560,Contig_1064674.fasta,0.005017666021304749,3.688746384682862e-06,0.40883690613308565,CM
,235560,Contig_551478.fasta,0.009135833690949342,1.4944782763718433e-05,0.4358768878149199,CM
,235560,Contig_549697.fasta,0.0021364426674656814,3.884849727499887e-07,0.34609011765481995,CM
,235560,Contig_424567.fasta,0.009933720187599724,2.089266557003126e-05,0.4471226364733077,CM
,235560,Contig_549556.fasta,0.00813581223717718,1.218225151093221e-05,0.4340573646283085,CM
,235560,Contig_1064927.fasta,0.02311512871804848,9.993217403928365e-05,0.47026516489378545,CM
,235560,Contig_134109.fasta,0.004314631228347326,2.6300857881178178e-06,0.388310239891549,CM
,235560,Contig_550094.fasta,0.02098249491197919,8.774890791646816e-05,0.4688515421536238,CM
,235560,Contig_136183.fasta,0.02388082606043399,0.0001064576639553662,0.4712123253467438,CM
,235560,Contig_499700.fasta,0.020752173722568806,7.770677605789986e-05,0.4665142961807742,CM
,235560,Contig_131801.fasta,0.013269964028678381,3.2435332039345546e-05,0.45406486081447506,CM
,235560,Contig_303182.fasta,0.0,0.0,0.0,CM
,235560,Contig_502444.fasta,0.025427040142224418,0.00012526389885337226,0.4745576461149255,CM
,235560,Contig_203422.fasta,0.005280680961017512,3.7586895732860797e-06,0.40233348157292914,CM
,235560,Contig_61582.fasta,0.021268652171824144,9.082796162090091e-05,0.47026516489378545,CM
,235560,Contig_204934.fasta,0.012296454474400175,2.6610384730590025e-05,0.4462697559077888,CM
,235560,Contig_302553.fasta,0.0129661972434566,3.328094433566276e-05,0.4518723699365684,CM
,235560,Contig_308121.fasta,0.024868071209483675,0.00012313100415530808,0.4755221941761347,CM
,235560,Contig_502068.fasta,0.002498213315698936,6.160171911727554e-07,0.36814621484603977,CM
,235560,Contig_134208.fasta,0.022050852690716216,9.482323552651247e-05,0.46979301111377164,CM
,235560,Contig_372022.fasta,0.020606847407749842,7.538766401086086e-05,0.46535438992473055,CM
,235560,Contig_542609.fasta,0.020619277602909405,8.017964610507559e-05,0.466746971640216,CM
,235560,Contig_60217.fasta,0.014380760530217607,3.980692298789055e-05,0.4565013064090893,CM
,235560,Contig_993700.fasta,0.021511222143028797,8.973219712154767e-05,0.470501597857533,CM
,235560,Contig_58603.fasta,0.018626820344985785,6.863810373711966e-05,0.46535438992473055,CM
,235560,Contig_62124.fasta,0.026341313293336655,0.00013364223467695775,0.47576394414775447,CM
,235560,Contig_428405.fasta,0.008623708075539178,1.4104977722946925e-05,0.43648679017660125,CM
,235560,Contig_498444.fasta,0.013719960824073311,3.3089310145956065e-05,0.45143641010064306,CM
,235560,Contig_543124.fasta,0.003424145990072113,1.4019809059649528e-06,0.38670565212340213,CM
,235560,Contig_502700.fasta,0.007750496129712178,1.0435961334110369e-05,0.4269286852822231,CM
,235560,Contig_547137.fasta,0.0,0.0,0.0,CM
,235560,Contig_303062.fasta,0.02328105391035988,0.00010745352958722066,0.4735970031065957,CM
,235560,Contig_986691.fasta,0.0070838783055704995,1.0102096819262804e-05,0.4265395069000151,CM
,235560,Contig_930711.fasta,0.022933537355919045,0.0001035808003077993,0.471925203297344,CM
,235560,Contig_550174.fasta,0.015197511710341095,4.3018025969791036e-05,0.45873905791109465,CM
,235560,Contig_132605.fasta,0.009377686413166605,1.4099531547661545e-05,0.4385321828203529,CM
,235560,Contig_985136.fasta,0.005530012594450047,5.107129582959485e-06,0.4117147726082856,CM
,235560,Contig_135781.fasta,0.02102007961025287,8.860254277541248e-05,0.47026516489378545,CM
,235560,Contig_135350.fasta,0.020333955180018924,8.209625721286904e-05,0.46979301111377164,CM
,235560,Contig_24572895.fasta,0.016541467348302228,5.369530597730792e-05,0.4621371250067324,CM
,235560,Contig_549067.fasta,0.0034829074998541706,1.5220004145995776e-06,0.38243877324831754,CM
,235560,Contig_201548.fasta,0.0012161291633998408,0.0,0.31841703917612557,CM
,235560,Contig_423546.fasta,0.002273524016107745,4.2692130014453804e-07,0.35221214833971887,CM
,235560,Contig_56965.fasta,0.02341413826771128,0.00011252019988529324,0.47479841610280726,CM
,235560,Contig_989310.fasta,0.019511985712239412,7.750096310840513e-05,0.46791383906931655,CM
,235560,Contig_1268491.fasta,0.0013088239869547679,0.0,0.32641356056457377,CM
,235560,Contig_306129.fasta,0.014161114969212804,3.902638454112488e-05,0.4562787314181536,CM
,235560,Contig_420630.fasta,0.0,0.0,0.0,CM
,235560,Contig_133996.fasta,0.025370217346728455,0.00012694428211576918,0.47528068976060595,CM
,235560,Contig_932723.fasta,0.0129670158187102,3.02829962813882e-05,0.4505670092145561,CM
,235560,Contig_501147.fasta,0.009778247259087852,1.671378085580134e-05,0.441428150065393,CM
,235560,Contig_303326.fasta,0.015226828583927684,4.505037317945193e-05,0.4591892434438828,CM
,235560,Contig_131637.fasta,0.016693161165138328,5.5292179550469373e-05,0.46259400797757444,CM
,235560,Contig_309378.fasta,0.00947777788571934,1.7350642105389026e-05,0.4410121009135877,CM
,235560,Contig_987947.fasta,0.004752729708791493,3.339043297694718e-06,0.4044199127651828,CM
,235560,Contig_794883.fasta,0.022243536184164806,9.520327526825226e-05,0.47097517772452596,CM
,235560,Contig_500102.fasta,0.02546084835855526,0.00012608960309190036,0.4750394305272249,CM
,235560,Contig_371148.fasta,0.011442563819637137,2.5513403972005588e-05,0.4460570439173656,CM
,235560,Contig_429171.fasta,0.0248059560115904,0.00012266240045357007,0.47528068976060595,CM
,235560,Contig_543887.fasta,0.00250867487522167,6.493752904112062e-07,0.36684738460942107,CM
,235560,Contig_53404.fasta,0.022107891253436283,9.329755489363114e-05,0.47026516489378545,CM
,235560,Contig_53441.fasta,0.007348808305366761,8.912138574185552e-06,0.4281004932015705,CM
,235560,Contig_542338.fasta,0.017304827004525417,5.7525158601028065e-05,0.4616811436303074,CM
,235560,Contig_1065711.fasta,0.01046549608786104,1.7070903893880802e-05,0.4397686457418388,CM
,235560,Contig_984988.fasta,0.020262688421719993,7.78414841920275e-05,0.4681479130258295,CM
,235560,Contig_368263.fasta,0.020292107407287322,8.084032708197604e-05,0.4688515421536238,CM
,235560,Contig_993761.fasta,0.014508627106417992,4.258915272804571e-05,0.4582897542304766,CM
,235560,Contig_542943.fasta,0.011683949913526144,2.5237356634396574e-05,0.4484080872729435,CM
,235560,Contig_133011.fasta,0.011886294623153673,2.918760985619792e-05,0.45143641010064306,CM
,235560,Contig_542594.fasta,0.006832041345564025,8.074472141182807e-06,0.4230685705870855,CM
,235560,Contig_548958.fasta,0.019645648462819774,7.612184653648953e-05,0.466746971640216,CM
,235560,Contig_931946.fasta,0.015515299850284143,4.392221285091949e-05,0.4591892434438828,CM
,235560,Contig_1063039.fasta,0.01267959577832807,3.221616500970291e-05,0.4510012906692208,CM
,235560,Contig_502009.fasta,0.021674376201822117,9.26295925158407e-05,0.46979301111377164,CM
,235560,Contig_498308.fasta,0.01794486506964126,6.419039421353444e-05,0.46535438992473055,CM
,235560,Contig_53952.fasta,0.02227929119414785,9.278942612717666e-05,0.46908655545796146,CM
,235560,Contig_929016.fasta,0.011825762285158971,2.5445623300334727e-05,0.44542012286465166,CM
,235560,Contig_55444.fasta,0.015197891288140473,4.485338685722698e-05,0.4582897542304766,CM
,235560,Contig_58949.fasta,0.01076460679475304,2.2342956541001647e-05,0.44457371883070457,CM
,235560,Contig_1065204.fasta,0.02046276050093824,8.87217392652643e-05,0.4712123253467438,CM
,235560,Contig_55095.fasta,0.02083419209558894,8.319454711916089e-05,0.4681479130258295,CM
,235560,Contig_986384.fasta,0.021900220113537767,9.422602415551724e-05,0.47026516489378545,CM
,235560,Contig_420408.fasta,0.021312391275565334,8.843891333280721e-05,0.46955728958285653,CM
,235560,Contig_137576.fasta,0.02584890083989796,0.00012722043134656894,0.4745576461149255,CM
,235560,Contig_53578.fasta,0.01531447398824762,4.249395553893065e-05,0.4578413298134213,CM
,235560,Contig_56433.fasta,0.011850147637433313,2.4490209147142202e-05,0.4475503004010679,CM
,235560,Contig_24577731.fasta,0.01898701632778666,7.125967118382718e-05,0.4669798793106951,CM
,235560,Contig_56476.fasta,0.0223053299169177,9.893997588739342e-05,0.471925203297344,CM
,235560,Contig_54700.fasta,0.017956056766111596,6.128304384977353e-05,0.4637401774720679,CM
,235560,Contig_1064903.fasta,0.01831034303323465,6.442917315415215e-05,0.4623654536258069,CM
,235560,Contig_542569.fasta,0.0037343628605441014,1.9495682058272044e-06,0.39553156303407994,CM
,235560,Contig_1062081.fasta,0.00374096880838285,1.6535666441772502e-06,0.39370116875836475,CM
,235560,Contig_24576774.fasta,0.003388387783075027,1.6779887376522475e-06,0.38369318496868926,CM
,235560,Contig_138216.fasta,0.018330907252825827,6.369991276826855e-05,0.4637401774720679,CM
,235560,Contig_799287.fasta,0.009601318937176032,1.7986135039674382e-05,0.4422626078159892,CM
,235560,Contig_1066406.fasta,0.02389427780853824,0.00010867862216348287,0.47097517772452596,CM
,235560,Contig_371290.fasta,0.009518466169736712,1.685789858996079e-05,0.4422626078159892,CM
,235560,Contig_498639.fasta,0.013110979875169725,3.1932061600999995e-05,0.45406486081447506,CM
,235560,Contig_542359.fasta,0.008431582315705814,1.322170368774396e-05,0.4375070959039893,CM
,235560,Contig_991920.fasta,0.018661624574544417,6.812067443180541e-05,0.46558590952170803,CM
,235560,Contig_306564.fasta,0.005862002545123753,5.603099608372609e-06,0.4146334417982424,CM
,235560,Contig_550251.fasta,0.0012982255383448067,0.0,0.32595878723045385,CM
,235560,Contig_131613.fasta,0.013831799525129163,3.6492252106765445e-05,0.4551691041530317,CM
,235560,Contig_423948.fasta,0.0,0.0,0.0,CM
,235560,Contig_56904.fasta,0.008076250246777435,1.2311064574203436e-05,0.42987031609491644,CM
,235560,Contig_135088.fasta,0.02114489445749078,8.806128081536759e-05,0.47073826868140495,CM
,235560,Contig_427790.fasta,0.024675991772573003,0.0001179754953519238,0.47407683796283334,CM
,235560,Contig_246.fasta,0.007299358124715222,9.957082407811308e-06,0.4304635134032351,CM
,235560,Contig_139152.fasta,0.01908708663158773,7.173788503466099e-05,0.4669798793106951,CM
,235560,Contig_60097.fasta,0.004420245307176296,2.831241330640301e-06,0.3970418659900862,CM
,235560,Contig_309018.fasta,0.02438942839958085,0.00011645391943223525,0.47407683796283334,CM
,235560,Contig_368416.fasta,0.009343066993373983,1.603416117572786e-05,0.44122002741095384,CM
,235560,Contig_305513.fasta,0.026822746750890327,0.00013992683074982414,0.47649067115001686,CM
,235560,Contig_137002.fasta,0.008038884248537699,1.1214571647042834e-05,0.4332535546938116,CM
,235560,Contig_421629.fasta,0.0,0.0,0.0,CM
,235560,Contig_625912.fasta,0.0,0.0,0.0,CM
,235560,Contig_131696.fasta,0.011213281604679158,2.1581898793621857e-05,0.44163646915461685,CM
,235560,Contig_304203.fasta,0.02611447895424707,0.0001266102543040731,0.47287906929693435,CM
,235560,Contig_420590.fasta,0.012739925340405673,2.9285495625235357e-05,0.449484955878306,CM
,235560,Contig_370681.fasta,0.022497514505784057,0.00010196213040407224,0.4735970031065957,CM
,235560,Contig_548716.fasta,0.009568826638469887,1.5280617432102786e-05,0.4375070959039893,CM
,235560,Contig_212088.fasta,0.01864602340964813,6.780956744678261e-05,0.4644306094980809,CM
,235560,Contig_985929.fasta,0.01395656298023867,3.791957584607174e-05,0.45539059763437134,CM
,235560,Contig_1124471.fasta,0.0011506419435873597,0.0,0.3104935892961623,CM
,235560,Contig_24578704.fasta,0.02439269168647588,0.00011724432121629724,0.47383679905753573,CM
,235560,Contig_53458.fasta,0.014911242691452302,4.3362481721352426e-05,0.4567240986523344,CM
,235560,Contig_369801.fasta,0.01061824322725447,2.0399346537803972e-05,0.4456322276850634,CM
,235560,Contig_498641.fasta,0.017257648818406586,6.012176498050334e-05,0.4632810287815015,CM
,235560,Contig_984991.fasta,0.019829307689310165,8.12161736368409e-05,0.46979301111377164,CM
,235560,Contig_501958.fasta,0.008245165698334934,1.2777020238829382e-05,0.4338561326558336,CM
,235560,Contig_133189.fasta,0.0011619250828523522,0.0,0.3116309284510933,CM
,235560,Contig_62449.fasta,0.021856667511724156,9.156935545671649e-05,0.46955728958285653,CM
,235560,Contig_370912.fasta,0.026746000158283687,0.00014147327939900315,0.47673340710067913,CM
,235560,Contig_542449.fasta,0.001083827989928958,0.0,0.3037415378573947,CM
,235560,Contig_548885.fasta,0.002583036226301711,7.35385683426359e-07,0.37358390344855613,CM
,235560,Contig_367951.fasta,0.015919304776404394,4.7973171875972184e-05,0.4578413298134213,CM
,235560,Contig_1234.fasta,0.0209387183005824,8.737718878671653e-05,0.46979301111377164,CM
,235560,Contig_53375.fasta,0.008471589342886828,1.1817505698528866e-05,0.43305306716271774,CM
,235560,Contig_1064866.fasta,0.0026045399379746306,6.762105775875212e-07,0.37373309829817614,CM
,235560,Contig_55484.fasta,0.0209929601965451,8.486949463944667e-05,0.46932180448276484,CM
,235560,Contig_309986.fasta,0.020734730858157854,8.283921374229414e-05,0.46861676421564,CM
,235560,Contig_2772.fasta,0.0012161291633998408,0.0,0.31841703917612557,CM
,235560,Contig_133368.fasta,0.022394013434053096,0.00010139629184777422,0.4731181385938489,CM
,235560,Contig_1062791.fasta,0.00615069479183077,6.13539240046974e-06,0.421924110973234,CM
,235560,Contig_802396.fasta,0.0024594659305421274,5.358768748021892e-07,0.3641352833224253,CM
,235560,Contig_1063340.fasta,0.014556675551680201,4.48884765455389e-05,0.4585142960012901,CM
,235560,Contig_500006.fasta,0.023384349973466313,0.0001072234396347517,0.4735970031065957,CM
,235560,Contig_132445.fasta,0.018497483760609622,6.699438499578673e-05,0.4644306094980809,CM
,235560,Contig_992335.fasta,0.023034394604170595,0.0001040285298371426,0.4712123253467438,CM
,235560,Contig_500492.fasta,0.02040980804454735,7.744510205133463e-05,0.4665142961807742,CM
,235560,Contig_304732.fasta,0.013960940331577312,3.720709285540761e-05,0.45605637336190696,CM
,235560,Contig_545842.fasta,0.007344022692895157,9.653732680211324e-06,0.4281004932015705,CM
,235560,Contig_552844.fasta,0.0022587699603258083,4.1877942304317043e-07,0.35637002213961655,CM
,235560,Contig_57067.fasta,0.003684892237337595,2.4178655349089035e-06,0.3948639992146131,CM
,235560,Contig_2436.fasta,0.004406903355384149,2.6469653688404155e-06,0.3940327065846876,CM
,235560,Contig_133069.fasta,0.0012026665282204496,0.0,0.31541209239589924,CM
,235560,Contig_420771.fasta,0.019583563545065078,7.07342439245603e-05,0.4660496405072874,CM
,235560,Contig_56861.fasta,0.012854964160963706,3.271320044766309e-05,0.4516542848159426,CM
,235560,Contig_132069.fasta,0.017614948262513655,6.079281679641601e-05,0.4632810287815015,CM
,235560,Contig_551070.fasta,0.00968993080818944,1.6673956296898356e-05,0.44310022639139823,CM
,235560,Contig_985077.fasta,0.00605152441032161,6.0839626019654785e-06,0.4183404908979138,CM
,235560,Contig_551035.fasta,0.0012687752965836248,0.0,0.3222547101028351,CM
,235560,Contig_545300.fasta,0.0,0.0,0.0,CM
,235560,Contig_542610.fasta,0.00238648447144877,6.033305966601312e-07,0.36034951025746365,CM
,235560,Contig_1065239.fasta,0.01719920236016344,5.714729844960022e-05,0.46259400797757444,CM
,235560,Contig_370582.fasta,0.011640914637242563,2.3456167883492786e-05,0.44436262019878114,CM
,235560,Contig_57185.fasta,0.007798396214874922,1.1525739710743966e-05,0.4314558221017211,CM
,235560,Contig_131669.fasta,0.01941837465495929,7.195895573496014e-05,0.46581765960111154,CM
,235560,Contig_136379.fasta,0.01874287500643059,6.581395620801988e-05,0.4644306094980809,CM
,235560,Contig_986919.fasta,0.014193943480564202,4.222367774768388e-05,0.4582897542304766,CM
,235560,Contig_61778.fasta,0.023198537665925077,9.939526185505712e-05,0.46932180448276484,CM
,235560,Contig_53377.fasta,0.003735316623553931,2.1647348383118828e-06,0.39553156303407994,CM
,235560,Contig_61055.fasta,0.01874292032752071,6.80299508590665e-05,0.46558590952170803,CM
,235560,Contig_932015.fasta,0.015082718950914703,4.216894120568706e-05,0.45694710846612946,CM
,235560,Contig_304943.fasta,0.0035371264150361303,1.6347965770948342e-06,0.384955852792527,CM
,235560,Contig_303410.fasta,0.017441542644603455,5.9378514605479194e-05,0.464200237171941,CM
,235560,Contig_797051.fasta,0.010837758735647688,2.092345909239453e-05,0.44436262019878114,CM
,235560,Contig_368429.fasta,0.01953336164654334,7.558674681901486e-05,0.4674463926766399,CM
,235560,Contig_369429.fasta,0.011118332082257699,2.3527974620030528e-05,0.44648267086766846,CM
,235560,Contig_498995.fasta,0.022357493095870897,9.443367929260366e-05,0.4700289694317595,CM
,235560,Contig_132970.fasta,0.009831696210361372,1.7517476718942095e-05,0.4428905244385391,CM
,235560,Contig_369790.fasta,0.01392421184167459,3.52539787997251e-05,0.45296596231298797,CM
,235560,Contig_498542.fasta,0.003065101215836815,9.77907994505029e-07,0.3690172232407859,CM
,235560,Contig_369341.fasta,0.02110221799360273,8.901190723892735e-05,0.47073826868140495,CM
,235560,Contig_60785.fasta,0.007573408044748249,1.1124177663927355e-05,0.4340573646283085,CM
,235560,Contig_24569917.fasta,0.008884770945308488,1.3996594319733788e-05,0.4340573646283085,CM
,235560,Contig_501535.fasta,0.008424113119345563,1.304381121243979e-05,0.4362832998315306,CM
,235560,Contig_56399.fasta,0.014994394633089192,4.251694994330471e-05,0.45694710846612946,CM
,235560,Contig_498337.fasta,0.026906429103094195,0.00014194499636520548,0.4772196216923167,CM
,235560,Contig_137165.fasta,0.022183473038597416,9.631970199592004e-05,0.4712123253467438,CM
,235560,Contig_992875.fasta,0.01022864408984442,1.7718022468459617e-05,0.44038949559465085,CM
,235560,Contig_136120.fasta,0.028716512959940522,0.0001618553142418968,0.478439508250835,CM
,235560,Contig_425638.fasta,0.0,0.0,0.0,CM
,235560,Contig_1267810.fasta,0.02538483169406274,0.00012755697789448107,0.4745576461149255,CM
,235560,Contig_370427.fasta,0.002419715228457665,5.246976150128631e-07,0.3624429427337851,CM
,235560,Contig_131789.fasta,0.020142276475025395,7.911305745893949e-05,0.4660496405072874,CM
,235560,Contig_2471.fasta,0.01964690731522914,6.891792785419943e-05,0.46351048941982814,CM
,235560,Contig_1062006.fasta,0.015396497841843743,4.877524215549699e-05,0.4609988562259276,CM
,235560,Contig_1125243.fasta,0.02455969318402307,0.00012031097437778243,0.4745576461149255,CM
,235560,Contig_57065.fasta,0.00851913645869711,1.4784953805045234e-05,0.43709840174620884,CM
,235560,Contig_61698.fasta,0.014655088821161354,3.645663779278512e-05,0.4518723699365684,CM
,235560,Contig_302649.fasta,0.018235028307969584,6.117819125617685e-05,0.4616811436303074,CM
,235560,Contig_423091.fasta,0.015979466520327775,4.984556724491136e-05,0.4582897542304766,CM
,235560,Contig_54356.fasta,0.006752428120455262,6.436044893373387e-06,0.4177802134547469,CM
,235560,Contig_546759.fasta,0.007257324222960218,1.017230030004452e-05,0.4296729468037801,CM
,235560,Contig_307829.fasta,0.0207995359867882,8.533157352836121e-05,0.4700289694317595,CM
,235560,Contig_56065.fasta,0.01931830347583575,7.664697724860329e-05,0.46979301111377164,CM
,235560,Contig_793801.fasta,0.017043217643465898,5.476515795266352e-05,0.45986618090350523,CM
,235560,Contig_809830.fasta,0.008207020475043457,1.2586414779255336e-05,0.4324527163302371,CM
,235560,Contig_57449.fasta,0.01276086594725614,3.0250193423840265e-05,0.4512187454863226,CM
,235560,Contig_55851.fasta,0.008519698263058848,1.3120712382516002e-05,0.43730265333580987,CM
,235560,Contig_54486.fasta,0.013347392132680533,3.213810155647697e-05,0.45406486081447506,CM
,235560,Contig_371875.fasta,0.01921588229508806,7.437195277510329e-05,0.4688515421536238,CM
,235560,Contig_308206.fasta,0.0,0.0,0.0,CM
,235560,Contig_56474.fasta,0.02052177138012745,7.93370762956289e-05,0.4662818525852681,CM
,235560,Contig_54702.fasta,0.0012982255383448067,0.0,0.32595878723045385,CM
,235560,Contig_131749.fasta,0.012617995304370718,3.0043685783535252e-05,0.4510012906692208,CM
,235560,Contig_370036.fasta,0.025302284165584926,0.00012435488372477312,0.4743171201919073,CM
,235560,Contig_986386.fasta,0.013140206796219786,3.305002263034175e-05,0.4520906657674556,CM
,235560,Contig_62203.fasta,0.01872460359354682,7.077653840043888e-05,0.4665142961807742,CM
,235560,Contig_499726.fasta,0.023084018687876916,0.00010301056197494267,0.4712123253467438,CM
,235560,Contig_704029.fasta,0.006988138425914502,8.170885976080215e-06,0.4265395069000151,CM
,235560,Contig_1275222.fasta,0.01501265712973791,4.220007161568245e-05,0.4562787314181536,CM
,235560,Contig_202090.fasta,0.009397509072184094,1.5278703996730884e-05,0.4381215721622814,CM
,235560,Contig_134602.fasta,0.014409703703752936,4.389329149523605e-05,0.4596403134276194,CM
,235560,Contig_708522.fasta,0.015361960527423772,4.2726420125990756e-05,0.4571703361693371,CM
,235560,Contig_553715.fasta,0.007068952521067969,8.159483574554844e-06,0.42078582650118396,CM
,235560,Contig_56788.fasta,0.01743579757173903,6.045679659429782e-05,0.4632810287815015,CM
,235560,Contig_543246.fasta,0.0,0.0,0.0,CM
,235560,Contig_1064243.fasta,0.015407911065862864,4.7741465447138374e-05,0.46009227047130435,CM
,235560,Contig_1064692.fasta,0.0026070495252995744,7.381764456072751e-07,0.3740318457788302,CM
,235560,Contig_58108.fasta,0.0024317060594751536,5.441897649804069e-07,0.361462988852311,CM
,235560,Contig_133815.fasta,0.00377266426761052,2.2276206419573974e-06,0.39519749921394975,CM
,235560,Contig_62147.fasta,0.02220561107072352,9.180682749247855e-05,0.46838222129060714,CM
,235560,Contig_501081.fasta,0.009651840452819914,1.8059439684526724e-05,0.44457371883070457,CM
,235560,Contig_61231.fasta,0.0180290239509314,5.9282493089674505e-05,0.46122606118217496,CM
,235560,Contig_24568074.fasta,0.01393891085320482,3.238447137560715e-05,0.4523091726141291,CM
,235560,Contig_546764.fasta,0.014698036757727257,3.8186898463332944e-05,0.4523091726141291,CM
,235560,Contig_137630.fasta,0.02197331903399379,9.265875004617296e-05,0.46979301111377164,CM
,235560,Contig_498427.fasta,0.008461542851607612,1.2925951153153683e-05,0.4348641627038258,CM
,235560,Contig_24578527.fasta,0.019957745849851646,7.737492180346184e-05,0.46838222129060714,CM
,235560,Contig_132013.fasta,0.022837346292618535,0.00010424376321271522,0.4721633088489572,CM
,235560,Contig_62777.fasta,0.024949570729450428,0.00012491008929539185,0.47576394414775447,CM
,235560,Contig_550583.fasta,0.023293604646597674,0.00010930832606409695,0.47287906929693435,CM
,235560,Contig_53808.fasta,0.008563097125217153,1.2178564660887693e-05,0.4375070959039893,CM
,235560,Contig_802698.fasta,0.02211457431662548,9.67919785566938e-05,0.47168733777148847,CM
,235560,Contig_369414.fasta,0.02253223770661205,0.00010141876183117094,0.4724016547898198,CM
,235560,Contig_621060.fasta,0.02084763110140836,8.362296521556594e-05,0.46932180448276484,CM
,235560,Contig_992910.fasta,0.009612912393853852,1.7585643198551767e-05,0.44059683528184235,CM
,235560,Contig_4802.fasta,0.021091147010344015,9.238312617735936e-05,0.47168733777148847,CM
,235560,Contig_53766.fasta,0.012908420830813476,3.3723779274699886e-05,0.453185316289895,CM
,235560,Contig_201.fasta,0.0071925734661604165,8.505818201232777e-06,0.42441164541434606,CM
,235560,Contig_425070.fasta,0.01750990642429242,6.269525615876813e-05,0.46489204080408997,CM
,235560,Contig_425833.fasta,0.009349491330082362,1.6939829744120104e-05,0.43914954394116995,CM
,235560,Contig_797704.fasta,0.011518431000689024,2.273853828524354e-05,0.4435202266059872,CM
,235560,Contig_627634.fasta,0.025204583808795266,0.00012135057051047465,0.47383679905753573,CM
,235560,Contig_991161.fasta,0.023642938349624675,0.00010535472457411288,0.471925203297344,CM
,235560,Contig_545925.fasta,0.0011864966940946407,0.0,0.31403613360356813,CM
,235560,Contig_131611.fasta,0.0046312139395186195,3.7268251261043777e-06,0.4044199127651828,CM
,235560,Contig_552125.fasta,0.016562371546764758,5.294653747630048e-05,0.46122606118217496,CM
,235560,Contig_138251.fasta,0.005983245519784212,6.989437584196866e-06,0.4198419372537609,CM
,235560,Contig_55132.fasta,0.012951960402524465,3.043494670777955e-05,0.4507840453461624,CM
,235560,Contig_139680.fasta,0.01995670081482659,7.683489500953226e-05,0.46838222129060714,CM
,235560,Contig_55177.fasta,0.004685144477337946,3.2271360551641974e-06,0.3992438899908844,CM
,235560,Contig_1067090.fasta,0.01867712980319073,6.85073716896739e-05,0.46581765960111154,CM
,235560,Contig_501431.fasta,0.013948433330113901,3.67099328361901e-05,0.45450591458894274,CM
,235560,Contig_499446.fasta,0.020224569971377292,7.709445359949326e-05,0.4681479130258295,CM
,235560,Contig_136280.fasta,0.016865673270513738,5.3972648059861875e-05,0.46145349020642656,CM
,235560,Contig_425598.fasta,0.0,0.0,0.0,CM
,235560,Contig_56039.fasta,0.01057175894776889,2.0981893025006988e-05,0.4469091108589461,CM
,235560,Contig_59601.fasta,0.013222170292795139,3.369851286027127e-05,0.45296596231298797,CM
,235560,Contig_502702.fasta,0.017557205041545215,5.480608526968346e-05,0.46009227047130435,CM
,235560,Contig_544473.fasta,0.021968741907021853,9.614023068635497e-05,0.47073826868140495,CM
,235560,Contig_551703.fasta,0.024238220819838573,0.00011842427298275968,0.4743171201919073,CM
,235560,Contig_988522.fasta,0.014106723536062215,4.12564355177844e-05,0.4578413298134213,CM
,235560,Contig_371356.fasta,0.015121439198494287,4.42018731988837e-05,0.4565013064090893,CM
,235560,Contig_626449.fasta,0.019729987087202663,7.268695115211284e-05,0.46535438992473055,CM
,235560,Contig_548610.fasta,0.017640942642164974,5.969098164286025e-05,0.4632810287815015,CM
,235560,Contig_425664.fasta,0.008390842200469045,1.4076056593733211e-05,0.43648679017660125,CM
,235560,Contig_24566569.fasta,0.0,0.0,0.0,CM
,235560,Contig_548279.fasta,0.0012687752965836248,0.0,0.3222547101028351,CM
,235560,Contig_58194.fasta,0.0205801314996303,7.790516154158684e-05,0.4669798793106951,CM
,235560,Contig_368907.fasta,0.018129924389001052,6.681086944938158e-05,0.4662818525852681,CM
,235560,Contig_131846.fasta,0.0013467497923693175,0.0,0.3311492137787095,CM
,235560,Contig_991730.fasta,0.025549614316179317,0.00012805514780587712,0.4750394305272249,CM
,235560,Contig_368942.fasta,0.0011170904882864343,0.0,0.30713084284169123,CM
,235560,Contig_501775.fasta,0.015069608284497887,4.18635862176378e-05,0.4565013064090893,CM
,235560,Contig_368101.fasta,0.02370256745610968,0.00010908472674184738,0.47287906929693435,CM
,235560,Contig_24.fasta,0.002255337972834816,4.657974611195179e-07,0.35075999930233626,CM
,235560,Contig_1066255.fasta,0.026791200962111114,0.00014401745648720803,0.4774631010911394,CM
,235560,Contig_929331.fasta,0.018868170527595884,6.745697823593614e-05,0.46512310046651745,CM
,235560,Contig_987858.fasta,0.022052364907447244,9.44745994741327e-05,0.47026516489378545,CM
,235560,Contig_55763.fasta,0.014730441268528,4.164406160512471e-05,0.4565013064090893,CM
,235560,Contig_420346.fasta,0.009434401436515787,1.6938107274722867e-05,0.4379165550484947,CM
,235560,Contig_370486.fasta,0.015955155173872356,4.5532984704141303e-05,0.457617446522559,CM
,235560,Contig_420797.fasta,0.0057995023238026295,5.833769242475009e-06,0.41389990187467185,CM
,235560,Contig_2842.fasta,0.0032845547655159985,1.5040823857785398e-06,0.3811925369200135,CM
,235560,Contig_54955.fasta,0.02233280229975818,0.00010126762434108621,0.47287906929693435,CM
,235560,Contig_53894.fasta,0.018969929445410393,7.295064030440661e-05,0.46721301954000655,CM
,235560,Contig_54153.fasta,0.019421677200746133,7.175870570149164e-05,0.46581765960111154,CM
,235560,Contig_1061936.fasta,0.011466190038003135,2.6223063443781498e-05,0.44776443930078136,CM
,235560,Contig_55116.fasta,0.023991629972802853,0.00011248534464208861,0.4726402414841581,CM
,235560,Contig_922.fasta,0.0,0.0,0.0,CM
,235560,Contig_552669.fasta,0.005983381487268828,5.721402356671762e-06,0.4177802134547469,CM
,235560,Contig_1270681.fasta,0.016390011942016468,5.064155813747892e-05,0.4616811436303074,CM
,235560,Contig_986945.fasta,0.019794705030820807,7.968280309045254e-05,0.46791383906931655,CM
,235560,Contig_137360.fasta,0.02286683435309915,0.00010064379787694219,0.47073826868140495,CM
,235560,Contig_985270.fasta,0.011485488764355836,2.390493967247961e-05,0.44648267086766846,CM
,235560,Contig_59388.fasta,0.012937384109547676,3.2729646281817645e-05,0.4520906657674556,CM
,235560,Contig_138131.fasta,0.021465205843429418,8.396895623300592e-05,0.4662818525852681,CM
,235560,Contig_4065.fasta,0.02307721814720569,0.00010408265510208433,0.4724016547898198,CM
,235560,Contig_53742.fasta,0.0012464046632659597,0.0,0.31841703917612557,CM
,235560,Contig_371523.fasta,0.015027876380523336,4.271982994924364e-05,0.4567240986523344,CM
,235560,Contig_24574115.fasta,0.021194142919186337,8.883500091435063e-05,0.470501597857533,CM
,235560,Contig_422544.fasta,0.008264950353108815,1.1980704100179887e-05,0.43265264823792565,CM
,235560,Contig_499233.fasta,0.020899149142282105,8.538220630368997e-05,0.4688515421536238,CM
,235560,Contig_542382.fasta,0.0,0.0,0.0,CM
,235560,Contig_542716.fasta,0.013811034093110727,3.493532683276308e-05,0.4534048828191052,CM
,235560,Contig_131534.fasta,0.004692140115648775,3.3365363633707726e-06,0.40320020600544293,CM
,235560,Contig_1066498.fasta,0.02403562444965834,0.00010956270410520031,0.4721633088489572,CM
,235560,Contig_137822.fasta,0.004788010576154359,2.945432257000902e-06,0.40181523320679824,CM
,235560,Contig_59872.fasta,0.022889876515020554,9.947229308329734e-05,0.47026516489378545,CM
,235560,Contig_498523.fasta,0.006782649237313822,8.654178845104262e-06,0.42479694876923885,CM
,235560,Contig_57119.fasta,0.023276064938775484,0.00010910107660328278,0.47287906929693435,CM
,235560,Contig_1067031.fasta,0.008389619894683474,1.4174191818255373e-05,0.43607999913263423,CM
,235560,Contig_372145.fasta,0.006972749598300502,9.18081601740049e-06,0.4271235409122013,CM
,235560,Contig_1062612.fasta,0.009403386473658126,1.6007526195140955e-05,0.43730265333580987,CM
,235560,Contig_422254.fasta,0.02754721400150831,0.0001493679016099419,0.4772196216923167,CM
,235560,Contig_1123102.fasta,0.016100734442246738,4.865102966770434e-05,0.4594146677165602,CM
,235560,Contig_59049.fasta,0.020112198857436786,7.927268839140674e-05,0.46861676421564,CM
,235560,Contig_209172.fasta,0.02543811438898724,0.00012543965428388134,0.4743171201919073,CM
,235560,Contig_56634.fasta,0.003629115887515196,2.0491302424726433e-06,0.38960352961641675,CM
,235560,Contig_3298.fasta,0.0,0.0,0.0,CM
,235560,Contig_369021.fasta,0.01842838367531327,6.4165699111453e-05,0.46282278839695007,CM
,235560,Contig_304922.fasta,0.017307465652360948,5.9534035188736266e-05,0.46351048941982814,CM
,235560,Contig_930796.fasta,0.017540565622043536,5.877188454381834e-05,0.46282278839695007,CM
,235560,Contig_368021.fasta,0.016473782172186535,5.661930786889682e-05,0.4632810287815015,CM
,235560,Contig_545617.fasta,0.0,0.0,0.0,CM
,235560,Contig_131608.fasta,0.0032915641089053113,1.0426611110132142e-06,0.3744808636008936,CM
,235560,Contig_370934.fasta,0.02444189633430768,0.00011889019366544988,0.4750394305272249,CM
,235560,Contig_369398.fasta,0.022655219142818567,9.784194522611053e-05,0.46979301111377164,CM
,235560,Contig_1064046.fasta,0.01630408750042593,4.963977145986358e-05,0.4594146677165602,CM
,235560,Contig_991399.fasta,0.02418669814688774,0.00011458330774754768,0.47407683796283334,CM
,235560,Contig_55830.fasta,0.023485482190322798,0.00010840921478155592,0.473357449741342,CM
,235560,Contig_57305.fasta,0.0036268155258595254,1.9991956083074704e-06,0.38960352961641675,CM
,235560,Contig_1063323.fasta,0.025356710201739747,0.00012550479986580507,0.4743171201919073,CM
,235560,Contig_554259.fasta,0.0,0.0,0.0,CM
,235560,Contig_1066500.fasta,0.013994588799104911,3.9188255305456536e-05,0.45494782602753187,CM
,235560,Contig_59255.fasta,0.002397046606853319,4.900383225402813e-07,0.3585546659534993,CM
,235560,Contig_371829.fasta,0.023155464148757722,0.0001072811390928358,0.473357449741342,CM
,235560,Contig_500065.fasta,0.00855278100788835,1.337738259261237e-05,0.43730265333580987,CM
,235560,Contig_368285.fasta,0.007230081005287639,8.917322939190978e-06,0.4292787514397399,CM
,235560,Contig_542537.fasta,0.003629239964132684,1.7281967670524316e-06,0.38895580970018,CM
,235560,Contig_986865.fasta,0.017289859911793902,5.796691528340863e-05,0.4623654536258069,CM
,235560,Contig_60641.fasta,0.018657751338231773,6.447489532770543e-05,0.464200237171941,CM
,235560,Contig_425558.fasta,0.0071898512538781855,9.882033975565648e-06,0.42987031609491644,CM
,235560,Contig_1262982.fasta,0.008079957528495529,1.1013343577002636e-05,0.4284925266202533,CM
,235560,Contig_305.fasta,0.0025429875359305677,8.59931774896034e-07,0.3713601897375528,CM
,235560,Contig_420386.fasta,0.023447450483944268,0.00010721949286715297,0.47287906929693435,CM
,235560,Contig_553448.fasta,0.0012161291633998408,0.0,0.31841703917612557,CM
,235560,Contig_138817.fasta,0.007274187131923395,9.401244898300283e-06,0.4275137862670777,CM
,235560,Contig_371446.fasta,0.008599636998993358,1.2465809925290761e-05,0.43567396561388877,CM
,235560,Contig_994196.fasta,0.02010013321879234,8.075053002332331e-05,0.46861676421564,CM
,235560,Contig_501364.fasta,0.025301429827498962,0.00012244352360694471,0.4735970031065957,CM
,235560,Contig_546659.fasta,0.016264038595383487,5.0041677945216855e-05,0.46009227047130435,CM
,235560,Contig_990528.fasta,0.02557529649270603,0.0001254742290928424,0.4743171201919073,CM
,235560,Contig_371562.fasta,0.025278491173870137,0.0001216813449718302,0.473357449741342,CM
,235560,Contig_423997.fasta,0.027980239333809886,0.00015594754940299863,0.478439508250835,CM
,235560,Contig_57926.fasta,0.004703597782628559,3.1450416819816712e-06,0.403547942276254,CM
,235560,Contig_309752.fasta,0.0048838762074054475,3.7014533798942326e-06,0.40883690613308565,CM
,235560,Contig_57120.fasta,0.014167123263464853,3.750780368241245e-05,0.45605637336190696,CM
,235560,Contig_200999.fasta,0.010503816652417834,1.9731269950321982e-05,0.44247171543197783,CM
,235560,Contig_499237.fasta,0.006595276837371722,6.737828020476359e-06,0.41647871746267606,CM
,235560,Contig_542386.fasta,0.0024048174646234934,4.6675877104342655e-07,0.35979533953811343,CM
,235560,Contig_131530.fasta,0.01218131044988006,2.682857028436591e-05,0.4499171529512659,CM
,235560,Contig_501205.fasta,0.027829828148212655,0.00015216203160626764,0.4774631010911394,CM
,235560,Contig_2219.fasta,0.0,0.0,0.0,CM
,235560,Contig_139618.fasta,0.02790499389773225,0.0001539300812774417,0.4779508059952161,CM
,235560,Contig_549709.fasta,0.005969748492214896,5.938351765137983e-06,0.42268639482323084,CM
,235560,Contig_502136.fasta,0.025497487388471872,0.0001264056463324042,0.4743171201919073,CM
,235560,Contig_132297.fasta,0.01504928510036353,4.449601752438206e-05,0.4567240986523344,CM
,235560,Contig_305531.fasta,0.02898882188766121,0.00016504021214240838,0.47868423434201185,CM
,235560,Contig_61421.fasta,0.026427089551799364,0.0001366553350009673,0.47576394414775447,CM
,235560,Contig_500205.fasta,0.005898069020226988,5.094862360846588e-06,0.41481723321747915,CM
,235560,Contig_59070.fasta,0.02664009548927931,0.00013795246952859813,0.47649067115001686,CM
,235560,Contig_929505.fasta,0.017928635335711565,6.505039986593219e-05,0.46512310046651745,CM
,235560,Contig_24570476.fasta,0.01871253915745657,6.674987528940025e-05,0.4644306094980809,CM
,235560,Contig_53402.fasta,0.017193625623286635,5.50753180337049e-05,0.46077187500671246,CM
,235560,Contig_53447.fasta,0.01945594706460661,7.64451277314278e-05,0.46721301954000655,CM
,235560,Contig_137449.fasta,0.008510413940021798,1.3782832871670653e-05,0.43365508718194307,CM
,235560,Contig_133990.fasta,0.0,0.0,0.0,CM
,235560,Contig_134851.fasta,0.023132519931658928,9.939896961375112e-05,0.4700289694317595,CM
,235560,Contig_425439.fasta,0.01862768432191069,6.73656669645489e-05,0.464200237171941,CM
,235560,Contig_131631.fasta,0.004735538501998575,3.3209977595168697e-06,0.40476975698037765,CM
,235560,Contig_1261393.fasta,0.013204315469502141,3.2677312278753006e-05,0.4551691041530317,CM
,235560,Contig_369735.fasta,0.011545802153472551,2.5430917731839052e-05,0.44648267086766846,CM
,235560,Contig_56198.fasta,0.024593799674251914,0.00011737500166640654,0.47383679905753573,CM
,235560,Contig_307546.fasta,0.004610390424550933,2.7941863680113223e-06,0.39941428857816175,CM
,235560,Contig_303510.fasta,0.0012026665282204496,0.0,0.31541209239589924,CM
,235560,Contig_372408.fasta,0.003734389523736703,1.726868083333628e-06,0.3940327065846876,CM
,235560,Contig_131842.fasta,0.005721355175145481,5.997510468624589e-06,0.4146334417982424,CM
,235560,Contig_368140.fasta,0.0158151352069024,4.4356615892425086e-05,0.45561230678609205,CM
,235560,Contig_986732.fasta,0.015841598880557042,4.8030235787758946e-05,0.4591892434438828,CM
,235560,Contig_302982.fasta,0.0067327897014073735,6.458699059844433e-06,0.4179668057787553,CM
,235560,Contig_988949.fasta,0.015101233982096078,4.4647728304438745e-05,0.4589640402837828,CM
,235560,Contig_61678.fasta,0.02622085859871476,0.00013508771102730766,0.4755221941761347,CM
,235560,Contig_498868.fasta,0.014898361487128831,4.123343526985358e-05,0.45694710846612946,CM
,235560,Contig_1065964.fasta,0.0,0.0,0.0,CM
,235560,Contig_57454.fasta,0.02444342271893147,0.00011612465348478147,0.47407683796283334,CM
,235560,Contig_370810.fasta,0.01609267461196798,4.845986069320284e-05,0.4596403134276194,CM
,235560,Contig_372325.fasta,0.027777155984391615,0.0001539629692213654,0.4781950322629704,CM
,235560,Contig_542961.fasta,0.00344263908902727,1.7960816333055636e-06,0.38197048087291147,CM
,235560,Contig_58291.fasta,0.011987603094283381,2.8618525703583275e-05,0.4507840453461624,CM
,235560,Contig_555161.fasta,0.017155039066664927,5.463868360166919e-05,0.46122606118217496,CM
,235560,Contig_711078.fasta,0.0227914522982154,0.00010061125103506817,0.47026516489378545,CM
,235560,Contig_502392.fasta,0.014177578450415515,4.299571654906078e-05,0.4585142960012901,CM
,235560,Contig_553434.fasta,0.014407330136318851,3.7993856708352493e-05,0.4565013064090893,CM
,235560,Contig_135566.fasta,0.02020942424121757,8.124246565480434e-05,0.4688515421536238,CM
,235560,Contig_201082.fasta,0.015818771462947412,4.960121969901871e-05,0.45986618090350523,CM
,235560,Contig_544432.fasta,0.013976791722813492,3.789512239284067e-05,0.4542852806498219,CM
,235560,Contig_132870.fasta,0.010719618724778307,2.113515535799035e-05,0.4452082198566285,CM
,235560,Contig_553471.fasta,0.021150562310161946,8.522037006613594e-05,0.46932180448276484,CM
,235560,Contig_1037.fasta,0.0,0.0,0.0,CM
,235560,Contig_702135.fasta,0.015437335877483364,4.6220593494332064e-05,0.45806543227539553,CM
,235560,Contig_61579.fasta,0.012930652494017099,2.9440384880199274e-05,0.4512187454863226,CM
,235560,Contig_56384.fasta,0.02304084510914663,0.00010380757835181717,0.4724016547898198,CM
,235560,Contig_371783.fasta,0.009467932826719651,1.673781091667219e-05,0.43914954394116995,CM
,235560,Contig_303179.fasta,0.00476455599525265,3.5400145703173164e-06,0.40688159919071004,CM
,235560,Contig_370352.fasta,0.016340004416260476,4.96731938766592e-05,0.4596403134276194,CM
,235560,Contig_422425.fasta,0.013475192544307471,3.638308670204414e-05,0.4567240986523344,CM
,235560,Contig_1063026.fasta,0.015690501513152672,4.6637619565874585e-05,0.45873905791109465,CM
,235560,Contig_371407.fasta,0.028897338972497598,0.00016257158042823016,0.478439508250835,CM
,235560,Contig_4902.fasta,0.021793082939619794,9.024439109463932e-05,0.46861676421564,CM
,235560,Contig_4141.fasta,0.02009251180051356,8.229228572668448e-05,0.46955728958285653,CM
,235560,Contig_53623.fasta,0.017675153359483445,6.199565257391302e-05,0.464200237171941,CM
,235560,Contig_992810.fasta,0.01159660189818699,2.495584355231365e-05,0.4471226364733077,CM
,235560,Contig_544367.fasta,0.0012026665282204496,0.0,0.31541209239589924,CM
,235560,Contig_58581.fasta,0.018730907520170845,6.44560754766045e-05,0.46466121059515053,CM
,235560,Contig_58115.fasta,0.02208676419915623,9.607709079088837e-05,0.4700289694317595,CM
,235560,Contig_550017.fasta,0.004545666994652595,3.3488756036553426e-06,0.39737905653445144,CM
,235560,Contig_368514.fasta,0.007272655252662202,9.904839496929345e-06,0.429475758668487,CM
,235560,Contig_370392.fasta,0.021995923026674802,9.231150279232677e-05,0.4700289694317595,CM
,235560,Contig_208096.fasta,0.004657992278409395,3.2895234224426824e-06,0.4006111635867436,CM
,235560,Contig_4205.fasta,0.0024194172401709848,6.705369244061082e-07,0.3631461692427757,CM
,235560,Contig_1064672.fasta,0.018505586712659717,6.45085223067077e-05,0.4639700932764666,CM
,235560,Contig_59251.fasta,0.009313476513670238,1.3429224631541637e-05,0.4332535546938116,CM
,235560,Contig_3038.fasta,0.012754346386976246,2.9424837486676974e-05,0.44905358835826925,CM
,235560,Contig_135971.fasta,0.021712653874611645,8.992179326213303e-05,0.47026516489378545,CM
,235560,Contig_502317.fasta,0.010279134966332959,1.75776813682781e-05,0.44038949559465085,CM
,235560,Contig_61645.fasta,0.01179736347922247,2.565169660071044e-05,0.449484955878306,CM
,235560,Contig_62576.fasta,0.021227497533194396,8.822297739865841e-05,0.470501597857533,CM
,235560,Contig_542533.fasta,0.0036522664855991355,2.146055838847592e-06,0.39270989430912,CM
,235560,Contig_131711.fasta,0.009906936733935817,2.0984743348801913e-05,0.4462697559077888,CM
,235560,Contig_422009.fasta,0.008525978742937368,1.2408592082832927e-05,0.43466218213591873,CM
,235560,Contig_62533.fasta,0.019776190803709532,7.759255658671123e-05,0.46721301954000655,CM
,235560,Contig_993317.fasta,0.027752645679623444,0.00015190761960319596,0.47770682906515216,CM
,235560,Contig_985521.fasta,0.002546737569723447,6.742337420026422e-07,0.3700386232260313,CM
,235560,Contig_543303.fasta,0.012652946182897544,3.191610481917316e-05,0.4518723699365684,CM
,235560,Contig_929538.fasta,0.012085944442543003,2.8577586505437564e-05,0.4516542848159426,CM
,235560,Contig_542346.fasta,0.0,0.0,0.0,CM
,235560,Contig_58424.fasta,0.005930769780009506,5.6550309281701524e-06,0.41647871746267606,CM
,235560,Contig_797832.fasta,0.019560407430348477,7.41698479953589e-05,0.466746971640216,CM
,235560,Contig_368823.fasta,0.02421992770737179,0.00011166262907790144,0.4724016547898198,CM
,235560,Contig_548470.fasta,0.004619277815441018,3.1900466962168078e-06,0.40476975698037765,CM
,235560,Contig_57574.fasta,0.027556160146363085,0.00014848305986555783,0.4769763904885999,CM
,235560,Contig_988707.fasta,0.024180996614573097,0.00011391892267665629,0.47287906929693435,CM
,235560,Contig_421262.fasta,0.02119935738666974,8.598953720845664e-05,0.46955728958285653,CM
,235560,Contig_985249.fasta,0.012518872585451722,2.903738796469752e-05,0.4499171529512659,CM
,235560,Contig_371975.fasta,0.015343303848305926,4.6708968055907605e-05,0.4594146677165602,CM
,235560,Contig_56531.fasta,0.021999036163137517,9.411614035755174e-05,0.46979301111377164,CM
,235560,Contig_1063517.fasta,0.01575641297862155,4.778969967171463e-05,0.4591892434438828,CM
,235560,Contig_990987.fasta,0.021137214940068653,8.950370721549714e-05,0.470501597857533,CM
,235560,Contig_993626.fasta,0.015313851650802778,4.635255694646315e-05,0.4578413298134213,CM
,235560,Contig_542496.fasta,0.004699051497888482,3.2360293426002308e-06,0.4009544465032704,CM
,235560,Contig_372104.fasta,0.025648260674247702,0.00012747230044572673,0.4755221941761347,CM
,235560,Contig_131548.fasta,0.013000848464849609,3.052224345507428e-05,0.4516542848159426,CM
,235560,Contig_308042.fasta,0.011100999116424815,2.240763197165647e-05,0.442681020879202,CM
,235560,Contig_421163.fasta,0.004862349850172344,4.029188490168701e-06,0.41027079269558664,CM
,235560,Contig_54197.fasta,0.015313263665857085,4.514193726653924e-05,0.4582897542304766,CM
,235560,Contig_990000.fasta,0.022491797350665893,9.896619447919517e-05,0.471925203297344,CM
,235560,Contig_369631.fasta,0.019719156454275407,7.438711369962646e-05,0.4669798793106951,CM
,235560,Contig_543552.fasta,0.017310804551020326,5.4563481205815496e-05,0.46122606118217496,CM
,235560,Contig_542517.fasta,0.01835097967419726,6.521433343286758e-05,0.464200237171941,CM
,235560,Contig_131735.fasta,0.011678398505547215,2.5772052929666167e-05,0.4484080872729435,CM
,235560,Contig_5549.fasta,0.010900518785680699,2.3503968530808978e-05,0.44648267086766846,CM
,235560,Contig_501494.fasta,0.01397291050164942,3.6369321519116354e-05,0.4558342319233478,CM
,235560,Contig_1062303.fasta,0.02095918213880767,8.46057162800261e-05,0.4688515421536238,CM
,235560,Contig_368159.fasta,0.008352005614247265,1.251020274565001e-05,0.43265264823792565,CM
,235560,Contig_1199449.fasta,0.012426103265587414,2.6325973040077653e-05,0.44797878321619583,CM
,235560,Contig_704055.fasta,0.015510980753011891,4.719863887176459e-05,0.46009227047130435,CM
,235560,Contig_55016.fasta,0.008535975626969335,1.4640615280085455e-05,0.4395620846118521,CM
,235560,Contig_54053.fasta,0.006973446021343948,9.321179738087298e-06,0.4242192557292081,CM
,235560,Contig_546419.fasta,0.011137273901225056,2.4830113660930417e-05,0.45013356331824583,CM
,235560,Contig_59189.fasta,0.024726846788056926,0.00012381498245982728,0.47600594005016944,CM
,235560,Contig_59558.fasta,0.006802216875878734,7.460626002549169e-06,0.4202189843460409,CM
,235560,Contig_546876.fasta,0.0030755588540129345,1.4292509308854223e-06,0.3728397124058299,CM
,235560,Contig_548299.fasta,0.01972302886045203,7.509406805444364e-05,0.4662818525852681,CM
,235560,Contig_60525.fasta,0.010448102524841156,1.9240036120076045e-05,0.4437305254332068,CM
,235560,Contig_550033.fasta,0.0011619250828523522,0.0,0.3116309284510933,CM
,235560,Contig_208849.fasta,0.019862611280865125,7.180493761318675e-05,0.46581765960111154,CM
,235560,Contig_57061.fasta,0.021115112699150517,8.756978278546099e-05,0.46979301111377164,CM
,235560,Contig_1062496.fasta,0.017091385298072196,5.616716983288359e-05,0.46054511719420915,CM
,235560,Contig_303608.fasta,0.014252742594732207,3.828267391887072e-05,0.45539059763437134,CM
,235560,Contig_420777.fasta,0.019343751711436163,7.33826742543609e-05,0.46512310046651745,CM
,235560,Contig_1063002.fasta,0.02006698635868127,8.052956532979315e-05,0.4688515421536238,CM
,235560,Contig_54352.fasta,0.0022848071553727384,4.600462727624363e-07,0.3519472275812836,CM
,235560,Contig_1063047.fasta,0.004982556105340772,4.330171305870044e-06,0.41153371949807965,CM
,235560,Contig_53607.fasta,0.021585015200888066,9.341533930511361e-05,0.4714497119086313,CM
,235560,Contig_372120.fasta,0.022221732997956326,0.00010189069495925863,0.4735970031065957,CM
,235560,Contig_549384.fasta,0.022103465761534127,9.535613569342084e-05,0.47026516489378545,CM
,235560,Contig_1061993.fasta,0.01996217941112852,7.563131794660003e-05,0.4674463926766399,CM
,235560,Contig_553689.fasta,0.0072774362627479475,9.38885593506823e-06,0.4284925266202533,CM
,235560,Contig_990531.fasta,0.02433815639443603,0.00011502642759699489,0.47407683796283334,CM
,235560,Contig_554020.fasta,0.014103750684655329,4.006766460818879e-05,0.45694710846612946,CM
,235560,Contig_502647.fasta,0.012741617381238421,3.0550783628925235e-05,0.44905358835826925,CM
,235560,Contig_135462.fasta,0.00960104136071166,1.793511444430276e-05,0.4422626078159892,CM
,235560,Contig_1063919.fasta,0.013733300162682534,3.6775924244368165e-05,0.45252789078270456,CM
,235560,Contig_372299.fasta,0.011730474131290016,2.4806454330861228e-05,0.4462697559077888,CM
,235560,Contig_622402.fasta,0.02241480975083802,9.620157474632529e-05,0.47168733777148847,CM
,235560,Contig_1065023.fasta,0.020735668946949674,8.52063481752218e-05,0.4681479130258295,CM
,235560,Contig_552588.fasta,0.008379035774876371,1.4956876299296627e-05,0.4399754010994984,CM
,235560,Contig_367957.fasta,0.013811410747036602,3.4610138416096756e-05,0.45252789078270456,CM
,235560,Contig_308367.fasta,0.023309319147429623,0.00010674572051963863,0.47287906929693435,CM
,235560,Contig_59368.fasta,0.02558567500607601,0.00012423729952957437,0.47383679905753573,CM
,235560,Contig_705620.fasta,0.01980430895930907,7.460844037533105e-05,0.466746971640216,CM
,235560,Contig_305590.fasta,0.022604181659275007,9.771722951235347e-05,0.47097517772452596,CM
,235560,Contig_554364.fasta,0.012944547006683776,3.1640457052292784e-05,0.4518723699365684,CM
,235560,Contig_502546.fasta,0.013690475087434812,3.387984345916524e-05,0.4512187454863226,CM
,235560,Contig_985191.fasta,0.01644882225226109,5.1099954917431356e-05,0.4603185824587472,CM
,235560,Contig_425799.fasta,0.02532215152853961,0.00012262009338218904,0.4745576461149255,CM
,235560,Contig_368001.fasta,0.017238501227863107,5.847699968546078e-05,0.4619090217860973,CM
,235560,Contig_501675.fasta,0.020716855928857025,7.878617481473112e-05,0.4665142961807742,CM
,235560,Contig_62362.fasta,0.014140417599629721,3.891363515406e-05,0.4558342319233478,CM
,235560,Contig_60857.fasta,0.013977750933999895,3.968496924087322e-05,0.45605637336190696,CM
,235560,Contig_202275.fasta,0.012271998419917112,2.4538691129725527e-05,0.44797878321619583,CM
,235560,Contig_131650.fasta,0.022272147263983622,9.609507259042855e-05,0.4714497119086313,CM
,235560,Contig_542472.fasta,0.00589891254239746,5.182053566092032e-06,0.4137169222540376,CM
,235560,Contig_547680.fasta,0.00931476932651365,1.541253191717622e-05,0.4379165550484947,CM
,235560,Contig_499586.fasta,0.005527847443542709,4.328425355906188e-06,0.4083017792925973,CM
,235560,Contig_136305.fasta,0.022766823907541017,0.00010276949129297153,0.473357449741342,CM
,235560,Contig_369711.fasta,0.013925470280059325,3.707764596100161e-05,0.4551691041530317,CM
,235560,Contig_61741.fasta,0.022178692062574713,9.914660513887482e-05,0.47168733777148847,CM
,235560,Contig_498586.fasta,0.023124666705149583,0.00010677706188563057,0.4726402414841581,CM
,235560,Contig_138210.fasta,0.0023942190160135325,4.108294365461907e-07,0.3606272362769299,CM
,235560,Contig_1522.fasta,0.004629060517037185,3.5429080829635558e-06,0.40337399919768663,CM
,235560,Contig_54173.fasta,0.0026555737793240858,7.962185740753962e-07,0.37689395011624366,CM
,235560,Contig_58478.fasta,0.012070115436735996,2.6513546852046703e-05,0.4518723699365684,CM
,235560,Contig_2611.fasta,0.020885920171971096,8.228560760599846e-05,0.46767999906978164,CM
,235560,Contig_547115.fasta,0.02423166944809509,0.00011508296985767066,0.47287906929693435,CM
,235560,Contig_368410.fasta,0.019767474801478238,7.368635883433633e-05,0.4669798793106951,CM
,235560,Contig_547150.fasta,0.01035683386817114,1.850834279708434e-05,0.4387377769051257,CM
,235560,Contig_550156.fasta,0.01855808221426628,6.85371261832265e-05,0.46512310046651745,CM
,235560,Contig_60405.fasta,0.01960124022261838,7.179195094165256e-05,0.46535438992473055,CM
,235560,Contig_59852.fasta,0.028790584703351756,0.0001635494648236463,0.47868423434201185,CM
,235560,Contig_985114.fasta,0.015110452800902575,4.2918442995025094e-05,0.4578413298134213,CM
,235560,Contig_502586.fasta,0.01908022228602102,7.175600054411355e-05,0.46791383906931655,CM
,235560,Contig_201696.fasta,0.007063305976349783,8.589998664404782e-06,0.4259570678828553,CM
,235560,Contig_56590.fasta,0.011713648176483198,2.269993782395165e-05,0.4462697559077888,CM
,235560,Contig_369378.fasta,0.021920037769622126,9.584609346264316e-05,0.4712123253467438,CM
,235560,Contig_424031.fasta,0.025168682494597805,0.0001262172982107604,0.47479841610280726,CM
,235560,Contig_549045.fasta,0.0,0.0,0.0,CM
,235560,Contig_138952.fasta,0.01927146950880583,7.410614837330771e-05,0.46791383906931655,CM
,235560,Contig_500549.fasta,0.01644967351528887,4.82276386129727e-05,0.45806543227539553,CM
,235560,Contig_54272.fasta,0.020199276685584848,8.223810262392843e-05,0.47026516489378545,CM
,235560,Contig_53762.fasta,0.02098148743498086,8.837180421755348e-05,0.4700289694317595,CM
,235560,Contig_57141.fasta,0.00380720646619508,2.103586567621249e-06,0.39737905653445144,CM
,235560,Contig_420657.fasta,0.0,0.0,0.0,CM
,235560,Contig_804876.fasta,0.020480986384595095,8.216643394956114e-05,0.4681479130258295,CM
,235560,Contig_367997.fasta,0.009088906092765064,1.3209720412393001e-05,0.43506633107328363,CM
,235560,Contig_54093.fasta,0.021466576175712036,8.979210112064403e-05,0.46979301111377164,CM
,235560,Contig_985009.fasta,0.0035165535007537258,1.699385887830937e-06,0.38750628494353334,CM
,235560,Contig_209831.fasta,0.01808843163746714,6.447359658038175e-05,0.4660496405072874,CM
,235560,Contig_59149.fasta,0.0287545756544423,0.0001618892752408271,0.478439508250835,CM
,235560,Contig_54407.fasta,0.01648526552365743,5.596981964834811e-05,0.4619090217860973,CM
,235560,Contig_305408.fasta,0.011583102118063024,2.64106928550792e-05,0.4492691685735156,CM
,235560,Contig_501379.fasta,0.01774137870620859,6.06311841965426e-05,0.46466121059515053,CM
,235560,Contig_55093.fasta,0.018990119485149597,7.430270570111471e-05,0.46791383906931655,CM
,235560,Contig_806573.fasta,0.012908261335946965,3.2027062054429856e-05,0.4527468205798902,CM
,235560,Contig_60235.fasta,0.027483599379934057,0.00014623754568279476,0.47649067115001686,CM
,235560,Contig_501085.fasta,0.0008402679258160451,0.0,0.2857489093553078,CM
,235560,Contig_302635.fasta,0.017399550164275905,5.915937210120319e-05,0.4630517952195117,CM
,235560,Contig_213217.fasta,0.001257790145605313,0.0,0.3211488257167581,CM
,235560,Contig_204678.fasta,0.0013467497923693175,0.0,0.3311492137787095,CM
,235560,Contig_498809.fasta,0.026565844364093896,0.00013773327167332543,0.47649067115001686,CM
,235560,Contig_134968.fasta,0.01166268583886676,2.5538838678687925e-05,0.44776443930078136,CM
,235560,Contig_555569.fasta,0.005864706453510499,6.152197073934601e-06,0.41592341250605913,CM
,235560,Contig_420323.fasta,0.0037004813560587786,2.1857690713247436e-06,0.3938668679034651,CM
,235560,Contig_7.fasta,0.0013088239869547679,0.0,0.32641356056457377,CM
,235560,Contig_370077.fasta,0.02419431092915817,0.00011479296094092733,0.4735970031065957,CM
,235560,Contig_24574329.fasta,0.01569435556969822,5.141670057788022e-05,0.4630517952195117,CM
,235560,Contig_207266.fasta,0.023562325038476804,0.00010840788919439477,0.473357449741342,CM
,235560,Contig_499722.fasta,0.014925227906978889,4.491030393544097e-05,0.4573937820814434,CM
,235560,Contig_1201189.fasta,0.023184968139064673,0.00010714282712944672,0.47287906929693435,CM
,235560,Contig_500710.fasta,0.023387615955675272,0.00010811582482416782,0.4726402414841581,CM
,235560,Contig_135292.fasta,0.019745590656996135,7.33973012106723e-05,0.46581765960111154,CM
,235560,Contig_204110.fasta,0.0,0.0,0.0,CM
,235560,Contig_500384.fasta,0.028790584703351756,0.0001635494648236463,0.47868423434201185,CM
,235560,Contig_4002.fasta,0.0011228820725203855,0.0,0.30773682280126047,CM
,235560,Contig_421610.fasta,0.005876049297057962,4.7881401317807636e-06,0.41225888904785596,CM
,235560,Contig_138156.fasta,0.02082003082963017,8.747034147552956e-05,0.46932180448276484,CM
,235560,Contig_792548.fasta,0.013521215536219251,3.657972638463193e-05,0.4534048828191052,CM
,235560,Contig_131553.fasta,0.004921302790195635,4.399091355205551e-06,0.41063083727013294,CM
,235560,Contig_368086.fasta,0.007363959768661181,9.757611634829454e-06,0.43006786679165127,CM
,235560,Contig_544261.fasta,0.004622244366481194,3.184589173953961e-06,0.40337399919768663,CM
,235560,Contig_796891.fasta,0.017362248345590834,5.9216050514595386e-05,0.4630517952195117,CM
,235560,Contig_137006.fasta,0.0023913027276333773,6.819497461266804e-07,0.36300530571708034,CM
,235560,Contig_546911.fasta,0.0012687752965836248,0.0,0.3222547101028351,CM
,235560,Contig_369838.fasta,0.01027311600313232,1.8225925164771902e-05,0.4387377769051257,CM
,235560,Contig_426807.fasta,0.02222501855594681,9.795807381188961e-05,0.4721633088489572,CM
,235560,Contig_54932.fasta,0.022403415516081975,0.00010092680911232659,0.4726402414841581,CM
,235560,Contig_931789.fasta,0.004764784886847499,3.377648085378248e-06,0.4007827315368878,CM
,235560,Contig_1064731.fasta,0.009523701519146437,1.6998860382254038e-05,0.4397686457418388,CM
,235560,Contig_135719.fasta,0.016492029845571913,5.229882492925757e-05,0.46122606118217496,CM
,235560,Contig_499678.fasta,0.0,0.0,0.0,CM
,235560,Contig_542470.fasta,0.02062375287298517,8.215611284638182e-05,0.46861676421564,CM
,235560,Contig_368756.fasta,0.007450812047312506,1.0171405977252114e-05,0.4304635134032351,CM
,235560,Contig_420279.fasta,0.009146835788709012,1.5326831345955566e-05,0.43466218213591873,CM
,235560,Contig_993254.fasta,0.021579176215254906,8.523761957979671e-05,0.4669798793106951,CM
,235560,Contig_985217.fasta,0.019216067057086735,7.661336361300779e-05,0.46932180448276484,CM
,235560,Contig_61392.fasta,0.011458091388153652,2.3521925342329478e-05,0.4437305254332068,CM
,235560,Contig_502254.fasta,0.016424596350538348,5.029970368845466e-05,0.4603185824587472,CM
,235560,Contig_500961.fasta,0.025635074212423115,0.0001292383683147733,0.47576394414775447,CM
,235560,Contig_544966.fasta,0.0037170212299650974,2.3630046620823158e-06,0.3965371517536581,CM
,235560,Contig_133780.fasta,0.016044859049013028,4.9384180721455284e-05,0.4596403134276194,CM
,235560,Contig_62691.fasta,0.01300045485298149,3.174298540290866e-05,0.45296596231298797,CM
,235560,Contig_368166.fasta,0.013901950188903297,3.657586425299893e-05,0.4542852806498219,CM
,235560,Contig_429761.fasta,0.001941107568593591,2.925304610119456e-07,0.33530192695758976,CM
,235560,Contig_302536.fasta,0.018808103389006695,7.09960756317563e-05,0.46721301954000655,CM
,235560,Contig_987380.fasta,0.01967976879599378,7.663535044495084e-05,0.466746971640216,CM
,235560,Contig_554697.fasta,0.0,0.0,0.0,CM
,235560,Contig_549533.fasta,0.0196360659276813,6.802451774302217e-05,0.4632810287815015,CM
,235560,Contig_3825.fasta,0.002415316026631241,6.668891026761775e-07,0.3621624141403379,CM
,235560,Contig_43.fasta,0.002032590483757196,3.532085155605484e-07,0.336871014448752,CM
,235560,Contig_542528.fasta,0.01257840776495958,2.9532939812902957e-05,0.4492691685735156,CM
,235560,Contig_993798.fasta,0.024530590850495873,0.0001173414599665769,0.47407683796283334,CM
,235560,Contig_24569072.fasta,0.007624361196856861,1.0759130817164999e-05,0.43526868750634096,CM
,235560,Contig_545414.fasta,0.002470600765026441,6.36984329725776e-07,0.36555768677290357,CM
,235560,Contig_53638.fasta,0.0162662756282992,4.911593654185542e-05,0.46009227047130435,CM
,235560,Contig_137636.fasta,0.008900492046519905,1.5526815646615438e-05,0.4375070959039893,CM
,235560,Contig_59666.fasta,0.00343934319420135,1.6200280091316308e-06,0.3816589225687737,CM
,235560,Contig_302672.fasta,0.018482956392710227,6.53628286308155e-05,0.46512310046651745,CM
,235560,Contig_310012.fasta,0.0038517012969907093,2.368214214132964e-06,0.39737905653445144,CM
,235560,Contig_795668.fasta,0.015848470633958136,4.643806129754216e-05,0.457617446522559,CM
,235560,Contig_372002.fasta,0.01058562888362787,1.991131596530992e-05,0.44122002741095384,CM
,235560,Contig_309907.fasta,0.025929453717661293,0.00013786003032691046,0.4769763904885999,CM
,235560,Contig_2477.fasta,0.012037983634180004,3.0434181255649487e-05,0.4527468205798902,CM
,235560,Contig_327.fasta,0.0072225361466143395,8.842726610687193e-06,0.4253762173357423,CM
,235560,Contig_139033.fasta,0.01947528519602001,7.191273644009558e-05,0.46466121059515053,CM
,235560,Contig_993758.fasta,0.026651683249979206,0.00013843094686406606,0.47649067115001686,CM
,235560,Contig_56026.fasta,0.010217410273313385,1.7553462800642498e-05,0.4375070959039893,CM
,235560,Contig_1395.fasta,0.003652009161618845,1.3433622809917831e-06,0.38895580970018,CM
,235560,Contig_543139.fasta,0.012083896011955062,2.8759548733922928e-05,0.45013356331824583,CM
,235560,Contig_626881.fasta,0.008563576946885424,1.3813407278649074e-05,0.43567396561388877,CM
,235560,Contig_1270016.fasta,0.0,0.0,0.0,CM
,235560,Contig_55438.fasta,0.015338317088952813,4.299669330109604e-05,0.4565013064090893,CM
,235560,Contig_501797.fasta,0.010094345833774748,1.7636581287703846e-05,0.44018235095890546,CM
,235560,Contig_5266.fasta,0.021803793948786263,9.060086834978832e-05,0.4688515421536238,CM
,235560,Contig_1065654.fasta,0.0023255486007408353,5.474812816687643e-07,0.3552876530518728,CM
,235560,Contig_420474.fasta,0.0022173745194582197,5.313237419151174e-07,0.3487989855157037,CM
,235560,Contig_53541.fasta,0.0,0.0,0.0,CM
,235560,Contig_54857.fasta,0.003409376590669793,1.5298964580473303e-06,0.3799543963210041,CM
,235560,Contig_53504.fasta,0.01780048258914586,6.011514026535137e-05,0.4637401774720679,CM
,235560,Contig_426927.fasta,0.020897984445478985,8.970015293057911e-05,0.470501597857533,CM
,235560,Contig_987729.fasta,0.009440173760736104,1.5752987585016916e-05,0.4381215721622814,CM
,235560,Contig_498389.fasta,0.02164155421897136,9.00293623986996e-05,0.46908655545796146,CM
,235560,Contig_544728.fasta,0.0221746942685181,9.220696855390244e-05,0.4700289694317595,CM
,235560,Contig_137227.fasta,0.013183999145790553,3.225796586517066e-05,0.453185316289895,CM
,235560,Contig_544635.fasta,0.009851366539887064,1.9280865110205354e-05,0.4439410237849303,CM
,235560,Contig_498294.fasta,0.00844770004102032,1.1645023831652585e-05,0.43265264823792565,CM
,235560,Contig_54109.fasta,0.013188435497565595,3.3011439825420895e-05,0.4534048828191052,CM
,235560,Contig_53419.fasta,0.018863750729241943,7.218333147337152e-05,0.46767999906978164,CM
,235560,Contig_62325.fasta,0.0024825808713037265,5.404145588516909e-07,0.36202231262616363,CM
,235560,Contig_622395.fasta,0.02294288096824115,0.00010682018624652008,0.471925203297344,CM
,235560,Contig_60482.fasta,0.01762818609615541,6.213721752229598e-05,0.464200237171941,CM
,235560,Contig_420569.fasta,0.004386436587313382,2.5327602625513784e-06,0.3970418659900862,CM
,235560,Contig_368046.fasta,0.016597934831147142,5.3529224741303484e-05,0.4609988562259276,CM
,235560,Contig_1062259.fasta,0.0037830240036558402,1.9977341893649668e-06,0.39754786666891806,CM
,235560,Contig_499294.fasta,0.021932193634917305,8.976948285442647e-05,0.4688515421536238,CM
,235560,Contig_548087.fasta,0.011266571457649074,2.12481858904001e-05,0.44310022639139823,CM
,235560,Contig_5087.fasta,0.0025628789557691585,8.961779177011601e-07,0.37195058749548215,CM
,235560,Contig_1064064.fasta,0.0011619250828523522,0.0,0.3116309284510933,CM
,235560,Contig_54661.fasta,0.021916620866804536,9.454290791748526e-05,0.47026516489378545,CM
,235560,Contig_990919.fasta,0.008781741025295787,1.3730492448356336e-05,0.4332535546938116,CM
,235560,Contig_61352.fasta,0.023046605681619425,0.00010075253898211644,0.47168733777148847,CM
,235560,Contig_555022.fasta,0.003382847330731641,1.4219691012572987e-06,0.3785710672081849,CM
,235560,Contig_57616.fasta,0.022290710129895225,9.8241540610148e-05,0.4721633088489572,CM
,235560,Contig_370211.fasta,0.011922890432630093,2.4920226652970815e-05,0.449484955878306,CM
,235560,Contig_1067056.fasta,0.012885083580437705,3.07461518930404e-05,0.4510012906692208,CM
,235560,Contig_56653.fasta,0.01847918762134033,6.477621914493967e-05,0.464200237171941,CM
,235560,Contig_992350.fasta,0.014843826975322463,3.972131112565299e-05,0.4542852806498219,CM
,235560,Contig_61602.fasta,0.001963374692331188,2.348845796306356e-07,0.3313837387176463,CM
,235560,Contig_135130.fasta,0.017824414507719183,6.145670673862783e-05,0.46466121059515053,CM
,235560,Contig_1063408.fasta,0.022787963258464727,0.00010168258207659762,0.4721633088489572,CM
,235560,Contig_206987.fasta,0.0025049515046213916,7.269778152772941e-07,0.3677122507420955,CM
,235560,Contig_1309.fasta,0.0,0.0,0.0,CM
,235560,Contig_542531.fasta,0.0025332464864639584,7.772951926036021e-07,0.36872642952664814,CM
,235560,Contig_552864.fasta,0.00843602835288973,1.1471128383815959e-05,0.43526868750634096,CM
,235560,Contig_420338.fasta,0.017922297974197546,6.38731472204181e-05,0.4660496405072874,CM
,235560,Contig_55389.fasta,0.005616620297235666,4.953670218037543e-06,0.4083017792925973,CM
,235560,Contig_427105.fasta,0.008403236055699571,1.1445258385135905e-05,0.43225296911715155,CM
,235560,Contig_542688.fasta,0.011254655981876154,2.2810487687960443e-05,0.4449965183731018,CM
,235560,Contig_544398.fasta,0.001236176208037767,0.0,0.31830873406075955,CM
,235560,Contig_498739.fasta,0.014022862299384634,4.019299929163308e-05,0.4567240986523344,CM
,235560,Contig_54075.fasta,0.0,0.0,0.0,CM
,235560,Contig_56346.fasta,0.01878982411879996,6.958267270537087e-05,0.46512310046651745,CM
,235560,Contig_203889.fasta,0.004489056177619831,3.265927821480742e-06,0.3989035286183432,CM
,235560,Contig_500327.fasta,0.020002510547931555,7.954558609793482e-05,0.46791383906931655,CM
,235560,Contig_544365.fasta,0.0,0.0,0.0,CM
,235560,Contig_369516.fasta,0.018710027528445285,6.894607579469586e-05,0.4665142961807742,CM
,235560,Contig_547013.fasta,0.0024161169407539702,7.006876128168522e-07,0.36385212991393195,CM
,235560,Contig_542675.fasta,0.019935125602581816,7.709362458334292e-05,0.46721301954000655,CM
,235560,Contig_368516.fasta,0.01638438298858108,5.2849827744078475e-05,0.46122606118217496,CM
,235560,Contig_58954.fasta,0.02300270271128815,9.912898507641904e-05,0.46932180448276484,CM
,235560,Contig_24576300.fasta,0.025643805816745486,0.00012616155609036252,0.47479841610280726,CM
,235560,Contig_994229.fasta,0.004781286122194657,3.2727294444168445e-06,0.4063515753967143,CM
,235560,Contig_132049.fasta,0.017208630999228095,5.7879431503457415e-05,0.4616811436303074,CM
,235560,Contig_56047.fasta,0.0160682393370656,4.796273540327073e-05,0.4582897542304766,CM
,235560,Contig_549900.fasta,0.021824215440150785,9.385009134827563e-05,0.47026516489378545,CM
,235560,Contig_56804.fasta,0.018473457989284934,6.53763695521936e-05,0.4644306094980809,CM
,235560,Contig_1760.fasta,0.0012687752965836248,0.0,0.3222547101028351,CM
,235560,Contig_2226.fasta,0.00840378967881224,1.2249396499159075e-05,0.43225296911715155,CM
,235560,Contig_548773.fasta,0.0037456540641510176,2.4171144679754107e-06,0.3938668679034651,CM
,235560,Contig_1123947.fasta,0.023273380040355954,0.00010416107070102982,0.4724016547898198,CM
,235560,Contig_6091.fasta,0.021065352146656367,9.02121089366329e-05,0.47097517772452596,CM
,235560,Contig_4736.fasta,0.020349362744703628,8.465698583924034e-05,0.470501597857533,CM
,235560,Contig_810436.fasta,0.023708300501946583,0.00011120527525627561,0.47287906929693435,CM
,235560,Contig_53485.fasta,0.002353266696324201,5.730296559311799e-07,0.3562343654886308,CM
,235560,Contig_53779.fasta,0.021424462775402577,9.134541449094367e-05,0.470501597857533,CM
,235560,Contig_54269.fasta,0.02263224074668851,0.00010155054071909255,0.4721633088489572,CM
,235560,Contig_135095.fasta,0.0217289950853361,9.121500974956143e-05,0.46979301111377164,CM
,235560,Contig_543843.fasta,0.0024604566738257627,5.986035698282558e-07,0.36427702535563766,CM
,235560,Contig_555043.fasta,0.009082076063894804,1.4100520000125735e-05,0.43506633107328363,CM
,235560,Contig_62494.fasta,0.013801851899050872,3.3908426353437284e-05,0.4516542848159426,CM
,235560,Contig_58762.fasta,0.01941252325506637,7.003415293435367e-05,0.4639700932764666,CM
,235560,Contig_499560.fasta,0.014282653820525012,3.815964155434333e-05,0.45494782602753187,CM
,235560,Contig_1065040.fasta,0.008139483222729118,1.015806762222411e-05,0.429475758668487,CM
,235560,Contig_24574502.fasta,0.004319450656083143,2.586711629427534e-06,0.39205181321266575,CM
,235560,Contig_55294.fasta,0.019776088139718657,7.604631162464693e-05,0.4669798793106951,CM
,235560,Contig_208230.fasta,0.02645088289103341,0.0001364816438184615,0.4755221941761347,CM
,235560,Contig_367971.fasta,0.014189304880060727,3.8332865426730474e-05,0.45539059763437134,CM
,235560,Contig_4437.fasta,0.0,0.0,0.0,CM
,235560,Contig_138526.fasta,0.0012982255383448067,0.0,0.32595878723045385,CM
,235560,Contig_138563.fasta,0.026371268210186427,0.00013198387371020077,0.47479841610280726,CM
,235560,Contig_371134.fasta,0.01685481047446404,5.334007264710577e-05,0.4582897542304766,CM
,235560,Contig_54294.fasta,0.02592076025520103,0.00013278281594993272,0.47649067115001686,CM
,235560,Contig_59426.fasta,0.010036728905143443,2.021845687634104e-05,0.44584453460630447,CM
,235560,Contig_502560.fasta,0.0023321696857064927,3.74854542209081e-07,0.35461450478917506,CM
,235560,Contig_201670.fasta,0.017502933166647028,6.273735308509983e-05,0.46535438992473055,CM
,235560,Contig_132684.fasta,0.022443975851288295,0.00010229405131015202,0.4724016547898198,CM
,235560,Contig_542344.fasta,0.006055660441143706,5.977742584473373e-06,0.42173396941804103,CM
,235560,Contig_545654.fasta,0.019607563330768678,7.326792128589675e-05,0.4669798793106951,CM
,235560,Contig_499661.fasta,0.0,0.0,0.0,CM
,235560,Contig_368062.fasta,0.0180587312522067,6.347614684194854e-05,0.46512310046651745,CM
,235560,Contig_133992.fasta,0.008501664797388783,1.4235761319773815e-05,0.43709840174620884,CM
,235560,Contig_131676.fasta,0.019784665764097722,7.527709719978218e-05,0.4660496405072874,CM
,235560,Contig_134010.fasta,0.018312656772713473,6.364660853196407e-05,0.4623654536258069,CM
,235560,Contig_548898.fasta,0.019201162688622465,6.964848757754633e-05,0.46512310046651745,CM
,235560,Contig_421218.fasta,0.0,0.0,0.0,CM
,235560,Contig_56266.fasta,0.018069776974803792,5.886734246130772e-05,0.46145349020642656,CM
,235560,Contig_791989.fasta,0.00955904320216065,1.652028648094322e-05,0.4381215721622814,CM
,235560,Contig_167.fasta,0.0022933740041439915,5.809875174898639e-07,0.35910501847223064,CM
,235560,Contig_131918.fasta,0.014469797054386738,4.307790338682271e-05,0.45806543227539553,CM
,235560,Contig_545669.fasta,0.014761153929322746,4.176802119596185e-05,0.45605637336190696,CM
,235560,Contig_309414.fasta,0.023133375593877174,0.00010231410530827425,0.471925203297344,CM
,235560,Contig_60809.fasta,0.01690685526292471,5.1670804380671044e-05,0.4594146677165602,CM
,235560,Contig_55579.fasta,0.010581888229077433,2.123733525553994e-05,0.44478501812672677,CM
,235560,Contig_134354.fasta,0.011825584451198135,2.4360636703910932e-05,0.4460570439173656,CM
,235560,Contig_302825.fasta,0.01655249008565697,5.470285832691882e-05,0.4609988562259276,CM
,235560,Contig_543384.fasta,0.0031362491808389,1.0370943090718695e-06,0.37077166328788946,CM
,235560,Contig_553243.fasta,0.013191982750927754,3.197728387365949e-05,0.45406486081447506,CM
,235560,Contig_985177.fasta,0.011663407847774043,2.6608550944509307e-05,0.4484080872729435,CM
,235560,Contig_551170.fasta,0.01394410566313003,3.373607585099996e-05,0.4510012906692208,CM
,235560,Contig_544200.fasta,0.010680850872469443,2.32753713249294e-05,0.44584453460630447,CM
,235560,Contig_1066727.fasta,0.012888973523238851,3.267243483640264e-05,0.45252789078270456,CM
,235560,Contig_623419.fasta,0.007063251122597053,8.021628304694125e-06,0.4269286852822231,CM
,235560,Contig_54254.fasta,0.020767999690481233,8.112127307594915e-05,0.46721301954000655,CM
,235560,Contig_53744.fasta,0.017014280565686827,5.613109477240821e-05,0.4621371250067324,CM
,235560,Contig_548820.fasta,0.0010134287189601473,0.0,0.2968996440795156,CM
,235560,Contig_422193.fasta,0.026863148845523443,0.00014216341693534858,0.4769763904885999,CM
,235560,Contig_56712.fasta,0.013101777511251965,3.6327905173064696e-05,0.4562787314181536,CM
,235560,Contig_56757.fasta,0.0049838002068524736,4.84493315107528e-06,0.41225888904785596,CM
,235560,Contig_1833.fasta,0.019312319814243684,7.093186176078913e-05,0.46512310046651745,CM
,235560,Contig_542648.fasta,0.0023515150452751085,6.605258543796129e-07,0.35786909297844477,CM
,235560,Contig_372026.fasta,0.019739141694759904,7.657143281504091e-05,0.4674463926766399,CM
,235560,Contig_370350.fasta,0.012629392326681744,3.0909244363457534e-05,0.45035018197239324,CM
,235560,Contig_985396.fasta,0.019195744286100852,7.155294557938146e-05,0.466746971640216,CM
,235560,Contig_543120.fasta,0.002353308471807809,5.347876465281393e-07,0.35569277010210304,CM
,235560,Contig_992741.fasta,0.019186103128400266,7.223718266912769e-05,0.4644306094980809,CM
,235560,Contig_54798.fasta,0.022192080885881843,9.339302831869954e-05,0.46955728958285653,CM
,235560,Contig_554998.fasta,0.014801664486566935,4.053696605562915e-05,0.45450591458894274,CM
,235560,Contig_542549.fasta,0.0,0.0,0.0,CM
,235560,Contig_1125670.fasta,0.02448029440312695,0.00011783542704533408,0.4735970031065957,CM
,235560,Contig_57456.fasta,0.01991503771086164,7.77539844306102e-05,0.46767999906978164,CM
,235560,Contig_420791.fasta,0.01044024343047508,1.9668971619062295e-05,0.4410121009135877,CM
,235560,Contig_304002.fasta,0.022550378809345475,0.00010012078791807621,0.4714497119086313,CM
,235560,Contig_304047.fasta,0.021980197706917587,9.46357315360403e-05,0.4714497119086313,CM
,235560,Contig_60914.fasta,0.022100271377422622,9.163822240983006e-05,0.46932180448276484,CM
,235560,Contig_369593.fasta,0.008548830269053004,1.2525005143246197e-05,0.4358768878149199,CM
,235560,Contig_132330.fasta,0.01248097637101276,2.639604387898684e-05,0.44862304800509734,CM
,235560,Contig_543264.fasta,0.011497650866549058,2.409038930076635e-05,0.4452082198566285,CM
,235560,Contig_61586.fasta,0.02214030788683628,9.919436497648179e-05,0.4721633088489572,CM
,235560,Contig_206205.fasta,0.01794304406131188,6.075366321759854e-05,0.46282278839695007,CM
,235560,Contig_992897.fasta,0.0012687752965836248,0.0,0.3222547101028351,CM
,235560,Contig_368482.fasta,0.01397476999682403,3.5332189879578586e-05,0.45384465477140307,CM
,235560,Contig_368810.fasta,0.020113966719426276,8.363063857410238e-05,0.46932180448276484,CM
,235560,Contig_545620.fasta,0.007272046376050974,1.013002402638601e-05,0.42829642020074743,CM
,235560,Contig_131586.fasta,0.0179302237032084,5.8061185522188356e-05,0.4609988562259276,CM
,235560,Contig_62330.fasta,0.0032152483557232945,1.3307370603308888e-06,0.3749309607927216,CM
,235560,Contig_133221.fasta,0.006203983333625208,6.712028085446477e-06,0.4224955657510759,CM
,235560,Contig_554336.fasta,0.022980926596346665,0.00010136267909963285,0.47073826868140495,CM
,235560,Contig_1061979.fasta,0.006097653114900698,7.320406028569253e-06,0.4215439991615464,CM
,235560,Contig_59083.fasta,0.00943987330177578,1.5944964834657453e-05,0.44122002741095384,CM
,235560,Contig_61046.fasta,0.019817952723384064,7.685132797461597e-05,0.46791383906931655,CM
,235560,Contig_53364.fasta,0.013956336067520886,3.627786563118627e-05,0.4527468205798902,CM
,235560,Contig_138517.fasta,0.016445475414818722,5.323964367525122e-05,0.46282278839695007,CM
,235560,Contig_1064832.fasta,0.004578207822709331,2.9756033491484626e-06,0.39856374707778236,CM
,235560,Contig_367940.fasta,0.01377741508893949,3.572160878536361e-05,0.45384465477140307,CM
,235560,Contig_57502.fasta,0.025446737949734205,0.00013048972348492135,0.47576394414775447,CM
,235560,Contig_370591.fasta,0.026427089551799364,0.0001366553350009673,0.47576394414775447,CM
,235560,Contig_420251.fasta,0.019211037375710855,7.491442348769662e-05,0.46955728958285653,CM
,235560,Contig_58753.fasta,0.023154975793145734,0.00010411350350243275,0.4724016547898198,CM
,235560,Contig_133165.fasta,0.018342100878288848,6.2311409127528e-05,0.46077187500671246,CM
,235560,Contig_136703.fasta,0.015335983693049327,4.864314072797907e-05,0.46009227047130435,CM
,235560,Contig_420638.fasta,0.008092815016232054,1.2674161551298022e-05,0.43265264823792565,CM
,235560,Contig_552562.fasta,0.0035005096902532822,1.7384189421653623e-06,0.38590832088191057,CM
,235560,Contig_136746.fasta,0.022118976918135178,9.549147114300822e-05,0.47097517772452596,CM
,235560,Contig_53399.fasta,0.02024526505063496,8.389071764000573e-05,0.470501597857533,CM
,235560,Contig_369317.fasta,0.02755919410778559,0.00014765659066159353,0.4769763904885999,CM
,235560,Contig_551614.fasta,0.012137619774683164,2.823826819998347e-05,0.4512187454863226,CM
,235560,Contig_554072.fasta,0.0012344245569886742,0.0,0.31939511199270754,CM
,235560,Contig_59716.fasta,0.020894663851675783,8.61842919474032e-05,0.46908655545796146,CM
,235560,Contig_1066043.fasta,0.0037991653897015516,2.4422934644722928e-06,0.3987335654617099,CM
,235560,Contig_549707.fasta,0.0,0.0,0.0,CM
,235560,Contig_1062625.fasta,0.016291725130754293,5.219588022159565e-05,0.4621371250067324,CM
,235560,Contig_372137.fasta,0.006885073692276745,8.167009505533274e-06,0.42211442405892335,CM
,235560,Contig_426270.fasta,0.004708748569172283,3.176547331831039e-06,0.4059989926848733,CM
,235560,Contig_54300.fasta,0.01877983201788655,7.108902156017302e-05,0.466746971640216,CM
,235560,Contig_53610.fasta,0.0011170904882864343,0.0,0.30713084284169123,CM
,235560,Contig_989205.fasta,0.015215194298273615,4.3046371669211786e-05,0.457617446522559,CM
,235560,Contig_420760.fasta,0.01525263750589917,4.807079689676692e-05,0.46009227047130435,CM
,235560,Contig_1062050.fasta,0.011519495892314744,2.2446706269272363e-05,0.44648267086766846,CM
,235560,Contig_427270.fasta,0.003512400505391667,1.6215853081658289e-06,0.384955852792527,CM
,235560,Contig_139063.fasta,0.0,0.0,0.0,CM
,235560,Contig_420725.fasta,0.001257790145605313,0.0,0.3211488257167581,CM
,235560,Contig_545479.fasta,0.009210117761803386,1.6004869140420165e-05,0.43832678132957054,CM
,235560,Contig_1062015.fasta,0.009362544598409609,1.4002756376252263e-05,0.43709840174620884,CM
,235560,Contig_202006.fasta,0.015378551846236998,4.339240469044825e-05,0.4582897542304766,CM
,235560,Contig_498324.fasta,0.0057805573610139925,5.764256341179459e-06,0.41481723321747915,CM
,235560,Contig_201370.fasta,0.0,0.0,0.0,CM
,235560,Contig_551822.fasta,0.004090171052515884,2.3212375883540613e-06,0.38670565212340213,CM
,235560,Contig_54001.fasta,0.004783161797844658,3.546597022050449e-06,0.4052956596529377,CM
,235560,Contig_422752.fasta,0.010784633320639631,2.146854245205276e-05,0.4469091108589461,CM
,235560,Contig_55044.fasta,0.01163111535301151,2.6106419356591286e-05,0.4481933324418741,CM
,235560,Contig_548236.fasta,0.016545270726922755,5.735043930648107e-05,0.4632810287815015,CM
,235560,Contig_420309.fasta,0.005823756444511655,5.391588164559094e-06,0.4137169222540376,CM
,235560,Contig_542500.fasta,0.018149669044936985,5.9436225907870926e-05,0.4616811436303074,CM
,235560,Contig_137277.fasta,0.0036658696084509532,2.1472509361282387e-06,0.39155969796595524,CM
,235560,Contig_987817.fasta,0.019855264660850643,8.04532501490507e-05,0.4688515421536238,CM
,235560,Contig_24578923.fasta,0.02308776088777018,0.00010332315604503402,0.4714497119086313,CM
,235560,Contig_985367.fasta,0.004999231268501152,4.1652313344367225e-06,0.41536958639087135,CM
,235560,Contig_498823.fasta,0.011572155233799918,2.4461489238362647e-05,0.4469091108589461,CM
,235560,Contig_1063329.fasta,0.02103997859816061,8.639595680165859e-05,0.46908655545796146,CM
,235560,Contig_61925.fasta,0.005970341172717118,6.159040242952958e-06,0.4162934511292852,CM
,235560,Contig_54079.fasta,0.020898778974075948,8.45500153731093e-05,0.46838222129060714,CM
,235560,Contig_554682.fasta,0.0011999877773541294,0.0,0.3153058214752807,CM
,235560,Contig_302566.fasta,0.018889150573777012,6.932233560486509e-05,0.46466121059515053,CM
,235560,Contig_310306.fasta,0.024400422413493064,0.00011388001490898351,0.4735970031065957,CM
,235560,Contig_543210.fasta,0.0012464046632659597,0.0,0.31841703917612557,CM
,235560,Contig_986701.fasta,0.002216095247180597,4.2643241520530306e-07,0.3466028437550493,CM
,235560,Contig_545700.fasta,0.015019012681580181,4.1022894134025034e-05,0.45605637336190696,CM
,235560,Contig_420371.fasta,0.016290870085448564,4.7788745560272425e-05,0.4591892434438828,CM
,235560,Contig_930538.fasta,0.0277067567134228,0.00015245238902296954,0.47770682906515216,CM
,235560,Contig_542578.fasta,0.003321897865646976,1.1403251862790127e-06,0.3782650275418889,CM
,235560,Contig_371823.fasta,0.011878875494778523,2.461961610504212e-05,0.44797878321619583,CM
,235560,Contig_56.fasta,0.0,0.0,0.0,CM
,235560,Contig_500869.fasta,0.012916267528344077,3.365811874718527e-05,0.45252789078270456,CM
,235560,Contig_549526.fasta,0.0012161291633998408,0.0,0.31841703917612557,CM
,235560,Contig_138472.fasta,0.024269453219788444,0.00011473164237492629,0.4735970031065957,CM
,235560,Contig_987069.fasta,0.01171259141861578,2.335858236712605e-05,0.44733636622305595,CM
,235560,Contig_988280.fasta,0.02015454454405434,7.682290225253874e-05,0.46721301954000655,CM
,235560,Contig_543585.fasta,0.0,0.0,0.0,CM
,235560,Contig_206976.fasta,0.024180087564592733,0.00011191635620061012,0.471925203297344,CM
,235560,Contig_3888.fasta,0.025364466998719474,0.00012603295014721954,0.47479841610280726,CM
,235560,Contig_1065538.fasta,0.001083827989928958,0.0,0.3037415378573947,CM
,235560,Contig_62111.fasta,0.013028291511007598,3.0712031516273606e-05,0.45035018197239324,CM
,235560,Contig_208748.fasta,0.018806453028508308,7.023803283848034e-05,0.4665142961807742,CM
,235560,Contig_501406.fasta,0.01209710171711881,2.7603178099305492e-05,0.45035018197239324,CM
,235560,Contig_306807.fasta,0.010837581037989397,2.3499848847737753e-05,0.4484080872729435,CM
,235560,Contig_57808.fasta,0.019248247628241427,7.622803074183895e-05,0.46838222129060714,CM
,235560,Contig_930639.fasta,0.019800841072947002,7.743757383160124e-05,0.46791383906931655,CM
,235560,Contig_422.fasta,0.0012687752965836248,0.0,0.3222547101028351,CM
,235560,Contig_545369.fasta,0.016209829503047085,4.637470776451556e-05,0.4565013064090893,CM
,235560,Contig_502018.fasta,0.015575859060610982,4.595536931753554e-05,0.4567240986523344,CM
,235560,Contig_1066920.fasta,0.007310966638346991,1.0982248848740912e-05,0.43225296911715155,CM
,235560,Contig_988550.fasta,0.011736370115506514,2.858531228449311e-05,0.4507840453461624,CM
,235560,Contig_498319.fasta,0.003676838096841424,2.3221413114816824e-06,0.3933701883726915,CM
,235560,Contig_1062135.fasta,0.01837690932457064,6.356932905554492e-05,0.46489204080408997,CM
,235560,Contig_139106.fasta,0.0025670008349284314,8.328651456915206e-07,0.37047809902558715,CM
,235560,Contig_424026.fasta,0.002353783623274038,3.6205623896397613e-07,0.35800599775770203,CM
,235560,Contig_985597.fasta,0.00364909287323869,1.9160052038422433e-06,0.3912323069141443,CM
,235560,Contig_369895.fasta,0.020604503907241226,8.128549110672245e-05,0.4669798793106951,CM
,235560,Contig_53489.fasta,0.0025344017463825737,5.83525950538296e-07,0.36684738460942107,CM
,235560,Contig_60880.fasta,0.022924454165732418,0.00010421026523130603,0.4726402414841581,CM
,235560,Contig_368093.fasta,0.016669801993726953,5.239105443860395e-05,0.4619090217860973,CM
,235560,Contig_499241.fasta,0.019874583370327752,8.047889389722201e-05,0.46908655545796146,CM
,235560,Contig_989061.fasta,0.007110781453492762,8.188268381711356e-06,0.4249898629149106,CM
,235560,Contig_55164.fasta,0.02296112813867488,0.00010513300775321713,0.471925203297344,CM
,235560,Contig_24573733.fasta,0.01150333390049745,2.524636712732755e-05,0.4462697559077888,CM
,235560,Contig_498628.fasta,0.008074794903447874,1.1607362520564727e-05,0.4292787514397399,CM
,235560,Contig_3643.fasta,0.0021928029082159315,5.008455528894968e-07,0.34997295367936915,CM
,235560,Contig_987659.fasta,0.001257790145605313,0.0,0.3211488257167581,CM
,235560,Contig_53431.fasta,0.015282437647408963,4.2011914991192746e-05,0.4565013064090893,CM
,235560,Contig_426051.fasta,0.024296103975088995,0.0001159442570234407,0.47407683796283334,CM
,235560,Contig_500137.fasta,0.021013983964987694,8.689373306029268e-05,0.46932180448276484,CM
,235560,Contig_369743.fasta,0.024414216478738437,0.00011326146056054013,0.4721633088489572,CM
,235560,Contig_502690.fasta,0.015300261662723144,4.461573238194753e-05,0.4585142960012901,CM
,235560,Contig_802918.fasta,0.011859845479500426,2.7944507638489216e-05,0.4516542848159426,CM
,235560,Contig_544175.fasta,0.0010191617647970488,0.0,0.2994648570043626,CM
,235560,Contig_53359.fasta,0.003666130616463828,1.8614302140601343e-06,0.38863275670209013,CM
,235560,Contig_306575.fasta,0.0023780542462521932,6.950451136169687e-07,0.36076625988382155,CM
,235560,Contig_542420.fasta,0.0,0.0,0.0,CM
,235560,Contig_368743.fasta,0.02001099358099816,7.561395856168483e-05,0.4669798793106951,CM
,235560,Contig_499105.fasta,0.002056397089215886,4.5774144526245016e-07,0.34609011765481995,CM
,235560,Contig_542465.fasta,0.002218875550189111,3.4390875196702187e-07,0.34698838640661217,CM
,235560,Contig_548646.fasta,0.016315755575538663,5.174771581032529e-05,0.46009227047130435,CM
,235560,Contig_58939.fasta,0.010429610732632832,1.9666990805528197e-05,0.44122002741095384,CM
,235560,Contig_621909.fasta,0.012032287718795729,2.694742025313568e-05,0.45035018197239324,CM
,235560,Contig_53922.fasta,0.022619221299295368,0.00010273591209565565,0.4731181385938489,CM
,235560,Contig_132024.fasta,0.028897338972497598,0.00016257158042823016,0.478439508250835,CM
,235560,Contig_1063498.fasta,0.018601784069126267,6.977562960191954e-05,0.46512310046651745,CM
,235560,Contig_551384.fasta,0.020653826806591762,8.369130955105479e-05,0.4700289694317595,CM
,235560,Contig_132061.fasta,0.005788830438911244,6.160830362397302e-06,0.41815356485193617,CM
,235560,Contig_543135.fasta,0.0037068613370917227,1.7570173318252747e-06,0.38927940022405705,CM
,235560,Contig_1064559.fasta,0.011374624560284506,2.091794338745638e-05,0.4435202266059872,CM
,235560,Contig_368256.fasta,0.022162353139015697,9.357669069506608e-05,0.47026516489378545,CM
,235560,Contig_306060.fasta,0.02185673713876051,9.11351538257468e-05,0.47073826868140495,CM
,235560,Contig_58286.fasta,0.01773837101454024,6.134444570440454e-05,0.464200237171941,CM
,235560,Contig_57092.fasta,0.027666895810296743,0.00015212297139765622,0.4779508059952161,CM
,235560,Contig_420355.fasta,0.019514058755682993,7.268838569166455e-05,0.4660496405072874,CM
,235560,Contig_420310.fasta,0.005769363048262439,5.756071323427742e-06,0.4111720905705769,CM
,235560,Contig_139456.fasta,0.017560032177886112,5.728295217226969e-05,0.4621371250067324,CM
,235560,Contig_4502.fasta,0.010083752581167307,1.9265316688551518e-05,0.44018235095890546,CM
,235560,Contig_543519.fasta,0.0009276788496334434,0.0,0.29217223794524916,CM
,235560,Contig_544009.fasta,0.0010959934776687255,0.0,0.3047306018035275,CM
,235560,Contig_3057.fasta,0.0012161291633998408,0.0,0.31841703917612557,CM
,235560,Contig_553809.fasta,0.002469631864889703,6.161326755702894e-07,0.36655999927090993,CM
,235560,Contig_132325.fasta,0.016174903358622515,5.042235052666829e-05,0.46122606118217496,CM
,235560,Contig_369951.fasta,0.020455564601459027,8.26378387642065e-05,0.46932180448276484,CM
,235560,Contig_61901.fasta,0.016734935204632158,5.019910356869084e-05,0.4596403134276194,CM
,235560,Contig_369157.fasta,0.015102356739908028,4.2418335832560816e-05,0.45605637336190696,CM
,235560,Contig_61944.fasta,0.002199925413054788,4.362273289571617e-07,0.34711709129771257,CM
,235560,Contig_53508.fasta,0.0013088239869547679,0.0,0.32641356056457377,CM
,235560,Contig_368951.fasta,0.009337454222563548,1.392741749378411e-05,0.4358768878149199,CM
,235560,Contig_303193.fasta,0.015458382871547976,4.802926304952913e-05,0.46054511719420915,CM
,235560,Contig_1062799.fasta,0.017311136003851004,5.783847299989145e-05,0.4621371250067324,CM
,235560,Contig_932596.fasta,0.015180782876101764,4.116843567508021e-05,0.4558342319233478,CM
,235560,Contig_133360.fasta,0.011564912226839847,2.46493281440678e-05,0.44648267086766846,CM
,235560,Contig_371588.fasta,0.018646288644135513,6.690767465188307e-05,0.46489204080408997,CM
,235560,Contig_990113.fasta,0.01871492134921098,7.04692513920672e-05,0.4662818525852681,CM
,235560,Contig_371159.fasta,0.014864125601261548,3.8840804601439505e-05,0.45450591458894274,CM
,235560,Contig_132515.fasta,0.022130528483837786,9.636125294707016e-05,0.4714497119086313,CM
,235560,Contig_708360.fasta,0.008383973533169244,1.3320120043248396e-05,0.4377117297187245,CM
,235560,Contig_794445.fasta,0.01603789480986112,4.497121658823243e-05,0.4567240986523344,CM
,235560,Contig_310512.fasta,0.02548485917246076,0.00012539298745021979,0.4743171201919073,CM
,235560,Contig_200936.fasta,0.022456544242135147,0.00010034860507909708,0.4731181385938489,CM
,235560,Contig_309369.fasta,0.02498388444827344,0.00012105336479857941,0.4745576461149255,CM
,235560,Contig_131663.fasta,0.01659551538870709,5.0974735212406306e-05,0.46122606118217496,CM
,235560,Contig_133515.fasta,0.019767286744275542,7.425645968852634e-05,0.4665142961807742,CM
,235560,Contig_57236.fasta,0.02318118693962205,0.00010336451039735256,0.471925203297344,CM
,235560,Contig_368809.fasta,0.019830939176610943,7.950531355621785e-05,0.46767999906978164,CM
,235560,Contig_57273.fasta,0.006026849131204204,7.3603062796268544e-06,0.42135419997236967,CM
,235560,Contig_53450.fasta,0.021506355011069383,9.08413772866803e-05,0.47097517772452596,CM
,235560,Contig_369809.fasta,0.017209535011761402,5.729254200250694e-05,0.46054511719420915,CM
,235560,Contig_500212.fasta,0.003743844104236646,2.0846201335365822e-06,0.3987335654617099,CM
,235560,Contig_985127.fasta,0.011877025449758376,2.4816859482729725e-05,0.44733636622305595,CM
,235560,Contig_131527.fasta,0.008017029156330898,1.0934144675489508e-05,0.4292787514397399,CM
,235560,Contig_205412.fasta,0.016834535198822376,5.308153520682396e-05,0.46122606118217496,CM
,235560,Contig_58861.fasta,0.021615390797516943,8.996198989705388e-05,0.4681479130258295,CM
,235560,Contig_57172.fasta,0.007805712791733674,1.0408163692633678e-05,0.4308598886457795,CM
,235560,Contig_57931.fasta,0.010428799989493675,2.1037061950146553e-05,0.4435202266059872,CM
,235560,Contig_986539.fasta,0.026161318855732665,0.0001342644844932606,0.4755221941761347,CM
,235560,Contig_53380.fasta,0.0012161291633998408,0.0,0.31841703917612557,CM
,235560,Contig_793579.fasta,0.012967670696082312,3.165631231072273e-05,0.4520906657674556,CM
,235560,Contig_53751.fasta,0.009377266819478376,1.477868446175343e-05,0.43832678132957054,CM
,235560,Contig_56974.fasta,0.016486142507468233,5.0907475629069115e-05,0.4594146677165602,CM
,235560,Contig_53714.fasta,0.021301067003887366,9.041109265757261e-05,0.47097517772452596,CM
,235560,Contig_498548.fasta,0.0066899942376714245,8.052456383728291e-06,0.421924110973234,CM
,235560,Contig_138961.fasta,0.02522418102956662,0.00012124552250889213,0.473357449741342,CM
,235560,Contig_56931.fasta,0.011953253484160173,2.4672823401415997e-05,0.4460570439173656,CM
,235560,Contig_53490.fasta,0.01742474110877738,6.030649292019435e-05,0.46351048941982814,CM
,235560,Contig_1261469.fasta,0.0196189932354425,7.130463367522807e-05,0.46512310046651745,CM
,235560,Contig_134080.fasta,0.018678658522236706,6.83222087201007e-05,0.46558590952170803,CM
,235560,Contig_547636.fasta,0.003635364176026807,1.9018926466543217e-06,0.3910688166061985,CM
,235560,Contig_555815.fasta,0.00624235304511074,6.543723410269179e-06,0.42402704038904987,CM
,235560,Contig_367999.fasta,0.013122093636814975,3.242950804325952e-05,0.4520906657674556,CM
,235560,Contig_542481.fasta,0.022539229277923505,0.00010077047241135458,0.4731181385938489,CM
,235560,Contig_54239.fasta,0.0,0.0,0.0,CM
,235560,Contig_135080.fasta,0.01568340018066707,4.4786039455816484e-05,0.4565013064090893,CM
,235560,Contig_543050.fasta,0.0021144801651629876,4.2420848656007494e-07,0.3487989855157037,CM
,235560,Contig_371121.fasta,0.010752570670436504,2.1675445782873677e-05,0.4460570439173656,CM
,235560,Contig_421275.fasta,0.01641079576847641,5.310068947085686e-05,0.46122606118217496,CM
,235560,Contig_1064055.fasta,0.01906955771299156,7.635915718801107e-05,0.46838222129060714,CM
,235560,Contig_24574183.fasta,0.023245581531777634,0.00010956058180578653,0.47407683796283334,CM
,235560,Contig_1065010.fasta,0.019829371514561545,7.261022120152534e-05,0.46558590952170803,CM
,235560,Contig_542439.fasta,0.021312784338493426,8.911706054904932e-05,0.470501597857533,CM
,235560,Contig_55615.fasta,0.002460150621197159,5.704807937824917e-07,0.3652723177746421,CM
,235560,Contig_1062268.fasta,0.017679731197232047,6.153703277142936e-05,0.4644306094980809,CM
,235560,Contig_545832.fasta,0.011181792302536535,2.420342389497199e-05,0.44905358835826925,CM
,235560,Contig_994284.fasta,0.01749019077816806,6.440928707576995e-05,0.46512310046651745,CM
,235560,Contig_61283.fasta,0.015497494486032283,4.6686540287642886e-05,0.4603185824587472,CM
,235560,Contig_137216.fasta,0.022475565617813484,0.0001018221902796436,0.47287906929693435,CM
,235560,Contig_369929.fasta,0.02243034033116215,9.810924077320762e-05,0.47168733777148847,CM
,235560,Contig_424266.fasta,0.0,0.0,0.0,CM
,235560,Contig_422733.fasta,0.02218377264652891,0.00010073003582694058,0.47287906929693435,CM
,235560,Contig_993468.fasta,0.024229862420601402,0.00011698658563581984,0.47407683796283334,CM
,235560,Contig_2702.fasta,0.02322027622477156,0.00010763367510858722,0.4735970031065957,CM
,235560,Contig_550843.fasta,0.009377147083081919,1.635941028736796e-05,0.4387377769051257,CM
,235560,Contig_555666.fasta,0.005968300393530017,5.4104238984190475e-06,0.4142663471175888,CM
,235560,Contig_552333.fasta,0.0011864966940946407,0.0,0.31403613360356813,CM
,235560,Contig_59941.fasta,0.013070279460410278,2.9685987857466382e-05,0.45143641010064306,CM
,235560,Contig_543660.fasta,0.012325981846064532,2.597139237941524e-05,0.4437305254332068,CM
,235560,Contig_302582.fasta,0.0,0.0,0.0,CM
,235560,Contig_985007.fasta,0.006480121935683201,6.049851755411754e-06,0.4151853052966429,CM
,235560,Contig_137152.fasta,0.009539725008036633,1.63257415280309e-05,0.43832678132957054,CM
,235560,Contig_551768.fasta,0.010703771763919671,2.1283721807426064e-05,0.44733636622305595,CM
,235560,Contig_54324.fasta,0.016890564209315558,5.544131024849993e-05,0.46122606118217496,CM
,235560,Contig_554908.fasta,0.02012812650397199,8.205573245330982e-05,0.46955728958285653,CM
,235560,Contig_988264.fasta,0.022810759094520097,9.860853120300376e-05,0.47026516489378545,CM
,235560,Contig_57017.fasta,0.015473867640380053,4.5919220026282105e-05,0.4594146677165602,CM
,235560,Contig_930599.fasta,0.007196546581086236,9.867498135270919e-06,0.433454227947491,CM
,235560,Contig_368836.fasta,0.02454583582976812,0.00012356392807782776,0.47528068976060595,CM
,235560,Contig_501295.fasta,0.01997019979277954,7.902968600229783e-05,0.46838222129060714,CM
,235560,Contig_549348.fasta,0.02301425840743432,0.00010145768841704538,0.470501597857533,CM
,235560,Contig_3936.fasta,0.025311004092082097,0.00012275876968001405,0.4745576461149255,CM
,235560,Contig_53793.fasta,0.0178149178568993,6.151052462116164e-05,0.46466121059515053,CM
,235560,Contig_421232.fasta,0.0,0.0,0.0,CM
,235560,Contig_368389.fasta,0.025212091572973428,0.00012310267846690884,0.47383679905753573,CM
,235560,Contig_58788.fasta,0.00463617021107851,4.022195851743154e-06,0.4012983182412663,CM
,235560,Contig_991500.fasta,0.02799240482154965,0.00015446370636779618,0.4781950322629704,CM
,235560,Contig_555817.fasta,0.019959686884346413,8.026838647131286e-05,0.4688515421536238,CM
,235560,Contig_542483.fasta,0.00803616141982857,1.1101860379088542e-05,0.42829642020074743,CM
,235560,Contig_132900.fasta,0.01327046224123399,3.501117720190512e-05,0.4534048828191052,CM
,235560,Contig_543052.fasta,0.0012742122393469427,0.0,0.3243770114865279,CM
,235560,Contig_546119.fasta,0.008306229302894865,1.0776953083295186e-05,0.4316548330897754,CM
,235560,Contig_6086.fasta,0.007387263344069638,9.278788474550834e-06,0.42829642020074743,CM
,235560,Contig_369459.fasta,0.022006727018859855,9.229906893915994e-05,0.46979301111377164,CM
,235560,Contig_1064787.fasta,0.0034816955914628487,1.885851324904823e-06,0.38337881119976774,CM
,235560,Contig_993918.fasta,0.007321372499077601,9.041985931275334e-06,0.4275137862670777,CM
,235560,Contig_420935.fasta,0.007792990373084458,9.308696621366367e-06,0.4246042096817754,CM
,235560,Contig_209716.fasta,0.013167380829272822,3.0687414963130466e-05,0.4481933324418741,CM
,235560,Contig_549952.fasta,0.002333219651686275,7.711701484007548e-07,0.35993372236101273,CM
,235560,Contig_368269.fasta,0.003891749987361852,2.1495555541393145e-06,0.3989035286183432,CM
,235560,Contig_58668.fasta,0.02185383128379804,9.409345194170797e-05,0.46955728958285653,CM
,235560,Contig_542949.fasta,0.017138909320036626,5.961352548664708e-05,0.46489204080408997,CM
,235560,Contig_425926.fasta,0.0,0.0,0.0,CM
,235560,Contig_439.fasta,0.012968969077063377,3.0374582403518442e-05,0.4518723699365684,CM
,235560,Contig_428343.fasta,0.01901353149993693,7.133969315137392e-05,0.46838222129060714,CM
,235560,Contig_502497.fasta,0.005425293093589193,4.449777698291855e-06,0.406528096498103,CM
,235560,Contig_793333.fasta,0.01315522499425661,3.334901743091906e-05,0.45296596231298797,CM
,235560,Contig_985040.fasta,0.021992361145541102,9.207254043084959e-05,0.46979301111377164,CM
,235560,Contig_544337.fasta,0.008245069937847824,1.3286460031555446e-05,0.433454227947491,CM
,235560,Contig_302538.fasta,0.0033954965760367726,1.451810101822475e-06,0.38088224588466957,CM
,235560,Contig_371387.fasta,0.006046871533167064,7.280142262829948e-06,0.42230490890732536,CM
,235560,Contig_985429.fasta,0.015149238621945834,4.526841509001386e-05,0.4585142960012901,CM
,235560,Contig_57780.fasta,0.015091337917163584,4.259578723626002e-05,0.4565013064090893,CM
,235560,Contig_5210.fasta,0.0024347400208976646,5.081856886040278e-07,0.3611839745807152,CM
,235560,Contig_139344.fasta,0.007341283082714913,8.480581884405082e-06,0.4269286852822231,CM
,235560,Contig_303250.fasta,0.010423985203382505,1.9002063716392143e-05,0.4399754010994984,CM
,235560,Contig_547305.fasta,0.0011170904882864343,0.0,0.30713084284169123,CM
,235560,Contig_368294.fasta,0.017448225298317077,5.8650584027444396e-05,0.4630517952195117,CM
,235560,Contig_542526.fasta,0.0034872962053021025,1.5763020516975312e-06,0.3844813796789782,CM
,235560,Contig_59201.fasta,0.0011228820725203855,0.0,0.30773682280126047,CM
,235560,Contig_132437.fasta,0.012234054348603886,3.0195162530856857e-05,0.45296596231298797,CM
,235560,Contig_135127.fasta,0.017682527091993135,6.324961937692456e-05,0.46351048941982814,CM
,235560,Contig_498840.fasta,0.01773211256816228,6.197794823269728e-05,0.46351048941982814,CM
,235560,Contig_201012.fasta,0.007026815214984959,9.104637345720218e-06,0.42268639482323084,CM
,235560,Contig_502796.fasta,0.012900314911620227,2.9723483139227176e-05,0.45143641010064306,CM
,235560,Contig_371838.fasta,0.02295886918933312,0.00010020444007451992,0.4700289694317595,CM
,235560,Contig_369953.fasta,0.02357604906861646,0.00011072690377722839,0.4735970031065957,CM
,235560,Contig_53998.fasta,0.0024347400208976646,5.081856886040278e-07,0.3611839745807152,CM
,235560,Contig_549268.fasta,0.0033878294708306026,1.386775115967417e-06,0.3815033339334012,CM
,235560,Contig_627031.fasta,0.009356393564749134,1.645355982564825e-05,0.4389435638548935,CM
,235560,Contig_60946.fasta,0.022952201512132637,0.00010047339238955218,0.47073826868140495,CM
,235560,Contig_368584.fasta,0.01594284954405369,4.680139812092873e-05,0.4578413298134213,CM
,235560,Contig_499387.fasta,0.0035823480030625133,1.5069879399271342e-06,0.3851142708389437,CM
,235560,Contig_368916.fasta,0.02249745400107561,9.925037931833427e-05,0.4714497119086313,CM
,235560,Contig_131739.fasta,0.008322987665292658,1.3015112436680048e-05,0.43466218213591873,CM
,235560,Contig_368678.fasta,0.02016030622221932,7.787426087205064e-05,0.46721301954000655,CM
,235560,Contig_55737.fasta,0.002450553720388515,8.245280435108164e-07,0.36713522092531703,CM
,235560,Contig_57441.fasta,0.01290085445791728,3.085578394049077e-05,0.4512187454863226,CM
,235560,Contig_139085.fasta,0.01957390472031284,7.836573625147266e-05,0.46721301954000655,CM
,235560,Contig_5194.fasta,0.0013467497923693175,0.0,0.3311492137787095,CM
,235560,Contig_500498.fasta,0.008976856856779965,1.4281997418465941e-05,0.4379165550484947,CM
,235560,Contig_35.fasta,0.003291991170713779,1.375163715443091e-06,0.3788776024852766,CM
,235560,Contig_1124667.fasta,0.020695243518703006,7.774613334389182e-05,0.46721301954000655,CM
,235560,Contig_800316.fasta,0.0012687752965836248,0.0,0.3222547101028351,CM
,235560,Contig_56028.fasta,0.01976397504604568,8.000111694935143e-05,0.4681479130258295,CM
,235560,Contig_551712.fasta,0.0025049515046213916,7.269778152772941e-07,0.3677122507420955,CM
,235560,Contig_502713.fasta,0.025197281247579112,0.00012379324592842874,0.4743171201919073,CM
,235560,Contig_59610.fasta,0.013724342343744983,3.5643786172712946e-05,0.453185316289895,CM
,235560,Contig_302604.fasta,0.01539065495185704,4.7604108513630705e-05,0.46054511719420915,CM
,235560,Contig_551757.fasta,0.0038174607832903848,2.203470136209215e-06,0.3965371517536581,CM
,235560,Contig_932201.fasta,0.00477283157451015,3.7686513047045785e-06,0.4058229306759033,CM
,235560,Contig_133865.fasta,0.002364591611072802,6.33607230469995e-07,0.3600722116731947,CM
,235560,Contig_986463.fasta,0.01734975736909668,5.5361316885531325e-05,0.4603185824587472,CM
,235560,Contig_545427.fasta,0.006847735815218513,8.744308166604495e-06,0.421924110973234,CM
,235560,Contig_62172.fasta,0.014083507812453615,3.595408715785507e-05,0.4558342319233478,CM
,235560,Contig_55436.fasta,0.003734668913172706,1.936941255307871e-06,0.39436480326111806,CM
,235560,Contig_548295.fasta,0.003528541891437379,1.9526597810961493e-06,0.38750628494353334,CM
,235560,Contig_550839.fasta,0.0,0.0,0.0,CM
,235560,Contig_370302.fasta,0.017861633416434625,5.8525098990990894e-05,0.4623654536258069,CM
,235560,Contig_372074.fasta,0.022830169795391226,0.00010207226775239978,0.4714497119086313,CM
,235560,Contig_553798.fasta,0.02209945048835899,9.785732009419851e-05,0.471925203297344,CM
,235560,Contig_500799.fasta,0.006626270817826742,8.170251956902847e-06,0.4232599177470073,CM
,235560,Contig_54243.fasta,0.02613809368907644,0.00013384296634844732,0.4755221941761347,CM
,235560,Contig_543869.fasta,0.0,0.0,0.0,CM
,235560,Contig_137718.fasta,0.026602956102791155,0.00013377041741996777,0.4745576461149255,CM
,235560,Contig_53716.fasta,0.010847438768537266,2.1715225634188936e-05,0.44457371883070457,CM
,235560,Contig_369798.fasta,0.01172904549476715,2.5990668494918702e-05,0.4488382149345962,CM
,235560,Contig_985160.fasta,0.013556770760322958,3.472847934000097e-05,0.453185316289895,CM
,235560,Contig_56618.fasta,0.016384069527807146,5.1037751916932844e-05,0.45986618090350523,CM
,235560,Contig_369421.fasta,0.0023850665005760337,5.785713003440374e-07,0.3616026577042632,CM
,235560,Contig_136070.fasta,0.018800236652485085,6.694498344292344e-05,0.46558590952170803,CM
,235560,Contig_547124.fasta,0.004997166207215379,4.1438708600157955e-06,0.4099113789481529,CM
,235560,Contig_555395.fasta,0.0024305777822982754,5.632303380349162e-07,0.3631461692427757,CM
,235560,Contig_2620.fasta,0.021736866690572343,8.907158091708564e-05,0.4688515421536238,CM
,235560,Contig_990679.fasta,0.0035589716897056717,1.486528139986574e-06,0.3835359336633742,CM
,235560,Contig_137371.fasta,0.01890484806016165,6.949674795224247e-05,0.466746971640216,CM
,235560,Contig_200971.fasta,0.004925041064204332,4.128005438318616e-06,0.41027079269558664,CM
,235560,Contig_55880.fasta,0.024140409652187472,0.00011330010221164601,0.47287906929693435,CM
,235560,Contig_53941.fasta,0.01623519646334815,5.0524720152125155e-05,0.4596403134276194,CM
,235560,Contig_54457.fasta,0.004948119325706226,4.000148965180075e-06,0.4113528255554431,CM
,235560,Contig_543587.fasta,0.0012464046632659597,0.0,0.31841703917612557,CM
,235560,Contig_132047.fasta,0.0009276788496334434,0.0,0.29217223794524916,CM
,235560,Contig_133002.fasta,0.02010952463008639,8.015381858194831e-05,0.46932180448276484,CM
,235560,Contig_368235.fasta,0.015083014197239588,4.446433184542881e-05,0.4573937820814434,CM
,235560,Contig_212696.fasta,0.016834591386509834,5.39718215871892e-05,0.46282278839695007,CM
,235560,Contig_428432.fasta,0.027697351195143473,0.0001497550287949213,0.4774631010911394,CM
,235560,Contig_545097.fasta,0.0011506419435873597,0.0,0.3104935892961623,CM
,235560,Contig_550773.fasta,0.004633075816462339,3.5650047459945017e-06,0.4037220354351308,CM
,235560,Contig_134557.fasta,0.018725422439689065,6.880842963033212e-05,0.46581765960111154,CM
,235560,Contig_370062.fasta,0.013275355679262427,3.606726398391018e-05,0.4558342319233478,CM
,235560,Contig_420336.fasta,0.005540471756757997,4.873772252566769e-06,0.4090155935920599,CM
,235560,Contig_60298.fasta,0.01817793572332019,6.176635086085214e-05,0.4619090217860973,CM
,235560,Contig_424515.fasta,0.0011999877773541294,0.0,0.3153058214752807,CM
,235560,Contig_498859.fasta,0.010288815936233065,2.0758127930639847e-05,0.44059683528184235,CM
,235560,Contig_987746.fasta,0.004666424228934404,4.1011624286493315e-06,0.4052956596529377,CM
,235560,Contig_553390.fasta,0.021174234003969283,9.122194791609322e-05,0.4714497119086313,CM
,235560,Contig_54838.fasta,0.024356760922988514,0.00011651205178742161,0.4745576461149255,CM
,235560,Contig_808772.fasta,0.026854323299866985,0.00014497710239954034,0.47770682906515216,CM
,235560,concatenated_maxbin2.1689.fasta,0.12351779995915742,0.02724643838112485,0.43709840174620884,CM
,235560,concatenated_maxbin2.0347.fasta,0.15682077490163251,0.0527977549042473,0.4964603067048452,CM
,235560,concatenated_maxbin2.0432.fasta,0.15267366181793365,0.05221846108108292,0.4917644131049044,CM
,235560,concatenated_maxbin2.0512.fasta,0.13786770644961122,0.03525368578256733,0.46054511719420915,CM
,235560,concatenated_maxbin2.0082.fasta,0.13490509547270346,0.03247538612773462,0.4551691041530317,CM
,235560,concatenated_metabat2.783.fasta,0.10067928809744003,0.016608810611812366,0.4081237148445849,CM
,235560,concatenated_bin.308.fasta,0.14378022942183852,0.04029947530836951,0.4712123253467438,CM
,235560,concatenated_maxbin2.0325.fasta,0.11382070098313392,0.02122138010463493,0.42518295235739806,CM
,235560,concatenated_metabat2.665.fasta,0.14410119220278675,0.041809086601607454,0.4714497119086313,CM
,235560,concatenated_maxbin2.0610.fasta,0.14216375375199822,0.04210194848268608,0.46838222129060714,CM
,235560,concatenated_maxbin2.0126.fasta,0.14934181149075387,0.042003694419018626,0.4781950322629704,CM
,235560,concatenated_maxbin2.0342.fasta,0.12142708156248916,0.022510636635835312,0.4312569945339323,CM
,235560,concatenated_bin.737.fasta,0.1520222177844063,0.05139870378315736,0.4869030583447623,CM
,235560,concatenated_bin.182.fasta,0.11115269700844733,0.02024997401226929,0.42135419997236967,CM
,235560,concatenated_maxbin2.0908.fasta,0.1555508891566161,0.0520801825604754,0.4954090408356978,CM
,235560,concatenated_maxbin2.1011.fasta,0.1479063781792214,0.045775945126682406,0.48040435222722433,CM
,235560,concatenated_metabat2.358.fasta,0.1313198322832114,0.028235916257879953,0.44797878321619583,CM
,235560,concatenated_maxbin2.0541.fasta,0.14571425927833917,0.047863613500432195,0.4781950322629704,CM
,235560,concatenated_bin.204.fasta,0.12211400409726103,0.02739287724124026,0.43669047043333326,CM
,235560,concatenated_metabat2.164.fasta,0.1298621869210984,0.02895269983592856,0.44584453460630447,CM
,235560,concatenated_maxbin2.0329.fasta,0.13384763555252271,0.03461649962133304,0.453185316289895,CM
,235560,concatenated_bin.240.fasta,0.13454157204553363,0.03325375056532329,0.45450591458894274,CM
,235560,concatenated_metabat2.793.fasta,0.15070599810475424,0.04526309746764917,0.4843828561794167,CM
,235560,concatenated_maxbin2.0177.fasta,0.13921963051311828,0.03711584159115689,0.4630517952195117,CM
,235560,concatenated_metabat2.147.fasta,0.14811625764171113,0.0424318864456857,0.4779508059952161,CM
,235560,concatenated_maxbin2.0272.fasta,0.1613649720229858,0.05919558572994881,0.5074987408560917,CM
