Method,Number of Swaps,Node,Eigenvector Centrality,Betweenness Centrality,Closeness Centrality,Methods
,235560,Contig_60400.fasta,0.022187394353353707,9.657050460254858e-05,0.47073826868140495,CM
,235560,Contig_303000.fasta,0.014053404892871222,4.117289944997242e-05,0.4547267629439422,CM
,235560,Contig_58480.fasta,0.0035366180906955488,2.0687436993481064e-06,0.38927940022405705,CM
,235560,Contig_547953.fasta,0.02049724138252662,7.729849755369957e-05,0.46838222129060714,CM
,235560,Contig_501261.fasta,0.014299921845631435,3.856531681567449e-05,0.4565013064090893,CM
,235560,Contig_59812.fasta,0.02003335651815396,8.042267374131375e-05,0.4688515421536238,CM
,235560,Contig_137842.fasta,0.02676029369833748,0.00014369608123880273,0.4769763904885999,CM
,235560,Contig_305555.fasta,0.0202878581154325,8.613174782547435e-05,0.47026516489378545,CM
,235560,Contig_1064437.fasta,0.0199534239090154,7.704873977749199e-05,0.4660496405072874,CM
,235560,Contig_302768.fasta,0.004357834753008723,2.559402048625533e-06,0.39620138786563636,CM
,235560,Contig_308773.fasta,0.01049540178115742,2.2117386572397704e-05,0.44436262019878114,CM
,235560,Contig_548846.fasta,0.001266447740127336,0.0,0.3211488257167581,CM
,235560,Contig_367992.fasta,0.00485752018518026,3.671290158483178e-06,0.40424521733850244,CM
,235560,Contig_2515.fasta,0.01924343143541575,7.358019960728232e-05,0.464200237171941,CM
,235560,Contig_139114.fasta,0.02457577108444745,0.00012160099407735776,0.47479841610280726,CM
,235560,Contig_1118110.fasta,0.0209925887915234,8.636318138345906e-05,0.4688515421536238,CM
,235560,Contig_499911.fasta,0.02275531158336718,9.918848060672781e-05,0.470501597857533,CM
,235560,Contig_552124.fasta,0.0,0.0,0.0,CM
,235560,Contig_133566.fasta,0.016002430999513664,5.154053139721282e-05,0.45873905791109465,CM
,235560,Contig_131655.fasta,0.00440704569430205,3.0990580427993392e-06,0.4037220354351308,CM
,235560,Contig_550217.fasta,0.0072390499449521304,1.0476582633560248e-05,0.4286888127066574,CM
,235560,Contig_1065858.fasta,0.019639620344869897,6.746590070600414e-05,0.4630517952195117,CM
,235560,Contig_502682.fasta,0.004599452155965655,2.9233554534516654e-06,0.39992635817890304,CM
,235560,Contig_59781.fasta,0.009812011238650477,1.9714333413814544e-05,0.44247171543197783,CM
,235560,Contig_544167.fasta,0.01981050974066194,7.664705147694707e-05,0.4662818525852681,CM
,235560,Contig_500923.fasta,0.004807023885748726,3.578119804598709e-06,0.40688159919071004,CM
,235560,Contig_53423.fasta,0.008228291530536424,1.1374456845782571e-05,0.4316548330897754,CM
,235560,Contig_54970.fasta,0.009009319946124656,1.5303760693577402e-05,0.43547123226553425,CM
,235560,Contig_371293.fasta,0.025511401837023016,0.00012812038475588269,0.4745576461149255,CM
,235560,Contig_368039.fasta,0.01180961646482174,2.3778987288452085e-05,0.4449965183731018,CM
,235560,Contig_139681.fasta,0.008166821759257205,1.2687331635162563e-05,0.43285276509650006,CM
,235560,Contig_139250.fasta,0.007514600239707952,1.0741613559916706e-05,0.4324527163302371,CM
,235560,Contig_55970.fasta,0.020810952285552898,8.932769666552015e-05,0.46932180448276484,CM
,235560,Contig_370642.fasta,0.007471478850663565,8.81502891468324e-06,0.4304635134032351,CM
,235560,Contig_424505.fasta,0.015465671424981588,4.730470275573115e-05,0.45873905791109465,CM
,235560,Contig_1064106.fasta,0.007988755702235568,1.1902003474786892e-05,0.42888527870698123,CM
,235560,Contig_53687.fasta,0.0023419660738142815,4.335102048992625e-07,0.3569136835006228,CM
,235560,Contig_988292.fasta,0.01135578468827462,2.5906582047750985e-05,0.45013356331824583,CM
,235560,Contig_2.fasta,0.0047945102033908156,4.261177285382098e-06,0.4072357172056715,CM
,235560,Contig_55746.fasta,0.003461406582104653,2.1242724339788427e-06,0.3827516066006679,CM
,235560,Contig_370874.fasta,0.015960989836595517,4.539934203875541e-05,0.4567240986523344,CM
,235560,Contig_62202.fasta,0.0212634936978953,9.269819363656133e-05,0.4714497119086313,CM
,235560,Contig_131826.fasta,0.019502542443109474,7.842888043560845e-05,0.4669798793106951,CM
,235560,Contig_60972.fasta,0.018650589674165035,6.770126019225084e-05,0.4644306094980809,CM
,235560,Contig_502426.fasta,0.010333860157466781,1.922141245930054e-05,0.4422626078159892,CM
,235560,Contig_302574.fasta,0.009685633547399,1.634808246954176e-05,0.44122002741095384,CM
,235560,Contig_369922.fasta,0.027555566571374524,0.00015129206905008997,0.47673340710067913,CM
,235560,Contig_56774.fasta,0.002279123708990681,6.055270805480182e-07,0.353943902473008,CM
,235560,Contig_53586.fasta,0.01810319686858339,6.226293523872812e-05,0.4609988562259276,CM
,235560,Contig_305448.fasta,0.02037326759055597,7.857583857519535e-05,0.46838222129060714,CM
,235560,Contig_423780.fasta,0.021153748122879585,9.12937405558106e-05,0.47073826868140495,CM
,235560,Contig_368225.fasta,0.02199731989857344,9.952714223738879e-05,0.4724016547898198,CM
,235560,Contig_498426.fasta,0.0247322308565263,0.00011925651243037336,0.47407683796283334,CM
,235560,Contig_543905.fasta,0.005738929757010754,6.204710735515158e-06,0.4120773571724496,CM
,235560,Contig_799449.fasta,0.014691136956606062,3.9448733349323615e-05,0.45450591458894274,CM
,235560,Contig_307703.fasta,0.02225092028237125,9.699402717104737e-05,0.47073826868140495,CM
,235560,Contig_135212.fasta,0.02418515677754136,0.0001150569185864532,0.4735970031065957,CM
,235560,Contig_542656.fasta,0.018431058196281477,6.628339295319039e-05,0.4644306094980809,CM
,235560,Contig_368570.fasta,0.007141582645914167,7.466520108708029e-06,0.4253762173357423,CM
,235560,Contig_58171.fasta,0.019680742648545732,7.516815211670088e-05,0.4674463926766399,CM
,235560,Contig_989217.fasta,0.02110696833282176,8.439469452396422e-05,0.4688515421536238,CM
,235560,Contig_24573992.fasta,0.0012868527410182207,0.0,0.32595878723045385,CM
,235560,Contig_422441.fasta,0.0012868527410182207,0.0,0.32595878723045385,CM
,235560,Contig_58619.fasta,0.009942213210064442,1.6267951732659474e-05,0.4368943408677092,CM
,235560,Contig_55786.fasta,0.02201700678000104,9.270137784665294e-05,0.46908655545796146,CM
,235560,Contig_84.fasta,0.009312006699346901,1.5513217580639075e-05,0.4368943408677092,CM
,235560,Contig_302648.fasta,0.005735577391261771,5.364154323366753e-06,0.4131689528205886,CM
,235560,Contig_56021.fasta,0.004718319501750297,2.7991683467504568e-06,0.4004397424641134,CM
,235560,Contig_500040.fasta,0.02460155060851465,0.00011855406172623375,0.47407683796283334,CM
,235560,Contig_1066208.fasta,0.01563131693857686,4.836431035211554e-05,0.45806543227539553,CM
,235560,Contig_56448.fasta,0.00615893174223139,7.417026048971389e-06,0.42345143807177965,CM
,235560,Contig_211575.fasta,0.002528723986389057,6.055938379801921e-07,0.36843609375536734,CM
,235560,Contig_58270.fasta,0.02745374299457997,0.000152333147316718,0.4774631010911394,CM
,235560,Contig_501846.fasta,0.02349660746730747,0.00010767614778885353,0.47287906929693435,CM
,235560,Contig_542512.fasta,0.011706713119051726,2.8496423351993625e-05,0.4512187454863226,CM
,235560,Contig_134156.fasta,0.018296618277949508,6.777649332814167e-05,0.4665142961807742,CM
,235560,Contig_24575311.fasta,0.004449258981666973,2.8254139476502066e-06,0.39737905653445144,CM
,235560,Contig_56365.fasta,0.024250639540359387,0.00011370969848218605,0.4726402414841581,CM
,235560,Contig_24577067.fasta,0.014934721090416606,4.327302371251365e-05,0.4578413298134213,CM
,235560,Contig_302549.fasta,0.020617279829438704,8.40019189314095e-05,0.46932180448276484,CM
,235560,Contig_61598.fasta,0.017146775553331165,6.411363447643976e-05,0.4637401774720679,CM
,235560,Contig_57982.fasta,0.01979858711419621,7.152821202587965e-05,0.46489204080408997,CM
,235560,Contig_367952.fasta,0.018039614636492625,6.418513645844949e-05,0.46489204080408997,CM
,235560,Contig_548080.fasta,0.010397190254392067,2.1547038771441822e-05,0.4435202266059872,CM
,235560,Contig_55623.fasta,0.01780348706185805,6.211851725143154e-05,0.4644306094980809,CM
,235560,Contig_56982.fasta,0.024127406495035808,0.00011595350787960395,0.473357449741342,CM
,235560,Contig_1066315.fasta,0.010516774383338657,1.9433272646626757e-05,0.4422626078159892,CM
,235560,Contig_369802.fasta,0.023098111644786437,0.00010474691275907378,0.47168733777148847,CM
,235560,Contig_132276.fasta,0.01994791582816219,8.014688666967648e-05,0.46861676421564,CM
,235560,Contig_985545.fasta,0.0209136741346748,8.673693058234896e-05,0.4688515421536238,CM
,235560,Contig_56278.fasta,0.0,0.0,0.0,CM
,235560,Contig_61852.fasta,0.0195049360010878,7.115888381804196e-05,0.46558590952170803,CM
,235560,Contig_985500.fasta,0.018273634408350677,6.308970377699803e-05,0.4621371250067324,CM
,235560,Contig_499607.fasta,0.014810261335418457,4.1733843168426905e-05,0.4567240986523344,CM
,235560,Contig_2240.fasta,0.022121265529727933,9.47582978049341e-05,0.47026516489378545,CM
,235560,Contig_370216.fasta,0.010180980970190429,1.9842893748622532e-05,0.4435202266059872,CM
,235560,Contig_309063.fasta,0.02353853174967593,0.00010466206163019381,0.4714497119086313,CM
,235560,Contig_57285.fasta,0.011818423697305527,2.489577564060186e-05,0.4456322276850634,CM
,235560,Contig_3691.fasta,0.008302227125780605,1.2415366400863106e-05,0.43285276509650006,CM
,235560,Contig_59029.fasta,0.023216872305946514,0.00010687756988567486,0.4721633088489572,CM
,235560,Contig_3240.fasta,0.01321919497292256,3.512195369723821e-05,0.45450591458894274,CM
,235560,Contig_56285.fasta,0.02205330097622567,9.649843634436138e-05,0.4714497119086313,CM
,235560,Contig_371253.fasta,0.02782032720543773,0.00015914392584776043,0.4789292109204878,CM
,235560,Contig_1263041.fasta,0.006997422990231371,1.0540792517508227e-05,0.4265395069000151,CM
,235560,Contig_138129.fasta,0.0218849304015214,0.0001009848601049508,0.4721633088489572,CM
,235560,Contig_302755.fasta,0.011021228634179083,2.3965488334411098e-05,0.44862304800509734,CM
,235560,Contig_544576.fasta,0.011914052102774034,2.7104375982537452e-05,0.45035018197239324,CM
,235560,Contig_278.fasta,0.0012114596617925993,0.0,0.3153058214752807,CM
,235560,Contig_131695.fasta,0.021638816916939165,9.518072278752872e-05,0.4700289694317595,CM
,235560,Contig_548245.fasta,0.0023626402930196156,4.521898464090229e-07,0.3558280145013814,CM
,235560,Contig_1065632.fasta,0.005664092245150421,6.258512461218763e-06,0.41592341250605913,CM
,235560,Contig_55072.fasta,0.021460433216424348,8.88780712917264e-05,0.470501597857533,CM
,235560,Contig_204149.fasta,0.009358805713166362,1.4745263439098791e-05,0.43526868750634096,CM
,235560,Contig_369610.fasta,0.004480552225558755,2.9940495220667863e-06,0.3956988068239463,CM
,235560,Contig_498487.fasta,0.014831457186722052,3.868432240215389e-05,0.4551691041530317,CM
,235560,Contig_201047.fasta,0.008323323737483332,1.1160977660571433e-05,0.43285276509650006,CM
,235560,Contig_136690.fasta,0.011423422254070375,2.56331770224314e-05,0.4462697559077888,CM
,235560,Contig_550313.fasta,0.01950591583391358,7.124364017566246e-05,0.46489204080408997,CM
,235560,Contig_60291.fasta,0.010720858137490326,1.999911621344582e-05,0.4439410237849303,CM
,235560,Contig_370828.fasta,0.01748435467195659,5.879987087419884e-05,0.4630517952195117,CM
,235560,Contig_139853.fasta,0.002222135154209796,6.552413895823384e-07,0.3558280145013814,CM
,235560,Contig_57005.fasta,0.004341774696979893,2.9806563479600867e-06,0.3918876374114879,CM
,235560,Contig_1062860.fasta,0.007257343950910073,8.64555932733902e-06,0.4271235409122013,CM
,235560,Contig_543959.fasta,0.0,0.0,0.0,CM
,235560,Contig_53626.fasta,0.017835904725855233,5.9850157512781035e-05,0.46282278839695007,CM
,235560,Contig_54373.fasta,0.02253099296781537,0.0001016961682941899,0.4724016547898198,CM
,235560,Contig_549101.fasta,0.0,0.0,0.0,CM
,235560,Contig_371402.fasta,0.022895511327803555,0.0001036671867971715,0.47073826868140495,CM
,235560,Contig_421838.fasta,0.003637550056753949,1.812400763584547e-06,0.3905791644985948,CM
,235560,Contig_1128005.fasta,0.0,0.0,0.0,CM
,235560,Contig_368554.fasta,0.02020185057430142,8.19662917096645e-05,0.4688515421536238,CM
,235560,Contig_58584.fasta,0.018538969878947483,6.361452414052485e-05,0.4632810287815015,CM
,235560,Contig_368185.fasta,0.016328418285698105,5.431761517165661e-05,0.46009227047130435,CM
,235560,Contig_707918.fasta,0.016087968771636173,4.969920551886229e-05,0.45806543227539553,CM
,235560,Contig_992623.fasta,0.021244568840808494,8.546068736095923e-05,0.46767999906978164,CM
,235560,Contig_1062938.fasta,0.01643389472116924,5.189716528252826e-05,0.4591892434438828,CM
,235560,Contig_133910.fasta,0.006998634739161972,8.845191071679955e-06,0.4253762173357423,CM
,235560,Contig_136735.fasta,0.01730331405022656,5.840176674689309e-05,0.46145349020642656,CM
,235560,Contig_133582.fasta,0.028833782269074078,0.00016416995600609935,0.47770682906515216,CM
,235560,Contig_303771.fasta,0.024969707489160213,0.0001230459215945293,0.47383679905753573,CM
,235560,Contig_542493.fasta,0.017434299471916864,6.065311355184881e-05,0.4621371250067324,CM
,235560,Contig_370277.fasta,0.019297941874134708,7.096884239670072e-05,0.46466121059515053,CM
,235560,Contig_422210.fasta,0.017700661805018857,5.664630252643547e-05,0.4619090217860973,CM
,235560,Contig_53810.fasta,0.012735922693776344,3.26530509347866e-05,0.4505670092145561,CM
,235560,Contig_54994.fasta,0.028833782269074078,0.00016416995600609935,0.47770682906515216,CM
,235560,Contig_54506.fasta,0.017211680060722465,5.6254129331686894e-05,0.46122606118217496,CM
,235560,Contig_24570062.fasta,0.00315046900305135,1.3037767028076274e-06,0.3713601897375528,CM
,235560,Contig_502567.fasta,0.02001445450832019,7.550037943505856e-05,0.46512310046651745,CM
,235560,Contig_985561.fasta,0.017345564215743414,5.9515018937257946e-05,0.46145349020642656,CM
,235560,Contig_54969.fasta,0.0011511559489150926,0.0,0.3104935892961623,CM
,235560,Contig_135393.fasta,0.026433865328032692,0.00014100172138762612,0.47600594005016944,CM
,235560,Contig_132217.fasta,0.016167670444993443,5.1683983153084084e-05,0.46259400797757444,CM
,235560,Contig_61833.fasta,0.020807977582542856,8.851402384974301e-05,0.46932180448276484,CM
,235560,Contig_499666.fasta,0.0,0.0,0.0,CM
,235560,Contig_62792.fasta,0.009032036645993948,1.3720054748837006e-05,0.4316548330897754,CM
,235560,Contig_1065841.fasta,0.027532819022636178,0.0001495188905188202,0.4772196216923167,CM
,235560,Contig_134869.fasta,0.008569539056116281,1.2594234170351836e-05,0.4368943408677092,CM
,235560,Contig_555468.fasta,0.008259336039635416,1.1540057053745208e-05,0.4338561326558336,CM
,235560,Contig_367976.fasta,0.0,0.0,0.0,CM
,235560,Contig_55642.fasta,0.0037744284126597165,2.0716455199901055e-06,0.39737905653445144,CM
,235560,Contig_58349.fasta,0.010533622733750801,1.9455283394813434e-05,0.44310022639139823,CM
,235560,Contig_136319.fasta,0.01770846103939047,6.39543914615211e-05,0.464200237171941,CM
,235560,Contig_131609.fasta,0.01986019735117085,7.799814161681305e-05,0.46791383906931655,CM
,235560,Contig_420267.fasta,0.019395894319241127,7.38265077860536e-05,0.46558590952170803,CM
,235560,Contig_368748.fasta,0.02155227476468088,8.699452108360979e-05,0.46908655545796146,CM
,235560,Contig_1065496.fasta,0.024569438301642918,0.00011409158800377474,0.4721633088489572,CM
,235560,Contig_2120.fasta,0.007959052325635202,1.0481034638536617e-05,0.42888527870698123,CM
,235560,Contig_368399.fasta,0.016688698784277003,5.5191156805216124e-05,0.4621371250067324,CM
,235560,Contig_367933.fasta,0.007747413095977419,9.987201705341941e-06,0.4246042096817754,CM
,235560,Contig_24566365.fasta,0.0010843999130081407,0.0,0.3037415378573947,CM
,235560,Contig_985209.fasta,0.011753629304227891,2.549390004447537e-05,0.4469091108589461,CM
,235560,Contig_371176.fasta,0.02289277562567888,0.00010440950863840488,0.47097517772452596,CM
,235560,Contig_138521.fasta,0.003388179873923457,1.9091859039640917e-06,0.3815033339334012,CM
,235560,Contig_54607.fasta,0.024358620129319275,0.00011896996083044168,0.47407683796283334,CM
,235560,Contig_1063557.fasta,0.011505673162211008,2.413453696284561e-05,0.4435202266059872,CM
,235560,Contig_137319.fasta,0.01733531770287032,5.563112726145386e-05,0.46054511719420915,CM
,235560,Contig_53407.fasta,0.009212819856257992,1.3403828107161815e-05,0.43607999913263423,CM
,235560,Contig_1062202.fasta,0.017170396741704983,6.130455697004903e-05,0.4623654536258069,CM
,235560,Contig_422644.fasta,0.021708645363727238,8.93075445833514e-05,0.46767999906978164,CM
,235560,Contig_991144.fasta,0.025394408755689605,0.0001271976549277095,0.4745576461149255,CM
,235560,Contig_500942.fasta,0.017718692907873167,5.7531954007910297e-05,0.4621371250067324,CM
,235560,Contig_553943.fasta,0.00750217444155942,9.564391851172987e-06,0.4312569945339323,CM
,235560,Contig_137361.fasta,0.023643184501934464,0.0001109297197273262,0.4724016547898198,CM
,235560,Contig_551233.fasta,0.0011048516344271495,0.0,0.30713084284169123,CM
,235560,Contig_54682.fasta,0.0,0.0,0.0,CM
,235560,Contig_53743.fasta,0.013227892395682223,3.460978513616353e-05,0.45384465477140307,CM
,235560,Contig_138130.fasta,0.008032297978035743,1.2232608775511236e-05,0.43365508718194307,CM
,235560,Contig_59389.fasta,0.0037790313231808766,2.1972762587028567e-06,0.4007827315368878,CM
,235560,Contig_1194793.fasta,0.015458314691271907,4.9783480582361335e-05,0.46077187500671246,CM
,235560,Contig_62383.fasta,0.026727116159084945,0.00014215448082107503,0.47673340710067913,CM
,235560,Contig_58030.fasta,0.01742710150358557,6.027805963304041e-05,0.46259400797757444,CM
,235560,Contig_930757.fasta,0.012144928549050752,2.766641403567044e-05,0.4499171529512659,CM
,235560,Contig_368431.fasta,0.024953789353395355,0.00011970733453911913,0.4731181385938489,CM
,235560,Contig_990245.fasta,0.026641192443132993,0.00014376526864068177,0.4774631010911394,CM
,235560,Contig_985135.fasta,0.01736682837657508,6.230476120578164e-05,0.4632810287815015,CM
,235560,Contig_368201.fasta,0.0011048516344271495,0.0,0.30713084284169123,CM
,235560,Contig_136281.fasta,0.02151941838614716,9.101405482273781e-05,0.46908655545796146,CM
,235560,Contig_547390.fasta,0.017714550552560913,6.513344263603574e-05,0.46512310046651745,CM
,235560,Contig_369244.fasta,0.012599792281963684,3.216434501781262e-05,0.4497009505711836,CM
,235560,Contig_4654.fasta,0.020155130357396408,7.604854269808168e-05,0.4660496405072874,CM
,235560,Contig_57750.fasta,0.009761168120686014,1.6669946729745776e-05,0.4422626078159892,CM
,235560,Contig_370786.fasta,0.0032956418801018805,1.40282989238805e-06,0.3746307758761541,CM
,235560,Contig_552788.fasta,0.0033173427814969366,1.4460581858992767e-06,0.37734987021719074,CM
,235560,Contig_372448.fasta,0.022991769565943006,0.00010428689918983924,0.47097517772452596,CM
,235560,Contig_499703.fasta,0.00942178292512101,1.632494011935665e-05,0.4385321828203529,CM
,235560,Contig_62226.fasta,0.02509429144837828,0.00012636861233132583,0.47383679905753573,CM
,235560,Contig_368906.fasta,0.00905790768746081,1.5385144703321847e-05,0.4338561326558336,CM
,235560,Contig_543263.fasta,0.02045206216626742,8.466315623762422e-05,0.46838222129060714,CM
,235560,Contig_551403.fasta,0.0,0.0,0.0,CM
,235560,Contig_423759.fasta,0.002236979589180186,5.167803207838736e-07,0.3544801811131186,CM
,235560,Contig_310330.fasta,0.019735095355949327,7.684170880924846e-05,0.4665142961807742,CM
,235560,Contig_61150.fasta,0.022385725196323883,9.218373531938717e-05,0.4688515421536238,CM
,235560,Contig_500731.fasta,0.021745650236008135,9.21011681519142e-05,0.46955728958285653,CM
,235560,Contig_710339.fasta,0.02410915588051824,0.00011855829170863572,0.47407683796283334,CM
,235560,Contig_137986.fasta,0.0036568451565943683,1.8714078913621012e-06,0.3922161266297708,CM
,235560,Contig_56080.fasta,0.018689656805626054,6.802382369409577e-05,0.4639700932764666,CM
,235560,Contig_549184.fasta,0.01725978111788059,5.34971821561351e-05,0.45986618090350523,CM
,235560,Contig_54762.fasta,0.0024747700966398414,7.995437199890272e-07,0.3648450986895256,CM
,235560,Contig_25.fasta,0.01968430885198193,7.221712618762521e-05,0.464200237171941,CM
,235560,Contig_1197505.fasta,0.014527665026590598,3.643822746509731e-05,0.453185316289895,CM
,235560,Contig_57080.fasta,0.009808695299327385,2.096029174959352e-05,0.4456322276850634,CM
,235560,Contig_370487.fasta,0.017606921543611712,6.40058530394872e-05,0.464200237171941,CM
,235560,Contig_24576382.fasta,0.025464457554821237,0.00013117309939667026,0.4755221941761347,CM
,235560,Contig_1067254.fasta,0.002040134047618725,6.468799210804849e-07,0.3409208299229993,CM
,235560,Contig_131537.fasta,0.01271163509598682,3.081308405976066e-05,0.4516542848159426,CM
,235560,Contig_370248.fasta,0.015196047066040308,4.2297064688343175e-05,0.4562787314181536,CM
,235560,Contig_555756.fasta,0.020289787447620007,7.541769367697624e-05,0.4644306094980809,CM
,235560,Contig_928928.fasta,0.022325290845796163,0.00010171244797790303,0.4721633088489572,CM
,235560,Contig_307640.fasta,0.021921417012329084,9.880274350052741e-05,0.470501597857533,CM
,235560,Contig_554387.fasta,0.0012258507201814192,0.0,0.31841703917612557,CM
,235560,Contig_621002.fasta,0.012822765505719928,2.612915482261102e-05,0.4462697559077888,CM
,235560,Contig_1271583.fasta,0.02307662650308063,0.0001066382090326148,0.473357449741342,CM
,235560,Contig_54680.fasta,0.015666905098808664,4.4963205062904865e-05,0.45873905791109465,CM
,235560,Contig_53390.fasta,0.023786091334470853,0.00011059155116693029,0.4735970031065957,CM
,235560,Contig_56162.fasta,0.020673768728390867,8.699884884496044e-05,0.4688515421536238,CM
,235560,Contig_2576.fasta,0.007155210729228512,8.450006812068344e-06,0.42576327485834076,CM
,235560,Contig_795410.fasta,0.014138182973798563,3.888709194455195e-05,0.4565013064090893,CM
,235560,Contig_552102.fasta,0.0024084318157230416,6.119778909736736e-07,0.36258337006533636,CM
,235560,Contig_542414.fasta,0.006601133418366766,6.98847998657103e-06,0.4205967092757901,CM
,235560,Contig_58376.fasta,0.016257655339879013,5.228990718907902e-05,0.45986618090350523,CM
,235560,Contig_1062568.fasta,0.019869528319578594,8.226532388241442e-05,0.4700289694317595,CM
,235560,Contig_991597.fasta,0.008645946488704448,1.3785038403766037e-05,0.4389435638548935,CM
,235560,Contig_542451.fasta,0.01807576789173438,6.623003794746133e-05,0.46558590952170803,CM
,235560,Contig_369777.fasta,0.002492298460308755,7.14547104212452e-07,0.364702914317472,CM
,235560,Contig_543886.fasta,0.022149355998479343,9.190052688387796e-05,0.46861676421564,CM
,235560,Contig_371149.fasta,0.024479212135204795,0.00011419398819379986,0.4724016547898198,CM
,235560,Contig_987903.fasta,0.02202513758992202,9.576135663323201e-05,0.47026516489378545,CM
,235560,Contig_135856.fasta,0.01477187063966179,4.012164309241725e-05,0.4523091726141291,CM
,235560,Contig_985989.fasta,0.02450690770305915,0.00012030638439660825,0.4743171201919073,CM
,235560,Contig_1993.fasta,0.0043025831575928255,2.9359611805890476e-06,0.39370116875836475,CM
,235560,Contig_1061935.fasta,0.008111828584342649,1.2902423381515926e-05,0.4320534063428592,CM
,235560,Contig_24577161.fasta,0.026651490473370152,0.00014225094319654874,0.47673340710067913,CM
,235560,Contig_308454.fasta,0.025047196934652773,0.00012519495846607088,0.4743171201919073,CM
,235560,Contig_1066423.fasta,0.02200183735866004,9.70265065634705e-05,0.46979301111377164,CM
,235560,Contig_498288.fasta,0.019876939648354297,7.819762425190516e-05,0.46791383906931655,CM
,235560,Contig_544629.fasta,0.002492298460308755,7.14547104212452e-07,0.364702914317472,CM
,235560,Contig_131958.fasta,0.0,0.0,0.0,CM
,235560,Contig_60849.fasta,0.025409961088391383,0.00012806253976627244,0.47479841610280726,CM
,235560,Contig_57263.fasta,0.01591044955935003,5.1426312890433884e-05,0.4596403134276194,CM
,235560,Contig_54725.fasta,0.02172881057764442,9.899050510874857e-05,0.47073826868140495,CM
,235560,Contig_62.fasta,0.0012531239069640484,0.0,0.3222547101028351,CM
,235560,Contig_27.fasta,0.008016726140826195,1.0449654104836131e-05,0.43006786679165127,CM
,235560,Contig_57082.fasta,0.014669035659053982,4.522359998186183e-05,0.4571703361693371,CM
,235560,Contig_499069.fasta,0.017573283678405806,6.440571944161508e-05,0.464200237171941,CM
,235560,Contig_24566202.fasta,0.010862218825500203,2.0015969786352152e-05,0.44331012701972194,CM
,235560,Contig_58991.fasta,0.013725717012312004,3.660573336333399e-05,0.45384465477140307,CM
,235560,Contig_55008.fasta,0.01908444232377014,6.69306099577756e-05,0.464200237171941,CM
,235560,Contig_420468.fasta,0.019849685458004855,8.214483671447192e-05,0.46861676421564,CM
,235560,Contig_550444.fasta,0.024836185168229722,0.0001273341722948339,0.47624818225884635,CM
,235560,Contig_554267.fasta,0.01982365049455971,8.021540666059195e-05,0.46861676421564,CM
,235560,Contig_498701.fasta,0.01057157468724067,1.9355494780359896e-05,0.44163646915461685,CM
,235560,Contig_985894.fasta,0.015230345260857538,4.6736931986776403e-05,0.46009227047130435,CM
,235560,Contig_54008.fasta,0.02101097293960322,8.855534620189453e-05,0.46955728958285653,CM
,235560,Contig_544318.fasta,0.0009352824131915753,0.0,0.29217223794524916,CM
,235560,Contig_705467.fasta,0.0,0.0,0.0,CM
,235560,Contig_54461.fasta,0.013785941734390286,3.65636111341129e-05,0.45252789078270456,CM
,235560,Contig_370355.fasta,0.02070141544392409,8.553389021172829e-05,0.46908655545796146,CM
,235560,Contig_993069.fasta,0.023120867127629983,0.00010542911302143753,0.471925203297344,CM
,235560,Contig_994211.fasta,0.029918182182082215,0.00017853187228133484,0.4794199170792178,CM
,235560,Contig_60682.fasta,0.01034361323968312,1.8266690855306313e-05,0.43914954394116995,CM
,235560,Contig_131793.fasta,0.012946701010887324,3.017767139381623e-05,0.4523091726141291,CM
,235560,Contig_136283.fasta,0.023027369557524442,0.00010394481330785145,0.4712123253467438,CM
,235560,Contig_1062059.fasta,0.018941031230099725,6.594735953493382e-05,0.464200237171941,CM
,235560,Contig_499445.fasta,0.0063086663018226555,5.978577174749145e-06,0.421924110973234,CM
,235560,Contig_1062488.fasta,0.01563175142685579,4.600352297776857e-05,0.4594146677165602,CM
,235560,Contig_307035.fasta,0.01655792384662777,4.8809098623600145e-05,0.45873905791109465,CM
,235560,Contig_137283.fasta,0.002581585519356458,6.752842694340095e-07,0.3700386232260313,CM
,235560,Contig_137617.fasta,0.02397038570929313,0.00011791433309140516,0.47383679905753573,CM
,235560,Contig_794674.fasta,0.0,0.0,0.0,CM
,235560,Contig_135234.fasta,0.020904178673514427,8.439500133214233e-05,0.46767999906978164,CM
,235560,Contig_369513.fasta,0.005925256408018147,6.625120265940607e-06,0.42003037618430566,CM
,235560,Contig_498784.fasta,0.01621607164691323,5.118170974647539e-05,0.45986618090350523,CM
,235560,Contig_542670.fasta,0.0012258507201814192,0.0,0.31841703917612557,CM
,235560,Contig_62635.fasta,0.023014515428841354,0.00010534097187674536,0.47097517772452596,CM
,235560,Contig_136944.fasta,0.014404160593027553,4.020450435820192e-05,0.453185316289895,CM
,235560,Contig_501322.fasta,0.0012868527410182207,0.0,0.32595878723045385,CM
,235560,Contig_55419.fasta,0.018873260189658563,6.529658835499181e-05,0.4630517952195117,CM
,235560,Contig_55334.fasta,0.016702239932603502,5.522444854731257e-05,0.46259400797757444,CM
,235560,Contig_139851.fasta,0.023332665522851223,0.00010278028947316124,0.47073826868140495,CM
,235560,Contig_5146.fasta,0.007265722810471012,9.139758904051299e-06,0.4269286852822231,CM
,235560,Contig_139057.fasta,0.024933210508739753,0.00012376488357849892,0.47383679905753573,CM
,235560,Contig_133009.fasta,0.0011511559489150926,0.0,0.3104935892961623,CM
,235560,Contig_371892.fasta,0.010516242506275733,2.1193182990502663e-05,0.4439410237849303,CM
,235560,Contig_53661.fasta,0.014107053748911521,3.502565816116918e-05,0.45252789078270456,CM
,235560,Contig_135135.fasta,0.0024375177773251853,9.167827185892171e-07,0.3697462181503884,CM
,235560,Contig_707468.fasta,0.0023361376971045237,5.367953534917694e-07,0.3569136835006228,CM
,235560,Contig_623155.fasta,0.021791074063883083,9.215630260712243e-05,0.46908655545796146,CM
,235560,Contig_426668.fasta,0.018958512887299824,7.438140916142304e-05,0.46721301954000655,CM
,235560,Contig_987025.fasta,0.011723879737291082,2.7613076595344604e-05,0.44584453460630447,CM
,235560,Contig_499011.fasta,0.016343542633067493,5.1815850559155894e-05,0.4594146677165602,CM
,235560,Contig_501860.fasta,0.01767735542267421,6.367776734326397e-05,0.46512310046651745,CM
,235560,Contig_993478.fasta,0.024169734259961106,0.00011911626943507664,0.4735970031065957,CM
,235560,Contig_57792.fasta,0.020789146932314907,7.833870820352052e-05,0.46581765960111154,CM
,235560,Contig_55876.fasta,0.014736119783962382,3.8767095815006974e-05,0.45539059763437134,CM
,235560,Contig_420410.fasta,0.001996912401488448,3.9959445170571e-07,0.34042476469211824,CM
,235560,Contig_548202.fasta,0.009050009844068046,1.4950199136153647e-05,0.4324527163302371,CM
,235560,Contig_54035.fasta,0.014815882386192409,4.031592515235579e-05,0.45539059763437134,CM
,235560,Contig_56306.fasta,0.007051960588758553,8.470935369799939e-06,0.4249898629149106,CM
,235560,Contig_138787.fasta,0.02454819525694804,0.00011611885450801028,0.473357449741342,CM
,235560,Contig_367974.fasta,0.004944526588492147,3.7742188877041154e-06,0.41225888904785596,CM
,235560,Contig_370972.fasta,0.011425350579641743,2.5874404363318606e-05,0.44776443930078136,CM
,235560,Contig_550249.fasta,0.025377617757149862,0.00012587547485467482,0.47383679905753573,CM
,235560,Contig_2122.fasta,0.005003293584156388,3.886955559647507e-06,0.4144498131703424,CM
,235560,Contig_1211.fasta,0.01034435726353342,1.674331262582644e-05,0.43914954394116995,CM
,235560,Contig_990613.fasta,0.016184375527183065,5.4888077048459755e-05,0.4619090217860973,CM
,235560,Contig_59466.fasta,0.024601367439882397,0.00011503903857699145,0.4731181385938489,CM
,235560,Contig_53438.fasta,0.022540377513940404,0.00010143320543493808,0.471925203297344,CM
,235560,Contig_61874.fasta,0.019353367233249284,6.755376650466076e-05,0.4632810287815015,CM
,235560,Contig_24570409.fasta,0.015313908748728997,4.664076324968537e-05,0.4594146677165602,CM
,235560,Contig_134391.fasta,0.02114152523009937,9.07009532832543e-05,0.4700289694317595,CM
,235560,Contig_368022.fasta,0.012782012995871072,3.171094280491878e-05,0.449484955878306,CM
,235560,Contig_550148.fasta,0.009274618065863051,1.528833670557764e-05,0.43730265333580987,CM
,235560,Contig_498565.fasta,0.006018915618635902,5.356574119627461e-06,0.41647871746267606,CM
,235560,Contig_132580.fasta,0.006971216093188652,7.07647944045289e-06,0.4230685705870855,CM
,235560,Contig_987514.fasta,0.012304845759769938,2.602617671627073e-05,0.44648267086766846,CM
,235560,Contig_132151.fasta,0.005638661060467215,6.0747899417663095e-06,0.4146334417982424,CM
,235560,Contig_544515.fasta,0.0,0.0,0.0,CM
,235560,Contig_988369.fasta,0.015386933641134528,4.77650769728039e-05,0.4582897542304766,CM
,235560,Contig_993621.fasta,0.020395791082899656,7.909168770491834e-05,0.4665142961807742,CM
,235560,Contig_139909.fasta,0.012521500418010029,3.291826393616664e-05,0.45143641010064306,CM
,235560,Contig_134896.fasta,0.022357136143875345,9.596495375569869e-05,0.47026516489378545,CM
,235560,Contig_1065651.fasta,0.02196157526432208,9.582759876594916e-05,0.4714497119086313,CM
,235560,Contig_55852.fasta,0.02112738854452881,8.439595921892043e-05,0.4674463926766399,CM
,235560,Contig_370760.fasta,0.01590490837148899,4.605676281308319e-05,0.4565013064090893,CM
,235560,Contig_704052.fasta,0.011692551874989831,2.531260425342342e-05,0.4481933324418741,CM
,235560,Contig_1062304.fasta,0.0060892302143777935,5.445697478560785e-06,0.41852758414071245,CM
,235560,Contig_368958.fasta,0.013242260174120708,3.3572105133464126e-05,0.45362466220971065,CM
,235560,Contig_1065614.fasta,0.019586120931574694,7.454246809559339e-05,0.464200237171941,CM
,235560,Contig_58988.fasta,0.01769637697971007,5.859351310078425e-05,0.4623654536258069,CM
,235560,Contig_53501.fasta,0.010813685898377473,2.159539487492969e-05,0.44457371883070457,CM
,235560,Contig_53993.fasta,0.007451482747352738,1.0208306899642324e-05,0.43026559914419915,CM
,235560,Contig_423707.fasta,0.011056341780076964,2.219258910033072e-05,0.44542012286465166,CM
,235560,Contig_421471.fasta,0.011880646847971717,2.546473770239431e-05,0.4484080872729435,CM
,235560,Contig_61908.fasta,0.014304778934455078,3.6617086706999984e-05,0.45561230678609205,CM
,235560,Contig_369636.fasta,0.010829084744921565,1.9574352509072828e-05,0.44331012701972194,CM
,235560,Contig_132893.fasta,0.02158896668714728,9.107979124856294e-05,0.46791383906931655,CM
,235560,Contig_54779.fasta,0.014695936313967784,4.376970611534613e-05,0.45873905791109465,CM
,235560,Contig_132095.fasta,0.018250566600084134,6.613362757923389e-05,0.4639700932764666,CM
,235560,Contig_499035.fasta,0.017431170664315623,6.296061553039467e-05,0.46351048941982814,CM
,235560,Contig_542555.fasta,0.002322092370780178,4.1631713627638187e-07,0.35745900616448933,CM
,235560,Contig_134585.fasta,0.0034513795486225806,1.0000595075596725e-06,0.37765443024157913,CM
,235560,Contig_501844.fasta,0.015221025669866153,4.4967127399693624e-05,0.4562787314181536,CM
,235560,Contig_139875.fasta,0.024331099258094804,0.00011608491306823661,0.47383679905753573,CM
,235560,Contig_139036.fasta,0.0010843999130081407,0.0,0.3037415378573947,CM
,235560,Contig_703292.fasta,0.013895346703166719,3.782028712126117e-05,0.45450591458894274,CM
,235560,Contig_993718.fasta,0.023618204568391504,0.00010987044942804101,0.4735970031065957,CM
,235560,Contig_550719.fasta,0.014734653044826185,4.48345352855913e-05,0.457617446522559,CM
,235560,Contig_53600.fasta,0.021046076944869575,7.980794258884975e-05,0.4665142961807742,CM
,235560,Contig_54784.fasta,0.011973226615751568,2.8271057936663372e-05,0.4510012906692208,CM
,235560,Contig_137925.fasta,0.008868187624724501,1.3476751939441284e-05,0.4320534063428592,CM
,235560,Contig_498371.fasta,0.0,0.0,0.0,CM
,235560,Contig_369572.fasta,0.022136241263561215,9.563415537379781e-05,0.4700289694317595,CM
,235560,Contig_709936.fasta,0.0186754787967818,7.115545053861417e-05,0.46581765960111154,CM
,235560,Contig_370309.fasta,0.014009508312379364,3.8880762625999617e-05,0.45494782602753187,CM
,235560,Contig_555617.fasta,0.0,0.0,0.0,CM
,235560,Contig_985297.fasta,0.018744317650488406,6.604008294291717e-05,0.464200237171941,CM
,235560,Contig_369793.fasta,0.01976707518721761,7.433232967142958e-05,0.4665142961807742,CM
,235560,Contig_502640.fasta,0.01854185600532221,6.458707305155968e-05,0.46259400797757444,CM
,235560,Contig_58743.fasta,0.02549931812368164,0.00013409476098229646,0.47528068976060595,CM
,235560,Contig_134420.fasta,0.014360157115831194,3.687500265482995e-05,0.45406486081447506,CM
,235560,Contig_131697.fasta,0.012631495889226857,2.8598694472815226e-05,0.44776443930078136,CM
,235560,Contig_986689.fasta,0.019700829701814478,6.957481760399389e-05,0.46512310046651745,CM
,235560,Contig_306288.fasta,0.024530173688048284,0.00011205689482183539,0.4714497119086313,CM
,235560,Contig_53836.fasta,0.009464342259882432,1.635123906237952e-05,0.43709840174620884,CM
,235560,Contig_544688.fasta,0.012800663157061831,3.307122116895051e-05,0.4510012906692208,CM
,235560,Contig_56656.fasta,0.02075055563412413,8.735064078871724e-05,0.46955728958285653,CM
,235560,Contig_54598.fasta,0.02446007905066755,0.00012291397674880244,0.4750394305272249,CM
,235560,Contig_546991.fasta,0.0024405985113697937,4.7678346297765265e-07,0.35993372236101273,CM
,235560,Contig_134764.fasta,0.022259076019674907,9.541089511285064e-05,0.46932180448276484,CM
,235560,Contig_542365.fasta,0.0023204885215209105,4.5055272158542337e-07,0.3565057821480507,CM
,235560,Contig_139193.fasta,0.0,0.0,0.0,CM
,235560,Contig_207429.fasta,0.011793478672496907,2.2959107909166477e-05,0.4456322276850634,CM
,235560,Contig_139542.fasta,0.006913464998190413,7.975832487268817e-06,0.42345143807177965,CM
,235560,Contig_1122224.fasta,0.0,0.0,0.0,CM
,235560,Contig_656.fasta,0.001310963501781411,0.0,0.32641356056457377,CM
,235560,Contig_53374.fasta,0.021898850506003795,8.758623974235387e-05,0.46767999906978164,CM
,235560,Contig_56557.fasta,0.02199130310939005,9.179711592796448e-05,0.46861676421564,CM
,235560,Contig_308360.fasta,0.02520447714708897,0.00012213935871064268,0.473357449741342,CM
,235560,Contig_1064061.fasta,0.007765962063993977,9.092622725788145e-06,0.4230685705870855,CM
,235560,Contig_53464.fasta,0.023830864780217016,0.0001163872101467593,0.47479841610280726,CM
,235560,Contig_56696.fasta,0.019554570597561653,6.920765282919118e-05,0.46351048941982814,CM
,235560,Contig_1061954.fasta,0.019511700198360005,7.302146661256635e-05,0.4644306094980809,CM
,235560,Contig_2616.fasta,0.0,0.0,0.0,CM
,235560,Contig_499913.fasta,0.024232492737389623,0.00011764911952138869,0.47383679905753573,CM
,235560,Contig_60703.fasta,0.018354283347958904,6.141627773996785e-05,0.4621371250067324,CM
,235560,Contig_542430.fasta,0.022073951894451778,9.304131274745637e-05,0.4700289694317595,CM
,235560,Contig_131612.fasta,0.01177712352456059,2.7223257141135076e-05,0.4471226364733077,CM
,235560,Contig_133564.fasta,0.020547369069417194,8.053157470895141e-05,0.466746971640216,CM
,235560,Contig_550250.fasta,0.0,0.0,0.0,CM
,235560,Contig_131657.fasta,0.012661818844215793,2.892288150016309e-05,0.44905358835826925,CM
,235560,Contig_500964.fasta,0.022934660998444285,0.00010289347715716838,0.470501597857533,CM
,235560,Contig_933392.fasta,0.009400121835404599,1.450231441656891e-05,0.4362832998315306,CM
,235560,Contig_54659.fasta,0.008177258421239257,1.3473476820270167e-05,0.43305306716271774,CM
,235560,Contig_61746.fasta,0.0075019790294816036,1.034087731403552e-05,0.4308598886457795,CM
,235560,Contig_53765.fasta,0.009375202060287927,1.4929580953791202e-05,0.4385321828203529,CM
,235560,Contig_138153.fasta,0.020793359893014812,8.379789061722997e-05,0.4674463926766399,CM
,235560,Contig_56940.fasta,0.018187536961251728,6.7916059616707e-05,0.46581765960111154,CM
,235560,Contig_54275.fasta,0.01946531810970543,6.874490441305925e-05,0.4632810287815015,CM
,235560,Contig_542488.fasta,0.0,0.0,0.0,CM
,235560,Contig_367990.fasta,0.015229845207836452,4.9243108931991515e-05,0.46054511719420915,CM
,235560,Contig_555859.fasta,0.013247665900943994,3.6870268799733913e-05,0.45605637336190696,CM
,235560,Contig_993581.fasta,0.009177746835858827,1.5699898421269346e-05,0.43669047043333326,CM
,235560,Contig_547586.fasta,0.004828552441505455,4.268320925770441e-06,0.4109915143340505,CM
,235560,Contig_428255.fasta,0.0010843999130081407,0.0,0.3037415378573947,CM
,235560,Contig_131556.fasta,0.016167973576665776,5.522872575708062e-05,0.4621371250067324,CM
,235560,Contig_303047.fasta,0.007461839843067266,1.0444246120051665e-05,0.43026559914419915,CM
,235560,Contig_368885.fasta,0.011896959158273906,2.734929469502784e-05,0.45143641010064306,CM
,235560,Contig_59053.fasta,0.011758475723898454,2.6556186318220253e-05,0.44733636622305595,CM
,235560,Contig_551912.fasta,0.008441717931129659,1.2172571918769977e-05,0.43185402775202264,CM
,235560,Contig_554772.fasta,0.011835941369649505,2.569159207736659e-05,0.44669578908765306,CM
,235560,Contig_544264.fasta,0.0013326661428980362,0.0,0.3311492137787095,CM
,235560,Contig_934117.fasta,0.014959663498741676,4.1912631421127604e-05,0.4565013064090893,CM
,235560,Contig_545454.fasta,0.014341719876321107,4.0262904526022146e-05,0.4571703361693371,CM
,235560,Contig_368262.fasta,0.003892549021137869,2.084754017310858e-06,0.39553156303407994,CM
,235560,Contig_61277.fasta,0.00697089526894862,7.723846977882153e-06,0.42211442405892335,CM
,235560,Contig_302677.fasta,0.00872358242595901,1.6057593509655463e-05,0.43832678132957054,CM
,235560,Contig_554901.fasta,0.002306090441512635,3.5070556764931344e-07,0.35327583168691323,CM
,235560,Contig_305322.fasta,0.007291264726224407,9.451617456329921e-06,0.42888527870698123,CM
,235560,Contig_544883.fasta,0.0,0.0,0.0,CM
,235560,Contig_135194.fasta,0.018275348110310383,6.182328969985554e-05,0.46145349020642656,CM
,235560,Contig_56818.fasta,0.009957852902779932,1.8667686033953423e-05,0.4381215721622814,CM
,235560,Contig_498461.fasta,0.016667435441174796,5.359714042698853e-05,0.4609988562259276,CM
,235560,Contig_543101.fasta,0.002263760562962435,2.8377521561383855e-07,0.3535427571358644,CM
,235560,Contig_421823.fasta,0.009334805214315858,1.6572705452344774e-05,0.43935571743597795,CM
,235560,Contig_135268.fasta,0.011845022774779371,2.3123489544340997e-05,0.4460570439173656,CM
,235560,Contig_1064205.fasta,0.023069263342342175,0.00010771590544856409,0.471925203297344,CM
,235560,Contig_54445.fasta,0.015533101237100819,4.710880712780081e-05,0.4578413298134213,CM
,235560,Contig_549637.fasta,0.0,0.0,0.0,CM
,235560,Contig_55400.fasta,0.011470402766422267,2.7428744165131517e-05,0.4484080872729435,CM
,235560,Contig_625718.fasta,0.024380503169164527,0.00011935393799599357,0.4745576461149255,CM
,235560,Contig_801021.fasta,0.0,0.0,0.0,CM
,235560,Contig_1062339.fasta,0.002516135971849816,6.812808071909032e-07,0.36930847598209676,CM
,235560,Contig_306355.fasta,0.009242716582972002,1.3344239135754567e-05,0.4342587833589945,CM
,235560,Contig_428764.fasta,0.018607205237396153,6.27717666186899e-05,0.46145349020642656,CM
,235560,Contig_369126.fasta,0.003593591719184641,1.6622106976620264e-06,0.38385056527425476,CM
,235560,Contig_302533.fasta,0.017801856524401374,6.227921354481542e-05,0.46351048941982814,CM
,235560,Contig_1315.fasta,0.01035992213395077,2.101341707674862e-05,0.442681020879202,CM
,235560,Contig_992309.fasta,0.00968656796616509,1.8147862979961096e-05,0.442681020879202,CM
,235560,Contig_425542.fasta,0.01882416981490575,6.850481771843473e-05,0.46512310046651745,CM
,235560,Contig_498295.fasta,0.020150229705922333,7.744062341600925e-05,0.4674463926766399,CM
,235560,Contig_54108.fasta,0.007121136366888293,8.035441969308241e-06,0.4249898629149106,CM
,235560,Contig_796850.fasta,0.023426203594738265,0.00011195467800644715,0.4735970031065957,CM
,235560,Contig_58097.fasta,0.015229848333944123,4.539532248721177e-05,0.4571703361693371,CM
,235560,Contig_984994.fasta,0.0037418189657970895,2.1299713425469245e-06,0.39436480326111806,CM
,235560,Contig_932851.fasta,0.02167891775920486,8.945471119405768e-05,0.4681479130258295,CM
,235560,Contig_60483.fasta,0.01422132493660222,3.5728637074961816e-05,0.4516542848159426,CM
,235560,Contig_542409.fasta,0.004790202218782389,3.3539611083095807e-06,0.403547942276254,CM
,235560,Contig_628830.fasta,0.017326577670068875,5.416833900162993e-05,0.45986618090350523,CM
,235560,Contig_993268.fasta,0.013010487909662666,3.239321998940857e-05,0.4520906657674556,CM
,235560,Contig_53370.fasta,0.004619946154044384,3.3678955295914943e-06,0.3992438899908844,CM
,235560,Contig_4880.fasta,0.012736881412456802,3.3680180417003e-05,0.4518723699365684,CM
,235560,Contig_368303.fasta,0.024393323548272165,0.00011853661327653581,0.47383679905753573,CM
,235560,Contig_133134.fasta,0.004928008402896351,3.185143425927254e-06,0.40741300746131176,CM
,235560,Contig_1973.fasta,0.0068355135119532425,7.778909966536778e-06,0.4269286852822231,CM
,235560,Contig_371210.fasta,0.016240220521334947,5.221818781956294e-05,0.46122606118217496,CM
,235560,Contig_1062001.fasta,0.01947474485340134,7.376283587669656e-05,0.46466121059515053,CM
,235560,Contig_1064554.fasta,0.012206711014386008,2.703246422365833e-05,0.4510012906692208,CM
,235560,Contig_498458.fasta,0.005983798840482463,5.077356050332188e-06,0.41389990187467185,CM
,235560,Contig_56821.fasta,0.012014477078455344,2.998652405182571e-05,0.45143641010064306,CM
,235560,Contig_53604.fasta,0.006693994296925843,7.2757697005347205e-06,0.42040776196704094,CM
,235560,Contig_201321.fasta,0.015262617573715435,4.6415523329273805e-05,0.45806543227539553,CM
,235560,Contig_136127.fasta,0.02056167957995416,8.664188037770907e-05,0.4688515421536238,CM
,235560,Contig_1268205.fasta,0.005837383759273408,6.134417295497122e-06,0.4170355071919042,CM
,235560,Contig_56363.fasta,0.014426746438405634,3.848909379661439e-05,0.45561230678609205,CM
,235560,Contig_138376.fasta,0.015186241405042055,4.705284915499538e-05,0.4603185824587472,CM
,235560,Contig_54813.fasta,0.018230983249173008,6.43536465422636e-05,0.4637401774720679,CM
,235560,Contig_56326.fasta,0.004808195288702618,3.5519600073366036e-06,0.4081237148445849,CM
,235560,Contig_213640.fasta,0.023670961537018732,0.00010972421048945846,0.4731181385938489,CM
,235560,Contig_59276.fasta,0.004948405660569776,3.584446323354535e-06,0.4117147726082856,CM
,235560,Contig_622130.fasta,0.008133363977749268,1.1986707993547484e-05,0.4342587833589945,CM
,235560,Contig_550374.fasta,0.0024416142950574944,5.192005733636819e-07,0.36258337006533636,CM
,235560,Contig_542514.fasta,0.01257080451249184,3.080518375400122e-05,0.4507840453461624,CM
,235560,Contig_1270443.fasta,0.0,0.0,0.0,CM
,235560,Contig_859.fasta,0.010620831146713512,2.3134414797029263e-05,0.4456322276850634,CM
,235560,Contig_133315.fasta,0.019766104228136724,7.795338979184461e-05,0.4674463926766399,CM
,235560,Contig_1258190.fasta,0.019477901282895168,7.659732721960757e-05,0.4662818525852681,CM
,235560,Contig_62690.fasta,0.020847593623043868,8.264437755116202e-05,0.46791383906931655,CM
,235560,Contig_137536.fasta,0.015915637823084118,4.543461509233337e-05,0.4562787314181536,CM
,235560,Contig_302537.fasta,0.009482030749522592,1.6308329602998795e-05,0.44059683528184235,CM
,235560,Contig_61137.fasta,0.019464829732997176,7.621916585343659e-05,0.46558590952170803,CM
,235560,Contig_53538.fasta,0.010752761148142694,1.940284484214534e-05,0.4418449849568617,CM
,235560,Contig_42.fasta,0.0,0.0,0.0,CM
,235560,Contig_421320.fasta,0.0023899578298425496,5.000438807963272e-07,0.35979533953811343,CM
,235560,Contig_53681.fasta,0.0060191957641573595,5.440596557053471e-06,0.41684974527333324,CM
,235560,Contig_542529.fasta,0.0012489193764584218,0.0,0.31939511199270754,CM
,235560,Contig_4.fasta,0.01037689725429497,1.9902633908108575e-05,0.4420536977508895,CM
,235560,Contig_703687.fasta,0.013460178363418594,3.2871007512657554e-05,0.44905358835826925,CM
,235560,Contig_501838.fasta,0.020371468681646354,7.648223071975498e-05,0.466746971640216,CM
,235560,Contig_304363.fasta,0.007185407687667227,8.747266075224075e-06,0.42829642020074743,CM
,235560,Contig_1124279.fasta,0.017561670254438964,6.260032797443704e-05,0.4623654536258069,CM
,235560,Contig_371458.fasta,0.024180210927966826,0.00011446990672393575,0.4721633088489572,CM
,235560,Contig_371089.fasta,0.024879793046431318,0.00011686928426391045,0.4731181385938489,CM
,235560,Contig_502049.fasta,0.0,0.0,0.0,CM
,235560,Contig_54896.fasta,0.007013417231365357,9.308402905312918e-06,0.4232599177470073,CM
,235560,Contig_308594.fasta,0.021589239344121866,9.043485503542153e-05,0.46767999906978164,CM
,235560,Contig_421862.fasta,0.0,0.0,0.0,CM
,235560,Contig_704447.fasta,0.006241536906799232,6.854059274012943e-06,0.4230685705870855,CM
,235560,Contig_542628.fasta,0.010902061994168127,2.095160996084343e-05,0.44584453460630447,CM
,235560,Contig_1062711.fasta,0.013075693618795028,3.424310322521188e-05,0.4542852806498219,CM
,235560,Contig_56142.fasta,0.0060858255051778705,5.89667726647617e-06,0.42040776196704094,CM
,235560,Contig_930489.fasta,0.0023297984982194445,6.38211543123119e-07,0.355557628472125,CM
,235560,Contig_139157.fasta,0.01930484457110524,7.099090017409544e-05,0.4665142961807742,CM
,235560,Contig_499578.fasta,0.0011048516344271495,0.0,0.30713084284169123,CM
,235560,Contig_991222.fasta,0.008011690053798171,9.952037478069902e-06,0.4281004932015705,CM
,235560,Contig_55519.fasta,0.0,0.0,0.0,CM
,235560,Contig_371268.fasta,0.020973039099436902,8.412677779310043e-05,0.4669798793106951,CM
,235560,Contig_502154.fasta,0.022869056823620504,0.00010454147054104577,0.47026516489378545,CM
,235560,Contig_61443.fasta,0.008805594084183159,1.3200308818872519e-05,0.4308598886457795,CM
,235560,Contig_546955.fasta,0.007003759666711721,8.096992182027862e-06,0.4249898629149106,CM
,235560,Contig_137801.fasta,0.016115812263313996,4.7514034343781365e-05,0.4585142960012901,CM
,235560,Contig_53460.fasta,0.015374244421124141,4.9488053704913195e-05,0.4596403134276194,CM
,235560,Contig_213008.fasta,0.025511391861640854,0.00013010689263507068,0.4750394305272249,CM
,235560,Contig_421555.fasta,0.011694783619978057,2.5083512264614388e-05,0.4475503004010679,CM
,235560,Contig_549796.fasta,0.0012954537855142487,0.0,0.3243770114865279,CM
,235560,Contig_368839.fasta,0.024981107000696525,0.00012286926198519347,0.4731181385938489,CM
,235560,Contig_55135.fasta,0.02159284390188864,8.986202063997343e-05,0.46861676421564,CM
,235560,Contig_62471.fasta,0.01918506847933963,7.428583916864237e-05,0.46489204080408997,CM
,235560,Contig_55618.fasta,0.017060208825344224,5.8926156072852245e-05,0.46259400797757444,CM
,235560,Contig_210082.fasta,0.01524316971663884,4.7288162254726045e-05,0.46077187500671246,CM
,235560,Contig_24578817.fasta,0.0,0.0,0.0,CM
,235560,Contig_54618.fasta,0.010071495447894395,1.758973395860828e-05,0.441428150065393,CM
,235560,Contig_988525.fasta,0.02448469332421334,0.00011809549831211523,0.4745576461149255,CM
,235560,Contig_987358.fasta,0.01266657257911109,2.8765952375110452e-05,0.44862304800509734,CM
,235560,Contig_420491.fasta,0.0,0.0,0.0,CM
,235560,Contig_306388.fasta,0.0,0.0,0.0,CM
,235560,Contig_133758.fasta,0.014785331275783069,3.972545454575617e-05,0.4565013064090893,CM
,235560,Contig_1258149.fasta,0.01873098397779553,6.74369454004392e-05,0.46466121059515053,CM
,235560,Contig_303939.fasta,0.01634891616981724,5.3003282523757556e-05,0.46009227047130435,CM
,235560,Contig_139743.fasta,0.021374033907220348,9.363265084475227e-05,0.47097517772452596,CM
,235560,Contig_499329.fasta,0.01648096546938068,4.967532490298788e-05,0.4596403134276194,CM
,235560,Contig_55465.fasta,0.0022205753828341227,3.8187689234662307e-07,0.3478913301630606,CM
,235560,Contig_545474.fasta,0.0012531239069640484,0.0,0.3222547101028351,CM
,235560,Contig_60212.fasta,0.01723674521033758,6.086555571321484e-05,0.4619090217860973,CM
,235560,Contig_306074.fasta,0.024109568270651707,0.00011185426150977028,0.47168733777148847,CM
,235560,Contig_502705.fasta,0.007584989977297172,9.118416205370395e-06,0.4290819248686993,CM
,235560,Contig_302612.fasta,0.013702102162653291,3.505039009554258e-05,0.4518723699365684,CM
,235560,Contig_56457.fasta,0.022459830535726748,9.471294847401323e-05,0.46979301111377164,CM
,235560,Contig_554999.fasta,0.0012954537855142487,0.0,0.3243770114865279,CM
,235560,Contig_56086.fasta,0.007754601960231412,8.876359427515848e-06,0.42634518366224744,CM
,235560,Contig_543199.fasta,0.0022560550527136783,5.937632816611349e-07,0.35221214833971887,CM
,235560,Contig_23.fasta,0.009279942833965627,1.705762203266931e-05,0.44018235095890546,CM
,235560,Contig_1064124.fasta,0.019351642679374465,6.98725206831822e-05,0.464200237171941,CM
,235560,Contig_133459.fasta,0.008042469645802531,1.043267547231729e-05,0.42829642020074743,CM
,235560,Contig_370813.fasta,0.017563381113648507,5.5468871712045387e-05,0.46077187500671246,CM
,235560,Contig_803076.fasta,0.0013326661428980362,0.0,0.3311492137787095,CM
,235560,Contig_304497.fasta,0.002169594660920096,3.3333877783472794e-07,0.3459621730641897,CM
,235560,Contig_55498.fasta,0.012059247860683674,2.8004652456424478e-05,0.4505670092145561,CM
,235560,Contig_60113.fasta,0.021157320596713956,8.363104030085411e-05,0.4669798793106951,CM
,235560,Contig_305805.fasta,0.0011786425493043515,0.0,0.31403613360356813,CM
,235560,Contig_302556.fasta,0.013113689238829449,3.550535818050454e-05,0.4547267629439422,CM
,235560,Contig_61915.fasta,0.009585669500863361,1.6822686039569384e-05,0.44038949559465085,CM
,235560,Contig_134054.fasta,0.020289566908810574,8.454780297445687e-05,0.46979301111377164,CM
,235560,Contig_368736.fasta,0.025485689440104032,0.0001292350079532766,0.47479841610280726,CM
,235560,Contig_552143.fasta,0.02450192355903873,0.00011823944056539586,0.47383679905753573,CM
,235560,Contig_131677.fasta,0.015110257499446387,4.3694226710954973e-05,0.4591892434438828,CM
,235560,Contig_500107.fasta,0.017583974729194794,5.875439457456403e-05,0.4623654536258069,CM
,235560,Contig_369773.fasta,0.021848951462387852,9.700825668803155e-05,0.47026516489378545,CM
,235560,Contig_553945.fasta,0.00581433788693379,6.149184908131677e-06,0.4142663471175888,CM
,235560,Contig_135011.fasta,0.0095636680827166,1.7038005299353067e-05,0.44018235095890546,CM
,235560,Contig_1064039.fasta,0.0011511559489150926,0.0,0.3104935892961623,CM
,235560,Contig_987907.fasta,0.006755193033463506,7.797550157738537e-06,0.4209751138725295,CM
,235560,Contig_53369.fasta,0.0036701899628702253,1.8818898667719255e-06,0.39536446055709046,CM
,235560,Contig_61766.fasta,0.010926374614313178,2.174064761463064e-05,0.44905358835826925,CM
,235560,Contig_53444.fasta,0.01427023827221215,3.492544008550625e-05,0.4527468205798902,CM
,235560,Contig_988014.fasta,0.0,0.0,0.0,CM
,235560,Contig_53893.fasta,0.020309226509077124,8.340770429993547e-05,0.46908655545796146,CM
,235560,Contig_811026.fasta,0.0070596257995434565,8.808595070903629e-06,0.4265395069000151,CM
,235560,Contig_548326.fasta,0.016128310065580194,5.1056512285501936e-05,0.45986618090350523,CM
,235560,Contig_166.fasta,0.0,0.0,0.0,CM
,235560,Contig_368472.fasta,0.018438461246495383,6.343038309690815e-05,0.4616811436303074,CM
,235560,Contig_131533.fasta,0.009251368903295445,1.826041952309205e-05,0.44059683528184235,CM
,235560,Contig_713578.fasta,0.008451128877924579,1.4324850326779374e-05,0.4362832998315306,CM
,235560,Contig_62754.fasta,0.018965848117934815,6.985109558553732e-05,0.466746971640216,CM
,235560,Contig_499271.fasta,0.019701911688726995,7.536453490482965e-05,0.4660496405072874,CM
,235560,Contig_547132.fasta,0.020079282058759796,7.626786587739843e-05,0.466746971640216,CM
,235560,Contig_542385.fasta,0.008712558491395756,1.2736405773774053e-05,0.4358768878149199,CM
,235560,Contig_1061989.fasta,0.007875613642048215,1.0232173054480527e-05,0.42829642020074743,CM
,235560,Contig_137023.fasta,0.0037255686611835635,2.05148833685663e-06,0.39139593397684364,CM
,235560,Contig_626516.fasta,0.02396704590764628,0.00011402846506243308,0.4731181385938489,CM
,235560,Contig_990243.fasta,0.005690922380589027,4.664091563126456e-06,0.40670477102939295,CM
,235560,Contig_59036.fasta,0.0012489193764584218,0.0,0.31939511199270754,CM
,235560,Contig_1064338.fasta,0.0,0.0,0.0,CM
,235560,Contig_426325.fasta,0.0032888373537360654,1.9435363424438148e-06,0.3782650275418889,CM
,235560,Contig_1063105.fasta,0.0058330710563922845,6.6258902382916156e-06,0.4170355071919042,CM
,235560,Contig_132168.fasta,0.0011048516344271495,0.0,0.30713084284169123,CM
,235560,Contig_372283.fasta,0.01775712953685571,6.118441561782332e-05,0.4632810287815015,CM
,235560,Contig_134478.fasta,0.00250204328342247,6.407713946262451e-07,0.3667036356342606,CM
,235560,Contig_370234.fasta,0.022077341329083074,9.784616490770395e-05,0.47097517772452596,CM
,235560,Contig_801164.fasta,0.016674422198374037,5.401612240963415e-05,0.46259400797757444,CM
,235560,Contig_53484.fasta,0.013050772301573275,3.2615840756080924e-05,0.453185316289895,CM
,235560,Contig_549737.fasta,0.0,0.0,0.0,CM
,235560,Contig_206708.fasta,0.019057046312129206,7.329767855895893e-05,0.4674463926766399,CM
,235560,Contig_54992.fasta,0.020479742773090677,8.680661691589209e-05,0.4688515421536238,CM
,235560,Contig_1580.fasta,0.01496073788028008,4.129090358150113e-05,0.4558342319233478,CM
,235560,Contig_138626.fasta,0.020099412201259683,8.301941191541024e-05,0.46932180448276484,CM
,235560,Contig_302732.fasta,0.008284044170878352,1.2549619451359447e-05,0.43265264823792565,CM
,235560,Contig_544511.fasta,0.0011048516344271495,0.0,0.30713084284169123,CM
,235560,Contig_987555.fasta,0.021785819056950085,9.277188435922022e-05,0.46955728958285653,CM
,235560,Contig_132953.fasta,0.015027620567330514,4.4261744593226766e-05,0.4562787314181536,CM
,235560,Contig_544554.fasta,0.0,0.0,0.0,CM
,235560,Contig_133584.fasta,0.01701362587247352,5.060519850426149e-05,0.457617446522559,CM
,235560,Contig_57532.fasta,0.013101317307194221,3.310160739862307e-05,0.45384465477140307,CM
,235560,Contig_420261.fasta,0.002528723986389057,6.055938379801921e-07,0.36843609375536734,CM
,235560,Contig_371170.fasta,0.013956373028985537,3.516131343637596e-05,0.4527468205798902,CM
,235560,Contig_135069.fasta,0.0012332702008748082,0.0,0.31841703917612557,CM
,235560,Contig_369063.fasta,0.01016606032037217,1.8632023339214527e-05,0.43607999913263423,CM
,235560,Contig_371618.fasta,0.019775926404911187,7.75027439739072e-05,0.4674463926766399,CM
,235560,Contig_555306.fasta,0.006916508458417909,7.819016361435768e-06,0.42576327485834076,CM
,235560,Contig_550560.fasta,0.014847001521830784,4.035753642322283e-05,0.4551691041530317,CM
,235560,Contig_60835.fasta,0.0022467307599107218,3.467202217178288e-07,0.3487989855157037,CM
,235560,Contig_542345.fasta,0.003227502173320779,1.257195281115596e-06,0.37508123372289903,CM
,235560,Contig_61646.fasta,0.025728905194962404,0.00013163956094816988,0.47479841610280726,CM
,235560,Contig_498856.fasta,0.013186039509075412,3.163969618019691e-05,0.4542852806498219,CM
,235560,Contig_501062.fasta,0.022740906522849484,9.507643715647241e-05,0.47026516489378545,CM
,235560,Contig_368282.fasta,0.01043165443240219,1.930284690783306e-05,0.44018235095890546,CM
,235560,Contig_428054.fasta,0.0186766465808424,6.946125270676904e-05,0.46351048941982814,CM
,235560,Contig_994290.fasta,0.008495173539529026,1.2733651310216046e-05,0.43669047043333326,CM
,235560,Contig_499481.fasta,0.018670924367315565,7.296614314495473e-05,0.4669798793106951,CM
,235560,Contig_542530.fasta,0.0,0.0,0.0,CM
,235560,Contig_371705.fasta,0.007144229437865418,9.27979095858615e-06,0.4273185744925265,CM
,235560,Contig_53599.fasta,0.020026028292395078,7.889074030286809e-05,0.46535438992473055,CM
,235560,Contig_985013.fasta,0.019537041223887386,7.52703579198787e-05,0.4662818525852681,CM
,235560,Contig_992481.fasta,0.004975089166671897,4.033205731696955e-06,0.4120773571724496,CM
,235560,Contig_135275.fasta,0.025510653788582936,0.00013026843416124106,0.47528068976060595,CM
,235560,Contig_931634.fasta,0.01877286414429844,6.517022232425383e-05,0.46351048941982814,CM
,235560,Contig_61990.fasta,0.02234577456968616,9.721601023149538e-05,0.47097517772452596,CM
,235560,Contig_134230.fasta,0.008299585414374243,1.1201253005704523e-05,0.4324527163302371,CM
,235560,Contig_303596.fasta,0.004521537340731357,3.206477862075951e-06,0.4012983182412663,CM
,235560,Contig_212565.fasta,0.022088089743142542,9.775784604287251e-05,0.470501597857533,CM
,235560,Contig_1128046.fasta,0.019901669983762343,7.018844744843964e-05,0.46512310046651745,CM
,235560,Contig_139855.fasta,0.029080782219858388,0.00016783389178236135,0.4789292109204878,CM
,235560,Contig_989235.fasta,0.017198789417391707,5.7079332460098344e-05,0.46122606118217496,CM
,235560,Contig_499439.fasta,0.010335590203950713,2.033530631063869e-05,0.441428150065393,CM
,235560,Contig_1062866.fasta,0.021971813152653435,9.167906906677484e-05,0.46955728958285653,CM
,235560,Contig_4593.fasta,0.006797045789521325,9.15660955566127e-06,0.42615103740374916,CM
,235560,Contig_61074.fasta,0.025662290487267345,0.00013349359078181156,0.4755221941761347,CM
,235560,Contig_990281.fasta,0.026750983721638942,0.00013953208565902056,0.47600594005016944,CM
,235560,Contig_499662.fasta,0.02030289910690285,8.423872303014907e-05,0.46955728958285653,CM
,235560,Contig_62796.fasta,0.022849623479458483,0.00010806742459236262,0.4724016547898198,CM
,235560,Contig_368867.fasta,0.023507407836036196,0.00011226033523597952,0.4735970031065957,CM
,235560,Contig_368024.fasta,0.014382590636304213,3.811021627018733e-05,0.4562787314181536,CM
,235560,Contig_1065845.fasta,0.0012531239069640484,0.0,0.3222547101028351,CM
,235560,Contig_131648.fasta,0.022129857638354903,9.184640134609784e-05,0.46908655545796146,CM
,235560,Contig_1067335.fasta,0.023663044523078672,0.00011309284279967534,0.4735970031065957,CM
,235560,Contig_367937.fasta,0.011838258139901265,2.4684382013463268e-05,0.44648267086766846,CM
,235560,Contig_201958.fasta,0.018482107616052516,7.175031551873196e-05,0.46581765960111154,CM
,235560,Contig_546698.fasta,0.0012114596617925993,0.0,0.3153058214752807,CM
,235560,Contig_308342.fasta,0.01499788366614134,4.289966829219657e-05,0.4573937820814434,CM
,235560,Contig_138109.fasta,0.023150382864355872,0.00010411992608714478,0.47073826868140495,CM
,235560,Contig_545981.fasta,0.023092536606899375,0.00010767595747601433,0.47287906929693435,CM
,235560,Contig_930043.fasta,0.005027036389199877,3.82773312500689e-06,0.41027079269558664,CM
,235560,Contig_53486.fasta,0.0,0.0,0.0,CM
,235560,Contig_24565782.fasta,0.013887081814568271,3.489980656059815e-05,0.453185316289895,CM
,235560,Contig_59009.fasta,0.014192905399743695,3.99921941658695e-05,0.4562787314181536,CM
,235560,Contig_53814.fasta,0.013936836309457412,3.4264594675267047e-05,0.45296596231298797,CM
,235560,Contig_1116.fasta,0.012481653060745421,2.5963689085688746e-05,0.44436262019878114,CM
,235560,Contig_139857.fasta,0.0034191045050047044,1.8434725177034066e-06,0.3835359336633742,CM
,235560,Contig_420383.fasta,0.01087092680530214,2.5948908846683157e-05,0.44733636622305595,CM
,235560,Contig_555118.fasta,0.027592524064035708,0.00015067181780071463,0.47673340710067913,CM
,235560,Contig_1066641.fasta,0.02315277430131565,0.00010828161683758721,0.471925203297344,CM
,235560,Contig_137669.fasta,0.010280293993198693,1.8163918424753992e-05,0.4395620846118521,CM
,235560,Contig_302668.fasta,0.02479153958297339,0.000127625054071873,0.4755221941761347,CM
,235560,Contig_305455.fasta,0.01979571024727467,7.571077563950184e-05,0.4660496405072874,CM
,235560,Contig_61545.fasta,0.010528084841622766,2.1146998438885785e-05,0.4437305254332068,CM
,235560,Contig_498353.fasta,0.011837214228142198,2.513271265717926e-05,0.44797878321619583,CM
,235560,Contig_988988.fasta,0.0011333570621880203,0.0,0.30773682280126047,CM
,235560,Contig_985054.fasta,0.021912333544323988,9.860431509590498e-05,0.4700289694317595,CM
,235560,Contig_420879.fasta,0.008441270291892783,1.2315341971443596e-05,0.43547123226553425,CM
,235560,Contig_1258176.fasta,0.017716182054619972,6.126243342052584e-05,0.46512310046651745,CM
,235560,Contig_499353.fasta,0.024478115470053897,0.00012157571758811396,0.4745576461149255,CM
,235560,Contig_468.fasta,0.0,0.0,0.0,CM
,235560,Contig_993483.fasta,0.02343467276089539,0.00011112722364351111,0.4731181385938489,CM
,235560,Contig_988975.fasta,0.021088451668386042,8.386539058399102e-05,0.46791383906931655,CM
,235560,Contig_988930.fasta,0.017109416532733828,5.4445766799149504e-05,0.45806543227539553,CM
,235560,Contig_1198429.fasta,0.0013326661428980362,0.0,0.3311492137787095,CM
,235560,Contig_933290.fasta,0.02344596678578022,0.00010803827384940184,0.47287906929693435,CM
,235560,Contig_499052.fasta,0.018515440943551013,6.282275318588709e-05,0.4630517952195117,CM
,235560,Contig_305495.fasta,0.021610897064724716,9.574958243967251e-05,0.470501597857533,CM
,235560,Contig_985400.fasta,0.022501609013190354,9.695226130678515e-05,0.4688515421536238,CM
,235560,Contig_985094.fasta,0.017447405261797517,5.693840595022092e-05,0.4616811436303074,CM
,235560,Contig_500018.fasta,0.010361360011283403,2.140376031010109e-05,0.4439410237849303,CM
,235560,Contig_54766.fasta,0.013046153222506398,3.258886929260562e-05,0.4523091726141291,CM
,235560,Contig_1263528.fasta,0.005651647541674566,4.646114217729134e-06,0.4075904521509726,CM
,235560,Contig_59228.fasta,0.0,0.0,0.0,CM
,235560,Contig_1065920.fasta,0.014083745743892387,3.8704927136891044e-05,0.4542852806498219,CM
,235560,Contig_555509.fasta,0.006021937309902522,7.461220560036216e-06,0.41946556617598973,CM
,235560,Contig_139091.fasta,0.02654586739448127,0.00014327120300435802,0.47649067115001686,CM
,235560,Contig_706082.fasta,0.014243582860022044,3.742798118096903e-05,0.45539059763437134,CM
,235560,Contig_368629.fasta,0.017614195390182132,6.167248964944695e-05,0.46558590952170803,CM
,235560,Contig_625052.fasta,0.0261624888176334,0.00013908776841144074,0.47600594005016944,CM
,235560,Contig_368691.fasta,0.011683008979329858,2.6027541961853023e-05,0.44733636622305595,CM
,235560,Contig_551706.fasta,0.002597816242799632,8.714648379848638e-07,0.37598540704645766,CM
,235560,Contig_61210.fasta,0.0012489193764584218,0.0,0.31939511199270754,CM
,235560,Contig_369691.fasta,0.021686835332551436,9.169849835348408e-05,0.4688515421536238,CM
,235560,Contig_498443.fasta,0.0012258507201814192,0.0,0.31841703917612557,CM
,235560,Contig_59641.fasta,0.0230574145794143,0.00010806449725713209,0.4721633088489572,CM
,235560,Contig_370353.fasta,0.019893812384668547,7.435187493304501e-05,0.4665142961807742,CM
,235560,Contig_24566591.fasta,0.01038028368036716,1.8669005256862627e-05,0.4395620846118521,CM
,235560,Contig_55467.fasta,0.003624423281518534,2.2657093086059297e-06,0.39205181321266575,CM
,235560,Contig_543838.fasta,0.0,0.0,0.0,CM
,235560,Contig_988352.fasta,0.0206834298659378,7.987620128317767e-05,0.4660496405072874,CM
,235560,Contig_56962.fasta,0.017343916522822397,5.6051318915663615e-05,0.45986618090350523,CM
,235560,Contig_549823.fasta,0.010922723115572693,2.2112284971897758e-05,0.44542012286465166,CM
,235560,Contig_546289.fasta,0.02248253280525934,9.954178423529033e-05,0.4726402414841581,CM
,235560,Contig_5823.fasta,0.014175472729968813,3.787378150288179e-05,0.45694710846612946,CM
,235560,Contig_304689.fasta,0.021352529268262484,8.642559833838136e-05,0.46908655545796146,CM
,235560,Contig_1062142.fasta,0.012313505786667383,2.8669475485017075e-05,0.4484080872729435,CM
,235560,Contig_62387.fasta,0.020695117581015273,8.888826434072327e-05,0.47073826868140495,CM
,235560,Contig_133647.fasta,0.02131329691535191,8.815368830616251e-05,0.4688515421536238,CM
,235560,Contig_550173.fasta,0.022651983336541504,0.00010214090506563326,0.47026516489378545,CM
,235560,Contig_542713.fasta,0.008323046225021459,1.1275095877507596e-05,0.4320534063428592,CM
,235560,Contig_131574.fasta,0.007471623231917965,8.535477091498649e-06,0.4292787514397399,CM
,235560,Contig_542387.fasta,0.004685730632769912,3.027152834665977e-06,0.4007827315368878,CM
,235560,Contig_306603.fasta,0.02271981810963544,0.00010087588052354148,0.47073826868140495,CM
,235560,Contig_137862.fasta,0.02711151835173212,0.0001472508929427615,0.47770682906515216,CM
,235560,Contig_553205.fasta,0.005969826387402974,6.774971869181545e-06,0.42078582650118396,CM
,235560,Contig_53446.fasta,0.019261835879339727,6.909988308544995e-05,0.46489204080408997,CM
,235560,Contig_61498.fasta,0.020586109915258215,8.58139863678009e-05,0.4712123253467438,CM
,235560,Contig_54950.fasta,0.016182974246703796,5.243396415273857e-05,0.46054511719420915,CM
,235560,Contig_55915.fasta,0.00218925154743529,7.516754396175319e-07,0.3478913301630606,CM
,235560,Contig_55113.fasta,0.017746268740029988,5.8803548786912485e-05,0.46282278839695007,CM
,235560,Contig_24574211.fasta,0.0222375707733852,0.00010311822642819051,0.47287906929693435,CM
,235560,Contig_55950.fasta,0.01975543939459708,7.510307288231263e-05,0.4665142961807742,CM
,235560,Contig_792106.fasta,0.013504652646010964,3.8857061142291e-05,0.45296596231298797,CM
,235560,Contig_24569564.fasta,0.015370640585264541,4.517128034416393e-05,0.45873905791109465,CM
,235560,Contig_499137.fasta,0.0034694947592925443,1.4736424938439896e-06,0.38103732823234243,CM
,235560,Contig_1065878.fasta,0.007076670016166962,8.665541824735597e-06,0.42829642020074743,CM
,235560,Contig_500105.fasta,0.01029704567638758,2.1668301316704667e-05,0.44436262019878114,CM
,235560,Contig_990105.fasta,0.007889672849873575,1.0853460526887395e-05,0.4284925266202533,CM
,235560,Contig_213746.fasta,0.0,0.0,0.0,CM
,235560,Contig_308147.fasta,0.0025585168630794554,7.835334046474394e-07,0.3746307758761541,CM
,235560,Contig_1064246.fasta,0.0,0.0,0.0,CM
,235560,Contig_500378.fasta,0.011968557635455861,2.3540065611632428e-05,0.4499171529512659,CM
,235560,Contig_372001.fasta,0.02106883119099732,8.640500412978665e-05,0.46955728958285653,CM
,235560,Contig_368549.fasta,0.009662856472893758,1.780087595835569e-05,0.4422626078159892,CM
,235560,Contig_542593.fasta,0.02016752771608491,8.385537837769092e-05,0.47026516489378545,CM
,235560,Contig_499422.fasta,0.01939716463606742,7.381225913714404e-05,0.46791383906931655,CM
,235560,Contig_134994.fasta,0.0020217655249971525,2.2561205560230605e-07,0.338945193096209,CM
,235560,Contig_62593.fasta,0.025490575985661876,0.0001255082227700239,0.47407683796283334,CM
,235560,Contig_1062838.fasta,0.0,0.0,0.0,CM
,235560,Contig_306052.fasta,0.0,0.0,0.0,CM
,235560,Contig_500079.fasta,0.012614503972938122,3.0439713502713612e-05,0.4507840453461624,CM
,235560,Contig_1065904.fasta,0.021903834059896234,9.072563478293903e-05,0.46767999906978164,CM
,235560,Contig_552078.fasta,0.0034708028439020527,1.4617770177115222e-06,0.38041775534090777,CM
,235560,Contig_1065941.fasta,0.02362906484903195,0.00011209162300741453,0.4735970031065957,CM
,235560,Contig_55393.fasta,0.022411832850052674,0.00010265101225488195,0.4721633088489572,CM
,235560,Contig_423779.fasta,0.0,0.0,0.0,CM
,235560,Contig_135642.fasta,0.023256088529969136,0.00010841666660486515,0.4726402414841581,CM
,235560,Contig_302535.fasta,0.010791984268332994,2.1091005850197732e-05,0.4456322276850634,CM
,235560,Contig_61135.fasta,0.009400084103576707,1.4837721625543496e-05,0.43914954394116995,CM
,235560,Contig_134037.fasta,0.016392952088911943,4.9630314769801665e-05,0.46054511719420915,CM
,235560,Contig_131651.fasta,0.01789141193823862,6.718101344148887e-05,0.46721301954000655,CM
,235560,Contig_369755.fasta,0.02640709220905944,0.00013873333286257495,0.47576394414775447,CM
,235560,Contig_985251.fasta,0.006238135470580745,6.307069966652759e-06,0.4209751138725295,CM
,235560,Contig_305281.fasta,0.02072487977815528,8.540672791599381e-05,0.46721301954000655,CM
,235560,Contig_1264101.fasta,0.0035801308839670714,1.8190043076129543e-06,0.38463940737305097,CM
,235560,Contig_53427.fasta,0.017412149869035054,5.130681189325992e-05,0.4578413298134213,CM
,235560,Contig_1063267.fasta,0.020689588347358342,8.218771246299262e-05,0.46838222129060714,CM
,235560,Contig_555358.fasta,0.006089197853083523,5.944449981732099e-06,0.4192776335746564,CM
,235560,Contig_368078.fasta,0.017208979579360278,5.704300328418542e-05,0.46054511719420915,CM
,235560,Contig_798280.fasta,0.014333949312777124,4.2098575043009476e-05,0.4573937820814434,CM
,235560,Contig_57241.fasta,0.00832881236957651,1.0957031711291855e-05,0.4304635134032351,CM
,235560,Contig_550914.fasta,0.0012113152805381983,0.0,0.31541209239589924,CM
,235560,Contig_202130.fasta,0.0022467307599107218,3.467202217178288e-07,0.3487989855157037,CM
,235560,Contig_792223.fasta,0.01780853238886978,6.564379138353146e-05,0.46558590952170803,CM
,235560,Contig_368085.fasta,0.017505882979080907,5.630498689105168e-05,0.46077187500671246,CM
,235560,Contig_713989.fasta,0.018097022832218777,6.455286623658786e-05,0.46535438992473055,CM
,235560,Contig_56628.fasta,0.021344996432876028,8.473019275645225e-05,0.46861676421564,CM
,235560,Contig_369883.fasta,0.007389650775198609,9.28031902102785e-06,0.42888527870698123,CM
,235560,Contig_500548.fasta,0.003518042316305615,1.3367695337731818e-06,0.38181463816345695,CM
,235560,Contig_138155.fasta,0.017712480810783228,6.080087824297584e-05,0.4639700932764666,CM
,235560,Contig_307949.fasta,0.024283853465604868,0.00011429690925468064,0.473357449741342,CM
,235560,Contig_135889.fasta,0.01972070816752082,7.544118997976637e-05,0.4669798793106951,CM
,235560,Contig_56903.fasta,0.009212590380321838,1.4220057218725583e-05,0.4362832998315306,CM
,235560,Contig_134889.fasta,0.02137965217391854,8.872229966007598e-05,0.46955728958285653,CM
,235560,Contig_367996.fasta,0.01234995221001351,3.0689693150369544e-05,0.45362466220971065,CM
,235560,Contig_57903.fasta,0.011616506811759419,2.5591968006160393e-05,0.4481933324418741,CM
,235560,Contig_139294.fasta,0.01643829550750935,5.61814206277176e-05,0.4637401774720679,CM
,235560,Contig_180.fasta,0.006083544202574761,7.158623578584211e-06,0.4198419372537609,CM
,235560,Contig_1268736.fasta,0.02703944901832736,0.00014533996655372546,0.4774631010911394,CM
,235560,Contig_308022.fasta,0.0226159369374066,0.00010342708374305772,0.471925203297344,CM
,235560,Contig_985128.fasta,0.015557987870976361,4.9218314893251816e-05,0.46054511719420915,CM
,235560,Contig_371212.fasta,0.023519332608209112,0.00011359121777417881,0.473357449741342,CM
,235560,Contig_421597.fasta,0.009119528789018418,1.4564672394687046e-05,0.4362832998315306,CM
,235560,Contig_985291.fasta,0.020718286217809783,8.349677839939091e-05,0.46721301954000655,CM
,235560,Contig_59394.fasta,0.009375282976129993,1.5824810570049574e-05,0.44038949559465085,CM
,235560,Contig_498502.fasta,0.01661240728021699,5.379295074838283e-05,0.46145349020642656,CM
,235560,Contig_423189.fasta,0.01617233526101917,4.8265302216445675e-05,0.4596403134276194,CM
,235560,Contig_543062.fasta,0.0020632506824052473,4.601066150398539e-07,0.34583432303718886,CM
,235560,Contig_543821.fasta,0.0,0.0,0.0,CM
,235560,Contig_429994.fasta,0.020217144863256632,8.55611272985399e-05,0.470501597857533,CM
,235560,Contig_1065861.fasta,0.019903697764018433,7.444669920353472e-05,0.4665142961807742,CM
,235560,Contig_55662.fasta,0.02078006199968205,8.36786618149292e-05,0.4681479130258295,CM
,235560,Contig_1268437.fasta,0.007256452027816029,8.838500333085915e-06,0.42790474537660406,CM
,235560,Contig_1065067.fasta,0.0,0.0,0.0,CM
,235560,Contig_135849.fasta,0.019673422445863946,7.491665738470379e-05,0.4665142961807742,CM
,235560,Contig_4084.fasta,0.01651441846101697,5.451220390047986e-05,0.46259400797757444,CM
,235560,Contig_424464.fasta,0.005906935165331212,6.035776737842354e-06,0.41666414877054014,CM
,235560,Contig_371156.fasta,0.021895892158997905,8.754472974484596e-05,0.4681479130258295,CM
,235560,Contig_502196.fasta,0.018584399642605942,6.992182843654857e-05,0.4660496405072874,CM
,235560,Contig_1260871.fasta,0.005692750228651541,5.7687040668565295e-06,0.41063083727013294,CM
,235560,Contig_368806.fasta,0.0047303000574527,2.869464070386955e-06,0.40424521733850244,CM
,235560,Contig_58444.fasta,0.015585153900419122,4.82973199927705e-05,0.46077187500671246,CM
,235560,Contig_984996.fasta,0.012989710776245644,3.1128506968649153e-05,0.4534048828191052,CM
,235560,Contig_990044.fasta,0.01452641154924746,4.201742747869818e-05,0.45494782602753187,CM
,235560,Contig_1274572.fasta,0.01753688764026532,5.281145569282782e-05,0.4591892434438828,CM
,235560,Contig_542553.fasta,0.019501025259671657,6.895487724441986e-05,0.464200237171941,CM
,235560,Contig_131771.fasta,0.023788163735136897,0.00011340805850245639,0.4735970031065957,CM
,235560,Contig_499076.fasta,0.012938662309193825,3.0524279806363356e-05,0.4505670092145561,CM
,235560,Contig_134152.fasta,0.016159869694054727,5.491781485187984e-05,0.4619090217860973,CM
,235560,Contig_131734.fasta,0.019963186272019262,7.742374998661823e-05,0.4674463926766399,CM
,235560,Contig_58559.fasta,0.01389978467146091,3.517436806693071e-05,0.4516542848159426,CM
,235560,Contig_55483.fasta,0.005021070294785859,3.991564836078997e-06,0.4144498131703424,CM
,235560,Contig_55811.fasta,0.009004455829373858,1.3540128048853881e-05,0.4324527163302371,CM
,235560,Contig_985419.fasta,0.017506263554464215,6.388747445070077e-05,0.4639700932764666,CM
,235560,Contig_213506.fasta,0.027541175512985704,0.00014690378881216767,0.47624818225884635,CM
,235560,Contig_135253.fasta,0.02526514847411122,0.0001279285298553965,0.47479841610280726,CM
,235560,Contig_24576898.fasta,0.0049821344946239495,4.246844401774144e-06,0.4142663471175888,CM
,235560,Contig_306742.fasta,0.018547470646939256,6.734525277763617e-05,0.4639700932764666,CM
,235560,Contig_55353.fasta,0.007583548563586014,8.971547963139862e-06,0.42402704038904987,CM
,235560,Contig_1063497.fasta,0.0012954537855142487,0.0,0.3243770114865279,CM
,235560,Contig_302609.fasta,0.019581230263799376,7.059559836137585e-05,0.4660496405072874,CM
,235560,Contig_1063840.fasta,0.008914244889929639,1.2193481291854925e-05,0.4304635134032351,CM
,235560,Contig_986139.fasta,0.015640159718275006,4.829816516771517e-05,0.4596403134276194,CM
,235560,Contig_370130.fasta,0.01762523940660112,5.5663620113066344e-05,0.4609988562259276,CM
,235560,Contig_54604.fasta,0.015934693678476736,4.806146887552875e-05,0.4609988562259276,CM
,235560,Contig_554797.fasta,0.015253379010824382,4.605153609559954e-05,0.4573937820814434,CM
,235560,Contig_421549.fasta,0.004761396961217663,3.6337681205224192e-06,0.40424521733850244,CM
,235560,Contig_61036.fasta,0.02573689474348639,0.00013005330908721647,0.47528068976060595,CM
,235560,Contig_303473.fasta,0.009855567288298063,1.763174667697212e-05,0.4437305254332068,CM
,235560,Contig_501657.fasta,0.016358393024504467,5.288522447088607e-05,0.46054511719420915,CM
,235560,Contig_1062279.fasta,0.012826356268879204,3.123185906229674e-05,0.4512187454863226,CM
,235560,Contig_58467.fasta,0.001266447740127336,0.0,0.3211488257167581,CM
,235560,Contig_709008.fasta,0.01676302253460744,5.5601514147064975e-05,0.4623654536258069,CM
,235560,Contig_306639.fasta,0.004861537720905666,3.2059431925167846e-06,0.4081237148445849,CM
,235560,Contig_134328.fasta,0.02307247057516602,0.00010484563005053745,0.4714497119086313,CM
,235560,Contig_791908.fasta,0.0022775766091261028,4.7392342338860016e-07,0.35515281902794427,CM
,235560,Contig_24572783.fasta,0.011653431295926983,2.6322086476211076e-05,0.44648267086766846,CM
,235560,Contig_53481.fasta,0.0,0.0,0.0,CM
,235560,Contig_931044.fasta,0.02120097156122266,8.851418330759927e-05,0.46908655545796146,CM
,235560,Contig_369322.fasta,0.02267662619216449,0.0001043221765813293,0.4726402414841581,CM
,235560,Contig_553512.fasta,0.002062986633554646,5.423989739955448e-07,0.3417924317526052,CM
,235560,Contig_368367.fasta,0.0023333192894665626,6.592868082734566e-07,0.3554225894943536,CM
,235560,Contig_986515.fasta,0.015623246926999445,4.9073703088113374e-05,0.46009227047130435,CM
,235560,Contig_61542.fasta,0.01313221927526749,3.615599043915789e-05,0.4527468205798902,CM
,235560,Contig_137592.fasta,0.025154100167388303,0.00012100660574651751,0.4731181385938489,CM
,235560,Contig_498311.fasta,0.009446283278812253,1.6619496491605564e-05,0.43935571743597795,CM
,235560,Contig_369512.fasta,0.010540507144985046,1.9115322474422496e-05,0.44080437029610603,CM
,235560,Contig_135235.fasta,0.0036357960131243997,1.5412356629861758e-06,0.3922161266297708,CM
,235560,Contig_62671.fasta,0.008388963098695891,1.3043827791050926e-05,0.43547123226553425,CM
,235560,Contig_370401.fasta,0.020868318629183896,8.214214643641964e-05,0.4674463926766399,CM
,235560,Contig_2412.fasta,0.0035592143484766835,1.2590118476873721e-06,0.3862268584971659,CM
,235560,Contig_370444.fasta,0.025791833745893375,0.00013109706203040568,0.4755221941761347,CM
,235560,Contig_57800.fasta,0.02737420075864598,0.00015011606502946955,0.4769763904885999,CM
,235560,Contig_56006.fasta,0.016862826778528312,5.7698977027258647e-05,0.46077187500671246,CM
,235560,Contig_371401.fasta,0.006048444581927605,6.159789333187237e-06,0.42135419997236967,CM
,235560,Contig_56492.fasta,0.0010843999130081407,0.0,0.3037415378573947,CM
,235560,Contig_3412.fasta,0.0024740963348185998,5.92334876955736e-07,0.36541494655940376,CM
,235560,Contig_498484.fasta,0.016057424535650455,5.1779934112606615e-05,0.46009227047130435,CM
,235560,Contig_303206.fasta,0.01513278714434192,4.482596548827159e-05,0.4567240986523344,CM
,235560,Contig_368656.fasta,0.023033354918154156,0.00010263730502139945,0.4700289694317595,CM
,235560,Contig_552825.fasta,0.027580658362110034,0.0001512704214749018,0.47673340710067913,CM
,235560,Contig_55071.fasta,0.026332397437793115,0.0001383996506773221,0.47649067115001686,CM
,235560,Contig_993479.fasta,0.02472993231468851,0.00011781826777536501,0.473357449741342,CM
,235560,Contig_499778.fasta,0.012428442303820241,3.148936654523273e-05,0.4551691041530317,CM
,235560,Contig_5203.fasta,0.002160855125808342,4.0386075976118835e-07,0.34329702059377587,CM
,235560,Contig_139312.fasta,0.0197601006358447,7.477078808600331e-05,0.4660496405072874,CM
,235560,Contig_132309.fasta,0.016609600625309487,5.29016503808047e-05,0.46077187500671246,CM
,235560,Contig_1064674.fasta,0.005080223380595276,3.994182227474816e-06,0.41555403114504136,CM
,235560,Contig_551478.fasta,0.009503843699883332,1.7705889036621452e-05,0.44122002741095384,CM
,235560,Contig_549697.fasta,0.002522278782319609,5.998361044217765e-07,0.3677122507420955,CM
,235560,Contig_424567.fasta,0.009257434918175923,1.3956955122456916e-05,0.43567396561388877,CM
,235560,Contig_549556.fasta,0.00823080843987795,1.1484726587239909e-05,0.42829642020074743,CM
,235560,Contig_1064927.fasta,0.0235338738892289,0.0001146940438087896,0.47407683796283334,CM
,235560,Contig_134109.fasta,0.0046508450428438385,3.632905924552837e-06,0.4038962788686375,CM
,235560,Contig_550094.fasta,0.02047567012495637,8.091012457795362e-05,0.46581765960111154,CM
,235560,Contig_136183.fasta,0.024499684107457106,0.00012027972649498292,0.4745576461149255,CM
,235560,Contig_499700.fasta,0.021288839428555056,9.064723812738717e-05,0.46932180448276484,CM
,235560,Contig_131801.fasta,0.012699536408514924,2.811477811230306e-05,0.4484080872729435,CM
,235560,Contig_303182.fasta,0.0,0.0,0.0,CM
,235560,Contig_502444.fasta,0.025482255207009898,0.00012965205703789834,0.47576394414775447,CM
,235560,Contig_203422.fasta,0.005817867925830575,5.115509042041752e-06,0.4099113789481529,CM
,235560,Contig_61582.fasta,0.021619664715104032,9.231778597156164e-05,0.47097517772452596,CM
,235560,Contig_204934.fasta,0.013036986316790344,3.3597018823232846e-05,0.4542852806498219,CM
,235560,Contig_302553.fasta,0.013139308858531698,3.015493201930901e-05,0.45013356331824583,CM
,235560,Contig_308121.fasta,0.02434683174540529,0.00011750421457127177,0.47407683796283334,CM
,235560,Contig_502068.fasta,0.0024175035342943038,6.305293116053382e-07,0.36300530571708034,CM
,235560,Contig_134208.fasta,0.022125564677001254,9.747147712523382e-05,0.4700289694317595,CM
,235560,Contig_372022.fasta,0.02100915955397498,8.49273881658163e-05,0.46908655545796146,CM
,235560,Contig_542609.fasta,0.021138904844718642,8.816100302729566e-05,0.46932180448276484,CM
,235560,Contig_60217.fasta,0.014027983174682476,3.58957212915709e-05,0.4534048828191052,CM
,235560,Contig_993700.fasta,0.021332524402738865,9.499169931566332e-05,0.47097517772452596,CM
,235560,Contig_58603.fasta,0.018721269152917965,6.237434629228968e-05,0.4619090217860973,CM
,235560,Contig_62124.fasta,0.02666602591301337,0.00014528095772946308,0.4769763904885999,CM
,235560,Contig_428405.fasta,0.008424786264565023,1.3593538560351102e-05,0.4358768878149199,CM
,235560,Contig_498444.fasta,0.014112406223342125,3.659127275753658e-05,0.4542852806498219,CM
,235560,Contig_543124.fasta,0.003299519412920332,1.7010173519196595e-06,0.3816589225687737,CM
,235560,Contig_502700.fasta,0.008021034372640531,1.073310682647135e-05,0.4292787514397399,CM
,235560,Contig_547137.fasta,0.0,0.0,0.0,CM
,235560,Contig_303062.fasta,0.02341440558697706,0.00011202269723146441,0.47383679905753573,CM
,235560,Contig_986691.fasta,0.007300363716150907,9.360863895006026e-06,0.42790474537660406,CM
,235560,Contig_930711.fasta,0.023444255362821343,0.0001125909237792308,0.47383679905753573,CM
,235560,Contig_550174.fasta,0.01519936551778153,4.4147224723211776e-05,0.4571703361693371,CM
,235560,Contig_132605.fasta,0.00898421092667885,1.1995504305828393e-05,0.4312569945339323,CM
,235560,Contig_985136.fasta,0.005949981494224173,5.179470383322677e-06,0.41666414877054014,CM
,235560,Contig_135781.fasta,0.021010450008803812,9.190371314677443e-05,0.4688515421536238,CM
,235560,Contig_135350.fasta,0.01989680822817352,7.874657819443429e-05,0.46767999906978164,CM
,235560,Contig_24572895.fasta,0.016376431866779034,5.346375344795432e-05,0.4603185824587472,CM
,235560,Contig_549067.fasta,0.0037732468488570776,1.9916099191411286e-06,0.39620138786563636,CM
,235560,Contig_201548.fasta,0.0010302043325322592,0.0,0.2994648570043626,CM
,235560,Contig_423546.fasta,0.0022658608699504534,4.379291907549165e-07,0.35287619839314976,CM
,235560,Contig_56965.fasta,0.023055644565308068,0.00010099330842586841,0.4700289694317595,CM
,235560,Contig_989310.fasta,0.019877687053114962,8.129809276282048e-05,0.46932180448276484,CM
,235560,Contig_1268491.fasta,0.0013326661428980362,0.0,0.3311492137787095,CM
,235560,Contig_306129.fasta,0.01440884544658001,3.574094041268401e-05,0.4542852806498219,CM
,235560,Contig_420630.fasta,0.0,0.0,0.0,CM
,235560,Contig_133996.fasta,0.025290347449972973,0.00012619564086225482,0.473357449741342,CM
,235560,Contig_932723.fasta,0.013097478282276087,3.809023399874949e-05,0.4567240986523344,CM
,235560,Contig_501147.fasta,0.009709502636529022,1.533472002592188e-05,0.4377117297187245,CM
,235560,Contig_303326.fasta,0.015012518943981161,4.3719700166207e-05,0.4578413298134213,CM
,235560,Contig_131637.fasta,0.016612646859963602,5.527733912083265e-05,0.4619090217860973,CM
,235560,Contig_309378.fasta,0.009532154422402383,1.6994161007993146e-05,0.44059683528184235,CM
,235560,Contig_987947.fasta,0.004569755699607094,3.7100211587056737e-06,0.40026846798059584,CM
,235560,Contig_794883.fasta,0.021914745960085844,9.227242898375162e-05,0.46908655545796146,CM
,235560,Contig_500102.fasta,0.025144035795044376,0.00012089472412980508,0.4731181385938489,CM
,235560,Contig_371148.fasta,0.011863611153438827,2.6878353002899324e-05,0.44776443930078136,CM
,235560,Contig_429171.fasta,0.024627601871615598,0.00012034693691179624,0.4745576461149255,CM
,235560,Contig_543887.fasta,0.0021813602814473518,5.784466541239796e-07,0.3463462909469404,CM
,235560,Contig_53404.fasta,0.021964863845990647,8.625719998270428e-05,0.4674463926766399,CM
,235560,Contig_53441.fasta,0.006845296241857856,7.2443813946296535e-06,0.4202189843460409,CM
,235560,Contig_542338.fasta,0.017060290343752567,5.5548765658179074e-05,0.4616811436303074,CM
,235560,Contig_1065711.fasta,0.010049778646731386,2.0569666458270934e-05,0.441428150065393,CM
,235560,Contig_984988.fasta,0.019798286546210367,7.716426699748983e-05,0.4688515421536238,CM
,235560,Contig_368263.fasta,0.02000079195722335,7.931544970992449e-05,0.46721301954000655,CM
,235560,Contig_993761.fasta,0.014296965430893871,4.2991052603989336e-05,0.4596403134276194,CM
,235560,Contig_542943.fasta,0.012074925557985334,2.3600855709678166e-05,0.44733636622305595,CM
,235560,Contig_133011.fasta,0.01178440909463519,2.5570401804998362e-05,0.44776443930078136,CM
,235560,Contig_542594.fasta,0.0071001729912703124,9.187329882392636e-06,0.4249898629149106,CM
,235560,Contig_548958.fasta,0.019608272930740103,7.838676797939459e-05,0.4674463926766399,CM
,235560,Contig_931946.fasta,0.015040476196559183,4.707614753383263e-05,0.4582897542304766,CM
,235560,Contig_1063039.fasta,0.012788500072611352,3.3089381960077344e-05,0.45406486081447506,CM
,235560,Contig_502009.fasta,0.021845064125592714,8.67540771105643e-05,0.466746971640216,CM
,235560,Contig_498308.fasta,0.01715281392443402,5.6814858997226616e-05,0.4616811436303074,CM
,235560,Contig_53952.fasta,0.021805299684528077,9.317493222879511e-05,0.46908655545796146,CM
,235560,Contig_929016.fasta,0.011917755087648097,2.4550882458807125e-05,0.4484080872729435,CM
,235560,Contig_55444.fasta,0.015552892132880863,4.9430995055786154e-05,0.46122606118217496,CM
,235560,Contig_58949.fasta,0.010701904778637928,2.2910921491742852e-05,0.4452082198566285,CM
,235560,Contig_1065204.fasta,0.019704588232404976,7.61844069404547e-05,0.4665142961807742,CM
,235560,Contig_55095.fasta,0.020176033291706877,8.358354127750927e-05,0.4681479130258295,CM
,235560,Contig_986384.fasta,0.022584828813942,9.833942192972989e-05,0.47168733777148847,CM
,235560,Contig_420408.fasta,0.020530035658059276,8.312356324498041e-05,0.46721301954000655,CM
,235560,Contig_137576.fasta,0.02515994829186237,0.00012397491879779436,0.4735970031065957,CM
,235560,Contig_53578.fasta,0.015581739972511766,5.083384476769491e-05,0.4619090217860973,CM
,235560,Contig_56433.fasta,0.011733606706178963,2.2743442357499987e-05,0.4441517219452459,CM
,235560,Contig_24577731.fasta,0.01839979135435146,6.858957643008069e-05,0.46466121059515053,CM
,235560,Contig_56476.fasta,0.021551519739832718,9.363954417728695e-05,0.46908655545796146,CM
,235560,Contig_54700.fasta,0.017381249563500196,5.917054222494609e-05,0.46259400797757444,CM
,235560,Contig_1064903.fasta,0.018335698920051165,6.398905423564199e-05,0.4619090217860973,CM
,235560,Contig_542569.fasta,0.0035219453482007736,1.2985974254714048e-06,0.38798825793475666,CM
,235560,Contig_1062081.fasta,0.0037472317792692418,2.1095713186307194e-06,0.3948639992146131,CM
,235560,Contig_24576774.fasta,0.0036707879781999932,2.327252001874376e-06,0.3932049067809382,CM
,235560,Contig_138216.fasta,0.01890564805952744,6.685932665824661e-05,0.4632810287815015,CM
,235560,Contig_799287.fasta,0.009325197519758724,1.601292841620006e-05,0.4377117297187245,CM
,235560,Contig_1066406.fasta,0.024150522866684305,0.00011817575144711383,0.4743171201919073,CM
,235560,Contig_371290.fasta,0.00892981823005856,1.4594748598503068e-05,0.43526868750634096,CM
,235560,Contig_498639.fasta,0.012878932009096716,3.0457435358139018e-05,0.45143641010064306,CM
,235560,Contig_542359.fasta,0.00796760582361503,1.002564119054218e-05,0.4296729468037801,CM
,235560,Contig_991920.fasta,0.01924499981038684,7.831657425869126e-05,0.46932180448276484,CM
,235560,Contig_306564.fasta,0.006085264265760202,5.334916625891738e-06,0.41852758414071245,CM
,235560,Contig_550251.fasta,0.0011511559489150926,0.0,0.3104935892961623,CM
,235560,Contig_131613.fasta,0.013854509024023482,3.439024709005779e-05,0.45252789078270456,CM
,235560,Contig_423948.fasta,0.0,0.0,0.0,CM
,235560,Contig_56904.fasta,0.008219679249454721,1.327533072757051e-05,0.4342587833589945,CM
,235560,Contig_135088.fasta,0.0204172756383907,7.874175989636228e-05,0.46581765960111154,CM
,235560,Contig_427790.fasta,0.02435357265419427,0.00011704869610686447,0.473357449741342,CM
,235560,Contig_246.fasta,0.0070989708226875834,8.985691552554858e-06,0.42345143807177965,CM
,235560,Contig_139152.fasta,0.01890007058631098,6.635897383936683e-05,0.4637401774720679,CM
,235560,Contig_60097.fasta,0.005073210217843972,4.028117781849571e-06,0.4131689528205886,CM
,235560,Contig_309018.fasta,0.024381683689119783,0.0001161531472049255,0.4726402414841581,CM
,235560,Contig_368416.fasta,0.009204320210839891,1.4027872296452177e-05,0.4348641627038258,CM
,235560,Contig_305513.fasta,0.02619273339904476,0.00013730644325202958,0.4755221941761347,CM
,235560,Contig_137002.fasta,0.008008066279917346,1.0557095825616301e-05,0.4275137862670777,CM
,235560,Contig_421629.fasta,0.0,0.0,0.0,CM
,235560,Contig_625912.fasta,0.0,0.0,0.0,CM
,235560,Contig_131696.fasta,0.011756982218790008,2.5119093617625494e-05,0.44648267086766846,CM
,235560,Contig_304203.fasta,0.02621443604016138,0.0001377700251942007,0.47624818225884635,CM
,235560,Contig_420590.fasta,0.013191350776853477,3.407979478038346e-05,0.45384465477140307,CM
,235560,Contig_370681.fasta,0.021896848714969303,9.130671650031944e-05,0.46955728958285653,CM
,235560,Contig_548716.fasta,0.009637835008512115,1.423656599393927e-05,0.4385321828203529,CM
,235560,Contig_212088.fasta,0.018780522263175708,6.887681409417972e-05,0.46512310046651745,CM
,235560,Contig_985929.fasta,0.013785494195474935,3.442809042243297e-05,0.4510012906692208,CM
,235560,Contig_1124471.fasta,0.001310963501781411,0.0,0.32641356056457377,CM
,235560,Contig_24578704.fasta,0.024400077439394006,0.00011517721747794243,0.4724016547898198,CM
,235560,Contig_53458.fasta,0.015255049203079891,4.547277433163314e-05,0.4573937820814434,CM
,235560,Contig_369801.fasta,0.010554211690440338,2.1897305112696143e-05,0.4452082198566285,CM
,235560,Contig_498641.fasta,0.017505102927896046,5.649372978022412e-05,0.4630517952195117,CM
,235560,Contig_984991.fasta,0.019793265580078927,7.600480570461383e-05,0.4669798793106951,CM
,235560,Contig_501958.fasta,0.008600841634963198,1.3332578585970742e-05,0.43832678132957054,CM
,235560,Contig_133189.fasta,0.0008373999622238281,0.0,0.2857489093553078,CM
,235560,Contig_62449.fasta,0.022195497543644027,9.943189194170217e-05,0.47073826868140495,CM
,235560,Contig_370912.fasta,0.026845442937414317,0.00014193020539752285,0.47600594005016944,CM
,235560,Contig_542449.fasta,0.0012332702008748082,0.0,0.31841703917612557,CM
,235560,Contig_548885.fasta,0.0022439068568731943,3.12068395233601e-07,0.35155059283945644,CM
,235560,Contig_367951.fasta,0.016432535200809,5.473553905590138e-05,0.46145349020642656,CM
,235560,Contig_1234.fasta,0.02071100860391914,7.842685735397458e-05,0.46581765960111154,CM
,235560,Contig_53375.fasta,0.008383431563391707,1.1475930887965498e-05,0.4342587833589945,CM
,235560,Contig_1064866.fasta,0.0024261045787903317,5.413628112187336e-07,0.3606272362769299,CM
,235560,Contig_55484.fasta,0.020855967586964716,8.697198178173386e-05,0.46838222129060714,CM
,235560,Contig_309986.fasta,0.020811393051750005,8.177352891384903e-05,0.46721301954000655,CM
,235560,Contig_2772.fasta,0.0012489193764584218,0.0,0.31939511199270754,CM
,235560,Contig_133368.fasta,0.022023844794416905,9.752982488442258e-05,0.4714497119086313,CM
,235560,Contig_1062791.fasta,0.006176056376921473,5.548132841186708e-06,0.41815356485193617,CM
,235560,Contig_802396.fasta,0.0023176701138829486,5.505557838452157e-07,0.35287619839314976,CM
,235560,Contig_1063340.fasta,0.014313997095203992,3.906091130302368e-05,0.4551691041530317,CM
,235560,Contig_500006.fasta,0.0231923756869139,0.00010463991312844373,0.47097517772452596,CM
,235560,Contig_132445.fasta,0.018340773355623362,6.632356558731358e-05,0.4644306094980809,CM
,235560,Contig_992335.fasta,0.02352102844810887,0.00010648268266053508,0.4721633088489572,CM
,235560,Contig_500492.fasta,0.020295203790668712,8.000080584474387e-05,0.466746971640216,CM
,235560,Contig_304732.fasta,0.014205295653625391,3.7569697837862134e-05,0.4567240986523344,CM
,235560,Contig_545842.fasta,0.006939645057578936,7.689877836056269e-06,0.42383499915698963,CM
,235560,Contig_552844.fasta,0.0023411678343136706,5.416748423117089e-07,0.3562343654886308,CM
,235560,Contig_57067.fasta,0.0037308869276295826,1.7883412410847299e-06,0.3932049067809382,CM
,235560,Contig_2436.fasta,0.004622362383407955,3.0414406613310537e-06,0.39856374707778236,CM
,235560,Contig_133069.fasta,0.0012114596617925993,0.0,0.3153058214752807,CM
,235560,Contig_420771.fasta,0.02002923227293896,7.850704657575097e-05,0.4681479130258295,CM
,235560,Contig_56861.fasta,0.012676984131997936,2.8864496711269887e-05,0.4484080872729435,CM
,235560,Contig_132069.fasta,0.017738063889370353,5.705815606737782e-05,0.4623654536258069,CM
,235560,Contig_551070.fasta,0.009236649009160398,1.605925677388463e-05,0.4375070959039893,CM
,235560,Contig_985077.fasta,0.006078335660931885,6.484578634430261e-06,0.41946556617598973,CM
,235560,Contig_551035.fasta,0.001266447740127336,0.0,0.3211488257167581,CM
,235560,Contig_545300.fasta,0.0,0.0,0.0,CM
,235560,Contig_542610.fasta,0.0021350559669594087,6.406952315359225e-07,0.34304533656108255,CM
,235560,Contig_1065239.fasta,0.01780959727510758,5.8344108632731766e-05,0.4621371250067324,CM
,235560,Contig_370582.fasta,0.011627665241164983,2.82838918596137e-05,0.4497009505711836,CM
,235560,Contig_57185.fasta,0.008543278952708852,1.3839252234682828e-05,0.4385321828203529,CM
,235560,Contig_131669.fasta,0.01988210732928061,7.690855485998938e-05,0.4662818525852681,CM
,235560,Contig_136379.fasta,0.018223236233910655,6.338175307058137e-05,0.46145349020642656,CM
,235560,Contig_986919.fasta,0.013839076770805684,3.568361987205571e-05,0.45252789078270456,CM
,235560,Contig_61778.fasta,0.023623118675068205,0.00011481650011869962,0.47383679905753573,CM
,235560,Contig_53377.fasta,0.0033737444797064587,1.384329911040514e-06,0.3801087238580963,CM
,235560,Contig_61055.fasta,0.018564095397011184,6.761729335255721e-05,0.46512310046651745,CM
,235560,Contig_932015.fasta,0.015172816691047546,4.386340213016511e-05,0.4558342319233478,CM
,235560,Contig_304943.fasta,0.00346765750039279,1.6156240555212026e-06,0.38181463816345695,CM
,235560,Contig_303410.fasta,0.016916176239119854,5.884026638296746e-05,0.4621371250067324,CM
,235560,Contig_797051.fasta,0.010263912930346522,2.3002275601943347e-05,0.4435202266059872,CM
,235560,Contig_368429.fasta,0.019612431525052453,7.216833003894143e-05,0.46512310046651745,CM
,235560,Contig_369429.fasta,0.010526973753511262,1.8384438751849013e-05,0.4420536977508895,CM
,235560,Contig_498995.fasta,0.02142481766916237,8.971602191105184e-05,0.4681479130258295,CM
,235560,Contig_132970.fasta,0.009508347109905163,1.4621599695607674e-05,0.43567396561388877,CM
,235560,Contig_369790.fasta,0.01366303806812979,3.216715932913158e-05,0.45143641010064306,CM
,235560,Contig_498542.fasta,0.0036722159004642595,2.202753273481371e-06,0.3932049067809382,CM
,235560,Contig_369341.fasta,0.021078402669263925,8.61748182761797e-05,0.46908655545796146,CM
,235560,Contig_60785.fasta,0.007183880783068545,8.716466348255422e-06,0.42518295235739806,CM
,235560,Contig_24569917.fasta,0.009840123182387372,2.0455643205957645e-05,0.4439410237849303,CM
,235560,Contig_501535.fasta,0.008371537467561955,1.353188298968053e-05,0.43547123226553425,CM
,235560,Contig_56399.fasta,0.014712353609598888,4.3294811283953356e-05,0.4571703361693371,CM
,235560,Contig_498337.fasta,0.026718383188629857,0.0001442705841754619,0.47649067115001686,CM
,235560,Contig_137165.fasta,0.02236249096710086,9.527637872310218e-05,0.470501597857533,CM
,235560,Contig_992875.fasta,0.01063346798413768,2.3227646563481164e-05,0.44584453460630447,CM
,235560,Contig_136120.fasta,0.02868889895125062,0.00016499686602363902,0.478439508250835,CM
,235560,Contig_425638.fasta,0.0,0.0,0.0,CM
,235560,Contig_1267810.fasta,0.02558375145602114,0.0001342677866120422,0.47576394414775447,CM
,235560,Contig_370427.fasta,0.002362471229453291,6.167592251831699e-07,0.3565057821480507,CM
,235560,Contig_131789.fasta,0.02014891493772585,8.156645893245535e-05,0.46721301954000655,CM
,235560,Contig_2471.fasta,0.0201382082942791,8.373284763302661e-05,0.4700289694317595,CM
,235560,Contig_1062006.fasta,0.015016807309401432,4.267753729131942e-05,0.4558342319233478,CM
,235560,Contig_1125243.fasta,0.02426242764021617,0.00011338979928648721,0.4726402414841581,CM
,235560,Contig_57065.fasta,0.008817862859654519,1.373625578359363e-05,0.4389435638548935,CM
,235560,Contig_61698.fasta,0.015216082735309042,4.420977602379954e-05,0.4565013064090893,CM
,235560,Contig_302649.fasta,0.01899071219532667,7.271996576074609e-05,0.4674463926766399,CM
,235560,Contig_423091.fasta,0.01634257030060287,5.261589155004891e-05,0.4603185824587472,CM
,235560,Contig_54356.fasta,0.006919103754116221,7.688941957691241e-06,0.42135419997236967,CM
,235560,Contig_546759.fasta,0.006774453382607479,6.114767950183804e-06,0.4135341043476063,CM
,235560,Contig_307829.fasta,0.021465150208902228,9.101491581804909e-05,0.4700289694317595,CM
,235560,Contig_56065.fasta,0.0185461599673948,7.329764767132059e-05,0.4669798793106951,CM
,235560,Contig_793801.fasta,0.017654203171393427,5.373409295224934e-05,0.46009227047130435,CM
,235560,Contig_809830.fasta,0.00843747002540049,1.3696353608149095e-05,0.43607999913263423,CM
,235560,Contig_57449.fasta,0.01291189832592075,2.9394988015475352e-05,0.4507840453461624,CM
,235560,Contig_55851.fasta,0.008199933269271431,1.3347784001823146e-05,0.4362832998315306,CM
,235560,Contig_54486.fasta,0.012615028811753871,3.0379910528820735e-05,0.45035018197239324,CM
,235560,Contig_371875.fasta,0.018356764189601554,6.756994402853501e-05,0.46466121059515053,CM
,235560,Contig_308206.fasta,0.0,0.0,0.0,CM
,235560,Contig_56474.fasta,0.021015565198975454,8.342713202533626e-05,0.46791383906931655,CM
,235560,Contig_54702.fasta,0.0012292832308315952,0.0,0.31830873406075955,CM
,235560,Contig_131749.fasta,0.013125064871128155,3.18400844359268e-05,0.4505670092145561,CM
,235560,Contig_370036.fasta,0.0256514534441436,0.00013500644851594914,0.47673340710067913,CM
,235560,Contig_986386.fasta,0.013015775914881008,2.9759206148832275e-05,0.4499171529512659,CM
,235560,Contig_62203.fasta,0.01871931376572994,6.991150102300343e-05,0.46535438992473055,CM
,235560,Contig_499726.fasta,0.023358511816504363,0.00010130704044683296,0.47073826868140495,CM
,235560,Contig_704029.fasta,0.007468501362921045,1.0439654790529736e-05,0.43066160981989554,CM
,235560,Contig_1275222.fasta,0.015696573711305162,4.6430400380245506e-05,0.4589640402837828,CM
,235560,Contig_202090.fasta,0.009587803253539959,1.5951019613607037e-05,0.44018235095890546,CM
,235560,Contig_134602.fasta,0.014444967756589508,3.792334167894048e-05,0.45561230678609205,CM
,235560,Contig_708522.fasta,0.015154281460251303,4.449829379140402e-05,0.4589640402837828,CM
,235560,Contig_553715.fasta,0.0067315677992246725,7.641352435566303e-06,0.4232599177470073,CM
,235560,Contig_56788.fasta,0.017383627286846115,5.8478544242233696e-05,0.4609988562259276,CM
,235560,Contig_543246.fasta,0.0,0.0,0.0,CM
,235560,Contig_1064243.fasta,0.015383425774363059,4.5942950992323255e-05,0.4582897542304766,CM
,235560,Contig_1064692.fasta,0.002264007855464104,4.238580813333209e-07,0.35089151786225464,CM
,235560,Contig_58108.fasta,0.002322092370780178,4.1631713627638187e-07,0.35745900616448933,CM
,235560,Contig_133815.fasta,0.003648625662512217,1.6414250358640131e-06,0.3863863245824249,CM
,235560,Contig_62147.fasta,0.022126936372984123,9.394452738076876e-05,0.46979301111377164,CM
,235560,Contig_501081.fasta,0.00906219092932507,1.4599179712716605e-05,0.43526868750634096,CM
,235560,Contig_61231.fasta,0.018955345827553913,6.963084126394259e-05,0.4662818525852681,CM
,235560,Contig_24568074.fasta,0.013641671763909381,3.867700189664371e-05,0.4567240986523344,CM
,235560,Contig_546764.fasta,0.01558163981776364,5.013610816680401e-05,0.46259400797757444,CM
,235560,Contig_137630.fasta,0.022175723264513225,9.993940672469076e-05,0.4721633088489572,CM
,235560,Contig_498427.fasta,0.008059242196918413,1.095788242594949e-05,0.4304635134032351,CM
,235560,Contig_24578527.fasta,0.019190549407701672,6.713492659451172e-05,0.46282278839695007,CM
,235560,Contig_132013.fasta,0.023341523958181783,0.00010870508532833931,0.4726402414841581,CM
,235560,Contig_62777.fasta,0.0245191180940394,0.00012220577822823664,0.47576394414775447,CM
,235560,Contig_550583.fasta,0.022803502368847255,0.00010537595478621636,0.471925203297344,CM
,235560,Contig_53808.fasta,0.00803018237506337,1.0300533067514288e-05,0.42888527870698123,CM
,235560,Contig_802698.fasta,0.022256894556569894,9.481263048837028e-05,0.4700289694317595,CM
,235560,Contig_369414.fasta,0.021543207763470577,9.387927400655583e-05,0.46932180448276484,CM
,235560,Contig_621060.fasta,0.020422761713784265,8.60909224077984e-05,0.46932180448276484,CM
,235560,Contig_992910.fasta,0.00944487256544721,1.8285277225361657e-05,0.43730265333580987,CM
,235560,Contig_4802.fasta,0.02111601708475575,8.416597082718612e-05,0.4665142961807742,CM
,235560,Contig_53766.fasta,0.012657199503581143,2.7551909153172123e-05,0.4471226364733077,CM
,235560,Contig_201.fasta,0.00684720380652969,8.572090787844827e-06,0.42287739635726757,CM
,235560,Contig_425070.fasta,0.017643823108309753,5.348618103373391e-05,0.45873905791109465,CM
,235560,Contig_425833.fasta,0.00955579788715528,1.775161656990961e-05,0.44038949559465085,CM
,235560,Contig_797704.fasta,0.011124725174013042,2.6169115513135566e-05,0.4449965183731018,CM
,235560,Contig_627634.fasta,0.02509595576871976,0.0001259331883392056,0.4735970031065957,CM
,235560,Contig_991161.fasta,0.023415140835476796,0.00011401689211200868,0.4743171201919073,CM
,235560,Contig_545925.fasta,0.0009581349991274969,0.0,0.29400806727572515,CM
,235560,Contig_131611.fasta,0.00496858067823123,3.843678020500477e-06,0.4120773571724496,CM
,235560,Contig_552125.fasta,0.016519277890447596,4.956297772231759e-05,0.4589640402837828,CM
,235560,Contig_138251.fasta,0.0062048183017291815,7.114260098220811e-06,0.42078582650118396,CM
,235560,Contig_55132.fasta,0.013094077692445045,3.06395148286628e-05,0.4516542848159426,CM
,235560,Contig_139680.fasta,0.019850049049269063,7.86643532849182e-05,0.4674463926766399,CM
,235560,Contig_55177.fasta,0.004338134882308357,2.71632231714722e-06,0.39754786666891806,CM
,235560,Contig_1067090.fasta,0.018549954002692083,6.506189034119804e-05,0.46351048941982814,CM
,235560,Contig_501431.fasta,0.014272341166681071,4.2122967892869443e-05,0.4573937820814434,CM
,235560,Contig_499446.fasta,0.019778802743375696,7.511562708417605e-05,0.4660496405072874,CM
,235560,Contig_136280.fasta,0.016234286112990298,5.103848441969714e-05,0.4589640402837828,CM
,235560,Contig_425598.fasta,0.0,0.0,0.0,CM
,235560,Contig_56039.fasta,0.010566502841023893,2.1784672678061382e-05,0.4437305254332068,CM
,235560,Contig_59601.fasta,0.012720595797175289,3.278267383941688e-05,0.45035018197239324,CM
,235560,Contig_502702.fasta,0.01739391725318834,5.5192685509258336e-05,0.4603185824587472,CM
,235560,Contig_544473.fasta,0.021814130781518358,9.496779828210137e-05,0.46932180448276484,CM
,235560,Contig_551703.fasta,0.02405001495004686,0.00011421586644076673,0.4724016547898198,CM
,235560,Contig_988522.fasta,0.01344068032483037,3.221982676502571e-05,0.4497009505711836,CM
,235560,Contig_371356.fasta,0.015750457048370987,4.993629680733867e-05,0.4616811436303074,CM
,235560,Contig_626449.fasta,0.019794856018955805,7.04258539479013e-05,0.46489204080408997,CM
,235560,Contig_548610.fasta,0.01761165464339472,6.24447433806956e-05,0.4632810287815015,CM
,235560,Contig_425664.fasta,0.008382247343819186,1.0602315832134776e-05,0.433454227947491,CM
,235560,Contig_24566569.fasta,0.0,0.0,0.0,CM
,235560,Contig_548279.fasta,0.001310963501781411,0.0,0.32641356056457377,CM
,235560,Contig_58194.fasta,0.021147552039419263,9.17907995667749e-05,0.470501597857533,CM
,235560,Contig_368907.fasta,0.017210721415112963,5.6008766761842126e-05,0.4603185824587472,CM
,235560,Contig_131846.fasta,0.001130650793276083,0.0,0.3080407103813802,CM
,235560,Contig_991730.fasta,0.02513112581883625,0.0001270106580662187,0.47383679905753573,CM
,235560,Contig_368942.fasta,0.001266447740127336,0.0,0.3211488257167581,CM
,235560,Contig_501775.fasta,0.01505026052636914,4.411021251784195e-05,0.45806543227539553,CM
,235560,Contig_368101.fasta,0.023400418733143257,0.0001101478253508834,0.4724016547898198,CM
,235560,Contig_24.fasta,0.002385363159446039,6.528807377652136e-07,0.361462988852311,CM
,235560,Contig_1066255.fasta,0.027013635900764377,0.0001455807124089129,0.4772196216923167,CM
,235560,Contig_929331.fasta,0.018735879934877228,6.599915968285411e-05,0.4637401774720679,CM
,235560,Contig_987858.fasta,0.022575938341158595,0.0001015505580978767,0.47168733777148847,CM
,235560,Contig_55763.fasta,0.015390508788854137,4.431701653230973e-05,0.4582897542304766,CM
,235560,Contig_420346.fasta,0.009340914248265789,1.5235781629858828e-05,0.4379165550484947,CM
,235560,Contig_370486.fasta,0.01644643052485951,5.306024363402605e-05,0.46122606118217496,CM
,235560,Contig_420797.fasta,0.005605884825478965,5.235542629369724e-06,0.40973190811673954,CM
,235560,Contig_2842.fasta,0.003051969857529412,8.872748373683454e-07,0.3641352833224253,CM
,235560,Contig_54955.fasta,0.021840227850749943,9.21228290486241e-05,0.46955728958285653,CM
,235560,Contig_53894.fasta,0.018746744135174194,6.810201277094575e-05,0.46351048941982814,CM
,235560,Contig_54153.fasta,0.019419742280005092,7.786065000458888e-05,0.466746971640216,CM
,235560,Contig_1061936.fasta,0.01207931937741345,2.380473630500426e-05,0.44797878321619583,CM
,235560,Contig_55116.fasta,0.023883085073336276,0.00011217242392743509,0.47168733777148847,CM
,235560,Contig_922.fasta,0.0,0.0,0.0,CM
,235560,Contig_552669.fasta,0.005340868346953396,4.501904317204878e-06,0.4045947592471392,CM
,235560,Contig_1270681.fasta,0.01717906542757735,5.785913306238443e-05,0.4639700932764666,CM
,235560,Contig_986945.fasta,0.019604874367719703,7.772145378122117e-05,0.46721301954000655,CM
,235560,Contig_137360.fasta,0.023810095393078535,0.0001113670800904076,0.473357449741342,CM
,235560,Contig_985270.fasta,0.011669274714534422,2.365099023739911e-05,0.44584453460630447,CM
,235560,Contig_59388.fasta,0.012608428159304817,3.19347679922676e-05,0.45013356331824583,CM
,235560,Contig_138131.fasta,0.02166716599923277,8.781573954810198e-05,0.46767999906978164,CM
,235560,Contig_4065.fasta,0.023883858650088286,0.0001163764798742004,0.47479841610280726,CM
,235560,Contig_53742.fasta,0.0010111288689987666,0.0,0.299656637252204,CM
,235560,Contig_371523.fasta,0.014611291170240305,4.37544530830836e-05,0.4558342319233478,CM
,235560,Contig_24574115.fasta,0.021131989626145594,9.063118266056554e-05,0.47026516489378545,CM
,235560,Contig_422544.fasta,0.008301807199936676,1.2631926513582854e-05,0.43506633107328363,CM
,235560,Contig_499233.fasta,0.02048985222406118,8.284092167128954e-05,0.4660496405072874,CM
,235560,Contig_542382.fasta,0.0,0.0,0.0,CM
,235560,Contig_542716.fasta,0.013928944664263638,3.896061628706783e-05,0.4551691041530317,CM
,235560,Contig_131534.fasta,0.004403948812238718,2.8023392955450553e-06,0.3938668679034651,CM
,235560,Contig_1066498.fasta,0.023811893443717903,0.00011350271265401634,0.4724016547898198,CM
,235560,Contig_137822.fasta,0.004997400655565018,4.760927917441153e-06,0.4117147726082856,CM
,235560,Contig_59872.fasta,0.023528806035913164,0.00010871827273965752,0.4724016547898198,CM
,235560,Contig_498523.fasta,0.006713593337090557,7.336748310273885e-06,0.42003037618430566,CM
,235560,Contig_57119.fasta,0.023407846231854712,0.00010505563222576773,0.4714497119086313,CM
,235560,Contig_1067031.fasta,0.007997028305546633,1.1657274593813904e-05,0.4338561326558336,CM
,235560,Contig_372145.fasta,0.007369092565041311,9.38125455823524e-06,0.4296729468037801,CM
,235560,Contig_1062612.fasta,0.00919467449149341,1.4310496564435216e-05,0.4344603891080005,CM
,235560,Contig_422254.fasta,0.027592524064035708,0.00015067181780071463,0.47673340710067913,CM
,235560,Contig_1123102.fasta,0.016758749840186694,5.174700957357524e-05,0.46145349020642656,CM
,235560,Contig_59049.fasta,0.019882117172721366,7.594813256081841e-05,0.46512310046651745,CM
,235560,Contig_209172.fasta,0.02571598729008618,0.00013254189990880437,0.47600594005016944,CM
,235560,Contig_56634.fasta,0.0036947785211541677,1.9770706892813534e-06,0.39503067882593207,CM
,235560,Contig_3298.fasta,0.0,0.0,0.0,CM
,235560,Contig_369021.fasta,0.018418603797322394,7.142737551466783e-05,0.464200237171941,CM
,235560,Contig_304922.fasta,0.01812731740801404,6.270620659751905e-05,0.4644306094980809,CM
,235560,Contig_930796.fasta,0.017703441600668113,5.86765815049129e-05,0.4637401774720679,CM
,235560,Contig_368021.fasta,0.016152191082804482,5.2951564649086516e-05,0.46009227047130435,CM
,235560,Contig_545617.fasta,0.0,0.0,0.0,CM
,235560,Contig_131608.fasta,0.003712236312632541,1.783901463980878e-06,0.38992819922443045,CM
,235560,Contig_370934.fasta,0.024292710721875745,0.00011308777458615189,0.4724016547898198,CM
,235560,Contig_369398.fasta,0.023275016419160924,0.00010831930189540915,0.47383679905753573,CM
,235560,Contig_1064046.fasta,0.016613005435515246,5.690222571173056e-05,0.4616811436303074,CM
,235560,Contig_991399.fasta,0.02443794284481643,0.00011742251462733108,0.47407683796283334,CM
,235560,Contig_55830.fasta,0.02350644207356845,0.00010822656775146869,0.4726402414841581,CM
,235560,Contig_57305.fasta,0.0037082578579770626,1.8750267192523524e-06,0.3946974602018697,CM
,235560,Contig_1063323.fasta,0.025734826322436195,0.0001325552555592613,0.47600594005016944,CM
,235560,Contig_554259.fasta,0.0,0.0,0.0,CM
,235560,Contig_1066500.fasta,0.013462387884841574,3.492736172339312e-05,0.449484955878306,CM
,235560,Contig_59255.fasta,0.002581585519356458,6.752842694340095e-07,0.3700386232260313,CM
,235560,Contig_371829.fasta,0.023057309629302164,0.00010165025637569543,0.47026516489378545,CM
,235560,Contig_500065.fasta,0.008420266347747942,1.3331747414544792e-05,0.4362832998315306,CM
,235560,Contig_368285.fasta,0.007590019951515028,1.1291898056493209e-05,0.43526868750634096,CM
,235560,Contig_542537.fasta,0.0034893252535884863,1.828771577450543e-06,0.3854314984096512,CM
,235560,Contig_986865.fasta,0.017078996519220884,5.565208353918926e-05,0.45986618090350523,CM
,235560,Contig_60641.fasta,0.018672121272120812,6.880584446949328e-05,0.4644306094980809,CM
,235560,Contig_425558.fasta,0.0071116568239223705,9.213454884956444e-06,0.42479694876923885,CM
,235560,Contig_1262982.fasta,0.008137482613900295,1.1566770188867919e-05,0.42987031609491644,CM
,235560,Contig_305.fasta,0.0022382086966151694,6.710636521618616e-07,0.35075999930233626,CM
,235560,Contig_420386.fasta,0.02308479650229427,0.00010897184667856628,0.47168733777148847,CM
,235560,Contig_553448.fasta,0.0012954537855142487,0.0,0.3243770114865279,CM
,235560,Contig_138817.fasta,0.006721570706322083,9.215970341594861e-06,0.42230490890732536,CM
,235560,Contig_371446.fasta,0.008260742051320014,1.2630775930163084e-05,0.4310583501329494,CM
,235560,Contig_994196.fasta,0.02000918544626959,8.186277475981027e-05,0.4681479130258295,CM
,235560,Contig_501364.fasta,0.0251228737296932,0.0001278130247163363,0.4743171201919073,CM
,235560,Contig_546659.fasta,0.016217272223728128,5.169002939066993e-05,0.45873905791109465,CM
,235560,Contig_990528.fasta,0.02501499650494596,0.00012615613648916217,0.47383679905753573,CM
,235560,Contig_371562.fasta,0.025113927594005107,0.0001287339605234537,0.47479841610280726,CM
,235560,Contig_423997.fasta,0.027975930585431234,0.0001496050527834088,0.47673340710067913,CM
,235560,Contig_57926.fasta,0.004922648754142621,3.746705034899406e-06,0.4124405809337299,CM
,235560,Contig_309752.fasta,0.004717183323760637,4.009706079999545e-06,0.40547126435815994,CM
,235560,Contig_57120.fasta,0.014269048297391928,3.620020020346917e-05,0.45384465477140307,CM
,235560,Contig_200999.fasta,0.010711216391787,1.9493489395076125e-05,0.44310022639139823,CM
,235560,Contig_499237.fasta,0.007328755227445335,9.317974229688427e-06,0.4286888127066574,CM
,235560,Contig_542386.fasta,0.0023403422276101504,4.1872135368529345e-07,0.35869209587529055,CM
,235560,Contig_131530.fasta,0.01198602908884341,2.7251148091499296e-05,0.449484955878306,CM
,235560,Contig_501205.fasta,0.02765381810839045,0.00014722507304631117,0.47649067115001686,CM
,235560,Contig_2219.fasta,0.0,0.0,0.0,CM
,235560,Contig_139618.fasta,0.027574879383185796,0.00015478048985622086,0.47770682906515216,CM
,235560,Contig_549709.fasta,0.005793294135839223,5.2099765646221e-06,0.41573863977726927,CM
,235560,Contig_502136.fasta,0.025461859451046148,0.0001272646881058601,0.47528068976060595,CM
,235560,Contig_132297.fasta,0.01523098680833865,4.5819572418264674e-05,0.45806543227539553,CM
,235560,Contig_305531.fasta,0.02898289976889064,0.00016607127020728827,0.478439508250835,CM
,235560,Contig_61421.fasta,0.026811683718949483,0.00014297513816648953,0.47673340710067913,CM
,235560,Contig_500205.fasta,0.005714341572039213,4.762949484776664e-06,0.4146334417982424,CM
,235560,Contig_59070.fasta,0.026181236183305038,0.00013527055064748423,0.47528068976060595,CM
,235560,Contig_929505.fasta,0.017743150906284092,6.265302949037371e-05,0.4639700932764666,CM
,235560,Contig_24570476.fasta,0.018530162960065207,6.928928977484197e-05,0.4637401774720679,CM
,235560,Contig_53402.fasta,0.0172627576798297,5.652928827276924e-05,0.46009227047130435,CM
,235560,Contig_53447.fasta,0.019619577811812238,7.124692978073828e-05,0.4639700932764666,CM
,235560,Contig_137449.fasta,0.007927133979692136,1.2490346933337445e-05,0.43006786679165127,CM
,235560,Contig_133990.fasta,0.0,0.0,0.0,CM
,235560,Contig_134851.fasta,0.02305766411927505,0.00010681249069429347,0.47097517772452596,CM
,235560,Contig_425439.fasta,0.018653933176166072,6.858564864377909e-05,0.4644306094980809,CM
,235560,Contig_131631.fasta,0.004347423643043661,2.3253477611472892e-06,0.39041621949880395,CM
,235560,Contig_1261393.fasta,0.012428266321710808,3.0930021364289864e-05,0.45013356331824583,CM
,235560,Contig_369735.fasta,0.011895279660243684,2.884150308636146e-05,0.4520906657674556,CM
,235560,Contig_56198.fasta,0.02460620233362881,0.00012343626428147432,0.4755221941761347,CM
,235560,Contig_307546.fasta,0.004527504588546419,2.8378974996618613e-06,0.3970418659900862,CM
,235560,Contig_303510.fasta,0.001266447740127336,0.0,0.3211488257167581,CM
,235560,Contig_372408.fasta,0.0034339038113295637,1.1857063237729083e-06,0.37980019404976995,CM
,235560,Contig_131842.fasta,0.006043582215178,5.668635283934078e-06,0.4172214347474958,CM
,235560,Contig_368140.fasta,0.01648517953465238,5.380522293226005e-05,0.4616811436303074,CM
,235560,Contig_986732.fasta,0.01664345576618176,5.228626713305412e-05,0.46122606118217496,CM
,235560,Contig_302982.fasta,0.007231942096723055,8.542796765731868e-06,0.4275137862670777,CM
,235560,Contig_988949.fasta,0.01531095929793172,4.592178444762207e-05,0.4585142960012901,CM
,235560,Contig_61678.fasta,0.026249053002417554,0.0001339568288768688,0.4743171201919073,CM
,235560,Contig_498868.fasta,0.015360637264330693,4.552828389596426e-05,0.45806543227539553,CM
,235560,Contig_1065964.fasta,0.0,0.0,0.0,CM
,235560,Contig_57454.fasta,0.024546889803677183,0.0001232921862557074,0.47528068976060595,CM
,235560,Contig_370810.fasta,0.01667944611475967,5.097467728050862e-05,0.46054511719420915,CM
,235560,Contig_372325.fasta,0.027655139719769725,0.00015090093593624648,0.47673340710067913,CM
,235560,Contig_542961.fasta,0.003542860324360463,2.7840852953798903e-06,0.3900907370315269,CM
,235560,Contig_58291.fasta,0.01180753176908138,2.988534463918895e-05,0.4512187454863226,CM
,235560,Contig_555161.fasta,0.017461860819993517,6.015656795850992e-05,0.4619090217860973,CM
,235560,Contig_711078.fasta,0.0234134920400301,0.00011071626592971967,0.47383679905753573,CM
,235560,Contig_502392.fasta,0.013540566772416164,3.807744611540283e-05,0.4547267629439422,CM
,235560,Contig_553434.fasta,0.014702109088599652,4.1446722293879624e-05,0.4585142960012901,CM
,235560,Contig_135566.fasta,0.019496870696580747,7.221927824648417e-05,0.46512310046651745,CM
,235560,Contig_201082.fasta,0.01662562837576783,5.608086619324196e-05,0.46351048941982814,CM
,235560,Contig_544432.fasta,0.014032945411156619,3.842663986852975e-05,0.4551691041530317,CM
,235560,Contig_132870.fasta,0.010835943095659278,2.063582541711999e-05,0.4428905244385391,CM
,235560,Contig_553471.fasta,0.020290376995787365,8.076997271036699e-05,0.46489204080408997,CM
,235560,Contig_1037.fasta,0.0,0.0,0.0,CM
,235560,Contig_702135.fasta,0.014909082139657014,4.168886704256082e-05,0.4571703361693371,CM
,235560,Contig_61579.fasta,0.013299512160608422,3.320729706463952e-05,0.4523091726141291,CM
,235560,Contig_56384.fasta,0.02327198686117442,0.00011352211978307905,0.4745576461149255,CM
,235560,Contig_371783.fasta,0.009237057308976783,1.5992220342356562e-05,0.4375070959039893,CM
,235560,Contig_303179.fasta,0.004861576805762066,3.2520807423181587e-06,0.4086583747330275,CM
,235560,Contig_370352.fasta,0.01621564489272228,5.076236303732329e-05,0.45873905791109465,CM
,235560,Contig_422425.fasta,0.013722576941138136,3.693887442361585e-05,0.4573937820814434,CM
,235560,Contig_1063026.fasta,0.015085321244024607,4.431824834002894e-05,0.457617446522559,CM
,235560,Contig_371407.fasta,0.028669262805623794,0.00016234610039684614,0.47770682906515216,CM
,235560,Contig_4902.fasta,0.021887687612555762,9.645187156772477e-05,0.4688515421536238,CM
,235560,Contig_4141.fasta,0.019395892413644405,6.79158058638182e-05,0.46351048941982814,CM
,235560,Contig_53623.fasta,0.01715560255795565,5.747358211590492e-05,0.46054511719420915,CM
,235560,Contig_992810.fasta,0.011816201538923328,2.4512701360868297e-05,0.44776443930078136,CM
,235560,Contig_544367.fasta,0.0011333570621880203,0.0,0.30773682280126047,CM
,235560,Contig_58581.fasta,0.01867929586339252,6.967114312535307e-05,0.4644306094980809,CM
,235560,Contig_58115.fasta,0.022278629413223276,0.00010339287127008565,0.47287906929693435,CM
,235560,Contig_550017.fasta,0.00438565444454234,3.1281489759220924e-06,0.3948639992146131,CM
,235560,Contig_368514.fasta,0.006957701129803462,7.579104568537966e-06,0.42287739635726757,CM
,235560,Contig_370392.fasta,0.02221644582858384,0.00010207708551037251,0.4726402414841581,CM
,235560,Contig_208096.fasta,0.004382971411341845,3.3180718245349156e-06,0.3935356089733529,CM
,235560,Contig_4205.fasta,0.0017726823754154032,3.72871968773861e-07,0.32652745224655727,CM
,235560,Contig_1064672.fasta,0.018786711254005474,6.952174425324677e-05,0.4665142961807742,CM
,235560,Contig_59251.fasta,0.009290823881481782,1.3905118893581398e-05,0.43709840174620884,CM
,235560,Contig_3038.fasta,0.0125451390404609,3.074895364740639e-05,0.4507840453461624,CM
,235560,Contig_135971.fasta,0.022655257027704614,9.749194728732431e-05,0.47026516489378545,CM
,235560,Contig_502317.fasta,0.010798911043413427,1.916467461274467e-05,0.44122002741095384,CM
,235560,Contig_61645.fasta,0.011713926647786824,2.824218903908639e-05,0.4492691685735156,CM
,235560,Contig_62576.fasta,0.020681927959849807,8.592643987430409e-05,0.4674463926766399,CM
,235560,Contig_542533.fasta,0.003646349286737772,1.8627732452848856e-06,0.3925451670044602,CM
,235560,Contig_131711.fasta,0.009109935931644447,1.523214636134784e-05,0.4338561326558336,CM
,235560,Contig_422009.fasta,0.008416419638739908,1.2517424528431403e-05,0.43285276509650006,CM
,235560,Contig_62533.fasta,0.019673501182437304,7.28447215807785e-05,0.4662818525852681,CM
,235560,Contig_993317.fasta,0.028145499806666814,0.0001557461616770886,0.47770682906515216,CM
,235560,Contig_985521.fasta,0.0024084318157230416,6.119778909736736e-07,0.36258337006533636,CM
,235560,Contig_543303.fasta,0.01326693742905844,3.2553928772388254e-05,0.45384465477140307,CM
,235560,Contig_929538.fasta,0.011991705023545969,2.9016092939162678e-05,0.4512187454863226,CM
,235560,Contig_542346.fasta,0.0,0.0,0.0,CM
,235560,Contig_58424.fasta,0.006046447311328002,6.04717723107038e-06,0.4170355071919042,CM
,235560,Contig_797832.fasta,0.01975116070192625,7.432755164355421e-05,0.4660496405072874,CM
,235560,Contig_368823.fasta,0.02446781885097904,0.00011427038920200704,0.4726402414841581,CM
,235560,Contig_548470.fasta,0.004804029668893424,3.346683284524852e-06,0.40564702129979757,CM
,235560,Contig_57574.fasta,0.02774873190241652,0.00015489633733157176,0.47770682906515216,CM
,235560,Contig_988707.fasta,0.02479480695261364,0.00012161662512401147,0.47479841610280726,CM
,235560,Contig_421262.fasta,0.02083118115908221,8.816876048851594e-05,0.46932180448276484,CM
,235560,Contig_985249.fasta,0.01311858341832383,3.211549981817393e-05,0.4516542848159426,CM
,235560,Contig_371975.fasta,0.015381952791922351,4.610205998828041e-05,0.4596403134276194,CM
,235560,Contig_56531.fasta,0.021974188114441805,9.317453520117374e-05,0.470501597857533,CM
,235560,Contig_1063517.fasta,0.016211888537808434,5.3471739861809835e-05,0.4603185824587472,CM
,235560,Contig_990987.fasta,0.02111241986414696,8.815901243503992e-05,0.46861676421564,CM
,235560,Contig_993626.fasta,0.014887097717156513,4.591463048757015e-05,0.4578413298134213,CM
,235560,Contig_542496.fasta,0.004750008301425686,3.911212693780336e-06,0.40512020698642126,CM
,235560,Contig_372104.fasta,0.025369305097287333,0.00012234919798684863,0.4735970031065957,CM
,235560,Contig_131548.fasta,0.012695554729725028,3.1294186637174454e-05,0.4518723699365684,CM
,235560,Contig_308042.fasta,0.011910630594264292,2.3789794116629116e-05,0.44733636622305595,CM
,235560,Contig_421163.fasta,0.004845022748503335,3.2382268733190017e-06,0.4070585811825285,CM
,235560,Contig_54197.fasta,0.014799970568071174,3.7385585449257184e-05,0.45296596231298797,CM
,235560,Contig_990000.fasta,0.02174004382216391,9.465995693008369e-05,0.46932180448276484,CM
,235560,Contig_369631.fasta,0.02002070889874624,7.661375885078133e-05,0.4669798793106951,CM
,235560,Contig_543552.fasta,0.017499501298056268,5.3818372151365584e-05,0.46077187500671246,CM
,235560,Contig_542517.fasta,0.01892960207852087,7.08850400292729e-05,0.4660496405072874,CM
,235560,Contig_131735.fasta,0.011770156814137275,2.6167560877762517e-05,0.4488382149345962,CM
,235560,Contig_5549.fasta,0.009864623824543553,1.7330827442868358e-05,0.43730265333580987,CM
,235560,Contig_501494.fasta,0.013587119422093969,3.4680877646985347e-05,0.4520906657674556,CM
,235560,Contig_1062303.fasta,0.020895613501390447,8.993264526085983e-05,0.46908655545796146,CM
,235560,Contig_368159.fasta,0.008472590678001457,1.4464665829788244e-05,0.4375070959039893,CM
,235560,Contig_1199449.fasta,0.013457430302216997,3.451680302896947e-05,0.4551691041530317,CM
,235560,Contig_704055.fasta,0.015431804463877001,4.714081264420737e-05,0.4596403134276194,CM
,235560,Contig_55016.fasta,0.008450985239733914,1.3494372800765208e-05,0.4342587833589945,CM
,235560,Contig_54053.fasta,0.0064884930695554835,6.736143664102468e-06,0.4135341043476063,CM
,235560,Contig_546419.fasta,0.01037052325243727,1.9613017700303557e-05,0.4420536977508895,CM
,235560,Contig_59189.fasta,0.024280224191282052,0.00011509000615694405,0.4726402414841581,CM
,235560,Contig_59558.fasta,0.006884990045656247,8.162089809170064e-06,0.4209751138725295,CM
,235560,Contig_546876.fasta,0.0034975229768376232,1.3725227553878982e-06,0.3862268584971659,CM
,235560,Contig_548299.fasta,0.019324421030310086,7.303913679599883e-05,0.46535438992473055,CM
,235560,Contig_60525.fasta,0.010407231956474436,1.8767175701271923e-05,0.44059683528184235,CM
,235560,Contig_550033.fasta,0.0010302043325322592,0.0,0.2994648570043626,CM
,235560,Contig_208849.fasta,0.01946702293914072,7.281472826397976e-05,0.4639700932764666,CM
,235560,Contig_57061.fasta,0.020801976820129083,8.179606075191515e-05,0.46721301954000655,CM
,235560,Contig_1062496.fasta,0.01789867507523354,6.48275588020949e-05,0.46535438992473055,CM
,235560,Contig_303608.fasta,0.013808103356958057,3.4921127769886224e-05,0.4520906657674556,CM
,235560,Contig_420777.fasta,0.019686536250735413,7.891710369264266e-05,0.4674463926766399,CM
,235560,Contig_1063002.fasta,0.019804612884263502,7.67810479496914e-05,0.4674463926766399,CM
,235560,Contig_54352.fasta,0.002465495290322572,7.574913713038614e-07,0.36843609375536734,CM
,235560,Contig_1063047.fasta,0.004821323594181507,3.735555161635003e-06,0.40424521733850244,CM
,235560,Contig_53607.fasta,0.021687061898449902,9.183401885720038e-05,0.46838222129060714,CM
,235560,Contig_372120.fasta,0.022454128577031378,9.923802982623483e-05,0.4712123253467438,CM
,235560,Contig_549384.fasta,0.022156917741678047,0.00010155346646544519,0.4726402414841581,CM
,235560,Contig_1061993.fasta,0.019632743777465992,8.01391230019261e-05,0.4688515421536238,CM
,235560,Contig_553689.fasta,0.007021710437343664,8.583906147268674e-06,0.4246042096817754,CM
,235560,Contig_990531.fasta,0.02450343705009421,0.00011818801308646828,0.4724016547898198,CM
,235560,Contig_554020.fasta,0.013758829475379954,3.508730874838894e-05,0.45296596231298797,CM
,235560,Contig_502647.fasta,0.013265328603120564,3.385197157742495e-05,0.4534048828191052,CM
,235560,Contig_135462.fasta,0.009468686555330973,1.7782446093302102e-05,0.4395620846118521,CM
,235560,Contig_1063919.fasta,0.014280214491179126,4.15478579395795e-05,0.4582897542304766,CM
,235560,Contig_372299.fasta,0.011701183255497224,2.742776660927535e-05,0.44733636622305595,CM
,235560,Contig_622402.fasta,0.02193338227030445,9.605416476981904e-05,0.47097517772452596,CM
,235560,Contig_1065023.fasta,0.021079873568140874,8.120819225526577e-05,0.4665142961807742,CM
,235560,Contig_552588.fasta,0.008167415791276748,1.1474591985830457e-05,0.4324527163302371,CM
,235560,Contig_367957.fasta,0.013903924238792642,3.690216460339261e-05,0.4512187454863226,CM
,235560,Contig_308367.fasta,0.023480123372121724,0.00010660308230518155,0.4724016547898198,CM
,235560,Contig_59368.fasta,0.025536340808705846,0.00012695165319380887,0.4750394305272249,CM
,235560,Contig_705620.fasta,0.01997477914543525,8.090918997375088e-05,0.46861676421564,CM
,235560,Contig_305590.fasta,0.022283838592650946,0.00010095399781280589,0.47168733777148847,CM
,235560,Contig_554364.fasta,0.0127952919669937,3.0085169758934788e-05,0.4510012906692208,CM
,235560,Contig_502546.fasta,0.013750701031002661,3.505065441401165e-05,0.45406486081447506,CM
,235560,Contig_985191.fasta,0.015877547432072023,4.834180726272317e-05,0.4578413298134213,CM
,235560,Contig_425799.fasta,0.02539485187098351,0.00012970603690192468,0.4750394305272249,CM
,235560,Contig_368001.fasta,0.017577205226831198,6.567924536158621e-05,0.46489204080408997,CM
,235560,Contig_501675.fasta,0.021109002040072135,8.489755948342524e-05,0.46955728958285653,CM
,235560,Contig_62362.fasta,0.01394856635783495,3.580335103317321e-05,0.4542852806498219,CM
,235560,Contig_60857.fasta,0.014261809276941545,3.9256776031908376e-05,0.4573937820814434,CM
,235560,Contig_202275.fasta,0.012868571028438944,3.0043118597354377e-05,0.45013356331824583,CM
,235560,Contig_131650.fasta,0.022268545973151033,9.632540839606253e-05,0.47073826868140495,CM
,235560,Contig_542472.fasta,0.005690927007460482,4.963819247704671e-06,0.4135341043476063,CM
,235560,Contig_547680.fasta,0.009136603029968708,1.5009138879415964e-05,0.43567396561388877,CM
,235560,Contig_499586.fasta,0.006006478480695986,5.224778880880722e-06,0.4196536673267413,CM
,235560,Contig_136305.fasta,0.022085790489674226,9.688495069697053e-05,0.470501597857533,CM
,235560,Contig_369711.fasta,0.013859069971565429,3.252994130886083e-05,0.4505670092145561,CM
,235560,Contig_61741.fasta,0.021849547652203465,9.620279879016449e-05,0.46955728958285653,CM
,235560,Contig_498586.fasta,0.023032189051659886,0.00010691843548217805,0.4712123253467438,CM
,235560,Contig_138210.fasta,0.0023419660738142815,4.335102048992625e-07,0.3569136835006228,CM
,235560,Contig_1522.fasta,0.004617073634775803,3.1971360171127273e-06,0.40026846798059584,CM
,235560,Contig_54173.fasta,0.002398181822427513,4.564458733635708e-07,0.35979533953811343,CM
,235560,Contig_58478.fasta,0.01154151787666595,2.2623833828545147e-05,0.44457371883070457,CM
,235560,Contig_2611.fasta,0.02072980215708501,8.634571941209084e-05,0.46838222129060714,CM
,235560,Contig_547115.fasta,0.024225245246650113,0.00011637523061328007,0.4743171201919073,CM
,235560,Contig_368410.fasta,0.019681977258130284,7.927884737610225e-05,0.46861676421564,CM
,235560,Contig_547150.fasta,0.010769955421237976,1.9995103815424415e-05,0.4435202266059872,CM
,235560,Contig_550156.fasta,0.018840982866986777,6.967649131078803e-05,0.4660496405072874,CM
,235560,Contig_60405.fasta,0.019441022111128976,6.85862990642633e-05,0.4637401774720679,CM
,235560,Contig_59852.fasta,0.028585516039184175,0.00016273065214383086,0.4779508059952161,CM
,235560,Contig_985114.fasta,0.014920223289450946,4.179481066249616e-05,0.45362466220971065,CM
,235560,Contig_502586.fasta,0.019356216515847593,7.321559434634014e-05,0.46721301954000655,CM
,235560,Contig_201696.fasta,0.007304415990695681,8.928196467268606e-06,0.4284925266202533,CM
,235560,Contig_56590.fasta,0.011945086043231192,2.737257802608242e-05,0.44862304800509734,CM
,235560,Contig_369378.fasta,0.021962679702501674,9.403102012989419e-05,0.46979301111377164,CM
,235560,Contig_424031.fasta,0.0255914507435696,0.00013020840049836685,0.47576394414775447,CM
,235560,Contig_549045.fasta,0.0,0.0,0.0,CM
,235560,Contig_138952.fasta,0.018106578848335775,6.353642838094896e-05,0.4623654536258069,CM
,235560,Contig_500549.fasta,0.016265565495047825,5.327451964449347e-05,0.46122606118217496,CM
,235560,Contig_54272.fasta,0.020159458529531254,8.57677611959314e-05,0.470501597857533,CM
,235560,Contig_53762.fasta,0.020856211019513883,8.351558081544662e-05,0.46861676421564,CM
,235560,Contig_57141.fasta,0.003520084372857128,1.4962291248209265e-06,0.388310239891549,CM
,235560,Contig_420657.fasta,0.0,0.0,0.0,CM
,235560,Contig_804876.fasta,0.02108388990543734,8.934018129379766e-05,0.4688515421536238,CM
,235560,Contig_367997.fasta,0.009567285514449905,1.699202552147378e-05,0.43914954394116995,CM
,235560,Contig_54093.fasta,0.020512680837311073,7.865393032662046e-05,0.4665142961807742,CM
,235560,Contig_985009.fasta,0.0032817205261932597,1.3608080170221016e-06,0.37674222147287967,CM
,235560,Contig_209831.fasta,0.017683840281173136,5.658712519955761e-05,0.46122606118217496,CM
,235560,Contig_59149.fasta,0.028784825119894192,0.00016642129715389598,0.478439508250835,CM
,235560,Contig_54407.fasta,0.016384565092397586,5.1552144188968996e-05,0.4603185824587472,CM
,235560,Contig_305408.fasta,0.0116032202562753,2.4330926453238086e-05,0.4452082198566285,CM
,235560,Contig_501379.fasta,0.01717977226018321,5.7548705340525894e-05,0.46122606118217496,CM
,235560,Contig_55093.fasta,0.019045955647120402,7.550339730885307e-05,0.46838222129060714,CM
,235560,Contig_806573.fasta,0.012802422518098114,2.9156288032223577e-05,0.4492691685735156,CM
,235560,Contig_60235.fasta,0.027929626270943295,0.00015234687525953546,0.4772196216923167,CM
,235560,Contig_501085.fasta,0.0011048516344271495,0.0,0.30713084284169123,CM
,235560,Contig_302635.fasta,0.017506531902589675,5.5725818682733896e-05,0.46145349020642656,CM
,235560,Contig_213217.fasta,0.0009581349991274969,0.0,0.29400806727572515,CM
,235560,Contig_204678.fasta,0.0011048516344271495,0.0,0.30713084284169123,CM
,235560,Contig_498809.fasta,0.02632693643981621,0.00013427573392198102,0.4750394305272249,CM
,235560,Contig_134968.fasta,0.011493999882358948,2.677573882897858e-05,0.4456322276850634,CM
,235560,Contig_555569.fasta,0.005450151679956925,3.7319685016939004e-06,0.4044199127651828,CM
,235560,Contig_420323.fasta,0.003689167656355538,1.8846983630454412e-06,0.3935356089733529,CM
,235560,Contig_7.fasta,0.0012332702008748082,0.0,0.31841703917612557,CM
,235560,Contig_370077.fasta,0.02484702257992916,0.0001237333021097285,0.4755221941761347,CM
,235560,Contig_24574329.fasta,0.0149965759352272,4.013620416749311e-05,0.45539059763437134,CM
,235560,Contig_207266.fasta,0.023173194480099135,0.00010413552582455893,0.47026516489378545,CM
,235560,Contig_499722.fasta,0.01520414490479415,4.5190857549333294e-05,0.457617446522559,CM
,235560,Contig_1201189.fasta,0.022988422938713848,0.00010441120711476,0.47168733777148847,CM
,235560,Contig_500710.fasta,0.02352095645441324,0.0001138434675226696,0.47479841610280726,CM
,235560,Contig_135292.fasta,0.01938357718732617,7.117021638064354e-05,0.46489204080408997,CM
,235560,Contig_204110.fasta,0.0,0.0,0.0,CM
,235560,Contig_500384.fasta,0.02881333054765507,0.00015970703119745907,0.4772196216923167,CM
,235560,Contig_4002.fasta,0.0011511559489150926,0.0,0.3104935892961623,CM
,235560,Contig_421610.fasta,0.00605775985996019,6.3066711492409635e-06,0.41852758414071245,CM
,235560,Contig_138156.fasta,0.02081411910728446,8.825405332739168e-05,0.46955728958285653,CM
,235560,Contig_792548.fasta,0.01451635632657833,4.027826238436673e-05,0.45561230678609205,CM
,235560,Contig_131553.fasta,0.004933739660892245,4.333388431552995e-06,0.40883690613308565,CM
,235560,Contig_368086.fasta,0.007209482350223788,7.848127219205661e-06,0.4267340073591578,CM
,235560,Contig_544261.fasta,0.004835107223336732,4.120861996354127e-06,0.4059989926848733,CM
,235560,Contig_796891.fasta,0.01720574550471716,5.4934917455172746e-05,0.4603185824587472,CM
,235560,Contig_137006.fasta,0.0025598828782398327,7.12655096778354e-07,0.3677122507420955,CM
,235560,Contig_546911.fasta,0.0011595124392646196,0.0,0.3116309284510933,CM
,235560,Contig_369838.fasta,0.01101990562975345,2.2836083429649924e-05,0.4475503004010679,CM
,235560,Contig_426807.fasta,0.021941044122006693,9.853206006974899e-05,0.4714497119086313,CM
,235560,Contig_54932.fasta,0.02251265453599047,9.753383627746735e-05,0.4712123253467438,CM
,235560,Contig_931789.fasta,0.004781801962108548,4.09093597320156e-06,0.4086583747330275,CM
,235560,Contig_1064731.fasta,0.00944811064061716,1.5111105467887372e-05,0.4395620846118521,CM
,235560,Contig_135719.fasta,0.01661638404568177,5.2647880631333175e-05,0.4596403134276194,CM
,235560,Contig_499678.fasta,0.0,0.0,0.0,CM
,235560,Contig_542470.fasta,0.02077612609779507,8.677519348046229e-05,0.4681479130258295,CM
,235560,Contig_368756.fasta,0.007426702415875416,1.0853465756695577e-05,0.43285276509650006,CM
,235560,Contig_420279.fasta,0.009538839017049251,1.6389378004627394e-05,0.4410121009135877,CM
,235560,Contig_993254.fasta,0.022026268483599065,0.00010036131461494381,0.4714497119086313,CM
,235560,Contig_985217.fasta,0.018766663084097298,6.213708434277563e-05,0.4621371250067324,CM
,235560,Contig_61392.fasta,0.012070335203565827,2.994471069004328e-05,0.4518723699365684,CM
,235560,Contig_502254.fasta,0.016729697929415005,4.894747206584692e-05,0.4589640402837828,CM
,235560,Contig_500961.fasta,0.025303815682534637,0.0001269933113843868,0.4745576461149255,CM
,235560,Contig_544966.fasta,0.0033707713453561645,1.350225968531292e-06,0.3815033339334012,CM
,235560,Contig_133780.fasta,0.016338519570376835,4.72637472665527e-05,0.4567240986523344,CM
,235560,Contig_62691.fasta,0.01322194298890011,3.418117155524842e-05,0.45362466220971065,CM
,235560,Contig_368166.fasta,0.013678305590945978,3.530691606682914e-05,0.45252789078270456,CM
,235560,Contig_429761.fasta,0.002124252703242049,5.67707772203936e-07,0.35234475833532874,CM
,235560,Contig_302536.fasta,0.019046269993148568,6.985374903941275e-05,0.46512310046651745,CM
,235560,Contig_987380.fasta,0.020229100336738394,8.141949954957807e-05,0.46838222129060714,CM
,235560,Contig_554697.fasta,0.0,0.0,0.0,CM
,235560,Contig_549533.fasta,0.020079673363100424,7.672469583610006e-05,0.46721301954000655,CM
,235560,Contig_3825.fasta,0.002382672106160351,4.979832448766618e-07,0.3596570630817191,CM
,235560,Contig_43.fasta,0.002380439179746688,6.072737046598638e-07,0.35786909297844477,CM
,235560,Contig_542528.fasta,0.012947181548572167,2.68813443492191e-05,0.44862304800509734,CM
,235560,Contig_993798.fasta,0.024482445646303384,0.00011719157986023895,0.4735970031065957,CM
,235560,Contig_24569072.fasta,0.0069073790630664175,8.453489781733945e-06,0.4230685705870855,CM
,235560,Contig_545414.fasta,0.002528723986389057,6.055938379801921e-07,0.36843609375536734,CM
,235560,Contig_53638.fasta,0.016839658519446545,5.674045592181113e-05,0.46282278839695007,CM
,235560,Contig_137636.fasta,0.0097198704610076,1.7315691462893897e-05,0.44331012701972194,CM
,235560,Contig_59666.fasta,0.003706737204562359,2.0594293609545675e-06,0.39737905653445144,CM
,235560,Contig_302672.fasta,0.018397209679367327,6.764015585204653e-05,0.46466121059515053,CM
,235560,Contig_310012.fasta,0.003274917739549013,2.015219732847077e-06,0.38574924902664187,CM
,235560,Contig_795668.fasta,0.01633497296682604,5.054789868544007e-05,0.4596403134276194,CM
,235560,Contig_372002.fasta,0.011027867414433477,2.4123254559275385e-05,0.4484080872729435,CM
,235560,Contig_309907.fasta,0.025300636892554743,0.0001205316946504963,0.47287906929693435,CM
,235560,Contig_2477.fasta,0.01192026864073694,2.5810785801713865e-05,0.449484955878306,CM
,235560,Contig_327.fasta,0.00700063754817544,8.597104239960785e-06,0.42479694876923885,CM
,235560,Contig_139033.fasta,0.019320568649900338,7.245103708878265e-05,0.464200237171941,CM
,235560,Contig_993758.fasta,0.02691849740194453,0.00014238235733792992,0.47673340710067913,CM
,235560,Contig_56026.fasta,0.010989315331326868,1.997192335259644e-05,0.44457371883070457,CM
,235560,Contig_1395.fasta,0.0036333455262483228,2.1107661759841993e-06,0.3887942160941558,CM
,235560,Contig_543139.fasta,0.012051366788389457,2.3084056718726695e-05,0.44648267086766846,CM
,235560,Contig_626881.fasta,0.008623650583266357,1.3020224241802113e-05,0.4362832998315306,CM
,235560,Contig_1270016.fasta,0.0,0.0,0.0,CM
,235560,Contig_55438.fasta,0.015197154199251876,4.3052977826898594e-05,0.4567240986523344,CM
,235560,Contig_501797.fasta,0.010625295376366922,2.105070918490944e-05,0.44457371883070457,CM
,235560,Contig_5266.fasta,0.02190212508903413,9.104733102927143e-05,0.4681479130258295,CM
,235560,Contig_1065654.fasta,0.0024740963348185998,5.92334876955736e-07,0.36541494655940376,CM
,235560,Contig_420474.fasta,0.002561901525641585,7.033541137258912e-07,0.36727930853164564,CM
,235560,Contig_53541.fasta,0.0,0.0,0.0,CM
,235560,Contig_54857.fasta,0.0034237652152274345,1.3413486294372637e-06,0.3863863245824249,CM
,235560,Contig_53504.fasta,0.017622186813730397,6.498517895107655e-05,0.46581765960111154,CM
,235560,Contig_426927.fasta,0.020802023353289085,8.091014208869678e-05,0.46721301954000655,CM
,235560,Contig_987729.fasta,0.009505610739819806,1.836065146434058e-05,0.442681020879202,CM
,235560,Contig_498389.fasta,0.02199792236181876,8.628992975000084e-05,0.46721301954000655,CM
,235560,Contig_544728.fasta,0.021843625481789364,9.768269071895636e-05,0.471925203297344,CM
,235560,Contig_137227.fasta,0.012659239055038568,3.0785418819555186e-05,0.45035018197239324,CM
,235560,Contig_544635.fasta,0.009614756876372773,1.5480880803253637e-05,0.4379165550484947,CM
,235560,Contig_498294.fasta,0.008201207722909415,1.2271248363655884e-05,0.4316548330897754,CM
,235560,Contig_54109.fasta,0.01309732436607966,3.160812828176822e-05,0.45252789078270456,CM
,235560,Contig_53419.fasta,0.018492484218695787,7.242019060895471e-05,0.46791383906931655,CM
,235560,Contig_62325.fasta,0.00244636518028284,6.63693776179881e-07,0.36627306385073705,CM
,235560,Contig_622395.fasta,0.0235993038537127,0.00010850529425914777,0.471925203297344,CM
,235560,Contig_60482.fasta,0.017056364019933067,5.993863901859988e-05,0.46122606118217496,CM
,235560,Contig_420569.fasta,0.004549650795904557,2.869799176008459e-06,0.39620138786563636,CM
,235560,Contig_368046.fasta,0.01598657684653018,4.712028795040818e-05,0.45806543227539553,CM
,235560,Contig_1062259.fasta,0.003402720480540503,1.419398552267392e-06,0.3815033339334012,CM
,235560,Contig_499294.fasta,0.022338279542753005,0.0001003232977118913,0.471925203297344,CM
,235560,Contig_548087.fasta,0.011182869009767176,2.2180755564996193e-05,0.4418449849568617,CM
,235560,Contig_5087.fasta,0.002516135971849816,6.812808071909032e-07,0.36930847598209676,CM
,235560,Contig_1064064.fasta,0.001266447740127336,0.0,0.3211488257167581,CM
,235560,Contig_54661.fasta,0.0219195228426067,9.441031021399318e-05,0.46932180448276484,CM
,235560,Contig_990919.fasta,0.009433278221014621,1.6284549426498938e-05,0.4387377769051257,CM
,235560,Contig_61352.fasta,0.02360790206061256,0.00010381699300477271,0.47097517772452596,CM
,235560,Contig_555022.fasta,0.0033065350672179363,1.9552780579430044e-06,0.38134787210213245,CM
,235560,Contig_57616.fasta,0.02230171091738526,9.776772812454074e-05,0.4712123253467438,CM
,235560,Contig_370211.fasta,0.011511583490123866,2.1212836350502376e-05,0.4422626078159892,CM
,235560,Contig_1067056.fasta,0.012589157164949913,3.403871690643744e-05,0.4520906657674556,CM
,235560,Contig_56653.fasta,0.0188243740761451,6.853685239787613e-05,0.46512310046651745,CM
,235560,Contig_992350.fasta,0.015546023020262022,4.757786360626417e-05,0.46054511719420915,CM
,235560,Contig_61602.fasta,0.0023341348652587447,7.989934361462144e-07,0.35882963118812616,CM
,235560,Contig_135130.fasta,0.017332571232557,5.314002916312877e-05,0.4591892434438828,CM
,235560,Contig_1063408.fasta,0.02234188089291699,9.819778506920231e-05,0.47168733777148847,CM
,235560,Contig_206987.fasta,0.0022415196130704577,4.77356320135087e-07,0.3502349094830214,CM
,235560,Contig_1309.fasta,0.0,0.0,0.0,CM
,235560,Contig_542531.fasta,0.0022834941837315006,7.661169688579046e-07,0.35515281902794427,CM
,235560,Contig_552864.fasta,0.007800925345466857,9.028642636948895e-06,0.4224955657510759,CM
,235560,Contig_420338.fasta,0.017716084417915032,6.168034579265087e-05,0.46489204080408997,CM
,235560,Contig_55389.fasta,0.005813642786778662,5.293647439716031e-06,0.4086583747330275,CM
,235560,Contig_427105.fasta,0.008319435241291272,1.277859278447719e-05,0.433454227947491,CM
,235560,Contig_542688.fasta,0.012101438857517197,2.669847300725852e-05,0.4505670092145561,CM
,235560,Contig_544398.fasta,0.0011333570621880203,0.0,0.30773682280126047,CM
,235560,Contig_498739.fasta,0.013877686298413992,3.8424357818145193e-05,0.45494782602753187,CM
,235560,Contig_54075.fasta,0.0,0.0,0.0,CM
,235560,Contig_56346.fasta,0.018149905438452425,6.0362577206412165e-05,0.46145349020642656,CM
,235560,Contig_203889.fasta,0.004686285067112822,2.9232768907822255e-06,0.40164278031700995,CM
,235560,Contig_500327.fasta,0.02007726340014067,8.09251522105392e-05,0.46791383906931655,CM
,235560,Contig_544365.fasta,0.0,0.0,0.0,CM
,235560,Contig_369516.fasta,0.01893073818885708,6.824241153759986e-05,0.4632810287815015,CM
,235560,Contig_547013.fasta,0.002224582739254833,4.5982055485095666e-07,0.3498421226686479,CM
,235560,Contig_542675.fasta,0.019652583323818033,7.767407718619023e-05,0.46721301954000655,CM
,235560,Contig_368516.fasta,0.01681405920325795,5.4368667825810614e-05,0.46009227047130435,CM
,235560,Contig_58954.fasta,0.023403428219989208,0.00011060448310397776,0.4735970031065957,CM
,235560,Contig_24576300.fasta,0.02524895923454958,0.00012939244463221235,0.4750394305272249,CM
,235560,Contig_994229.fasta,0.005019472527252087,4.550915772996561e-06,0.4128044455838699,CM
,235560,Contig_132049.fasta,0.017471316278766774,6.323335597802556e-05,0.4632810287815015,CM
,235560,Contig_56047.fasta,0.01630973938344494,4.845733493467164e-05,0.4589640402837828,CM
,235560,Contig_549900.fasta,0.022184573762589796,9.952335048615804e-05,0.4724016547898198,CM
,235560,Contig_56804.fasta,0.018655659234304855,6.703146735934716e-05,0.4639700932764666,CM
,235560,Contig_1760.fasta,0.001266447740127336,0.0,0.3211488257167581,CM
,235560,Contig_2226.fasta,0.007898072426625526,1.0194227752417312e-05,0.4284925266202533,CM
,235560,Contig_548773.fasta,0.0032744462953472457,1.5517080206089002e-06,0.3758344088910173,CM
,235560,Contig_1123947.fasta,0.023436926466734564,0.00011036855314484296,0.47287906929693435,CM
,235560,Contig_6091.fasta,0.021174293138562266,9.056727202390689e-05,0.4712123253467438,CM
,235560,Contig_4736.fasta,0.01977556000178449,7.113301333842715e-05,0.4644306094980809,CM
,235560,Contig_810436.fasta,0.023478712977304615,0.00010489548556768234,0.4714497119086313,CM
,235560,Contig_53485.fasta,0.0024259601793919557,6.079850748463744e-07,0.36272390625528417,CM
,235560,Contig_53779.fasta,0.021123564814972302,9.00670672704678e-05,0.46979301111377164,CM
,235560,Contig_54269.fasta,0.021931334950698503,9.274489295555862e-05,0.4700289694317595,CM
,235560,Contig_135095.fasta,0.022135162070900594,8.789217604125645e-05,0.46721301954000655,CM
,235560,Contig_543843.fasta,0.0022439068568731943,3.12068395233601e-07,0.35155059283945644,CM
,235560,Contig_555043.fasta,0.009484591933087172,1.801549794317624e-05,0.44080437029610603,CM
,235560,Contig_62494.fasta,0.014252662659150008,4.032055184907465e-05,0.4565013064090893,CM
,235560,Contig_58762.fasta,0.01943920858446354,7.71935002311919e-05,0.4674463926766399,CM
,235560,Contig_499560.fasta,0.014477690044136708,3.6477349445746824e-05,0.45406486081447506,CM
,235560,Contig_1065040.fasta,0.007887972024547614,1.1537632012437764e-05,0.4290819248686993,CM
,235560,Contig_24574502.fasta,0.00469433167726594,2.7706121073295566e-06,0.3995848326808852,CM
,235560,Contig_55294.fasta,0.02023880137169118,8.56275431036947e-05,0.470501597857533,CM
,235560,Contig_208230.fasta,0.02676305959489704,0.00014819971983755524,0.4774631010911394,CM
,235560,Contig_367971.fasta,0.014405256321483822,3.936740820223668e-05,0.45694710846612946,CM
,235560,Contig_4437.fasta,0.0,0.0,0.0,CM
,235560,Contig_138526.fasta,0.0010302043325322592,0.0,0.2994648570043626,CM
,235560,Contig_138563.fasta,0.02654443770237576,0.0001413199965232849,0.47600594005016944,CM
,235560,Contig_371134.fasta,0.017510795260595357,6.150286346507061e-05,0.4632810287815015,CM
,235560,Contig_54294.fasta,0.02546542844337241,0.0001320968509836457,0.4755221941761347,CM
,235560,Contig_59426.fasta,0.009458164960621933,1.527490917595002e-05,0.44080437029610603,CM
,235560,Contig_502560.fasta,0.0022178691139221854,3.634653682899945e-07,0.3480207058901573,CM
,235560,Contig_201670.fasta,0.018018167937543423,6.456674881888424e-05,0.4660496405072874,CM
,235560,Contig_132684.fasta,0.02193778976617088,8.79158556369962e-05,0.46838222129060714,CM
,235560,Contig_542344.fasta,0.005790322949483709,5.209947039766274e-06,0.41666414877054014,CM
,235560,Contig_545654.fasta,0.019921424330721166,7.303675720096405e-05,0.4660496405072874,CM
,235560,Contig_499661.fasta,0.0,0.0,0.0,CM
,235560,Contig_368062.fasta,0.017809138112353833,5.6668718765099915e-05,0.46282278839695007,CM
,235560,Contig_133992.fasta,0.008772338878326581,1.2960934131818748e-05,0.43730265333580987,CM
,235560,Contig_131676.fasta,0.01971691487324442,7.670011026466989e-05,0.4674463926766399,CM
,235560,Contig_134010.fasta,0.018568921516803005,6.84730815854211e-05,0.4660496405072874,CM
,235560,Contig_548898.fasta,0.019958473017871674,7.759555909560897e-05,0.4674463926766399,CM
,235560,Contig_421218.fasta,0.0,0.0,0.0,CM
,235560,Contig_56266.fasta,0.017831652092230862,5.963275248305532e-05,0.4616811436303074,CM
,235560,Contig_791989.fasta,0.009712663191278255,1.715997143971765e-05,0.4397686457418388,CM
,235560,Contig_167.fasta,0.00253681422196283,7.669500856829283e-07,0.37077166328788946,CM
,235560,Contig_131918.fasta,0.0141624918125149,4.3372554223384306e-05,0.45986618090350523,CM
,235560,Contig_545669.fasta,0.014736119259278261,4.340510874211911e-05,0.4565013064090893,CM
,235560,Contig_309414.fasta,0.02306478496480768,0.00010630472338336946,0.4714497119086313,CM
,235560,Contig_60809.fasta,0.01774080591733559,6.374897551318939e-05,0.46489204080408997,CM
,235560,Contig_55579.fasta,0.010398508709347368,1.8617553251743685e-05,0.44163646915461685,CM
,235560,Contig_134354.fasta,0.011737590354926773,2.7660477701885528e-05,0.4505670092145561,CM
,235560,Contig_302825.fasta,0.01632925015215796,5.3421555635630085e-05,0.4616811436303074,CM
,235560,Contig_543384.fasta,0.0038222721939837985,1.95365190645576e-06,0.39941428857816175,CM
,235560,Contig_553243.fasta,0.013053054567830366,3.186749777858916e-05,0.4523091726141291,CM
,235560,Contig_985177.fasta,0.01182474523810681,2.2992775989949113e-05,0.44584453460630447,CM
,235560,Contig_551170.fasta,0.014073085943956901,3.817034577482233e-05,0.45384465477140307,CM
,235560,Contig_544200.fasta,0.010938769503483011,2.0054931396476805e-05,0.4428905244385391,CM
,235560,Contig_1066727.fasta,0.012445345410461097,2.8163578284345927e-05,0.4475503004010679,CM
,235560,Contig_623419.fasta,0.007094222280737575,8.597541514590158e-06,0.42479694876923885,CM
,235560,Contig_54254.fasta,0.020754387266477842,7.769574350915895e-05,0.4660496405072874,CM
,235560,Contig_53744.fasta,0.017511949462931976,6.42866314997032e-05,0.46558590952170803,CM
,235560,Contig_548820.fasta,0.0012292832308315952,0.0,0.31830873406075955,CM
,235560,Contig_422193.fasta,0.02667671894345841,0.00014272168438606773,0.47673340710067913,CM
,235560,Contig_56712.fasta,0.012337963703295887,3.19060155335726e-05,0.45035018197239324,CM
,235560,Contig_56757.fasta,0.004334015923688866,2.5881711124880586e-06,0.38863275670209013,CM
,235560,Contig_1833.fasta,0.020049591943591634,7.668706993784263e-05,0.4669798793106951,CM
,235560,Contig_542648.fasta,0.0022467307599107218,3.467202217178288e-07,0.3487989855157037,CM
,235560,Contig_372026.fasta,0.019543933074796318,7.728567527813761e-05,0.466746971640216,CM
,235560,Contig_370350.fasta,0.012906736017168895,3.111803318802772e-05,0.4510012906692208,CM
,235560,Contig_985396.fasta,0.018645522513764584,6.683174785441748e-05,0.46466121059515053,CM
,235560,Contig_543120.fasta,0.0023592077823694395,5.609442855935357e-07,0.3575955973017322,CM
,235560,Contig_992741.fasta,0.019286660765454273,7.551343435229676e-05,0.466746971640216,CM
,235560,Contig_54798.fasta,0.02214828263481651,9.6004839414855e-05,0.4700289694317595,CM
,235560,Contig_554998.fasta,0.015767921454413154,4.905752264100293e-05,0.4616811436303074,CM
,235560,Contig_542549.fasta,0.0,0.0,0.0,CM
,235560,Contig_1125670.fasta,0.024106315644262036,0.00010830764467292651,0.47073826868140495,CM
,235560,Contig_57456.fasta,0.020336077347921006,7.858901337926177e-05,0.4681479130258295,CM
,235560,Contig_420791.fasta,0.01095178783555189,2.4939456818823952e-05,0.4492691685735156,CM
,235560,Contig_304002.fasta,0.021998268705513233,9.194209376507319e-05,0.46838222129060714,CM
,235560,Contig_304047.fasta,0.02230363997934984,9.148632008630579e-05,0.46861676421564,CM
,235560,Contig_60914.fasta,0.022299293583776192,9.764638886579032e-05,0.47073826868140495,CM
,235560,Contig_369593.fasta,0.008572998871970923,1.2789866721521597e-05,0.43669047043333326,CM
,235560,Contig_132330.fasta,0.012603237703187326,2.8290672195012125e-05,0.4492691685735156,CM
,235560,Contig_543264.fasta,0.011787537521147428,2.5005693472963636e-05,0.4469091108589461,CM
,235560,Contig_61586.fasta,0.0220692884101135,9.682895762265628e-05,0.470501597857533,CM
,235560,Contig_206205.fasta,0.017198927998910155,5.8395016400028145e-05,0.4619090217860973,CM
,235560,Contig_992897.fasta,0.0012258507201814192,0.0,0.31841703917612557,CM
,235560,Contig_368482.fasta,0.014390155058754264,3.947172094000654e-05,0.4578413298134213,CM
,235560,Contig_368810.fasta,0.020145444367404144,7.872727632345954e-05,0.46721301954000655,CM
,235560,Contig_545620.fasta,0.006628347318874412,6.677963450946726e-06,0.42230490890732536,CM
,235560,Contig_131586.fasta,0.018484448570240432,6.978981961276949e-05,0.46535438992473055,CM
,235560,Contig_62330.fasta,0.003779151201326976,2.4531399150825738e-06,0.39503067882593207,CM
,235560,Contig_133221.fasta,0.006323404485153547,7.311360845380083e-06,0.4259570678828553,CM
,235560,Contig_554336.fasta,0.02327611796750284,0.00010873288708294134,0.4721633088489572,CM
,235560,Contig_1061979.fasta,0.0059753150917830206,5.870690551137646e-06,0.4175937876566859,CM
,235560,Contig_59083.fasta,0.009431958668535344,1.5807923701123012e-05,0.43547123226553425,CM
,235560,Contig_61046.fasta,0.019964514205981502,8.041580755645082e-05,0.4674463926766399,CM
,235560,Contig_53364.fasta,0.014109996972253727,3.841036010762142e-05,0.45494782602753187,CM
,235560,Contig_138517.fasta,0.01609175202503289,5.1238471055426504e-05,0.45806543227539553,CM
,235560,Contig_1064832.fasta,0.00454108429073253,2.8236037062594268e-06,0.39754786666891806,CM
,235560,Contig_367940.fasta,0.014125768825550377,4.3169551489181355e-05,0.4591892434438828,CM
,235560,Contig_57502.fasta,0.025265926499627122,0.00012526226926454518,0.47407683796283334,CM
,235560,Contig_370591.fasta,0.02647298832004492,0.00013669381669661462,0.47576394414775447,CM
,235560,Contig_420251.fasta,0.018533032476569372,6.357983507650153e-05,0.4619090217860973,CM
,235560,Contig_58753.fasta,0.023199755223060198,0.0001006286859582383,0.47073826868140495,CM
,235560,Contig_133165.fasta,0.01893667106214313,6.973862975183597e-05,0.4644306094980809,CM
,235560,Contig_136703.fasta,0.01537539285828739,4.544660426533165e-05,0.4596403134276194,CM
,235560,Contig_420638.fasta,0.008212782014731653,1.2740418079710815e-05,0.43526868750634096,CM
,235560,Contig_552562.fasta,0.003745973662074448,2.3166519453248683e-06,0.39553156303407994,CM
,235560,Contig_136746.fasta,0.022506386739837948,9.784150306112634e-05,0.47097517772452596,CM
,235560,Contig_53399.fasta,0.019678153795146057,7.095341959639296e-05,0.464200237171941,CM
,235560,Contig_369317.fasta,0.02762531268062958,0.00015365923415515956,0.47770682906515216,CM
,235560,Contig_551614.fasta,0.011539053149621503,2.4527247385816416e-05,0.4462697559077888,CM
,235560,Contig_554072.fasta,0.0011595124392646196,0.0,0.3116309284510933,CM
,235560,Contig_59716.fasta,0.02086200287502463,8.484383167863616e-05,0.4688515421536238,CM
,235560,Contig_1066043.fasta,0.0033721704063465405,1.3147272847955378e-06,0.37674222147287967,CM
,235560,Contig_549707.fasta,0.0,0.0,0.0,CM
,235560,Contig_1062625.fasta,0.016699848382906918,5.636939962578678e-05,0.4630517952195117,CM
,235560,Contig_372137.fasta,0.007023334030474345,8.630238184695314e-06,0.4253762173357423,CM
,235560,Contig_426270.fasta,0.004912632939515399,3.869307378943407e-06,0.4081237148445849,CM
,235560,Contig_54300.fasta,0.01916848905205382,6.644889165866776e-05,0.46466121059515053,CM
,235560,Contig_53610.fasta,0.0011786425493043515,0.0,0.31403613360356813,CM
,235560,Contig_989205.fasta,0.015543778445501704,4.9499890967402614e-05,0.46122606118217496,CM
,235560,Contig_420760.fasta,0.01526142352005088,3.885058222264687e-05,0.453185316289895,CM
,235560,Contig_1062050.fasta,0.011998272205276274,2.4692234021248916e-05,0.44648267086766846,CM
,235560,Contig_427270.fasta,0.0034828720154733406,1.4989373141127558e-06,0.38463940737305097,CM
,235560,Contig_139063.fasta,0.0,0.0,0.0,CM
,235560,Contig_420725.fasta,0.0012868527410182207,0.0,0.32595878723045385,CM
,235560,Contig_545479.fasta,0.009035720424759655,1.2922412744408619e-05,0.433454227947491,CM
,235560,Contig_1062015.fasta,0.009547377825207695,1.911208074066763e-05,0.442681020879202,CM
,235560,Contig_202006.fasta,0.015410188681652953,4.444718096123796e-05,0.4585142960012901,CM
,235560,Contig_498324.fasta,0.006140013762206904,6.562804662156626e-06,0.41740752816174537,CM
,235560,Contig_201370.fasta,0.0,0.0,0.0,CM
,235560,Contig_551822.fasta,0.004812788044509411,3.949398224886684e-06,0.4063515753967143,CM
,235560,Contig_54001.fasta,0.004664499435855055,3.6445464171393625e-06,0.4083017792925973,CM
,235560,Contig_422752.fasta,0.010063322624001392,2.1030884597904354e-05,0.4418449849568617,CM
,235560,Contig_55044.fasta,0.011099426735975965,2.410640737689787e-05,0.4437305254332068,CM
,235560,Contig_548236.fasta,0.016652245900453246,5.557701371735913e-05,0.46145349020642656,CM
,235560,Contig_420309.fasta,0.005726257373397237,6.700285332039795e-06,0.41573863977726927,CM
,235560,Contig_542500.fasta,0.01837803159311249,6.0832582137456454e-05,0.46145349020642656,CM
,235560,Contig_137277.fasta,0.0035482544823185113,1.7782859706661555e-06,0.38228254825924557,CM
,235560,Contig_987817.fasta,0.020174004594540173,8.160376185179076e-05,0.4681479130258295,CM
,235560,Contig_24578923.fasta,0.023220499785027958,0.00010825438179149924,0.47287906929693435,CM
,235560,Contig_985367.fasta,0.004395224047518219,2.7088133099265305e-06,0.3965371517536581,CM
,235560,Contig_498823.fasta,0.011385828026512682,2.4919856408792566e-05,0.4469091108589461,CM
,235560,Contig_1063329.fasta,0.02123190637008484,8.386540042305723e-05,0.4674463926766399,CM
,235560,Contig_61925.fasta,0.005313982928400193,5.4446513161716925e-06,0.40564702129979757,CM
,235560,Contig_54079.fasta,0.02063175041703842,8.157205022210147e-05,0.4669798793106951,CM
,235560,Contig_554682.fasta,0.0012332702008748082,0.0,0.31841703917612557,CM
,235560,Contig_302566.fasta,0.018917822514344287,7.167681620097418e-05,0.4674463926766399,CM
,235560,Contig_310306.fasta,0.024555085598207543,0.00012126015335679451,0.4750394305272249,CM
,235560,Contig_543210.fasta,0.0011786425493043515,0.0,0.31403613360356813,CM
,235560,Contig_986701.fasta,0.0023970985334034194,5.059108373008479e-07,0.3575955973017322,CM
,235560,Contig_545700.fasta,0.015192363769681834,4.942923289488796e-05,0.4591892434438828,CM
,235560,Contig_420371.fasta,0.016581039749243933,5.11764725377886e-05,0.4603185824587472,CM
,235560,Contig_930538.fasta,0.02760051206819927,0.00015073088109404022,0.47624818225884635,CM
,235560,Contig_542578.fasta,0.003322636267490758,1.0763334328936802e-06,0.3738824123606205,CM
,235560,Contig_371823.fasta,0.011254522690194663,2.4016925145397788e-05,0.4460570439173656,CM
,235560,Contig_56.fasta,0.0,0.0,0.0,CM
,235560,Contig_500869.fasta,0.013240589957910559,3.0139072275443694e-05,0.4512187454863226,CM
,235560,Contig_549526.fasta,0.0012868527410182207,0.0,0.32595878723045385,CM
,235560,Contig_138472.fasta,0.024672162039950478,0.00012550841013439908,0.47528068976060595,CM
,235560,Contig_987069.fasta,0.011868731292231961,2.588213211986142e-05,0.44862304800509734,CM
,235560,Contig_988280.fasta,0.019621560575106143,7.955842166690953e-05,0.46908655545796146,CM
,235560,Contig_543585.fasta,0.0,0.0,0.0,CM
,235560,Contig_206976.fasta,0.024142576163620005,0.00011201850370150547,0.471925203297344,CM
,235560,Contig_3888.fasta,0.02521738690049363,0.0001287979408605094,0.4755221941761347,CM
,235560,Contig_1065538.fasta,0.0012489193764584218,0.0,0.31939511199270754,CM
,235560,Contig_62111.fasta,0.013002386305977873,3.211663441855746e-05,0.45143641010064306,CM
,235560,Contig_208748.fasta,0.018558261660312936,6.108969979680907e-05,0.46282278839695007,CM
,235560,Contig_501406.fasta,0.0120878538042608,2.6340497765282235e-05,0.4484080872729435,CM
,235560,Contig_306807.fasta,0.011018749062176534,2.3955694937497355e-05,0.4471226364733077,CM
,235560,Contig_57808.fasta,0.01918449505493116,7.511219686012166e-05,0.46791383906931655,CM
,235560,Contig_930639.fasta,0.01993134552351158,7.938987105277434e-05,0.46838222129060714,CM
,235560,Contig_422.fasta,0.0012954537855142487,0.0,0.3243770114865279,CM
,235560,Contig_545369.fasta,0.016783893415491802,5.7917850055806616e-05,0.46259400797757444,CM
,235560,Contig_502018.fasta,0.01641633604374152,5.107555246895055e-05,0.4594146677165602,CM
,235560,Contig_1066920.fasta,0.007297488723002672,1.0250545369668644e-05,0.4324527163302371,CM
,235560,Contig_988550.fasta,0.011512289293164505,2.3885621773010783e-05,0.4471226364733077,CM
,235560,Contig_498319.fasta,0.003513283450150191,2.2317955677714447e-06,0.38559030825654433,CM
,235560,Contig_1062135.fasta,0.018805640538669392,7.028544097094122e-05,0.4660496405072874,CM
,235560,Contig_139106.fasta,0.002498168021556419,7.088401235140783e-07,0.3661297645299817,CM
,235560,Contig_424026.fasta,0.0024921785821626556,6.231572641597859e-07,0.372394619235429,CM
,235560,Contig_985597.fasta,0.0035713657521213335,2.040116656820496e-06,0.38750628494353334,CM
,235560,Contig_369895.fasta,0.02062802693211634,8.531119698181993e-05,0.4674463926766399,CM
,235560,Contig_53489.fasta,0.0023537710108855713,8.739632845254993e-07,0.35800599775770203,CM
,235560,Contig_60880.fasta,0.023520111723193213,0.00011334715940085376,0.4735970031065957,CM
,235560,Contig_368093.fasta,0.016483323922796802,5.400801869433234e-05,0.4619090217860973,CM
,235560,Contig_499241.fasta,0.019818162263718072,7.290749605792688e-05,0.46489204080408997,CM
,235560,Contig_989061.fasta,0.007384529118375785,8.108105455774554e-06,0.4273185744925265,CM
,235560,Contig_55164.fasta,0.02343834052201938,0.00010626121103825807,0.47168733777148847,CM
,235560,Contig_24573733.fasta,0.011588415763584643,2.5588339117405394e-05,0.4462697559077888,CM
,235560,Contig_498628.fasta,0.008228321047697003,1.1363005610631406e-05,0.43365508718194307,CM
,235560,Contig_3643.fasta,0.0025585168630794554,7.835334046474394e-07,0.3746307758761541,CM
,235560,Contig_987659.fasta,0.0012954537855142487,0.0,0.3243770114865279,CM
,235560,Contig_53431.fasta,0.014947914698424427,4.594835574810798e-05,0.4573937820814434,CM
,235560,Contig_426051.fasta,0.024654925110873444,0.000115059048999321,0.4726402414841581,CM
,235560,Contig_500137.fasta,0.021374938409718228,8.263672495977475e-05,0.46767999906978164,CM
,235560,Contig_369743.fasta,0.024307715735109817,0.000123007702218879,0.4755221941761347,CM
,235560,Contig_502690.fasta,0.015418845466202327,4.586950220496751e-05,0.45986618090350523,CM
,235560,Contig_802918.fasta,0.012343459737789645,3.311796542728488e-05,0.45406486081447506,CM
,235560,Contig_544175.fasta,0.0012113152805381983,0.0,0.31541209239589924,CM
,235560,Contig_53359.fasta,0.003260174904554626,1.1698875468733942e-06,0.3722464909063775,CM
,235560,Contig_306575.fasta,0.002161133133372995,5.803301748009811e-07,0.3477620505903505,CM
,235560,Contig_542420.fasta,0.0,0.0,0.0,CM
,235560,Contig_368743.fasta,0.019422883178877956,7.171478456730381e-05,0.464200237171941,CM
,235560,Contig_499105.fasta,0.002382276438646442,5.549702480055966e-07,0.3571861366941348,CM
,235560,Contig_542465.fasta,0.002148363464005239,4.3181374207932836e-07,0.35049725772982515,CM
,235560,Contig_548646.fasta,0.016126127365298858,4.7716931036328445e-05,0.4582897542304766,CM
,235560,Contig_58939.fasta,0.010306912738527182,1.82380574133315e-05,0.4397686457418388,CM
,235560,Contig_621909.fasta,0.012184381948927214,3.0890728611550804e-05,0.4518723699365684,CM
,235560,Contig_53922.fasta,0.021611137886328294,9.599075946384683e-05,0.4700289694317595,CM
,235560,Contig_132024.fasta,0.02896004718295472,0.00016769959470216587,0.47868423434201185,CM
,235560,Contig_1063498.fasta,0.01802077266799156,6.31260648090989e-05,0.4619090217860973,CM
,235560,Contig_551384.fasta,0.020748669486433537,8.248321533548087e-05,0.46791383906931655,CM
,235560,Contig_132061.fasta,0.0057657407445187514,5.124077358126408e-06,0.4140830434241739,CM
,235560,Contig_543135.fasta,0.003472581480092141,1.5202764035509745e-06,0.3807272897227962,CM
,235560,Contig_1064559.fasta,0.011647691709711774,2.196109582686686e-05,0.4452082198566285,CM
,235560,Contig_368256.fasta,0.0218865803572063,9.65544480862896e-05,0.47073826868140495,CM
,235560,Contig_306060.fasta,0.022231902811260616,9.231035822948198e-05,0.46932180448276484,CM
,235560,Contig_58286.fasta,0.01786544179454529,6.460251090416751e-05,0.466746971640216,CM
,235560,Contig_57092.fasta,0.027426003599919563,0.0001501259968645705,0.47673340710067913,CM
,235560,Contig_420355.fasta,0.020079327281151603,7.876533614447033e-05,0.466746971640216,CM
,235560,Contig_420310.fasta,0.0061229259395873025,6.068111780016279e-06,0.42230490890732536,CM
,235560,Contig_139456.fasta,0.017372524186821198,5.754056051969594e-05,0.4616811436303074,CM
,235560,Contig_4502.fasta,0.01109637351076851,2.2370524315036233e-05,0.4469091108589461,CM
,235560,Contig_543519.fasta,0.0012113152805381983,0.0,0.31541209239589924,CM
,235560,Contig_544009.fasta,0.001310963501781411,0.0,0.32641356056457377,CM
,235560,Contig_3057.fasta,0.0012292832308315952,0.0,0.31830873406075955,CM
,235560,Contig_553809.fasta,0.002184201789649997,5.474366785830719e-07,0.34815017787895575,CM
,235560,Contig_132325.fasta,0.016637895663988517,5.421440735118283e-05,0.4623654536258069,CM
,235560,Contig_369951.fasta,0.019575546936463982,7.180918576526598e-05,0.4644306094980809,CM
,235560,Contig_61901.fasta,0.016545744799621634,4.850766469203918e-05,0.4578413298134213,CM
,235560,Contig_369157.fasta,0.015056018010425663,4.325493090012006e-05,0.4562787314181536,CM
,235560,Contig_61944.fasta,0.0025113086922023873,6.183071070463977e-07,0.3734348276690475,CM
,235560,Contig_53508.fasta,0.0012868527410182207,0.0,0.32595878723045385,CM
,235560,Contig_368951.fasta,0.009798365966823156,1.6115757935338556e-05,0.4389435638548935,CM
,235560,Contig_303193.fasta,0.015065316271228207,4.388730425433773e-05,0.457617446522559,CM
,235560,Contig_1062799.fasta,0.01794605253804957,6.124907684060119e-05,0.4637401774720679,CM
,235560,Contig_932596.fasta,0.01497530802494898,3.898763837027512e-05,0.45406486081447506,CM
,235560,Contig_133360.fasta,0.011040458037319359,2.1779117300634185e-05,0.44122002741095384,CM
,235560,Contig_371588.fasta,0.01857887010313816,6.513958178077868e-05,0.4632810287815015,CM
,235560,Contig_990113.fasta,0.018194554280306436,6.404971615969548e-05,0.4630517952195117,CM
,235560,Contig_371159.fasta,0.01478433488807905,3.744738710785575e-05,0.4534048828191052,CM
,235560,Contig_132515.fasta,0.021836624676708032,9.505460118993876e-05,0.47097517772452596,CM
,235560,Contig_708360.fasta,0.008180034435904473,1.1540303298317965e-05,0.4320534063428592,CM
,235560,Contig_794445.fasta,0.016723844306701992,5.1754976451158224e-05,0.4603185824587472,CM
,235560,Contig_310512.fasta,0.02566537349498048,0.00013041281971605583,0.47576394414775447,CM
,235560,Contig_200936.fasta,0.022231266754564535,9.996195633752804e-05,0.4714497119086313,CM
,235560,Contig_309369.fasta,0.02551712916187924,0.00013056606180370542,0.47576394414775447,CM
,235560,Contig_131663.fasta,0.016205368306109264,5.1822399790735496e-05,0.46009227047130435,CM
,235560,Contig_133515.fasta,0.019754950176964076,7.863684246528304e-05,0.46955728958285653,CM
,235560,Contig_57236.fasta,0.023263252166674218,0.00010338481949951104,0.47097517772452596,CM
,235560,Contig_368809.fasta,0.019560128528065174,7.267990654234111e-05,0.46535438992473055,CM
,235560,Contig_57273.fasta,0.006178733799023094,6.101570997228015e-06,0.42268639482323084,CM
,235560,Contig_53450.fasta,0.02092186976024656,8.624067180625273e-05,0.46861676421564,CM
,235560,Contig_369809.fasta,0.017479198918775453,6.103129921955223e-05,0.4630517952195117,CM
,235560,Contig_500212.fasta,0.0035512168147099894,2.4520379775439256e-06,0.38911753768758134,CM
,235560,Contig_985127.fasta,0.011902658821804447,2.561343896610517e-05,0.44776443930078136,CM
,235560,Contig_131527.fasta,0.008626781910986845,1.487196914354508e-05,0.4397686457418388,CM
,235560,Contig_205412.fasta,0.016545297299828576,4.9142895312574944e-05,0.45806543227539553,CM
,235560,Contig_58861.fasta,0.021820823758826307,8.85820458596912e-05,0.46861676421564,CM
,235560,Contig_57172.fasta,0.00792396169095381,1.110503923162144e-05,0.43066160981989554,CM
,235560,Contig_57931.fasta,0.010852362528955849,2.0369839973487952e-05,0.4441517219452459,CM
,235560,Contig_986539.fasta,0.026982927243213897,0.00014903041373984458,0.478439508250835,CM
,235560,Contig_53380.fasta,0.0012868527410182207,0.0,0.32595878723045385,CM
,235560,Contig_793579.fasta,0.012785596363773822,3.083101297004844e-05,0.4505670092145561,CM
,235560,Contig_53751.fasta,0.009038634587709914,1.6607204794350727e-05,0.43225296911715155,CM
,235560,Contig_56974.fasta,0.016861114159195764,5.421613056679093e-05,0.4616811436303074,CM
,235560,Contig_53714.fasta,0.021127527624989248,8.638531496775101e-05,0.46908655545796146,CM
,235560,Contig_498548.fasta,0.006731334304540375,5.925246542640213e-06,0.4111720905705769,CM
,235560,Contig_138961.fasta,0.025278726711251327,0.0001295408050289338,0.4743171201919073,CM
,235560,Contig_56931.fasta,0.012207122374220041,3.1177769087542475e-05,0.4520906657674556,CM
,235560,Contig_53490.fasta,0.01786833082313455,6.147003389818494e-05,0.46466121059515053,CM
,235560,Contig_1261469.fasta,0.01951467854102334,7.75191316096398e-05,0.4662818525852681,CM
,235560,Contig_134080.fasta,0.01873286766271443,6.457604319943954e-05,0.46351048941982814,CM
,235560,Contig_547636.fasta,0.0030970750181050543,1.2432009069130807e-06,0.3651298002881908,CM
,235560,Contig_555815.fasta,0.005562851645887347,6.1660276379512274e-06,0.41027079269558664,CM
,235560,Contig_367999.fasta,0.012360708056827856,2.7930474141083693e-05,0.4481933324418741,CM
,235560,Contig_542481.fasta,0.02199439336771921,9.062832384682254e-05,0.46791383906931655,CM
,235560,Contig_54239.fasta,0.0,0.0,0.0,CM
,235560,Contig_135080.fasta,0.016413425653551736,4.923856639393202e-05,0.4589640402837828,CM
,235560,Contig_543050.fasta,0.0023844261497899012,6.316994518130938e-07,0.35841734130165953,CM
,235560,Contig_371121.fasta,0.010741672565345929,2.1030930684066225e-05,0.44457371883070457,CM
,235560,Contig_421275.fasta,0.01634701153614978,5.287941791176221e-05,0.4603185824587472,CM
,235560,Contig_1064055.fasta,0.018965286290436482,7.26628758140426e-05,0.4674463926766399,CM
,235560,Contig_24574183.fasta,0.02318812088082075,0.00010944147594434986,0.4726402414841581,CM
,235560,Contig_1065010.fasta,0.020119537282624333,8.201412714782747e-05,0.46908655545796146,CM
,235560,Contig_542439.fasta,0.020747095490432903,8.633921053821474e-05,0.46791383906931655,CM
,235560,Contig_55615.fasta,0.0024740963348185998,5.92334876955736e-07,0.36541494655940376,CM
,235560,Contig_1062268.fasta,0.01754154379642375,6.119911446303612e-05,0.46351048941982814,CM
,235560,Contig_545832.fasta,0.010840940983090722,2.0141538938516992e-05,0.44478501812672677,CM
,235560,Contig_994284.fasta,0.01707187195757572,5.860913241234096e-05,0.4623654536258069,CM
,235560,Contig_61283.fasta,0.015611652736473264,4.4853087826770385e-05,0.45873905791109465,CM
,235560,Contig_137216.fasta,0.02169095728072949,9.113429161205832e-05,0.4688515421536238,CM
,235560,Contig_369929.fasta,0.021847734841827966,9.998564643963892e-05,0.47168733777148847,CM
,235560,Contig_424266.fasta,0.0,0.0,0.0,CM
,235560,Contig_422733.fasta,0.021602844673197397,9.613206565438436e-05,0.470501597857533,CM
,235560,Contig_993468.fasta,0.02416675824337273,0.00011603493148399269,0.4745576461149255,CM
,235560,Contig_2702.fasta,0.023424591361321256,0.00010655718327848399,0.4726402414841581,CM
,235560,Contig_550843.fasta,0.009732420364201142,1.69172464916972e-05,0.4418449849568617,CM
,235560,Contig_555666.fasta,0.0060090525144580595,5.392164877346955e-06,0.41815356485193617,CM
,235560,Contig_552333.fasta,0.0011048516344271495,0.0,0.30713084284169123,CM
,235560,Contig_59941.fasta,0.013290591732270252,3.2753974591443284e-05,0.4547267629439422,CM
,235560,Contig_543660.fasta,0.012964904711451465,3.4061932079376265e-05,0.4534048828191052,CM
,235560,Contig_302582.fasta,0.0,0.0,0.0,CM
,235560,Contig_985007.fasta,0.0070255997151080106,8.961233644501386e-06,0.42479694876923885,CM
,235560,Contig_137152.fasta,0.00937653545163317,1.5646423618148974e-05,0.43567396561388877,CM
,235560,Contig_551768.fasta,0.010514257152769888,2.013636918440566e-05,0.4441517219452459,CM
,235560,Contig_54324.fasta,0.017196869900072173,5.5287807672384507e-05,0.45986618090350523,CM
,235560,Contig_554908.fasta,0.02002972283316844,8.070987678930216e-05,0.4681479130258295,CM
,235560,Contig_988264.fasta,0.023066927578801667,0.00010193969899568317,0.4714497119086313,CM
,235560,Contig_57017.fasta,0.015095691564264258,4.369159268087573e-05,0.457617446522559,CM
,235560,Contig_930599.fasta,0.007518944229530031,1.0745705101233151e-05,0.43305306716271774,CM
,235560,Contig_368836.fasta,0.024373410760381662,0.0001181811973748904,0.473357449741342,CM
,235560,Contig_501295.fasta,0.02042022126793807,8.400116130754193e-05,0.46979301111377164,CM
,235560,Contig_549348.fasta,0.023168444149483228,0.0001047278288873267,0.4714497119086313,CM
,235560,Contig_3936.fasta,0.02566561841547919,0.00013057894419526511,0.47528068976060595,CM
,235560,Contig_53793.fasta,0.01699709685986311,5.575722817212758e-05,0.4609988562259276,CM
,235560,Contig_421232.fasta,0.0,0.0,0.0,CM
,235560,Contig_368389.fasta,0.02559488325421978,0.00012753892484229184,0.4745576461149255,CM
,235560,Contig_58788.fasta,0.004579785829626816,3.605224854419763e-06,0.39975552248553314,CM
,235560,Contig_991500.fasta,0.027876848980551188,0.00015529297354230086,0.4779508059952161,CM
,235560,Contig_555817.fasta,0.019324286974704286,7.480258689588876e-05,0.46558590952170803,CM
,235560,Contig_542483.fasta,0.008030082423338573,1.3545712542528492e-05,0.43265264823792565,CM
,235560,Contig_132900.fasta,0.012566502246837708,2.568339566264445e-05,0.4469091108589461,CM
,235560,Contig_543052.fasta,0.0012489193764584218,0.0,0.31939511199270754,CM
,235560,Contig_546119.fasta,0.008405396111047613,1.265111140125785e-05,0.4332535546938116,CM
,235560,Contig_6086.fasta,0.0073113859438809796,8.729222961281782e-06,0.42790474537660406,CM
,235560,Contig_369459.fasta,0.022002483961919075,9.9936301429655e-05,0.471925203297344,CM
,235560,Contig_1064787.fasta,0.0037514363097748684,1.8029327137672495e-06,0.3965371517536581,CM
,235560,Contig_993918.fasta,0.007043429300209798,9.143651764763686e-06,0.4273185744925265,CM
,235560,Contig_420935.fasta,0.008104322013742234,1.0632447705787478e-05,0.4320534063428592,CM
,235560,Contig_209716.fasta,0.014213388503857203,3.478673268315499e-05,0.4520906657674556,CM
,235560,Contig_549952.fasta,0.002374071061664323,6.113180874962387e-07,0.36371071828162965,CM
,235560,Contig_368269.fasta,0.0033252402430341246,1.4539106183599872e-06,0.37734987021719074,CM
,235560,Contig_58668.fasta,0.02211547334866906,9.743296572186188e-05,0.4714497119086313,CM
,235560,Contig_542949.fasta,0.016409301700422364,5.417162053653737e-05,0.45986618090350523,CM
,235560,Contig_425926.fasta,0.0,0.0,0.0,CM
,235560,Contig_439.fasta,0.012466264470523632,3.0986243578079443e-05,0.449484955878306,CM
,235560,Contig_428343.fasta,0.01835752063306095,6.243536103281636e-05,0.46282278839695007,CM
,235560,Contig_502497.fasta,0.006210557230831096,6.325648926009107e-06,0.4211645716195468,CM
,235560,Contig_793333.fasta,0.01311010102849773,3.378481424312377e-05,0.4520906657674556,CM
,235560,Contig_985040.fasta,0.021520654823304244,9.267980976355208e-05,0.4688515421536238,CM
,235560,Contig_544337.fasta,0.008196878980808033,1.2790559586244083e-05,0.43669047043333326,CM
,235560,Contig_302538.fasta,0.003594291741277719,1.607176096416629e-06,0.38798825793475666,CM
,235560,Contig_371387.fasta,0.005404207459159843,5.064694177499057e-06,0.4070585811825285,CM
,235560,Contig_985429.fasta,0.014822955602943671,4.5002104301426e-05,0.4573937820814434,CM
,235560,Contig_57780.fasta,0.015590667514158814,4.3934952175480995e-05,0.4596403134276194,CM
,235560,Contig_5210.fasta,0.0023770066690965122,7.804016677981894e-07,0.36034951025746365,CM
,235560,Contig_139344.fasta,0.006919266509181571,8.706092501898872e-06,0.42576327485834076,CM
,235560,Contig_303250.fasta,0.010447623000925431,2.2387443359225537e-05,0.44436262019878114,CM
,235560,Contig_547305.fasta,0.0009352824131915753,0.0,0.29217223794524916,CM
,235560,Contig_368294.fasta,0.017343547508535027,5.974113111385041e-05,0.4637401774720679,CM
,235560,Contig_542526.fasta,0.0037792758773273773,2.1683904427546214e-06,0.39503067882593207,CM
,235560,Contig_59201.fasta,0.0011511559489150926,0.0,0.3104935892961623,CM
,235560,Contig_132437.fasta,0.012013398066915832,2.7936755486585822e-05,0.4492691685735156,CM
,235560,Contig_135127.fasta,0.018061816156415618,6.237412650957572e-05,0.46489204080408997,CM
,235560,Contig_498840.fasta,0.017322121334325192,6.0950051340098227e-05,0.4632810287815015,CM
,235560,Contig_201012.fasta,0.006962506315644653,9.141913290259616e-06,0.4249898629149106,CM
,235560,Contig_502796.fasta,0.01323201466300658,3.7244512628260144e-05,0.4565013064090893,CM
,235560,Contig_371838.fasta,0.02329939224212355,0.00010567598295468429,0.4721633088489572,CM
,235560,Contig_369953.fasta,0.02295730544400656,0.00010650503492940332,0.471925203297344,CM
,235560,Contig_53998.fasta,0.0025640874087454594,5.637802090820945e-07,0.3725428655010482,CM
,235560,Contig_549268.fasta,0.0031578884837447385,1.1987855415976487e-06,0.3722464909063775,CM
,235560,Contig_627031.fasta,0.00959020540015908,1.9108529036440494e-05,0.44122002741095384,CM
,235560,Contig_60946.fasta,0.023273487164784598,0.00010469336164747558,0.47073826868140495,CM
,235560,Contig_368584.fasta,0.01597583182000125,5.0913694698431923e-05,0.46077187500671246,CM
,235560,Contig_499387.fasta,0.00343469760201803,1.816274227007776e-06,0.38369318496868926,CM
,235560,Contig_368916.fasta,0.022409856506450797,9.828291470657888e-05,0.4712123253467438,CM
,235560,Contig_131739.fasta,0.008462538860244895,1.1418824132447425e-05,0.43305306716271774,CM
,235560,Contig_368678.fasta,0.021355701136087965,9.16414231220966e-05,0.47168733777148847,CM
,235560,Contig_55737.fasta,0.002398181822427513,4.564458733635708e-07,0.35979533953811343,CM
,235560,Contig_57441.fasta,0.012475122509824826,2.9187381930199317e-05,0.44905358835826925,CM
,235560,Contig_139085.fasta,0.01995519958487929,7.731480642381355e-05,0.466746971640216,CM
,235560,Contig_5194.fasta,0.0010843999130081407,0.0,0.3037415378573947,CM
,235560,Contig_500498.fasta,0.009296261126004067,1.5874143221816613e-05,0.4368943408677092,CM
,235560,Contig_35.fasta,0.003681791221584229,1.6747151000985188e-06,0.38992819922443045,CM
,235560,Contig_1124667.fasta,0.02100258286277953,8.60872005366756e-05,0.46932180448276484,CM
,235560,Contig_800316.fasta,0.0009352824131915753,0.0,0.29217223794524916,CM
,235560,Contig_56028.fasta,0.020205761330178176,7.387328630271789e-05,0.4662818525852681,CM
,235560,Contig_551712.fasta,0.0020632506824052473,4.601066150398539e-07,0.34583432303718886,CM
,235560,Contig_502713.fasta,0.025768493137570295,0.0001261931153106376,0.47383679905753573,CM
,235560,Contig_59610.fasta,0.01397080621979707,3.4412747180117835e-05,0.4505670092145561,CM
,235560,Contig_302604.fasta,0.015718852365705048,4.974430441439718e-05,0.46054511719420915,CM
,235560,Contig_551757.fasta,0.00385740315924388,1.941835683209531e-06,0.39822454388878004,CM
,235560,Contig_932201.fasta,0.0045485714685307545,3.686943388271833e-06,0.39822454388878004,CM
,235560,Contig_133865.fasta,0.002395363414789552,6.248995824230879e-07,0.35910501847223064,CM
,235560,Contig_986463.fasta,0.017490120519945352,6.178764465945994e-05,0.4639700932764666,CM
,235560,Contig_545427.fasta,0.006806003886497081,9.630432772238608e-06,0.42383499915698963,CM
,235560,Contig_62172.fasta,0.013996476226713572,3.1867453260395395e-05,0.4520906657674556,CM
,235560,Contig_55436.fasta,0.0033394976751126935,1.3930517606186108e-06,0.3762877676472188,CM
,235560,Contig_548295.fasta,0.003619241060674145,1.5151258545605688e-06,0.38863275670209013,CM
,235560,Contig_550839.fasta,0.0,0.0,0.0,CM
,235560,Contig_370302.fasta,0.01739255135783238,5.406272126332099e-05,0.4603185824587472,CM
,235560,Contig_372074.fasta,0.023046070219826287,0.00010909761129510003,0.473357449741342,CM
,235560,Contig_553798.fasta,0.022378470698254438,9.989799640426243e-05,0.47168733777148847,CM
,235560,Contig_500799.fasta,0.007207329305690124,1.0213660010489404e-05,0.42790474537660406,CM
,235560,Contig_54243.fasta,0.02672569303163609,0.00014038781975500908,0.47600594005016944,CM
,235560,Contig_543869.fasta,0.0,0.0,0.0,CM
,235560,Contig_137718.fasta,0.02640540476751912,0.00013439512368940387,0.47479841610280726,CM
,235560,Contig_53716.fasta,0.010670326646935879,2.115893899134641e-05,0.44436262019878114,CM
,235560,Contig_369798.fasta,0.011837484312772937,2.3907019428858977e-05,0.44797878321619583,CM
,235560,Contig_985160.fasta,0.01390105673029841,3.573952423743181e-05,0.4527468205798902,CM
,235560,Contig_56618.fasta,0.016929059795243902,5.7268927227104424e-05,0.4632810287815015,CM
,235560,Contig_369421.fasta,0.0023307023546085687,8.969808672643631e-07,0.35924287068661537,CM
,235560,Contig_136070.fasta,0.018754153679876307,7.201630809114126e-05,0.4665142961807742,CM
,235560,Contig_547124.fasta,0.004798487242368911,4.095203200469099e-06,0.40512020698642126,CM
,235560,Contig_555395.fasta,0.0024921785821626556,6.231572641597859e-07,0.372394619235429,CM
,235560,Contig_2620.fasta,0.021980301922833328,9.315128750370983e-05,0.46908655545796146,CM
,235560,Contig_990679.fasta,0.003591313360314989,1.6331770266005366e-06,0.38228254825924557,CM
,235560,Contig_137371.fasta,0.01867464922797784,6.905115052790774e-05,0.46535438992473055,CM
,235560,Contig_200971.fasta,0.004401337099367771,3.0053516653613006e-06,0.3989035286183432,CM
,235560,Contig_55880.fasta,0.024657036617258696,0.00011937215964486183,0.47407683796283334,CM
,235560,Contig_53941.fasta,0.016620121152960805,5.662822957118342e-05,0.4616811436303074,CM
,235560,Contig_54457.fasta,0.004654463400076515,3.4044684097234846e-06,0.4070585811825285,CM
,235560,Contig_543587.fasta,0.0010843999130081407,0.0,0.3037415378573947,CM
,235560,Contig_132047.fasta,0.0012868527410182207,0.0,0.32595878723045385,CM
,235560,Contig_133002.fasta,0.02013735820198321,7.489353850222028e-05,0.46721301954000655,CM
,235560,Contig_368235.fasta,0.015514848935479747,4.708373808823238e-05,0.4585142960012901,CM
,235560,Contig_212696.fasta,0.016820509104659362,5.644590740492506e-05,0.4632810287815015,CM
,235560,Contig_428432.fasta,0.027774188463895812,0.00015839178485822178,0.4781950322629704,CM
,235560,Contig_545097.fasta,0.001130650793276083,0.0,0.3080407103813802,CM
,235560,Contig_550773.fasta,0.0047985340268199925,3.39925258217384e-06,0.4075904521509726,CM
,235560,Contig_134557.fasta,0.01883023776823828,6.605494449705622e-05,0.464200237171941,CM
,235560,Contig_370062.fasta,0.013087992670055174,3.0212299378265655e-05,0.4516542848159426,CM
,235560,Contig_420336.fasta,0.005598296739856583,5.412158054151e-06,0.40776805147652856,CM
,235560,Contig_60298.fasta,0.01837443692280419,7.01743943557676e-05,0.4637401774720679,CM
,235560,Contig_424515.fasta,0.0013326661428980362,0.0,0.3311492137787095,CM
,235560,Contig_498859.fasta,0.01088725794134517,2.4323999584533378e-05,0.44862304800509734,CM
,235560,Contig_987746.fasta,0.0045555011642044825,4.27489098456111e-06,0.3989035286183432,CM
,235560,Contig_553390.fasta,0.021083448945092915,8.403002979413364e-05,0.46791383906931655,CM
,235560,Contig_54838.fasta,0.024843230779736485,0.0001220281699573564,0.47479841610280726,CM
,235560,Contig_808772.fasta,0.026309237070283816,0.00013597726006595487,0.47479841610280726,CM
,235560,concatenated_maxbin2.1689.fasta,0.12114805158523188,0.026676825521899563,0.43709840174620884,CM
,235560,concatenated_maxbin2.0347.fasta,0.1570726331821949,0.05169706731435976,0.4964603067048452,CM
,235560,concatenated_maxbin2.0432.fasta,0.1552143419554128,0.04968737730738979,0.4917644131049044,CM
,235560,concatenated_maxbin2.0512.fasta,0.13792534716164084,0.03864665218260748,0.46054511719420915,CM
,235560,concatenated_maxbin2.0082.fasta,0.13546852911472126,0.03248815468088631,0.4551691041530317,CM
,235560,concatenated_metabat2.783.fasta,0.10033278341802294,0.0173995952714813,0.4081237148445849,CM
,235560,concatenated_bin.308.fasta,0.1451506154162199,0.037587788152843235,0.4712123253467438,CM
,235560,concatenated_maxbin2.0325.fasta,0.11479860961229828,0.022080483929122242,0.42518295235739806,CM
,235560,concatenated_metabat2.665.fasta,0.1451333164267516,0.0395203508943292,0.4714497119086313,CM
,235560,concatenated_maxbin2.0610.fasta,0.14121864456809127,0.04021055187813787,0.46838222129060714,CM
,235560,concatenated_maxbin2.0126.fasta,0.14776383752355615,0.04289056980774512,0.4781950322629704,CM
,235560,concatenated_maxbin2.0342.fasta,0.1210890772568459,0.02135932609846187,0.4312569945339323,CM
,235560,concatenated_bin.737.fasta,0.1501426023706513,0.04690191933842543,0.4869030583447623,CM
,235560,concatenated_bin.182.fasta,0.11206053502585892,0.021861348338739855,0.42135419997236967,CM
,235560,concatenated_maxbin2.0908.fasta,0.1541838108191359,0.056224173614653344,0.4954090408356978,CM
,235560,concatenated_maxbin2.1011.fasta,0.1496388380195333,0.04589486469978855,0.48040435222722433,CM
,235560,concatenated_metabat2.358.fasta,0.13026468260615343,0.03035467056735923,0.44797878321619583,CM
,235560,concatenated_maxbin2.0541.fasta,0.14687487504079313,0.04673862108637609,0.4781950322629704,CM
,235560,concatenated_bin.204.fasta,0.12343357157286332,0.026969838961917594,0.43669047043333326,CM
,235560,concatenated_metabat2.164.fasta,0.1299269960813389,0.030725917136225515,0.44584453460630447,CM
,235560,concatenated_maxbin2.0329.fasta,0.13237741192588895,0.03863193091004577,0.453185316289895,CM
,235560,concatenated_bin.240.fasta,0.1357927797773211,0.031857598556119804,0.45450591458894274,CM
,235560,concatenated_metabat2.793.fasta,0.1517389927783124,0.04654411400093211,0.4843828561794167,CM
,235560,concatenated_maxbin2.0177.fasta,0.13892657712843887,0.037443764642748435,0.4630517952195117,CM
,235560,concatenated_metabat2.147.fasta,0.14728614010310517,0.04297737750879643,0.4779508059952161,CM
,235560,concatenated_maxbin2.0272.fasta,0.1596729275325442,0.057939470953853885,0.5074987408560917,CM
