Method,Number of Swaps,Node,Eigenvector Centrality,Betweenness Centrality,Closeness Centrality,Methods
,235560,Contig_60400.fasta,0.021603044792930848,9.166284818158378e-05,0.4700289694317595,CM
,235560,Contig_303000.fasta,0.014004045773585862,3.571684301951896e-05,0.4547267629439422,CM
,235560,Contig_58480.fasta,0.003568390045328785,1.6129156336583459e-06,0.38670565212340213,CM
,235560,Contig_547953.fasta,0.01939543339308304,7.024695088666993e-05,0.464200237171941,CM
,235560,Contig_501261.fasta,0.013565978339758828,3.634612011338273e-05,0.45143641010064306,CM
,235560,Contig_59812.fasta,0.020536566368437405,8.303350604561892e-05,0.46932180448276484,CM
,235560,Contig_137842.fasta,0.026772582222185544,0.00014091031016706237,0.47600594005016944,CM
,235560,Contig_305555.fasta,0.019560220921106684,7.179942401254295e-05,0.46466121059515053,CM
,235560,Contig_1064437.fasta,0.019712915832719037,7.203779580255381e-05,0.46489204080408997,CM
,235560,Contig_302768.fasta,0.0047229750156340755,3.3151348783836203e-06,0.4059989926848733,CM
,235560,Contig_308773.fasta,0.010704339198521963,2.2380073997501417e-05,0.4449965183731018,CM
,235560,Contig_548846.fasta,0.0012589029589389043,0.0,0.3211488257167581,CM
,235560,Contig_367992.fasta,0.004369984157008484,3.3524972990005655e-06,0.3935356089733529,CM
,235560,Contig_2515.fasta,0.019789280182288867,7.327910231307075e-05,0.4662818525852681,CM
,235560,Contig_139114.fasta,0.02432023155296452,0.00011531598659252313,0.4724016547898198,CM
,235560,Contig_1118110.fasta,0.021069089591492743,8.62858610078366e-05,0.46791383906931655,CM
,235560,Contig_499911.fasta,0.023553347697549538,0.00011166369160822405,0.4726402414841581,CM
,235560,Contig_552124.fasta,0.0,0.0,0.0,CM
,235560,Contig_133566.fasta,0.01656717950259762,5.4692166983333916e-05,0.4630517952195117,CM
,235560,Contig_131655.fasta,0.004389994488907722,2.5980839364156026e-06,0.39238057783590485,CM
,235560,Contig_550217.fasta,0.007363833159016502,1.0205255989377777e-05,0.43466218213591873,CM
,235560,Contig_1065858.fasta,0.019288207996504148,7.112145989271385e-05,0.4639700932764666,CM
,235560,Contig_502682.fasta,0.004395108486430624,2.61848473214426e-06,0.3970418659900862,CM
,235560,Contig_59781.fasta,0.009375618811985516,1.6089993452862507e-05,0.43709840174620884,CM
,235560,Contig_544167.fasta,0.01974870530067123,7.138857884022762e-05,0.46489204080408997,CM
,235560,Contig_500923.fasta,0.004599528884209524,3.2850097950107704e-06,0.40181523320679824,CM
,235560,Contig_53423.fasta,0.007777607705992233,1.1213525289915194e-05,0.42615103740374916,CM
,235560,Contig_54970.fasta,0.009354897708272036,1.5410981458471992e-05,0.4385321828203529,CM
,235560,Contig_371293.fasta,0.025642881418348404,0.0001306544487200804,0.4755221941761347,CM
,235560,Contig_368039.fasta,0.011631940069837827,2.5969607216379793e-05,0.4452082198566285,CM
,235560,Contig_139681.fasta,0.007959907660463414,9.942301830605415e-06,0.4273185744925265,CM
,235560,Contig_139250.fasta,0.007101195451593194,1.0717400247023347e-05,0.4314558221017211,CM
,235560,Contig_55970.fasta,0.021100556708467055,8.527068422507366e-05,0.46908655545796146,CM
,235560,Contig_370642.fasta,0.006819013897358821,8.182943847365703e-06,0.4246042096817754,CM
,235560,Contig_424505.fasta,0.015383720394992917,4.8430473290597024e-05,0.4609988562259276,CM
,235560,Contig_1064106.fasta,0.007831314536386766,1.0123470663098483e-05,0.42634518366224744,CM
,235560,Contig_53687.fasta,0.002414464390862346,5.434584086480988e-07,0.36272390625528417,CM
,235560,Contig_988292.fasta,0.010833515712346767,1.9793422089511473e-05,0.4452082198566285,CM
,235560,Contig_2.fasta,0.004641958169088577,3.6369136944193027e-06,0.39992635817890304,CM
,235560,Contig_55746.fasta,0.0036557729788503877,1.7976354477169531e-06,0.38976579680909335,CM
,235560,Contig_370874.fasta,0.01643481045312634,5.379990462543053e-05,0.46122606118217496,CM
,235560,Contig_62202.fasta,0.020970768888171388,8.416619655086435e-05,0.46861676421564,CM
,235560,Contig_131826.fasta,0.019963846215196656,7.482576400297483e-05,0.4660496405072874,CM
,235560,Contig_60972.fasta,0.01892986293431255,7.483382631928137e-05,0.46838222129060714,CM
,235560,Contig_502426.fasta,0.010303526313636726,2.19249849060652e-05,0.4418449849568617,CM
,235560,Contig_302574.fasta,0.0096550536795055,1.8412367407395383e-05,0.44436262019878114,CM
,235560,Contig_369922.fasta,0.02768062621446973,0.00015205314086582785,0.4769763904885999,CM
,235560,Contig_56774.fasta,0.0025161726771478193,4.945864845492144e-07,0.36800144637775584,CM
,235560,Contig_53586.fasta,0.018714012488553415,6.682907931065684e-05,0.46466121059515053,CM
,235560,Contig_305448.fasta,0.01972877405215493,7.215985772047835e-05,0.4662818525852681,CM
,235560,Contig_423780.fasta,0.020956389969473545,8.832556440873295e-05,0.46979301111377164,CM
,235560,Contig_368225.fasta,0.021972645774061446,9.445671364892822e-05,0.47026516489378545,CM
,235560,Contig_498426.fasta,0.02427823795156366,0.00011787505571237706,0.473357449741342,CM
,235560,Contig_543905.fasta,0.006224086874635604,6.804063198110047e-06,0.42230490890732536,CM
,235560,Contig_799449.fasta,0.014641417947285252,3.761666450267946e-05,0.45494782602753187,CM
,235560,Contig_307703.fasta,0.021978599448503763,9.674804993662038e-05,0.4712123253467438,CM
,235560,Contig_135212.fasta,0.024581344989086682,0.00011980302758817017,0.47407683796283334,CM
,235560,Contig_542656.fasta,0.018256922454620718,7.024129707608444e-05,0.46581765960111154,CM
,235560,Contig_368570.fasta,0.007083354984461169,8.633602596970995e-06,0.42634518366224744,CM
,235560,Contig_58171.fasta,0.02019094773176045,8.040872434146027e-05,0.46767999906978164,CM
,235560,Contig_989217.fasta,0.02103905465630025,8.934176194521043e-05,0.46955728958285653,CM
,235560,Contig_24573992.fasta,0.001122427980089583,0.0,0.3080407103813802,CM
,235560,Contig_422441.fasta,0.0009264271572086197,0.0,0.29217223794524916,CM
,235560,Contig_58619.fasta,0.010223987827824474,2.1910060880524013e-05,0.4435202266059872,CM
,235560,Contig_55786.fasta,0.021984753569321336,9.489885802845308e-05,0.47097517772452596,CM
,235560,Contig_84.fasta,0.009653055307364196,1.7945161791804267e-05,0.44331012701972194,CM
,235560,Contig_302648.fasta,0.006059086535187452,6.932648500661965e-06,0.4215439991615464,CM
,235560,Contig_56021.fasta,0.004964050989032106,4.241236639728148e-06,0.4117147726082856,CM
,235560,Contig_500040.fasta,0.02408718152473824,0.00011323267012324553,0.4731181385938489,CM
,235560,Contig_1066208.fasta,0.016518882762796068,5.43401347522481e-05,0.4616811436303074,CM
,235560,Contig_56448.fasta,0.005786747609812619,5.465418583687167e-06,0.4144498131703424,CM
,235560,Contig_211575.fasta,0.0025228757083545655,6.965605722860891e-07,0.3716551541456049,CM
,235560,Contig_58270.fasta,0.02754444849222167,0.00014803589186799493,0.4769763904885999,CM
,235560,Contig_501846.fasta,0.023568634915193957,0.000109268387922108,0.47287906929693435,CM
,235560,Contig_542512.fasta,0.012073017831571095,2.7358172097872402e-05,0.4499171529512659,CM
,235560,Contig_134156.fasta,0.017606563140847315,6.052717504437552e-05,0.46282278839695007,CM
,235560,Contig_24575311.fasta,0.0050736837282697525,3.7146312816870283e-06,0.41153371949807965,CM
,235560,Contig_56365.fasta,0.02435921059117781,0.00011904143745908849,0.4743171201919073,CM
,235560,Contig_24577067.fasta,0.014997573948584317,4.531102492854166e-05,0.4571703361693371,CM
,235560,Contig_302549.fasta,0.020350349925183354,7.913304184306642e-05,0.46512310046651745,CM
,235560,Contig_61598.fasta,0.017306153590939906,5.865342964219058e-05,0.46282278839695007,CM
,235560,Contig_57982.fasta,0.019752612083502506,7.488312183233829e-05,0.4665142961807742,CM
,235560,Contig_367952.fasta,0.017643519567529537,5.9742444952916415e-05,0.4619090217860973,CM
,235560,Contig_548080.fasta,0.010994477883451991,2.2471334162478445e-05,0.44733636622305595,CM
,235560,Contig_55623.fasta,0.01778701400993469,6.231574939515154e-05,0.4644306094980809,CM
,235560,Contig_56982.fasta,0.024374604612850292,0.00011383858816450141,0.4726402414841581,CM
,235560,Contig_1066315.fasta,0.01076029267483515,2.2350357379421806e-05,0.4452082198566285,CM
,235560,Contig_369802.fasta,0.023334913036592814,0.00010980726648490436,0.4735970031065957,CM
,235560,Contig_132276.fasta,0.020244358426572486,7.669403057482489e-05,0.46721301954000655,CM
,235560,Contig_985545.fasta,0.020877089303613466,8.553270294320616e-05,0.46932180448276484,CM
,235560,Contig_56278.fasta,0.0,0.0,0.0,CM
,235560,Contig_61852.fasta,0.01992507803770787,7.472951621418863e-05,0.46581765960111154,CM
,235560,Contig_985500.fasta,0.018835868514510655,6.976892159318737e-05,0.4660496405072874,CM
,235560,Contig_499607.fasta,0.015043841542281864,4.79715902327289e-05,0.46054511719420915,CM
,235560,Contig_2240.fasta,0.021631460773566976,9.131378613988005e-05,0.46979301111377164,CM
,235560,Contig_370216.fasta,0.010625667566905327,2.2519338196251605e-05,0.44457371883070457,CM
,235560,Contig_309063.fasta,0.022985340281395115,0.000103981648591957,0.4712123253467438,CM
,235560,Contig_57285.fasta,0.011410033300442081,2.4014216241695436e-05,0.4462697559077888,CM
,235560,Contig_3691.fasta,0.00832042751042371,1.3156603240326981e-05,0.4348641627038258,CM
,235560,Contig_59029.fasta,0.02333117238318532,0.00010610017940249384,0.4712123253467438,CM
,235560,Contig_3240.fasta,0.013538090599821445,3.30964152705524e-05,0.45450591458894274,CM
,235560,Contig_56285.fasta,0.02184679548234071,8.60013161912552e-05,0.4674463926766399,CM
,235560,Contig_371253.fasta,0.02752789581577103,0.00014948702267072715,0.47673340710067913,CM
,235560,Contig_1263041.fasta,0.006958098454617365,8.503360059423515e-06,0.4202189843460409,CM
,235560,Contig_138129.fasta,0.021626803077269195,9.150955748718808e-05,0.46861676421564,CM
,235560,Contig_302755.fasta,0.010792205793636657,2.0268511761447292e-05,0.44584453460630447,CM
,235560,Contig_544576.fasta,0.01174977660562441,2.5723734810577644e-05,0.4497009505711836,CM
,235560,Contig_278.fasta,0.001122427980089583,0.0,0.3080407103813802,CM
,235560,Contig_131695.fasta,0.02181199359242764,9.26944899836276e-05,0.46791383906931655,CM
,235560,Contig_548245.fasta,0.002525282381055078,6.742012864558074e-07,0.37209848037321397,CM
,235560,Contig_1065632.fasta,0.005787788968660617,4.9429827200107725e-06,0.41225888904785596,CM
,235560,Contig_55072.fasta,0.020941292845613694,8.778748923415756e-05,0.46932180448276484,CM
,235560,Contig_204149.fasta,0.009517168675803789,1.6617189636014845e-05,0.44080437029610603,CM
,235560,Contig_369610.fasta,0.004866169540423061,3.887163039685379e-06,0.40776805147652856,CM
,235560,Contig_498487.fasta,0.015394296030922084,4.505741634136424e-05,0.4571703361693371,CM
,235560,Contig_201047.fasta,0.008305180450361558,1.2847430696503753e-05,0.4362832998315306,CM
,235560,Contig_136690.fasta,0.011882626499137922,2.632494059826531e-05,0.44905358835826925,CM
,235560,Contig_550313.fasta,0.019718597643786563,7.400937188384714e-05,0.46558590952170803,CM
,235560,Contig_60291.fasta,0.010095874140844454,1.9483100186571e-05,0.4379165550484947,CM
,235560,Contig_370828.fasta,0.01759274310118961,5.5824094169567116e-05,0.4603185824587472,CM
,235560,Contig_139853.fasta,0.002645819561739125,8.688001635438973e-07,0.3752316271606388,CM
,235560,Contig_57005.fasta,0.004881367365651349,3.2939958146607005e-06,0.4075904521509726,CM
,235560,Contig_1062860.fasta,0.006321272861599744,7.104999032138797e-06,0.4113528255554431,CM
,235560,Contig_543959.fasta,0.0,0.0,0.0,CM
,235560,Contig_53626.fasta,0.017522490116659652,5.9248380097885654e-05,0.46282278839695007,CM
,235560,Contig_54373.fasta,0.02205839035216775,9.621607775071316e-05,0.470501597857533,CM
,235560,Contig_549101.fasta,0.0,0.0,0.0,CM
,235560,Contig_371402.fasta,0.023433022541502157,0.00010663280723534868,0.4714497119086313,CM
,235560,Contig_421838.fasta,0.0036902279563909273,1.8677411039801506e-06,0.39172359905342535,CM
,235560,Contig_1128005.fasta,0.0,0.0,0.0,CM
,235560,Contig_368554.fasta,0.0201103053435236,7.898273238903029e-05,0.46767999906978164,CM
,235560,Contig_58584.fasta,0.01839509192029538,6.512735672570245e-05,0.464200237171941,CM
,235560,Contig_368185.fasta,0.015872585711147486,5.0593680924183136e-05,0.4565013064090893,CM
,235560,Contig_707918.fasta,0.015813601137067278,4.810998589586731e-05,0.4582897542304766,CM
,235560,Contig_992623.fasta,0.020695609014104978,8.179981235834457e-05,0.46721301954000655,CM
,235560,Contig_1062938.fasta,0.01586373532109525,4.7990053015323705e-05,0.4571703361693371,CM
,235560,Contig_133910.fasta,0.0069834848273527235,8.183135154411632e-06,0.42287739635726757,CM
,235560,Contig_136735.fasta,0.017045531112629044,5.454518318198345e-05,0.4596403134276194,CM
,235560,Contig_133582.fasta,0.028691811650329302,0.00016255335272779778,0.4779508059952161,CM
,235560,Contig_303771.fasta,0.02519937572273182,0.00012457207158849865,0.47383679905753573,CM
,235560,Contig_542493.fasta,0.01740106510038139,5.593037466135721e-05,0.46054511719420915,CM
,235560,Contig_370277.fasta,0.019964282818721528,7.204643069056444e-05,0.46581765960111154,CM
,235560,Contig_422210.fasta,0.017548066697567578,5.986403279675367e-05,0.4623654536258069,CM
,235560,Contig_53810.fasta,0.012867481851412671,3.09256803424576e-05,0.45035018197239324,CM
,235560,Contig_54994.fasta,0.028678191329209776,0.00016331526667265854,0.478439508250835,CM
,235560,Contig_54506.fasta,0.017763918573915113,6.180120775699048e-05,0.4644306094980809,CM
,235560,Contig_24570062.fasta,0.0030006736603630656,1.5121810842957728e-06,0.36456084072404876,CM
,235560,Contig_502567.fasta,0.019476769188868377,7.525522415035088e-05,0.4662818525852681,CM
,235560,Contig_985561.fasta,0.017467231783045038,5.906481027938764e-05,0.46351048941982814,CM
,235560,Contig_54969.fasta,0.0009264271572086197,0.0,0.29217223794524916,CM
,235560,Contig_135393.fasta,0.02649994043351766,0.00013542119862309471,0.47479841610280726,CM
,235560,Contig_132217.fasta,0.016328412278866493,5.124963178864643e-05,0.4589640402837828,CM
,235560,Contig_61833.fasta,0.02101082083994073,8.853934360530949e-05,0.46932180448276484,CM
,235560,Contig_499666.fasta,0.0,0.0,0.0,CM
,235560,Contig_62792.fasta,0.009892324238771037,1.80214294994492e-05,0.4439410237849303,CM
,235560,Contig_1065841.fasta,0.027560827133797254,0.00014805534660359952,0.47624818225884635,CM
,235560,Contig_134869.fasta,0.0085418686139218,1.2527608386615807e-05,0.43567396561388877,CM
,235560,Contig_555468.fasta,0.008500421708562897,1.2138565907853886e-05,0.43265264823792565,CM
,235560,Contig_367976.fasta,0.0,0.0,0.0,CM
,235560,Contig_55642.fasta,0.003337222156906254,1.4305425343920198e-06,0.38134787210213245,CM
,235560,Contig_58349.fasta,0.010368409448468395,1.8047262216391716e-05,0.44080437029610603,CM
,235560,Contig_136319.fasta,0.01773456737746069,6.189758988360403e-05,0.4644306094980809,CM
,235560,Contig_131609.fasta,0.020330159189452468,8.124087454145469e-05,0.46932180448276484,CM
,235560,Contig_420267.fasta,0.02018985779734964,8.581092640785338e-05,0.4700289694317595,CM
,235560,Contig_368748.fasta,0.02117845719925764,9.196690416306786e-05,0.47073826868140495,CM
,235560,Contig_1065496.fasta,0.024567575855180424,0.00011805677084672552,0.47407683796283334,CM
,235560,Contig_2120.fasta,0.008550821764245556,1.3810740198621909e-05,0.441428150065393,CM
,235560,Contig_368399.fasta,0.016468600046218147,5.437822996011332e-05,0.4621371250067324,CM
,235560,Contig_367933.fasta,0.00729176141476133,9.063270871472951e-06,0.42135419997236967,CM
,235560,Contig_24566365.fasta,0.0012986080921830287,0.0,0.32641356056457377,CM
,235560,Contig_985209.fasta,0.011628908233852741,2.4811019674625116e-05,0.44331012701972194,CM
,235560,Contig_371176.fasta,0.02316734530619226,0.00010620380074067865,0.471925203297344,CM
,235560,Contig_138521.fasta,0.0037685253411247253,1.7520487131871948e-06,0.3925451670044602,CM
,235560,Contig_54607.fasta,0.02478849613708668,0.00012137882956644129,0.47407683796283334,CM
,235560,Contig_1063557.fasta,0.01138685004836228,2.6683753999593818e-05,0.44862304800509734,CM
,235560,Contig_137319.fasta,0.017590403692098404,5.733935555961514e-05,0.4623654536258069,CM
,235560,Contig_53407.fasta,0.00910928830696083,1.451257477703096e-05,0.433454227947491,CM
,235560,Contig_1062202.fasta,0.01703070529089268,5.814422296243619e-05,0.4609988562259276,CM
,235560,Contig_422644.fasta,0.022054501205695073,9.549128338589294e-05,0.4700289694317595,CM
,235560,Contig_991144.fasta,0.0255829722497413,0.00012849432957874176,0.4750394305272249,CM
,235560,Contig_500942.fasta,0.017251291992663488,5.63224666561717e-05,0.46009227047130435,CM
,235560,Contig_553943.fasta,0.0073719476483728175,9.991406110078439e-06,0.43265264823792565,CM
,235560,Contig_137361.fasta,0.023475369949035187,0.00011135179297820254,0.4731181385938489,CM
,235560,Contig_551233.fasta,0.0011982165042336882,0.0,0.3153058214752807,CM
,235560,Contig_54682.fasta,0.0,0.0,0.0,CM
,235560,Contig_53743.fasta,0.013240542520014503,3.258905078328782e-05,0.4558342319233478,CM
,235560,Contig_138130.fasta,0.008074629055972364,1.1437008901130063e-05,0.4292787514397399,CM
,235560,Contig_59389.fasta,0.003362619630696682,1.4756462579329141e-06,0.3790310563542459,CM
,235560,Contig_1194793.fasta,0.015225445555893863,4.396497609531966e-05,0.457617446522559,CM
,235560,Contig_62383.fasta,0.02692573370810277,0.00014670948372771304,0.4774631010911394,CM
,235560,Contig_58030.fasta,0.017780941844493085,6.408242310080947e-05,0.46512310046651745,CM
,235560,Contig_930757.fasta,0.011480534722266303,2.4259318093417928e-05,0.44669578908765306,CM
,235560,Contig_368431.fasta,0.025162025649094994,0.00012197219314071724,0.4735970031065957,CM
,235560,Contig_990245.fasta,0.02666742733545695,0.0001422174057244096,0.4769763904885999,CM
,235560,Contig_985135.fasta,0.017178316435050352,5.5812274580885535e-05,0.45986618090350523,CM
,235560,Contig_368201.fasta,0.0009264271572086197,0.0,0.29217223794524916,CM
,235560,Contig_136281.fasta,0.02261595024620204,0.00010074881460725117,0.4726402414841581,CM
,235560,Contig_547390.fasta,0.017757347700493673,5.995889091599919e-05,0.4623654536258069,CM
,235560,Contig_369244.fasta,0.01255630006756457,2.8590388661707855e-05,0.4492691685735156,CM
,235560,Contig_4654.fasta,0.019852450541562167,7.728418456224518e-05,0.4669798793106951,CM
,235560,Contig_57750.fasta,0.009939247754765505,1.7106431228549944e-05,0.44436262019878114,CM
,235560,Contig_370786.fasta,0.0037324979290371783,2.081368465122454e-06,0.3946974602018697,CM
,235560,Contig_552788.fasta,0.003314648368103211,1.7844105700303566e-06,0.3782650275418889,CM
,235560,Contig_372448.fasta,0.023447139492161293,0.0001086104810142068,0.4724016547898198,CM
,235560,Contig_499703.fasta,0.009620083861614878,1.7322447146492794e-05,0.4439410237849303,CM
,235560,Contig_62226.fasta,0.025472726328215612,0.00013072531466481283,0.47528068976060595,CM
,235560,Contig_368906.fasta,0.009222793042744764,1.762413996850219e-05,0.44080437029610603,CM
,235560,Contig_543263.fasta,0.021025398220467395,9.05392822568331e-05,0.47026516489378545,CM
,235560,Contig_551403.fasta,0.0,0.0,0.0,CM
,235560,Contig_423759.fasta,0.0023470758138699212,5.989733814332551e-07,0.35786909297844477,CM
,235560,Contig_310330.fasta,0.019707147439227662,7.668758923144052e-05,0.4662818525852681,CM
,235560,Contig_61150.fasta,0.02226056262482903,9.756576591998604e-05,0.4712123253467438,CM
,235560,Contig_500731.fasta,0.022338663229026997,9.651273519812367e-05,0.4712123253467438,CM
,235560,Contig_710339.fasta,0.024639289751726343,0.00011551551326626777,0.473357449741342,CM
,235560,Contig_137986.fasta,0.003480856886155736,1.4859149405347866e-06,0.38181463816345695,CM
,235560,Contig_56080.fasta,0.018652541992754585,6.69342868092401e-05,0.4639700932764666,CM
,235560,Contig_549184.fasta,0.017178254134035453,5.69288582462292e-05,0.46077187500671246,CM
,235560,Contig_54762.fasta,0.0022097887339657596,4.378766796373038e-07,0.34931977534103514,CM
,235560,Contig_25.fasta,0.019703888848342028,7.249617337509797e-05,0.46466121059515053,CM
,235560,Contig_1197505.fasta,0.01377095662893664,3.777186157715053e-05,0.45406486081447506,CM
,235560,Contig_57080.fasta,0.00934190122838346,1.6452699619644232e-05,0.4399754010994984,CM
,235560,Contig_370487.fasta,0.0169660933105888,5.622367658953266e-05,0.45986618090350523,CM
,235560,Contig_24576382.fasta,0.02514753434210311,0.00012582148550182594,0.47479841610280726,CM
,235560,Contig_1067254.fasta,0.002616065017075467,7.558063721788553e-07,0.3709186199518958,CM
,235560,Contig_131537.fasta,0.013111751888704804,3.2080156442761e-05,0.45143641010064306,CM
,235560,Contig_370248.fasta,0.015174279724505123,4.534262352964495e-05,0.45806543227539553,CM
,235560,Contig_555756.fasta,0.02117089566831453,8.439503633503179e-05,0.46861676421564,CM
,235560,Contig_928928.fasta,0.022050724429668968,9.704285782587565e-05,0.470501597857533,CM
,235560,Contig_307640.fasta,0.022411812316247445,0.0001025238763861173,0.471925203297344,CM
,235560,Contig_554387.fasta,0.0013449968648854903,0.0,0.3311492137787095,CM
,235560,Contig_621002.fasta,0.012912961636945079,3.0113145591161486e-05,0.4518723699365684,CM
,235560,Contig_1271583.fasta,0.02330077200671429,0.00010783892912756793,0.47287906929693435,CM
,235560,Contig_54680.fasta,0.015231641279560027,4.243342438674221e-05,0.457617446522559,CM
,235560,Contig_53390.fasta,0.023116685658779643,0.00010330130367294094,0.47168733777148847,CM
,235560,Contig_56162.fasta,0.021061388100563856,9.031769486585509e-05,0.47026516489378545,CM
,235560,Contig_2576.fasta,0.006393949976453993,7.244433461516326e-06,0.4177802134547469,CM
,235560,Contig_795410.fasta,0.013891228653102796,3.6914032230133e-05,0.45406486081447506,CM
,235560,Contig_552102.fasta,0.0023252420015767135,5.265839318635926e-07,0.3582801217988641,CM
,235560,Contig_542414.fasta,0.0067788252918733775,8.22696831557276e-06,0.4224955657510759,CM
,235560,Contig_58376.fasta,0.016363868521464698,4.809299077372728e-05,0.4591892434438828,CM
,235560,Contig_1062568.fasta,0.01989195659510979,7.546738377916551e-05,0.466746971640216,CM
,235560,Contig_991597.fasta,0.008527312112387914,1.2897213842564504e-05,0.4340573646283085,CM
,235560,Contig_542451.fasta,0.01760268594981825,6.044661949838977e-05,0.4632810287815015,CM
,235560,Contig_369777.fasta,0.002461072858850879,5.914533773862802e-07,0.36286455143025714,CM
,235560,Contig_543886.fasta,0.021930588000655542,9.327215396832723e-05,0.4700289694317595,CM
,235560,Contig_371149.fasta,0.024310803895280397,0.00011616880773323046,0.4735970031065957,CM
,235560,Contig_987903.fasta,0.021426662840053807,8.625530854290137e-05,0.4665142961807742,CM
,235560,Contig_135856.fasta,0.015675013198283422,4.794115981137e-05,0.4589640402837828,CM
,235560,Contig_985989.fasta,0.024304868606306984,0.00011989131064660255,0.47479841610280726,CM
,235560,Contig_1993.fasta,0.004881496682450625,3.6074582662279435e-06,0.40776805147652856,CM
,235560,Contig_1061935.fasta,0.008651322843578682,1.2301971027961243e-05,0.4348641627038258,CM
,235560,Contig_24577161.fasta,0.026947519902581818,0.00013867478868299064,0.47600594005016944,CM
,235560,Contig_308454.fasta,0.02499317895606242,0.00012378204356924212,0.4735970031065957,CM
,235560,Contig_1066423.fasta,0.021718141656656288,8.833996325892618e-05,0.4681479130258295,CM
,235560,Contig_498288.fasta,0.019830338095887644,7.717249474276638e-05,0.46558590952170803,CM
,235560,Contig_544629.fasta,0.002457119463172593,6.515944661163818e-07,0.3648450986895256,CM
,235560,Contig_131958.fasta,0.0,0.0,0.0,CM
,235560,Contig_60849.fasta,0.025548663621591153,0.0001310366536403069,0.4750394305272249,CM
,235560,Contig_57263.fasta,0.016482362302975815,5.533861157144853e-05,0.4630517952195117,CM
,235560,Contig_54725.fasta,0.021756846908885605,9.061970800782574e-05,0.46955728958285653,CM
,235560,Contig_62.fasta,0.001122427980089583,0.0,0.3080407103813802,CM
,235560,Contig_27.fasta,0.008741229702891502,1.3218465025750708e-05,0.43914954394116995,CM
,235560,Contig_57082.fasta,0.014902532374161436,3.9374314392357755e-05,0.45362466220971065,CM
,235560,Contig_499069.fasta,0.01759803996831091,6.141990540146886e-05,0.4639700932764666,CM
,235560,Contig_24566202.fasta,0.010479165949502458,1.9732415705053463e-05,0.44038949559465085,CM
,235560,Contig_58991.fasta,0.014379075388780013,3.837590422983185e-05,0.4562787314181536,CM
,235560,Contig_55008.fasta,0.01867038529057273,6.88780131988049e-05,0.46558590952170803,CM
,235560,Contig_420468.fasta,0.020104336156697555,7.961170380487624e-05,0.46838222129060714,CM
,235560,Contig_550444.fasta,0.024405369740508588,0.00011785941596710634,0.47407683796283334,CM
,235560,Contig_554267.fasta,0.01990217043285456,7.782940947069181e-05,0.46767999906978164,CM
,235560,Contig_498701.fasta,0.01027412703335403,2.0171856929563527e-05,0.44247171543197783,CM
,235560,Contig_985894.fasta,0.015020948369753406,4.447832886097065e-05,0.45694710846612946,CM
,235560,Contig_54008.fasta,0.020397520540819176,8.374416093837872e-05,0.4674463926766399,CM
,235560,Contig_544318.fasta,0.0012244596842014427,0.0,0.31841703917612557,CM
,235560,Contig_705467.fasta,0.0,0.0,0.0,CM
,235560,Contig_54461.fasta,0.013786047350522352,3.446034654058427e-05,0.45252789078270456,CM
,235560,Contig_370355.fasta,0.020782940877618554,8.486242618873604e-05,0.46838222129060714,CM
,235560,Contig_993069.fasta,0.022883275561997197,9.813874506030432e-05,0.47026516489378545,CM
,235560,Contig_994211.fasta,0.029913864661830235,0.00017729405493401514,0.4794199170792178,CM
,235560,Contig_60682.fasta,0.010778610319618364,2.2761946987378902e-05,0.44648267086766846,CM
,235560,Contig_131793.fasta,0.012651038938158414,2.9700234829288556e-05,0.4523091726141291,CM
,235560,Contig_136283.fasta,0.02353491714712893,0.00010610967696708923,0.4721633088489572,CM
,235560,Contig_1062059.fasta,0.01860908841623471,7.060839066616788e-05,0.4662818525852681,CM
,235560,Contig_499445.fasta,0.006012445497960572,5.6478291162914985e-06,0.4190898692962978,CM
,235560,Contig_1062488.fasta,0.015169370455950532,4.632139544812368e-05,0.4594146677165602,CM
,235560,Contig_307035.fasta,0.01639163641382155,5.234098618783857e-05,0.46077187500671246,CM
,235560,Contig_137283.fasta,0.0025696762443730052,7.718233360195261e-07,0.3716551541456049,CM
,235560,Contig_137617.fasta,0.024372862761769604,0.00012312830766988498,0.4755221941761347,CM
,235560,Contig_794674.fasta,0.0,0.0,0.0,CM
,235560,Contig_135234.fasta,0.02073251559013126,8.080861961748392e-05,0.4665142961807742,CM
,235560,Contig_369513.fasta,0.005554761495167014,4.730066159777187e-06,0.4140830434241739,CM
,235560,Contig_498784.fasta,0.015569598373244021,4.4330682121631386e-05,0.4558342319233478,CM
,235560,Contig_542670.fasta,0.0012986080921830287,0.0,0.32641356056457377,CM
,235560,Contig_62635.fasta,0.023169244343323406,0.00010671843685612434,0.47168733777148847,CM
,235560,Contig_136944.fasta,0.014777549464584188,4.091212657506193e-05,0.4542852806498219,CM
,235560,Contig_501322.fasta,0.0011759896513247137,0.0,0.3116309284510933,CM
,235560,Contig_55419.fasta,0.01865780186754843,6.742608708594401e-05,0.46512310046651745,CM
,235560,Contig_55334.fasta,0.01603954323322683,4.882164305203877e-05,0.4594146677165602,CM
,235560,Contig_139851.fasta,0.023161597252648443,0.0001034666729725041,0.4714497119086313,CM
,235560,Contig_5146.fasta,0.0065018619683240506,5.3731651174752355e-06,0.4131689528205886,CM
,235560,Contig_139057.fasta,0.025482680016765263,0.00012643015059564375,0.47479841610280726,CM
,235560,Contig_133009.fasta,0.0012068653132505805,0.0,0.31541209239589924,CM
,235560,Contig_371892.fasta,0.010479487511495496,1.999832485839289e-05,0.4422626078159892,CM
,235560,Contig_53661.fasta,0.01432098253669021,4.066447667868596e-05,0.45605637336190696,CM
,235560,Contig_135135.fasta,0.0024976334811842803,6.589609114727332e-07,0.36584350200884797,CM
,235560,Contig_707468.fasta,0.002309413765377108,4.38135509498945e-07,0.3543459591588918,CM
,235560,Contig_623155.fasta,0.02193588187041578,9.405775168140486e-05,0.46932180448276484,CM
,235560,Contig_426668.fasta,0.01874790536115963,7.005624573039708e-05,0.4662818525852681,CM
,235560,Contig_987025.fasta,0.012121213612673678,3.105183159496266e-05,0.45406486081447506,CM
,235560,Contig_499011.fasta,0.016559519230482808,5.2125006876537256e-05,0.46009227047130435,CM
,235560,Contig_501860.fasta,0.01723714938850009,5.653154895148511e-05,0.4609988562259276,CM
,235560,Contig_993478.fasta,0.024060490977239786,0.00011337281358324922,0.471925203297344,CM
,235560,Contig_57792.fasta,0.021388156192286453,9.290588687650964e-05,0.47097517772452596,CM
,235560,Contig_55876.fasta,0.01382056105583703,3.396226488025684e-05,0.4516542848159426,CM
,235560,Contig_420410.fasta,0.0023122342343908017,4.4516930899498487e-07,0.3547489303027419,CM
,235560,Contig_548202.fasta,0.009635502562326684,1.536531872762154e-05,0.44038949559465085,CM
,235560,Contig_54035.fasta,0.015307592593644526,4.4562235045463966e-05,0.4567240986523344,CM
,235560,Contig_56306.fasta,0.007319376668380445,9.750533210049203e-06,0.42829642020074743,CM
,235560,Contig_138787.fasta,0.024489984494129376,0.00011417549987083455,0.471925203297344,CM
,235560,Contig_367974.fasta,0.0044930078186955595,2.704223833750011e-06,0.39586619210602075,CM
,235560,Contig_370972.fasta,0.011496783922535343,2.4866612345778347e-05,0.4469091108589461,CM
,235560,Contig_550249.fasta,0.025798879569477205,0.0001284474959047071,0.47479841610280726,CM
,235560,Contig_2122.fasta,0.004721559646598918,3.881260636899991e-06,0.40320020600544293,CM
,235560,Contig_1211.fasta,0.010659056445777445,2.0238796741575434e-05,0.44331012701972194,CM
,235560,Contig_990613.fasta,0.016647842430189456,5.367612919817931e-05,0.46259400797757444,CM
,235560,Contig_59466.fasta,0.02404724017462264,0.00011142602308760908,0.471925203297344,CM
,235560,Contig_53438.fasta,0.022347174083278944,9.873803049114916e-05,0.470501597857533,CM
,235560,Contig_61874.fasta,0.019765111289885454,7.051458258152388e-05,0.4644306094980809,CM
,235560,Contig_24570409.fasta,0.0149292341865578,4.629781673481669e-05,0.45873905791109465,CM
,235560,Contig_134391.fasta,0.02093616647049286,8.397780974721726e-05,0.4681479130258295,CM
,235560,Contig_368022.fasta,0.01260704236534263,2.86206483781419e-05,0.449484955878306,CM
,235560,Contig_550148.fasta,0.008971975526466048,1.4909552908836914e-05,0.4312569945339323,CM
,235560,Contig_498565.fasta,0.006126740542328239,6.271794730399807e-06,0.4215439991615464,CM
,235560,Contig_132580.fasta,0.007071136684378957,7.912687993132682e-06,0.4236431317965745,CM
,235560,Contig_987514.fasta,0.012732496801991521,2.881891369797472e-05,0.44862304800509734,CM
,235560,Contig_132151.fasta,0.005726196275715152,5.0710653440432665e-06,0.4108110966368012,CM
,235560,Contig_544515.fasta,0.0,0.0,0.0,CM
,235560,Contig_988369.fasta,0.014862208702050067,3.885721618615739e-05,0.4551691041530317,CM
,235560,Contig_993621.fasta,0.020650805672142017,8.197873021422751e-05,0.4674463926766399,CM
,235560,Contig_139909.fasta,0.013229303181239297,3.584640967322395e-05,0.45539059763437134,CM
,235560,Contig_134896.fasta,0.022133916040318922,9.514837117256438e-05,0.47097517772452596,CM
,235560,Contig_1065651.fasta,0.02224828305795515,9.692156044421273e-05,0.470501597857533,CM
,235560,Contig_55852.fasta,0.020970567084048847,8.315503665550246e-05,0.4688515421536238,CM
,235560,Contig_370760.fasta,0.015523144524706607,4.407001771456352e-05,0.4551691041530317,CM
,235560,Contig_704052.fasta,0.012151265608234312,2.7618645701571285e-05,0.4497009505711836,CM
,235560,Contig_1062304.fasta,0.005990128086414937,5.781237407248351e-06,0.42003037618430566,CM
,235560,Contig_368958.fasta,0.01267642021615507,2.9846852066661783e-05,0.44797878321619583,CM
,235560,Contig_1065614.fasta,0.02029835383473378,8.300324077272467e-05,0.46908655545796146,CM
,235560,Contig_58988.fasta,0.017711309886869437,6.522426486892498e-05,0.4662818525852681,CM
,235560,Contig_53501.fasta,0.010533099500170265,2.23857847501576e-05,0.4462697559077888,CM
,235560,Contig_53993.fasta,0.007492772245082301,9.008517960698264e-06,0.43006786679165127,CM
,235560,Contig_423707.fasta,0.01108828909571428,2.3470165928796396e-05,0.44862304800509734,CM
,235560,Contig_421471.fasta,0.011995519599300336,2.6496284820393977e-05,0.44797878321619583,CM
,235560,Contig_61908.fasta,0.014069717181231671,3.589827550832327e-05,0.4520906657674556,CM
,235560,Contig_369636.fasta,0.010552409457871084,1.8513278296670238e-05,0.44163646915461685,CM
,235560,Contig_132893.fasta,0.021868378122585033,9.361086726527445e-05,0.4700289694317595,CM
,235560,Contig_54779.fasta,0.013726015123731356,3.5092143058395935e-05,0.45296596231298797,CM
,235560,Contig_132095.fasta,0.01855641324231773,6.559010914936961e-05,0.4639700932764666,CM
,235560,Contig_499035.fasta,0.01812996817065578,6.495774442483587e-05,0.46581765960111154,CM
,235560,Contig_542555.fasta,0.0024968245964167167,7.481755885317468e-07,0.36872642952664814,CM
,235560,Contig_134585.fasta,0.003469640526327798,2.258800083443769e-06,0.38863275670209013,CM
,235560,Contig_501844.fasta,0.015241547200797989,4.1332111744359266e-05,0.45494782602753187,CM
,235560,Contig_139875.fasta,0.024013500179778824,0.0001113771004455045,0.471925203297344,CM
,235560,Contig_139036.fasta,0.0013008226968536348,0.0,0.32595878723045385,CM
,235560,Contig_703292.fasta,0.013575569051039528,3.2446080450054585e-05,0.4523091726141291,CM
,235560,Contig_993718.fasta,0.023491888454746417,0.00011085806250646231,0.473357449741342,CM
,235560,Contig_550719.fasta,0.014721403574880023,3.9745595836935536e-05,0.45539059763437134,CM
,235560,Contig_53600.fasta,0.020609379350603394,8.267134438397175e-05,0.4674463926766399,CM
,235560,Contig_54784.fasta,0.011031609370587794,2.2228133778555285e-05,0.44310022639139823,CM
,235560,Contig_137925.fasta,0.009258714975363368,1.5878511684101404e-05,0.4399754010994984,CM
,235560,Contig_498371.fasta,0.0,0.0,0.0,CM
,235560,Contig_369572.fasta,0.02244402524308196,9.899614327185392e-05,0.4712123253467438,CM
,235560,Contig_709936.fasta,0.018773876994001355,7.624145798951267e-05,0.46861676421564,CM
,235560,Contig_370309.fasta,0.01428832316066387,3.8882809836898094e-05,0.4571703361693371,CM
,235560,Contig_555617.fasta,0.0,0.0,0.0,CM
,235560,Contig_985297.fasta,0.01845008702638557,6.595854350245884e-05,0.46259400797757444,CM
,235560,Contig_369793.fasta,0.020086672619153336,8.422754543200881e-05,0.46932180448276484,CM
,235560,Contig_502640.fasta,0.01937679082690879,7.354324174055007e-05,0.4674463926766399,CM
,235560,Contig_58743.fasta,0.025159300357775534,0.0001233953533789228,0.47407683796283334,CM
,235560,Contig_134420.fasta,0.014722783804458323,4.192884282282716e-05,0.4573937820814434,CM
,235560,Contig_131697.fasta,0.01317800447317013,3.3109857502734866e-05,0.45406486081447506,CM
,235560,Contig_986689.fasta,0.01950881691703004,7.451471664700197e-05,0.4662818525852681,CM
,235560,Contig_306288.fasta,0.024436690023030644,0.00011770988518006845,0.47287906929693435,CM
,235560,Contig_53836.fasta,0.009122898187472372,1.5627357100810817e-05,0.43526868750634096,CM
,235560,Contig_544688.fasta,0.012676825898781394,2.6800483548311564e-05,0.4484080872729435,CM
,235560,Contig_56656.fasta,0.021379935709030365,9.136450264127057e-05,0.46979301111377164,CM
,235560,Contig_54598.fasta,0.024274555482344973,0.00011260666371618363,0.47287906929693435,CM
,235560,Contig_546991.fasta,0.0023882212108945916,5.520953421509499e-07,0.35910501847223064,CM
,235560,Contig_134764.fasta,0.021635950541341233,9.53456187647727e-05,0.47026516489378545,CM
,235560,Contig_542365.fasta,0.002124643661442308,6.201257564936658e-07,0.3473747877277777,CM
,235560,Contig_139193.fasta,0.0,0.0,0.0,CM
,235560,Contig_207429.fasta,0.011687686763412461,2.5660834282618302e-05,0.44862304800509734,CM
,235560,Contig_139542.fasta,0.0072720501000439995,1.0453331461670133e-05,0.43026559914419915,CM
,235560,Contig_1122224.fasta,0.0,0.0,0.0,CM
,235560,Contig_656.fasta,0.0012710681521899765,0.0,0.3222547101028351,CM
,235560,Contig_53374.fasta,0.022161023603797368,9.544962749801099e-05,0.4700289694317595,CM
,235560,Contig_56557.fasta,0.02198825819818822,9.164101840476495e-05,0.46908655545796146,CM
,235560,Contig_308360.fasta,0.02520534102052078,0.000124672142580622,0.4735970031065957,CM
,235560,Contig_1064061.fasta,0.008329918787192912,1.309316573443807e-05,0.43506633107328363,CM
,235560,Contig_53464.fasta,0.023086782924818007,0.0001050280933472584,0.4714497119086313,CM
,235560,Contig_56696.fasta,0.01977986012471014,7.706746592186173e-05,0.46721301954000655,CM
,235560,Contig_1061954.fasta,0.01971495714338092,7.505560904020835e-05,0.466746971640216,CM
,235560,Contig_2616.fasta,0.0,0.0,0.0,CM
,235560,Contig_499913.fasta,0.024739298901355313,0.00011989487660362832,0.47407683796283334,CM
,235560,Contig_60703.fasta,0.018857125132075547,6.66624341027692e-05,0.46581765960111154,CM
,235560,Contig_542430.fasta,0.02166766130420003,8.979155381282605e-05,0.4688515421536238,CM
,235560,Contig_131612.fasta,0.011948410351064342,2.847221783140594e-05,0.4518723699365684,CM
,235560,Contig_133564.fasta,0.021019432662148774,8.261848073143758e-05,0.4681479130258295,CM
,235560,Contig_550250.fasta,0.0,0.0,0.0,CM
,235560,Contig_131657.fasta,0.012753508154293379,2.9500297763155585e-05,0.45013356331824583,CM
,235560,Contig_500964.fasta,0.023619351567208697,0.00010739739428410828,0.4724016547898198,CM
,235560,Contig_933392.fasta,0.009443159336300943,1.5301964286564804e-05,0.44018235095890546,CM
,235560,Contig_54659.fasta,0.008131334604900682,1.2247129169857464e-05,0.43185402775202264,CM
,235560,Contig_61746.fasta,0.007478027845774028,1.008783652314774e-05,0.4320534063428592,CM
,235560,Contig_53765.fasta,0.009263533701255143,1.389211573067842e-05,0.43832678132957054,CM
,235560,Contig_138153.fasta,0.02126991058555624,8.47280467283377e-05,0.46767999906978164,CM
,235560,Contig_56940.fasta,0.01852312254775602,6.466805718511665e-05,0.46466121059515053,CM
,235560,Contig_54275.fasta,0.02024873921756755,8.605203758393557e-05,0.4712123253467438,CM
,235560,Contig_542488.fasta,0.0,0.0,0.0,CM
,235560,Contig_367990.fasta,0.015293132175574443,4.6675393858198926e-05,0.46009227047130435,CM
,235560,Contig_555859.fasta,0.012770356983677242,3.261297727712325e-05,0.4516542848159426,CM
,235560,Contig_993581.fasta,0.008816449281470176,1.2950571673826871e-05,0.43265264823792565,CM
,235560,Contig_547586.fasta,0.004649082952558663,3.402386770304479e-06,0.3989035286183432,CM
,235560,Contig_428255.fasta,0.0012986080921830287,0.0,0.32641356056457377,CM
,235560,Contig_131556.fasta,0.017066790774730303,5.493527597469053e-05,0.4623654536258069,CM
,235560,Contig_303047.fasta,0.006800619888983341,8.473392727829773e-06,0.4211645716195468,CM
,235560,Contig_368885.fasta,0.011512671179429668,2.7773148184105137e-05,0.4488382149345962,CM
,235560,Contig_59053.fasta,0.011894916101654425,2.5619749954240415e-05,0.44776443930078136,CM
,235560,Contig_551912.fasta,0.008235646889067067,1.0610988279131377e-05,0.4344603891080005,CM
,235560,Contig_554772.fasta,0.011995825644160492,2.7060871690446257e-05,0.4512187454863226,CM
,235560,Contig_544264.fasta,0.0011759896513247137,0.0,0.3116309284510933,CM
,235560,Contig_934117.fasta,0.015017343498001259,4.067612875473053e-05,0.45694710846612946,CM
,235560,Contig_545454.fasta,0.014161450116604064,3.708458527252559e-05,0.45384465477140307,CM
,235560,Contig_368262.fasta,0.003730965710944696,2.1556490109774988e-06,0.39519749921394975,CM
,235560,Contig_61277.fasta,0.007118933110816951,8.770439730967802e-06,0.4255696580894193,CM
,235560,Contig_302677.fasta,0.008456854862627278,1.2218419011498306e-05,0.433454227947491,CM
,235560,Contig_554901.fasta,0.0024425386458710417,5.920415724916948e-07,0.36286455143025714,CM
,235560,Contig_305322.fasta,0.007063187275974521,7.379194291372489e-06,0.4259570678828553,CM
,235560,Contig_544883.fasta,0.0,0.0,0.0,CM
,235560,Contig_135194.fasta,0.01833103145431979,6.343749709613655e-05,0.46259400797757444,CM
,235560,Contig_56818.fasta,0.010894982153157725,2.2484871855870157e-05,0.4471226364733077,CM
,235560,Contig_498461.fasta,0.016314699203523138,5.2902792660459096e-05,0.4616811436303074,CM
,235560,Contig_543101.fasta,0.002186478986159979,3.798595488911139e-07,0.3550180873060065,CM
,235560,Contig_421823.fasta,0.008901214753020553,1.4973210073799919e-05,0.4338561326558336,CM
,235560,Contig_135268.fasta,0.0121021668967853,3.0262923340852547e-05,0.4527468205798902,CM
,235560,Contig_1064205.fasta,0.023758961967437407,0.00010738766901392432,0.4721633088489572,CM
,235560,Contig_54445.fasta,0.015391529208977774,4.728579584639935e-05,0.4596403134276194,CM
,235560,Contig_549637.fasta,0.0,0.0,0.0,CM
,235560,Contig_55400.fasta,0.01182322746124849,2.531358592094813e-05,0.44862304800509734,CM
,235560,Contig_625718.fasta,0.023962252117308222,0.00011261912029860165,0.471925203297344,CM
,235560,Contig_801021.fasta,0.0,0.0,0.0,CM
,235560,Contig_1062339.fasta,0.0024968245964167167,7.481755885317468e-07,0.36872642952664814,CM
,235560,Contig_306355.fasta,0.009644724975220877,1.573993537316258e-05,0.4395620846118521,CM
,235560,Contig_428764.fasta,0.018602231838688924,7.039671123496336e-05,0.46558590952170803,CM
,235560,Contig_369126.fasta,0.0030442522305127516,1.2889835629687812e-06,0.3667036356342606,CM
,235560,Contig_302533.fasta,0.017497003461917158,5.710330909560553e-05,0.4609988562259276,CM
,235560,Contig_1315.fasta,0.010658155154023229,2.0993879966627845e-05,0.44436262019878114,CM
,235560,Contig_992309.fasta,0.00913971560426252,1.5953454658745366e-05,0.43506633107328363,CM
,235560,Contig_425542.fasta,0.018003646445962366,6.190687262007841e-05,0.4619090217860973,CM
,235560,Contig_498295.fasta,0.019590536720828992,7.143007306457503e-05,0.46581765960111154,CM
,235560,Contig_54108.fasta,0.007289021363026672,8.3249312928964e-06,0.4253762173357423,CM
,235560,Contig_796850.fasta,0.023294674153688993,0.00010894623128394818,0.47287906929693435,CM
,235560,Contig_58097.fasta,0.01560179298593481,4.488199455019602e-05,0.4582897542304766,CM
,235560,Contig_984994.fasta,0.003715628763869334,2.2387228481559715e-06,0.3946974602018697,CM
,235560,Contig_932851.fasta,0.022297792308355067,0.00010220363107746354,0.4724016547898198,CM
,235560,Contig_60483.fasta,0.013779866236056242,3.513040876026728e-05,0.4520906657674556,CM
,235560,Contig_542409.fasta,0.00444072244954242,2.9155945560081174e-06,0.39788591757594943,CM
,235560,Contig_628830.fasta,0.018368816068882198,6.638793071530515e-05,0.4660496405072874,CM
,235560,Contig_993268.fasta,0.013096938247307528,3.2601449484790746e-05,0.45296596231298797,CM
,235560,Contig_53370.fasta,0.004572824809351402,2.9432223132577818e-06,0.39856374707778236,CM
,235560,Contig_4880.fasta,0.012870648386514196,2.9267990017888554e-05,0.4497009505711836,CM
,235560,Contig_368303.fasta,0.024388849611630438,0.00012186275773982213,0.47528068976060595,CM
,235560,Contig_133134.fasta,0.004572683290286369,2.8548060484483647e-06,0.40250652823167016,CM
,235560,Contig_1973.fasta,0.007022823413078863,8.738469554741826e-06,0.42479694876923885,CM
,235560,Contig_371210.fasta,0.01624968536155783,4.925457131848362e-05,0.4585142960012901,CM
,235560,Contig_1062001.fasta,0.019822251148972687,7.994085673997674e-05,0.46838222129060714,CM
,235560,Contig_1064554.fasta,0.011671204126561217,2.27987133541762e-05,0.4460570439173656,CM
,235560,Contig_498458.fasta,0.006130540591862823,6.823588652526761e-06,0.42211442405892335,CM
,235560,Contig_56821.fasta,0.011783710755817741,2.6351011558062398e-05,0.44862304800509734,CM
,235560,Contig_53604.fasta,0.006993291721521798,9.106904064743963e-06,0.4255696580894193,CM
,235560,Contig_201321.fasta,0.015097168178412362,4.212863536702122e-05,0.4567240986523344,CM
,235560,Contig_136127.fasta,0.020445749828349954,8.292494679063074e-05,0.46767999906978164,CM
,235560,Contig_1268205.fasta,0.005869298223628466,5.679956842295104e-06,0.4162934511292852,CM
,235560,Contig_56363.fasta,0.013998432660767775,3.3784365499721784e-05,0.45296596231298797,CM
,235560,Contig_138376.fasta,0.015108278054243354,4.141810305210006e-05,0.45406486081447506,CM
,235560,Contig_54813.fasta,0.019269262031755312,7.369507532230877e-05,0.46767999906978164,CM
,235560,Contig_56326.fasta,0.004843085866195003,4.026354014209539e-06,0.4075904521509726,CM
,235560,Contig_213640.fasta,0.023341539827294394,0.0001070718756314388,0.4726402414841581,CM
,235560,Contig_59276.fasta,0.004810266020316739,3.6898964324887857e-06,0.40407067277143055,CM
,235560,Contig_622130.fasta,0.0079418104254084,1.1382812175752845e-05,0.43026559914419915,CM
,235560,Contig_550374.fasta,0.002048656684938518,5.032005897154666e-07,0.34030097386859387,CM
,235560,Contig_542514.fasta,0.013198501115419141,3.1180431909773046e-05,0.45143641010064306,CM
,235560,Contig_1270443.fasta,0.0,0.0,0.0,CM
,235560,Contig_859.fasta,0.01020356910201882,1.8999608404391732e-05,0.4397686457418388,CM
,235560,Contig_133315.fasta,0.019579464729967497,7.785070047418039e-05,0.4665142961807742,CM
,235560,Contig_1258190.fasta,0.019990362785860936,7.674019404498143e-05,0.46721301954000655,CM
,235560,Contig_62690.fasta,0.020620058435802797,8.136854511623596e-05,0.4681479130258295,CM
,235560,Contig_137536.fasta,0.016430360160659175,5.10364600392975e-05,0.46009227047130435,CM
,235560,Contig_302537.fasta,0.009287204765043747,1.5461223588300804e-05,0.43669047043333326,CM
,235560,Contig_61137.fasta,0.019372160517532315,6.920845778957069e-05,0.46512310046651745,CM
,235560,Contig_53538.fasta,0.01075215055677118,1.8743582375290123e-05,0.4418449849568617,CM
,235560,Contig_42.fasta,0.0,0.0,0.0,CM
,235560,Contig_421320.fasta,0.002499039201087323,6.598933074593762e-07,0.36713522092531703,CM
,235560,Contig_53681.fasta,0.006330454198456974,6.521183111351486e-06,0.42518295235739806,CM
,235560,Contig_542529.fasta,0.0011759896513247137,0.0,0.3116309284510933,CM
,235560,Contig_4.fasta,0.010629178524542975,1.961507202941061e-05,0.4422626078159892,CM
,235560,Contig_703687.fasta,0.014539257932297326,3.9954472432553836e-05,0.4578413298134213,CM
,235560,Contig_501838.fasta,0.019878168113382874,7.64510632044831e-05,0.466746971640216,CM
,235560,Contig_304363.fasta,0.006890776682088175,7.555294926754254e-06,0.42345143807177965,CM
,235560,Contig_1124279.fasta,0.01746140091823143,5.8473955254082494e-05,0.4619090217860973,CM
,235560,Contig_371458.fasta,0.023993058057173496,0.00011350799915408938,0.4731181385938489,CM
,235560,Contig_371089.fasta,0.02460602790729351,0.0001218281015182913,0.4750394305272249,CM
,235560,Contig_502049.fasta,0.0,0.0,0.0,CM
,235560,Contig_54896.fasta,0.0069078407947712,8.133191303907077e-06,0.42230490890732536,CM
,235560,Contig_308594.fasta,0.021891301793725775,9.623526360055598e-05,0.47026516489378545,CM
,235560,Contig_421862.fasta,0.0,0.0,0.0,CM
,235560,Contig_704447.fasta,0.005934401519862548,6.10132908288452e-06,0.4162934511292852,CM
,235560,Contig_542628.fasta,0.010613334876092277,2.0496684381718907e-05,0.44478501812672677,CM
,235560,Contig_1062711.fasta,0.012196610952832856,2.717758256918622e-05,0.4469091108589461,CM
,235560,Contig_56142.fasta,0.005995943515961291,6.445722433856497e-06,0.41610834955030374,CM
,235560,Contig_930489.fasta,0.0019502286746251403,3.9947139299252953e-07,0.334343579184935,CM
,235560,Contig_139157.fasta,0.018621063134496567,6.76332414399086e-05,0.46512310046651745,CM
,235560,Contig_499578.fasta,0.0012986080921830287,0.0,0.32641356056457377,CM
,235560,Contig_991222.fasta,0.008254392705579486,1.3406245720707958e-05,0.4344603891080005,CM
,235560,Contig_55519.fasta,0.0,0.0,0.0,CM
,235560,Contig_371268.fasta,0.021022081399137575,8.975689273263688e-05,0.470501597857533,CM
,235560,Contig_502154.fasta,0.023407238253295177,0.00011090867459427342,0.473357449741342,CM
,235560,Contig_61443.fasta,0.009099770113196072,1.3857061920064785e-05,0.4338561326558336,CM
,235560,Contig_546955.fasta,0.007429028600752169,8.774408080495767e-06,0.4286888127066574,CM
,235560,Contig_137801.fasta,0.016225361085516306,4.4990789182699395e-05,0.4567240986523344,CM
,235560,Contig_53460.fasta,0.014485323393802943,4.013148075246682e-05,0.4547267629439422,CM
,235560,Contig_213008.fasta,0.02528447097354347,0.0001297063459677557,0.47600594005016944,CM
,235560,Contig_421555.fasta,0.011520400300044968,2.5585937189303322e-05,0.44478501812672677,CM
,235560,Contig_549796.fasta,0.0011222295277298984,0.0,0.30713084284169123,CM
,235560,Contig_368839.fasta,0.025569372201586272,0.00013191685893861307,0.47576394414775447,CM
,235560,Contig_55135.fasta,0.021779800374412978,9.386421242521947e-05,0.46955728958285653,CM
,235560,Contig_62471.fasta,0.02025333289417056,8.24019658011511e-05,0.46932180448276484,CM
,235560,Contig_55618.fasta,0.017496266227273186,5.6766151451286e-05,0.4616811436303074,CM
,235560,Contig_210082.fasta,0.01520003005780252,4.4904281481197125e-05,0.4573937820814434,CM
,235560,Contig_24578817.fasta,0.0,0.0,0.0,CM
,235560,Contig_54618.fasta,0.00901331082971419,1.5094698752769174e-05,0.43730265333580987,CM
,235560,Contig_988525.fasta,0.02456371677150256,0.00011946385420276828,0.473357449741342,CM
,235560,Contig_987358.fasta,0.012892291968560742,2.8388206540247185e-05,0.4499171529512659,CM
,235560,Contig_420491.fasta,0.0,0.0,0.0,CM
,235560,Contig_306388.fasta,0.0,0.0,0.0,CM
,235560,Contig_133758.fasta,0.013769862989378897,3.5985222214084e-05,0.4523091726141291,CM
,235560,Contig_1258149.fasta,0.01862343343792809,6.804311749019735e-05,0.464200237171941,CM
,235560,Contig_303939.fasta,0.016409071159596052,5.117689871746504e-05,0.46054511719420915,CM
,235560,Contig_139743.fasta,0.020663355536359333,8.332157502338305e-05,0.4681479130258295,CM
,235560,Contig_499329.fasta,0.016667729885873415,5.393987766693691e-05,0.4630517952195117,CM
,235560,Contig_55465.fasta,0.0024911690796678913,8.304227931642601e-07,0.3678567917211608,CM
,235560,Contig_545474.fasta,0.0011759896513247137,0.0,0.3116309284510933,CM
,235560,Contig_60212.fasta,0.01709712818583921,6.0052351863756475e-05,0.4630517952195117,CM
,235560,Contig_306074.fasta,0.023769500669054627,0.0001081213928107414,0.470501597857533,CM
,235560,Contig_502705.fasta,0.006911862679858025,7.198259864965181e-06,0.41852758414071245,CM
,235560,Contig_302612.fasta,0.013826726511968007,3.417392069019193e-05,0.45296596231298797,CM
,235560,Contig_56457.fasta,0.022044226532180383,9.752570752167449e-05,0.4712123253467438,CM
,235560,Contig_554999.fasta,0.0012387305222453756,0.0,0.31841703917612557,CM
,235560,Contig_56086.fasta,0.008121233505292362,1.0829390704647606e-05,0.43006786679165127,CM
,235560,Contig_543199.fasta,0.0020483474345250694,3.302156015634517e-07,0.34241773806755693,CM
,235560,Contig_23.fasta,0.009292977397405406,1.4964373896146858e-05,0.4377117297187245,CM
,235560,Contig_1064124.fasta,0.019928749444422744,7.943936972114325e-05,0.46767999906978164,CM
,235560,Contig_133459.fasta,0.007985936562663663,1.0361511978180413e-05,0.4267340073591578,CM
,235560,Contig_370813.fasta,0.017216771467842413,5.8135618307494504e-05,0.46145349020642656,CM
,235560,Contig_803076.fasta,0.0012068653132505805,0.0,0.31541209239589924,CM
,235560,Contig_304497.fasta,0.002474403854865837,6.266843244909584e-07,0.3661297645299817,CM
,235560,Contig_55498.fasta,0.011217095340762605,2.2221571260771197e-05,0.44247171543197783,CM
,235560,Contig_60113.fasta,0.02108075384325413,8.373012127165892e-05,0.4674463926766399,CM
,235560,Contig_305805.fasta,0.0012244596842014427,0.0,0.31841703917612557,CM
,235560,Contig_302556.fasta,0.013177143137880671,3.311816057886123e-05,0.45384465477140307,CM
,235560,Contig_61915.fasta,0.009349201998748486,1.4908730602390346e-05,0.4381215721622814,CM
,235560,Contig_134054.fasta,0.020003001522372672,7.978832176705655e-05,0.46838222129060714,CM
,235560,Contig_368736.fasta,0.025419160093262706,0.00013082733539927126,0.4755221941761347,CM
,235560,Contig_552143.fasta,0.024364471147919158,0.0001190844809373493,0.47407683796283334,CM
,235560,Contig_131677.fasta,0.015212123107762534,4.1830034694786795e-05,0.45806543227539553,CM
,235560,Contig_500107.fasta,0.017177059573839106,5.5085630808817865e-05,0.46077187500671246,CM
,235560,Contig_369773.fasta,0.022000855916951792,9.286568273574102e-05,0.46932180448276484,CM
,235560,Contig_553945.fasta,0.005927974993982872,5.0286607074181705e-06,0.4146334417982424,CM
,235560,Contig_135011.fasta,0.009736117845615429,1.7158062043453136e-05,0.44163646915461685,CM
,235560,Contig_1064039.fasta,0.0009264271572086197,0.0,0.29217223794524916,CM
,235560,Contig_987907.fasta,0.006816614456923939,7.066516533722555e-06,0.4209751138725295,CM
,235560,Contig_53369.fasta,0.0036927927957930537,1.9133623853427858e-06,0.39370116875836475,CM
,235560,Contig_61766.fasta,0.010625742762992916,2.1727912283901095e-05,0.4437305254332068,CM
,235560,Contig_53444.fasta,0.013641832369034646,3.4329229918118794e-05,0.4520906657674556,CM
,235560,Contig_988014.fasta,0.0,0.0,0.0,CM
,235560,Contig_53893.fasta,0.019486118212059814,7.716442697336711e-05,0.4674463926766399,CM
,235560,Contig_811026.fasta,0.006991267284166898,8.169964950552787e-06,0.42383499915698963,CM
,235560,Contig_548326.fasta,0.01582629932343434,4.6219150038282145e-05,0.45806543227539553,CM
,235560,Contig_166.fasta,0.0,0.0,0.0,CM
,235560,Contig_368472.fasta,0.019137380134433623,7.395022410723592e-05,0.4674463926766399,CM
,235560,Contig_131533.fasta,0.0096491094070444,1.5770827261428664e-05,0.4399754010994984,CM
,235560,Contig_713578.fasta,0.008674453868830038,1.3991039211578991e-05,0.4395620846118521,CM
,235560,Contig_62754.fasta,0.018714181185651782,7.321315133364455e-05,0.4669798793106951,CM
,235560,Contig_499271.fasta,0.019656504388238946,6.972711865753647e-05,0.46489204080408997,CM
,235560,Contig_547132.fasta,0.01958581085706428,7.063708151053546e-05,0.46466121059515053,CM
,235560,Contig_542385.fasta,0.008350145725305663,1.3004988779505523e-05,0.4358768878149199,CM
,235560,Contig_1061989.fasta,0.008483856594495746,1.2006284593009603e-05,0.43506633107328363,CM
,235560,Contig_137023.fasta,0.0036496158532967364,1.3092268291300364e-06,0.3894413974775835,CM
,235560,Contig_626516.fasta,0.024402197066716185,0.00011835067738228499,0.47383679905753573,CM
,235560,Contig_990243.fasta,0.005603284220286866,4.030821196756926e-06,0.4059989926848733,CM
,235560,Contig_59036.fasta,0.001190004706660903,0.0,0.31403613360356813,CM
,235560,Contig_1064338.fasta,0.0,0.0,0.0,CM
,235560,Contig_426325.fasta,0.0034920270326765927,1.4818063906605932e-06,0.3829082152776731,CM
,235560,Contig_1063105.fasta,0.005779956399309968,5.654155577740772e-06,0.41225888904785596,CM
,235560,Contig_132168.fasta,0.0009621702951705258,0.0,0.29400806727572515,CM
,235560,Contig_372283.fasta,0.017875582447532706,6.232615171347114e-05,0.4644306094980809,CM
,235560,Contig_134478.fasta,0.0018652836386910095,2.0540638885566526e-07,0.3304476264613817,CM
,235560,Contig_370234.fasta,0.02268713450072867,0.00010161092822498912,0.4721633088489572,CM
,235560,Contig_801164.fasta,0.016671329382340734,5.148276440839141e-05,0.4603185824587472,CM
,235560,Contig_53484.fasta,0.013100797365788893,3.142419054605881e-05,0.4507840453461624,CM
,235560,Contig_549737.fasta,0.0,0.0,0.0,CM
,235560,Contig_206708.fasta,0.019080132444135412,7.372809499223836e-05,0.46721301954000655,CM
,235560,Contig_54992.fasta,0.021287303601523325,8.689816625413712e-05,0.46861676421564,CM
,235560,Contig_1580.fasta,0.014880798517404276,4.312760375501271e-05,0.4551691041530317,CM
,235560,Contig_138626.fasta,0.019544679341346745,7.446855321174062e-05,0.46535438992473055,CM
,235560,Contig_302732.fasta,0.008551442536352542,1.1622599558017286e-05,0.43567396561388877,CM
,235560,Contig_544511.fasta,0.0012589029589389043,0.0,0.3211488257167581,CM
,235560,Contig_987555.fasta,0.022224366860005187,9.27256765702873e-05,0.46908655545796146,CM
,235560,Contig_132953.fasta,0.015182576839488883,4.312342956276786e-05,0.45694710846612946,CM
,235560,Contig_544554.fasta,0.0,0.0,0.0,CM
,235560,Contig_133584.fasta,0.017524475304936355,6.458286578733278e-05,0.46535438992473055,CM
,235560,Contig_57532.fasta,0.013014453975401297,3.0180702382428863e-05,0.4507840453461624,CM
,235560,Contig_420261.fasta,0.002489929497180065,4.787617745609273e-07,0.3634282245198575,CM
,235560,Contig_371170.fasta,0.014313765582822924,3.7555345478764956e-05,0.4551691041530317,CM
,235560,Contig_135069.fasta,0.0012387305222453756,0.0,0.31841703917612557,CM
,235560,Contig_369063.fasta,0.010102873416031683,1.7879332085207372e-05,0.4379165550484947,CM
,235560,Contig_371618.fasta,0.01994013773384046,8.029945788900691e-05,0.46861676421564,CM
,235560,Contig_555306.fasta,0.006568093622157683,7.061407343970934e-06,0.41946556617598973,CM
,235560,Contig_550560.fasta,0.015085929277422245,4.443169621866691e-05,0.45806543227539553,CM
,235560,Contig_60835.fasta,0.002324624214270156,4.346301070960449e-07,0.35924287068661537,CM
,235560,Contig_542345.fasta,0.0036768849805050604,2.0908937849503854e-06,0.3900907370315269,CM
,235560,Contig_61646.fasta,0.02526646079414641,0.0001232836415588631,0.4731181385938489,CM
,235560,Contig_498856.fasta,0.012185222726372558,2.6958440622624845e-05,0.4437305254332068,CM
,235560,Contig_501062.fasta,0.021978651868474888,9.466481113172898e-05,0.46979301111377164,CM
,235560,Contig_368282.fasta,0.009992940166053376,1.9286164985441783e-05,0.4395620846118521,CM
,235560,Contig_428054.fasta,0.01843543591765181,6.403287786651654e-05,0.46351048941982814,CM
,235560,Contig_994290.fasta,0.008515709890683848,1.2639475028827734e-05,0.43709840174620884,CM
,235560,Contig_499481.fasta,0.018983113163604383,7.183049399087687e-05,0.4660496405072874,CM
,235560,Contig_542530.fasta,0.0,0.0,0.0,CM
,235560,Contig_371705.fasta,0.006751212914530912,7.6861045419321e-06,0.42268639482323084,CM
,235560,Contig_53599.fasta,0.020512563386820608,7.91836187096617e-05,0.4662818525852681,CM
,235560,Contig_985013.fasta,0.020107819518819296,8.083917818676595e-05,0.46838222129060714,CM
,235560,Contig_992481.fasta,0.00479147590322655,3.909715477218114e-06,0.406528096498103,CM
,235560,Contig_135275.fasta,0.02527677169427675,0.00012109537536780314,0.47383679905753573,CM
,235560,Contig_931634.fasta,0.019033794410900827,7.040190771023909e-05,0.4660496405072874,CM
,235560,Contig_61990.fasta,0.022222655113103916,9.927056376043317e-05,0.4714497119086313,CM
,235560,Contig_134230.fasta,0.008696261315783233,1.4388934916636872e-05,0.4385321828203529,CM
,235560,Contig_303596.fasta,0.004764185903603782,3.580012010006902e-06,0.4028530685056535,CM
,235560,Contig_212565.fasta,0.021756673097682682,9.19213449150329e-05,0.46908655545796146,CM
,235560,Contig_1128046.fasta,0.019812269306910737,7.353955623713006e-05,0.46581765960111154,CM
,235560,Contig_139855.fasta,0.028917365465545065,0.0001666519492653924,0.47868423434201185,CM
,235560,Contig_989235.fasta,0.017587693177878,6.233022472378734e-05,0.46351048941982814,CM
,235560,Contig_499439.fasta,0.010622528490202888,1.9486915843125953e-05,0.4428905244385391,CM
,235560,Contig_1062866.fasta,0.021497569297255492,8.82412073948644e-05,0.4669798793106951,CM
,235560,Contig_4593.fasta,0.007064647160271277,8.026130486560433e-06,0.4246042096817754,CM
,235560,Contig_61074.fasta,0.0255396716383486,0.00013142092479112908,0.47600594005016944,CM
,235560,Contig_990281.fasta,0.02671624248747022,0.0001348434913018999,0.4750394305272249,CM
,235560,Contig_499662.fasta,0.020102542183180094,8.127080938169277e-05,0.46955728958285653,CM
,235560,Contig_62796.fasta,0.023246012103117688,0.00010883685827254837,0.4721633088489572,CM
,235560,Contig_368867.fasta,0.023191961827334382,0.00010544486088754448,0.4721633088489572,CM
,235560,Contig_368024.fasta,0.01370894534580421,3.394212116012153e-05,0.45252789078270456,CM
,235560,Contig_1065845.fasta,0.0011250228023689903,0.0,0.30773682280126047,CM
,235560,Contig_131648.fasta,0.0219383706627034,9.635160490256546e-05,0.4712123253467438,CM
,235560,Contig_1067335.fasta,0.02356670704057157,0.00010790869418952944,0.4726402414841581,CM
,235560,Contig_367937.fasta,0.011443046294727458,2.2252575899715235e-05,0.4422626078159892,CM
,235560,Contig_201958.fasta,0.018712770401377112,6.919365016961552e-05,0.4660496405072874,CM
,235560,Contig_546698.fasta,0.0012710681521899765,0.0,0.3222547101028351,CM
,235560,Contig_308342.fasta,0.014779014922064248,4.136315307660807e-05,0.4547267629439422,CM
,235560,Contig_138109.fasta,0.023233544101248605,0.00010943767612720079,0.473357449741342,CM
,235560,Contig_545981.fasta,0.023386638930004977,0.00011055375704462517,0.4735970031065957,CM
,235560,Contig_930043.fasta,0.004887405359406508,2.9505237778631767e-06,0.4084799991875308,CM
,235560,Contig_53486.fasta,0.0,0.0,0.0,CM
,235560,Contig_24565782.fasta,0.014023075811938073,3.8475586243258494e-05,0.45362466220971065,CM
,235560,Contig_59009.fasta,0.014370518060431325,3.9836694566474095e-05,0.4567240986523344,CM
,235560,Contig_53814.fasta,0.013735983098118338,3.186418168218927e-05,0.4505670092145561,CM
,235560,Contig_1116.fasta,0.01251389800855835,3.023744001176509e-05,0.44797878321619583,CM
,235560,Contig_139857.fasta,0.003682153635882122,1.839653592928484e-06,0.3910688166061985,CM
,235560,Contig_420383.fasta,0.010605257410702557,2.3191651900076417e-05,0.44478501812672677,CM
,235560,Contig_555118.fasta,0.027743890929631313,0.00015265230556940894,0.4774631010911394,CM
,235560,Contig_1066641.fasta,0.023468714893057113,0.00011046321554007232,0.47287906929693435,CM
,235560,Contig_137669.fasta,0.010886138887984918,2.274327975324905e-05,0.44648267086766846,CM
,235560,Contig_302668.fasta,0.024703600719861094,0.00011876825993647493,0.47383679905753573,CM
,235560,Contig_305455.fasta,0.020068253552865817,7.515686254999742e-05,0.466746971640216,CM
,235560,Contig_61545.fasta,0.010987409623446368,2.3723959172284966e-05,0.44862304800509734,CM
,235560,Contig_498353.fasta,0.011749260753358026,2.5107657602616856e-05,0.4475503004010679,CM
,235560,Contig_988988.fasta,0.0011461722147824013,0.0,0.3104935892961623,CM
,235560,Contig_985054.fasta,0.021718562088307296,8.963558543391282e-05,0.46908655545796146,CM
,235560,Contig_420879.fasta,0.008117566450956695,1.293323567078873e-05,0.4324527163302371,CM
,235560,Contig_1258176.fasta,0.017370100002206422,6.156019114917967e-05,0.46282278839695007,CM
,235560,Contig_499353.fasta,0.02435703451605156,0.0001137407766360504,0.47287906929693435,CM
,235560,Contig_468.fasta,0.0,0.0,0.0,CM
,235560,Contig_993483.fasta,0.023541090178425855,0.00011249763310489531,0.473357449741342,CM
,235560,Contig_988975.fasta,0.020939791140694802,8.509030265373613e-05,0.4669798793106951,CM
,235560,Contig_988930.fasta,0.017513796287066487,5.674902447397538e-05,0.4621371250067324,CM
,235560,Contig_1198429.fasta,0.0011250228023689903,0.0,0.30773682280126047,CM
,235560,Contig_933290.fasta,0.023509023120674124,0.00010870249243623948,0.47287906929693435,CM
,235560,Contig_499052.fasta,0.018671822372085735,7.016587858263396e-05,0.46581765960111154,CM
,235560,Contig_305495.fasta,0.02157768393470627,9.30307197411289e-05,0.46979301111377164,CM
,235560,Contig_985400.fasta,0.023509217130654934,0.00010933769772200909,0.4731181385938489,CM
,235560,Contig_985094.fasta,0.01717423413628514,5.7504281454360134e-05,0.4621371250067324,CM
,235560,Contig_500018.fasta,0.01034671903491356,1.886125742377815e-05,0.44163646915461685,CM
,235560,Contig_54766.fasta,0.013051642634746492,3.304752059635141e-05,0.45296596231298797,CM
,235560,Contig_1263528.fasta,0.0058393551447303875,6.111122089006704e-06,0.4140830434241739,CM
,235560,Contig_59228.fasta,0.0,0.0,0.0,CM
,235560,Contig_1065920.fasta,0.013857689686564633,3.45799299831361e-05,0.4520906657674556,CM
,235560,Contig_555509.fasta,0.006173322715550014,7.0913415950104215e-06,0.42402704038904987,CM
,235560,Contig_139091.fasta,0.026621443146635997,0.00013612307874579494,0.4755221941761347,CM
,235560,Contig_706082.fasta,0.014211417046365155,3.802807657740371e-05,0.4551691041530317,CM
,235560,Contig_368629.fasta,0.0176568590944525,5.706768777165249e-05,0.46282278839695007,CM
,235560,Contig_625052.fasta,0.02655640541556979,0.0001415117773504852,0.47600594005016944,CM
,235560,Contig_368691.fasta,0.012066989859203752,2.7930221501235853e-05,0.4518723699365684,CM
,235560,Contig_551706.fasta,0.0022984176314142964,5.645290782078711e-07,0.3534092440100578,CM
,235560,Contig_61210.fasta,0.0011250228023689903,0.0,0.30773682280126047,CM
,235560,Contig_369691.fasta,0.021849317866590216,9.439425080000112e-05,0.4700289694317595,CM
,235560,Contig_498443.fasta,0.001222053011500931,0.0,0.31830873406075955,CM
,235560,Contig_59641.fasta,0.023390801671087123,0.00011427497450707464,0.47479841610280726,CM
,235560,Contig_370353.fasta,0.020107831582924587,7.879065939866394e-05,0.46791383906931655,CM
,235560,Contig_24566591.fasta,0.010553887524109132,2.0885386059496634e-05,0.4437305254332068,CM
,235560,Contig_55467.fasta,0.0035745719032859893,2.1965995384191264e-06,0.3909054628816345,CM
,235560,Contig_543838.fasta,0.0,0.0,0.0,CM
,235560,Contig_988352.fasta,0.02070154603245601,8.502200115886117e-05,0.46721301954000655,CM
,235560,Contig_56962.fasta,0.017231331935384973,5.8867745550319015e-05,0.4621371250067324,CM
,235560,Contig_549823.fasta,0.010415769067341285,2.0502992562895188e-05,0.44457371883070457,CM
,235560,Contig_546289.fasta,0.021582504935493237,8.91523189162994e-05,0.46767999906978164,CM
,235560,Contig_5823.fasta,0.014058852017138622,4.090137811790756e-05,0.4578413298134213,CM
,235560,Contig_304689.fasta,0.02087833977635717,8.532972874043682e-05,0.46838222129060714,CM
,235560,Contig_1062142.fasta,0.01321137469816805,3.0247047631478877e-05,0.4516542848159426,CM
,235560,Contig_62387.fasta,0.021307181378382542,9.522333659282603e-05,0.4721633088489572,CM
,235560,Contig_133647.fasta,0.02100642603739497,8.80534518139864e-05,0.46932180448276484,CM
,235560,Contig_550173.fasta,0.02350794846048874,0.00010930778569286914,0.4731181385938489,CM
,235560,Contig_542713.fasta,0.007881605621964183,1.1978905743967559e-05,0.42790474537660406,CM
,235560,Contig_131574.fasta,0.006847006985226812,8.397737774566038e-06,0.42518295235739806,CM
,235560,Contig_542387.fasta,0.0045095379894427145,2.6635473269322452e-06,0.3977168202884119,CM
,235560,Contig_306603.fasta,0.023192438191441928,0.00010899820580459501,0.4735970031065957,CM
,235560,Contig_137862.fasta,0.02634969155977571,0.0001373696582520229,0.47528068976060595,CM
,235560,Contig_553205.fasta,0.005783093555322012,4.900460928146251e-06,0.4120773571724496,CM
,235560,Contig_53446.fasta,0.019909477682475404,8.261961147416456e-05,0.46979301111377164,CM
,235560,Contig_61498.fasta,0.019973799298548523,7.49943448261309e-05,0.4660496405072874,CM
,235560,Contig_54950.fasta,0.017064121524058888,5.647413173051461e-05,0.46259400797757444,CM
,235560,Contig_55915.fasta,0.0021651576794539957,6.193946107761603e-07,0.34685977692314046,CM
,235560,Contig_55113.fasta,0.017478660442063254,5.734373204288826e-05,0.4616811436303074,CM
,235560,Contig_24574211.fasta,0.021682298159613655,9.169387899068418e-05,0.46861676421564,CM
,235560,Contig_55950.fasta,0.019721378635299984,7.651803933317726e-05,0.4681479130258295,CM
,235560,Contig_792106.fasta,0.014229482209473718,4.099058182118271e-05,0.457617446522559,CM
,235560,Contig_24569564.fasta,0.014956581893354852,4.123405732484323e-05,0.45450591458894274,CM
,235560,Contig_499137.fasta,0.0036821860283228346,1.8084556072573332e-06,0.3941986849783627,CM
,235560,Contig_1065878.fasta,0.007069929532405699,7.658003915157632e-06,0.421924110973234,CM
,235560,Contig_500105.fasta,0.0105785957019211,2.0751924779124967e-05,0.4439410237849303,CM
,235560,Contig_990105.fasta,0.008211939314207366,1.1324267754589317e-05,0.4340573646283085,CM
,235560,Contig_213746.fasta,0.0,0.0,0.0,CM
,235560,Contig_308147.fasta,0.0022181401501549965,5.542341771581637e-07,0.35234475833532874,CM
,235560,Contig_1064246.fasta,0.0,0.0,0.0,CM
,235560,Contig_500378.fasta,0.011805393192339335,2.5748292053631253e-05,0.4484080872729435,CM
,235560,Contig_372001.fasta,0.021294048055784612,8.885141602109612e-05,0.46861676421564,CM
,235560,Contig_368549.fasta,0.009948356376440395,1.8189977389539987e-05,0.44542012286465166,CM
,235560,Contig_542593.fasta,0.01953786120309561,7.769527773585381e-05,0.4665142961807742,CM
,235560,Contig_499422.fasta,0.01916648440812284,7.574085990028404e-05,0.4674463926766399,CM
,235560,Contig_134994.fasta,0.002569456549086933,7.809153283139603e-07,0.37313703275065113,CM
,235560,Contig_62593.fasta,0.02600804563379287,0.00013433833899396074,0.47576394414775447,CM
,235560,Contig_1062838.fasta,0.0,0.0,0.0,CM
,235560,Contig_306052.fasta,0.0,0.0,0.0,CM
,235560,Contig_500079.fasta,0.012621903610181022,3.2145525152357606e-05,0.45252789078270456,CM
,235560,Contig_1065904.fasta,0.022471981749821145,0.00010148966060064732,0.471925203297344,CM
,235560,Contig_552078.fasta,0.0034922116977316175,1.6946504850220507e-06,0.38400807473887283,CM
,235560,Contig_1065941.fasta,0.023211441160031737,0.00010722943176890866,0.4712123253467438,CM
,235560,Contig_55393.fasta,0.02203548516863375,9.363035205815074e-05,0.4700289694317595,CM
,235560,Contig_423779.fasta,0.0,0.0,0.0,CM
,235560,Contig_135642.fasta,0.023587541463721995,0.00010615320147453149,0.4724016547898198,CM
,235560,Contig_302535.fasta,0.010978021950845742,2.5454626160056196e-05,0.4497009505711836,CM
,235560,Contig_61135.fasta,0.00934641449753836,1.547746292503552e-05,0.4362832998315306,CM
,235560,Contig_134037.fasta,0.01563447922220273,4.410965818523361e-05,0.45561230678609205,CM
,235560,Contig_131651.fasta,0.01780714776717402,6.294511693493262e-05,0.46512310046651745,CM
,235560,Contig_369755.fasta,0.026468331723519364,0.00013928411948108463,0.47600594005016944,CM
,235560,Contig_985251.fasta,0.00620924411654182,6.073425303564874e-06,0.42230490890732536,CM
,235560,Contig_305281.fasta,0.0213548929428015,8.748279782829152e-05,0.46932180448276484,CM
,235560,Contig_1264101.fasta,0.0035561193645840482,1.5757510552020657e-06,0.38559030825654433,CM
,235560,Contig_53427.fasta,0.017607717496828632,5.979083177215307e-05,0.4639700932764666,CM
,235560,Contig_1063267.fasta,0.0209490848333115,8.82553580733279e-05,0.46955728958285653,CM
,235560,Contig_555358.fasta,0.005550294311557261,3.6178169223341216e-06,0.4079458056402062,CM
,235560,Contig_368078.fasta,0.017866233559961437,5.937877033814334e-05,0.4644306094980809,CM
,235560,Contig_798280.fasta,0.01422036215485869,3.950713933970134e-05,0.45450591458894274,CM
,235560,Contig_57241.fasta,0.008512444211981884,1.2648436031445701e-05,0.43567396561388877,CM
,235560,Contig_550914.fasta,0.0011461722147824013,0.0,0.3104935892961623,CM
,235560,Contig_202130.fasta,0.0021021666115923513,4.871769289205019e-07,0.34609011765481995,CM
,235560,Contig_792223.fasta,0.01744665191579054,5.873746167125799e-05,0.4630517952195117,CM
,235560,Contig_368085.fasta,0.01819685417079846,6.471322786682493e-05,0.46512310046651745,CM
,235560,Contig_713989.fasta,0.017611946766466317,5.8786703460760674e-05,0.4623654536258069,CM
,235560,Contig_56628.fasta,0.02132265641370089,8.82368075193239e-05,0.47026516489378545,CM
,235560,Contig_369883.fasta,0.007100928384146964,7.657087748841326e-06,0.4232599177470073,CM
,235560,Contig_500548.fasta,0.003576786507956596,2.0265295766588393e-06,0.38863275670209013,CM
,235560,Contig_138155.fasta,0.017397695255405677,5.73484133677189e-05,0.4619090217860973,CM
,235560,Contig_307949.fasta,0.023974728343894795,0.00011157762869550313,0.47168733777148847,CM
,235560,Contig_135889.fasta,0.020249962902718296,7.706873964589236e-05,0.46767999906978164,CM
,235560,Contig_56903.fasta,0.009340606804057806,1.5821882524896067e-05,0.43832678132957054,CM
,235560,Contig_134889.fasta,0.020805349561590313,8.291060860444674e-05,0.46767999906978164,CM
,235560,Contig_367996.fasta,0.011683296265839204,2.5593921464529436e-05,0.4460570439173656,CM
,235560,Contig_57903.fasta,0.01208997742214531,2.818623311304704e-05,0.4505670092145561,CM
,235560,Contig_139294.fasta,0.016215319912436316,5.049846966403013e-05,0.4573937820814434,CM
,235560,Contig_180.fasta,0.006261362321189836,6.870730472409836e-06,0.4236431317965745,CM
,235560,Contig_1268736.fasta,0.02673370054642763,0.00013470946908304197,0.4750394305272249,CM
,235560,Contig_308022.fasta,0.023311215890983405,0.00010566875349325278,0.47168733777148847,CM
,235560,Contig_985128.fasta,0.015190421722001171,4.565679068433302e-05,0.4571703361693371,CM
,235560,Contig_371212.fasta,0.02368087436268,0.00010823959896340424,0.4724016547898198,CM
,235560,Contig_421597.fasta,0.009059903994899988,1.3608951320034959e-05,0.4316548330897754,CM
,235560,Contig_985291.fasta,0.020654155570953188,8.31870200923743e-05,0.46838222129060714,CM
,235560,Contig_59394.fasta,0.00981564752863586,1.6828685847594384e-05,0.44059683528184235,CM
,235560,Contig_498502.fasta,0.01673315633037678,5.091365917441853e-05,0.4621371250067324,CM
,235560,Contig_423189.fasta,0.016613795987239877,5.1312786840039365e-05,0.46145349020642656,CM
,235560,Contig_543062.fasta,0.0023839257613078946,6.04079794133167e-07,0.3600722116731947,CM
,235560,Contig_543821.fasta,0.0,0.0,0.0,CM
,235560,Contig_429994.fasta,0.01989310243047771,7.630829578234172e-05,0.46791383906931655,CM
,235560,Contig_1065861.fasta,0.019470921909479768,7.315774769833692e-05,0.46535438992473055,CM
,235560,Contig_55662.fasta,0.020949059481096894,8.515989818961359e-05,0.46791383906931655,CM
,235560,Contig_1268437.fasta,0.006483730326395666,6.3716378771221e-06,0.4179668057787553,CM
,235560,Contig_1065067.fasta,0.0,0.0,0.0,CM
,235560,Contig_135849.fasta,0.02007533821548347,8.074120267254074e-05,0.46767999906978164,CM
,235560,Contig_4084.fasta,0.016453390138716262,5.330109797196021e-05,0.4603185824587472,CM
,235560,Contig_424464.fasta,0.005895061953625073,4.8171182228700784e-06,0.4144498131703424,CM
,235560,Contig_371156.fasta,0.021549142817115407,8.822344027067682e-05,0.4669798793106951,CM
,235560,Contig_502196.fasta,0.01923414663659336,7.160766835974474e-05,0.4662818525852681,CM
,235560,Contig_1260871.fasta,0.006200026630826279,6.458165582671478e-06,0.4209751138725295,CM
,235560,Contig_368806.fasta,0.004807120567574159,3.4181542501841005e-06,0.40320020600544293,CM
,235560,Contig_58444.fasta,0.014824157830967142,4.163985085117082e-05,0.4562787314181536,CM
,235560,Contig_984996.fasta,0.013011781607074365,3.274675107569531e-05,0.45494782602753187,CM
,235560,Contig_990044.fasta,0.015248361245765093,4.34414831578543e-05,0.45694710846612946,CM
,235560,Contig_1274572.fasta,0.017883454663199305,6.089184709799262e-05,0.46466121059515053,CM
,235560,Contig_542553.fasta,0.019151621815974337,7.441271705186238e-05,0.4660496405072874,CM
,235560,Contig_131771.fasta,0.024469232032236735,0.0001220383703512039,0.4750394305272249,CM
,235560,Contig_499076.fasta,0.013474283619869356,3.402005073211635e-05,0.45406486081447506,CM
,235560,Contig_134152.fasta,0.016279783567800188,4.85904571704892e-05,0.45806543227539553,CM
,235560,Contig_131734.fasta,0.019957253095979177,7.489391252962032e-05,0.4669798793106951,CM
,235560,Contig_58559.fasta,0.01458373434767537,4.2675090591892244e-05,0.4591892434438828,CM
,235560,Contig_55483.fasta,0.005030205990111425,3.7176895360757715e-06,0.41045073602571625,CM
,235560,Contig_55811.fasta,0.00938565253116475,1.493936378192832e-05,0.4375070959039893,CM
,235560,Contig_985419.fasta,0.017141123989195085,5.4179375441068e-05,0.4596403134276194,CM
,235560,Contig_213506.fasta,0.028048581023139226,0.00015975660926251218,0.47868423434201185,CM
,235560,Contig_135253.fasta,0.025369066986766355,0.00012398611114313075,0.4735970031065957,CM
,235560,Contig_24576898.fasta,0.004775781699787744,4.357692541142513e-06,0.4070585811825285,CM
,235560,Contig_306742.fasta,0.01865917965651136,6.962750548143517e-05,0.4660496405072874,CM
,235560,Contig_55353.fasta,0.008606678954029022,1.2144926636533843e-05,0.43648679017660125,CM
,235560,Contig_1063497.fasta,0.0010777473068692724,0.0,0.3047306018035275,CM
,235560,Contig_302609.fasta,0.01992118035293314,8.095531604165109e-05,0.4688515421536238,CM
,235560,Contig_1063840.fasta,0.009639458519420946,1.6651091836297587e-05,0.44247171543197783,CM
,235560,Contig_986139.fasta,0.014937017380657489,4.258064448923493e-05,0.45494782602753187,CM
,235560,Contig_370130.fasta,0.017208400319777224,5.442789936668406e-05,0.46054511719420915,CM
,235560,Contig_54604.fasta,0.015494491220548684,4.602500720895568e-05,0.4585142960012901,CM
,235560,Contig_554797.fasta,0.014963721304579318,4.128929921143863e-05,0.4558342319233478,CM
,235560,Contig_421549.fasta,0.005045943484739037,4.259544474838567e-06,0.4135341043476063,CM
,235560,Contig_61036.fasta,0.025558560813483792,0.00012577977866673487,0.47479841610280726,CM
,235560,Contig_303473.fasta,0.009902988457166926,1.737092155556308e-05,0.4439410237849303,CM
,235560,Contig_501657.fasta,0.015543406720218086,4.6591012775913873e-05,0.4562787314181536,CM
,235560,Contig_1062279.fasta,0.013053187474108609,3.4064460280634846e-05,0.45384465477140307,CM
,235560,Contig_58467.fasta,0.0011982165042336882,0.0,0.3153058214752807,CM
,235560,Contig_709008.fasta,0.01647880099721843,5.259940663194095e-05,0.4603185824587472,CM
,235560,Contig_306639.fasta,0.004778698421800773,3.405492884614156e-06,0.4038962788686375,CM
,235560,Contig_134328.fasta,0.022920433996844528,9.952955895701254e-05,0.47026516489378545,CM
,235560,Contig_791908.fasta,0.0025273863255668378,4.550560655960551e-07,0.36814621484603977,CM
,235560,Contig_24572783.fasta,0.011866935688742152,2.634297410333936e-05,0.4484080872729435,CM
,235560,Contig_53481.fasta,0.0,0.0,0.0,CM
,235560,Contig_931044.fasta,0.020874308455815123,8.031080708124871e-05,0.46721301954000655,CM
,235560,Contig_369322.fasta,0.022415580925325407,9.865263435373052e-05,0.4714497119086313,CM
,235560,Contig_553512.fasta,0.0026038998238243944,8.075976413654382e-07,0.37298831332747434,CM
,235560,Contig_368367.fasta,0.0022998003183702033,6.331504972918004e-07,0.35637002213961655,CM
,235560,Contig_986515.fasta,0.015679221436090927,4.735489807150887e-05,0.4596403134276194,CM
,235560,Contig_61542.fasta,0.012378243480320515,2.986355553654626e-05,0.44776443930078136,CM
,235560,Contig_137592.fasta,0.025454426724074747,0.00012916590086835646,0.4755221941761347,CM
,235560,Contig_498311.fasta,0.009060479144708743,1.4639499470361575e-05,0.43466218213591873,CM
,235560,Contig_369512.fasta,0.010696074519046684,2.012746663625451e-05,0.4439410237849303,CM
,235560,Contig_135235.fasta,0.0037364932999118063,1.9940413531985143e-06,0.39503067882593207,CM
,235560,Contig_62671.fasta,0.008501029091250145,1.176401034353302e-05,0.433454227947491,CM
,235560,Contig_370401.fasta,0.02068246549768783,8.559489869155227e-05,0.46838222129060714,CM
,235560,Contig_2412.fasta,0.0037278518294607847,2.153362826958805e-06,0.3922161266297708,CM
,235560,Contig_370444.fasta,0.0252165951405135,0.0001188961493577265,0.4731181385938489,CM
,235560,Contig_57800.fasta,0.027713455705782444,0.00015132887257769545,0.4769763904885999,CM
,235560,Contig_56006.fasta,0.017148327804653335,5.852473635680869e-05,0.4621371250067324,CM
,235560,Contig_371401.fasta,0.005462956643617495,4.635602643802195e-06,0.4086583747330275,CM
,235560,Contig_56492.fasta,0.0010777473068692724,0.0,0.3047306018035275,CM
,235560,Contig_3412.fasta,0.0021621004898290806,5.572202109407114e-07,0.3480207058901573,CM
,235560,Contig_498484.fasta,0.0167176834387771,5.6125991714801265e-05,0.46282278839695007,CM
,235560,Contig_303206.fasta,0.015094873868073407,4.421222710200661e-05,0.4571703361693371,CM
,235560,Contig_368656.fasta,0.022993632255134858,9.916293881212955e-05,0.470501597857533,CM
,235560,Contig_552825.fasta,0.027547870303844618,0.00014973123353550263,0.47673340710067913,CM
,235560,Contig_55071.fasta,0.027023527403257544,0.0001422538423689053,0.4769763904885999,CM
,235560,Contig_993479.fasta,0.024410241995061817,0.0001170226768479441,0.4735970031065957,CM
,235560,Contig_499778.fasta,0.011209552213557638,2.3026481829406194e-05,0.4452082198566285,CM
,235560,Contig_5203.fasta,0.0020843998229004243,3.335505019309038e-07,0.34104507220795666,CM
,235560,Contig_139312.fasta,0.019855787412826682,7.608977443327925e-05,0.46767999906978164,CM
,235560,Contig_132309.fasta,0.016481867651489727,5.09223195727588e-05,0.45986618090350523,CM
,235560,Contig_1064674.fasta,0.004644901431305678,3.2939114020573378e-06,0.40164278031700995,CM
,235560,Contig_551478.fasta,0.009496296125683144,1.4581112251583488e-05,0.43914954394116995,CM
,235560,Contig_549697.fasta,0.002322161866107115,6.56408010173681e-07,0.35421183881098905,CM
,235560,Contig_424567.fasta,0.009279023779886675,1.5091938859492257e-05,0.43709840174620884,CM
,235560,Contig_549556.fasta,0.00854499987506782,1.2768587207239263e-05,0.4358768878149199,CM
,235560,Contig_1064927.fasta,0.022895483342783594,0.0001036224956384881,0.471925203297344,CM
,235560,Contig_134109.fasta,0.004860738109486243,3.831823068773304e-06,0.4061752075254484,CM
,235560,Contig_550094.fasta,0.021244027207469318,8.52708194845197e-05,0.4688515421536238,CM
,235560,Contig_136183.fasta,0.02459124939837659,0.00012047219085039955,0.4750394305272249,CM
,235560,Contig_499700.fasta,0.021196711451309417,8.80609580339058e-05,0.4700289694317595,CM
,235560,Contig_131801.fasta,0.01289815575299689,3.198252490183008e-05,0.45143641010064306,CM
,235560,Contig_303182.fasta,0.0,0.0,0.0,CM
,235560,Contig_502444.fasta,0.02529078674961294,0.00011988035667426435,0.4731181385938489,CM
,235560,Contig_203422.fasta,0.0060640127980377805,5.62294622592009e-06,0.41740752816174537,CM
,235560,Contig_61582.fasta,0.0206105779677335,8.113205134629186e-05,0.4665142961807742,CM
,235560,Contig_204934.fasta,0.012668444419507829,3.186594452358094e-05,0.45143641010064306,CM
,235560,Contig_302553.fasta,0.013000204459061427,3.1747601647614954e-05,0.45252789078270456,CM
,235560,Contig_308121.fasta,0.024323025053021082,0.0001122050778555425,0.471925203297344,CM
,235560,Contig_502068.fasta,0.0020137879110847965,4.6265365104338263e-07,0.3378439271258603,CM
,235560,Contig_134208.fasta,0.02203377373608096,9.6924281406804e-05,0.4714497119086313,CM
,235560,Contig_372022.fasta,0.020556097931211863,8.628935910719305e-05,0.46908655545796146,CM
,235560,Contig_542609.fasta,0.020695886326111128,8.400989812312791e-05,0.46791383906931655,CM
,235560,Contig_60217.fasta,0.013470332558909877,3.2775355727804835e-05,0.4518723699365684,CM
,235560,Contig_993700.fasta,0.021473850818381473,8.925524882132324e-05,0.47026516489378545,CM
,235560,Contig_58603.fasta,0.01863241353402696,6.465597680493843e-05,0.46489204080408997,CM
,235560,Contig_62124.fasta,0.026766364250512185,0.00013871903313563606,0.47600594005016944,CM
,235560,Contig_428405.fasta,0.008290006667146322,1.3973917340892472e-05,0.43466218213591873,CM
,235560,Contig_498444.fasta,0.014282292604512577,4.002491227793721e-05,0.4582897542304766,CM
,235560,Contig_543124.fasta,0.003565955745372106,1.7795600095727312e-06,0.38976579680909335,CM
,235560,Contig_502700.fasta,0.008150955769687175,1.2920133953115081e-05,0.43526868750634096,CM
,235560,Contig_547137.fasta,0.0,0.0,0.0,CM
,235560,Contig_303062.fasta,0.02329372487920052,0.00010697147057197165,0.4726402414841581,CM
,235560,Contig_986691.fasta,0.006851524324544486,8.401705799312771e-06,0.4211645716195468,CM
,235560,Contig_930711.fasta,0.023279490270700493,0.00010900910775183611,0.4735970031065957,CM
,235560,Contig_550174.fasta,0.015201077719778178,4.440740383215962e-05,0.4578413298134213,CM
,235560,Contig_132605.fasta,0.009623703962015062,1.6129612168983864e-05,0.4410121009135877,CM
,235560,Contig_985136.fasta,0.0058138327916768,6.148635102322995e-06,0.41573863977726927,CM
,235560,Contig_135781.fasta,0.020961291430041683,8.604089456421626e-05,0.46908655545796146,CM
,235560,Contig_135350.fasta,0.020008584561574463,8.077693935841789e-05,0.46838222129060714,CM
,235560,Contig_24572895.fasta,0.01598352339503548,4.930566234498201e-05,0.4589640402837828,CM
,235560,Contig_549067.fasta,0.003355666427450085,1.4379319927405595e-06,0.3791846345780523,CM
,235560,Contig_201548.fasta,0.0012986080921830287,0.0,0.32641356056457377,CM
,235560,Contig_423546.fasta,0.002315027509029893,5.460641296644752e-07,0.3536763711786217,CM
,235560,Contig_56965.fasta,0.023205146512596392,0.00010335864276077627,0.4721633088489572,CM
,235560,Contig_989310.fasta,0.020146444908932044,7.755997874190705e-05,0.466746971640216,CM
,235560,Contig_1268491.fasta,0.0013449968648854903,0.0,0.3311492137787095,CM
,235560,Contig_306129.fasta,0.01409056214381222,3.829540558230908e-05,0.45539059763437134,CM
,235560,Contig_420630.fasta,0.0,0.0,0.0,CM
,235560,Contig_133996.fasta,0.025035751713920362,0.0001264790895901741,0.47479841610280726,CM
,235560,Contig_932723.fasta,0.012407148862083914,2.7810518320502973e-05,0.4475503004010679,CM
,235560,Contig_501147.fasta,0.009427744074715201,1.6396011621371177e-05,0.44038949559465085,CM
,235560,Contig_303326.fasta,0.01514650760577367,4.531971214349847e-05,0.4565013064090893,CM
,235560,Contig_131637.fasta,0.015973770776109855,4.586836311214079e-05,0.45806543227539553,CM
,235560,Contig_309378.fasta,0.009133083827486257,1.3409369060942697e-05,0.43285276509650006,CM
,235560,Contig_987947.fasta,0.004879214844043921,3.882543659351865e-06,0.4063515753967143,CM
,235560,Contig_794883.fasta,0.02158211346501508,8.860509459542701e-05,0.46908655545796146,CM
,235560,Contig_500102.fasta,0.025139027553804823,0.0001269762607677091,0.4750394305272249,CM
,235560,Contig_371148.fasta,0.012247606290028214,2.9521141513007303e-05,0.4516542848159426,CM
,235560,Contig_429171.fasta,0.024209359569734894,0.00011456299528174074,0.4731181385938489,CM
,235560,Contig_543887.fasta,0.00234438871901609,6.686414961846047e-07,0.3582801217988641,CM
,235560,Contig_53404.fasta,0.021868948331066018,9.545909884610049e-05,0.4700289694317595,CM
,235560,Contig_53441.fasta,0.006445448916844557,6.209075666520943e-06,0.4128044455838699,CM
,235560,Contig_542338.fasta,0.01764550637470412,6.297252568441449e-05,0.464200237171941,CM
,235560,Contig_1065711.fasta,0.011049965922255524,2.3472232976493564e-05,0.44862304800509734,CM
,235560,Contig_984988.fasta,0.01970632166486466,7.563675966509886e-05,0.4662818525852681,CM
,235560,Contig_368263.fasta,0.019551161897701504,7.315259830492887e-05,0.4660496405072874,CM
,235560,Contig_993761.fasta,0.01362696951821583,3.405972343243368e-05,0.453185316289895,CM
,235560,Contig_542943.fasta,0.011313861162401089,2.253787661028929e-05,0.44436262019878114,CM
,235560,Contig_133011.fasta,0.012239058865932382,2.8984077250872456e-05,0.4520906657674556,CM
,235560,Contig_542594.fasta,0.006915923171909622,7.722469938945176e-06,0.42287739635726757,CM
,235560,Contig_548958.fasta,0.01997034610211978,7.991716854556761e-05,0.4681479130258295,CM
,235560,Contig_931946.fasta,0.015024320759647287,4.3967495792497166e-05,0.4567240986523344,CM
,235560,Contig_1063039.fasta,0.012506638070246975,2.9287046387022942e-05,0.4492691685735156,CM
,235560,Contig_502009.fasta,0.022048097521224705,9.577119841677486e-05,0.47073826868140495,CM
,235560,Contig_498308.fasta,0.018059188334623437,6.586888456352994e-05,0.4660496405072874,CM
,235560,Contig_53952.fasta,0.021870431647181728,9.329596004569342e-05,0.46955728958285653,CM
,235560,Contig_929016.fasta,0.011381536452636875,2.6163288280395815e-05,0.4469091108589461,CM
,235560,Contig_55444.fasta,0.01488062462108694,4.2626161319546956e-05,0.4551691041530317,CM
,235560,Contig_58949.fasta,0.010428202331511946,1.7731316559720867e-05,0.44018235095890546,CM
,235560,Contig_1065204.fasta,0.019534688575896242,7.212293343459489e-05,0.46512310046651745,CM
,235560,Contig_55095.fasta,0.02109082420438423,8.19440794842474e-05,0.46791383906931655,CM
,235560,Contig_986384.fasta,0.022073984237822714,9.594106194123234e-05,0.47073826868140495,CM
,235560,Contig_420408.fasta,0.02159931060117146,9.16820807345669e-05,0.47026516489378545,CM
,235560,Contig_137576.fasta,0.025878419924638428,0.0001297115753156389,0.4755221941761347,CM
,235560,Contig_53578.fasta,0.015292470590172727,4.702421494989351e-05,0.45986618090350523,CM
,235560,Contig_56433.fasta,0.01186335229100707,2.7059113689567932e-05,0.45013356331824583,CM
,235560,Contig_24577731.fasta,0.018580917822672495,6.25833715928088e-05,0.46351048941982814,CM
,235560,Contig_56476.fasta,0.021909451009799664,9.062856431126849e-05,0.46838222129060714,CM
,235560,Contig_54700.fasta,0.017419541519914362,5.7806914800026124e-05,0.46259400797757444,CM
,235560,Contig_1064903.fasta,0.018743984429794285,6.67912666272457e-05,0.4639700932764666,CM
,235560,Contig_542569.fasta,0.003222614607943292,1.1222700908595165e-06,0.3746307758761541,CM
,235560,Contig_1062081.fasta,0.003470215718451471,1.6030468115886411e-06,0.3791846345780523,CM
,235560,Contig_24576774.fasta,0.0037663107364541188,1.8847292382557467e-06,0.3932049067809382,CM
,235560,Contig_138216.fasta,0.0189092750583338,6.953722415648121e-05,0.46535438992473055,CM
,235560,Contig_799287.fasta,0.009628145860487656,1.758688135406677e-05,0.4422626078159892,CM
,235560,Contig_1066406.fasta,0.024302323675093204,0.0001203337657220764,0.47407683796283334,CM
,235560,Contig_371290.fasta,0.009338037450305052,1.6309212656474985e-05,0.4377117297187245,CM
,235560,Contig_498639.fasta,0.013235943876213857,3.379318637191453e-05,0.45494782602753187,CM
,235560,Contig_542359.fasta,0.007951340298035726,1.047940075943875e-05,0.4304635134032351,CM
,235560,Contig_991920.fasta,0.01875350180472803,7.229295135596226e-05,0.46581765960111154,CM
,235560,Contig_306564.fasta,0.005912871036919298,5.6342595067731e-06,0.4162934511292852,CM
,235560,Contig_550251.fasta,0.0012589029589389043,0.0,0.3211488257167581,CM
,235560,Contig_131613.fasta,0.014417243055118788,3.958635172881972e-05,0.4558342319233478,CM
,235560,Contig_423948.fasta,0.0,0.0,0.0,CM
,235560,Contig_56904.fasta,0.008156805304957302,1.1936606224030621e-05,0.4316548330897754,CM
,235560,Contig_135088.fasta,0.020632803388478324,8.287631803729474e-05,0.4674463926766399,CM
,235560,Contig_427790.fasta,0.024729919960746936,0.0001226475048873054,0.47407683796283334,CM
,235560,Contig_246.fasta,0.007317640115088333,8.695792866849461e-06,0.4292787514397399,CM
,235560,Contig_139152.fasta,0.01884832383082307,6.703487387762258e-05,0.46466121059515053,CM
,235560,Contig_60097.fasta,0.00439409961491155,2.7614046597713747e-06,0.38992819922443045,CM
,235560,Contig_309018.fasta,0.023947024879366917,0.0001129098663767442,0.4726402414841581,CM
,235560,Contig_368416.fasta,0.009586203265983119,1.686843314722343e-05,0.4420536977508895,CM
,235560,Contig_305513.fasta,0.026665525835455485,0.000136973758256839,0.4750394305272249,CM
,235560,Contig_137002.fasta,0.008563880987330292,1.1658310849895214e-05,0.4342587833589945,CM
,235560,Contig_421629.fasta,0.0,0.0,0.0,CM
,235560,Contig_625912.fasta,0.0,0.0,0.0,CM
,235560,Contig_131696.fasta,0.012095142415301881,2.805877066529444e-05,0.4497009505711836,CM
,235560,Contig_304203.fasta,0.02655620986340793,0.00014402573820400746,0.4774631010911394,CM
,235560,Contig_420590.fasta,0.012687322008779514,3.182878443105374e-05,0.4499171529512659,CM
,235560,Contig_370681.fasta,0.02200189115893763,0.00010063656207192065,0.47168733777148847,CM
,235560,Contig_548716.fasta,0.009726823209161392,1.6613525391188504e-05,0.44163646915461685,CM
,235560,Contig_212088.fasta,0.018235709533804826,6.19705730387735e-05,0.4609988562259276,CM
,235560,Contig_985929.fasta,0.013787468376540496,3.4873463117462114e-05,0.4516542848159426,CM
,235560,Contig_1124471.fasta,0.0012589029589389043,0.0,0.3211488257167581,CM
,235560,Contig_24578704.fasta,0.024330170188699974,0.00011722265387398744,0.4731181385938489,CM
,235560,Contig_53458.fasta,0.015144639752292575,4.202361355848414e-05,0.4565013064090893,CM
,235560,Contig_369801.fasta,0.01001488245548166,1.9553945285742207e-05,0.4397686457418388,CM
,235560,Contig_498641.fasta,0.017385787966212214,5.625610912456083e-05,0.46122606118217496,CM
,235560,Contig_984991.fasta,0.01983569011671666,7.856105309340842e-05,0.46721301954000655,CM
,235560,Contig_501958.fasta,0.00827850622971375,1.3280149201691478e-05,0.43285276509650006,CM
,235560,Contig_133189.fasta,0.0011759896513247137,0.0,0.3116309284510933,CM
,235560,Contig_62449.fasta,0.02209887463605209,9.724241895772675e-05,0.47073826868140495,CM
,235560,Contig_370912.fasta,0.026193416439977583,0.00013861556771619082,0.47624818225884635,CM
,235560,Contig_542449.fasta,0.0012387305222453756,0.0,0.31841703917612557,CM
,235560,Contig_548885.fasta,0.0023118204380776193,4.322995632670481e-07,0.3534092440100578,CM
,235560,Contig_367951.fasta,0.016090829548836123,4.7894127488631345e-05,0.4573937820814434,CM
,235560,Contig_1234.fasta,0.02138641208278496,9.274545910283442e-05,0.47073826868140495,CM
,235560,Contig_53375.fasta,0.0087275800010762,1.3674902355536822e-05,0.4348641627038258,CM
,235560,Contig_1064866.fasta,0.0025903210851294053,6.128608447055422e-07,0.3734348276690475,CM
,235560,Contig_55484.fasta,0.02052482383061014,8.16424122554864e-05,0.46721301954000655,CM
,235560,Contig_309986.fasta,0.021060252150264733,8.788739079818673e-05,0.46838222129060714,CM
,235560,Contig_2772.fasta,0.0011759896513247137,0.0,0.3116309284510933,CM
,235560,Contig_133368.fasta,0.022093298942961408,9.791854264151975e-05,0.4714497119086313,CM
,235560,Contig_1062791.fasta,0.006024125669040024,6.3528936700939706e-06,0.4162934511292852,CM
,235560,Contig_802396.fasta,0.00198765433605689,3.6534487849694854e-07,0.3411694050815286,CM
,235560,Contig_1063340.fasta,0.01401076573195357,3.957751574067652e-05,0.4565013064090893,CM
,235560,Contig_500006.fasta,0.023224288831083933,0.00010739636951220465,0.47287906929693435,CM
,235560,Contig_132445.fasta,0.018154592458937493,6.653993186321013e-05,0.46558590952170803,CM
,235560,Contig_992335.fasta,0.023078970775257647,9.971285359146876e-05,0.47026516489378545,CM
,235560,Contig_500492.fasta,0.02092234962577454,8.129195179268281e-05,0.46767999906978164,CM
,235560,Contig_304732.fasta,0.014356978557912334,4.069047288440543e-05,0.4565013064090893,CM
,235560,Contig_545842.fasta,0.007164679502335394,9.122391589664959e-06,0.42634518366224744,CM
,235560,Contig_552844.fasta,0.002353037528032982,6.52012725494612e-07,0.35800599775770203,CM
,235560,Contig_57067.fasta,0.003536370500765858,1.327446830204246e-06,0.384797565024109,CM
,235560,Contig_2436.fasta,0.0049279575258388345,3.967236884512574e-06,0.41063083727013294,CM
,235560,Contig_133069.fasta,0.001222053011500931,0.0,0.31830873406075955,CM
,235560,Contig_420771.fasta,0.01987944194498525,8.029145995784555e-05,0.46838222129060714,CM
,235560,Contig_56861.fasta,0.012625840387609942,2.996182738871509e-05,0.4499171529512659,CM
,235560,Contig_132069.fasta,0.018189774797694985,6.504960123624599e-05,0.46535438992473055,CM
,235560,Contig_551070.fasta,0.009414647599868873,1.667681066856592e-05,0.4410121009135877,CM
,235560,Contig_985077.fasta,0.005698536369246326,5.868712202177349e-06,0.4146334417982424,CM
,235560,Contig_551035.fasta,0.0012710681521899765,0.0,0.3222547101028351,CM
,235560,Contig_545300.fasta,0.0,0.0,0.0,CM
,235560,Contig_542610.fasta,0.0022677520135301753,5.376047694875214e-07,0.352610278123072,CM
,235560,Contig_1065239.fasta,0.017314357817785835,5.575253386694026e-05,0.46122606118217496,CM
,235560,Contig_370582.fasta,0.011564015773908226,2.2456236532950344e-05,0.4439410237849303,CM
,235560,Contig_57185.fasta,0.008479884692459675,1.3200172233543214e-05,0.4377117297187245,CM
,235560,Contig_131669.fasta,0.019262402639463015,6.960594374492915e-05,0.4637401774720679,CM
,235560,Contig_136379.fasta,0.019137889915800066,6.968952132687998e-05,0.4660496405072874,CM
,235560,Contig_986919.fasta,0.013930514031182195,3.5126895590141506e-05,0.45406486081447506,CM
,235560,Contig_61778.fasta,0.023134949884165246,0.00010507462874986245,0.4712123253467438,CM
,235560,Contig_53377.fasta,0.0037907521940336994,1.6892875975010349e-06,0.3928747599238594,CM
,235560,Contig_61055.fasta,0.01886053759099565,7.295643500322521e-05,0.4674463926766399,CM
,235560,Contig_932015.fasta,0.015394251981948095,4.66908403176321e-05,0.4603185824587472,CM
,235560,Contig_304943.fasta,0.003389981541260074,1.5173325744164769e-06,0.3816589225687737,CM
,235560,Contig_303410.fasta,0.01741457801944555,6.242340591401874e-05,0.4644306094980809,CM
,235560,Contig_797051.fasta,0.010497540238101325,2.0379685747355577e-05,0.44457371883070457,CM
,235560,Contig_368429.fasta,0.019221006504557926,7.501047972602722e-05,0.46535438992473055,CM
,235560,Contig_369429.fasta,0.01067397069260256,2.171882780666255e-05,0.4439410237849303,CM
,235560,Contig_498995.fasta,0.02249888522169995,0.00010015329548299987,0.47026516489378545,CM
,235560,Contig_132970.fasta,0.009441604025531129,1.680117314748998e-05,0.4389435638548935,CM
,235560,Contig_369790.fasta,0.014526657265327397,4.157936439817308e-05,0.45806543227539553,CM
,235560,Contig_498542.fasta,0.003394433416400365,1.4395113559906933e-06,0.3790310563542459,CM
,235560,Contig_369341.fasta,0.020494555053269508,7.890734651399906e-05,0.46489204080408997,CM
,235560,Contig_60785.fasta,0.007499339750962844,1.0585233914732415e-05,0.4340573646283085,CM
,235560,Contig_24569917.fasta,0.00907730345856092,1.4256925132142726e-05,0.43607999913263423,CM
,235560,Contig_501535.fasta,0.008507027034442678,1.1573151306521483e-05,0.4362832998315306,CM
,235560,Contig_56399.fasta,0.015729339937018045,4.81880219651521e-05,0.4603185824587472,CM
,235560,Contig_498337.fasta,0.02646947326799322,0.00013718169714557185,0.4750394305272249,CM
,235560,Contig_137165.fasta,0.022302094369044095,9.414907352093367e-05,0.47026516489378545,CM
,235560,Contig_992875.fasta,0.010409701653460095,2.2151319101758748e-05,0.4439410237849303,CM
,235560,Contig_136120.fasta,0.0286130419649766,0.00016154143431307955,0.4779508059952161,CM
,235560,Contig_425638.fasta,0.0,0.0,0.0,CM
,235560,Contig_1267810.fasta,0.025627544950866613,0.00013138208746336276,0.47528068976060595,CM
,235560,Contig_370427.fasta,0.0024768123481783482,6.882488752843879e-07,0.3651298002881908,CM
,235560,Contig_131789.fasta,0.021350607212813365,8.926358404623542e-05,0.46861676421564,CM
,235560,Contig_2471.fasta,0.019261466661238458,7.147126804965502e-05,0.46466121059515053,CM
,235560,Contig_1062006.fasta,0.01581438502021947,4.828380233200611e-05,0.4616811436303074,CM
,235560,Contig_1125243.fasta,0.024244569699129494,0.00011591469810977886,0.47287906929693435,CM
,235560,Contig_57065.fasta,0.008536351066050928,1.2895134864089347e-05,0.43567396561388877,CM
,235560,Contig_61698.fasta,0.015001682811332078,4.1426048201025805e-05,0.45561230678609205,CM
,235560,Contig_302649.fasta,0.018268425923374156,6.527432581505072e-05,0.4639700932764666,CM
,235560,Contig_423091.fasta,0.016236024319605396,4.759386606841646e-05,0.4594146677165602,CM
,235560,Contig_54356.fasta,0.007460380990371712,8.68432456407655e-06,0.4310583501329494,CM
,235560,Contig_546759.fasta,0.0071099843952675285,9.174196473684257e-06,0.4277091764801797,CM
,235560,Contig_307829.fasta,0.021203659688813544,8.590493486418194e-05,0.46861676421564,CM
,235560,Contig_56065.fasta,0.01883183900946223,6.469968369783081e-05,0.46489204080408997,CM
,235560,Contig_793801.fasta,0.017514483646719647,5.867095044289836e-05,0.46282278839695007,CM
,235560,Contig_809830.fasta,0.008276556943399677,1.2644857812656903e-05,0.43305306716271774,CM
,235560,Contig_57449.fasta,0.01238468421975208,2.9264643552626808e-05,0.44733636622305595,CM
,235560,Contig_55851.fasta,0.008056949572179676,1.2544817268444198e-05,0.4308598886457795,CM
,235560,Contig_54486.fasta,0.013163393778112036,2.944356005471425e-05,0.45143641010064306,CM
,235560,Contig_371875.fasta,0.01759520346325021,6.002041978132747e-05,0.46054511719420915,CM
,235560,Contig_308206.fasta,0.0,0.0,0.0,CM
,235560,Contig_56474.fasta,0.0210719234642809,8.764872436662241e-05,0.46979301111377164,CM
,235560,Contig_54702.fasta,0.0013449968648854903,0.0,0.3311492137787095,CM
,235560,Contig_131749.fasta,0.01310755778788342,3.2888662166823876e-05,0.45362466220971065,CM
,235560,Contig_370036.fasta,0.025167352191721438,0.00012503631014573578,0.47407683796283334,CM
,235560,Contig_986386.fasta,0.0128336350656221,3.227408510343669e-05,0.4518723699365684,CM
,235560,Contig_62203.fasta,0.018396567752662695,6.468714169906677e-05,0.4637401774720679,CM
,235560,Contig_499726.fasta,0.023070491416971636,0.0001041937240377452,0.47073826868140495,CM
,235560,Contig_704029.fasta,0.006743614788089899,7.677803030350655e-06,0.42268639482323084,CM
,235560,Contig_1275222.fasta,0.015456838072544492,5.073316847461685e-05,0.46259400797757444,CM
,235560,Contig_202090.fasta,0.009617064380404902,1.8600472843149046e-05,0.442681020879202,CM
,235560,Contig_134602.fasta,0.014263066191351119,3.715892392104991e-05,0.45406486081447506,CM
,235560,Contig_708522.fasta,0.01451911401138783,4.009449051074648e-05,0.453185316289895,CM
,235560,Contig_553715.fasta,0.007088335568985583,7.562719900853345e-06,0.42576327485834076,CM
,235560,Contig_56788.fasta,0.01715022645147405,5.6005658709222526e-05,0.4596403134276194,CM
,235560,Contig_543246.fasta,0.0,0.0,0.0,CM
,235560,Contig_1064243.fasta,0.015153820607446113,4.197597644121128e-05,0.4578413298134213,CM
,235560,Contig_1064692.fasta,0.002535001571546393,7.501429445087264e-07,0.3706248230252012,CM
,235560,Contig_58108.fasta,0.002550615951885281,5.004116567822354e-07,0.37047809902558715,CM
,235560,Contig_133815.fasta,0.003473326970322886,1.4809289566173632e-06,0.38041775534090777,CM
,235560,Contig_62147.fasta,0.022515506524066618,0.00010431169344262392,0.4731181385938489,CM
,235560,Contig_501081.fasta,0.009262514820221607,1.61133991581305e-05,0.4368943408677092,CM
,235560,Contig_61231.fasta,0.018721227428272792,6.556142563331705e-05,0.4637401774720679,CM
,235560,Contig_24568074.fasta,0.014119553854662958,3.820250332790628e-05,0.4547267629439422,CM
,235560,Contig_546764.fasta,0.014501685861148587,4.1022167760852025e-05,0.4551691041530317,CM
,235560,Contig_137630.fasta,0.02244668548684227,9.57584336393686e-05,0.47097517772452596,CM
,235560,Contig_498427.fasta,0.00849696296971283,1.2400092049578253e-05,0.4362832998315306,CM
,235560,Contig_24578527.fasta,0.02018954546004157,7.539265359949447e-05,0.46791383906931655,CM
,235560,Contig_132013.fasta,0.02322816610927887,0.00010846395331861767,0.4726402414841581,CM
,235560,Contig_62777.fasta,0.02422472365509317,0.00011162239003719098,0.4724016547898198,CM
,235560,Contig_550583.fasta,0.02346890304263601,0.000111532436179395,0.47407683796283334,CM
,235560,Contig_53808.fasta,0.008366661252668474,1.2374415862801191e-05,0.43567396561388877,CM
,235560,Contig_802698.fasta,0.022561783340795918,9.511433868153553e-05,0.4700289694317595,CM
,235560,Contig_369414.fasta,0.021891749176181946,8.966641363699997e-05,0.46932180448276484,CM
,235560,Contig_621060.fasta,0.02090703048738961,8.151977523432173e-05,0.46721301954000655,CM
,235560,Contig_992910.fasta,0.009282869436407472,1.4457176482982646e-05,0.4375070959039893,CM
,235560,Contig_4802.fasta,0.020996693802607606,8.507325992485713e-05,0.46838222129060714,CM
,235560,Contig_53766.fasta,0.013155605990462367,3.200624062924592e-05,0.45143641010064306,CM
,235560,Contig_201.fasta,0.006880268928747339,7.463866957146088e-06,0.42078582650118396,CM
,235560,Contig_425070.fasta,0.017454447335459512,6.395189909638564e-05,0.46512310046651745,CM
,235560,Contig_425833.fasta,0.009141042234384226,1.4986777982497616e-05,0.43506633107328363,CM
,235560,Contig_797704.fasta,0.012202480807039347,2.8036180671377684e-05,0.4512187454863226,CM
,235560,Contig_627634.fasta,0.02515847964616246,0.00012276679147912325,0.4735970031065957,CM
,235560,Contig_991161.fasta,0.023101939377996865,0.00010172746574542421,0.47097517772452596,CM
,235560,Contig_545925.fasta,0.0011982165042336882,0.0,0.3153058214752807,CM
,235560,Contig_131611.fasta,0.004666444405337943,3.5431033896457312e-06,0.39941428857816175,CM
,235560,Contig_552125.fasta,0.016166397955159565,5.1734935797930814e-05,0.46009227047130435,CM
,235560,Contig_138251.fasta,0.00569391141778308,4.599016135581202e-06,0.4086583747330275,CM
,235560,Contig_55132.fasta,0.013216967293165455,3.1501624808003914e-05,0.45143641010064306,CM
,235560,Contig_139680.fasta,0.01992835420386441,7.691703979404929e-05,0.46791383906931655,CM
,235560,Contig_55177.fasta,0.004602065911462891,3.469752707706672e-06,0.40216058364358964,CM
,235560,Contig_1067090.fasta,0.018904374167066158,7.351748449982472e-05,0.4662818525852681,CM
,235560,Contig_501431.fasta,0.013633200070933615,3.7451181111089224e-05,0.4542852806498219,CM
,235560,Contig_499446.fasta,0.01982798469586284,7.693848231252905e-05,0.46721301954000655,CM
,235560,Contig_136280.fasta,0.016630849447194992,5.553391484667708e-05,0.46282278839695007,CM
,235560,Contig_425598.fasta,0.0,0.0,0.0,CM
,235560,Contig_56039.fasta,0.010419304026498688,2.128204197058313e-05,0.4437305254332068,CM
,235560,Contig_59601.fasta,0.013257720753699255,3.36515922291361e-05,0.45450591458894274,CM
,235560,Contig_502702.fasta,0.017447017351123854,5.602737289884071e-05,0.4621371250067324,CM
,235560,Contig_544473.fasta,0.021786060794470586,8.611111487306476e-05,0.4665142961807742,CM
,235560,Contig_551703.fasta,0.024414035496399512,0.00011018988216472606,0.4726402414841581,CM
,235560,Contig_988522.fasta,0.013588106174842133,3.4935191687890614e-05,0.45296596231298797,CM
,235560,Contig_371356.fasta,0.01546220972896295,4.3096551628894116e-05,0.45694710846612946,CM
,235560,Contig_626449.fasta,0.019367734874503696,6.772383623544304e-05,0.4639700932764666,CM
,235560,Contig_548610.fasta,0.017903703934521818,6.69888702852786e-05,0.4660496405072874,CM
,235560,Contig_425664.fasta,0.008160297477279123,1.1251242572348163e-05,0.4296729468037801,CM
,235560,Contig_24566569.fasta,0.0,0.0,0.0,CM
,235560,Contig_548279.fasta,0.0012068653132505805,0.0,0.31541209239589924,CM
,235560,Contig_58194.fasta,0.02077117733267279,8.002120346609621e-05,0.46535438992473055,CM
,235560,Contig_368907.fasta,0.017590980911975855,6.30991271518626e-05,0.4644306094980809,CM
,235560,Contig_131846.fasta,0.0010873607538761769,0.0,0.3037415378573947,CM
,235560,Contig_991730.fasta,0.025511157053927824,0.00013347922653950573,0.47649067115001686,CM
,235560,Contig_368942.fasta,0.0013449968648854903,0.0,0.3311492137787095,CM
,235560,Contig_501775.fasta,0.014885943853885147,4.298298333136732e-05,0.4565013064090893,CM
,235560,Contig_368101.fasta,0.023346256964107064,0.00010540888502149399,0.4721633088489572,CM
,235560,Contig_24.fasta,0.0024833626431403468,6.154610450638254e-07,0.36655999927090993,CM
,235560,Contig_1066255.fasta,0.026748329857123956,0.000142917814805959,0.47649067115001686,CM
,235560,Contig_929331.fasta,0.018977698398306007,7.024477800785535e-05,0.46581765960111154,CM
,235560,Contig_987858.fasta,0.021829669511528017,9.190758195795839e-05,0.46908655545796146,CM
,235560,Contig_55763.fasta,0.015309321207131186,4.298467954263839e-05,0.4567240986523344,CM
,235560,Contig_420346.fasta,0.009715840946271906,1.8893770726635477e-05,0.4449965183731018,CM
,235560,Contig_370486.fasta,0.016565651296143215,5.066873079332065e-05,0.46009227047130435,CM
,235560,Contig_420797.fasta,0.005995176959423299,6.320160513506347e-06,0.41573863977726927,CM
,235560,Contig_2842.fasta,0.003346828914322628,1.3797880110015585e-06,0.3829082152776731,CM
,235560,Contig_54955.fasta,0.021776233732517646,8.975585592213532e-05,0.46838222129060714,CM
,235560,Contig_53894.fasta,0.01908871441405928,6.754037112154732e-05,0.4644306094980809,CM
,235560,Contig_54153.fasta,0.019867257562068977,7.347796678269993e-05,0.4660496405072874,CM
,235560,Contig_1061936.fasta,0.01214843261596375,2.69589468927438e-05,0.4499171529512659,CM
,235560,Contig_55116.fasta,0.024249857077048444,0.00011486745178664876,0.4724016547898198,CM
,235560,Contig_922.fasta,0.0,0.0,0.0,CM
,235560,Contig_552669.fasta,0.005895051800501664,5.8150688787622e-06,0.4162934511292852,CM
,235560,Contig_1270681.fasta,0.016883011986432637,5.7375340803865636e-05,0.46282278839695007,CM
,235560,Contig_986945.fasta,0.019575971887792528,7.52566291993623e-05,0.46535438992473055,CM
,235560,Contig_137360.fasta,0.023502672270166537,0.00011051059398720453,0.47287906929693435,CM
,235560,Contig_985270.fasta,0.012140486913758118,3.0745574152415564e-05,0.45296596231298797,CM
,235560,Contig_59388.fasta,0.012706099311522976,2.959430404769808e-05,0.45013356331824583,CM
,235560,Contig_138131.fasta,0.021872766990422322,9.640903854614682e-05,0.47026516489378545,CM
,235560,Contig_4065.fasta,0.023028723825951756,0.00010628824509069887,0.47168733777148847,CM
,235560,Contig_53742.fasta,0.0012244596842014427,0.0,0.31841703917612557,CM
,235560,Contig_371523.fasta,0.01501499155649109,4.3571088898349104e-05,0.4582897542304766,CM
,235560,Contig_24574115.fasta,0.02085892725588674,7.766389435763903e-05,0.46535438992473055,CM
,235560,Contig_422544.fasta,0.008341458558711734,1.1558524912610187e-05,0.43225296911715155,CM
,235560,Contig_499233.fasta,0.02108368539958055,8.630107452510978e-05,0.46838222129060714,CM
,235560,Contig_542382.fasta,0.0,0.0,0.0,CM
,235560,Contig_542716.fasta,0.014482853172858865,4.113089120701921e-05,0.4571703361693371,CM
,235560,Contig_131534.fasta,0.004860570649544982,3.586340848785538e-06,0.4058229306759033,CM
,235560,Contig_1066498.fasta,0.02405456268127876,0.00011477848392469325,0.4735970031065957,CM
,235560,Contig_137822.fasta,0.004472486031850222,3.844039144099893e-06,0.3992438899908844,CM
,235560,Contig_59872.fasta,0.02310687870282282,0.00010809535786478154,0.4721633088489572,CM
,235560,Contig_498523.fasta,0.007557642864033832,1.0507028849717809e-05,0.4332535546938116,CM
,235560,Contig_57119.fasta,0.023412384475348276,0.00010472787176265627,0.471925203297344,CM
,235560,Contig_1067031.fasta,0.008239758168015204,1.1425607351019464e-05,0.433454227947491,CM
,235560,Contig_372145.fasta,0.00674627666418213,9.618668179476113e-06,0.4230685705870855,CM
,235560,Contig_1062612.fasta,0.00973904152343871,1.6585627093089134e-05,0.4410121009135877,CM
,235560,Contig_422254.fasta,0.02760204422375262,0.00015241556969769005,0.4774631010911394,CM
,235560,Contig_1123102.fasta,0.01606841710838689,5.071548868830156e-05,0.457617446522559,CM
,235560,Contig_59049.fasta,0.019730655841441538,7.520952881302807e-05,0.4660496405072874,CM
,235560,Contig_209172.fasta,0.02549802721380717,0.00012255519832563575,0.47383679905753573,CM
,235560,Contig_56634.fasta,0.0038238904732381066,2.2048128489800833e-06,0.3989035286183432,CM
,235560,Contig_3298.fasta,0.0,0.0,0.0,CM
,235560,Contig_369021.fasta,0.018958692131999483,6.846965519815883e-05,0.46466121059515053,CM
,235560,Contig_304922.fasta,0.017230538651359484,5.694839745910473e-05,0.46054511719420915,CM
,235560,Contig_930796.fasta,0.016866838028158432,5.480965805242254e-05,0.4589640402837828,CM
,235560,Contig_368021.fasta,0.016629465990954155,5.559035935673412e-05,0.46351048941982814,CM
,235560,Contig_545617.fasta,0.0,0.0,0.0,CM
,235560,Contig_131608.fasta,0.0034829256627193503,1.5250908595120384e-06,0.3827516066006679,CM
,235560,Contig_370934.fasta,0.02485189697255703,0.00011977697791446902,0.47407683796283334,CM
,235560,Contig_369398.fasta,0.02264985207929394,0.00010207175377757494,0.470501597857533,CM
,235560,Contig_1064046.fasta,0.01630891165092764,4.712756534423112e-05,0.4594146677165602,CM
,235560,Contig_991399.fasta,0.024039847371373112,0.00011146892087085231,0.4714497119086313,CM
,235560,Contig_55830.fasta,0.02342192918162475,0.00010906689710439007,0.473357449741342,CM
,235560,Contig_57305.fasta,0.0034727091830163283,1.3417728596791583e-06,0.38243877324831754,CM
,235560,Contig_1063323.fasta,0.025586969944091202,0.00012882184980387033,0.47407683796283334,CM
,235560,Contig_554259.fasta,0.0,0.0,0.0,CM
,235560,Contig_1066500.fasta,0.014220360302279324,3.884294124493248e-05,0.4567240986523344,CM
,235560,Contig_59255.fasta,0.002467424844975073,7.145729562418786e-07,0.36727930853164564,CM
,235560,Contig_371829.fasta,0.023989392051254603,0.00011304448824884093,0.4735970031065957,CM
,235560,Contig_500065.fasta,0.008080279010151927,1.2047374935045874e-05,0.4342587833589945,CM
,235560,Contig_368285.fasta,0.006936260771766383,8.989295105382874e-06,0.4249898629149106,CM
,235560,Contig_542537.fasta,0.0037765415576235853,2.1822271859583486e-06,0.3956988068239463,CM
,235560,Contig_986865.fasta,0.01734288457247783,5.374381852639722e-05,0.4609988562259276,CM
,235560,Contig_60641.fasta,0.018672211499996635,6.570934899138567e-05,0.464200237171941,CM
,235560,Contig_425558.fasta,0.007409587780242238,1.0567375415877505e-05,0.43066160981989554,CM
,235560,Contig_1262982.fasta,0.008435045870444349,1.3789806965348772e-05,0.4379165550484947,CM
,235560,Contig_305.fasta,0.002186478986159979,3.798595488911139e-07,0.3550180873060065,CM
,235560,Contig_420386.fasta,0.022825979226162505,0.00010186674635490086,0.47168733777148847,CM
,235560,Contig_553448.fasta,0.0010777473068692724,0.0,0.3047306018035275,CM
,235560,Contig_138817.fasta,0.007323166284466786,8.925696413067422e-06,0.4310583501329494,CM
,235560,Contig_371446.fasta,0.007849406897240644,9.869086413285747e-06,0.4249898629149106,CM
,235560,Contig_994196.fasta,0.01972477365879246,7.637689196338475e-05,0.4669798793106951,CM
,235560,Contig_501364.fasta,0.02548885536734669,0.0001313593101137288,0.4755221941761347,CM
,235560,Contig_546659.fasta,0.016359978161515458,5.413916313581678e-05,0.46077187500671246,CM
,235560,Contig_990528.fasta,0.025964181200238804,0.00013917699859369582,0.4769763904885999,CM
,235560,Contig_371562.fasta,0.025334566009340285,0.0001255564800062044,0.4743171201919073,CM
,235560,Contig_423997.fasta,0.02786564383969064,0.00015624530162313929,0.4781950322629704,CM
,235560,Contig_57926.fasta,0.004632804750232415,3.2541421135749385e-06,0.40009733994811164,CM
,235560,Contig_309752.fasta,0.00457321107410404,3.183401020538053e-06,0.39941428857816175,CM
,235560,Contig_57120.fasta,0.014245958345008755,3.926594155490718e-05,0.4558342319233478,CM
,235560,Contig_200999.fasta,0.010376342072049148,2.1489147740354676e-05,0.4452082198566285,CM
,235560,Contig_499237.fasta,0.007225331819500503,9.0792677672937e-06,0.42888527870698123,CM
,235560,Contig_542386.fasta,0.0024809559704398357,6.408763063867351e-07,0.36655999927090993,CM
,235560,Contig_131530.fasta,0.011644787674123951,2.469682792215228e-05,0.44648267086766846,CM
,235560,Contig_501205.fasta,0.027829464838929813,0.00015554814887769482,0.47770682906515216,CM
,235560,Contig_2219.fasta,0.0,0.0,0.0,CM
,235560,Contig_139618.fasta,0.027600444022340506,0.00014907755245608368,0.4769763904885999,CM
,235560,Contig_549709.fasta,0.006052806224503601,6.22651402553171e-06,0.4202189843460409,CM
,235560,Contig_502136.fasta,0.025530119371214376,0.0001274418021853935,0.4735970031065957,CM
,235560,Contig_132297.fasta,0.014551331086225533,4.26998560728961e-05,0.4567240986523344,CM
,235560,Contig_305531.fasta,0.028987437504621617,0.00016245550980581805,0.4781950322629704,CM
,235560,Contig_61421.fasta,0.026279043185025892,0.000135042321254793,0.4745576461149255,CM
,235560,Contig_500205.fasta,0.005893067364802568,5.4642465474280325e-06,0.41481723321747915,CM
,235560,Contig_59070.fasta,0.02664002492179408,0.0001410985428139105,0.47600594005016944,CM
,235560,Contig_929505.fasta,0.017533675273375876,6.145985322935954e-05,0.4644306094980809,CM
,235560,Contig_24570476.fasta,0.018595414336701505,6.744011334560088e-05,0.46558590952170803,CM
,235560,Contig_53402.fasta,0.017238998330296306,5.80121811942121e-05,0.46351048941982814,CM
,235560,Contig_53447.fasta,0.02000268312707138,8.018049836599774e-05,0.46838222129060714,CM
,235560,Contig_137449.fasta,0.007943568278658844,1.2904847165212034e-05,0.43006786679165127,CM
,235560,Contig_133990.fasta,0.0,0.0,0.0,CM
,235560,Contig_134851.fasta,0.023209642578245294,0.00010440061270757091,0.4714497119086313,CM
,235560,Contig_425439.fasta,0.018718373550849553,6.81825629682081e-05,0.46558590952170803,CM
,235560,Contig_131631.fasta,0.004939304323678145,4.374273066784656e-06,0.4124405809337299,CM
,235560,Contig_1261393.fasta,0.013228620471307255,3.134135055043862e-05,0.453185316289895,CM
,235560,Contig_369735.fasta,0.011923994198822157,2.528685355178893e-05,0.4499171529512659,CM
,235560,Contig_56198.fasta,0.023934266185066003,0.00011156591851393622,0.4721633088489572,CM
,235560,Contig_307546.fasta,0.004495464291512227,3.1197212400241844e-06,0.3990736367328926,CM
,235560,Contig_303510.fasta,0.0011222295277298984,0.0,0.30713084284169123,CM
,235560,Contig_372408.fasta,0.003264251209815349,1.3738024366625772e-06,0.3738824123606205,CM
,235560,Contig_131842.fasta,0.006019903600066292,6.320748946418407e-06,0.41610834955030374,CM
,235560,Contig_368140.fasta,0.015826876942274064,5.037835322511602e-05,0.45873905791109465,CM
,235560,Contig_986732.fasta,0.016155232540416304,5.142393231321239e-05,0.4603185824587472,CM
,235560,Contig_302982.fasta,0.00651003608322159,7.428289034846212e-06,0.4190898692962978,CM
,235560,Contig_988949.fasta,0.015302880623604747,4.834643072336962e-05,0.4603185824587472,CM
,235560,Contig_61678.fasta,0.026154473035900898,0.0001325508874267223,0.47383679905753573,CM
,235560,Contig_498868.fasta,0.015051627197798323,4.200997071031195e-05,0.4562787314181536,CM
,235560,Contig_1065964.fasta,0.0,0.0,0.0,CM
,235560,Contig_57454.fasta,0.023998119013003714,0.00011368175229118769,0.4724016547898198,CM
,235560,Contig_370810.fasta,0.016100320637223536,5.2706641604240324e-05,0.4594146677165602,CM
,235560,Contig_372325.fasta,0.02747597945410146,0.00015040753438880081,0.4772196216923167,CM
,235560,Contig_542961.fasta,0.0036283632587545533,1.7065689750674044e-06,0.39074224556936665,CM
,235560,Contig_58291.fasta,0.01157097128437876,2.363060584035831e-05,0.44457371883070457,CM
,235560,Contig_555161.fasta,0.017604107672641898,6.285601441834633e-05,0.4660496405072874,CM
,235560,Contig_711078.fasta,0.02335188465784117,0.00010272580871527586,0.47097517772452596,CM
,235560,Contig_502392.fasta,0.013486449498680277,3.351103293382802e-05,0.45013356331824583,CM
,235560,Contig_553434.fasta,0.013465954302189243,3.438245931941953e-05,0.4516542848159426,CM
,235560,Contig_135566.fasta,0.020254719705728064,8.198526701259484e-05,0.46838222129060714,CM
,235560,Contig_201082.fasta,0.016488129212533297,5.459511733990009e-05,0.4621371250067324,CM
,235560,Contig_544432.fasta,0.013780006191624124,3.480325200824288e-05,0.4542852806498219,CM
,235560,Contig_132870.fasta,0.010402429521826437,1.725961151301108e-05,0.4399754010994984,CM
,235560,Contig_553471.fasta,0.021375828006453254,9.31607230839506e-05,0.47097517772452596,CM
,235560,Contig_1037.fasta,0.0,0.0,0.0,CM
,235560,Contig_702135.fasta,0.015265001436056311,4.4204069025458654e-05,0.4571703361693371,CM
,235560,Contig_61579.fasta,0.012937533362556767,2.9766395546604872e-05,0.4505670092145561,CM
,235560,Contig_56384.fasta,0.023111871521740494,0.00010536607462071445,0.47168733777148847,CM
,235560,Contig_371783.fasta,0.009387526597522861,1.4312515648866149e-05,0.43648679017660125,CM
,235560,Contig_303179.fasta,0.0048839419381151005,4.089533208850334e-06,0.40688159919071004,CM
,235560,Contig_370352.fasta,0.016019983592602306,5.0704083651089196e-05,0.45873905791109465,CM
,235560,Contig_422425.fasta,0.013477540070462068,3.4938949125695684e-05,0.4551691041530317,CM
,235560,Contig_1063026.fasta,0.015135787353762148,4.298891985942409e-05,0.4565013064090893,CM
,235560,Contig_371407.fasta,0.028788841859461244,0.000163246703769352,0.4779508059952161,CM
,235560,Contig_4902.fasta,0.02216284741562187,0.00010044742321042247,0.47168733777148847,CM
,235560,Contig_4141.fasta,0.019905233112699292,8.230212087771261e-05,0.46979301111377164,CM
,235560,Contig_53623.fasta,0.01775271358889765,6.25859728450647e-05,0.4637401774720679,CM
,235560,Contig_992810.fasta,0.011319455090965264,2.2767282615189075e-05,0.4435202266059872,CM
,235560,Contig_544367.fasta,0.0010777473068692724,0.0,0.3047306018035275,CM
,235560,Contig_58581.fasta,0.01889177090808978,7.27051332963623e-05,0.4662818525852681,CM
,235560,Contig_58115.fasta,0.022229158932053236,9.566129182987563e-05,0.47073826868140495,CM
,235560,Contig_550017.fasta,0.0047232430633433265,3.923813193807384e-06,0.40494490616124323,CM
,235560,Contig_368514.fasta,0.006978426698663353,8.027877408207244e-06,0.4224955657510759,CM
,235560,Contig_370392.fasta,0.02271787437050635,9.850005265050645e-05,0.47097517772452596,CM
,235560,Contig_208096.fasta,0.004882167035133435,3.213977248173222e-06,0.4052956596529377,CM
,235560,Contig_4205.fasta,0.0024908274035145375,6.05976068741302e-07,0.36456084072404876,CM
,235560,Contig_1064672.fasta,0.018527825485964385,7.169993981560467e-05,0.46581765960111154,CM
,235560,Contig_59251.fasta,0.009337912144698817,1.7107877669226494e-05,0.4418449849568617,CM
,235560,Contig_3038.fasta,0.013227060838716434,3.5134845807754374e-05,0.45605637336190696,CM
,235560,Contig_135971.fasta,0.021786018730910232,9.226024663939526e-05,0.46908655545796146,CM
,235560,Contig_502317.fasta,0.010812073723821267,2.21406525559513e-05,0.44862304800509734,CM
,235560,Contig_61645.fasta,0.011454135851220145,2.430387330686492e-05,0.4449965183731018,CM
,235560,Contig_62576.fasta,0.020810088437863437,8.322856433391705e-05,0.4669798793106951,CM
,235560,Contig_542533.fasta,0.0035076302696107962,1.5803304137793671e-06,0.3835359336633742,CM
,235560,Contig_131711.fasta,0.009491174693665918,1.444540952190763e-05,0.4358768878149199,CM
,235560,Contig_422009.fasta,0.008091890061458978,1.1087084163682306e-05,0.4310583501329494,CM
,235560,Contig_62533.fasta,0.020000517122831202,7.996443414313031e-05,0.46861676421564,CM
,235560,Contig_993317.fasta,0.0279636359872051,0.0001532258093623345,0.47770682906515216,CM
,235560,Contig_985521.fasta,0.002505473405433609,7.382965517778169e-07,0.36713522092531703,CM
,235560,Contig_543303.fasta,0.012918380013433182,3.301929946943591e-05,0.45406486081447506,CM
,235560,Contig_929538.fasta,0.011374390711984558,2.43259941658287e-05,0.4462697559077888,CM
,235560,Contig_542346.fasta,0.0,0.0,0.0,CM
,235560,Contig_58424.fasta,0.005595335970310053,3.9516416082760656e-06,0.4093734375059637,CM
,235560,Contig_797832.fasta,0.02064134567376862,8.255623365274625e-05,0.46861676421564,CM
,235560,Contig_368823.fasta,0.02418987847305089,0.00011835265749717141,0.4735970031065957,CM
,235560,Contig_548470.fasta,0.00467394341642905,2.424542195391264e-06,0.3992438899908844,CM
,235560,Contig_57574.fasta,0.027491188473395104,0.00014883622289989273,0.4772196216923167,CM
,235560,Contig_988707.fasta,0.02464410939401382,0.00011792894738140084,0.473357449741342,CM
,235560,Contig_421262.fasta,0.02108777791901512,8.525359884788566e-05,0.46861676421564,CM
,235560,Contig_985249.fasta,0.012409715947577562,3.0310908567570696e-05,0.4518723699365684,CM
,235560,Contig_371975.fasta,0.014788602709303919,4.5472732508175204e-05,0.457617446522559,CM
,235560,Contig_56531.fasta,0.02202369489737975,9.723855402747623e-05,0.470501597857533,CM
,235560,Contig_1063517.fasta,0.016132849884026003,4.8037211509093376e-05,0.45873905791109465,CM
,235560,Contig_990987.fasta,0.02151402839792488,9.371474791067539e-05,0.47097517772452596,CM
,235560,Contig_993626.fasta,0.014490793583302295,3.753331959639932e-05,0.4527468205798902,CM
,235560,Contig_542496.fasta,0.004794262793535863,4.0409321111449695e-06,0.4037220354351308,CM
,235560,Contig_372104.fasta,0.025483002673755042,0.00013018031029746207,0.4750394305272249,CM
,235560,Contig_131548.fasta,0.013325701529751745,3.422478196500586e-05,0.4547267629439422,CM
,235560,Contig_308042.fasta,0.011790072936799794,2.6486869125754086e-05,0.44905358835826925,CM
,235560,Contig_421163.fasta,0.004799367127890122,3.6700688883629795e-06,0.40564702129979757,CM
,235560,Contig_54197.fasta,0.015671444747410966,4.706223980346795e-05,0.45986618090350523,CM
,235560,Contig_990000.fasta,0.021817768926620747,9.835461736341865e-05,0.47073826868140495,CM
,235560,Contig_369631.fasta,0.01981745692104892,7.69014201355865e-05,0.4662818525852681,CM
,235560,Contig_543552.fasta,0.017483458763970866,5.803923550976718e-05,0.46259400797757444,CM
,235560,Contig_542517.fasta,0.018878019904436674,7.614651379140066e-05,0.46861676421564,CM
,235560,Contig_131735.fasta,0.012103523671743733,2.7924632990517836e-05,0.4507840453461624,CM
,235560,Contig_5549.fasta,0.010882827322016463,2.1261686797050893e-05,0.4449965183731018,CM
,235560,Contig_501494.fasta,0.014013714896752802,3.4675661784594074e-05,0.45296596231298797,CM
,235560,Contig_1062303.fasta,0.0209574888055135,9.026129152565326e-05,0.470501597857533,CM
,235560,Contig_368159.fasta,0.008301951773564914,1.171743058588034e-05,0.4316548330897754,CM
,235560,Contig_1199449.fasta,0.012916031729213235,3.435866356567025e-05,0.4512187454863226,CM
,235560,Contig_704055.fasta,0.015540473210315934,4.870933235076325e-05,0.46009227047130435,CM
,235560,Contig_55016.fasta,0.0084412807835841,1.2552482018260441e-05,0.43305306716271774,CM
,235560,Contig_54053.fasta,0.007229445886870957,8.212770228894825e-06,0.4265395069000151,CM
,235560,Contig_546419.fasta,0.010786908412679742,2.073989216156749e-05,0.4437305254332068,CM
,235560,Contig_59189.fasta,0.02407265436894033,0.00011692286656257546,0.47383679905753573,CM
,235560,Contig_59558.fasta,0.007220586296007966,9.755760639365086e-06,0.4273185744925265,CM
,235560,Contig_546876.fasta,0.0037036832659043347,2.259875161230951e-06,0.3935356089733529,CM
,235560,Contig_548299.fasta,0.01952117429663289,7.40988225770926e-05,0.466746971640216,CM
,235560,Contig_60525.fasta,0.010558409354200427,2.333881396250477e-05,0.44542012286465166,CM
,235560,Contig_550033.fasta,0.0010873607538761769,0.0,0.3037415378573947,CM
,235560,Contig_208849.fasta,0.019124840256175356,6.928016329699629e-05,0.4639700932764666,CM
,235560,Contig_57061.fasta,0.020976076835811,8.16274889824722e-05,0.46767999906978164,CM
,235560,Contig_1062496.fasta,0.017740211449481503,5.865219417032635e-05,0.46259400797757444,CM
,235560,Contig_303608.fasta,0.01404789507214615,3.642415618453876e-05,0.4542852806498219,CM
,235560,Contig_420777.fasta,0.020201429628589472,8.064097107670725e-05,0.4681479130258295,CM
,235560,Contig_1063002.fasta,0.019947826431308366,7.878301226484609e-05,0.4681479130258295,CM
,235560,Contig_54352.fasta,0.002460133016821904,5.50011530458347e-07,0.365700538545773,CM
,235560,Contig_1063047.fasta,0.004783902674089721,4.151272756777766e-06,0.4083017792925973,CM
,235560,Contig_53607.fasta,0.022909747416280924,0.00010250866162189926,0.4721633088489572,CM
,235560,Contig_372120.fasta,0.02224642793460539,9.831939794903128e-05,0.47073826868140495,CM
,235560,Contig_549384.fasta,0.02232269224050866,9.66795360578337e-05,0.47073826868140495,CM
,235560,Contig_1061993.fasta,0.019775116115511113,7.455062087892047e-05,0.46512310046651745,CM
,235560,Contig_553689.fasta,0.006618873192327652,6.934208706243892e-06,0.4198419372537609,CM
,235560,Contig_990531.fasta,0.02434979156729571,0.00011898742591751983,0.47383679905753573,CM
,235560,Contig_554020.fasta,0.013993518549004538,3.705063241166492e-05,0.45450591458894274,CM
,235560,Contig_502647.fasta,0.012773158893619335,2.9733728207872053e-05,0.4481933324418741,CM
,235560,Contig_135462.fasta,0.009358586092502657,1.546617776538048e-05,0.4389435638548935,CM
,235560,Contig_1063919.fasta,0.014360542568278864,4.29917473787826e-05,0.4594146677165602,CM
,235560,Contig_372299.fasta,0.01144214531376438,2.4442641517481925e-05,0.44669578908765306,CM
,235560,Contig_622402.fasta,0.021834934293835505,9.154329128642466e-05,0.46861676421564,CM
,235560,Contig_1065023.fasta,0.021202425059305606,8.91477299349951e-05,0.46932180448276484,CM
,235560,Contig_552588.fasta,0.008054193022630428,1.1504975601158767e-05,0.4296729468037801,CM
,235560,Contig_367957.fasta,0.013927365212904316,3.486350537102125e-05,0.45406486081447506,CM
,235560,Contig_308367.fasta,0.022733144174606677,9.616793184705151e-05,0.46932180448276484,CM
,235560,Contig_59368.fasta,0.025737055020219543,0.00013182291537906435,0.47576394414775447,CM
,235560,Contig_705620.fasta,0.0202760670700768,8.250275684368602e-05,0.46955728958285653,CM
,235560,Contig_305590.fasta,0.022166526210995078,8.995149937311059e-05,0.4688515421536238,CM
,235560,Contig_554364.fasta,0.012692422675443219,3.14966237683611e-05,0.4492691685735156,CM
,235560,Contig_502546.fasta,0.01352104828075127,3.3666388916671626e-05,0.45035018197239324,CM
,235560,Contig_985191.fasta,0.01673282270715466,5.160142248410534e-05,0.46054511719420915,CM
,235560,Contig_425799.fasta,0.0251144570381944,0.00012174759933788193,0.4735970031065957,CM
,235560,Contig_368001.fasta,0.01802127310702404,6.100593445471826e-05,0.4644306094980809,CM
,235560,Contig_501675.fasta,0.021197418688569017,9.245652311993399e-05,0.47073826868140495,CM
,235560,Contig_62362.fasta,0.01429395130219275,3.917396655375855e-05,0.45561230678609205,CM
,235560,Contig_60857.fasta,0.01425186323085738,3.838501362299571e-05,0.45806543227539553,CM
,235560,Contig_202275.fasta,0.012134600660999893,2.5724358300761524e-05,0.4462697559077888,CM
,235560,Contig_131650.fasta,0.02244337808602001,9.841937687873323e-05,0.47168733777148847,CM
,235560,Contig_542472.fasta,0.005822815411677442,5.090687731440048e-06,0.4120773571724496,CM
,235560,Contig_547680.fasta,0.009218953956452185,1.6769784581889256e-05,0.4348641627038258,CM
,235560,Contig_499586.fasta,0.006170800821866625,6.104795100343462e-06,0.421924110973234,CM
,235560,Contig_136305.fasta,0.02238049192509257,9.851344234347306e-05,0.4714497119086313,CM
,235560,Contig_369711.fasta,0.013876868132799562,3.401201942893107e-05,0.4520906657674556,CM
,235560,Contig_61741.fasta,0.022399648744997946,9.51888419854447e-05,0.47026516489378545,CM
,235560,Contig_498586.fasta,0.02309752587832956,0.00010591790730810169,0.4712123253467438,CM
,235560,Contig_138210.fasta,0.0023224096095995493,4.6753586325825123e-07,0.35882963118812616,CM
,235560,Contig_1522.fasta,0.004991699469887864,3.504363730574739e-06,0.4075904521509726,CM
,235560,Contig_54173.fasta,0.002616065017075467,7.558063721788553e-07,0.3709186199518958,CM
,235560,Contig_58478.fasta,0.011630089741205892,2.577480677216167e-05,0.44584453460630447,CM
,235560,Contig_2611.fasta,0.021224868692212816,8.475729032542414e-05,0.46908655545796146,CM
,235560,Contig_547115.fasta,0.024232598819626708,0.00011616233745642954,0.47287906929693435,CM
,235560,Contig_368410.fasta,0.01952589917375336,7.404841292239233e-05,0.4660496405072874,CM
,235560,Contig_547150.fasta,0.010916692556786761,2.276044471837756e-05,0.44776443930078136,CM
,235560,Contig_550156.fasta,0.01870415069174256,7.12844686462278e-05,0.4665142961807742,CM
,235560,Contig_60405.fasta,0.01957696814429076,7.262653954403826e-05,0.46558590952170803,CM
,235560,Contig_59852.fasta,0.028678191329209776,0.00016331526667265854,0.478439508250835,CM
,235560,Contig_985114.fasta,0.015169730922938027,4.373762281053473e-05,0.4565013064090893,CM
,235560,Contig_502586.fasta,0.018843748317832573,6.465906620513009e-05,0.464200237171941,CM
,235560,Contig_201696.fasta,0.007641173845393495,1.0886939490300962e-05,0.43730265333580987,CM
,235560,Contig_56590.fasta,0.011224591629740089,2.2716974040256113e-05,0.44122002741095384,CM
,235560,Contig_369378.fasta,0.021964249187374708,9.04368782042685e-05,0.46932180448276484,CM
,235560,Contig_424031.fasta,0.025501429562714003,0.0001282730587405436,0.4745576461149255,CM
,235560,Contig_549045.fasta,0.0,0.0,0.0,CM
,235560,Contig_138952.fasta,0.01865734588208732,6.839395632969537e-05,0.46535438992473055,CM
,235560,Contig_500549.fasta,0.016490130755055565,5.316716215820546e-05,0.46122606118217496,CM
,235560,Contig_54272.fasta,0.019554575470882806,7.316647887232283e-05,0.4660496405072874,CM
,235560,Contig_53762.fasta,0.020239426558297278,7.902348012475368e-05,0.46581765960111154,CM
,235560,Contig_57141.fasta,0.0037377697233326986,2.0288612716323965e-06,0.39303976402294544,CM
,235560,Contig_420657.fasta,0.0,0.0,0.0,CM
,235560,Contig_804876.fasta,0.021023915896518846,8.75628260511609e-05,0.46955728958285653,CM
,235560,Contig_367997.fasta,0.009169116728897158,1.3812957197694517e-05,0.43506633107328363,CM
,235560,Contig_54093.fasta,0.02059251342794459,8.25965374509753e-05,0.4688515421536238,CM
,235560,Contig_985009.fasta,0.0034663401632875623,1.3763625974272852e-06,0.3844813796789782,CM
,235560,Contig_209831.fasta,0.01770385864410477,6.192992734492911e-05,0.46351048941982814,CM
,235560,Contig_59149.fasta,0.028826503907954062,0.00016616690657440833,0.47868423434201185,CM
,235560,Contig_54407.fasta,0.016478790944798507,5.6293030556479775e-05,0.46282278839695007,CM
,235560,Contig_305408.fasta,0.011931421862838033,2.5550515226729076e-05,0.4475503004010679,CM
,235560,Contig_501379.fasta,0.017562857197141762,6.027446698688281e-05,0.4630517952195117,CM
,235560,Contig_55093.fasta,0.019163171924777712,7.026063272442042e-05,0.4662818525852681,CM
,235560,Contig_806573.fasta,0.013739951155428405,3.600512499889456e-05,0.45605637336190696,CM
,235560,Contig_60235.fasta,0.027645264466958253,0.0001491234196097662,0.47673340710067913,CM
,235560,Contig_501085.fasta,0.0011250228023689903,0.0,0.30773682280126047,CM
,235560,Contig_302635.fasta,0.01696715836816708,5.9399384563347893e-05,0.4623654536258069,CM
,235560,Contig_213217.fasta,0.0012387305222453756,0.0,0.31841703917612557,CM
,235560,Contig_204678.fasta,0.0013008226968536348,0.0,0.32595878723045385,CM
,235560,Contig_498809.fasta,0.02685142366006913,0.00014533282900573068,0.4774631010911394,CM
,235560,Contig_134968.fasta,0.011653460856868582,2.8174718057383635e-05,0.4497009505711836,CM
,235560,Contig_555569.fasta,0.005702650160679501,5.090667107721437e-06,0.4117147726082856,CM
,235560,Contig_420323.fasta,0.003394433416400365,1.4395113559906933e-06,0.3790310563542459,CM
,235560,Contig_7.fasta,0.0009621702951705258,0.0,0.29400806727572515,CM
,235560,Contig_370077.fasta,0.02450030754382702,0.00012060732939791379,0.47407683796283334,CM
,235560,Contig_24574329.fasta,0.015076062915223384,4.1657080794840176e-05,0.4565013064090893,CM
,235560,Contig_207266.fasta,0.023494164790720026,0.00010546452369477058,0.4721633088489572,CM
,235560,Contig_499722.fasta,0.015197272537512647,3.987451951017076e-05,0.4551691041530317,CM
,235560,Contig_1201189.fasta,0.02331458956932552,0.00010621100980943078,0.471925203297344,CM
,235560,Contig_500710.fasta,0.023141107148086745,0.00010379557398615471,0.4714497119086313,CM
,235560,Contig_135292.fasta,0.01964752137821707,7.487555413802841e-05,0.4644306094980809,CM
,235560,Contig_204110.fasta,0.0,0.0,0.0,CM
,235560,Contig_500384.fasta,0.029072382540555747,0.0001691803747101326,0.47917443837103585,CM
,235560,Contig_4002.fasta,0.0009964991962851733,0.0,0.2968996440795156,CM
,235560,Contig_421610.fasta,0.006009863389574258,5.882262324955401e-06,0.41852758414071245,CM
,235560,Contig_138156.fasta,0.02096437094509261,8.246464245776886e-05,0.4674463926766399,CM
,235560,Contig_792548.fasta,0.013468124643003152,3.36930525675506e-05,0.4507840453461624,CM
,235560,Contig_131553.fasta,0.004867250229025285,3.757725285907846e-06,0.4052956596529377,CM
,235560,Contig_368086.fasta,0.006962309891988613,7.926893840640194e-06,0.42383499915698963,CM
,235560,Contig_544261.fasta,0.0048666319077685675,3.881619067158381e-06,0.40670477102939295,CM
,235560,Contig_796891.fasta,0.016775611657559964,5.151012556101848e-05,0.45986618090350523,CM
,235560,Contig_137006.fasta,0.002551862178136071,7.405141289294471e-07,0.36945427482772725,CM
,235560,Contig_546911.fasta,0.0011461722147824013,0.0,0.3104935892961623,CM
,235560,Contig_369838.fasta,0.010310121440442433,1.863633986317396e-05,0.4410121009135877,CM
,235560,Contig_426807.fasta,0.021979189845176716,9.451748468504681e-05,0.46932180448276484,CM
,235560,Contig_54932.fasta,0.022329410139897928,0.00010000196328266367,0.4724016547898198,CM
,235560,Contig_931789.fasta,0.005034323399300282,4.3510823119106075e-06,0.41389990187467185,CM
,235560,Contig_1064731.fasta,0.009411209257142884,1.4174358232172383e-05,0.43730265333580987,CM
,235560,Contig_135719.fasta,0.0159050651486628,4.922499106001932e-05,0.4589640402837828,CM
,235560,Contig_499678.fasta,0.0,0.0,0.0,CM
,235560,Contig_542470.fasta,0.021316066344530246,9.105480265534909e-05,0.470501597857533,CM
,235560,Contig_368756.fasta,0.007276249184978207,9.506923559554515e-06,0.4290819248686993,CM
,235560,Contig_420279.fasta,0.00945233366004997,1.6355382258208538e-05,0.44038949559465085,CM
,235560,Contig_993254.fasta,0.022413940185765823,9.49662802946163e-05,0.46932180448276484,CM
,235560,Contig_985217.fasta,0.018541632329781548,6.878101525548445e-05,0.4662818525852681,CM
,235560,Contig_61392.fasta,0.011719633632202155,2.5476632095407467e-05,0.4460570439173656,CM
,235560,Contig_502254.fasta,0.016753710568087856,5.287987119532965e-05,0.4621371250067324,CM
,235560,Contig_500961.fasta,0.02500400770282396,0.00012471158657791483,0.47407683796283334,CM
,235560,Contig_544966.fasta,0.0034983180062522308,2.085854686423741e-06,0.38798825793475666,CM
,235560,Contig_133780.fasta,0.016442864601615873,5.1242751536611516e-05,0.46145349020642656,CM
,235560,Contig_62691.fasta,0.012665978450273015,3.325635476889535e-05,0.45143641010064306,CM
,235560,Contig_368166.fasta,0.014014045686298682,3.6221624968933075e-05,0.4542852806498219,CM
,235560,Contig_429761.fasta,0.002567049876386421,8.167032417967788e-07,0.3756835319705472,CM
,235560,Contig_302536.fasta,0.018376904799477137,6.158988396623191e-05,0.46259400797757444,CM
,235560,Contig_987380.fasta,0.019706063488840873,7.016914445478495e-05,0.4637401774720679,CM
,235560,Contig_554697.fasta,0.0,0.0,0.0,CM
,235560,Contig_549533.fasta,0.019489339670856375,7.011270680786832e-05,0.4632810287815015,CM
,235560,Contig_3825.fasta,0.002498578306196957,4.866114161262238e-07,0.36427702535563766,CM
,235560,Contig_43.fasta,0.002331888115619571,5.79055653787605e-07,0.3543459591588918,CM
,235560,Contig_542528.fasta,0.012408829292871763,2.659796911034069e-05,0.44669578908765306,CM
,235560,Contig_993798.fasta,0.02435216548245019,0.00011636814473871889,0.4731181385938489,CM
,235560,Contig_24569072.fasta,0.007246967044377419,8.662334337636616e-06,0.4271235409122013,CM
,235560,Contig_545414.fasta,0.0021021666115923513,4.871769289205019e-07,0.34609011765481995,CM
,235560,Contig_53638.fasta,0.015822906655852405,4.401531240609638e-05,0.45806543227539553,CM
,235560,Contig_137636.fasta,0.00948841019950032,1.6120848370702663e-05,0.43935571743597795,CM
,235560,Contig_59666.fasta,0.003597159428311529,1.5655249794182386e-06,0.3827516066006679,CM
,235560,Contig_302672.fasta,0.018143541984549604,6.20779557699134e-05,0.46054511719420915,CM
,235560,Contig_310012.fasta,0.0037192030204438926,2.2593508531293413e-06,0.3938668679034651,CM
,235560,Contig_795668.fasta,0.016491566596191196,5.2701852451656575e-05,0.4616811436303074,CM
,235560,Contig_372002.fasta,0.011109415520998681,2.3560761418495855e-05,0.4492691685735156,CM
,235560,Contig_309907.fasta,0.025778324129765648,0.00013257299627474393,0.47528068976060595,CM
,235560,Contig_2477.fasta,0.011511092484411307,2.471752641359481e-05,0.44776443930078136,CM
,235560,Contig_327.fasta,0.006898448793663812,7.986472976899909e-06,0.42615103740374916,CM
,235560,Contig_139033.fasta,0.020122486757238062,8.092023902494168e-05,0.46791383906931655,CM
,235560,Contig_993758.fasta,0.02613189392650686,0.00013305338006687248,0.4750394305272249,CM
,235560,Contig_56026.fasta,0.010604419437646888,2.2854488265489016e-05,0.4460570439173656,CM
,235560,Contig_1395.fasta,0.0035428404926764775,1.718761403424851e-06,0.38670565212340213,CM
,235560,Contig_543139.fasta,0.01179813596705199,2.307132754548488e-05,0.4462697559077888,CM
,235560,Contig_626881.fasta,0.008816723255980886,1.421476114466541e-05,0.4399754010994984,CM
,235560,Contig_1270016.fasta,0.0,0.0,0.0,CM
,235560,Contig_55438.fasta,0.015239990902043183,4.639801021624385e-05,0.46077187500671246,CM
,235560,Contig_501797.fasta,0.010603408247767593,1.8818877691979156e-05,0.44310022639139823,CM
,235560,Contig_5266.fasta,0.02178364582335549,9.336983844834262e-05,0.4700289694317595,CM
,235560,Contig_1065654.fasta,0.0024631902064468185,6.273926782212349e-07,0.36727930853164564,CM
,235560,Contig_420474.fasta,0.00222107325410943,4.45135356606306e-07,0.3502349094830214,CM
,235560,Contig_53541.fasta,0.0,0.0,0.0,CM
,235560,Contig_54857.fasta,0.0033408879153012626,1.6188129776793008e-06,0.3778068946865697,CM
,235560,Contig_53504.fasta,0.01813889283744161,6.436207296024049e-05,0.4662818525852681,CM
,235560,Contig_426927.fasta,0.02084045884393436,7.996099552098493e-05,0.4660496405072874,CM
,235560,Contig_987729.fasta,0.00877211215301594,1.4361858660175386e-05,0.4316548330897754,CM
,235560,Contig_498389.fasta,0.02232810660258136,9.685266152567091e-05,0.47073826868140495,CM
,235560,Contig_544728.fasta,0.02220627991656595,9.338945037068013e-05,0.46932180448276484,CM
,235560,Contig_137227.fasta,0.013352875158400277,3.398143435511619e-05,0.4551691041530317,CM
,235560,Contig_544635.fasta,0.009390075074296391,1.6823778338296854e-05,0.43506633107328363,CM
,235560,Contig_498294.fasta,0.00802268228949348,1.0218760335071011e-05,0.42790474537660406,CM
,235560,Contig_54109.fasta,0.012855104281014938,3.1369540447212174e-05,0.4507840453461624,CM
,235560,Contig_53419.fasta,0.018651181402117877,6.721021851717914e-05,0.4644306094980809,CM
,235560,Contig_62325.fasta,0.0026038998238243944,8.075976413654382e-07,0.37298831332747434,CM
,235560,Contig_622395.fasta,0.023143921734896412,0.00010750165084665818,0.4721633088489572,CM
,235560,Contig_60482.fasta,0.017529975843183273,6.224230230933401e-05,0.46466121059515053,CM
,235560,Contig_420569.fasta,0.0048504162702554835,3.5048815990815557e-06,0.4083017792925973,CM
,235560,Contig_368046.fasta,0.0160264857504836,4.958271654663061e-05,0.45873905791109465,CM
,235560,Contig_1062259.fasta,0.00318072250295663,1.1585066404155143e-06,0.3703314911510222,CM
,235560,Contig_499294.fasta,0.02257774710263417,0.00010340611456695147,0.47287906929693435,CM
,235560,Contig_548087.fasta,0.01145820718509504,2.1525535540439e-05,0.4435202266059872,CM
,235560,Contig_5087.fasta,0.0023230273969061075,6.016162322451651e-07,0.361462988852311,CM
,235560,Contig_1064064.fasta,0.0012356733326204614,0.0,0.31939511199270754,CM
,235560,Contig_54661.fasta,0.021644603749926255,8.953429703880984e-05,0.4681479130258295,CM
,235560,Contig_990919.fasta,0.009517870744674814,1.4878866372166876e-05,0.4385321828203529,CM
,235560,Contig_61352.fasta,0.02282936745111958,0.00010340938805963113,0.470501597857533,CM
,235560,Contig_555022.fasta,0.00346070858201211,2.0312884125419137e-06,0.3851142708389437,CM
,235560,Contig_57616.fasta,0.02201148023484587,9.552799849933341e-05,0.46979301111377164,CM
,235560,Contig_370211.fasta,0.011742708044634122,2.885374985174333e-05,0.45013356331824583,CM
,235560,Contig_1067056.fasta,0.012889577140233328,3.3377192460453664e-05,0.4505670092145561,CM
,235560,Contig_56653.fasta,0.018652626780194546,7.057413871675743e-05,0.4660496405072874,CM
,235560,Contig_992350.fasta,0.01477233231263785,4.2024258342092255e-05,0.45539059763437134,CM
,235560,Contig_61602.fasta,0.002247450782458573,5.327070698250219e-07,0.35155059283945644,CM
,235560,Contig_135130.fasta,0.017816827444801633,6.035643255335087e-05,0.4637401774720679,CM
,235560,Contig_1063408.fasta,0.02190842462265603,9.566633893033607e-05,0.47073826868140495,CM
,235560,Contig_206987.fasta,0.0025209865162102037,7.799166135122096e-07,0.36814621484603977,CM
,235560,Contig_1309.fasta,0.0,0.0,0.0,CM
,235560,Contig_542531.fasta,0.002422744171754763,8.167765025679029e-07,0.36655999927090993,CM
,235560,Contig_552864.fasta,0.008055547657066578,1.2278407906306148e-05,0.43066160981989554,CM
,235560,Contig_420338.fasta,0.01730173064329542,5.375290868770373e-05,0.46054511719420915,CM
,235560,Contig_55389.fasta,0.0057619505116999065,4.696054795712198e-06,0.409552594371393,CM
,235560,Contig_427105.fasta,0.00866817852034316,1.2512529495489573e-05,0.43832678132957054,CM
,235560,Contig_542688.fasta,0.011897310955482403,2.7990689537882448e-05,0.4499171529512659,CM
,235560,Contig_544398.fasta,0.0013449968648854903,0.0,0.3311492137787095,CM
,235560,Contig_498739.fasta,0.014487431504013978,3.8086043890692554e-05,0.45561230678609205,CM
,235560,Contig_54075.fasta,0.0,0.0,0.0,CM
,235560,Contig_56346.fasta,0.018785998080901884,7.077266101538939e-05,0.4674463926766399,CM
,235560,Contig_203889.fasta,0.004562793310394364,3.415310558694679e-06,0.40233348157292914,CM
,235560,Contig_500327.fasta,0.019967092928188566,7.701496648071426e-05,0.46791383906931655,CM
,235560,Contig_544365.fasta,0.0,0.0,0.0,CM
,235560,Contig_369516.fasta,0.019083605134969848,6.968094725126358e-05,0.46466121059515053,CM
,235560,Contig_547013.fasta,0.002400449335526156,6.072657625037156e-07,0.35896727201328466,CM
,235560,Contig_542675.fasta,0.019759618021202515,7.637029562037924e-05,0.4669798793106951,CM
,235560,Contig_368516.fasta,0.01629563251250043,5.161366467540258e-05,0.46077187500671246,CM
,235560,Contig_58954.fasta,0.023838175911534105,0.00010899018679988613,0.4726402414841581,CM
,235560,Contig_24576300.fasta,0.025497468826253145,0.00013013270984840855,0.47479841610280726,CM
,235560,Contig_994229.fasta,0.004506925632495555,2.776092375206402e-06,0.39553156303407994,CM
,235560,Contig_132049.fasta,0.01742091688064931,6.311623568358008e-05,0.4630517952195117,CM
,235560,Contig_56047.fasta,0.01581373784296865,4.8947911675419054e-05,0.4582897542304766,CM
,235560,Contig_549900.fasta,0.021797485488809457,9.196799159326232e-05,0.46979301111377164,CM
,235560,Contig_56804.fasta,0.019025399664195124,7.051836804488399e-05,0.46581765960111154,CM
,235560,Contig_1760.fasta,0.0012710681521899765,0.0,0.3222547101028351,CM
,235560,Contig_2226.fasta,0.008154169497002465,1.2676375416281819e-05,0.43185402775202264,CM
,235560,Contig_548773.fasta,0.003478191979106356,1.2838755913314956e-06,0.3881491821396238,CM
,235560,Contig_1123947.fasta,0.023531283284256785,0.00010888779672638173,0.4724016547898198,CM
,235560,Contig_6091.fasta,0.020941782824796643,8.254337991469114e-05,0.46767999906978164,CM
,235560,Contig_4736.fasta,0.01964744824079934,7.656468113841556e-05,0.46791383906931655,CM
,235560,Contig_810436.fasta,0.023171987107566468,0.000105880283653091,0.471925203297344,CM
,235560,Contig_53485.fasta,0.0025373386144284045,7.432593605296903e-07,0.3690172232407859,CM
,235560,Contig_53779.fasta,0.020792198873371276,8.610007967716252e-05,0.46955728958285653,CM
,235560,Contig_54269.fasta,0.022487821454608294,0.0001013214224172914,0.4712123253467438,CM
,235560,Contig_135095.fasta,0.02163181313218464,8.859538042184182e-05,0.46861676421564,CM
,235560,Contig_543843.fasta,0.0025373386144284045,7.432593605296903e-07,0.3690172232407859,CM
,235560,Contig_555043.fasta,0.008958469007728733,1.4615502906793236e-05,0.4344603891080005,CM
,235560,Contig_62494.fasta,0.014136553328483965,3.849258091399426e-05,0.457617446522559,CM
,235560,Contig_58762.fasta,0.020083911708249927,8.232182760830948e-05,0.46838222129060714,CM
,235560,Contig_499560.fasta,0.013816047163016702,3.6120047495081645e-05,0.4518723699365684,CM
,235560,Contig_1065040.fasta,0.008385321786314199,1.2713223270546884e-05,0.43506633107328363,CM
,235560,Contig_24574502.fasta,0.004793388657190321,3.4293751974542285e-06,0.4038962788686375,CM
,235560,Contig_55294.fasta,0.019924953736000513,8.05071777732148e-05,0.4688515421536238,CM
,235560,Contig_208230.fasta,0.02652049544563358,0.00014026762325265258,0.47649067115001686,CM
,235560,Contig_367971.fasta,0.014046767364155034,3.952021986954065e-05,0.45605637336190696,CM
,235560,Contig_4437.fasta,0.0,0.0,0.0,CM
,235560,Contig_138526.fasta,0.0012387305222453756,0.0,0.31841703917612557,CM
,235560,Contig_138563.fasta,0.026539962870536726,0.00013888907013544997,0.47624818225884635,CM
,235560,Contig_371134.fasta,0.018073549403003212,6.587188684687496e-05,0.4644306094980809,CM
,235560,Contig_54294.fasta,0.025265777187855054,0.00012175222926063165,0.47383679905753573,CM
,235560,Contig_59426.fasta,0.009471996382060135,1.7436817755896246e-05,0.4377117297187245,CM
,235560,Contig_502560.fasta,0.0024172403669723776,6.690530884803512e-07,0.3613234278527541,CM
,235560,Contig_201670.fasta,0.017226686450995756,5.870893680266096e-05,0.46351048941982814,CM
,235560,Contig_132684.fasta,0.021843910319561597,9.335937871622148e-05,0.4700289694317595,CM
,235560,Contig_542344.fasta,0.005585540923612368,5.797055523218285e-06,0.4086583747330275,CM
,235560,Contig_545654.fasta,0.019688386925394333,7.498342002887443e-05,0.4662818525852681,CM
,235560,Contig_499661.fasta,0.0,0.0,0.0,CM
,235560,Contig_368062.fasta,0.01716924652024531,5.8335530462570635e-05,0.46145349020642656,CM
,235560,Contig_133992.fasta,0.008222537838645037,1.3436537732525877e-05,0.43265264823792565,CM
,235560,Contig_131676.fasta,0.01982266732640959,7.686499162447637e-05,0.46791383906931655,CM
,235560,Contig_134010.fasta,0.01852911319751419,6.640937838940108e-05,0.46535438992473055,CM
,235560,Contig_548898.fasta,0.019607048960507044,7.339545857236981e-05,0.46535438992473055,CM
,235560,Contig_421218.fasta,0.0,0.0,0.0,CM
,235560,Contig_56266.fasta,0.01856367145402146,6.46360043461061e-05,0.46351048941982814,CM
,235560,Contig_791989.fasta,0.009090433815719187,1.6154348323223016e-05,0.4377117297187245,CM
,235560,Contig_167.fasta,0.0024172403669723776,6.690530884803512e-07,0.3613234278527541,CM
,235560,Contig_131918.fasta,0.014413774685936943,3.871553972268183e-05,0.45539059763437134,CM
,235560,Contig_545669.fasta,0.015399651567520026,4.608099710831669e-05,0.45806543227539553,CM
,235560,Contig_309414.fasta,0.022806196092892552,9.863542242863694e-05,0.46932180448276484,CM
,235560,Contig_60809.fasta,0.017743834757487954,6.551864873797689e-05,0.466746971640216,CM
,235560,Contig_55579.fasta,0.010892105246320978,2.1870277446991538e-05,0.44648267086766846,CM
,235560,Contig_134354.fasta,0.011606484236429326,2.5984779130583236e-05,0.4484080872729435,CM
,235560,Contig_302825.fasta,0.01615627372203805,4.9851123244843104e-05,0.4585142960012901,CM
,235560,Contig_543384.fasta,0.003336239742800698,1.3138256789338102e-06,0.37643913038561266,CM
,235560,Contig_553243.fasta,0.013053874075600578,3.0997344672451904e-05,0.4512187454863226,CM
,235560,Contig_985177.fasta,0.011151254948601154,2.1339757730571993e-05,0.44163646915461685,CM
,235560,Contig_551170.fasta,0.013971424298655923,3.612206408484948e-05,0.45384465477140307,CM
,235560,Contig_544200.fasta,0.011041974957089902,2.514397891386269e-05,0.4481933324418741,CM
,235560,Contig_1066727.fasta,0.01305176860343284,3.146840529495686e-05,0.45296596231298797,CM
,235560,Contig_623419.fasta,0.007215570198980763,1.0478439959724824e-05,0.4314558221017211,CM
,235560,Contig_54254.fasta,0.021112657661734813,9.21925755504724e-05,0.470501597857533,CM
,235560,Contig_53744.fasta,0.016941097358408732,5.3919839038792766e-05,0.45986618090350523,CM
,235560,Contig_548820.fasta,0.0011250228023689903,0.0,0.30773682280126047,CM
,235560,Contig_422193.fasta,0.02660253476759384,0.00013412287847016348,0.4745576461149255,CM
,235560,Contig_56712.fasta,0.01294203216628363,3.256586290761947e-05,0.4510012906692208,CM
,235560,Contig_56757.fasta,0.004979781878511823,4.655543857178072e-06,0.41335144794109235,CM
,235560,Contig_1833.fasta,0.019139979573209915,6.883369833597551e-05,0.4632810287815015,CM
,235560,Contig_542648.fasta,0.002432357618761667,5.619369704039288e-07,0.3634282245198575,CM
,235560,Contig_372026.fasta,0.019874735063800178,7.457917216319702e-05,0.4662818525852681,CM
,235560,Contig_370350.fasta,0.012689620732767987,3.05945876028934e-05,0.4505670092145561,CM
,235560,Contig_985396.fasta,0.01810722499253471,6.462793462244942e-05,0.4632810287815015,CM
,235560,Contig_543120.fasta,0.0022464723162240094,4.886522556708827e-07,0.3544801811131186,CM
,235560,Contig_992741.fasta,0.01992226593339888,7.594539749414569e-05,0.4674463926766399,CM
,235560,Contig_54798.fasta,0.022225317880300757,0.00010073533803923932,0.471925203297344,CM
,235560,Contig_554998.fasta,0.015615160169271627,4.5029235723622315e-05,0.45986618090350523,CM
,235560,Contig_542549.fasta,0.0,0.0,0.0,CM
,235560,Contig_1125670.fasta,0.024118839063250675,0.00011494013099890626,0.4735970031065957,CM
,235560,Contig_57456.fasta,0.020264501010560473,7.614918246677004e-05,0.4662818525852681,CM
,235560,Contig_420791.fasta,0.010395648645294334,1.7844749508510822e-05,0.44038949559465085,CM
,235560,Contig_304002.fasta,0.021742142562985182,9.359897091570213e-05,0.46908655545796146,CM
,235560,Contig_304047.fasta,0.022228711838883287,9.652782311080165e-05,0.4712123253467438,CM
,235560,Contig_60914.fasta,0.022357072026312128,9.725806619245445e-05,0.47073826868140495,CM
,235560,Contig_369593.fasta,0.008445034277406331,1.3498523711299776e-05,0.43466218213591873,CM
,235560,Contig_132330.fasta,0.012992353570151667,3.191232004842119e-05,0.4510012906692208,CM
,235560,Contig_543264.fasta,0.011942126618097872,2.8678162700372434e-05,0.4516542848159426,CM
,235560,Contig_61586.fasta,0.022081421659985608,9.753132723037784e-05,0.47097517772452596,CM
,235560,Contig_206205.fasta,0.01785887706968463,6.230646605259673e-05,0.46351048941982814,CM
,235560,Contig_992897.fasta,0.0012068653132505805,0.0,0.31541209239589924,CM
,235560,Contig_368482.fasta,0.013778021019678035,3.4679201188138995e-05,0.4520906657674556,CM
,235560,Contig_368810.fasta,0.01991725150016215,8.205623245837507e-05,0.46955728958285653,CM
,235560,Contig_545620.fasta,0.006921050047811663,8.080575387865894e-06,0.4230685705870855,CM
,235560,Contig_131586.fasta,0.019201564271227378,7.241564200273856e-05,0.4669798793106951,CM
,235560,Contig_62330.fasta,0.003417336816198101,1.5138986784400723e-06,0.3821264508528514,CM
,235560,Contig_133221.fasta,0.006115384125486222,5.129886480465478e-06,0.4190898692962978,CM
,235560,Contig_554336.fasta,0.023728761262724885,0.00010742060809782329,0.4721633088489572,CM
,235560,Contig_1061979.fasta,0.006097605979483715,6.365233530683046e-06,0.42268639482323084,CM
,235560,Contig_59083.fasta,0.009699763336945326,1.735950254896753e-05,0.4435202266059872,CM
,235560,Contig_61046.fasta,0.020156699876533842,7.919491038894098e-05,0.4688515421536238,CM
,235560,Contig_53364.fasta,0.013728549787467638,3.571527261572668e-05,0.4510012906692208,CM
,235560,Contig_138517.fasta,0.01676501400086773,5.4849078490307694e-05,0.46351048941982814,CM
,235560,Contig_1064832.fasta,0.004523635757156611,2.88942085399498e-06,0.4012983182412663,CM
,235560,Contig_367940.fasta,0.014203480912483928,3.875929959931737e-05,0.45539059763437134,CM
,235560,Contig_57502.fasta,0.025372146923397534,0.00012677911303247147,0.4745576461149255,CM
,235560,Contig_370591.fasta,0.026902839229361507,0.00014007098808731564,0.47624818225884635,CM
,235560,Contig_420251.fasta,0.01886688837646233,6.627503081140197e-05,0.4639700932764666,CM
,235560,Contig_58753.fasta,0.023823447678574722,0.00011122072507092657,0.47383679905753573,CM
,235560,Contig_133165.fasta,0.018230177444871005,6.895433565096399e-05,0.46512310046651745,CM
,235560,Contig_136703.fasta,0.015235264232769075,4.454551629516028e-05,0.4558342319233478,CM
,235560,Contig_420638.fasta,0.008218205612208882,1.1614560557718943e-05,0.4338561326558336,CM
,235560,Contig_552562.fasta,0.0035217815773402506,1.5490409118382075e-06,0.38734589326930174,CM
,235560,Contig_136746.fasta,0.021693499835595126,9.499131457577064e-05,0.4700289694317595,CM
,235560,Contig_53399.fasta,0.0199837048949661,7.649408379799933e-05,0.4669798793106951,CM
,235560,Contig_369317.fasta,0.02757768774038693,0.00014907577120407259,0.47649067115001686,CM
,235560,Contig_551614.fasta,0.011704552196693115,2.5235400816819037e-05,0.4488382149345962,CM
,235560,Contig_554072.fasta,0.0011461722147824013,0.0,0.3104935892961623,CM
,235560,Contig_59716.fasta,0.020182683487365405,7.966919241608855e-05,0.4665142961807742,CM
,235560,Contig_1066043.fasta,0.0034253605016173446,1.5002886734188575e-06,0.3830649521648109,CM
,235560,Contig_549707.fasta,0.0,0.0,0.0,CM
,235560,Contig_1062625.fasta,0.016009719305794017,4.968481489831786e-05,0.4596403134276194,CM
,235560,Contig_372137.fasta,0.007313385084339277,9.756418412668495e-06,0.4273185744925265,CM
,235560,Contig_426270.fasta,0.004808948475881153,3.7881674872611177e-06,0.409552594371393,CM
,235560,Contig_54300.fasta,0.01862883243175439,6.601356034579061e-05,0.46558590952170803,CM
,235560,Contig_53610.fasta,0.0010777473068692724,0.0,0.3047306018035275,CM
,235560,Contig_989205.fasta,0.015388951033271881,4.581031560482128e-05,0.4578413298134213,CM
,235560,Contig_420760.fasta,0.014394056225416178,3.904502753677534e-05,0.4518723699365684,CM
,235560,Contig_1062050.fasta,0.01196087646630599,2.5702129466023513e-05,0.44733636622305595,CM
,235560,Contig_427270.fasta,0.0036680309513821285,1.767495812275354e-06,0.38992819922443045,CM
,235560,Contig_139063.fasta,0.0,0.0,0.0,CM
,235560,Contig_420725.fasta,0.0012986080921830287,0.0,0.32641356056457377,CM
,235560,Contig_545479.fasta,0.009699269598458557,1.8480586554197268e-05,0.44122002741095384,CM
,235560,Contig_1062015.fasta,0.009579990628597428,1.5282293403118e-05,0.43669047043333326,CM
,235560,Contig_202006.fasta,0.015276317404326643,4.439316441070488e-05,0.4567240986523344,CM
,235560,Contig_498324.fasta,0.0062677106372914775,7.598911384670334e-06,0.4246042096817754,CM
,235560,Contig_201370.fasta,0.0,0.0,0.0,CM
,235560,Contig_551822.fasta,0.004512827112172119,3.4659863477915447e-06,0.40009733994811164,CM
,235560,Contig_54001.fasta,0.004802163731570866,2.809587964718343e-06,0.4012983182412663,CM
,235560,Contig_422752.fasta,0.011064402473328804,2.2643764664099235e-05,0.44797878321619583,CM
,235560,Contig_55044.fasta,0.011450361004593764,2.3702980116377504e-05,0.4437305254332068,CM
,235560,Contig_548236.fasta,0.015732150757132357,5.069844169905129e-05,0.4603185824587472,CM
,235560,Contig_420309.fasta,0.00549629641307206,5.445154562808508e-06,0.409552594371393,CM
,235560,Contig_542500.fasta,0.018630019860027307,6.359796314352752e-05,0.4632810287815015,CM
,235560,Contig_137277.fasta,0.0036742901582256537,2.006984532278393e-06,0.39270989430912,CM
,235560,Contig_987817.fasta,0.019845856019808816,7.813810379752532e-05,0.4674463926766399,CM
,235560,Contig_24578923.fasta,0.02344963754289768,0.00011117543071923182,0.4731181385938489,CM
,235560,Contig_985367.fasta,0.005053608548650891,3.4306450813502394e-06,0.4099113789481529,CM
,235560,Contig_498823.fasta,0.011751383651563857,2.6509119640454512e-05,0.4499171529512659,CM
,235560,Contig_1063329.fasta,0.020364099363268107,8.369318116853429e-05,0.46838222129060714,CM
,235560,Contig_61925.fasta,0.00610418827689302,6.077276525249693e-06,0.421924110973234,CM
,235560,Contig_54079.fasta,0.02104209168702768,8.401300921658985e-05,0.46838222129060714,CM
,235560,Contig_554682.fasta,0.001190004706660903,0.0,0.31403613360356813,CM
,235560,Contig_302566.fasta,0.01863972860693085,6.845556462091237e-05,0.46535438992473055,CM
,235560,Contig_310306.fasta,0.024205762103920694,0.00011826463003554894,0.47383679905753573,CM
,235560,Contig_543210.fasta,0.0012356733326204614,0.0,0.31939511199270754,CM
,235560,Contig_986701.fasta,0.001958669491455699,2.8915655988821954e-07,0.3333906940287257,CM
,235560,Contig_545700.fasta,0.01534602679561169,4.386239357609517e-05,0.45806543227539553,CM
,235560,Contig_420371.fasta,0.016177989931872357,5.107695832868391e-05,0.4603185824587472,CM
,235560,Contig_930538.fasta,0.027762977820420174,0.00014891458447452454,0.4772196216923167,CM
,235560,Contig_542578.fasta,0.0033688684468413266,1.0217346923625953e-06,0.3811925369200135,CM
,235560,Contig_371823.fasta,0.011900292383398611,2.7396895521689393e-05,0.4516542848159426,CM
,235560,Contig_56.fasta,0.0,0.0,0.0,CM
,235560,Contig_500869.fasta,0.013538061123154725,3.502446051789551e-05,0.45494782602753187,CM
,235560,Contig_549526.fasta,0.0012917129929463764,0.0,0.3243770114865279,CM
,235560,Contig_138472.fasta,0.024618343178900975,0.00012182844049441918,0.47479841610280726,CM
,235560,Contig_987069.fasta,0.011476789271077455,2.2851667472833795e-05,0.44478501812672677,CM
,235560,Contig_988280.fasta,0.019673089898435376,7.478360141506465e-05,0.46558590952170803,CM
,235560,Contig_543585.fasta,0.0,0.0,0.0,CM
,235560,Contig_206976.fasta,0.024305729183110508,0.0001162879003563229,0.47407683796283334,CM
,235560,Contig_3888.fasta,0.025905291824765093,0.000133659891596231,0.47576394414775447,CM
,235560,Contig_1065538.fasta,0.001222053011500931,0.0,0.31830873406075955,CM
,235560,Contig_62111.fasta,0.0125494316196539,2.7863157974009424e-05,0.45013356331824583,CM
,235560,Contig_208748.fasta,0.018234839636488708,6.55316944002486e-05,0.46351048941982814,CM
,235560,Contig_501406.fasta,0.011742991240825812,2.5755414601175836e-05,0.4471226364733077,CM
,235560,Contig_306807.fasta,0.010777704535887346,2.1611052568828204e-05,0.44648267086766846,CM
,235560,Contig_57808.fasta,0.01855352659402628,6.349049484256511e-05,0.4623654536258069,CM
,235560,Contig_930639.fasta,0.01996966926134603,7.968546783228996e-05,0.4674463926766399,CM
,235560,Contig_422.fasta,0.0011461722147824013,0.0,0.3104935892961623,CM
,235560,Contig_545369.fasta,0.01646308951360203,5.417949139988871e-05,0.46122606118217496,CM
,235560,Contig_502018.fasta,0.01679530617386923,5.3113434910243904e-05,0.4616811436303074,CM
,235560,Contig_1066920.fasta,0.007106652594099244,9.83622366520072e-06,0.4292787514397399,CM
,235560,Contig_988550.fasta,0.01155407353037631,2.6484216225998687e-05,0.44648267086766846,CM
,235560,Contig_498319.fasta,0.003284528469918664,1.6948180094391693e-06,0.3782650275418889,CM
,235560,Contig_1062135.fasta,0.01865122743918128,6.8641693204421e-05,0.46466121059515053,CM
,235560,Contig_139106.fasta,0.0023609600499752744,5.132295198272238e-07,0.3577322928664499,CM
,235560,Contig_424026.fasta,0.0023290948409804787,4.648163707605052e-07,0.35287619839314976,CM
,235560,Contig_985597.fasta,0.003545080408407038,1.8231349717255643e-06,0.3887942160941558,CM
,235560,Contig_369895.fasta,0.02117355516900176,8.97281840708265e-05,0.47026516489378545,CM
,235560,Contig_53489.fasta,0.0023292932933401634,5.518974471070679e-07,0.3554225894943536,CM
,235560,Contig_60880.fasta,0.02324471982079841,0.00010715186597228827,0.47168733777148847,CM
,235560,Contig_368093.fasta,0.01582789953255363,4.4763409979075054e-05,0.45605637336190696,CM
,235560,Contig_499241.fasta,0.019535776244552338,7.394440887542785e-05,0.4660496405072874,CM
,235560,Contig_989061.fasta,0.007257543339653612,7.755936506389264e-06,0.42790474537660406,CM
,235560,Contig_55164.fasta,0.02312651717332544,0.00010412989831108965,0.4721633088489572,CM
,235560,Contig_24573733.fasta,0.01214787935252699,2.9594372054205588e-05,0.4505670092145561,CM
,235560,Contig_498628.fasta,0.00826209133189133,1.0594014278705292e-05,0.43185402775202264,CM
,235560,Contig_3643.fasta,0.0025364960294740964,6.350049831535567e-07,0.36800144637775584,CM
,235560,Contig_987659.fasta,0.0011461722147824013,0.0,0.3104935892961623,CM
,235560,Contig_53431.fasta,0.015172996510350437,4.5190504504338655e-05,0.4578413298134213,CM
,235560,Contig_426051.fasta,0.02424371984630938,0.00012028929741154488,0.4743171201919073,CM
,235560,Contig_500137.fasta,0.021390316826028544,9.00387068394941e-05,0.46955728958285653,CM
,235560,Contig_369743.fasta,0.02392464879018811,0.00011424622605306677,0.47287906929693435,CM
,235560,Contig_502690.fasta,0.015740459834305345,4.4963923144155664e-05,0.45873905791109465,CM
,235560,Contig_802918.fasta,0.010816460181186862,2.15952506571864e-05,0.4385321828203529,CM
,235560,Contig_544175.fasta,0.0013008226968536348,0.0,0.32595878723045385,CM
,235560,Contig_53359.fasta,0.0031859020072456013,1.320046404215104e-06,0.37298831332747434,CM
,235560,Contig_306575.fasta,0.002048220822139599,3.10635915498142e-07,0.3412938286428275,CM
,235560,Contig_542420.fasta,0.0,0.0,0.0,CM
,235560,Contig_368743.fasta,0.020225915562252922,7.981497455474252e-05,0.4681479130258295,CM
,235560,Contig_499105.fasta,0.0020845982752601085,3.818466693348247e-07,0.3419173102442941,CM
,235560,Contig_542465.fasta,0.0025597256557925393,6.665524747916222e-07,0.37047809902558715,CM
,235560,Contig_548646.fasta,0.01642146839680464,5.393323657613009e-05,0.46054511719420915,CM
,235560,Contig_58939.fasta,0.010788504106295695,2.1363825157130404e-05,0.4437305254332068,CM
,235560,Contig_621909.fasta,0.011350008379337534,2.4067216000024716e-05,0.44247171543197783,CM
,235560,Contig_53922.fasta,0.02185033220373859,9.478679362058849e-05,0.4700289694317595,CM
,235560,Contig_132024.fasta,0.028836117354960965,0.00016242660494091067,0.4779508059952161,CM
,235560,Contig_1063498.fasta,0.018631531994584494,6.751584548993736e-05,0.4639700932764666,CM
,235560,Contig_551384.fasta,0.02104241900283358,8.92445987202709e-05,0.47073826868140495,CM
,235560,Contig_132061.fasta,0.00554706050958056,5.069566987663269e-06,0.41063083727013294,CM
,235560,Contig_543135.fasta,0.0032485890233157344,1.928061853381784e-06,0.37373309829817614,CM
,235560,Contig_1064559.fasta,0.011633580160550397,2.7932396572730925e-05,0.449484955878306,CM
,235560,Contig_368256.fasta,0.021753676956205267,9.129133682329017e-05,0.4681479130258295,CM
,235560,Contig_306060.fasta,0.02278489762898536,0.00010317935792540501,0.4726402414841581,CM
,235560,Contig_58286.fasta,0.017589485142267446,5.692930915780327e-05,0.4616811436303074,CM
,235560,Contig_57092.fasta,0.027691228852873468,0.00015112018235683694,0.4774631010911394,CM
,235560,Contig_420355.fasta,0.019490930266566384,7.221633794163746e-05,0.4665142961807742,CM
,235560,Contig_420310.fasta,0.0061613573351790765,7.123439844892506e-06,0.42441164541434606,CM
,235560,Contig_139456.fasta,0.016846541941738485,5.467071272545296e-05,0.46054511719420915,CM
,235560,Contig_4502.fasta,0.010404319625853645,1.926313559698807e-05,0.4410121009135877,CM
,235560,Contig_543519.fasta,0.0010244193047230785,0.0,0.299656637252204,CM
,235560,Contig_544009.fasta,0.0013008226968536348,0.0,0.32595878723045385,CM
,235560,Contig_3057.fasta,0.0010244193047230785,0.0,0.299656637252204,CM
,235560,Contig_553809.fasta,0.002336176921443304,6.06971007723331e-07,0.35786909297844477,CM
,235560,Contig_132325.fasta,0.01623151864710608,5.017288494176113e-05,0.4596403134276194,CM
,235560,Contig_369951.fasta,0.020183365587557126,8.006009774803863e-05,0.46791383906931655,CM
,235560,Contig_61901.fasta,0.016277909962094626,5.141865262874088e-05,0.4578413298134213,CM
,235560,Contig_369157.fasta,0.01585708072351753,5.157524315373883e-05,0.4623654536258069,CM
,235560,Contig_61944.fasta,0.0025432133691191787,8.185111275264538e-07,0.3713601897375528,CM
,235560,Contig_53508.fasta,0.001190004706660903,0.0,0.31403613360356813,CM
,235560,Contig_368951.fasta,0.00960101324429823,1.802135566285085e-05,0.44247171543197783,CM
,235560,Contig_303193.fasta,0.014768694220467466,4.094226055332429e-05,0.45539059763437134,CM
,235560,Contig_1062799.fasta,0.01786726135273356,6.009966944444904e-05,0.4637401774720679,CM
,235560,Contig_932596.fasta,0.015151871008020434,4.262128448321911e-05,0.4567240986523344,CM
,235560,Contig_133360.fasta,0.012212140244630026,2.8162067458309703e-05,0.4520906657674556,CM
,235560,Contig_371588.fasta,0.01897107893441093,6.647534133028718e-05,0.464200237171941,CM
,235560,Contig_990113.fasta,0.018245497110617428,6.361458218814506e-05,0.4616811436303074,CM
,235560,Contig_371159.fasta,0.015411951992358128,4.621687214002719e-05,0.4589640402837828,CM
,235560,Contig_132515.fasta,0.022419783133339092,9.657455528000806e-05,0.47073826868140495,CM
,235560,Contig_708360.fasta,0.008650354880417042,1.3783259505068049e-05,0.4381215721622814,CM
,235560,Contig_794445.fasta,0.016349830550910303,5.168331803400608e-05,0.4619090217860973,CM
,235560,Contig_310512.fasta,0.02492743528595679,0.00012009617880289463,0.4731181385938489,CM
,235560,Contig_200936.fasta,0.021800242037615776,9.157455029080157e-05,0.46932180448276484,CM
,235560,Contig_309369.fasta,0.025825726237650837,0.00013300545233052813,0.4755221941761347,CM
,235560,Contig_131663.fasta,0.01568242686663753,4.6846025074754446e-05,0.4565013064090893,CM
,235560,Contig_133515.fasta,0.019927572732549095,8.05326534859224e-05,0.46838222129060714,CM
,235560,Contig_57236.fasta,0.02358962853487275,0.00010726708827490827,0.4721633088489572,CM
,235560,Contig_368809.fasta,0.019587633551168895,7.134754699327448e-05,0.46558590952170803,CM
,235560,Contig_57273.fasta,0.0060959169057435685,6.278462245127579e-06,0.42383499915698963,CM
,235560,Contig_53450.fasta,0.020616511041431692,8.095918389455066e-05,0.466746971640216,CM
,235560,Contig_369809.fasta,0.017349444348821283,5.629029819482998e-05,0.46122606118217496,CM
,235560,Contig_500212.fasta,0.0036460093185791942,2.1544895340256327e-06,0.38976579680909335,CM
,235560,Contig_985127.fasta,0.01205821808468838,2.8385017224723818e-05,0.45035018197239324,CM
,235560,Contig_131527.fasta,0.00863155453579231,1.2881072034489143e-05,0.43669047043333326,CM
,235560,Contig_205412.fasta,0.016302875615127155,5.077097221753043e-05,0.4603185824587472,CM
,235560,Contig_58861.fasta,0.022093407376585345,9.863801307572941e-05,0.4712123253467438,CM
,235560,Contig_57172.fasta,0.007994075232463115,1.2486759516159095e-05,0.4338561326558336,CM
,235560,Contig_57931.fasta,0.010432527430078399,1.8185451201003717e-05,0.44038949559465085,CM
,235560,Contig_986539.fasta,0.02648961380888756,0.0001401411889290802,0.47624818225884635,CM
,235560,Contig_53380.fasta,0.0012986080921830287,0.0,0.32641356056457377,CM
,235560,Contig_793579.fasta,0.013317005359967746,3.536641933893284e-05,0.4547267629439422,CM
,235560,Contig_53751.fasta,0.009215387742948436,1.4637954189920501e-05,0.4358768878149199,CM
,235560,Contig_56974.fasta,0.01669669242965436,5.2967156652423126e-05,0.4603185824587472,CM
,235560,Contig_53714.fasta,0.021025319183495664,8.411985525064892e-05,0.46838222129060714,CM
,235560,Contig_498548.fasta,0.0071261914982165605,7.902921093028249e-06,0.4236431317965745,CM
,235560,Contig_138961.fasta,0.025083821793419652,0.00012208158146905253,0.4731181385938489,CM
,235560,Contig_56931.fasta,0.012256818009165565,2.918086449598522e-05,0.4527468205798902,CM
,235560,Contig_53490.fasta,0.01781866075703306,5.8529109856907454e-05,0.4623654536258069,CM
,235560,Contig_1261469.fasta,0.019660884509051076,7.676003371684257e-05,0.4665142961807742,CM
,235560,Contig_134080.fasta,0.018275476465789958,6.842962693706062e-05,0.46489204080408997,CM
,235560,Contig_547636.fasta,0.0034586941276801386,1.4423060016013593e-06,0.38057245959277475,CM
,235560,Contig_555815.fasta,0.006046773835877565,6.207584873947978e-06,0.42040776196704094,CM
,235560,Contig_367999.fasta,0.012831840610272698,3.078255369323237e-05,0.45035018197239324,CM
,235560,Contig_542481.fasta,0.021754066458137034,9.195513748162725e-05,0.47026516489378545,CM
,235560,Contig_54239.fasta,0.0,0.0,0.0,CM
,235560,Contig_135080.fasta,0.016418680072023167,4.955597462766672e-05,0.4596403134276194,CM
,235560,Contig_543050.fasta,0.0025696762443730052,7.718233360195261e-07,0.3716551541456049,CM
,235560,Contig_371121.fasta,0.010879332419112823,2.1796555126246802e-05,0.4469091108589461,CM
,235560,Contig_421275.fasta,0.016402921132224874,4.780179374714535e-05,0.4589640402837828,CM
,235560,Contig_1064055.fasta,0.018403208626294177,6.478017503815406e-05,0.4637401774720679,CM
,235560,Contig_24574183.fasta,0.023083734089121316,0.00010155738578112836,0.47097517772452596,CM
,235560,Contig_1065010.fasta,0.020470856754536103,8.183326514149157e-05,0.4688515421536238,CM
,235560,Contig_542439.fasta,0.020696138356522994,8.16794600576099e-05,0.46767999906978164,CM
,235560,Contig_55615.fasta,0.002425845499222625,6.483391022151778e-07,0.36202231262616363,CM
,235560,Contig_1062268.fasta,0.01755597820759841,5.9664763387724016e-05,0.46282278839695007,CM
,235560,Contig_545832.fasta,0.010492288525599223,1.8874489153197845e-05,0.44310022639139823,CM
,235560,Contig_994284.fasta,0.017693589373106923,5.746175719688197e-05,0.4616811436303074,CM
,235560,Contig_61283.fasta,0.01572959671649599,5.018245609068365e-05,0.4623654536258069,CM
,235560,Contig_137216.fasta,0.0216503487266966,9.130129123492631e-05,0.46791383906931655,CM
,235560,Contig_369929.fasta,0.022711662766908634,0.00010465792782049677,0.4721633088489572,CM
,235560,Contig_424266.fasta,0.0,0.0,0.0,CM
,235560,Contig_422733.fasta,0.02130718597193121,8.744089275694563e-05,0.46767999906978164,CM
,235560,Contig_993468.fasta,0.024044700828967345,0.0001123059382518084,0.4724016547898198,CM
,235560,Contig_2702.fasta,0.023441983362143575,0.00010963733242275506,0.4731181385938489,CM
,235560,Contig_550843.fasta,0.009677930480161532,1.792151834225727e-05,0.44163646915461685,CM
,235560,Contig_555666.fasta,0.005906931871301708,6.074842603944828e-06,0.41573863977726927,CM
,235560,Contig_552333.fasta,0.0012710681521899765,0.0,0.3222547101028351,CM
,235560,Contig_59941.fasta,0.012835633594716057,3.267407601978224e-05,0.4523091726141291,CM
,235560,Contig_543660.fasta,0.012500054400432547,2.6266108549454153e-05,0.4460570439173656,CM
,235560,Contig_302582.fasta,0.0,0.0,0.0,CM
,235560,Contig_985007.fasta,0.007244817459338725,9.68714634835043e-06,0.429475758668487,CM
,235560,Contig_137152.fasta,0.009554483823332356,1.641658613126477e-05,0.4375070959039893,CM
,235560,Contig_551768.fasta,0.01065173633388838,2.009759914912567e-05,0.442681020879202,CM
,235560,Contig_54324.fasta,0.01798604249207039,6.313853365531681e-05,0.4639700932764666,CM
,235560,Contig_554908.fasta,0.02016921643454629,7.823514949774132e-05,0.4674463926766399,CM
,235560,Contig_988264.fasta,0.023199390031584555,0.00010613849212196596,0.471925203297344,CM
,235560,Contig_57017.fasta,0.015476942587675993,4.520015288381056e-05,0.4571703361693371,CM
,235560,Contig_930599.fasta,0.007006606264313502,9.765135339660188e-06,0.42615103740374916,CM
,235560,Contig_368836.fasta,0.024446727666675213,0.00011973885590597396,0.4743171201919073,CM
,235560,Contig_501295.fasta,0.019883080868045456,8.066131811294798e-05,0.4674463926766399,CM
,235560,Contig_549348.fasta,0.023210795122349873,0.00010899597247538899,0.4735970031065957,CM
,235560,Contig_3936.fasta,0.02555545006043865,0.00013320389007861455,0.47624818225884635,CM
,235560,Contig_53793.fasta,0.01768735155072499,6.064152479820904e-05,0.4639700932764666,CM
,235560,Contig_421232.fasta,0.0,0.0,0.0,CM
,235560,Contig_368389.fasta,0.025117964462494473,0.00012743258660890866,0.47528068976060595,CM
,235560,Contig_58788.fasta,0.004784760905184187,4.451347047015532e-06,0.41262243304172536,CM
,235560,Contig_991500.fasta,0.02780208460323098,0.00015482069240458255,0.4779508059952161,CM
,235560,Contig_555817.fasta,0.019877415525872383,7.909482579855047e-05,0.46721301954000655,CM
,235560,Contig_542483.fasta,0.00808521060395672,1.1026624291504072e-05,0.4292787514397399,CM
,235560,Contig_132900.fasta,0.012730160161398942,3.335568927230066e-05,0.45252789078270456,CM
,235560,Contig_543052.fasta,0.0013008226968536348,0.0,0.32595878723045385,CM
,235560,Contig_546119.fasta,0.007782653440927975,1.0486370947077184e-05,0.4284925266202533,CM
,235560,Contig_6086.fasta,0.0068592725015684235,7.889263181054014e-06,0.4209751138725295,CM
,235560,Contig_369459.fasta,0.021913660942184155,9.304294259342583e-05,0.4700289694317595,CM
,235560,Contig_1064787.fasta,0.0034078067858397637,1.3421627161308299e-06,0.37689395011624366,CM
,235560,Contig_993918.fasta,0.007241244899993493,9.207241526400476e-06,0.429475758668487,CM
,235560,Contig_420935.fasta,0.007964116089952612,1.0975044754155896e-05,0.4281004932015705,CM
,235560,Contig_209716.fasta,0.014098429694094932,3.6000756856531435e-05,0.45450591458894274,CM
,235560,Contig_549952.fasta,0.0022185522077861042,4.2882462475848877e-07,0.35049725772982515,CM
,235560,Contig_368269.fasta,0.003256591833628713,1.284327539303672e-06,0.37598540704645766,CM
,235560,Contig_58668.fasta,0.022182486587675593,9.914471046168273e-05,0.4724016547898198,CM
,235560,Contig_542949.fasta,0.016050667907819605,4.5137160054413027e-05,0.4567240986523344,CM
,235560,Contig_425926.fasta,0.0,0.0,0.0,CM
,235560,Contig_439.fasta,0.012848935551219397,3.1298292632596165e-05,0.453185316289895,CM
,235560,Contig_428343.fasta,0.01851094572959436,6.194932527609672e-05,0.46282278839695007,CM
,235560,Contig_502497.fasta,0.006100317637663437,5.413572427658625e-06,0.4205967092757901,CM
,235560,Contig_793333.fasta,0.012639437130314596,3.086348818042698e-05,0.4518723699365684,CM
,235560,Contig_985040.fasta,0.02251262128062729,0.00010760133211256107,0.47407683796283334,CM
,235560,Contig_544337.fasta,0.008280937176936846,1.3243535082554547e-05,0.43730265333580987,CM
,235560,Contig_302538.fasta,0.0036471241698334956,1.745575631467691e-06,0.38798825793475666,CM
,235560,Contig_371387.fasta,0.005760329943206064,4.7003321349687275e-06,0.4131689528205886,CM
,235560,Contig_985429.fasta,0.015108725147396342,4.324555267308897e-05,0.45873905791109465,CM
,235560,Contig_57780.fasta,0.015217880060009842,4.304453412914602e-05,0.4573937820814434,CM
,235560,Contig_5210.fasta,0.002567049876386421,8.167032417967788e-07,0.3756835319705472,CM
,235560,Contig_139344.fasta,0.007343797406811442,9.31687553708685e-06,0.43185402775202264,CM
,235560,Contig_303250.fasta,0.01080245744432016,2.081293902506407e-05,0.4456322276850634,CM
,235560,Contig_547305.fasta,0.001222053011500931,0.0,0.31830873406075955,CM
,235560,Contig_368294.fasta,0.01746004857872363,6.476193092891176e-05,0.46581765960111154,CM
,235560,Contig_542526.fasta,0.0038195946083932324,2.5289931363353966e-06,0.39856374707778236,CM
,235560,Contig_59201.fasta,0.0012356733326204614,0.0,0.31939511199270754,CM
,235560,Contig_132437.fasta,0.01131694748853645,2.1132811346049035e-05,0.4439410237849303,CM
,235560,Contig_135127.fasta,0.017163728757203803,6.004550518603125e-05,0.4637401774720679,CM
,235560,Contig_498840.fasta,0.01717618030026549,5.814291009615278e-05,0.46054511719420915,CM
,235560,Contig_201012.fasta,0.007109305256028728,7.220218303234578e-06,0.42383499915698963,CM
,235560,Contig_502796.fasta,0.01304708184693371,2.9797355186873026e-05,0.45013356331824583,CM
,235560,Contig_371838.fasta,0.023650249563439973,0.00010931541946020087,0.473357449741342,CM
,235560,Contig_369953.fasta,0.02334598666418493,0.00010371683477813275,0.47073826868140495,CM
,235560,Contig_53998.fasta,0.002421036072272612,6.643875499055507e-07,0.36286455143025714,CM
,235560,Contig_549268.fasta,0.003661129162554945,1.6877705369171669e-06,0.39238057783590485,CM
,235560,Contig_627031.fasta,0.009507335794287747,1.5101414025517346e-05,0.43730265333580987,CM
,235560,Contig_60946.fasta,0.022660079538064964,0.00010115384275919313,0.4714497119086313,CM
,235560,Contig_368584.fasta,0.016646091245940887,5.3757896822954136e-05,0.4621371250067324,CM
,235560,Contig_499387.fasta,0.003858333747975568,2.2827784614292294e-06,0.4012983182412663,CM
,235560,Contig_368916.fasta,0.021479286312071175,8.687310820715624e-05,0.4681479130258295,CM
,235560,Contig_131739.fasta,0.008340359308705865,1.2675108364501652e-05,0.4320534063428592,CM
,235560,Contig_368678.fasta,0.0205053222774846,8.122973840764414e-05,0.4669798793106951,CM
,235560,Contig_55737.fasta,0.0024455958354959563,6.210035667462725e-07,0.3618823194658287,CM
,235560,Contig_57441.fasta,0.013508240554828655,3.642887592444276e-05,0.4571703361693371,CM
,235560,Contig_139085.fasta,0.01962586681307747,7.195131169172315e-05,0.46535438992473055,CM
,235560,Contig_5194.fasta,0.0009964991962851733,0.0,0.2968996440795156,CM
,235560,Contig_500498.fasta,0.009791234229493111,1.8828281300730204e-05,0.44331012701972194,CM
,235560,Contig_35.fasta,0.0036799342038409673,1.5022850906701612e-06,0.3887942160941558,CM
,235560,Contig_1124667.fasta,0.021207666891219546,8.455193532357774e-05,0.46791383906931655,CM
,235560,Contig_800316.fasta,0.0012710681521899765,0.0,0.3222547101028351,CM
,235560,Contig_56028.fasta,0.02022578034600562,8.419273617212208e-05,0.46955728958285653,CM
,235560,Contig_551712.fasta,0.0023611585023349583,5.627745910919824e-07,0.3569136835006228,CM
,235560,Contig_502713.fasta,0.02550461502403104,0.00012127073402451776,0.47383679905753573,CM
,235560,Contig_59610.fasta,0.014347963665107008,3.7989096722138686e-05,0.45694710846612946,CM
,235560,Contig_302604.fasta,0.014740206436058311,3.890181734146087e-05,0.45450591458894274,CM
,235560,Contig_551757.fasta,0.0036771780959059357,2.2956161830307384e-06,0.3940327065846876,CM
,235560,Contig_932201.fasta,0.00481455371145022,2.856371421084138e-06,0.40476975698037765,CM
,235560,Contig_133865.fasta,0.002460133016821904,5.50011530458347e-07,0.365700538545773,CM
,235560,Contig_986463.fasta,0.017828507924820235,6.058627674731065e-05,0.46282278839695007,CM
,235560,Contig_545427.fasta,0.007076220597452051,8.134954637546973e-06,0.42479694876923885,CM
,235560,Contig_62172.fasta,0.013710363924904054,3.570568946302467e-05,0.45143641010064306,CM
,235560,Contig_55436.fasta,0.00344743241196854,1.5595487109568844e-06,0.38228254825924557,CM
,235560,Contig_548295.fasta,0.0033093787755263857,1.1916542226952767e-06,0.37553277613909836,CM
,235560,Contig_550839.fasta,0.0,0.0,0.0,CM
,235560,Contig_370302.fasta,0.017569223476660654,6.432443915945246e-05,0.46489204080408997,CM
,235560,Contig_372074.fasta,0.022844200434264824,0.00010353019785175608,0.4712123253467438,CM
,235560,Contig_553798.fasta,0.022341295585041502,0.00010193507288591088,0.47168733777148847,CM
,235560,Contig_500799.fasta,0.00710769435558168,9.104770243831274e-06,0.4273185744925265,CM
,235560,Contig_54243.fasta,0.026276391699168424,0.0001338047420132237,0.4750394305272249,CM
,235560,Contig_543869.fasta,0.0,0.0,0.0,CM
,235560,Contig_137718.fasta,0.026789060276893765,0.00014368563442518072,0.4772196216923167,CM
,235560,Contig_53716.fasta,0.01026266512455431,2.1409890041327485e-05,0.44247171543197783,CM
,235560,Contig_369798.fasta,0.011761708192510965,2.817135736589853e-05,0.4510012906692208,CM
,235560,Contig_985160.fasta,0.01321854666473614,3.624893523548096e-05,0.45143641010064306,CM
,235560,Contig_56618.fasta,0.016318626119844432,5.338776988649624e-05,0.46122606118217496,CM
,235560,Contig_369421.fasta,0.0024050818174842685,6.271535593001964e-07,0.3596570630817191,CM
,235560,Contig_136070.fasta,0.018750029536714487,6.64889691313175e-05,0.4644306094980809,CM
,235560,Contig_547124.fasta,0.004921856392597185,3.7196281736846986e-06,0.4059989926848733,CM
,235560,Contig_555395.fasta,0.0021466488324529773,3.5028331613283504e-07,0.3411694050815286,CM
,235560,Contig_2620.fasta,0.022221365410368753,9.967356927756379e-05,0.471925203297344,CM
,235560,Contig_990679.fasta,0.0036081466918539444,1.949198113882209e-06,0.38992819922443045,CM
,235560,Contig_137371.fasta,0.01912157268006062,7.20736317197131e-05,0.4660496405072874,CM
,235560,Contig_200971.fasta,0.0047583698352035905,3.4053120733363706e-06,0.406528096498103,CM
,235560,Contig_55880.fasta,0.024493257250862134,0.00012310483296400373,0.4755221941761347,CM
,235560,Contig_53941.fasta,0.016824364234397288,5.602860132483053e-05,0.46282278839695007,CM
,235560,Contig_54457.fasta,0.004518676352192999,3.783637694082753e-06,0.4006111635867436,CM
,235560,Contig_543587.fasta,0.001222053011500931,0.0,0.31830873406075955,CM
,235560,Contig_132047.fasta,0.0012387305222453756,0.0,0.31841703917612557,CM
,235560,Contig_133002.fasta,0.019640229833627468,7.53272922633991e-05,0.46512310046651745,CM
,235560,Contig_368235.fasta,0.014869734611600821,4.622407763547589e-05,0.457617446522559,CM
,235560,Contig_212696.fasta,0.01626788532349464,5.254400097384004e-05,0.46077187500671246,CM
,235560,Contig_428432.fasta,0.027801314388365767,0.00015425762321854,0.4774631010911394,CM
,235560,Contig_545097.fasta,0.0013449968648854903,0.0,0.3311492137787095,CM
,235560,Contig_550773.fasta,0.0045442661704089265,3.684324648121402e-06,0.403547942276254,CM
,235560,Contig_134557.fasta,0.018869643845109075,6.885179048393483e-05,0.46558590952170803,CM
,235560,Contig_370062.fasta,0.012839729922833219,3.157169557893174e-05,0.45296596231298797,CM
,235560,Contig_420336.fasta,0.006030495750576499,6.19652144115154e-06,0.41684974527333324,CM
,235560,Contig_60298.fasta,0.01876846136675643,6.938055243601321e-05,0.46489204080408997,CM
,235560,Contig_424515.fasta,0.0011982165042336882,0.0,0.3153058214752807,CM
,235560,Contig_498859.fasta,0.010388918637406045,1.8023309679830302e-05,0.44122002741095384,CM
,235560,Contig_987746.fasta,0.004334154435933035,3.0718648746439213e-06,0.39370116875836475,CM
,235560,Contig_553390.fasta,0.02084223419052776,8.01439485975725e-05,0.4669798793106951,CM
,235560,Contig_54838.fasta,0.02455919100528928,0.0001229788225329541,0.4745576461149255,CM
,235560,Contig_808772.fasta,0.0271837850881766,0.00014495645690214338,0.4772196216923167,CM
,235560,concatenated_maxbin2.1689.fasta,0.12274900943300915,0.026658903416169298,0.43709840174620884,CM
,235560,concatenated_maxbin2.0347.fasta,0.1556031365498782,0.05474843802967761,0.4964603067048452,CM
,235560,concatenated_maxbin2.0432.fasta,0.15477694497252395,0.04622575397529525,0.4917644131049044,CM
,235560,concatenated_maxbin2.0512.fasta,0.13733781016769275,0.037712573729525536,0.46054511719420915,CM
,235560,concatenated_maxbin2.0082.fasta,0.13449270438449376,0.03448239977159392,0.4551691041530317,CM
,235560,concatenated_metabat2.783.fasta,0.10082892460714855,0.015552067416668253,0.4081237148445849,CM
,235560,concatenated_bin.308.fasta,0.14357391382889512,0.04207025781915253,0.4712123253467438,CM
,235560,concatenated_maxbin2.0325.fasta,0.11529014544486199,0.021341335766620832,0.42518295235739806,CM
,235560,concatenated_metabat2.665.fasta,0.14461024019906835,0.04105361641188721,0.4714497119086313,CM
,235560,concatenated_maxbin2.0610.fasta,0.14258995148742407,0.03894429016480059,0.46838222129060714,CM
,235560,concatenated_maxbin2.0126.fasta,0.14842842560562358,0.043198106341819024,0.4781950322629704,CM
,235560,concatenated_maxbin2.0342.fasta,0.11940353786856857,0.0236652380782006,0.4312569945339323,CM
,235560,concatenated_bin.737.fasta,0.15230321791460294,0.04777124388725675,0.4869030583447623,CM
,235560,concatenated_bin.182.fasta,0.11100729489858362,0.023943953605932565,0.42135419997236967,CM
,235560,concatenated_maxbin2.0908.fasta,0.15586849715793136,0.05241149200189326,0.4954090408356978,CM
,235560,concatenated_maxbin2.1011.fasta,0.14806210392818456,0.04499510769049116,0.48040435222722433,CM
,235560,concatenated_metabat2.358.fasta,0.12913893141935456,0.033203963323196174,0.44797878321619583,CM
,235560,concatenated_maxbin2.0541.fasta,0.14671845076856652,0.04420496533709191,0.4781950322629704,CM
,235560,concatenated_bin.204.fasta,0.12267498429547953,0.02508882059904368,0.43669047043333326,CM
,235560,concatenated_metabat2.164.fasta,0.13029084362160778,0.028410483640030307,0.44584453460630447,CM
,235560,concatenated_maxbin2.0329.fasta,0.13446892522447734,0.03152035885050857,0.453185316289895,CM
,235560,concatenated_bin.240.fasta,0.13480362381268432,0.034025610262534665,0.45450591458894274,CM
,235560,concatenated_metabat2.793.fasta,0.15084554778456366,0.04704345956961616,0.4843828561794167,CM
,235560,concatenated_maxbin2.0177.fasta,0.14091062530552342,0.037571935607179745,0.4630517952195117,CM
,235560,concatenated_metabat2.147.fasta,0.14643007599013838,0.04401545313764977,0.4779508059952161,CM
,235560,concatenated_maxbin2.0272.fasta,0.1611615791444167,0.06105841470552878,0.5074987408560917,CM
