Method,Number of Swaps,Node,Eigenvector Centrality,Betweenness Centrality,Closeness Centrality,Methods
,235560,Contig_60400.fasta,0.0215717033400652,9.59209062089275e-05,0.47026516489378545,CM
,235560,Contig_303000.fasta,0.014320677689304801,4.045439716208247e-05,0.4582897542304766,CM
,235560,Contig_58480.fasta,0.0035470736048257754,2.6044120789226814e-06,0.38927940022405705,CM
,235560,Contig_547953.fasta,0.019820156852767497,8.231427830160568e-05,0.46955728958285653,CM
,235560,Contig_501261.fasta,0.014474082073417193,4.046084503155737e-05,0.457617446522559,CM
,235560,Contig_59812.fasta,0.0199475004368433,8.132327374608527e-05,0.46908655545796146,CM
,235560,Contig_137842.fasta,0.02665156772295552,0.00013845299764969211,0.4750394305272249,CM
,235560,Contig_305555.fasta,0.019914202185970446,7.457440099763232e-05,0.4660496405072874,CM
,235560,Contig_1064437.fasta,0.01976703316798396,6.993335617787659e-05,0.46558590952170803,CM
,235560,Contig_302768.fasta,0.004436142601250769,3.787631247304449e-06,0.4011263086749392,CM
,235560,Contig_308773.fasta,0.010528681469831614,2.182540826711781e-05,0.44478501812672677,CM
,235560,Contig_548846.fasta,0.0010873446341870111,0.0,0.30773682280126047,CM
,235560,Contig_367992.fasta,0.004335947524365538,3.471551907230564e-06,0.3968734852157053,CM
,235560,Contig_2515.fasta,0.020288244421071824,8.321710093555692e-05,0.46861676421564,CM
,235560,Contig_139114.fasta,0.024159612393480103,0.00011311625903441195,0.471925203297344,CM
,235560,Contig_1118110.fasta,0.020410707952887828,7.631339353086223e-05,0.4644306094980809,CM
,235560,Contig_499911.fasta,0.02349795226923586,0.00010765147316820167,0.4726402414841581,CM
,235560,Contig_552124.fasta,0.0,0.0,0.0,CM
,235560,Contig_133566.fasta,0.016053364898630327,4.904715882409481e-05,0.45806543227539553,CM
,235560,Contig_131655.fasta,0.004691533367631675,3.54737324050753e-06,0.4061752075254484,CM
,235560,Contig_550217.fasta,0.007416731346738905,8.742953210483128e-06,0.4308598886457795,CM
,235560,Contig_1065858.fasta,0.0200648511952997,8.404293246946744e-05,0.46979301111377164,CM
,235560,Contig_502682.fasta,0.004598670495226731,2.7783502577035615e-06,0.40198783425199014,CM
,235560,Contig_59781.fasta,0.009505867181664948,1.7980055528839072e-05,0.44163646915461685,CM
,235560,Contig_544167.fasta,0.01964720036195143,8.182057218165243e-05,0.46955728958285653,CM
,235560,Contig_500923.fasta,0.004480342627759322,3.2773275484472664e-06,0.3990736367328926,CM
,235560,Contig_53423.fasta,0.00843334269681675,1.4449484928751793e-05,0.43526868750634096,CM
,235560,Contig_54970.fasta,0.00964868607637002,2.009173176616712e-05,0.442681020879202,CM
,235560,Contig_371293.fasta,0.025590904841532102,0.0001305677742873184,0.4750394305272249,CM
,235560,Contig_368039.fasta,0.012173310617241837,2.943591895306172e-05,0.4520906657674556,CM
,235560,Contig_139681.fasta,0.008455463448621086,1.2687134743984016e-05,0.43547123226553425,CM
,235560,Contig_139250.fasta,0.006829175875828707,8.628676823456937e-06,0.4242192557292081,CM
,235560,Contig_55970.fasta,0.021167286861665194,9.20572382966521e-05,0.47073826868140495,CM
,235560,Contig_370642.fasta,0.007031520784571109,7.811673475188114e-06,0.42383499915698963,CM
,235560,Contig_424505.fasta,0.01462156673915669,3.7834650535712806e-05,0.4518723699365684,CM
,235560,Contig_1064106.fasta,0.00833482950924376,1.4925986935095176e-05,0.43526868750634096,CM
,235560,Contig_53687.fasta,0.0024927199859590397,5.772765542495442e-07,0.36655999927090993,CM
,235560,Contig_988292.fasta,0.010329669663849935,2.0721518294874657e-05,0.442681020879202,CM
,235560,Contig_2.fasta,0.00438993714712637,2.759488774111465e-06,0.3946974602018697,CM
,235560,Contig_55746.fasta,0.003761136706869258,2.247254456328944e-06,0.39553156303407994,CM
,235560,Contig_370874.fasta,0.016199869199256835,4.7413963571690924e-05,0.4578413298134213,CM
,235560,Contig_62202.fasta,0.020571171950807664,8.526123196101684e-05,0.4681479130258295,CM
,235560,Contig_131826.fasta,0.01994984080491113,7.626094845002703e-05,0.4662818525852681,CM
,235560,Contig_60972.fasta,0.018037826843920857,6.197944628828292e-05,0.4619090217860973,CM
,235560,Contig_502426.fasta,0.01095193582240642,1.8908572213640334e-05,0.4452082198566285,CM
,235560,Contig_302574.fasta,0.009760769858841072,1.9227307003063952e-05,0.4435202266059872,CM
,235560,Contig_369922.fasta,0.027856844260779605,0.00015700098104901513,0.4779508059952161,CM
,235560,Contig_56774.fasta,0.0023376422101111832,4.7682592384411285e-07,0.3543459591588918,CM
,235560,Contig_53586.fasta,0.018247962969547907,6.634014707268773e-05,0.46466121059515053,CM
,235560,Contig_305448.fasta,0.02010709590208493,7.914284154034058e-05,0.46767999906978164,CM
,235560,Contig_423780.fasta,0.02115847076683135,8.926070280248278e-05,0.46861676421564,CM
,235560,Contig_368225.fasta,0.022134873432623745,8.81608930367742e-05,0.46767999906978164,CM
,235560,Contig_498426.fasta,0.024770193715715084,0.00011745473656766452,0.47287906929693435,CM
,235560,Contig_543905.fasta,0.005905318098660248,7.4503777374318715e-06,0.4205967092757901,CM
,235560,Contig_799449.fasta,0.014978442302292535,4.396379399843613e-05,0.45539059763437134,CM
,235560,Contig_307703.fasta,0.022292694739962066,0.00010145343458043511,0.471925203297344,CM
,235560,Contig_135212.fasta,0.024494473032649428,0.00011476090738694297,0.4731181385938489,CM
,235560,Contig_542656.fasta,0.018256117242136452,6.25256890408372e-05,0.46145349020642656,CM
,235560,Contig_368570.fasta,0.007144128894705939,7.604169107124792e-06,0.42479694876923885,CM
,235560,Contig_58171.fasta,0.019775250047730942,7.674325290534324e-05,0.46721301954000655,CM
,235560,Contig_989217.fasta,0.02081080311521659,8.380716576472358e-05,0.46838222129060714,CM
,235560,Contig_24573992.fasta,0.001162113971342714,0.0,0.3116309284510933,CM
,235560,Contig_422441.fasta,0.0010277555534112639,0.0,0.299656637252204,CM
,235560,Contig_58619.fasta,0.010297671552029472,2.003303490688455e-05,0.441428150065393,CM
,235560,Contig_55786.fasta,0.022141388068520937,9.520985574587908e-05,0.46979301111377164,CM
,235560,Contig_84.fasta,0.00931274485600783,1.6741446888117323e-05,0.4381215721622814,CM
,235560,Contig_302648.fasta,0.005585748348980091,4.769248993779673e-06,0.4091944373146625,CM
,235560,Contig_56021.fasta,0.004809770549360247,3.6851481887724246e-06,0.4072357172056715,CM
,235560,Contig_500040.fasta,0.024532651952099197,0.00012407581298286825,0.47479841610280726,CM
,235560,Contig_1066208.fasta,0.01632961365247538,4.793651099598798e-05,0.4585142960012901,CM
,235560,Contig_56448.fasta,0.005736169453197581,4.651624188536793e-06,0.4100910070721442,CM
,235560,Contig_211575.fasta,0.002338949456040781,4.5341735691867175e-07,0.35841734130165953,CM
,235560,Contig_58270.fasta,0.02764976661876491,0.0001503716822007036,0.47624818225884635,CM
,235560,Contig_501846.fasta,0.023496638480997086,0.00010619479015719225,0.4712123253467438,CM
,235560,Contig_542512.fasta,0.01167139269770723,2.8271424364027423e-05,0.44776443930078136,CM
,235560,Contig_134156.fasta,0.017975878596159203,6.229205185623994e-05,0.464200237171941,CM
,235560,Contig_24575311.fasta,0.004947578560905102,3.9269415358889594e-06,0.41045073602571625,CM
,235560,Contig_56365.fasta,0.024331489607741334,0.00011617944299240204,0.473357449741342,CM
,235560,Contig_24577067.fasta,0.015167198857396962,4.1473864575551763e-05,0.4565013064090893,CM
,235560,Contig_302549.fasta,0.020924532441992712,9.018858320471234e-05,0.47026516489378545,CM
,235560,Contig_61598.fasta,0.01742324021125755,6.242140582274423e-05,0.46282278839695007,CM
,235560,Contig_57982.fasta,0.019817647711511833,7.523371844444565e-05,0.4660496405072874,CM
,235560,Contig_367952.fasta,0.01760841333550406,5.9517990051140144e-05,0.4621371250067324,CM
,235560,Contig_548080.fasta,0.010747359953511622,2.2081861931881724e-05,0.44648267086766846,CM
,235560,Contig_55623.fasta,0.016628455607998627,5.3471208597601374e-05,0.46009227047130435,CM
,235560,Contig_56982.fasta,0.02413767789515441,0.00012196750239945685,0.47576394414775447,CM
,235560,Contig_1066315.fasta,0.01124329342604946,2.120873422116377e-05,0.44862304800509734,CM
,235560,Contig_369802.fasta,0.02303900797214431,0.00010910461141962811,0.4726402414841581,CM
,235560,Contig_132276.fasta,0.02041733590640556,7.634539961270771e-05,0.4660496405072874,CM
,235560,Contig_985545.fasta,0.02118449570296255,8.789679148674732e-05,0.46932180448276484,CM
,235560,Contig_56278.fasta,0.0,0.0,0.0,CM
,235560,Contig_61852.fasta,0.02027087571945361,8.451892342615301e-05,0.46932180448276484,CM
,235560,Contig_985500.fasta,0.01913320417818469,7.810146715537122e-05,0.46861676421564,CM
,235560,Contig_499607.fasta,0.01499475809005021,3.958989609587613e-05,0.4562787314181536,CM
,235560,Contig_2240.fasta,0.022115758532687452,9.873737171113586e-05,0.4712123253467438,CM
,235560,Contig_370216.fasta,0.010530458862936907,1.9707778120565624e-05,0.44080437029610603,CM
,235560,Contig_309063.fasta,0.023650823428425605,0.00011253233816896657,0.4735970031065957,CM
,235560,Contig_57285.fasta,0.011709284045142248,2.4346539611317408e-05,0.4469091108589461,CM
,235560,Contig_3691.fasta,0.007886318288651611,1.0490334802894187e-05,0.42790474537660406,CM
,235560,Contig_59029.fasta,0.023061664556566844,0.00010942980226104281,0.4724016547898198,CM
,235560,Contig_3240.fasta,0.013209006863252324,2.9052733466256158e-05,0.4505670092145561,CM
,235560,Contig_56285.fasta,0.02226857631050705,0.00010158532267431732,0.4721633088489572,CM
,235560,Contig_371253.fasta,0.02776330092188934,0.0001573737195424933,0.478439508250835,CM
,235560,Contig_1263041.fasta,0.0066707064997962575,7.339112611584285e-06,0.4179668057787553,CM
,235560,Contig_138129.fasta,0.02192124305297457,9.844006668827434e-05,0.4700289694317595,CM
,235560,Contig_302755.fasta,0.010715702899964463,2.1442630435119167e-05,0.44478501812672677,CM
,235560,Contig_544576.fasta,0.011929934346801223,2.3944867624359717e-05,0.4460570439173656,CM
,235560,Contig_278.fasta,0.0012560019448669124,0.0,0.3211488257167581,CM
,235560,Contig_131695.fasta,0.022107544154682666,9.23085491732205e-05,0.46861676421564,CM
,235560,Contig_548245.fasta,0.0023708927360358094,6.126556891731926e-07,0.36076625988382155,CM
,235560,Contig_1065632.fasta,0.005800597677223981,5.301774074686763e-06,0.4140830434241739,CM
,235560,Contig_55072.fasta,0.0210053439263886,8.683861750095633e-05,0.46791383906931655,CM
,235560,Contig_204149.fasta,0.009597194192047865,1.8002702155729127e-05,0.4422626078159892,CM
,235560,Contig_369610.fasta,0.0049465649025927936,3.891010717194348e-06,0.40670477102939295,CM
,235560,Contig_498487.fasta,0.015217631813702916,4.372883231739682e-05,0.4562787314181536,CM
,235560,Contig_201047.fasta,0.007784616369178814,1.0436781410748442e-05,0.42634518366224744,CM
,235560,Contig_136690.fasta,0.011190215417428477,2.523451937963362e-05,0.4462697559077888,CM
,235560,Contig_550313.fasta,0.01967624974227849,8.183506858801524e-05,0.46838222129060714,CM
,235560,Contig_60291.fasta,0.010914446937568068,2.3100482509594724e-05,0.44862304800509734,CM
,235560,Contig_370828.fasta,0.017588815103040105,6.245472996221963e-05,0.4637401774720679,CM
,235560,Contig_139853.fasta,0.002529246463910819,6.306880230601653e-07,0.3690172232407859,CM
,235560,Contig_57005.fasta,0.0047666249958160335,4.366179925561156e-06,0.4072357172056715,CM
,235560,Contig_1062860.fasta,0.007175363545015933,6.994847010934177e-06,0.4255696580894193,CM
,235560,Contig_543959.fasta,0.0,0.0,0.0,CM
,235560,Contig_53626.fasta,0.017671854656532773,6.185388749725748e-05,0.4639700932764666,CM
,235560,Contig_54373.fasta,0.022146200068163403,8.851293253871907e-05,0.4669798793106951,CM
,235560,Contig_549101.fasta,0.0,0.0,0.0,CM
,235560,Contig_371402.fasta,0.022972669550273172,0.0001046548496887094,0.4714497119086313,CM
,235560,Contig_421838.fasta,0.0032630139920949465,1.1998847272034274e-06,0.37613652658305186,CM
,235560,Contig_1128005.fasta,0.0,0.0,0.0,CM
,235560,Contig_368554.fasta,0.01981762961352032,7.897871459768234e-05,0.46767999906978164,CM
,235560,Contig_58584.fasta,0.018413503208424564,6.475748105004346e-05,0.4630517952195117,CM
,235560,Contig_368185.fasta,0.01644036769402012,5.21951382171208e-05,0.46122606118217496,CM
,235560,Contig_707918.fasta,0.016379207241504004,5.385745356821414e-05,0.4630517952195117,CM
,235560,Contig_992623.fasta,0.021420564696467234,8.38395956490972e-05,0.4669798793106951,CM
,235560,Contig_1062938.fasta,0.01634825567371994,5.5324034864177776e-05,0.46122606118217496,CM
,235560,Contig_133910.fasta,0.006926671839087935,7.105801389373653e-06,0.42211442405892335,CM
,235560,Contig_136735.fasta,0.017176496935432314,5.63850476531773e-05,0.46077187500671246,CM
,235560,Contig_133582.fasta,0.028927690602421362,0.00016575258929407978,0.4781950322629704,CM
,235560,Contig_303771.fasta,0.025577628380288858,0.0001272852633203681,0.4745576461149255,CM
,235560,Contig_542493.fasta,0.017938859092064177,6.146140049891534e-05,0.4644306094980809,CM
,235560,Contig_370277.fasta,0.019666611610691727,7.235406353864167e-05,0.4660496405072874,CM
,235560,Contig_422210.fasta,0.017466217661190584,5.3553161319871416e-05,0.4609988562259276,CM
,235560,Contig_53810.fasta,0.012973737596314963,3.414503135894396e-05,0.4542852806498219,CM
,235560,Contig_54994.fasta,0.02882869903977761,0.00015874162319840911,0.4769763904885999,CM
,235560,Contig_54506.fasta,0.017212632857946362,5.3370832304469627e-05,0.4609988562259276,CM
,235560,Contig_24570062.fasta,0.003586515742445798,2.432704380049836e-06,0.39139593397684364,CM
,235560,Contig_502567.fasta,0.019887970497018598,7.564938339844446e-05,0.4669798793106951,CM
,235560,Contig_985561.fasta,0.017131185784033033,6.210735489828954e-05,0.4632810287815015,CM
,235560,Contig_54969.fasta,0.0013055160626628906,0.0,0.32641356056457377,CM
,235560,Contig_135393.fasta,0.02657527090711604,0.00014797218937723727,0.4774631010911394,CM
,235560,Contig_132217.fasta,0.016134585267240625,5.125721677493291e-05,0.45873905791109465,CM
,235560,Contig_61833.fasta,0.021358389427825527,8.475929003326633e-05,0.46861676421564,CM
,235560,Contig_499666.fasta,0.0,0.0,0.0,CM
,235560,Contig_62792.fasta,0.009151415265024903,1.3778111085690391e-05,0.4348641627038258,CM
,235560,Contig_1065841.fasta,0.02776357305083842,0.00014640208043132876,0.47600594005016944,CM
,235560,Contig_134869.fasta,0.008038841468655012,9.523212043395265e-06,0.4273185744925265,CM
,235560,Contig_555468.fasta,0.008074552125270482,1.0854275285568458e-05,0.4296729468037801,CM
,235560,Contig_367976.fasta,0.0,0.0,0.0,CM
,235560,Contig_55642.fasta,0.003505460550396638,2.3283705998523695e-06,0.3884714313568423,CM
,235560,Contig_58349.fasta,0.01058153126425711,1.9946690842597662e-05,0.442681020879202,CM
,235560,Contig_136319.fasta,0.017745797675991937,5.728561654794826e-05,0.4619090217860973,CM
,235560,Contig_131609.fasta,0.019302227802055975,7.387826224242327e-05,0.466746971640216,CM
,235560,Contig_420267.fasta,0.019993125287842643,7.32847758077503e-05,0.4639700932764666,CM
,235560,Contig_368748.fasta,0.02153546455649087,9.690498371795926e-05,0.4724016547898198,CM
,235560,Contig_1065496.fasta,0.024010755753396656,0.00010515422978335885,0.46979301111377164,CM
,235560,Contig_2120.fasta,0.008491094949436584,1.2481171516002555e-05,0.4377117297187245,CM
,235560,Contig_368399.fasta,0.016130682485296,5.490059509307542e-05,0.46054511719420915,CM
,235560,Contig_367933.fasta,0.008362482829536909,1.0339834443108739e-05,0.4296729468037801,CM
,235560,Contig_24566365.fasta,0.001024359522210457,0.0,0.2994648570043626,CM
,235560,Contig_985209.fasta,0.012051919827205252,2.654339761182873e-05,0.4497009505711836,CM
,235560,Contig_371176.fasta,0.022861490063110487,0.00010696292546870282,0.4731181385938489,CM
,235560,Contig_138521.fasta,0.003549064144201612,1.3867044825569705e-06,0.38337881119976774,CM
,235560,Contig_54607.fasta,0.02463728418442416,0.00011574961915054146,0.4735970031065957,CM
,235560,Contig_1063557.fasta,0.012472816373746599,2.8862015768147485e-05,0.45450591458894274,CM
,235560,Contig_137319.fasta,0.01715746546320217,5.7058097486155414e-05,0.4619090217860973,CM
,235560,Contig_53407.fasta,0.009177354048829273,1.5057699861675472e-05,0.4338561326558336,CM
,235560,Contig_1062202.fasta,0.017312630225318586,5.740878173949793e-05,0.4623654536258069,CM
,235560,Contig_422644.fasta,0.022033750699440177,9.082361026394865e-05,0.4688515421536238,CM
,235560,Contig_991144.fasta,0.02530822308027741,0.00012237135040719715,0.473357449741342,CM
,235560,Contig_500942.fasta,0.0177333998463869,5.802058049071749e-05,0.4632810287815015,CM
,235560,Contig_553943.fasta,0.007171507850938982,9.662391178237965e-06,0.42634518366224744,CM
,235560,Contig_137361.fasta,0.02316909452783063,0.00010571665611146735,0.471925203297344,CM
,235560,Contig_551233.fasta,0.0012424553318982753,0.0,0.31939511199270754,CM
,235560,Contig_54682.fasta,0.0,0.0,0.0,CM
,235560,Contig_53743.fasta,0.012810953434758262,3.619669178485814e-05,0.4542852806498219,CM
,235560,Contig_138130.fasta,0.00801301036717004,9.831797865387338e-06,0.42987031609491644,CM
,235560,Contig_59389.fasta,0.0036416377971520172,2.7103447156780997e-06,0.3925451670044602,CM
,235560,Contig_1194793.fasta,0.015086556043818025,4.8749622454302e-05,0.4603185824587472,CM
,235560,Contig_62383.fasta,0.026682939893792494,0.00013902252532187314,0.4750394305272249,CM
,235560,Contig_58030.fasta,0.017523664915688318,5.9781064059992204e-05,0.46054511719420915,CM
,235560,Contig_930757.fasta,0.011606842156679549,2.5392573912022442e-05,0.4481933324418741,CM
,235560,Contig_368431.fasta,0.025290132436292172,0.00012696676118626712,0.4743171201919073,CM
,235560,Contig_990245.fasta,0.026776583964155887,0.00013798198309030528,0.47528068976060595,CM
,235560,Contig_985135.fasta,0.017419774129315595,6.115134053533628e-05,0.464200237171941,CM
,235560,Contig_368201.fasta,0.0009883530715432602,0.0,0.2968996440795156,CM
,235560,Contig_136281.fasta,0.02236535109649146,9.950069242997744e-05,0.47097517772452596,CM
,235560,Contig_547390.fasta,0.017582226201175565,6.227978000965262e-05,0.46351048941982814,CM
,235560,Contig_369244.fasta,0.013060418790769336,3.1408152812268964e-05,0.45143641010064306,CM
,235560,Contig_4654.fasta,0.019709498593013332,7.301330638866655e-05,0.464200237171941,CM
,235560,Contig_57750.fasta,0.009449821971796578,1.837422590817248e-05,0.44080437029610603,CM
,235560,Contig_370786.fasta,0.0037218028070512823,2.0115129143016214e-06,0.39074224556936665,CM
,235560,Contig_552788.fasta,0.0034267837716975176,1.7545554639677028e-06,0.384955852792527,CM
,235560,Contig_372448.fasta,0.02363093828708717,0.00010952883610551,0.4721633088489572,CM
,235560,Contig_499703.fasta,0.00907517700063394,1.4873891064775554e-05,0.4338561326558336,CM
,235560,Contig_62226.fasta,0.025786761581421406,0.00012885345724718877,0.47479841610280726,CM
,235560,Contig_368906.fasta,0.009678711184440721,1.8241265922336282e-05,0.44436262019878114,CM
,235560,Contig_543263.fasta,0.021320633509523228,8.332443477925084e-05,0.46861676421564,CM
,235560,Contig_551403.fasta,0.0,0.0,0.0,CM
,235560,Contig_423759.fasta,0.0022092820568706813,4.6476126560012525e-07,0.3489290373372979,CM
,235560,Contig_310330.fasta,0.01975005149037144,8.119719839109427e-05,0.46838222129060714,CM
,235560,Contig_61150.fasta,0.022167607351435168,9.829641416003551e-05,0.470501597857533,CM
,235560,Contig_500731.fasta,0.02177638506515014,9.490416192469322e-05,0.46979301111377164,CM
,235560,Contig_710339.fasta,0.024034316953773557,0.00011338722910668506,0.4721633088489572,CM
,235560,Contig_137986.fasta,0.0034146285681006527,1.1943785200369331e-06,0.37949216469530944,CM
,235560,Contig_56080.fasta,0.01824594797422959,6.122422895249787e-05,0.4616811436303074,CM
,235560,Contig_549184.fasta,0.017893901966415902,6.4924077097817e-05,0.46535438992473055,CM
,235560,Contig_54762.fasta,0.0025190389672036548,5.065285110871088e-07,0.3678567917211608,CM
,235560,Contig_25.fasta,0.01994144922851248,7.809226884958507e-05,0.4669798793106951,CM
,235560,Contig_1197505.fasta,0.013990595232603828,3.5744692394681434e-05,0.4547267629439422,CM
,235560,Contig_57080.fasta,0.009490565231910792,1.7542825455568162e-05,0.4422626078159892,CM
,235560,Contig_370487.fasta,0.01753599229220044,5.892632480223999e-05,0.4616811436303074,CM
,235560,Contig_24576382.fasta,0.02548588530845317,0.00012616330580826268,0.473357449741342,CM
,235560,Contig_1067254.fasta,0.0023120081484311397,5.880760487312949e-07,0.3575955973017322,CM
,235560,Contig_131537.fasta,0.01284399121992551,2.9274816878637458e-05,0.45143641010064306,CM
,235560,Contig_370248.fasta,0.015452717274370595,4.825237559957189e-05,0.45873905791109465,CM
,235560,Contig_555756.fasta,0.020560805027588107,7.708797831008141e-05,0.464200237171941,CM
,235560,Contig_928928.fasta,0.02190651871904153,9.330724566390119e-05,0.4688515421536238,CM
,235560,Contig_307640.fasta,0.0222570193331008,9.271006307233242e-05,0.46861676421564,CM
,235560,Contig_554387.fasta,0.0011436052214770244,0.0,0.3104935892961623,CM
,235560,Contig_621002.fasta,0.013198042541199407,3.6531032491977146e-05,0.45605637336190696,CM
,235560,Contig_1271583.fasta,0.022717730804868882,0.00010440294719832715,0.4712123253467438,CM
,235560,Contig_54680.fasta,0.015477912825426286,4.914658302924574e-05,0.45986618090350523,CM
,235560,Contig_53390.fasta,0.02360436913397169,0.00010629236193142787,0.471925203297344,CM
,235560,Contig_56162.fasta,0.02110973485338562,8.722279382287756e-05,0.46838222129060714,CM
,235560,Contig_2576.fasta,0.00680870828096412,8.612436524608137e-06,0.42441164541434606,CM
,235560,Contig_795410.fasta,0.014089536556491105,3.567812353696753e-05,0.45252789078270456,CM
,235560,Contig_552102.fasta,0.002561518007529803,7.110042117690646e-07,0.3690172232407859,CM
,235560,Contig_542414.fasta,0.007410809309341001,1.1443988973197153e-05,0.4342587833589945,CM
,235560,Contig_58376.fasta,0.01603082555360324,5.0692381961360946e-05,0.45986618090350523,CM
,235560,Contig_1062568.fasta,0.02016399091838795,8.54697439921778e-05,0.4700289694317595,CM
,235560,Contig_991597.fasta,0.008183109163340214,9.171978224364174e-06,0.4269286852822231,CM
,235560,Contig_542451.fasta,0.016718729434614894,5.574388159580899e-05,0.4594146677165602,CM
,235560,Contig_369777.fasta,0.0023529401841591168,6.729398763801543e-07,0.35704985812233236,CM
,235560,Contig_543886.fasta,0.02196337646687602,0.00010259458280220289,0.471925203297344,CM
,235560,Contig_371149.fasta,0.024286718394552136,0.0001177718213229172,0.47383679905753573,CM
,235560,Contig_987903.fasta,0.02221801718575959,9.71262974666132e-05,0.47026516489378545,CM
,235560,Contig_135856.fasta,0.015292587458330292,4.0559120058933744e-05,0.45561230678609205,CM
,235560,Contig_985989.fasta,0.02390222579064225,0.00011299832673014972,0.4724016547898198,CM
,235560,Contig_1993.fasta,0.00436535451511593,2.7852872086426134e-06,0.3941986849783627,CM
,235560,Contig_1061935.fasta,0.008467127448264656,1.526571103175725e-05,0.4381215721622814,CM
,235560,Contig_24577161.fasta,0.02637129339418389,0.00014116753440991426,0.47624818225884635,CM
,235560,Contig_308454.fasta,0.025614104009471176,0.00012010857008977573,0.4726402414841581,CM
,235560,Contig_1066423.fasta,0.022484005249252998,0.0001043274489730486,0.473357449741342,CM
,235560,Contig_498288.fasta,0.020252480652427834,7.494406946636608e-05,0.4660496405072874,CM
,235560,Contig_544629.fasta,0.0019434226152917294,5.733001785909004e-07,0.33821021978266463,CM
,235560,Contig_131958.fasta,0.0,0.0,0.0,CM
,235560,Contig_60849.fasta,0.025264212621077076,0.00012929960104776623,0.4745576461149255,CM
,235560,Contig_57263.fasta,0.016825731309223952,5.785687501607353e-05,0.4632810287815015,CM
,235560,Contig_54725.fasta,0.02218955444106198,9.653820826337055e-05,0.470501597857533,CM
,235560,Contig_62.fasta,0.0012290828210922429,0.0,0.31830873406075955,CM
,235560,Contig_27.fasta,0.008453280771232745,1.4007545906798092e-05,0.43730265333580987,CM
,235560,Contig_57082.fasta,0.01508110365166761,4.7195218256093026e-05,0.45873905791109465,CM
,235560,Contig_499069.fasta,0.017536609448683838,5.9158497296307187e-05,0.4623654536258069,CM
,235560,Contig_24566202.fasta,0.010663002009584496,2.2094588203211e-05,0.4452082198566285,CM
,235560,Contig_58991.fasta,0.01376180184852237,4.0025694724548706e-05,0.45605637336190696,CM
,235560,Contig_55008.fasta,0.018069613374236404,6.515767955103723e-05,0.464200237171941,CM
,235560,Contig_420468.fasta,0.01976702368249626,7.872339863971478e-05,0.4669798793106951,CM
,235560,Contig_550444.fasta,0.02462931585122754,0.00012180041861047261,0.47407683796283334,CM
,235560,Contig_554267.fasta,0.019703876733959024,7.782769149869295e-05,0.46558590952170803,CM
,235560,Contig_498701.fasta,0.010379106674607468,1.8720646017016408e-05,0.44080437029610603,CM
,235560,Contig_985894.fasta,0.01515835603905919,4.990222188896533e-05,0.46054511719420915,CM
,235560,Contig_54008.fasta,0.020702521774977677,8.087078408033315e-05,0.466746971640216,CM
,235560,Contig_544318.fasta,0.0013055160626628906,0.0,0.32641356056457377,CM
,235560,Contig_705467.fasta,0.0,0.0,0.0,CM
,235560,Contig_54461.fasta,0.014208962246736312,3.589604604702914e-05,0.45406486081447506,CM
,235560,Contig_370355.fasta,0.02092853717282039,8.335147654053381e-05,0.46791383906931655,CM
,235560,Contig_993069.fasta,0.02329317037967946,0.00010400106575312966,0.4712123253467438,CM
,235560,Contig_994211.fasta,0.029916043673964623,0.00017937100507398038,0.4794199170792178,CM
,235560,Contig_60682.fasta,0.010337229478153244,1.9055780189738416e-05,0.44122002741095384,CM
,235560,Contig_131793.fasta,0.012768914731023762,3.483975582340641e-05,0.45539059763437134,CM
,235560,Contig_136283.fasta,0.02329693206575691,0.0001021053427583354,0.47026516489378545,CM
,235560,Contig_1062059.fasta,0.018530357319792516,6.634101226703142e-05,0.4639700932764666,CM
,235560,Contig_499445.fasta,0.00569321750535173,5.940980105403468e-06,0.40973190811673954,CM
,235560,Contig_1062488.fasta,0.015471477448964406,4.7983272999815955e-05,0.4585142960012901,CM
,235560,Contig_307035.fasta,0.016664019522744496,5.612003327693292e-05,0.4616811436303074,CM
,235560,Contig_137283.fasta,0.0025176798581244765,6.175204875646451e-07,0.3675678233066116,CM
,235560,Contig_137617.fasta,0.023896975245689536,0.00011103018038489518,0.47097517772452596,CM
,235560,Contig_794674.fasta,0.0,0.0,0.0,CM
,235560,Contig_135234.fasta,0.02076696713264487,8.742924182897601e-05,0.46861676421564,CM
,235560,Contig_369513.fasta,0.0060904651957954525,7.0170620697894005e-06,0.42211442405892335,CM
,235560,Contig_498784.fasta,0.016152092037308614,4.848331431574321e-05,0.457617446522559,CM
,235560,Contig_542670.fasta,0.0012290828210922429,0.0,0.31830873406075955,CM
,235560,Contig_62635.fasta,0.0230746863437017,0.00010869314761995083,0.4735970031065957,CM
,235560,Contig_136944.fasta,0.015033004440187842,3.928237126556716e-05,0.45494782602753187,CM
,235560,Contig_501322.fasta,0.0013555658867817624,0.0,0.3311492137787095,CM
,235560,Contig_55419.fasta,0.01873340832876159,6.657777850456597e-05,0.46466121059515053,CM
,235560,Contig_55334.fasta,0.015663916561476664,4.565043275067253e-05,0.45561230678609205,CM
,235560,Contig_139851.fasta,0.02343033072346157,0.00010285780833798255,0.47073826868140495,CM
,235560,Contig_5146.fasta,0.007330024248140281,1.0078149125896736e-05,0.43305306716271774,CM
,235560,Contig_139057.fasta,0.02517080570337988,0.00012915325296187428,0.47528068976060595,CM
,235560,Contig_133009.fasta,0.0010951868782129075,0.0,0.3047306018035275,CM
,235560,Contig_371892.fasta,0.010638170113934566,2.171356892557988e-05,0.44542012286465166,CM
,235560,Contig_53661.fasta,0.013960158488879775,3.734784710332534e-05,0.453185316289895,CM
,235560,Contig_135135.fasta,0.002456622164876253,5.045973536399906e-07,0.361462988852311,CM
,235560,Contig_707468.fasta,0.0023466184157552774,6.371822323542851e-07,0.3581430073243908,CM
,235560,Contig_623155.fasta,0.02183415468227784,9.347735861097697e-05,0.4688515421536238,CM
,235560,Contig_426668.fasta,0.018495012228627553,7.133658889312943e-05,0.4662818525852681,CM
,235560,Contig_987025.fasta,0.011899807062833397,2.5130390046317474e-05,0.4475503004010679,CM
,235560,Contig_499011.fasta,0.016095202845294622,4.917225377805237e-05,0.4596403134276194,CM
,235560,Contig_501860.fasta,0.017249469758205727,5.527746698756471e-05,0.45986618090350523,CM
,235560,Contig_993478.fasta,0.024685462339196433,0.0001233023287630226,0.4755221941761347,CM
,235560,Contig_57792.fasta,0.02071641478154382,8.640346858612688e-05,0.4688515421536238,CM
,235560,Contig_55876.fasta,0.014476814167323541,3.815131942444559e-05,0.4565013064090893,CM
,235560,Contig_420410.fasta,0.002480553085445779,4.2406387632000426e-07,0.36727930853164564,CM
,235560,Contig_548202.fasta,0.009443819896201936,1.64791647332536e-05,0.44080437029610603,CM
,235560,Contig_54035.fasta,0.015403497126097461,4.3139604890630025e-05,0.4565013064090893,CM
,235560,Contig_56306.fasta,0.007243331944517887,8.336799665139818e-06,0.42615103740374916,CM
,235560,Contig_138787.fasta,0.024337929768027403,0.00012011427590842758,0.47479841610280726,CM
,235560,Contig_367974.fasta,0.004992252920169559,3.456135041265426e-06,0.4084799991875308,CM
,235560,Contig_370972.fasta,0.01185068126852781,2.423363775583402e-05,0.4475503004010679,CM
,235560,Contig_550249.fasta,0.025432744367840494,0.00013177107100814623,0.47576394414775447,CM
,235560,Contig_2122.fasta,0.004841381276384732,2.968590783215004e-06,0.4063515753967143,CM
,235560,Contig_1211.fasta,0.01071583049921962,1.80419491311312e-05,0.44080437029610603,CM
,235560,Contig_990613.fasta,0.016289456004952164,4.854426814664107e-05,0.4573937820814434,CM
,235560,Contig_59466.fasta,0.023825071660859422,0.00011585384871960037,0.473357449741342,CM
,235560,Contig_53438.fasta,0.022124901334194966,0.00010338937607665268,0.4721633088489572,CM
,235560,Contig_61874.fasta,0.01901952719864603,7.174589043104109e-05,0.464200237171941,CM
,235560,Contig_24570409.fasta,0.014722377580725605,4.534222591670966e-05,0.45494782602753187,CM
,235560,Contig_134391.fasta,0.020896569604788227,8.732036766009414e-05,0.46908655545796146,CM
,235560,Contig_368022.fasta,0.012923265003715628,3.5137524624484974e-05,0.4527468205798902,CM
,235560,Contig_550148.fasta,0.010064165394230348,1.874653399908343e-05,0.4456322276850634,CM
,235560,Contig_498565.fasta,0.005776849736915175,6.7849290289923515e-06,0.41262243304172536,CM
,235560,Contig_132580.fasta,0.006974886647035566,8.217569664270802e-06,0.4246042096817754,CM
,235560,Contig_987514.fasta,0.013041909789453817,2.7817536737379976e-05,0.4488382149345962,CM
,235560,Contig_132151.fasta,0.0056916732480704856,6.162703615219599e-06,0.4137169222540376,CM
,235560,Contig_544515.fasta,0.0,0.0,0.0,CM
,235560,Contig_988369.fasta,0.015063163404361474,4.407196795859702e-05,0.4562787314181536,CM
,235560,Contig_993621.fasta,0.02121293442672204,8.840799901512001e-05,0.46979301111377164,CM
,235560,Contig_139909.fasta,0.012783122177578321,2.8460555270818978e-05,0.4484080872729435,CM
,235560,Contig_134896.fasta,0.02198444644406623,9.772843891899655e-05,0.47073826868140495,CM
,235560,Contig_1065651.fasta,0.021452189816544582,8.670752537043597e-05,0.46767999906978164,CM
,235560,Contig_55852.fasta,0.020588071165423702,8.129167766892326e-05,0.4660496405072874,CM
,235560,Contig_370760.fasta,0.01582080438460778,5.032603344474075e-05,0.4589640402837828,CM
,235560,Contig_704052.fasta,0.011710134770852495,2.572117849913261e-05,0.4471226364733077,CM
,235560,Contig_1062304.fasta,0.005742225716556583,5.639415260573376e-06,0.41335144794109235,CM
,235560,Contig_368958.fasta,0.013017319644399856,3.3468710833799766e-05,0.4542852806498219,CM
,235560,Contig_1065614.fasta,0.02007501395377604,7.963505980606008e-05,0.46791383906931655,CM
,235560,Contig_58988.fasta,0.017449381491084465,6.29219660452913e-05,0.46466121059515053,CM
,235560,Contig_53501.fasta,0.010998635953527383,2.1240271029200615e-05,0.4460570439173656,CM
,235560,Contig_53993.fasta,0.007127293851015596,9.728911442821062e-06,0.4284925266202533,CM
,235560,Contig_423707.fasta,0.01055239746325052,2.3327650056691e-05,0.4452082198566285,CM
,235560,Contig_421471.fasta,0.011902125650295203,2.4200308616124296e-05,0.44669578908765306,CM
,235560,Contig_61908.fasta,0.013513730192292222,3.35280131912082e-05,0.4512187454863226,CM
,235560,Contig_369636.fasta,0.01074522359561126,2.1263526554938116e-05,0.44247171543197783,CM
,235560,Contig_132893.fasta,0.022243420062858586,9.719005723128674e-05,0.47073826868140495,CM
,235560,Contig_54779.fasta,0.014113437121959397,3.676831326526653e-05,0.45450591458894274,CM
,235560,Contig_132095.fasta,0.018959963709934427,6.577483159526185e-05,0.4644306094980809,CM
,235560,Contig_499035.fasta,0.018267646730680348,6.305439574553892e-05,0.4660496405072874,CM
,235560,Contig_542555.fasta,0.0024984572767651875,6.325549568821362e-07,0.36930847598209676,CM
,235560,Contig_134585.fasta,0.0037462207187549928,1.8033293817040423e-06,0.3918876374114879,CM
,235560,Contig_501844.fasta,0.015341710230717866,4.554598209699953e-05,0.457617446522559,CM
,235560,Contig_139875.fasta,0.023908957131698157,0.0001086445056603459,0.47097517772452596,CM
,235560,Contig_139036.fasta,0.001024359522210457,0.0,0.2994648570043626,CM
,235560,Contig_703292.fasta,0.01372939534976681,3.297146915930043e-05,0.45296596231298797,CM
,235560,Contig_993718.fasta,0.02273684079399705,9.846449537388194e-05,0.4700289694317595,CM
,235560,Contig_550719.fasta,0.015442272267605162,4.612755265128343e-05,0.4582897542304766,CM
,235560,Contig_53600.fasta,0.020675361004356334,8.574633774743973e-05,0.46791383906931655,CM
,235560,Contig_54784.fasta,0.011606280565314335,2.6527781098518163e-05,0.44776443930078136,CM
,235560,Contig_137925.fasta,0.009676906457784792,1.6462314010184885e-05,0.4399754010994984,CM
,235560,Contig_498371.fasta,0.0,0.0,0.0,CM
,235560,Contig_369572.fasta,0.02168788422167001,9.141990036083637e-05,0.46861676421564,CM
,235560,Contig_709936.fasta,0.018255573195804523,6.991883095533452e-05,0.46558590952170803,CM
,235560,Contig_370309.fasta,0.014156328808829667,3.567654369857326e-05,0.4527468205798902,CM
,235560,Contig_555617.fasta,0.0,0.0,0.0,CM
,235560,Contig_985297.fasta,0.018493542475313863,7.145389012065494e-05,0.46535438992473055,CM
,235560,Contig_369793.fasta,0.01962580479637549,7.888829830342902e-05,0.4665142961807742,CM
,235560,Contig_502640.fasta,0.018474382393549215,6.18619951868176e-05,0.4630517952195117,CM
,235560,Contig_58743.fasta,0.025425682696676458,0.00012753947782005961,0.4743171201919073,CM
,235560,Contig_134420.fasta,0.013800383378019681,3.4034460380706986e-05,0.449484955878306,CM
,235560,Contig_131697.fasta,0.012942021018107376,3.3320502139195526e-05,0.4520906657674556,CM
,235560,Contig_986689.fasta,0.01993398008836077,8.388405047345555e-05,0.46932180448276484,CM
,235560,Contig_306288.fasta,0.02396943577296738,0.00011466056304337439,0.473357449741342,CM
,235560,Contig_53836.fasta,0.009108621400853513,1.5019824579856267e-05,0.43648679017660125,CM
,235560,Contig_544688.fasta,0.012932486567728087,3.16490744123437e-05,0.45013356331824583,CM
,235560,Contig_56656.fasta,0.02151326849455138,9.463240443808232e-05,0.47097517772452596,CM
,235560,Contig_54598.fasta,0.024113063750024026,0.00011766428561631546,0.4724016547898198,CM
,235560,Contig_546991.fasta,0.002206405632824562,5.954671579791143e-07,0.3518149165934711,CM
,235560,Contig_134764.fasta,0.022259912689086534,9.937053292320397e-05,0.47073826868140495,CM
,235560,Contig_542365.fasta,0.002645164440660502,7.573183512845572e-07,0.3744808636008936,CM
,235560,Contig_139193.fasta,0.0,0.0,0.0,CM
,235560,Contig_207429.fasta,0.011832395054444226,2.6069392481891924e-05,0.44648267086766846,CM
,235560,Contig_139542.fasta,0.006752949472431841,9.79219435528209e-06,0.4224955657510759,CM
,235560,Contig_1122224.fasta,0.0,0.0,0.0,CM
,235560,Contig_656.fasta,0.001162113971342714,0.0,0.3116309284510933,CM
,235560,Contig_53374.fasta,0.02192147262401367,9.95327064388303e-05,0.47097517772452596,CM
,235560,Contig_56557.fasta,0.022356292914421854,9.322831704996242e-05,0.46979301111377164,CM
,235560,Contig_308360.fasta,0.02539061287932007,0.00012849871180714207,0.47528068976060595,CM
,235560,Contig_1064061.fasta,0.007907008456792443,1.1767654016624141e-05,0.42790474537660406,CM
,235560,Contig_53464.fasta,0.022882099554503568,0.00010789813735474272,0.471925203297344,CM
,235560,Contig_56696.fasta,0.01986193454635669,8.078489290188102e-05,0.4681479130258295,CM
,235560,Contig_1061954.fasta,0.01957021195698949,7.426048611197676e-05,0.46512310046651745,CM
,235560,Contig_2616.fasta,0.0,0.0,0.0,CM
,235560,Contig_499913.fasta,0.024036311086934402,0.00011893223657377325,0.47407683796283334,CM
,235560,Contig_60703.fasta,0.019003811613723064,7.291970585282612e-05,0.4662818525852681,CM
,235560,Contig_542430.fasta,0.022128109188086047,9.979947078402484e-05,0.47097517772452596,CM
,235560,Contig_131612.fasta,0.011718437427843915,2.6898674005216672e-05,0.44862304800509734,CM
,235560,Contig_133564.fasta,0.0208433961998684,8.58921199910118e-05,0.4688515421536238,CM
,235560,Contig_550250.fasta,0.0,0.0,0.0,CM
,235560,Contig_131657.fasta,0.01209943740313719,3.0427723439187023e-05,0.44776443930078136,CM
,235560,Contig_500964.fasta,0.02360143681737348,0.00010988664800819025,0.471925203297344,CM
,235560,Contig_933392.fasta,0.008897821440664337,1.380491612996925e-05,0.43185402775202264,CM
,235560,Contig_54659.fasta,0.007968562836419472,1.0480192810789864e-05,0.4290819248686993,CM
,235560,Contig_61746.fasta,0.007498228235354215,9.784080435843746e-06,0.43285276509650006,CM
,235560,Contig_53765.fasta,0.009736001603835752,1.3511972962272554e-05,0.4377117297187245,CM
,235560,Contig_138153.fasta,0.02084503353337449,8.265477793025747e-05,0.4669798793106951,CM
,235560,Contig_56940.fasta,0.018864402476269977,7.022871706443465e-05,0.4662818525852681,CM
,235560,Contig_54275.fasta,0.019426937499844105,7.497427061070793e-05,0.46558590952170803,CM
,235560,Contig_542488.fasta,0.0,0.0,0.0,CM
,235560,Contig_367990.fasta,0.015495950411904168,4.772978634518889e-05,0.45873905791109465,CM
,235560,Contig_555859.fasta,0.012985255786078223,2.990235018647634e-05,0.4516542848159426,CM
,235560,Contig_993581.fasta,0.009375926604290045,1.5902291934353625e-05,0.43832678132957054,CM
,235560,Contig_547586.fasta,0.004343789768391434,2.603457101036337e-06,0.39139593397684364,CM
,235560,Contig_428255.fasta,0.0010873446341870111,0.0,0.30773682280126047,CM
,235560,Contig_131556.fasta,0.016427542513399965,4.610103083632892e-05,0.4591892434438828,CM
,235560,Contig_303047.fasta,0.00690312552753383,6.323656070744041e-06,0.42078582650118396,CM
,235560,Contig_368885.fasta,0.011357057985400812,1.933460027255308e-05,0.4418449849568617,CM
,235560,Contig_59053.fasta,0.011912964912734875,2.8941102934779078e-05,0.45143641010064306,CM
,235560,Contig_551912.fasta,0.007968731558356514,1.4060116447730325e-05,0.433454227947491,CM
,235560,Contig_554772.fasta,0.011320654556438214,2.5158372534625854e-05,0.44436262019878114,CM
,235560,Contig_544264.fasta,0.0011871476138098965,0.0,0.31403613360356813,CM
,235560,Contig_934117.fasta,0.015654288187300983,4.7342179613892405e-05,0.4603185824587472,CM
,235560,Contig_545454.fasta,0.013763008037282793,3.9285817010374055e-05,0.45450591458894274,CM
,235560,Contig_368262.fasta,0.003751092826641466,1.6980089011702018e-06,0.39238057783590485,CM
,235560,Contig_61277.fasta,0.007040020750419557,7.491511408253482e-06,0.4249898629149106,CM
,235560,Contig_302677.fasta,0.008412755510942487,1.1084466466101762e-05,0.433454227947491,CM
,235560,Contig_554901.fasta,0.0023601650287239143,6.814989036359304e-07,0.3585546659534993,CM
,235560,Contig_305322.fasta,0.007194643922506881,7.865537049080856e-06,0.42402704038904987,CM
,235560,Contig_544883.fasta,0.0,0.0,0.0,CM
,235560,Contig_135194.fasta,0.01878498828266985,6.845143473773354e-05,0.46512310046651745,CM
,235560,Contig_56818.fasta,0.011035746657159484,2.199912666937592e-05,0.4462697559077888,CM
,235560,Contig_498461.fasta,0.016618172513850508,5.1036558500139816e-05,0.4591892434438828,CM
,235560,Contig_543101.fasta,0.00249123243220039,5.48194981377394e-07,0.36286455143025714,CM
,235560,Contig_421823.fasta,0.009242729523445273,1.6758711496072373e-05,0.4375070959039893,CM
,235560,Contig_135268.fasta,0.011310742099259771,2.5697260004139846e-05,0.44797878321619583,CM
,235560,Contig_1064205.fasta,0.02297774014754943,0.00010645640482676903,0.4721633088489572,CM
,235560,Contig_54445.fasta,0.015608902755187806,4.8814363739240006e-05,0.4596403134276194,CM
,235560,Contig_549637.fasta,0.0,0.0,0.0,CM
,235560,Contig_55400.fasta,0.011958041110642914,2.4753614868404637e-05,0.44542012286465166,CM
,235560,Contig_625718.fasta,0.024584708892260908,0.00012235996716696102,0.4745576461149255,CM
,235560,Contig_801021.fasta,0.0,0.0,0.0,CM
,235560,Contig_1062339.fasta,0.0024547991241065416,5.721565612395064e-07,0.36328714213456254,CM
,235560,Contig_306355.fasta,0.009406882584537823,1.4431414914181483e-05,0.4348641627038258,CM
,235560,Contig_428764.fasta,0.01888393127668025,6.641156925972215e-05,0.4639700932764666,CM
,235560,Contig_369126.fasta,0.0038038575791023046,1.818159831253085e-06,0.3938668679034651,CM
,235560,Contig_302533.fasta,0.01672670150968119,5.362011545709665e-05,0.4578413298134213,CM
,235560,Contig_1315.fasta,0.010709205740524348,2.1555649581417365e-05,0.44542012286465166,CM
,235560,Contig_992309.fasta,0.00983917277481328,1.8884152458557434e-05,0.4435202266059872,CM
,235560,Contig_425542.fasta,0.018390550018478304,7.028276677544406e-05,0.46535438992473055,CM
,235560,Contig_498295.fasta,0.020062916564253658,8.076388815972063e-05,0.46791383906931655,CM
,235560,Contig_54108.fasta,0.00701088622075326,8.567297455452115e-06,0.4242192557292081,CM
,235560,Contig_796850.fasta,0.023053216743113676,0.00010663718992951802,0.47168733777148847,CM
,235560,Contig_58097.fasta,0.015389133926743976,4.714160465706143e-05,0.45986618090350523,CM
,235560,Contig_984994.fasta,0.0034172202190603587,2.262970495247539e-06,0.384955852792527,CM
,235560,Contig_932851.fasta,0.022075214788391792,8.806032605006867e-05,0.46791383906931655,CM
,235560,Contig_60483.fasta,0.014102465435989897,3.749251261132093e-05,0.45561230678609205,CM
,235560,Contig_542409.fasta,0.0048109500840834134,3.26593526056837e-06,0.40320020600544293,CM
,235560,Contig_628830.fasta,0.016922089177084945,5.452303421451056e-05,0.46122606118217496,CM
,235560,Contig_993268.fasta,0.013107578482268576,3.710364295335176e-05,0.45494782602753187,CM
,235560,Contig_53370.fasta,0.005057956581846237,4.077763789272214e-06,0.4137169222540376,CM
,235560,Contig_4880.fasta,0.012389595493712987,3.167175400617419e-05,0.44905358835826925,CM
,235560,Contig_368303.fasta,0.024849585651797557,0.00012536035520985722,0.47528068976060595,CM
,235560,Contig_133134.fasta,0.005006822223418829,4.100446167139872e-06,0.41225888904785596,CM
,235560,Contig_1973.fasta,0.007244405730960697,9.972680924516015e-06,0.4277091764801797,CM
,235560,Contig_371210.fasta,0.016701347395921093,5.7752993273786814e-05,0.4632810287815015,CM
,235560,Contig_1062001.fasta,0.01970827258941111,7.737024964944268e-05,0.4669798793106951,CM
,235560,Contig_1064554.fasta,0.011762225189018836,2.5973378879404792e-05,0.4484080872729435,CM
,235560,Contig_498458.fasta,0.005532439225526539,5.521091559959454e-06,0.4129866187725653,CM
,235560,Contig_56821.fasta,0.01169220928937845,2.5959138370711753e-05,0.44862304800509734,CM
,235560,Contig_53604.fasta,0.0072234434682494925,7.729582889274115e-06,0.42518295235739806,CM
,235560,Contig_201321.fasta,0.015338194542131627,4.893071129138014e-05,0.46009227047130435,CM
,235560,Contig_136127.fasta,0.020341498165306064,8.53273460320132e-05,0.4688515421536238,CM
,235560,Contig_1268205.fasta,0.005886839306697219,6.117104874370271e-06,0.4142663471175888,CM
,235560,Contig_56363.fasta,0.014037559389914299,4.08708733384586e-05,0.4573937820814434,CM
,235560,Contig_138376.fasta,0.014778661966768213,4.237307899517941e-05,0.45561230678609205,CM
,235560,Contig_54813.fasta,0.018595775490034983,6.898529993989263e-05,0.46512310046651745,CM
,235560,Contig_56326.fasta,0.004555011886456069,2.9733238967109273e-06,0.3983940732816659,CM
,235560,Contig_213640.fasta,0.022920204561926692,0.00010152935310255217,0.47073826868140495,CM
,235560,Contig_59276.fasta,0.004265122928368933,2.9485026332215334e-06,0.39303976402294544,CM
,235560,Contig_622130.fasta,0.008025575754658619,1.0499663640628161e-05,0.42615103740374916,CM
,235560,Contig_550374.fasta,0.0023164274552792538,9.982848394805093e-07,0.3582801217988641,CM
,235560,Contig_542514.fasta,0.012971995233411518,3.7972118170886266e-05,0.4582897542304766,CM
,235560,Contig_1270443.fasta,0.0,0.0,0.0,CM
,235560,Contig_859.fasta,0.010580859312064626,2.2497043679679128e-05,0.4441517219452459,CM
,235560,Contig_133315.fasta,0.01993295154233219,7.082035349574527e-05,0.464200237171941,CM
,235560,Contig_1258190.fasta,0.019824181253924923,7.35447872219126e-05,0.4644306094980809,CM
,235560,Contig_62690.fasta,0.02108305927128002,8.300283711836396e-05,0.4681479130258295,CM
,235560,Contig_137536.fasta,0.016653119254219768,5.703537878372409e-05,0.46259400797757444,CM
,235560,Contig_302537.fasta,0.009348219422723361,1.3171828928906032e-05,0.4358768878149199,CM
,235560,Contig_61137.fasta,0.019770923034716833,7.818919009542038e-05,0.4681479130258295,CM
,235560,Contig_53538.fasta,0.010869006756739576,1.8741360446404504e-05,0.44310022639139823,CM
,235560,Contig_42.fasta,0.0,0.0,0.0,CM
,235560,Contig_421320.fasta,0.002196198136117398,4.854825496320971e-07,0.3494502158844784,CM
,235560,Contig_53681.fasta,0.0061109205717619726,5.167542347453639e-06,0.41647871746267606,CM
,235560,Contig_542529.fasta,0.001162113971342714,0.0,0.3116309284510933,CM
,235560,Contig_4.fasta,0.010521005235008443,2.2449857955596932e-05,0.4469091108589461,CM
,235560,Contig_703687.fasta,0.01451821163320089,4.260339442834061e-05,0.45806543227539553,CM
,235560,Contig_501838.fasta,0.0199496179218531,8.266106102566912e-05,0.46932180448276484,CM
,235560,Contig_304363.fasta,0.007114287661430557,8.105442320515783e-06,0.4259570678828553,CM
,235560,Contig_1124279.fasta,0.017896745290982737,6.122022430917006e-05,0.4630517952195117,CM
,235560,Contig_371458.fasta,0.024400625929677358,0.0001223955429775338,0.47479841610280726,CM
,235560,Contig_371089.fasta,0.023816118086036966,0.00011245818224080563,0.4731181385938489,CM
,235560,Contig_502049.fasta,0.0,0.0,0.0,CM
,235560,Contig_54896.fasta,0.00734880439575295,8.527189946416357e-06,0.4292787514397399,CM
,235560,Contig_308594.fasta,0.02223952513220976,9.821846395738807e-05,0.470501597857533,CM
,235560,Contig_421862.fasta,0.0,0.0,0.0,CM
,235560,Contig_704447.fasta,0.005937495735963454,6.962424511458563e-06,0.4192776335746564,CM
,235560,Contig_542628.fasta,0.010368726781105068,2.1922304242234793e-05,0.44436262019878114,CM
,235560,Contig_1062711.fasta,0.012836295454938435,3.1265657233943185e-05,0.45296596231298797,CM
,235560,Contig_56142.fasta,0.005940797770144029,5.954616500573149e-06,0.41740752816174537,CM
,235560,Contig_930489.fasta,0.0021679647436874815,4.6802534801811174e-07,0.34997295367936915,CM
,235560,Contig_139157.fasta,0.01909540972748991,7.319826323982662e-05,0.4681479130258295,CM
,235560,Contig_499578.fasta,0.0012895985538787398,0.0,0.3243770114865279,CM
,235560,Contig_991222.fasta,0.008254066187370434,1.3275599250477383e-05,0.4324527163302371,CM
,235560,Contig_55519.fasta,0.0,0.0,0.0,CM
,235560,Contig_371268.fasta,0.020969334717883346,9.126720324209461e-05,0.47097517772452596,CM
,235560,Contig_502154.fasta,0.023272890076198833,0.00010616266661507877,0.4714497119086313,CM
,235560,Contig_61443.fasta,0.008942997521040635,1.5378713195544154e-05,0.4344603891080005,CM
,235560,Contig_546955.fasta,0.007038326152169054,7.293363216239993e-06,0.4230685705870855,CM
,235560,Contig_137801.fasta,0.01624736331210889,4.774568931166191e-05,0.4585142960012901,CM
,235560,Contig_53460.fasta,0.015191706637007637,4.3294104152177594e-05,0.45694710846612946,CM
,235560,Contig_213008.fasta,0.0254365212174307,0.00013207329362015957,0.47528068976060595,CM
,235560,Contig_421555.fasta,0.012375678954202636,3.002661273332932e-05,0.4534048828191052,CM
,235560,Contig_549796.fasta,0.0010951868782129075,0.0,0.3047306018035275,CM
,235560,Contig_368839.fasta,0.025231868749587806,0.00013077674867946175,0.47479841610280726,CM
,235560,Contig_55135.fasta,0.02192697461118975,9.369010919879717e-05,0.4688515421536238,CM
,235560,Contig_62471.fasta,0.019625080918786477,7.902807734992272e-05,0.46838222129060714,CM
,235560,Contig_55618.fasta,0.016805852729492133,6.089816123176252e-05,0.464200237171941,CM
,235560,Contig_210082.fasta,0.015627758970014498,4.357242485534744e-05,0.4582897542304766,CM
,235560,Contig_24578817.fasta,0.0,0.0,0.0,CM
,235560,Contig_54618.fasta,0.009666997645642647,1.9278412242086995e-05,0.44163646915461685,CM
,235560,Contig_988525.fasta,0.024111255165023212,0.00011603568675738438,0.4726402414841581,CM
,235560,Contig_987358.fasta,0.012813827166945551,3.0869768543399824e-05,0.4510012906692208,CM
,235560,Contig_420491.fasta,0.0,0.0,0.0,CM
,235560,Contig_306388.fasta,0.0,0.0,0.0,CM
,235560,Contig_133758.fasta,0.013582875947105492,3.394386624420798e-05,0.45035018197239324,CM
,235560,Contig_1258149.fasta,0.01840444504089214,5.850902428366772e-05,0.46009227047130435,CM
,235560,Contig_303939.fasta,0.016325702881856814,4.850925785149987e-05,0.45806543227539553,CM
,235560,Contig_139743.fasta,0.021008562155691034,8.191847662535436e-05,0.4674463926766399,CM
,235560,Contig_499329.fasta,0.016083176526776783,4.505786137127674e-05,0.4562787314181536,CM
,235560,Contig_55465.fasta,0.0025190389672036548,5.065285110871088e-07,0.3678567917211608,CM
,235560,Contig_545474.fasta,0.0013055160626628906,0.0,0.32641356056457377,CM
,235560,Contig_60212.fasta,0.017251217827005356,6.294571777417198e-05,0.4632810287815015,CM
,235560,Contig_306074.fasta,0.024307194278773314,0.00011499041124843268,0.4724016547898198,CM
,235560,Contig_502705.fasta,0.007164833931499767,1.0116012142867565e-05,0.4286888127066574,CM
,235560,Contig_302612.fasta,0.014420262960937381,4.176941760961806e-05,0.45806543227539553,CM
,235560,Contig_56457.fasta,0.021964967525363515,8.993957287636792e-05,0.4674463926766399,CM
,235560,Contig_554999.fasta,0.001248777100302115,0.0,0.31841703917612557,CM
,235560,Contig_56086.fasta,0.008260445003890633,1.2294171465428852e-05,0.4342587833589945,CM
,235560,Contig_543199.fasta,0.002272971053513329,4.241473328880524e-07,0.35314252005231433,CM
,235560,Contig_23.fasta,0.009561572880169998,1.4523825099714594e-05,0.4375070959039893,CM
,235560,Contig_1064124.fasta,0.019450657426557588,7.613801623853749e-05,0.4660496405072874,CM
,235560,Contig_133459.fasta,0.008564385540873345,1.3529827992142287e-05,0.43669047043333326,CM
,235560,Contig_370813.fasta,0.01793559449729909,5.776429545848862e-05,0.46259400797757444,CM
,235560,Contig_803076.fasta,0.0012290828210922429,0.0,0.31830873406075955,CM
,235560,Contig_304497.fasta,0.002420691875720954,5.90410919973908e-07,0.36541494655940376,CM
,235560,Contig_55498.fasta,0.011623287529185823,2.5975383605205443e-05,0.44669578908765306,CM
,235560,Contig_60113.fasta,0.02098652241439601,8.516294662315716e-05,0.46861676421564,CM
,235560,Contig_305805.fasta,0.0010651259889391915,0.0,0.3037415378573947,CM
,235560,Contig_302556.fasta,0.012833787802518818,3.621766081158722e-05,0.45494782602753187,CM
,235560,Contig_61915.fasta,0.009694382203590323,1.7429035237403018e-05,0.44059683528184235,CM
,235560,Contig_134054.fasta,0.019931668409465905,7.479453901142682e-05,0.4662818525852681,CM
,235560,Contig_368736.fasta,0.025192991240411664,0.0001259937468029645,0.47383679905753573,CM
,235560,Contig_552143.fasta,0.02420883728583778,0.00011886322615459851,0.4735970031065957,CM
,235560,Contig_131677.fasta,0.014782056894362393,3.872977497927113e-05,0.4516542848159426,CM
,235560,Contig_500107.fasta,0.017380552779963043,5.848232533772198e-05,0.4630517952195117,CM
,235560,Contig_369773.fasta,0.021608762217160547,8.600378905965724e-05,0.46767999906978164,CM
,235560,Contig_553945.fasta,0.005827205826985081,5.763200461625515e-06,0.41481723321747915,CM
,235560,Contig_135011.fasta,0.008632143295232028,1.2708368737356466e-05,0.4269286852822231,CM
,235560,Contig_1064039.fasta,0.0013111939026295173,0.0,0.32595878723045385,CM
,235560,Contig_987907.fasta,0.007089754361634381,8.665211029042323e-06,0.4232599177470073,CM
,235560,Contig_53369.fasta,0.003539700705692137,1.365292318285491e-06,0.3863863245824249,CM
,235560,Contig_61766.fasta,0.010285293956971902,2.2055014559866874e-05,0.4441517219452459,CM
,235560,Contig_53444.fasta,0.014382441937523898,4.3404263673616774e-05,0.457617446522559,CM
,235560,Contig_988014.fasta,0.0,0.0,0.0,CM
,235560,Contig_53893.fasta,0.019591196658091607,7.123337004305243e-05,0.46489204080408997,CM
,235560,Contig_811026.fasta,0.00721153986414415,7.958876599353123e-06,0.42518295235739806,CM
,235560,Contig_548326.fasta,0.01657373215074444,4.955623155107987e-05,0.4596403134276194,CM
,235560,Contig_166.fasta,0.0,0.0,0.0,CM
,235560,Contig_368472.fasta,0.01891657823530708,7.493550534871926e-05,0.46767999906978164,CM
,235560,Contig_131533.fasta,0.009569664487151594,1.8240771560535803e-05,0.4418449849568617,CM
,235560,Contig_713578.fasta,0.00812810977807602,1.0371823635965048e-05,0.429475758668487,CM
,235560,Contig_62754.fasta,0.018468841864811337,6.42660359899106e-05,0.46489204080408997,CM
,235560,Contig_499271.fasta,0.01988577845863546,8.482304364791429e-05,0.46861676421564,CM
,235560,Contig_547132.fasta,0.01971779390856352,7.518095684869451e-05,0.4662818525852681,CM
,235560,Contig_542385.fasta,0.008446538732115804,1.3262493383128396e-05,0.4362832998315306,CM
,235560,Contig_1061989.fasta,0.008367642104592047,1.1736203803942717e-05,0.43506633107328363,CM
,235560,Contig_137023.fasta,0.0034181211599461987,1.8377660107874933e-06,0.38197048087291147,CM
,235560,Contig_626516.fasta,0.024423353450613743,0.00012177623572778799,0.4745576461149255,CM
,235560,Contig_990243.fasta,0.006031317885820098,5.224146005042235e-06,0.4179668057787553,CM
,235560,Contig_59036.fasta,0.0012031214320802996,0.0,0.3153058214752807,CM
,235560,Contig_1064338.fasta,0.0,0.0,0.0,CM
,235560,Contig_426325.fasta,0.0034165762749903544,1.4363801082054724e-06,0.3799543963210041,CM
,235560,Contig_1063105.fasta,0.0061364577509631655,6.223973238783616e-06,0.41815356485193617,CM
,235560,Contig_132168.fasta,0.0010873446341870111,0.0,0.30773682280126047,CM
,235560,Contig_372283.fasta,0.01762587734570284,5.901899060081866e-05,0.4619090217860973,CM
,235560,Contig_134478.fasta,0.0019945822783836702,3.735737173136721e-07,0.3351818331442095,CM
,235560,Contig_370234.fasta,0.02145189713286897,8.608431110584073e-05,0.4669798793106951,CM
,235560,Contig_801164.fasta,0.016780177828906683,5.0421890111416835e-05,0.46077187500671246,CM
,235560,Contig_53484.fasta,0.012948875718356694,3.368443760559999e-05,0.453185316289895,CM
,235560,Contig_549737.fasta,0.0,0.0,0.0,CM
,235560,Contig_206708.fasta,0.01776880861108437,6.27282854655144e-05,0.4616811436303074,CM
,235560,Contig_54992.fasta,0.02092851351860325,9.064217300823086e-05,0.470501597857533,CM
,235560,Contig_1580.fasta,0.015326846962352439,4.723663420411619e-05,0.46009227047130435,CM
,235560,Contig_138626.fasta,0.02054396197178283,8.064899801273508e-05,0.46908655545796146,CM
,235560,Contig_302732.fasta,0.008149220540585773,1.172959738423517e-05,0.4314558221017211,CM
,235560,Contig_544511.fasta,0.0008560779811047184,0.0,0.2857489093553078,CM
,235560,Contig_987555.fasta,0.022248576155781165,9.634274348846817e-05,0.47097517772452596,CM
,235560,Contig_132953.fasta,0.0153108215396793,3.9241612541487706e-05,0.45450591458894274,CM
,235560,Contig_544554.fasta,0.0,0.0,0.0,CM
,235560,Contig_133584.fasta,0.01776170194253901,6.397108084837808e-05,0.4639700932764666,CM
,235560,Contig_57532.fasta,0.012799507500946418,2.8863934758851376e-05,0.4471226364733077,CM
,235560,Contig_420261.fasta,0.0022602498186352665,3.093863021128995e-07,0.35089151786225464,CM
,235560,Contig_371170.fasta,0.014460083886281075,3.3588416271912506e-05,0.45539059763437134,CM
,235560,Contig_135069.fasta,0.0009668267249724064,0.0,0.29400806727572515,CM
,235560,Contig_369063.fasta,0.010514336203359514,1.8784373360114735e-05,0.4437305254332068,CM
,235560,Contig_371618.fasta,0.02012405485554111,7.677164763660953e-05,0.4669798793106951,CM
,235560,Contig_555306.fasta,0.007172281363827927,7.241799315996373e-06,0.4232599177470073,CM
,235560,Contig_550560.fasta,0.015325033728308754,4.56807886682254e-05,0.4582897542304766,CM
,235560,Contig_60835.fasta,0.002480553085445779,4.2406387632000426e-07,0.36727930853164564,CM
,235560,Contig_542345.fasta,0.00324983961884046,1.7194018661164238e-06,0.37765443024157913,CM
,235560,Contig_61646.fasta,0.026080426374133773,0.00013424847461541758,0.4755221941761347,CM
,235560,Contig_498856.fasta,0.01267625977521241,2.759190304111014e-05,0.44797878321619583,CM
,235560,Contig_501062.fasta,0.02208550750725089,9.080921998550757e-05,0.46908655545796146,CM
,235560,Contig_368282.fasta,0.010651711302184038,2.022624093600662e-05,0.44478501812672677,CM
,235560,Contig_428054.fasta,0.018397765317691772,6.801343077759406e-05,0.4632810287815015,CM
,235560,Contig_994290.fasta,0.00852704783241401,1.1294859283020608e-05,0.43547123226553425,CM
,235560,Contig_499481.fasta,0.018264262645816244,5.8650742270588665e-05,0.4582897542304766,CM
,235560,Contig_542530.fasta,0.0,0.0,0.0,CM
,235560,Contig_371705.fasta,0.007019064299796986,9.257775811970464e-06,0.4281004932015705,CM
,235560,Contig_53599.fasta,0.020812018117360626,8.393021399679888e-05,0.46791383906931655,CM
,235560,Contig_985013.fasta,0.019335743488412115,6.657306264989713e-05,0.46259400797757444,CM
,235560,Contig_992481.fasta,0.004653032853111139,3.3220144173520335e-06,0.40216058364358964,CM
,235560,Contig_135275.fasta,0.02589347388421865,0.00013216245176726228,0.47479841610280726,CM
,235560,Contig_931634.fasta,0.018552809635814835,6.209088819305424e-05,0.4619090217860973,CM
,235560,Contig_61990.fasta,0.022106577447441742,9.756349203911015e-05,0.47073826868140495,CM
,235560,Contig_134230.fasta,0.008606940336824787,1.1951714154495177e-05,0.4358768878149199,CM
,235560,Contig_303596.fasta,0.0042030712387011405,2.857734397132919e-06,0.3900907370315269,CM
,235560,Contig_212565.fasta,0.022431860338875242,9.639479614997698e-05,0.4700289694317595,CM
,235560,Contig_1128046.fasta,0.020161361912888854,7.440732104971655e-05,0.4669798793106951,CM
,235560,Contig_139855.fasta,0.02881188059010762,0.00016332462758436182,0.47770682906515216,CM
,235560,Contig_989235.fasta,0.017655895354313868,5.712292004078232e-05,0.4616811436303074,CM
,235560,Contig_499439.fasta,0.010703346859314943,2.3306020645198753e-05,0.44542012286465166,CM
,235560,Contig_1062866.fasta,0.021840115378788553,9.05493105691985e-05,0.46838222129060714,CM
,235560,Contig_4593.fasta,0.006728012303142918,7.133089719050367e-06,0.41890227311487604,CM
,235560,Contig_61074.fasta,0.025333904995220764,0.00012019415490353955,0.4724016547898198,CM
,235560,Contig_990281.fasta,0.026537609865388348,0.00013659388285516868,0.47479841610280726,CM
,235560,Contig_499662.fasta,0.019688415718335055,7.610762381481635e-05,0.46558590952170803,CM
,235560,Contig_62796.fasta,0.022840340273873827,9.320852021604692e-05,0.4674463926766399,CM
,235560,Contig_368867.fasta,0.023057757272047032,0.00010397552125946725,0.47073826868140495,CM
,235560,Contig_368024.fasta,0.014200125086911247,4.128964726204053e-05,0.45694710846612946,CM
,235560,Contig_1065845.fasta,0.0012667296521788076,0.0,0.3222547101028351,CM
,235560,Contig_131648.fasta,0.022290187726855773,9.95952450236e-05,0.4712123253467438,CM
,235560,Contig_1067335.fasta,0.023657857410861842,0.00010773557867215973,0.4724016547898198,CM
,235560,Contig_367937.fasta,0.01188340166955288,2.6223306677370564e-05,0.449484955878306,CM
,235560,Contig_201958.fasta,0.018285686824134312,5.766086187571522e-05,0.4589640402837828,CM
,235560,Contig_546698.fasta,0.0012290828210922429,0.0,0.31830873406075955,CM
,235560,Contig_308342.fasta,0.015192044463893795,4.689487026852367e-05,0.4603185824587472,CM
,235560,Contig_138109.fasta,0.023574308244697972,0.00010590902780386752,0.4714497119086313,CM
,235560,Contig_545981.fasta,0.023769669426963184,0.00011290671963908703,0.4735970031065957,CM
,235560,Contig_930043.fasta,0.004743742700821116,3.4289016094345035e-06,0.40476975698037765,CM
,235560,Contig_53486.fasta,0.0,0.0,0.0,CM
,235560,Contig_24565782.fasta,0.014020716618041088,3.773240081342612e-05,0.4523091726141291,CM
,235560,Contig_59009.fasta,0.013928117237154595,3.9654419499372336e-05,0.4565013064090893,CM
,235560,Contig_53814.fasta,0.014289708492005022,3.7242441191324644e-05,0.4547267629439422,CM
,235560,Contig_1116.fasta,0.01260793389405011,2.7090382317180637e-05,0.44862304800509734,CM
,235560,Contig_139857.fasta,0.003428019141451062,1.261007248506694e-06,0.377959482285393,CM
,235560,Contig_420383.fasta,0.010486664481473259,2.113613238994705e-05,0.44457371883070457,CM
,235560,Contig_555118.fasta,0.027572697094910694,0.00014456370803638544,0.47528068976060595,CM
,235560,Contig_1066641.fasta,0.023542114066177212,0.00010578623213818547,0.471925203297344,CM
,235560,Contig_137669.fasta,0.010532569047632978,1.840408508781582e-05,0.441428150065393,CM
,235560,Contig_302668.fasta,0.02425871259459054,0.00012305826084631877,0.47479841610280726,CM
,235560,Contig_305455.fasta,0.019842341011918025,8.254068585622718e-05,0.4688515421536238,CM
,235560,Contig_61545.fasta,0.010813280478751026,2.2569410252170272e-05,0.44648267086766846,CM
,235560,Contig_498353.fasta,0.012016977538814361,2.7563321550141074e-05,0.4497009505711836,CM
,235560,Contig_988988.fasta,0.001162113971342714,0.0,0.3116309284510933,CM
,235560,Contig_985054.fasta,0.021793586289127146,8.864010661109355e-05,0.46861676421564,CM
,235560,Contig_420879.fasta,0.008014441629398815,1.1271765250796968e-05,0.42987031609491644,CM
,235560,Contig_1258176.fasta,0.017693153211227948,5.634934607347473e-05,0.46054511719420915,CM
,235560,Contig_499353.fasta,0.02411353718646031,0.0001174544402954094,0.4726402414841581,CM
,235560,Contig_468.fasta,0.0,0.0,0.0,CM
,235560,Contig_993483.fasta,0.023070135777758953,0.00010742527695021266,0.4726402414841581,CM
,235560,Contig_988975.fasta,0.020946281479381535,8.184611351519513e-05,0.466746971640216,CM
,235560,Contig_988930.fasta,0.017264550669155918,6.289948721828478e-05,0.4637401774720679,CM
,235560,Contig_1198429.fasta,0.0009883530715432602,0.0,0.2968996440795156,CM
,235560,Contig_933290.fasta,0.023713342748828865,0.00011502798943753713,0.4735970031065957,CM
,235560,Contig_499052.fasta,0.01945754872492705,7.239917164517619e-05,0.4674463926766399,CM
,235560,Contig_305495.fasta,0.02188772428019466,9.763488043283503e-05,0.470501597857533,CM
,235560,Contig_985400.fasta,0.023167459364234085,0.00010936281334573724,0.4724016547898198,CM
,235560,Contig_985094.fasta,0.017845005447616382,6.617449585988476e-05,0.4660496405072874,CM
,235560,Contig_500018.fasta,0.01029471123422661,2.3618927747073592e-05,0.442681020879202,CM
,235560,Contig_54766.fasta,0.012735609282359086,3.343281574239018e-05,0.4523091726141291,CM
,235560,Contig_1263528.fasta,0.005556541747518521,4.649220173845457e-06,0.4063515753967143,CM
,235560,Contig_59228.fasta,0.0,0.0,0.0,CM
,235560,Contig_1065920.fasta,0.013799801017413451,3.6116716233014694e-05,0.4547267629439422,CM
,235560,Contig_555509.fasta,0.006084672938559757,6.36251230022345e-06,0.4183404908979138,CM
,235560,Contig_139091.fasta,0.026635258872903016,0.00014076123883499116,0.47576394414775447,CM
,235560,Contig_706082.fasta,0.013889896389229996,3.8151611425985865e-05,0.45494782602753187,CM
,235560,Contig_368629.fasta,0.017883717001068142,6.247036046241743e-05,0.464200237171941,CM
,235560,Contig_625052.fasta,0.02656946850661586,0.00013875037379282803,0.47576394414775447,CM
,235560,Contig_368691.fasta,0.011818116986977026,2.2656789303472372e-05,0.44436262019878114,CM
,235560,Contig_551706.fasta,0.002321127933806104,5.463605420277321e-07,0.35938082877827693,CM
,235560,Contig_61210.fasta,0.0013055160626628906,0.0,0.32641356056457377,CM
,235560,Contig_369691.fasta,0.022078795098822133,9.459061894716576e-05,0.4688515421536238,CM
,235560,Contig_498443.fasta,0.0009883530715432602,0.0,0.2968996440795156,CM
,235560,Contig_59641.fasta,0.023214939254802575,0.00011110579776160859,0.4724016547898198,CM
,235560,Contig_370353.fasta,0.01951211811866311,7.318843826520431e-05,0.46466121059515053,CM
,235560,Contig_24566591.fasta,0.010233974742737777,1.6705201856590454e-05,0.43669047043333326,CM
,235560,Contig_55467.fasta,0.0032400873862622917,1.7387170898827e-06,0.37750208880138486,CM
,235560,Contig_543838.fasta,0.0,0.0,0.0,CM
,235560,Contig_988352.fasta,0.020587810276427667,7.996060484931741e-05,0.466746971640216,CM
,235560,Contig_56962.fasta,0.017152337951013976,4.9778027943392334e-05,0.4573937820814434,CM
,235560,Contig_549823.fasta,0.010544742504370586,1.5992047732450542e-05,0.44018235095890546,CM
,235560,Contig_546289.fasta,0.022190840615208363,9.766767806063119e-05,0.47026516489378545,CM
,235560,Contig_5823.fasta,0.014026330155977354,3.516750869698453e-05,0.45296596231298797,CM
,235560,Contig_304689.fasta,0.020764888781181604,8.642779636300152e-05,0.46861676421564,CM
,235560,Contig_1062142.fasta,0.01303566181012432,2.9756486849246682e-05,0.4518723699365684,CM
,235560,Contig_62387.fasta,0.02099095931870769,8.956473684782112e-05,0.4681479130258295,CM
,235560,Contig_133647.fasta,0.021177738332476225,9.246657008220503e-05,0.47073826868140495,CM
,235560,Contig_550173.fasta,0.0229319122585315,0.00010908400891972363,0.473357449741342,CM
,235560,Contig_542713.fasta,0.008323132749297605,1.3390717254223678e-05,0.43607999913263423,CM
,235560,Contig_131574.fasta,0.007257480573221223,8.50360115655929e-06,0.4271235409122013,CM
,235560,Contig_542387.fasta,0.004559215308345176,3.624022937644795e-06,0.40250652823167016,CM
,235560,Contig_306603.fasta,0.022996925654644836,0.0001078117669282984,0.47287906929693435,CM
,235560,Contig_137862.fasta,0.026557535285266432,0.00014272747186510528,0.47673340710067913,CM
,235560,Contig_553205.fasta,0.005535722964112536,5.714690741270328e-06,0.4083017792925973,CM
,235560,Contig_53446.fasta,0.020063771856132277,8.072997202230364e-05,0.4669798793106951,CM
,235560,Contig_61498.fasta,0.019995262854295294,7.668986027763023e-05,0.46721301954000655,CM
,235560,Contig_54950.fasta,0.016574431252238727,5.482093858258714e-05,0.4609988562259276,CM
,235560,Contig_55915.fasta,0.0025235686239441927,7.307944856828738e-07,0.3697462181503884,CM
,235560,Contig_55113.fasta,0.0174443132847116,6.3967056253262e-05,0.4632810287815015,CM
,235560,Contig_24574211.fasta,0.022659550558044344,0.00010479369592141366,0.47168733777148847,CM
,235560,Contig_55950.fasta,0.019087776834519562,7.401169024526095e-05,0.46489204080408997,CM
,235560,Contig_792106.fasta,0.013579359508811383,3.909911552956316e-05,0.45296596231298797,CM
,235560,Contig_24569564.fasta,0.015026570664894299,4.030628516159514e-05,0.45494782602753187,CM
,235560,Contig_499137.fasta,0.0035949957493470524,2.6609876521382643e-06,0.3946974602018697,CM
,235560,Contig_1065878.fasta,0.007161384451890781,8.231732218156467e-06,0.4275137862670777,CM
,235560,Contig_500105.fasta,0.010555845844715838,2.279158697218674e-05,0.44648267086766846,CM
,235560,Contig_990105.fasta,0.008072457800367408,1.1274883469188436e-05,0.4308598886457795,CM
,235560,Contig_213746.fasta,0.0,0.0,0.0,CM
,235560,Contig_308147.fasta,0.002480553085445779,4.2406387632000426e-07,0.36727930853164564,CM
,235560,Contig_1064246.fasta,0.0,0.0,0.0,CM
,235560,Contig_500378.fasta,0.011460722541618468,2.687522016956481e-05,0.4435202266059872,CM
,235560,Contig_372001.fasta,0.0208416695954413,8.846287400536337e-05,0.47026516489378545,CM
,235560,Contig_368549.fasta,0.00936993108700992,1.62035440347194e-05,0.4379165550484947,CM
,235560,Contig_542593.fasta,0.019494095137256803,7.824412341908943e-05,0.46581765960111154,CM
,235560,Contig_499422.fasta,0.01837362454053261,6.199213622898377e-05,0.46145349020642656,CM
,235560,Contig_134994.fasta,0.0022871011700067306,4.0757220127902105e-07,0.35221214833971887,CM
,235560,Contig_62593.fasta,0.025839696624584796,0.00013088589165054161,0.4745576461149255,CM
,235560,Contig_1062838.fasta,0.0,0.0,0.0,CM
,235560,Contig_306052.fasta,0.0,0.0,0.0,CM
,235560,Contig_500079.fasta,0.012286866882954939,2.9393628946618136e-05,0.44862304800509734,CM
,235560,Contig_1065904.fasta,0.021877940598796254,9.881197015033314e-05,0.470501597857533,CM
,235560,Contig_552078.fasta,0.0034547871647493036,1.9292428274826734e-06,0.3844813796789782,CM
,235560,Contig_1065941.fasta,0.02328082886353701,0.00010921843459249514,0.4721633088489572,CM
,235560,Contig_55393.fasta,0.0219375727913331,9.55920903292378e-05,0.46979301111377164,CM
,235560,Contig_423779.fasta,0.0,0.0,0.0,CM
,235560,Contig_135642.fasta,0.0232460536088288,0.00010657034290439413,0.4721633088489572,CM
,235560,Contig_302535.fasta,0.010154621358650832,1.7840489467810218e-05,0.4368943408677092,CM
,235560,Contig_61135.fasta,0.00956055977221933,1.914242418859776e-05,0.44080437029610603,CM
,235560,Contig_134037.fasta,0.016240756888487487,5.434738801898555e-05,0.46077187500671246,CM
,235560,Contig_131651.fasta,0.018265831421944358,6.158498679144406e-05,0.464200237171941,CM
,235560,Contig_369755.fasta,0.026897101873370494,0.0001456468023834983,0.47649067115001686,CM
,235560,Contig_985251.fasta,0.00586382915516226,6.10983682394135e-06,0.4146334417982424,CM
,235560,Contig_305281.fasta,0.021191607764413523,9.029855743116497e-05,0.46955728958285653,CM
,235560,Contig_1264101.fasta,0.0035114173131150475,1.6986593483343847e-06,0.38197048087291147,CM
,235560,Contig_53427.fasta,0.017289077215556715,5.484738579380147e-05,0.46077187500671246,CM
,235560,Contig_1063267.fasta,0.020980620898152294,8.091334189322795e-05,0.4674463926766399,CM
,235560,Contig_555358.fasta,0.005541754090702823,4.574141395676441e-06,0.40973190811673954,CM
,235560,Contig_368078.fasta,0.0171159488360227,5.1942211163536016e-05,0.457617446522559,CM
,235560,Contig_798280.fasta,0.014159995241321471,3.704583048003771e-05,0.45494782602753187,CM
,235560,Contig_57241.fasta,0.00823111361700985,1.0967477528729236e-05,0.4296729468037801,CM
,235560,Contig_550914.fasta,0.0013055160626628906,0.0,0.32641356056457377,CM
,235560,Contig_202130.fasta,0.002394992678384035,4.034138955738355e-07,0.35993372236101273,CM
,235560,Contig_792223.fasta,0.017137512221170482,5.3547456207889066e-05,0.4603185824587472,CM
,235560,Contig_368085.fasta,0.01768374344248637,6.488122167237846e-05,0.46466121059515053,CM
,235560,Contig_713989.fasta,0.017015258110735343,5.296902768972769e-05,0.4594146677165602,CM
,235560,Contig_56628.fasta,0.02083901757510453,8.670357808003391e-05,0.46908655545796146,CM
,235560,Contig_369883.fasta,0.007037631556337151,8.212269583970532e-06,0.42441164541434606,CM
,235560,Contig_500548.fasta,0.003760766061872961,1.7811972494290962e-06,0.3940327065846876,CM
,235560,Contig_138155.fasta,0.01715595086135629,5.9595258933641694e-05,0.4630517952195117,CM
,235560,Contig_307949.fasta,0.023834860508329114,0.00011146440467999562,0.4721633088489572,CM
,235560,Contig_135889.fasta,0.01992133557321309,7.939406150802435e-05,0.46767999906978164,CM
,235560,Contig_56903.fasta,0.008974010247745917,1.3797774856015658e-05,0.4324527163302371,CM
,235560,Contig_134889.fasta,0.021305181628665546,9.079527877375376e-05,0.4700289694317595,CM
,235560,Contig_367996.fasta,0.011992019060756564,2.9258961259505805e-05,0.4499171529512659,CM
,235560,Contig_57903.fasta,0.011330471991065108,2.2021299284672313e-05,0.4420536977508895,CM
,235560,Contig_139294.fasta,0.016659352386552563,5.7404462739321925e-05,0.4623654536258069,CM
,235560,Contig_180.fasta,0.0057778033380319355,7.128220187600046e-06,0.41481723321747915,CM
,235560,Contig_1268736.fasta,0.026543288169966577,0.0001395674800314865,0.47624818225884635,CM
,235560,Contig_308022.fasta,0.02354759017789812,0.00010513551609098488,0.47097517772452596,CM
,235560,Contig_985128.fasta,0.01555877280431425,5.140544327139513e-05,0.46122606118217496,CM
,235560,Contig_371212.fasta,0.02321437340684153,0.00010808512298619521,0.4726402414841581,CM
,235560,Contig_421597.fasta,0.009645322546902722,1.7171235533055064e-05,0.4381215721622814,CM
,235560,Contig_985291.fasta,0.02133891512305536,9.435732020631837e-05,0.4714497119086313,CM
,235560,Contig_59394.fasta,0.00892035323089412,1.1941667529830338e-05,0.4284925266202533,CM
,235560,Contig_498502.fasta,0.016560498386663545,5.7000503691087086e-05,0.4630517952195117,CM
,235560,Contig_423189.fasta,0.015889034687090756,4.493274577239478e-05,0.457617446522559,CM
,235560,Contig_543062.fasta,0.0024429105209687733,9.420000273845958e-07,0.36843609375536734,CM
,235560,Contig_543821.fasta,0.0,0.0,0.0,CM
,235560,Contig_429994.fasta,0.02035009682150101,8.472352301512658e-05,0.46908655545796146,CM
,235560,Contig_1065861.fasta,0.01983346723224376,7.369880326775607e-05,0.46512310046651745,CM
,235560,Contig_55662.fasta,0.020756051849958483,8.812225932582589e-05,0.46908655545796146,CM
,235560,Contig_1268437.fasta,0.007011657717827797,7.249441885740954e-06,0.42441164541434606,CM
,235560,Contig_1065067.fasta,0.0,0.0,0.0,CM
,235560,Contig_135849.fasta,0.02040058047499353,7.857089220790641e-05,0.466746971640216,CM
,235560,Contig_4084.fasta,0.016722309646914648,5.6560307700481354e-05,0.4621371250067324,CM
,235560,Contig_424464.fasta,0.005999585684528213,6.298223610285139e-06,0.4198419372537609,CM
,235560,Contig_371156.fasta,0.022467559637796397,9.928963160254208e-05,0.4714497119086313,CM
,235560,Contig_502196.fasta,0.019194717179054348,7.751843631267573e-05,0.46932180448276484,CM
,235560,Contig_1260871.fasta,0.005562658940321147,5.0243078194949e-06,0.40776805147652856,CM
,235560,Contig_368806.fasta,0.004538164619770045,3.1251992458123006e-06,0.40026846798059584,CM
,235560,Contig_58444.fasta,0.01550135634171235,4.6117160786431274e-05,0.457617446522559,CM
,235560,Contig_984996.fasta,0.013381499193457177,3.88314454648267e-05,0.45986618090350523,CM
,235560,Contig_990044.fasta,0.015168876327965937,4.5137177793864116e-05,0.4589640402837828,CM
,235560,Contig_1274572.fasta,0.017078806973625196,5.5801775019505525e-05,0.4616811436303074,CM
,235560,Contig_542553.fasta,0.0200233258731394,8.234574609238633e-05,0.4681479130258295,CM
,235560,Contig_131771.fasta,0.02385189580470592,0.00010903691111204813,0.47097517772452596,CM
,235560,Contig_499076.fasta,0.013209079791421363,3.362969701384263e-05,0.453185316289895,CM
,235560,Contig_134152.fasta,0.016441043016420916,5.5066112096643854e-05,0.46351048941982814,CM
,235560,Contig_131734.fasta,0.019775526553709004,7.374483970932539e-05,0.46512310046651745,CM
,235560,Contig_58559.fasta,0.014045564066303128,3.483919045514051e-05,0.453185316289895,CM
,235560,Contig_55483.fasta,0.004881778716958214,3.4348969034110124e-06,0.40973190811673954,CM
,235560,Contig_55811.fasta,0.009210025509167209,1.2539823329102269e-05,0.433454227947491,CM
,235560,Contig_985419.fasta,0.01762763325066708,5.7524987991668065e-05,0.46259400797757444,CM
,235560,Contig_213506.fasta,0.027466922389824705,0.00014849560175383684,0.47600594005016944,CM
,235560,Contig_135253.fasta,0.02553433181074113,0.00013014384704339023,0.47576394414775447,CM
,235560,Contig_24576898.fasta,0.00452118276365287,3.475705159780072e-06,0.4004397424641134,CM
,235560,Contig_306742.fasta,0.018678754258119844,6.655530990442378e-05,0.4637401774720679,CM
,235560,Contig_55353.fasta,0.008035582309173301,1.3136283685997607e-05,0.429475758668487,CM
,235560,Contig_1063497.fasta,0.0012424553318982753,0.0,0.31939511199270754,CM
,235560,Contig_302609.fasta,0.020173775696148432,7.640873670408436e-05,0.4662818525852681,CM
,235560,Contig_1063840.fasta,0.009287350211792564,1.6905044058738223e-05,0.43935571743597795,CM
,235560,Contig_986139.fasta,0.014709622531782734,3.794049562583662e-05,0.4527468205798902,CM
,235560,Contig_370130.fasta,0.017453846077732135,5.7340548383588956e-05,0.46009227047130435,CM
,235560,Contig_54604.fasta,0.014796880014210362,3.994830623335734e-05,0.45384465477140307,CM
,235560,Contig_554797.fasta,0.015495535730159866,4.839845683573406e-05,0.4603185824587472,CM
,235560,Contig_421549.fasta,0.004988369840858031,3.538765418595274e-06,0.4100910070721442,CM
,235560,Contig_61036.fasta,0.025416807420085827,0.000128024478331283,0.4735970031065957,CM
,235560,Contig_303473.fasta,0.009410734819618459,1.8344848768198976e-05,0.44080437029610603,CM
,235560,Contig_501657.fasta,0.016091334664248762,4.606125729255409e-05,0.4594146677165602,CM
,235560,Contig_1062279.fasta,0.012704492135556335,3.0114859012264186e-05,0.4507840453461624,CM
,235560,Contig_58467.fasta,0.0013111939026295173,0.0,0.32595878723045385,CM
,235560,Contig_709008.fasta,0.016347741325646467,5.6098747896284736e-05,0.4639700932764666,CM
,235560,Contig_306639.fasta,0.004443966441451424,3.441636949685452e-06,0.39788591757594943,CM
,235560,Contig_134328.fasta,0.022889914540298685,0.00010381560167902124,0.47073826868140495,CM
,235560,Contig_791908.fasta,0.002245808114692566,4.796490858816793e-07,0.353943902473008,CM
,235560,Contig_24572783.fasta,0.011811233892856399,2.693911176095072e-05,0.4475503004010679,CM
,235560,Contig_53481.fasta,0.0,0.0,0.0,CM
,235560,Contig_931044.fasta,0.020595931810923326,8.303035873562173e-05,0.4674463926766399,CM
,235560,Contig_369322.fasta,0.021910714982705536,9.571301437322505e-05,0.4700289694317595,CM
,235560,Contig_553512.fasta,0.0023737642989661314,4.2582566630414613e-07,0.3565057821480507,CM
,235560,Contig_368367.fasta,0.002509184984077083,4.909730066069928e-07,0.36814621484603977,CM
,235560,Contig_986515.fasta,0.014644836748591517,3.865517204007522e-05,0.4542852806498219,CM
,235560,Contig_61542.fasta,0.012818436180920779,3.061882808290173e-05,0.44905358835826925,CM
,235560,Contig_137592.fasta,0.02559101451568087,0.00013273454711877335,0.47528068976060595,CM
,235560,Contig_498311.fasta,0.009447493862026804,1.514431854159689e-05,0.4375070959039893,CM
,235560,Contig_369512.fasta,0.010392132935410015,2.149179305157458e-05,0.4428905244385391,CM
,235560,Contig_135235.fasta,0.0037416971639564244,1.6553697351308366e-06,0.3905791644985948,CM
,235560,Contig_62671.fasta,0.008114943079044172,1.2749334537292653e-05,0.4324527163302371,CM
,235560,Contig_370401.fasta,0.021521367887725427,8.762575030403073e-05,0.46979301111377164,CM
,235560,Contig_2412.fasta,0.003745834932671959,1.5307809033412955e-06,0.3928747599238594,CM
,235560,Contig_370444.fasta,0.02571140527191923,0.00012298263038353484,0.4731181385938489,CM
,235560,Contig_57800.fasta,0.0276665850684349,0.0001459558073367775,0.4755221941761347,CM
,235560,Contig_56006.fasta,0.017110336897646992,6.205457942931654e-05,0.4639700932764666,CM
,235560,Contig_371401.fasta,0.006284939727641249,5.501618411126701e-06,0.42383499915698963,CM
,235560,Contig_56492.fasta,0.0010951868782129075,0.0,0.3047306018035275,CM
,235560,Contig_3412.fasta,0.002477859921394358,7.197425218560997e-07,0.36202231262616363,CM
,235560,Contig_498484.fasta,0.016164621606592055,4.8288139358678476e-05,0.4571703361693371,CM
,235560,Contig_303206.fasta,0.015127219255947672,4.247528906395126e-05,0.45561230678609205,CM
,235560,Contig_368656.fasta,0.02353018154581598,0.00011297560391277533,0.47383679905753573,CM
,235560,Contig_552825.fasta,0.02782352751856436,0.00015036778523238686,0.47649067115001686,CM
,235560,Contig_55071.fasta,0.02653902653540075,0.0001434984412878363,0.47649067115001686,CM
,235560,Contig_993479.fasta,0.024026710441651045,0.00011395483168933298,0.4724016547898198,CM
,235560,Contig_499778.fasta,0.011864750160183457,2.7559566525667986e-05,0.449484955878306,CM
,235560,Contig_5203.fasta,0.002235600617985402,3.68958617548066e-07,0.3512866659679553,CM
,235560,Contig_139312.fasta,0.019837708846972255,7.3189732521978e-05,0.46489204080408997,CM
,235560,Contig_132309.fasta,0.01701975523567252,5.257040260769954e-05,0.46145349020642656,CM
,235560,Contig_1064674.fasta,0.004371804147801047,1.9874903462503206e-06,0.38992819922443045,CM
,235560,Contig_551478.fasta,0.009143956740892216,1.3056947759131687e-05,0.43225296911715155,CM
,235560,Contig_549697.fasta,0.00219147450362356,4.93026162929492e-07,0.34997295367936915,CM
,235560,Contig_424567.fasta,0.009290133834790595,1.5821106725806855e-05,0.43935571743597795,CM
,235560,Contig_549556.fasta,0.008199760521680553,1.1383588164458632e-05,0.43066160981989554,CM
,235560,Contig_1064927.fasta,0.02354249208516484,0.00010517689514263749,0.47026516489378545,CM
,235560,Contig_134109.fasta,0.004534903386909883,3.22660193209541e-06,0.3967052471973858,CM
,235560,Contig_550094.fasta,0.020944067043432112,8.28987241150232e-05,0.466746971640216,CM
,235560,Contig_136183.fasta,0.024301187304912444,0.00011280715731232477,0.4721633088489572,CM
,235560,Contig_499700.fasta,0.021276393208966488,8.416274691474495e-05,0.4681479130258295,CM
,235560,Contig_131801.fasta,0.012670296169145293,2.8421973859212542e-05,0.4484080872729435,CM
,235560,Contig_303182.fasta,0.0,0.0,0.0,CM
,235560,Contig_502444.fasta,0.02534965503357525,0.00013348200319870062,0.47649067115001686,CM
,235560,Contig_203422.fasta,0.00579282833443902,4.486165174808814e-06,0.4137169222540376,CM
,235560,Contig_61582.fasta,0.02075309884978944,8.836136287889794e-05,0.4688515421536238,CM
,235560,Contig_204934.fasta,0.01304732247834146,2.8937417663594835e-05,0.4505670092145561,CM
,235560,Contig_302553.fasta,0.013271090124799817,3.441404085778891e-05,0.45362466220971065,CM
,235560,Contig_308121.fasta,0.024463064615866704,0.00011778092228101381,0.4731181385938489,CM
,235560,Contig_502068.fasta,0.002433203775355764,6.705036052715437e-07,0.36230262413419784,CM
,235560,Contig_134208.fasta,0.022607681305973255,9.661936402721753e-05,0.47097517772452596,CM
,235560,Contig_372022.fasta,0.021059226832959792,9.340383330535625e-05,0.47168733777148847,CM
,235560,Contig_542609.fasta,0.020979736636170865,7.72218138586062e-05,0.46512310046651745,CM
,235560,Contig_60217.fasta,0.013152765751779176,3.1314903857826216e-05,0.4452082198566285,CM
,235560,Contig_993700.fasta,0.020610587741575898,7.761931834732446e-05,0.466746971640216,CM
,235560,Contig_58603.fasta,0.018649514839182757,6.125836550434206e-05,0.4621371250067324,CM
,235560,Contig_62124.fasta,0.026659443181401867,0.00014167672804372882,0.47624818225884635,CM
,235560,Contig_428405.fasta,0.008258910082211624,1.1246294764173279e-05,0.4312569945339323,CM
,235560,Contig_498444.fasta,0.01377586292167626,3.511351613423704e-05,0.4523091726141291,CM
,235560,Contig_543124.fasta,0.0034490024169453377,2.4469278948825706e-06,0.388310239891549,CM
,235560,Contig_502700.fasta,0.007660355695932407,1.2106507833683162e-05,0.42345143807177965,CM
,235560,Contig_547137.fasta,0.0,0.0,0.0,CM
,235560,Contig_303062.fasta,0.023374492628964735,0.0001058971190660371,0.471925203297344,CM
,235560,Contig_986691.fasta,0.007114683508332142,1.1762273311908465e-05,0.43066160981989554,CM
,235560,Contig_930711.fasta,0.022809881983967894,0.00010094643814107715,0.470501597857533,CM
,235560,Contig_550174.fasta,0.01567387489821569,4.9708050934503955e-05,0.46145349020642656,CM
,235560,Contig_132605.fasta,0.009353971671517147,1.4205166263523408e-05,0.4324527163302371,CM
,235560,Contig_985136.fasta,0.005939644996997474,5.03149627849015e-06,0.41610834955030374,CM
,235560,Contig_135781.fasta,0.020583228302415234,8.373996362977056e-05,0.46791383906931655,CM
,235560,Contig_135350.fasta,0.019811184015196475,7.780457726906036e-05,0.46721301954000655,CM
,235560,Contig_24572895.fasta,0.016901600786434205,5.8274079632407146e-05,0.4644306094980809,CM
,235560,Contig_549067.fasta,0.0034366062193396216,2.06032205681251e-06,0.38463940737305097,CM
,235560,Contig_201548.fasta,0.001248777100302115,0.0,0.31841703917612557,CM
,235560,Contig_423546.fasta,0.0024850847659591553,7.621832486467353e-07,0.36641647538709204,CM
,235560,Contig_56965.fasta,0.02337410837917309,0.00010888987066287752,0.471925203297344,CM
,235560,Contig_989310.fasta,0.01956084215035545,7.406820440291805e-05,0.4662818525852681,CM
,235560,Contig_1268491.fasta,0.0013111939026295173,0.0,0.32595878723045385,CM
,235560,Contig_306129.fasta,0.013970802940013877,3.969997044057497e-05,0.45406486081447506,CM
,235560,Contig_420630.fasta,0.0,0.0,0.0,CM
,235560,Contig_133996.fasta,0.025379217284392516,0.0001343855588124508,0.47673340710067913,CM
,235560,Contig_932723.fasta,0.012798928877661722,3.0455814113620755e-05,0.4510012906692208,CM
,235560,Contig_501147.fasta,0.009986375159476604,1.652577169676804e-05,0.4437305254332068,CM
,235560,Contig_303326.fasta,0.015569439103175979,4.3250042116990946e-05,0.4582897542304766,CM
,235560,Contig_131637.fasta,0.01628849367997956,5.5204583788426104e-05,0.4637401774720679,CM
,235560,Contig_309378.fasta,0.009074078491848598,1.8435741181967477e-05,0.4385321828203529,CM
,235560,Contig_987947.fasta,0.004514400534833607,2.866477032857115e-06,0.3980551587148588,CM
,235560,Contig_794883.fasta,0.022024702717589342,9.534518725168829e-05,0.4688515421536238,CM
,235560,Contig_500102.fasta,0.025376787548846046,0.00011842505237143986,0.4714497119086313,CM
,235560,Contig_371148.fasta,0.012165622834933871,2.6249090556811408e-05,0.4507840453461624,CM
,235560,Contig_429171.fasta,0.02403303221005489,0.00011467020190426868,0.4724016547898198,CM
,235560,Contig_543887.fasta,0.0022951896987611488,8.134981809495886e-07,0.35869209587529055,CM
,235560,Contig_53404.fasta,0.02192423979060563,9.660485691330172e-05,0.46979301111377164,CM
,235560,Contig_53441.fasta,0.007176034752182308,8.058496725984151e-06,0.42402704038904987,CM
,235560,Contig_542338.fasta,0.017704814760987748,6.363994561087627e-05,0.46489204080408997,CM
,235560,Contig_1065711.fasta,0.010861197858612306,2.1566129815084172e-05,0.4439410237849303,CM
,235560,Contig_984988.fasta,0.01987653096433685,7.637959497140329e-05,0.4665142961807742,CM
,235560,Contig_368263.fasta,0.01971043221815027,7.812985466575089e-05,0.466746971640216,CM
,235560,Contig_993761.fasta,0.014157229658619395,3.524750179565531e-05,0.45384465477140307,CM
,235560,Contig_542943.fasta,0.011713029816790697,2.2317640658306035e-05,0.44584453460630447,CM
,235560,Contig_133011.fasta,0.011780597673460123,2.6515460063192555e-05,0.44862304800509734,CM
,235560,Contig_542594.fasta,0.006691362594910293,7.978376782080473e-06,0.4172214347474958,CM
,235560,Contig_548958.fasta,0.01983681694779278,7.735517158917648e-05,0.4669798793106951,CM
,235560,Contig_931946.fasta,0.01522621495367474,4.104753723060003e-05,0.45605637336190696,CM
,235560,Contig_1063039.fasta,0.012978167018682006,3.0615519475130925e-05,0.4520906657674556,CM
,235560,Contig_502009.fasta,0.022370077853988826,9.445673741955685e-05,0.46979301111377164,CM
,235560,Contig_498308.fasta,0.017684783931793267,5.574565616468748e-05,0.46145349020642656,CM
,235560,Contig_53952.fasta,0.022931655109107926,0.00010698025838602992,0.47287906929693435,CM
,235560,Contig_929016.fasta,0.011838591051308335,2.3221503156241715e-05,0.4481933324418741,CM
,235560,Contig_55444.fasta,0.015141797191042642,4.088005898275099e-05,0.45605637336190696,CM
,235560,Contig_58949.fasta,0.010308706827439625,1.6394754671793714e-05,0.44080437029610603,CM
,235560,Contig_1065204.fasta,0.020308450081905176,7.867867524911454e-05,0.46791383906931655,CM
,235560,Contig_55095.fasta,0.02057301069559294,9.070305060944536e-05,0.47026516489378545,CM
,235560,Contig_986384.fasta,0.021518748383131222,9.22503727721908e-05,0.46908655545796146,CM
,235560,Contig_420408.fasta,0.021253297163734874,9.732341597413722e-05,0.4721633088489572,CM
,235560,Contig_137576.fasta,0.02547761133457292,0.00012942905620331313,0.47479841610280726,CM
,235560,Contig_53578.fasta,0.015938997486179222,4.96891847279067e-05,0.4616811436303074,CM
,235560,Contig_56433.fasta,0.0118205928448915,3.0017046740870716e-05,0.4516542848159426,CM
,235560,Contig_24577731.fasta,0.018648608749044705,6.762946439233875e-05,0.46512310046651745,CM
,235560,Contig_56476.fasta,0.021836691430498677,9.175981362483137e-05,0.46979301111377164,CM
,235560,Contig_54700.fasta,0.017458615902328715,6.249403541474674e-05,0.4632810287815015,CM
,235560,Contig_1064903.fasta,0.01875656122284348,7.041963339736421e-05,0.464200237171941,CM
,235560,Contig_542569.fasta,0.003751092826641466,1.6980089011702018e-06,0.39238057783590485,CM
,235560,Contig_1062081.fasta,0.0038647508708588452,1.7116719296619763e-06,0.3987335654617099,CM
,235560,Contig_24576774.fasta,0.0035456790743849703,1.4429140726734744e-06,0.38927940022405705,CM
,235560,Contig_138216.fasta,0.019134570915581163,7.687426140379085e-05,0.46791383906931655,CM
,235560,Contig_799287.fasta,0.009049749932930732,1.4515213953661312e-05,0.43648679017660125,CM
,235560,Contig_1066406.fasta,0.024951195930422606,0.00012497307849007955,0.4750394305272249,CM
,235560,Contig_371290.fasta,0.0091701736458246,1.86985546451464e-05,0.44122002741095384,CM
,235560,Contig_498639.fasta,0.012886352739365359,3.5344775092202686e-05,0.4534048828191052,CM
,235560,Contig_542359.fasta,0.007770638132701687,1.3310901138879228e-05,0.4286888127066574,CM
,235560,Contig_991920.fasta,0.018803472896121092,6.371245609626735e-05,0.46282278839695007,CM
,235560,Contig_306564.fasta,0.005749739138473469,5.053412212039027e-06,0.41262243304172536,CM
,235560,Contig_550251.fasta,0.0012895985538787398,0.0,0.3243770114865279,CM
,235560,Contig_131613.fasta,0.01371108713089449,3.3406262457964716e-05,0.45035018197239324,CM
,235560,Contig_423948.fasta,0.0,0.0,0.0,CM
,235560,Contig_56904.fasta,0.00820984150897634,1.1005103628190886e-05,0.4304635134032351,CM
,235560,Contig_135088.fasta,0.020662741758734116,8.667873169784858e-05,0.46955728958285653,CM
,235560,Contig_427790.fasta,0.02416460467153548,0.00012029052534483814,0.4735970031065957,CM
,235560,Contig_246.fasta,0.006166242472651771,6.486476819467059e-06,0.4084799991875308,CM
,235560,Contig_139152.fasta,0.018309251789064923,6.490374195804586e-05,0.4621371250067324,CM
,235560,Contig_60097.fasta,0.005046369220486832,3.5192570118732765e-06,0.4118959850962293,CM
,235560,Contig_309018.fasta,0.024723639172722443,0.00012334178845387433,0.4745576461149255,CM
,235560,Contig_368416.fasta,0.009826595037562265,1.5279141599698696e-05,0.44163646915461685,CM
,235560,Contig_305513.fasta,0.026674724700995307,0.00013602762063296444,0.4750394305272249,CM
,235560,Contig_137002.fasta,0.008362774613288156,1.0865944229013839e-05,0.4320534063428592,CM
,235560,Contig_421629.fasta,0.0,0.0,0.0,CM
,235560,Contig_625912.fasta,0.0,0.0,0.0,CM
,235560,Contig_131696.fasta,0.01164376679072231,2.6519248541409267e-05,0.4484080872729435,CM
,235560,Contig_304203.fasta,0.02669830791010157,0.00014090871451939808,0.47624818225884635,CM
,235560,Contig_420590.fasta,0.013033733383374256,3.073803602331114e-05,0.4505670092145561,CM
,235560,Contig_370681.fasta,0.02176412168019054,9.723334991463704e-05,0.4700289694317595,CM
,235560,Contig_548716.fasta,0.00935913384023114,1.7385982570323794e-05,0.4420536977508895,CM
,235560,Contig_212088.fasta,0.018439672294640656,6.877194815210839e-05,0.4644306094980809,CM
,235560,Contig_985929.fasta,0.014230536160888825,3.6474983694066385e-05,0.45450591458894274,CM
,235560,Contig_1124471.fasta,0.0012560019448669124,0.0,0.3211488257167581,CM
,235560,Contig_24578704.fasta,0.02418188972141234,0.0001053696876232993,0.4700289694317595,CM
,235560,Contig_53458.fasta,0.01538071441452388,4.303267896154842e-05,0.4565013064090893,CM
,235560,Contig_369801.fasta,0.010679433368999368,2.3127266130806788e-05,0.4462697559077888,CM
,235560,Contig_498641.fasta,0.017143443930226866,5.839460093778853e-05,0.46009227047130435,CM
,235560,Contig_984991.fasta,0.01976272405107807,7.76584008133975e-05,0.4669798793106951,CM
,235560,Contig_501958.fasta,0.00813290137003388,1.2553971042695024e-05,0.43305306716271774,CM
,235560,Contig_133189.fasta,0.0011041630838570017,0.0,0.30713084284169123,CM
,235560,Contig_62449.fasta,0.021975974018648908,9.267539564007614e-05,0.46979301111377164,CM
,235560,Contig_370912.fasta,0.026538144134437353,0.0001455263476108341,0.47624818225884635,CM
,235560,Contig_542449.fasta,0.0012290828210922429,0.0,0.31830873406075955,CM
,235560,Contig_548885.fasta,0.0022522736027490884,4.3432612451820265e-07,0.352610278123072,CM
,235560,Contig_367951.fasta,0.01641696421080438,5.2060256477527116e-05,0.4603185824587472,CM
,235560,Contig_1234.fasta,0.020859185624270155,8.85626890105131e-05,0.46932180448276484,CM
,235560,Contig_53375.fasta,0.008175206545676593,1.1545307693888491e-05,0.43026559914419915,CM
,235560,Contig_1064866.fasta,0.0022371301718453755,5.462722979569755e-07,0.3506285792951042,CM
,235560,Contig_55484.fasta,0.02084776455300648,8.989992216794929e-05,0.46955728958285653,CM
,235560,Contig_309986.fasta,0.021127760243351487,8.194358618814426e-05,0.46721301954000655,CM
,235560,Contig_2772.fasta,0.0010651259889391915,0.0,0.3037415378573947,CM
,235560,Contig_133368.fasta,0.022006785854249925,9.91701657235521e-05,0.4714497119086313,CM
,235560,Contig_1062791.fasta,0.006261384071524909,5.817021944798511e-06,0.4209751138725295,CM
,235560,Contig_802396.fasta,0.002199349962069909,5.906052920995057e-07,0.348539172491111,CM
,235560,Contig_1063340.fasta,0.014419065415454164,3.6166171922106006e-05,0.45605637336190696,CM
,235560,Contig_500006.fasta,0.02297627893273145,0.00010609473862584024,0.4726402414841581,CM
,235560,Contig_132445.fasta,0.018200792150331005,6.556300108339018e-05,0.4623654536258069,CM
,235560,Contig_992335.fasta,0.02350748973087583,0.00010612492565857047,0.47168733777148847,CM
,235560,Contig_500492.fasta,0.020649437213409245,7.959537086543877e-05,0.46581765960111154,CM
,235560,Contig_304732.fasta,0.013821785096072303,3.86163433106181e-05,0.4542852806498219,CM
,235560,Contig_545842.fasta,0.006913904534001286,6.854918898261821e-06,0.42078582650118396,CM
,235560,Contig_552844.fasta,0.0025133611272370286,6.183984768033333e-07,0.367423509280971,CM
,235560,Contig_57067.fasta,0.0037035762244086562,1.8137064409590289e-06,0.39139593397684364,CM
,235560,Contig_2436.fasta,0.004747746400194854,3.421224586393975e-06,0.4058229306759033,CM
,235560,Contig_133069.fasta,0.0013055160626628906,0.0,0.32641356056457377,CM
,235560,Contig_420771.fasta,0.019952786998670126,7.731512727673229e-05,0.4669798793106951,CM
,235560,Contig_56861.fasta,0.013194193128027179,3.54326291367081e-05,0.45494782602753187,CM
,235560,Contig_132069.fasta,0.017206080834013236,5.523335616685916e-05,0.46054511719420915,CM
,235560,Contig_551070.fasta,0.009189523974265049,1.5230696730564154e-05,0.4362832998315306,CM
,235560,Contig_985077.fasta,0.00600975287506716,5.917595446326596e-06,0.41647871746267606,CM
,235560,Contig_551035.fasta,0.001248777100302115,0.0,0.31841703917612557,CM
,235560,Contig_545300.fasta,0.0,0.0,0.0,CM
,235560,Contig_542610.fasta,0.0022522736027490884,4.3432612451820265e-07,0.352610278123072,CM
,235560,Contig_1065239.fasta,0.017925195623325247,6.145879175731789e-05,0.46282278839695007,CM
,235560,Contig_370582.fasta,0.012102258831971394,3.002346481070904e-05,0.4520906657674556,CM
,235560,Contig_57185.fasta,0.008629841997757837,1.532220839509597e-05,0.44059683528184235,CM
,235560,Contig_131669.fasta,0.020037463236707142,8.030463343619836e-05,0.46791383906931655,CM
,235560,Contig_136379.fasta,0.018454758778823438,6.721336380197225e-05,0.46489204080408997,CM
,235560,Contig_986919.fasta,0.013925776152658095,3.7667897786457776e-05,0.4547267629439422,CM
,235560,Contig_61778.fasta,0.023850332784870178,0.00010638850600613493,0.47168733777148847,CM
,235560,Contig_53377.fasta,0.0036798355860869123,2.0791852151548298e-06,0.39139593397684364,CM
,235560,Contig_61055.fasta,0.019146184569312896,6.709019645655968e-05,0.46466121059515053,CM
,235560,Contig_932015.fasta,0.01570445612434592,4.324682211576029e-05,0.45694710846612946,CM
,235560,Contig_304943.fasta,0.0038727119101593203,2.033354960819846e-06,0.3948639992146131,CM
,235560,Contig_303410.fasta,0.017758402183599902,5.5611842186030075e-05,0.46077187500671246,CM
,235560,Contig_797051.fasta,0.010335697840349625,1.9619467416528296e-05,0.441428150065393,CM
,235560,Contig_368429.fasta,0.02000891401930979,7.473168996649762e-05,0.4665142961807742,CM
,235560,Contig_369429.fasta,0.010686167421629662,2.529549260222458e-05,0.44797878321619583,CM
,235560,Contig_498995.fasta,0.02178099265712786,8.829672595739338e-05,0.4674463926766399,CM
,235560,Contig_132970.fasta,0.009301033410665417,1.7817444516575593e-05,0.4399754010994984,CM
,235560,Contig_369790.fasta,0.013359981880563978,3.364727524662443e-05,0.44797878321619583,CM
,235560,Contig_498542.fasta,0.0030519875271693675,1.4133396732153428e-06,0.36385212991393195,CM
,235560,Contig_369341.fasta,0.02112526137424808,8.475719920206613e-05,0.46767999906978164,CM
,235560,Contig_60785.fasta,0.007042369111945213,7.381110892152574e-06,0.4242192557292081,CM
,235560,Contig_24569917.fasta,0.009325818041794654,1.6812251955821066e-05,0.4377117297187245,CM
,235560,Contig_501535.fasta,0.007761569031829527,1.297600765858531e-05,0.4275137862670777,CM
,235560,Contig_56399.fasta,0.01528020022531771,4.203292042571921e-05,0.45561230678609205,CM
,235560,Contig_498337.fasta,0.026376971234150514,0.00013864243466404935,0.4750394305272249,CM
,235560,Contig_137165.fasta,0.021567651215184187,9.429808787739465e-05,0.46932180448276484,CM
,235560,Contig_992875.fasta,0.01042995528897379,1.9284698439678025e-05,0.442681020879202,CM
,235560,Contig_136120.fasta,0.028891684151754166,0.00016824911590628545,0.47868423434201185,CM
,235560,Contig_425638.fasta,0.0,0.0,0.0,CM
,235560,Contig_1267810.fasta,0.02581070959848014,0.0001347301849816427,0.47576394414775447,CM
,235560,Contig_370427.fasta,0.0023985385368165283,9.149242651002134e-07,0.36456084072404876,CM
,235560,Contig_131789.fasta,0.020596229448422314,8.929171708616816e-05,0.47026516489378545,CM
,235560,Contig_2471.fasta,0.01976580767183883,7.262140508600776e-05,0.46489204080408997,CM
,235560,Contig_1062006.fasta,0.015081455055314911,4.219229047080782e-05,0.45694710846612946,CM
,235560,Contig_1125243.fasta,0.02361879324702904,0.00010953238359139069,0.47073826868140495,CM
,235560,Contig_57065.fasta,0.008078304812934175,1.3312832025544989e-05,0.4324527163302371,CM
,235560,Contig_61698.fasta,0.01582182348900475,4.613367566045141e-05,0.46054511719420915,CM
,235560,Contig_302649.fasta,0.018455562062209465,6.645645308627744e-05,0.4623654536258069,CM
,235560,Contig_423091.fasta,0.016846378001523443,5.289354768791907e-05,0.46009227047130435,CM
,235560,Contig_54356.fasta,0.007386104582481486,9.895736273770709e-06,0.4296729468037801,CM
,235560,Contig_546759.fasta,0.0068021616301913385,6.715649941045566e-06,0.41666414877054014,CM
,235560,Contig_307829.fasta,0.02125880824442618,8.736048651088619e-05,0.46908655545796146,CM
,235560,Contig_56065.fasta,0.018109490091402662,5.827518203651428e-05,0.46009227047130435,CM
,235560,Contig_793801.fasta,0.01735050391614942,5.335040114598189e-05,0.46009227047130435,CM
,235560,Contig_809830.fasta,0.008342639440037533,1.3566688389513297e-05,0.4342587833589945,CM
,235560,Contig_57449.fasta,0.013042114639125054,2.8974265755154557e-05,0.449484955878306,CM
,235560,Contig_55851.fasta,0.00810708069268896,1.144403012080143e-05,0.42987031609491644,CM
,235560,Contig_54486.fasta,0.012541353019810917,3.293779446194988e-05,0.4512187454863226,CM
,235560,Contig_371875.fasta,0.01867793720422603,6.483817829146986e-05,0.4623654536258069,CM
,235560,Contig_308206.fasta,0.0,0.0,0.0,CM
,235560,Contig_56474.fasta,0.020576065118269395,8.249193506345633e-05,0.4665142961807742,CM
,235560,Contig_54702.fasta,0.0012290828210922429,0.0,0.31830873406075955,CM
,235560,Contig_131749.fasta,0.013056535807424306,3.1088067741924433e-05,0.4512187454863226,CM
,235560,Contig_370036.fasta,0.025304672804652737,0.00012731650406738442,0.47383679905753573,CM
,235560,Contig_986386.fasta,0.013186196565499927,3.162874653406585e-05,0.45296596231298797,CM
,235560,Contig_62203.fasta,0.018258181467492453,6.472539031438459e-05,0.4632810287815015,CM
,235560,Contig_499726.fasta,0.023318748732768915,0.00010978787021843424,0.4726402414841581,CM
,235560,Contig_704029.fasta,0.007058490917940823,1.0865123836905369e-05,0.4269286852822231,CM
,235560,Contig_1275222.fasta,0.015814040797539015,4.3354296043606376e-05,0.4571703361693371,CM
,235560,Contig_202090.fasta,0.009752654991145982,1.6319893822252257e-05,0.44018235095890546,CM
,235560,Contig_134602.fasta,0.013886452226751212,3.8251286113933215e-05,0.4551691041530317,CM
,235560,Contig_708522.fasta,0.015245319504407,4.383771851895835e-05,0.4578413298134213,CM
,235560,Contig_553715.fasta,0.00715945475822045,7.858167703462166e-06,0.4249898629149106,CM
,235560,Contig_56788.fasta,0.01769578133036426,6.575114785198894e-05,0.46581765960111154,CM
,235560,Contig_543246.fasta,0.0,0.0,0.0,CM
,235560,Contig_1064243.fasta,0.015594119809239177,4.509411156439772e-05,0.4585142960012901,CM
,235560,Contig_1064692.fasta,0.0023674425305622916,3.8405435838056214e-07,0.3577322928664499,CM
,235560,Contig_58108.fasta,0.002529246463910819,6.306880230601653e-07,0.3690172232407859,CM
,235560,Contig_133815.fasta,0.003476092485593629,1.2919262375391683e-06,0.38243877324831754,CM
,235560,Contig_62147.fasta,0.02157823559278686,9.122939285293529e-05,0.4688515421536238,CM
,235560,Contig_501081.fasta,0.00970298381057277,1.4258263263867203e-05,0.4377117297187245,CM
,235560,Contig_61231.fasta,0.017605996769791583,6.40446990565323e-05,0.4623654536258069,CM
,235560,Contig_24568074.fasta,0.013597810724493672,3.360704373491542e-05,0.4512187454863226,CM
,235560,Contig_546764.fasta,0.015604675279496563,4.782131931044417e-05,0.4582897542304766,CM
,235560,Contig_137630.fasta,0.022320998903708627,0.00010467263925446921,0.4731181385938489,CM
,235560,Contig_498427.fasta,0.008260766672348067,1.0768938960858544e-05,0.43265264823792565,CM
,235560,Contig_24578527.fasta,0.019327961696136035,7.85821748041411e-05,0.4681479130258295,CM
,235560,Contig_132013.fasta,0.02342109375116059,0.00010250406635669755,0.47073826868140495,CM
,235560,Contig_62777.fasta,0.024045590132985562,0.00011920119872973975,0.4735970031065957,CM
,235560,Contig_550583.fasta,0.023231672097863865,0.00010458025248605542,0.470501597857533,CM
,235560,Contig_53808.fasta,0.007729733506039073,9.998751892235786e-06,0.42402704038904987,CM
,235560,Contig_802698.fasta,0.021735592183788472,9.644207158255807e-05,0.47026516489378545,CM
,235560,Contig_369414.fasta,0.02224428274862499,9.907550046029206e-05,0.4714497119086313,CM
,235560,Contig_621060.fasta,0.02113200060123212,8.075960571713444e-05,0.4665142961807742,CM
,235560,Contig_992910.fasta,0.009377358274214887,1.723515921784141e-05,0.4389435638548935,CM
,235560,Contig_4802.fasta,0.021058331891374366,8.809701063623166e-05,0.46861676421564,CM
,235560,Contig_53766.fasta,0.013169383322731727,3.064546047033997e-05,0.45143641010064306,CM
,235560,Contig_201.fasta,0.006916516692314823,8.348938191066927e-06,0.4230685705870855,CM
,235560,Contig_425070.fasta,0.01758023079145937,5.8127298428134974e-05,0.4619090217860973,CM
,235560,Contig_425833.fasta,0.009359521240608262,1.3217223005358257e-05,0.4348641627038258,CM
,235560,Contig_797704.fasta,0.011719530548452975,2.7565083871381785e-05,0.449484955878306,CM
,235560,Contig_627634.fasta,0.02551790833629018,0.00012246408732462347,0.4731181385938489,CM
,235560,Contig_991161.fasta,0.02311859001051322,0.00010971999748112947,0.4731181385938489,CM
,235560,Contig_545925.fasta,0.0013555658867817624,0.0,0.3311492137787095,CM
,235560,Contig_131611.fasta,0.005104287817607714,3.8898287153115104e-06,0.4120773571724496,CM
,235560,Contig_552125.fasta,0.01650201728146158,5.6832348696710734e-05,0.46259400797757444,CM
,235560,Contig_138251.fasta,0.005913421805657487,5.757187546190708e-06,0.41815356485193617,CM
,235560,Contig_55132.fasta,0.012584829474549437,2.622219754304372e-05,0.44776443930078136,CM
,235560,Contig_139680.fasta,0.019743368361258177,6.76785283695767e-05,0.46282278839695007,CM
,235560,Contig_55177.fasta,0.004824078570439296,5.329947371337696e-06,0.41225888904785596,CM
,235560,Contig_1067090.fasta,0.018763078529426946,7.267475085882773e-05,0.4669798793106951,CM
,235560,Contig_501431.fasta,0.014426795250405081,3.760991181675896e-05,0.45694710846612946,CM
,235560,Contig_499446.fasta,0.019956929329412475,8.247381038959977e-05,0.46979301111377164,CM
,235560,Contig_136280.fasta,0.015682593882138957,5.161961862575716e-05,0.4573937820814434,CM
,235560,Contig_425598.fasta,0.0,0.0,0.0,CM
,235560,Contig_56039.fasta,0.011013041267224247,2.2390649763213937e-05,0.44905358835826925,CM
,235560,Contig_59601.fasta,0.013444900154035492,3.693098510788946e-05,0.4562787314181536,CM
,235560,Contig_502702.fasta,0.01748834314072251,6.238665282757998e-05,0.4639700932764666,CM
,235560,Contig_544473.fasta,0.02221781830682462,8.479335225352569e-05,0.4665142961807742,CM
,235560,Contig_551703.fasta,0.02512797442692722,0.000126725120742753,0.47479841610280726,CM
,235560,Contig_988522.fasta,0.01391562352241092,3.704809793141502e-05,0.4547267629439422,CM
,235560,Contig_371356.fasta,0.014693709192296841,4.3947117055984654e-05,0.45694710846612946,CM
,235560,Contig_626449.fasta,0.020094002690070115,8.204295015160653e-05,0.4669798793106951,CM
,235560,Contig_548610.fasta,0.01765890408212728,6.277206381307012e-05,0.4632810287815015,CM
,235560,Contig_425664.fasta,0.008196146109472792,1.3807301564269934e-05,0.4348641627038258,CM
,235560,Contig_24566569.fasta,0.0,0.0,0.0,CM
,235560,Contig_548279.fasta,0.0012667296521788076,0.0,0.3222547101028351,CM
,235560,Contig_58194.fasta,0.020852499015454724,8.382781570143356e-05,0.4681479130258295,CM
,235560,Contig_368907.fasta,0.017456735044730134,5.85928200832616e-05,0.4623654536258069,CM
,235560,Contig_131846.fasta,0.0011871476138098965,0.0,0.31403613360356813,CM
,235560,Contig_991730.fasta,0.02564614958607334,0.00013232967087008544,0.47600594005016944,CM
,235560,Contig_368942.fasta,0.0012180525612813019,0.0,0.31841703917612557,CM
,235560,Contig_501775.fasta,0.015051270572210264,4.589550859330727e-05,0.457617446522559,CM
,235560,Contig_368101.fasta,0.023174423495614733,0.00010768339388302509,0.4721633088489572,CM
,235560,Contig_24.fasta,0.0024322042531725427,5.865861041207574e-07,0.3606272362769299,CM
,235560,Contig_1066255.fasta,0.026740485738575997,0.0001409252155405269,0.47600594005016944,CM
,235560,Contig_929331.fasta,0.018951947315962194,6.915783993038212e-05,0.46466121059515053,CM
,235560,Contig_987858.fasta,0.022368136807000043,9.685369526953476e-05,0.47026516489378545,CM
,235560,Contig_55763.fasta,0.01511164433187121,3.962124461427613e-05,0.45561230678609205,CM
,235560,Contig_420346.fasta,0.009694574722195159,1.655286868210759e-05,0.4387377769051257,CM
,235560,Contig_370486.fasta,0.016751931418675346,5.102269533675404e-05,0.46077187500671246,CM
,235560,Contig_420797.fasta,0.006063133787865043,6.022317273966642e-06,0.41852758414071245,CM
,235560,Contig_2842.fasta,0.003510702752917767,1.4105710474857918e-06,0.3843234817817795,CM
,235560,Contig_54955.fasta,0.022181393735644237,0.00010321191022775393,0.47287906929693435,CM
,235560,Contig_53894.fasta,0.018723618486699144,6.373258862636304e-05,0.46282278839695007,CM
,235560,Contig_54153.fasta,0.01976640828212943,7.811538627094551e-05,0.4669798793106951,CM
,235560,Contig_1061936.fasta,0.011255356522948876,2.546327348449555e-05,0.44584453460630447,CM
,235560,Contig_55116.fasta,0.02385604155525369,0.00011084945594272834,0.4714497119086313,CM
,235560,Contig_922.fasta,0.0,0.0,0.0,CM
,235560,Contig_552669.fasta,0.005541103247322388,5.513952037072572e-06,0.4111720905705769,CM
,235560,Contig_1270681.fasta,0.016957572053372928,5.810033608230792e-05,0.4637401774720679,CM
,235560,Contig_986945.fasta,0.01989540482417374,7.626162347452452e-05,0.4674463926766399,CM
,235560,Contig_137360.fasta,0.023213538698400822,9.810369802950002e-05,0.46979301111377164,CM
,235560,Contig_985270.fasta,0.012116519119574249,3.0236570853298422e-05,0.4505670092145561,CM
,235560,Contig_59388.fasta,0.012697418593587733,3.073196185142972e-05,0.4499171529512659,CM
,235560,Contig_138131.fasta,0.02215001879675405,9.848818992776162e-05,0.47073826868140495,CM
,235560,Contig_4065.fasta,0.023350038298853383,0.00010947567601995894,0.47287906929693435,CM
,235560,Contig_53742.fasta,0.0010277555534112639,0.0,0.299656637252204,CM
,235560,Contig_371523.fasta,0.01569932351876864,4.341857397382401e-05,0.45873905791109465,CM
,235560,Contig_24574115.fasta,0.020402570049383582,8.629810344398177e-05,0.4681479130258295,CM
,235560,Contig_422544.fasta,0.008557347973029228,1.208015817858931e-05,0.43567396561388877,CM
,235560,Contig_499233.fasta,0.020671023962120883,8.658767974029693e-05,0.46838222129060714,CM
,235560,Contig_542382.fasta,0.0,0.0,0.0,CM
,235560,Contig_542716.fasta,0.014268373433651761,4.078620848741147e-05,0.4578413298134213,CM
,235560,Contig_131534.fasta,0.004510089030864592,2.799385239846398e-06,0.3925451670044602,CM
,235560,Contig_1066498.fasta,0.024664788032845726,0.00011140696416721323,0.471925203297344,CM
,235560,Contig_137822.fasta,0.0049527457614979686,3.798247270303379e-06,0.4108110966368012,CM
,235560,Contig_59872.fasta,0.022845634094049903,0.00010322313572489085,0.46979301111377164,CM
,235560,Contig_498523.fasta,0.007301434031624891,8.043168834669946e-06,0.4265395069000151,CM
,235560,Contig_57119.fasta,0.0229674283211546,9.775819623990811e-05,0.46955728958285653,CM
,235560,Contig_1067031.fasta,0.008513119791487146,1.1485722901536222e-05,0.43225296911715155,CM
,235560,Contig_372145.fasta,0.00720507762371403,9.81153814455817e-06,0.42829642020074743,CM
,235560,Contig_1062612.fasta,0.009132514561732885,1.4105315941687984e-05,0.4324527163302371,CM
,235560,Contig_422254.fasta,0.02740839255880458,0.00014824540554098486,0.47600594005016944,CM
,235560,Contig_1123102.fasta,0.016181871764640494,5.402705698252118e-05,0.46077187500671246,CM
,235560,Contig_59049.fasta,0.01967323005879889,7.26490399643196e-05,0.46581765960111154,CM
,235560,Contig_209172.fasta,0.025592454526048875,0.00012337461416432857,0.473357449741342,CM
,235560,Contig_56634.fasta,0.0038131671778229323,2.2988426712660486e-06,0.3977168202884119,CM
,235560,Contig_3298.fasta,0.0,0.0,0.0,CM
,235560,Contig_369021.fasta,0.018687858950953665,7.066505102160967e-05,0.46466121059515053,CM
,235560,Contig_304922.fasta,0.01789963765882282,6.796199570137538e-05,0.46721301954000655,CM
,235560,Contig_930796.fasta,0.017365241342928172,5.451475388434358e-05,0.46009227047130435,CM
,235560,Contig_368021.fasta,0.01650930565204711,5.2762646988718935e-05,0.46054511719420915,CM
,235560,Contig_545617.fasta,0.0,0.0,0.0,CM
,235560,Contig_131608.fasta,0.0037526514450364357,2.397878214411193e-06,0.3968734852157053,CM
,235560,Contig_370934.fasta,0.02425498821377021,0.00011595904427313555,0.4731181385938489,CM
,235560,Contig_369398.fasta,0.023375421182728565,0.00010127300301781029,0.470501597857533,CM
,235560,Contig_1064046.fasta,0.01628659369963579,5.430605487150943e-05,0.4630517952195117,CM
,235560,Contig_991399.fasta,0.024228671495140085,0.00011675617270614904,0.4735970031065957,CM
,235560,Contig_55830.fasta,0.023643032348830542,0.00011434442799829738,0.4735970031065957,CM
,235560,Contig_57305.fasta,0.0038457927863846508,2.252753388331096e-06,0.39503067882593207,CM
,235560,Contig_1063323.fasta,0.025440778457642428,0.0001205015960831968,0.4726402414841581,CM
,235560,Contig_554259.fasta,0.0,0.0,0.0,CM
,235560,Contig_1066500.fasta,0.013390162449608166,3.750892656551636e-05,0.4518723699365684,CM
,235560,Contig_59255.fasta,0.002111704156397468,6.658443490167526e-07,0.3480207058901573,CM
,235560,Contig_371829.fasta,0.022935589339440364,0.00010466863684614866,0.4721633088489572,CM
,235560,Contig_500065.fasta,0.008360159037673044,1.1468666219651892e-05,0.4320534063428592,CM
,235560,Contig_368285.fasta,0.007316728594756905,9.121929318470322e-06,0.42790474537660406,CM
,235560,Contig_542537.fasta,0.0031970842819594764,1.5845996788994642e-06,0.3738824123606205,CM
,235560,Contig_986865.fasta,0.017397758366481046,5.624781785758501e-05,0.46054511719420915,CM
,235560,Contig_60641.fasta,0.018913968365887324,6.450629539265899e-05,0.4644306094980809,CM
,235560,Contig_425558.fasta,0.006714723552026641,6.730442087329215e-06,0.41890227311487604,CM
,235560,Contig_1262982.fasta,0.008758793429320566,1.2609742428891845e-05,0.4348641627038258,CM
,235560,Contig_305.fasta,0.002433203775355764,6.705036052715437e-07,0.36230262413419784,CM
,235560,Contig_420386.fasta,0.023532219530521085,0.00011337416525239985,0.47383679905753573,CM
,235560,Contig_553448.fasta,0.0012560019448669124,0.0,0.3211488257167581,CM
,235560,Contig_138817.fasta,0.006803451422246471,7.870938784773805e-06,0.4205967092757901,CM
,235560,Contig_371446.fasta,0.007804749097158462,1.0457746760946526e-05,0.4265395069000151,CM
,235560,Contig_994196.fasta,0.019813862831004097,7.782521185118133e-05,0.46721301954000655,CM
,235560,Contig_501364.fasta,0.025311897828983607,0.00013114787199926286,0.47576394414775447,CM
,235560,Contig_546659.fasta,0.01620029033489266,5.218688283696492e-05,0.46077187500671246,CM
,235560,Contig_990528.fasta,0.025673074084500112,0.00012396936382575577,0.473357449741342,CM
,235560,Contig_371562.fasta,0.025367021834576935,0.0001308122336562275,0.47479841610280726,CM
,235560,Contig_423997.fasta,0.02758279776901538,0.00014682428942630675,0.47576394414775447,CM
,235560,Contig_57926.fasta,0.004475837595593288,3.4930561414940532e-06,0.3987335654617099,CM
,235560,Contig_309752.fasta,0.005006005688186459,4.228686861347323e-06,0.4118959850962293,CM
,235560,Contig_57120.fasta,0.013838671692941671,3.409659609662024e-05,0.4527468205798902,CM
,235560,Contig_200999.fasta,0.01066263665467069,2.0689171570226028e-05,0.4435202266059872,CM
,235560,Contig_499237.fasta,0.007374421541744895,7.617500393711845e-06,0.4265395069000151,CM
,235560,Contig_542386.fasta,0.002235600617985402,3.68958617548066e-07,0.3512866659679553,CM
,235560,Contig_131530.fasta,0.011661835560160315,2.4706647576534067e-05,0.44669578908765306,CM
,235560,Contig_501205.fasta,0.02762894250395789,0.00015522559922771863,0.4774631010911394,CM
,235560,Contig_2219.fasta,0.0,0.0,0.0,CM
,235560,Contig_139618.fasta,0.02776357305083842,0.00014640208043132876,0.47600594005016944,CM
,235560,Contig_549709.fasta,0.006007548283584899,5.78482301304053e-06,0.42003037618430566,CM
,235560,Contig_502136.fasta,0.02518503046614261,0.00011846491701404675,0.47287906929693435,CM
,235560,Contig_132297.fasta,0.01538033348280034,4.696843621738966e-05,0.4582897542304766,CM
,235560,Contig_305531.fasta,0.02882869903977761,0.00015874162319840911,0.4769763904885999,CM
,235560,Contig_61421.fasta,0.026620369342203593,0.00014271956390804008,0.47624818225884635,CM
,235560,Contig_500205.fasta,0.006091705533481882,6.110615013263305e-06,0.41946556617598973,CM
,235560,Contig_59070.fasta,0.02652079141571835,0.0001407964464000402,0.47576394414775447,CM
,235560,Contig_929505.fasta,0.017292765051029436,5.856760969689886e-05,0.46145349020642656,CM
,235560,Contig_24570476.fasta,0.01900975342550119,6.990216816052173e-05,0.466746971640216,CM
,235560,Contig_53402.fasta,0.01728424228523589,5.977372702825478e-05,0.46282278839695007,CM
,235560,Contig_53447.fasta,0.02012431869949224,8.334519759610416e-05,0.46861676421564,CM
,235560,Contig_137449.fasta,0.008088806829272006,1.0658006863303053e-05,0.4284925266202533,CM
,235560,Contig_133990.fasta,0.0,0.0,0.0,CM
,235560,Contig_134851.fasta,0.022782715573260344,0.00010770204926488677,0.4731181385938489,CM
,235560,Contig_425439.fasta,0.01901538931913655,6.87439570032393e-05,0.46581765960111154,CM
,235560,Contig_131631.fasta,0.004892270842816724,3.740359428186186e-06,0.40883690613308565,CM
,235560,Contig_1261393.fasta,0.01305855388580106,2.9798095387940397e-05,0.4507840453461624,CM
,235560,Contig_369735.fasta,0.01205712983631565,2.4703439000012497e-05,0.44797878321619583,CM
,235560,Contig_56198.fasta,0.024340044619406687,0.00011647228766241684,0.4731181385938489,CM
,235560,Contig_307546.fasta,0.004759596458808443,3.0258624268966072e-06,0.4037220354351308,CM
,235560,Contig_303510.fasta,0.0012031214320802996,0.0,0.3153058214752807,CM
,235560,Contig_372408.fasta,0.00369435386428069,1.5023256568731683e-06,0.388310239891549,CM
,235560,Contig_131842.fasta,0.006000595691148591,5.978196498274242e-06,0.41666414877054014,CM
,235560,Contig_368140.fasta,0.01698669176769353,5.3097992680668985e-05,0.4619090217860973,CM
,235560,Contig_986732.fasta,0.017001096910418175,5.272452338035774e-05,0.4609988562259276,CM
,235560,Contig_302982.fasta,0.007068883082361595,7.800026528631246e-06,0.4259570678828553,CM
,235560,Contig_988949.fasta,0.015748996809909887,4.723985218431711e-05,0.46145349020642656,CM
,235560,Contig_61678.fasta,0.02665747971711182,0.00014231855041233268,0.47673340710067913,CM
,235560,Contig_498868.fasta,0.015513693767420785,4.361960605651161e-05,0.4589640402837828,CM
,235560,Contig_1065964.fasta,0.0,0.0,0.0,CM
,235560,Contig_57454.fasta,0.024725516125215376,0.00012476639941158218,0.4750394305272249,CM
,235560,Contig_370810.fasta,0.016547571297725217,5.046876080658455e-05,0.4585142960012901,CM
,235560,Contig_372325.fasta,0.027704536537944267,0.00015640862436782643,0.4779508059952161,CM
,235560,Contig_542961.fasta,0.0031861860878511245,1.2118079252818488e-06,0.3700386232260313,CM
,235560,Contig_58291.fasta,0.011924410725709897,2.7962375941244326e-05,0.4497009505711836,CM
,235560,Contig_555161.fasta,0.017538460041756118,6.341871725380017e-05,0.4630517952195117,CM
,235560,Contig_711078.fasta,0.023699100319467224,0.00010676480559556359,0.47168733777148847,CM
,235560,Contig_502392.fasta,0.01416952939189593,4.317904034461196e-05,0.4585142960012901,CM
,235560,Contig_553434.fasta,0.014406310947837094,3.996773892197676e-05,0.4571703361693371,CM
,235560,Contig_135566.fasta,0.019968573288325214,8.083253106235666e-05,0.4681479130258295,CM
,235560,Contig_201082.fasta,0.016510646132778698,5.3471890979704644e-05,0.4616811436303074,CM
,235560,Contig_544432.fasta,0.013597315953276153,3.857191798994392e-05,0.45561230678609205,CM
,235560,Contig_132870.fasta,0.010142884602067593,2.172993176299686e-05,0.442681020879202,CM
,235560,Contig_553471.fasta,0.02098955535227304,8.687405009614804e-05,0.46861676421564,CM
,235560,Contig_1037.fasta,0.0,0.0,0.0,CM
,235560,Contig_702135.fasta,0.015489859629579956,4.0791692199324595e-05,0.45561230678609205,CM
,235560,Contig_61579.fasta,0.012669574158842236,3.366170828382527e-05,0.4520906657674556,CM
,235560,Contig_56384.fasta,0.0230748696431708,9.913407397958632e-05,0.46955728958285653,CM
,235560,Contig_371783.fasta,0.009845724063195527,1.7746896025891165e-05,0.44310022639139823,CM
,235560,Contig_303179.fasta,0.004790891905646657,2.829280130376103e-06,0.4059989926848733,CM
,235560,Contig_370352.fasta,0.01634907504383586,5.487217795575929e-05,0.46351048941982814,CM
,235560,Contig_422425.fasta,0.012522738476667912,2.684894045508032e-05,0.44648267086766846,CM
,235560,Contig_1063026.fasta,0.01530285986596088,4.329132726911373e-05,0.4578413298134213,CM
,235560,Contig_371407.fasta,0.028660041729097707,0.0001642509616173292,0.4779508059952161,CM
,235560,Contig_4902.fasta,0.02207032899380776,9.27505485623335e-05,0.46932180448276484,CM
,235560,Contig_4141.fasta,0.020004090801712487,7.687530287845066e-05,0.46791383906931655,CM
,235560,Contig_53623.fasta,0.016482811387113647,5.006478904744058e-05,0.4542852806498219,CM
,235560,Contig_992810.fasta,0.011894137208362444,2.620790473261219e-05,0.44733636622305595,CM
,235560,Contig_544367.fasta,0.0012667296521788076,0.0,0.3222547101028351,CM
,235560,Contig_58581.fasta,0.01830869618958524,5.990819961516799e-05,0.4623654536258069,CM
,235560,Contig_58115.fasta,0.022086150854637072,0.00010426534768420247,0.4731181385938489,CM
,235560,Contig_550017.fasta,0.004803930091021562,3.536838119506134e-06,0.4059989926848733,CM
,235560,Contig_368514.fasta,0.0072978597680807755,9.222416092247906e-06,0.4292787514397399,CM
,235560,Contig_370392.fasta,0.021934381777209556,9.298489947185937e-05,0.46791383906931655,CM
,235560,Contig_208096.fasta,0.0050140221336037695,4.4586537126097155e-06,0.41153371949807965,CM
,235560,Contig_4205.fasta,0.002459728970638764,7.135364419055112e-07,0.36427702535563766,CM
,235560,Contig_1064672.fasta,0.018568996192450126,6.961074075898171e-05,0.46558590952170803,CM
,235560,Contig_59251.fasta,0.008995617193212168,1.3726175138968205e-05,0.4342587833589945,CM
,235560,Contig_3038.fasta,0.012919910716743413,2.8463983006250718e-05,0.44905358835826925,CM
,235560,Contig_135971.fasta,0.022461588609325338,0.00010159713582842085,0.47097517772452596,CM
,235560,Contig_502317.fasta,0.010964099551659945,1.7853797520674568e-05,0.44478501812672677,CM
,235560,Contig_61645.fasta,0.011333160454972556,2.4621442095276573e-05,0.4428905244385391,CM
,235560,Contig_62576.fasta,0.021017341409415843,9.037802816996909e-05,0.47026516489378545,CM
,235560,Contig_542533.fasta,0.0038901647705368958,2.47131976585462e-06,0.3983940732816659,CM
,235560,Contig_131711.fasta,0.009322102886108926,1.540489374879733e-05,0.4368943408677092,CM
,235560,Contig_422009.fasta,0.008396713422598802,1.4425341059239005e-05,0.4389435638548935,CM
,235560,Contig_62533.fasta,0.020193789101933177,8.08186711450328e-05,0.4681479130258295,CM
,235560,Contig_993317.fasta,0.02787180087974596,0.00015780748719422462,0.4774631010911394,CM
,235560,Contig_985521.fasta,0.0024974436184528777,5.55610868342914e-07,0.3648450986895256,CM
,235560,Contig_543303.fasta,0.012752311072797576,3.1240646625567706e-05,0.45035018197239324,CM
,235560,Contig_929538.fasta,0.012097513768270129,2.9321107447245155e-05,0.45035018197239324,CM
,235560,Contig_542346.fasta,0.0,0.0,0.0,CM
,235560,Contig_58424.fasta,0.005853647604223416,5.204900668963879e-06,0.41573863977726927,CM
,235560,Contig_797832.fasta,0.020196189293741243,8.469861670187757e-05,0.470501597857533,CM
,235560,Contig_368823.fasta,0.024295004601458815,0.00011773296415487515,0.4726402414841581,CM
,235560,Contig_548470.fasta,0.0044517222419656576,2.921167963562805e-06,0.3970418659900862,CM
,235560,Contig_57574.fasta,0.027610324481144883,0.00015194005824915554,0.47673340710067913,CM
,235560,Contig_988707.fasta,0.024451495595038213,0.00012364277951296623,0.47528068976060595,CM
,235560,Contig_421262.fasta,0.021123355897510118,8.784814125381565e-05,0.46979301111377164,CM
,235560,Contig_985249.fasta,0.013061112167461765,3.132041588389621e-05,0.4510012906692208,CM
,235560,Contig_371975.fasta,0.014711928982372972,4.4849585177430686e-05,0.45694710846612946,CM
,235560,Contig_56531.fasta,0.021906128377686015,9.853788252193648e-05,0.47097517772452596,CM
,235560,Contig_1063517.fasta,0.016584285410721673,5.115586707494933e-05,0.46077187500671246,CM
,235560,Contig_990987.fasta,0.021038930007140282,8.131910434174733e-05,0.46767999906978164,CM
,235560,Contig_993626.fasta,0.01560399374703158,4.872267184806211e-05,0.45986618090350523,CM
,235560,Contig_542496.fasta,0.004663121489822592,4.060008385063013e-06,0.40164278031700995,CM
,235560,Contig_372104.fasta,0.02530390921585653,0.00012334760113331207,0.473357449741342,CM
,235560,Contig_131548.fasta,0.013060447126391508,3.3675438716871126e-05,0.4523091726141291,CM
,235560,Contig_308042.fasta,0.011703074031517657,2.491460537788868e-05,0.44669578908765306,CM
,235560,Contig_421163.fasta,0.004787451957222389,2.9255508449451977e-06,0.40250652823167016,CM
,235560,Contig_54197.fasta,0.015312548118740285,4.4069591803365584e-05,0.45806543227539553,CM
,235560,Contig_990000.fasta,0.02213835603887092,9.645747609645793e-05,0.46955728958285653,CM
,235560,Contig_369631.fasta,0.020521943343574045,8.009360362092749e-05,0.46861676421564,CM
,235560,Contig_543552.fasta,0.017725846645058052,5.665539642332416e-05,0.4609988562259276,CM
,235560,Contig_542517.fasta,0.018631537305180003,6.713509927709823e-05,0.46558590952170803,CM
,235560,Contig_131735.fasta,0.011881646686806602,2.6886322297779014e-05,0.4469091108589461,CM
,235560,Contig_5549.fasta,0.010343813436783573,2.1161359429776598e-05,0.44310022639139823,CM
,235560,Contig_501494.fasta,0.013855351468868949,3.8602535959698633e-05,0.45494782602753187,CM
,235560,Contig_1062303.fasta,0.02036353074643988,8.231480541337586e-05,0.46791383906931655,CM
,235560,Contig_368159.fasta,0.008382333112471095,1.450601893972791e-05,0.4358768878149199,CM
,235560,Contig_1199449.fasta,0.01321051023004459,3.241589137370101e-05,0.45494782602753187,CM
,235560,Contig_704055.fasta,0.015146595291155376,4.08328688948672e-05,0.45450591458894274,CM
,235560,Contig_55016.fasta,0.007588185583760582,1.1412854057976637e-05,0.4259570678828553,CM
,235560,Contig_54053.fasta,0.007574276818548646,9.547245205684967e-06,0.433454227947491,CM
,235560,Contig_546419.fasta,0.010056613777081095,1.7697124863234447e-05,0.4362832998315306,CM
,235560,Contig_59189.fasta,0.024165601073950594,0.00011224744227645461,0.47168733777148847,CM
,235560,Contig_59558.fasta,0.006858668854543197,8.487047280649558e-06,0.42135419997236967,CM
,235560,Contig_546876.fasta,0.003851116561408543,2.2745985550390696e-06,0.39519749921394975,CM
,235560,Contig_548299.fasta,0.019894230082997146,7.69449318875303e-05,0.4669798793106951,CM
,235560,Contig_60525.fasta,0.010078893678882404,1.9962263607403812e-05,0.4395620846118521,CM
,235560,Contig_550033.fasta,0.0009490559160057495,0.0,0.29217223794524916,CM
,235560,Contig_208849.fasta,0.019499765945924216,7.763295511617818e-05,0.466746971640216,CM
,235560,Contig_57061.fasta,0.020973114734974013,8.218127316411618e-05,0.46791383906931655,CM
,235560,Contig_1062496.fasta,0.017955295931232122,6.114342333744523e-05,0.464200237171941,CM
,235560,Contig_303608.fasta,0.013529408826838339,3.8373481384583745e-05,0.45384465477140307,CM
,235560,Contig_420777.fasta,0.020031378468764963,7.149658004450451e-05,0.46489204080408997,CM
,235560,Contig_1063002.fasta,0.02009652186112465,7.767507419145496e-05,0.466746971640216,CM
,235560,Contig_54352.fasta,0.0023376422101111832,4.7682592384411285e-07,0.3543459591588918,CM
,235560,Contig_1063047.fasta,0.00469806870180644,3.3929961762918343e-06,0.4012983182412663,CM
,235560,Contig_53607.fasta,0.022107923732262606,9.71627040096376e-05,0.4712123253467438,CM
,235560,Contig_372120.fasta,0.021685878418260633,9.233026600502938e-05,0.46861676421564,CM
,235560,Contig_549384.fasta,0.022355221942895076,9.25527419724357e-05,0.46908655545796146,CM
,235560,Contig_1061993.fasta,0.01987887387782364,7.691071454462968e-05,0.466746971640216,CM
,235560,Contig_553689.fasta,0.007287973517356283,9.355999203323666e-06,0.4312569945339323,CM
,235560,Contig_990531.fasta,0.024913865150646693,0.00012399061490990797,0.4745576461149255,CM
,235560,Contig_554020.fasta,0.013806712475145958,3.86628274161298e-05,0.45296596231298797,CM
,235560,Contig_502647.fasta,0.013093559016182399,3.1832935843720805e-05,0.4520906657674556,CM
,235560,Contig_135462.fasta,0.009386350636390574,1.780118912282563e-05,0.4379165550484947,CM
,235560,Contig_1063919.fasta,0.014149822270622317,3.799976321370964e-05,0.45494782602753187,CM
,235560,Contig_372299.fasta,0.01201742297764709,2.6798050119257973e-05,0.45013356331824583,CM
,235560,Contig_622402.fasta,0.022572929009056365,0.00010689307532920528,0.4724016547898198,CM
,235560,Contig_1065023.fasta,0.021560858516880933,9.054457156435726e-05,0.4700289694317595,CM
,235560,Contig_552588.fasta,0.008429728930560597,1.2317993145955768e-05,0.43547123226553425,CM
,235560,Contig_367957.fasta,0.014076131473032548,3.957274573930817e-05,0.45561230678609205,CM
,235560,Contig_308367.fasta,0.02303667986465708,9.972699052474827e-05,0.47073826868140495,CM
,235560,Contig_59368.fasta,0.025616853152962117,0.0001299576087746421,0.4745576461149255,CM
,235560,Contig_705620.fasta,0.019727340486893875,7.673877123354894e-05,0.46791383906931655,CM
,235560,Contig_305590.fasta,0.021971482726972545,9.758011744133127e-05,0.4714497119086313,CM
,235560,Contig_554364.fasta,0.013085251991593305,2.8812272208521075e-05,0.4505670092145561,CM
,235560,Contig_502546.fasta,0.013861470150832614,3.879222801602929e-05,0.4547267629439422,CM
,235560,Contig_985191.fasta,0.015927382043342254,5.0907709395299216e-05,0.45986618090350523,CM
,235560,Contig_425799.fasta,0.025530969032983866,0.0001316061553888377,0.4750394305272249,CM
,235560,Contig_368001.fasta,0.017733857475751492,6.020281635469639e-05,0.4623654536258069,CM
,235560,Contig_501675.fasta,0.021556014280941567,0.00010017863622635733,0.4735970031065957,CM
,235560,Contig_62362.fasta,0.014311048075168193,4.236168291486678e-05,0.4578413298134213,CM
,235560,Contig_60857.fasta,0.01431081277169536,4.116081041370941e-05,0.45561230678609205,CM
,235560,Contig_202275.fasta,0.013314501636788456,2.930793058382055e-05,0.4518723699365684,CM
,235560,Contig_131650.fasta,0.021568902005901724,9.201380110455993e-05,0.46932180448276484,CM
,235560,Contig_542472.fasta,0.005605154706994685,3.987648389342768e-06,0.4058229306759033,CM
,235560,Contig_547680.fasta,0.009526854576531057,1.529004297004651e-05,0.44038949559465085,CM
,235560,Contig_499586.fasta,0.0061312079228052424,6.5114903344639565e-06,0.4198419372537609,CM
,235560,Contig_136305.fasta,0.021828816373842215,9.23442895019407e-05,0.46979301111377164,CM
,235560,Contig_369711.fasta,0.01436172330536042,3.935900374805005e-05,0.45539059763437134,CM
,235560,Contig_61741.fasta,0.021729237503764386,9.07422475190343e-05,0.4681479130258295,CM
,235560,Contig_498586.fasta,0.02299832872091911,0.0001040592076948757,0.47168733777148847,CM
,235560,Contig_138210.fasta,0.002499171108258787,6.182162355091809e-07,0.36684738460942107,CM
,235560,Contig_1522.fasta,0.0040166410331308215,1.8945374695928275e-06,0.3830649521648109,CM
,235560,Contig_54173.fasta,0.002410891071644829,5.645478347675511e-07,0.3595188928692405,CM
,235560,Contig_58478.fasta,0.012062234014469318,2.9607708386920062e-05,0.4523091726141291,CM
,235560,Contig_2611.fasta,0.02110847962718692,8.938951586079732e-05,0.46932180448276484,CM
,235560,Contig_547115.fasta,0.02433851865095182,0.00010887755288843311,0.4712123253467438,CM
,235560,Contig_368410.fasta,0.019674724136322333,7.172847226423064e-05,0.46535438992473055,CM
,235560,Contig_547150.fasta,0.010565823382787954,2.2987552545654517e-05,0.4469091108589461,CM
,235560,Contig_550156.fasta,0.01855683706136969,6.649459569505344e-05,0.4644306094980809,CM
,235560,Contig_60405.fasta,0.02061535473177451,8.339251454824584e-05,0.46955728958285653,CM
,235560,Contig_59852.fasta,0.02885091768502543,0.000166233618967007,0.478439508250835,CM
,235560,Contig_985114.fasta,0.015830422892322296,4.29751659864666e-05,0.4578413298134213,CM
,235560,Contig_502586.fasta,0.01832233711224201,6.2338738337426e-05,0.4621371250067324,CM
,235560,Contig_201696.fasta,0.007345548691155741,9.74921867501406e-06,0.4314558221017211,CM
,235560,Contig_56590.fasta,0.01178416640821602,2.3578352460424027e-05,0.4456322276850634,CM
,235560,Contig_369378.fasta,0.022145410789267867,9.70351193393992e-05,0.46979301111377164,CM
,235560,Contig_424031.fasta,0.02532482061517475,0.00013093744644571657,0.4750394305272249,CM
,235560,Contig_549045.fasta,0.0,0.0,0.0,CM
,235560,Contig_138952.fasta,0.018460939282403013,6.728295034786155e-05,0.46512310046651745,CM
,235560,Contig_500549.fasta,0.01615047731674225,4.922705791638156e-05,0.4589640402837828,CM
,235560,Contig_54272.fasta,0.019799996004739927,7.520211242983763e-05,0.4665142961807742,CM
,235560,Contig_53762.fasta,0.02037165648060148,8.58387716171127e-05,0.46908655545796146,CM
,235560,Contig_57141.fasta,0.003468906156989039,1.4798519066435356e-06,0.3843234817817795,CM
,235560,Contig_420657.fasta,0.0,0.0,0.0,CM
,235560,Contig_804876.fasta,0.02132878973778196,9.016238714074036e-05,0.470501597857533,CM
,235560,Contig_367997.fasta,0.009171008476651544,1.6251722996129427e-05,0.43709840174620884,CM
,235560,Contig_54093.fasta,0.02091298064600698,7.677869165105845e-05,0.4662818525852681,CM
,235560,Contig_985009.fasta,0.0037445895735731655,1.9483179203434963e-06,0.3922161266297708,CM
,235560,Contig_209831.fasta,0.01689732420843909,6.018084297260339e-05,0.4619090217860973,CM
,235560,Contig_59149.fasta,0.02871292224188432,0.0001670111401693626,0.47868423434201185,CM
,235560,Contig_54407.fasta,0.016749536905130136,5.2420638842112846e-05,0.46077187500671246,CM
,235560,Contig_305408.fasta,0.011510402700916631,2.709764158691507e-05,0.4475503004010679,CM
,235560,Contig_501379.fasta,0.017379678233618592,5.2604840186042585e-05,0.4596403134276194,CM
,235560,Contig_55093.fasta,0.019016465705097345,7.317372637861421e-05,0.4665142961807742,CM
,235560,Contig_806573.fasta,0.013013174899156876,3.526015803873922e-05,0.45450591458894274,CM
,235560,Contig_60235.fasta,0.027511474370723633,0.00015279704449669624,0.4772196216923167,CM
,235560,Contig_501085.fasta,0.0010951868782129075,0.0,0.3047306018035275,CM
,235560,Contig_302635.fasta,0.017330644393189498,6.052642107019416e-05,0.4630517952195117,CM
,235560,Contig_213217.fasta,0.0010651259889391915,0.0,0.3037415378573947,CM
,235560,Contig_204678.fasta,0.0011436052214770244,0.0,0.3104935892961623,CM
,235560,Contig_498809.fasta,0.026905991354077594,0.0001455282320421613,0.47673340710067913,CM
,235560,Contig_134968.fasta,0.011580681530278476,2.603311449658753e-05,0.44776443930078136,CM
,235560,Contig_555569.fasta,0.006016151338094074,6.350298573111952e-06,0.4192776335746564,CM
,235560,Contig_420323.fasta,0.003296702309845754,1.529027127744681e-06,0.37811219318732653,CM
,235560,Contig_7.fasta,0.0008560779811047184,0.0,0.2857489093553078,CM
,235560,Contig_370077.fasta,0.024525175692934397,0.00011546356344255643,0.4724016547898198,CM
,235560,Contig_24574329.fasta,0.015158551099697555,4.15501099445619e-05,0.45605637336190696,CM
,235560,Contig_207266.fasta,0.023104115865702157,0.00010781147545031038,0.4721633088489572,CM
,235560,Contig_499722.fasta,0.015109952067741201,5.0364120739925884e-05,0.4603185824587472,CM
,235560,Contig_1201189.fasta,0.022955178559357588,0.00010169810659532564,0.46979301111377164,CM
,235560,Contig_500710.fasta,0.023447304063915195,0.00010414842647756213,0.47097517772452596,CM
,235560,Contig_135292.fasta,0.0194619978337781,7.199395479600634e-05,0.46489204080408997,CM
,235560,Contig_204110.fasta,0.0,0.0,0.0,CM
,235560,Contig_500384.fasta,0.02885091768502543,0.000166233618967007,0.478439508250835,CM
,235560,Contig_4002.fasta,0.001162113971342714,0.0,0.3116309284510933,CM
,235560,Contig_421610.fasta,0.005479268706325393,5.0912534082037684e-06,0.40776805147652856,CM
,235560,Contig_138156.fasta,0.020707333883019503,8.50430211821871e-05,0.46791383906931655,CM
,235560,Contig_792548.fasta,0.01433673721205165,4.386860757011455e-05,0.4589640402837828,CM
,235560,Contig_131553.fasta,0.0050437029774770305,4.99631819543243e-06,0.41536958639087135,CM
,235560,Contig_368086.fasta,0.007159222428791584,9.011131633512727e-06,0.42790474537660406,CM
,235560,Contig_544261.fasta,0.004872404400942408,3.7954344255679262e-06,0.41027079269558664,CM
,235560,Contig_796891.fasta,0.017756657117685565,6.433853398847725e-05,0.464200237171941,CM
,235560,Contig_137006.fasta,0.0024740545061482143,6.246551095725671e-07,0.36584350200884797,CM
,235560,Contig_546911.fasta,0.0010873446341870111,0.0,0.30773682280126047,CM
,235560,Contig_369838.fasta,0.010573101524340588,1.924739025782916e-05,0.4410121009135877,CM
,235560,Contig_426807.fasta,0.022242014309242015,9.952910124787836e-05,0.4724016547898198,CM
,235560,Contig_54932.fasta,0.02221431050350806,9.752436443738348e-05,0.47026516489378545,CM
,235560,Contig_931789.fasta,0.0047364849202926225,3.774708293443131e-06,0.40512020698642126,CM
,235560,Contig_1064731.fasta,0.009714790314293795,1.68552922982842e-05,0.44122002741095384,CM
,235560,Contig_135719.fasta,0.016409151689366363,5.462170431192618e-05,0.4623654536258069,CM
,235560,Contig_499678.fasta,0.0,0.0,0.0,CM
,235560,Contig_542470.fasta,0.020342795488312714,8.682169148092384e-05,0.46861676421564,CM
,235560,Contig_368756.fasta,0.0069577676913656255,7.131759890215456e-06,0.42003037618430566,CM
,235560,Contig_420279.fasta,0.00918615700759924,1.5879023503938574e-05,0.44038949559465085,CM
,235560,Contig_993254.fasta,0.021507334317309366,8.952974743404002e-05,0.46861676421564,CM
,235560,Contig_985217.fasta,0.01789199806739221,6.25423415080401e-05,0.4632810287815015,CM
,235560,Contig_61392.fasta,0.012223038342390332,2.7431665598577216e-05,0.45143641010064306,CM
,235560,Contig_502254.fasta,0.016030355817178498,4.187814367505394e-05,0.4551691041530317,CM
,235560,Contig_500961.fasta,0.025475073820530873,0.0001265625957619777,0.4743171201919073,CM
,235560,Contig_544966.fasta,0.0038457927863846508,2.252753388331096e-06,0.39503067882593207,CM
,235560,Contig_133780.fasta,0.016266895041250864,5.8588404336791956e-05,0.464200237171941,CM
,235560,Contig_62691.fasta,0.012683593226665743,2.9023539758993607e-05,0.44905358835826925,CM
,235560,Contig_368166.fasta,0.013748710321178439,3.7714934825913685e-05,0.4542852806498219,CM
,235560,Contig_429761.fasta,0.0024503003964724134,4.359190607994819e-07,0.36174243453368116,CM
,235560,Contig_302536.fasta,0.01922777940328015,6.527079033606508e-05,0.46466121059515053,CM
,235560,Contig_987380.fasta,0.02000688689716486,7.196877420946651e-05,0.46466121059515053,CM
,235560,Contig_554697.fasta,0.0,0.0,0.0,CM
,235560,Contig_549533.fasta,0.019556654685410544,7.115615967531055e-05,0.4639700932764666,CM
,235560,Contig_3825.fasta,0.002547971394561166,6.46776228115609e-07,0.36843609375536734,CM
,235560,Contig_43.fasta,0.0025402767237217598,7.312741633925413e-07,0.36945427482772725,CM
,235560,Contig_542528.fasta,0.012885073808857676,2.990729640370182e-05,0.44862304800509734,CM
,235560,Contig_993798.fasta,0.024536602333697886,0.00011236331931530172,0.47168733777148847,CM
,235560,Contig_24569072.fasta,0.007263283756036806,8.988353964711585e-06,0.4277091764801797,CM
,235560,Contig_545414.fasta,0.0024162304349021396,5.915870154114761e-07,0.3613234278527541,CM
,235560,Contig_53638.fasta,0.016222949322212916,5.081965267683356e-05,0.45986618090350523,CM
,235560,Contig_137636.fasta,0.009126711598028664,1.6869355830013563e-05,0.43832678132957054,CM
,235560,Contig_59666.fasta,0.003895842610503523,2.171213730909161e-06,0.3990736367328926,CM
,235560,Contig_302672.fasta,0.018923189276495344,6.610156844416555e-05,0.46489204080408997,CM
,235560,Contig_310012.fasta,0.003538597899861059,1.3963473868662937e-06,0.3843234817817795,CM
,235560,Contig_795668.fasta,0.016268520870972,4.875204689527865e-05,0.45873905791109465,CM
,235560,Contig_372002.fasta,0.010135638947498967,1.753382372457585e-05,0.43648679017660125,CM
,235560,Contig_309907.fasta,0.024927839473358797,0.00012454176380818154,0.473357449741342,CM
,235560,Contig_2477.fasta,0.011693818071735597,2.5748155032162348e-05,0.4492691685735156,CM
,235560,Contig_327.fasta,0.007232102699820902,8.035888641192077e-06,0.4246042096817754,CM
,235560,Contig_139033.fasta,0.020038755695797984,6.973815181648838e-05,0.4632810287815015,CM
,235560,Contig_993758.fasta,0.026739213528627962,0.0001363596778392347,0.4750394305272249,CM
,235560,Contig_56026.fasta,0.010743486616675228,2.3424756488200127e-05,0.4475503004010679,CM
,235560,Contig_1395.fasta,0.003119297348098609,1.939653135215141e-06,0.372691229844139,CM
,235560,Contig_543139.fasta,0.011925116815631224,2.7748066140286898e-05,0.45013356331824583,CM
,235560,Contig_626881.fasta,0.008342754110588801,1.1527318428347207e-05,0.43265264823792565,CM
,235560,Contig_1270016.fasta,0.0,0.0,0.0,CM
,235560,Contig_55438.fasta,0.014725996249727072,4.050183556776837e-05,0.45362466220971065,CM
,235560,Contig_501797.fasta,0.010504047080431286,1.865159233184093e-05,0.44059683528184235,CM
,235560,Contig_5266.fasta,0.021774058386777654,9.823259002205131e-05,0.47097517772452596,CM
,235560,Contig_1065654.fasta,0.002391716850842824,3.73397000790085e-07,0.35938082877827693,CM
,235560,Contig_420474.fasta,0.0026610819494446527,8.325284800393672e-07,0.37659061494512397,CM
,235560,Contig_53541.fasta,0.0,0.0,0.0,CM
,235560,Contig_54857.fasta,0.0036272407639899224,1.8097793444356763e-06,0.38750628494353334,CM
,235560,Contig_53504.fasta,0.017850345221659843,5.765684690070004e-05,0.4603185824587472,CM
,235560,Contig_426927.fasta,0.02105388932802046,8.535578923457988e-05,0.46721301954000655,CM
,235560,Contig_987729.fasta,0.009553384644840247,1.5287454028180572e-05,0.4381215721622814,CM
,235560,Contig_498389.fasta,0.022429374835943493,0.00010039523999711173,0.47168733777148847,CM
,235560,Contig_544728.fasta,0.021787249539556047,9.570216691912879e-05,0.47073826868140495,CM
,235560,Contig_137227.fasta,0.013071516374762839,3.142279100557286e-05,0.45252789078270456,CM
,235560,Contig_544635.fasta,0.00881058715095759,1.3496117309962948e-05,0.4316548330897754,CM
,235560,Contig_498294.fasta,0.008343352081049075,9.89780172130851e-06,0.4304635134032351,CM
,235560,Contig_54109.fasta,0.012533240745346,3.2429920967046336e-05,0.4512187454863226,CM
,235560,Contig_53419.fasta,0.017908042437964185,6.471182890774618e-05,0.4623654536258069,CM
,235560,Contig_62325.fasta,0.002145676534983458,4.92777444303047e-07,0.35075999930233626,CM
,235560,Contig_622395.fasta,0.02365149227374286,0.00010669918335219457,0.471925203297344,CM
,235560,Contig_60482.fasta,0.017364391760762918,5.473835596718346e-05,0.46145349020642656,CM
,235560,Contig_420569.fasta,0.004986831467384454,3.560772525926223e-06,0.409552594371393,CM
,235560,Contig_368046.fasta,0.016022380134720574,4.892835529353377e-05,0.4591892434438828,CM
,235560,Contig_1062259.fasta,0.0033454874560165607,1.4452437051666575e-06,0.3815033339334012,CM
,235560,Contig_499294.fasta,0.02227039367310886,9.763746293306478e-05,0.47073826868140495,CM
,235560,Contig_548087.fasta,0.011735066681986577,2.6575924564054442e-05,0.4449965183731018,CM
,235560,Contig_5087.fasta,0.0024518985323824143,4.94736865327875e-07,0.36034951025746365,CM
,235560,Contig_1064064.fasta,0.0012290828210922429,0.0,0.31830873406075955,CM
,235560,Contig_54661.fasta,0.02230895856031531,9.773866209914742e-05,0.47073826868140495,CM
,235560,Contig_990919.fasta,0.009521570265830287,1.631597854439595e-05,0.4399754010994984,CM
,235560,Contig_61352.fasta,0.02268714294107787,9.82707916948765e-05,0.46955728958285653,CM
,235560,Contig_555022.fasta,0.0034869518005309482,2.4356143569441355e-06,0.38927940022405705,CM
,235560,Contig_57616.fasta,0.021688605387676755,8.89822525698773e-05,0.46791383906931655,CM
,235560,Contig_370211.fasta,0.011180346852435658,2.0443365405521786e-05,0.4387377769051257,CM
,235560,Contig_1067056.fasta,0.01271602545868798,3.2641980077961694e-05,0.4510012906692208,CM
,235560,Contig_56653.fasta,0.018652957275297005,6.419782170876811e-05,0.4632810287815015,CM
,235560,Contig_992350.fasta,0.015626560048327284,4.5626186115179515e-05,0.46077187500671246,CM
,235560,Contig_61602.fasta,0.002273136622512572,4.3913873258637985e-07,0.35075999930233626,CM
,235560,Contig_135130.fasta,0.017775547185962283,6.34281222205987e-05,0.46535438992473055,CM
,235560,Contig_1063408.fasta,0.0221776375894518,0.0001027905695537315,0.4726402414841581,CM
,235560,Contig_206987.fasta,0.002480553085445779,4.2406387632000426e-07,0.36727930853164564,CM
,235560,Contig_1309.fasta,0.0,0.0,0.0,CM
,235560,Contig_542531.fasta,0.0023540742863658185,8.162655341590176e-07,0.36202231262616363,CM
,235560,Contig_552864.fasta,0.007811009577966052,1.2623159639405373e-05,0.4284925266202533,CM
,235560,Contig_420338.fasta,0.017425455807672317,5.4923214647522605e-05,0.4603185824587472,CM
,235560,Contig_55389.fasta,0.006236960933999185,6.550684992715058e-06,0.42268639482323084,CM
,235560,Contig_427105.fasta,0.008308991861324761,1.1451614296038007e-05,0.4338561326558336,CM
,235560,Contig_542688.fasta,0.011678696571759186,2.234287444588562e-05,0.44478501812672677,CM
,235560,Contig_544398.fasta,0.0010873446341870111,0.0,0.30773682280126047,CM
,235560,Contig_498739.fasta,0.014245895150026453,4.0184493064647366e-05,0.4567240986523344,CM
,235560,Contig_54075.fasta,0.0,0.0,0.0,CM
,235560,Contig_56346.fasta,0.01889137386608458,7.245193666554312e-05,0.4669798793106951,CM
,235560,Contig_203889.fasta,0.0045756836995659135,3.170981321468794e-06,0.40164278031700995,CM
,235560,Contig_500327.fasta,0.019225312445541685,7.666853067160249e-05,0.4662818525852681,CM
,235560,Contig_544365.fasta,0.0,0.0,0.0,CM
,235560,Contig_369516.fasta,0.01836267793070991,6.617709835418806e-05,0.4630517952195117,CM
,235560,Contig_547013.fasta,0.0023923823217791395,6.162178126408151e-07,0.36034951025746365,CM
,235560,Contig_542675.fasta,0.020123114327684672,7.916208872492362e-05,0.466746971640216,CM
,235560,Contig_368516.fasta,0.016657452391871982,5.031849225483872e-05,0.46009227047130435,CM
,235560,Contig_58954.fasta,0.02313295487327236,0.00010930349336141951,0.4731181385938489,CM
,235560,Contig_24576300.fasta,0.025210591971720108,0.00013303977247073413,0.47600594005016944,CM
,235560,Contig_994229.fasta,0.005058961625982681,4.018052280618176e-06,0.4113528255554431,CM
,235560,Contig_132049.fasta,0.017994544531841114,5.926206465047043e-05,0.4630517952195117,CM
,235560,Contig_56047.fasta,0.016089254623407986,4.831171880491123e-05,0.4571703361693371,CM
,235560,Contig_549900.fasta,0.022144746457006426,9.177688830631246e-05,0.46767999906978164,CM
,235560,Contig_56804.fasta,0.01883345589401917,6.7535339860699e-05,0.46535438992473055,CM
,235560,Contig_1760.fasta,0.0010951868782129075,0.0,0.3047306018035275,CM
,235560,Contig_2226.fasta,0.008162690274081962,1.0070891772175613e-05,0.433454227947491,CM
,235560,Contig_548773.fasta,0.0036361684774909283,1.8313109944960632e-06,0.39270989430912,CM
,235560,Contig_1123947.fasta,0.02307275102935255,0.00010003211779346172,0.47073826868140495,CM
,235560,Contig_6091.fasta,0.02095767669901402,9.53047032704411e-05,0.4714497119086313,CM
,235560,Contig_4736.fasta,0.019497840997315594,7.288575456508625e-05,0.46558590952170803,CM
,235560,Contig_810436.fasta,0.02312408100768098,0.00011112821720523868,0.4724016547898198,CM
,235560,Contig_53485.fasta,0.0024850847659591553,7.621832486467353e-07,0.36641647538709204,CM
,235560,Contig_53779.fasta,0.02080954343936173,9.017566369700199e-05,0.46932180448276484,CM
,235560,Contig_54269.fasta,0.022590160673192472,9.693600514200071e-05,0.470501597857533,CM
,235560,Contig_135095.fasta,0.02172453601363779,8.968829566998647e-05,0.46838222129060714,CM
,235560,Contig_543843.fasta,0.0021781387370979925,4.2646153907146914e-07,0.3482797462369308,CM
,235560,Contig_555043.fasta,0.009318947978539915,1.5994474095695065e-05,0.43914954394116995,CM
,235560,Contig_62494.fasta,0.013863733483186712,3.558805984269364e-05,0.4520906657674556,CM
,235560,Contig_58762.fasta,0.019094833485914325,6.834078664508795e-05,0.46259400797757444,CM
,235560,Contig_499560.fasta,0.014020325752927953,3.646992844784875e-05,0.4551691041530317,CM
,235560,Contig_1065040.fasta,0.008344312783613006,1.3887819850584033e-05,0.4362832998315306,CM
,235560,Contig_24574502.fasta,0.004333840527559821,2.918945092388956e-06,0.3928747599238594,CM
,235560,Contig_55294.fasta,0.01977473430371571,8.016400115521685e-05,0.4674463926766399,CM
,235560,Contig_208230.fasta,0.026450897759834863,0.00014164670206965937,0.47624818225884635,CM
,235560,Contig_367971.fasta,0.013991225664531445,3.735113576206198e-05,0.4542852806498219,CM
,235560,Contig_4437.fasta,0.0,0.0,0.0,CM
,235560,Contig_138526.fasta,0.0009668267249724064,0.0,0.29400806727572515,CM
,235560,Contig_138563.fasta,0.026847633860008872,0.00013898413907962519,0.47576394414775447,CM
,235560,Contig_371134.fasta,0.01785230465089698,5.7200237873661606e-05,0.4616811436303074,CM
,235560,Contig_54294.fasta,0.025846716049147338,0.0001325571140059926,0.47528068976060595,CM
,235560,Contig_59426.fasta,0.009834134480700493,2.0096257918424853e-05,0.4439410237849303,CM
,235560,Contig_502560.fasta,0.002584648707874005,7.94732180874537e-07,0.3725428655010482,CM
,235560,Contig_201670.fasta,0.017661391803949093,6.501410027751879e-05,0.464200237171941,CM
,235560,Contig_132684.fasta,0.021892338354034032,0.0001023509762257918,0.47287906929693435,CM
,235560,Contig_542344.fasta,0.0060348696326795155,7.606778331207558e-06,0.42173396941804103,CM
,235560,Contig_545654.fasta,0.020122434436722503,8.157549261610002e-05,0.46838222129060714,CM
,235560,Contig_499661.fasta,0.0,0.0,0.0,CM
,235560,Contig_368062.fasta,0.01736011072161478,6.1022175398505534e-05,0.464200237171941,CM
,235560,Contig_133992.fasta,0.007791602004658,1.3128636364783616e-05,0.4316548330897754,CM
,235560,Contig_131676.fasta,0.019224216228839297,6.688216913644629e-05,0.4616811436303074,CM
,235560,Contig_134010.fasta,0.01889797134486167,7.277862045185569e-05,0.46721301954000655,CM
,235560,Contig_548898.fasta,0.01958973108381764,7.580335644348055e-05,0.4665142961807742,CM
,235560,Contig_421218.fasta,0.0,0.0,0.0,CM
,235560,Contig_56266.fasta,0.01825193736921872,6.165382282335405e-05,0.4603185824587472,CM
,235560,Contig_791989.fasta,0.009770438038116381,1.5435411106059473e-05,0.4395620846118521,CM
,235560,Contig_167.fasta,0.0024162304349021396,5.915870154114761e-07,0.3613234278527541,CM
,235560,Contig_131918.fasta,0.013922379239758169,3.3472616745394075e-05,0.4516542848159426,CM
,235560,Contig_545669.fasta,0.015203965080276263,4.5408409855727824e-05,0.4585142960012901,CM
,235560,Contig_309414.fasta,0.023246694693329333,0.00010935551278986672,0.473357449741342,CM
,235560,Contig_60809.fasta,0.017509404266881176,5.9307636771196346e-05,0.4630517952195117,CM
,235560,Contig_55579.fasta,0.010397806558551888,1.858152057897545e-05,0.44018235095890546,CM
,235560,Contig_134354.fasta,0.011614156433640273,2.557325028338358e-05,0.44648267086766846,CM
,235560,Contig_302825.fasta,0.016567338621483907,5.2735621035619526e-05,0.4603185824587472,CM
,235560,Contig_543384.fasta,0.003258137422639305,1.5721530023088633e-06,0.37313703275065113,CM
,235560,Contig_553243.fasta,0.012902485669886107,2.991623354611657e-05,0.4492691685735156,CM
,235560,Contig_985177.fasta,0.011599897366701492,2.5753483949522687e-05,0.44776443930078136,CM
,235560,Contig_551170.fasta,0.014191906655198547,3.837273821822846e-05,0.45362466220971065,CM
,235560,Contig_544200.fasta,0.01038492792289457,2.088833664437629e-05,0.4420536977508895,CM
,235560,Contig_1066727.fasta,0.013135429432830237,3.480334006718245e-05,0.4558342319233478,CM
,235560,Contig_623419.fasta,0.006972960048507293,7.3885034663440675e-06,0.42135419997236967,CM
,235560,Contig_54254.fasta,0.021409285483853683,9.307781648202169e-05,0.4700289694317595,CM
,235560,Contig_53744.fasta,0.017736737085005932,6.31010207632864e-05,0.464200237171941,CM
,235560,Contig_548820.fasta,0.0011041630838570017,0.0,0.30713084284169123,CM
,235560,Contig_422193.fasta,0.026248342974708943,0.00014193406262841463,0.47649067115001686,CM
,235560,Contig_56712.fasta,0.012723412542715874,3.2195631012758293e-05,0.4520906657674556,CM
,235560,Contig_56757.fasta,0.0049738690204166065,3.604308969702282e-06,0.409552594371393,CM
,235560,Contig_1833.fasta,0.02018251507563011,7.716122419880202e-05,0.46721301954000655,CM
,235560,Contig_542648.fasta,0.0023433465790539234,9.421282946275675e-07,0.3634282245198575,CM
,235560,Contig_372026.fasta,0.01930090577829853,7.034065374544952e-05,0.46512310046651745,CM
,235560,Contig_370350.fasta,0.013171199476620264,3.2793138766119136e-05,0.4527468205798902,CM
,235560,Contig_985396.fasta,0.01893179407759285,7.723330543812874e-05,0.46767999906978164,CM
,235560,Contig_543120.fasta,0.002584648707874005,7.94732180874537e-07,0.3725428655010482,CM
,235560,Contig_992741.fasta,0.019498100809575942,7.637859921865528e-05,0.46721301954000655,CM
,235560,Contig_54798.fasta,0.02228378290555497,0.00010135693400098331,0.471925203297344,CM
,235560,Contig_554998.fasta,0.015408360347317795,4.4147280297885064e-05,0.45873905791109465,CM
,235560,Contig_542549.fasta,0.0,0.0,0.0,CM
,235560,Contig_1125670.fasta,0.024386555912274545,0.00011416829200840697,0.4724016547898198,CM
,235560,Contig_57456.fasta,0.01982767509042573,7.792857947997738e-05,0.46791383906931655,CM
,235560,Contig_420791.fasta,0.010688908452470423,2.1099535012635955e-05,0.4456322276850634,CM
,235560,Contig_304002.fasta,0.021480457850314785,9.41834623833312e-05,0.46955728958285653,CM
,235560,Contig_304047.fasta,0.02250100503582045,0.0001042300071566314,0.4721633088489572,CM
,235560,Contig_60914.fasta,0.021899836640942888,9.858916787035508e-05,0.4714497119086313,CM
,235560,Contig_369593.fasta,0.008583351116252802,1.1245675999260846e-05,0.43365508718194307,CM
,235560,Contig_132330.fasta,0.012775640235612043,2.875836769137697e-05,0.449484955878306,CM
,235560,Contig_543264.fasta,0.01128344906015266,2.317860713886363e-05,0.44457371883070457,CM
,235560,Contig_61586.fasta,0.021876915081029933,9.276982690831249e-05,0.46861676421564,CM
,235560,Contig_206205.fasta,0.017255441272830258,5.9810919172617846e-05,0.4623654536258069,CM
,235560,Contig_992897.fasta,0.0012560019448669124,0.0,0.3211488257167581,CM
,235560,Contig_368482.fasta,0.013841966419115686,3.729780119060728e-05,0.45450591458894274,CM
,235560,Contig_368810.fasta,0.020022181218057798,7.821339067907352e-05,0.46767999906978164,CM
,235560,Contig_545620.fasta,0.007439229917336735,1.0886430591979943e-05,0.4310583501329494,CM
,235560,Contig_131586.fasta,0.01876355212279759,7.315920418634658e-05,0.4665142961807742,CM
,235560,Contig_62330.fasta,0.00322352051166701,1.130384192963552e-06,0.3728397124058299,CM
,235560,Contig_133221.fasta,0.00553159251992804,4.523481012489805e-06,0.4072357172056715,CM
,235560,Contig_554336.fasta,0.023193722714278248,0.00010457625832582816,0.4700289694317595,CM
,235560,Contig_1061979.fasta,0.006032504227801384,5.54601300754379e-06,0.4187148448047575,CM
,235560,Contig_59083.fasta,0.009513801296714757,1.720329241325924e-05,0.43935571743597795,CM
,235560,Contig_61046.fasta,0.01991708910790622,8.027237082075403e-05,0.4681479130258295,CM
,235560,Contig_53364.fasta,0.013955951003987941,3.70413566581023e-05,0.45494782602753187,CM
,235560,Contig_138517.fasta,0.016195946379749842,5.124689219002076e-05,0.4594146677165602,CM
,235560,Contig_1064832.fasta,0.004985931151765719,3.280996503411085e-06,0.4090155935920599,CM
,235560,Contig_367940.fasta,0.01417140061679108,3.58355194932574e-05,0.45384465477140307,CM
,235560,Contig_57502.fasta,0.025375274370768,0.00012111016331612938,0.47287906929693435,CM
,235560,Contig_370591.fasta,0.02682908870736834,0.00014636478024629188,0.4772196216923167,CM
,235560,Contig_420251.fasta,0.018793659981578448,7.031633826155465e-05,0.46535438992473055,CM
,235560,Contig_58753.fasta,0.022805494193301013,0.00010146405168862619,0.46932180448276484,CM
,235560,Contig_133165.fasta,0.01838687359354346,7.069336230567489e-05,0.46489204080408997,CM
,235560,Contig_136703.fasta,0.015178047083573414,4.3681759401440776e-05,0.4562787314181536,CM
,235560,Contig_420638.fasta,0.00835499767761363,1.1696144586922348e-05,0.433454227947491,CM
,235560,Contig_552562.fasta,0.0035588827871775295,2.572077889630226e-06,0.3900907370315269,CM
,235560,Contig_136746.fasta,0.02235150542023436,9.999098423717345e-05,0.4712123253467438,CM
,235560,Contig_53399.fasta,0.01960217598853415,8.368225200738283e-05,0.46955728958285653,CM
,235560,Contig_369317.fasta,0.027486440728256446,0.00015406254491609733,0.47770682906515216,CM
,235560,Contig_551614.fasta,0.011794822967071746,2.947605187414183e-05,0.4499171529512659,CM
,235560,Contig_554072.fasta,0.0012895985538787398,0.0,0.3243770114865279,CM
,235560,Contig_59716.fasta,0.021005489928797794,8.517014652172136e-05,0.4681479130258295,CM
,235560,Contig_1066043.fasta,0.0035556947713924845,1.690446651980871e-06,0.3860675239845846,CM
,235560,Contig_549707.fasta,0.0,0.0,0.0,CM
,235560,Contig_1062625.fasta,0.016588525540919,4.94123747959181e-05,0.4591892434438828,CM
,235560,Contig_372137.fasta,0.006699474854523987,8.174782959172306e-06,0.4202189843460409,CM
,235560,Contig_426270.fasta,0.004940979664597558,4.179879459658872e-06,0.40776805147652856,CM
,235560,Contig_54300.fasta,0.018537030207981864,7.059698734436364e-05,0.46489204080408997,CM
,235560,Contig_53610.fasta,0.0009668267249724064,0.0,0.29400806727572515,CM
,235560,Contig_989205.fasta,0.015491865133696792,4.898730976368869e-05,0.46077187500671246,CM
,235560,Contig_420760.fasta,0.014683784098480234,4.3659420668071195e-05,0.45494782602753187,CM
,235560,Contig_1062050.fasta,0.01135166005366112,2.2098310480587042e-05,0.44247171543197783,CM
,235560,Contig_427270.fasta,0.0034322717146013175,1.53671587773705e-06,0.38259512597654666,CM
,235560,Contig_139063.fasta,0.0,0.0,0.0,CM
,235560,Contig_420725.fasta,0.0012895985538787398,0.0,0.3243770114865279,CM
,235560,Contig_545479.fasta,0.009574434713198951,1.8084839430722488e-05,0.4422626078159892,CM
,235560,Contig_1062015.fasta,0.009575364689189892,1.9716146257241577e-05,0.4418449849568617,CM
,235560,Contig_202006.fasta,0.01583228769610659,4.897217777402952e-05,0.46054511719420915,CM
,235560,Contig_498324.fasta,0.005776310666932781,5.780262960281225e-06,0.4131689528205886,CM
,235560,Contig_201370.fasta,0.0,0.0,0.0,CM
,235560,Contig_551822.fasta,0.004938240440451361,3.2057645494923446e-06,0.4075904521509726,CM
,235560,Contig_54001.fasta,0.004729469874396349,3.639075321964396e-06,0.40216058364358964,CM
,235560,Contig_422752.fasta,0.010845034505260125,2.0980325131304782e-05,0.4475503004010679,CM
,235560,Contig_55044.fasta,0.011885815694339648,2.4659359613938368e-05,0.4460570439173656,CM
,235560,Contig_548236.fasta,0.01615648644627091,5.071393192872123e-05,0.45986618090350523,CM
,235560,Contig_420309.fasta,0.006116001244064652,5.824039729556529e-06,0.41946556617598973,CM
,235560,Contig_542500.fasta,0.01854173427361223,6.626087344185726e-05,0.4639700932764666,CM
,235560,Contig_137277.fasta,0.0038301406035347076,1.5653091717480326e-06,0.3965371517536581,CM
,235560,Contig_987817.fasta,0.01952609587521572,8.179588928203073e-05,0.4688515421536238,CM
,235560,Contig_24578923.fasta,0.02287692958789996,0.00010147294033520646,0.470501597857533,CM
,235560,Contig_985367.fasta,0.0048299427390292755,3.7450931858376238e-06,0.4063515753967143,CM
,235560,Contig_498823.fasta,0.011688088109812884,2.424014290344445e-05,0.4484080872729435,CM
,235560,Contig_1063329.fasta,0.02027016234580433,7.837592584440733e-05,0.46512310046651745,CM
,235560,Contig_61925.fasta,0.006155307865153467,5.6321794085635606e-06,0.4198419372537609,CM
,235560,Contig_54079.fasta,0.020926815181072613,8.180167319966614e-05,0.46791383906931655,CM
,235560,Contig_554682.fasta,0.0012180525612813019,0.0,0.31841703917612557,CM
,235560,Contig_302566.fasta,0.018802628570766027,6.554570686388861e-05,0.464200237171941,CM
,235560,Contig_310306.fasta,0.02448716513456979,0.00011576568624571019,0.47287906929693435,CM
,235560,Contig_543210.fasta,0.0012895985538787398,0.0,0.3243770114865279,CM
,235560,Contig_986701.fasta,0.0023737642989661314,4.2582566630414613e-07,0.3565057821480507,CM
,235560,Contig_545700.fasta,0.014875484851671048,3.825562972281654e-05,0.45450591458894274,CM
,235560,Contig_420371.fasta,0.016573754640611685,5.606426508211859e-05,0.46351048941982814,CM
,235560,Contig_930538.fasta,0.02783088287176766,0.00015213838468331814,0.47673340710067913,CM
,235560,Contig_542578.fasta,0.0037035762244086562,1.8137064409590289e-06,0.39139593397684364,CM
,235560,Contig_371823.fasta,0.0115851103663485,2.543014954830389e-05,0.4475503004010679,CM
,235560,Contig_56.fasta,0.0,0.0,0.0,CM
,235560,Contig_500869.fasta,0.012446805790966364,3.2088545674518735e-05,0.4512187454863226,CM
,235560,Contig_549526.fasta,0.0011436052214770244,0.0,0.3104935892961623,CM
,235560,Contig_138472.fasta,0.024188165089031047,0.0001169758820626198,0.4731181385938489,CM
,235560,Contig_987069.fasta,0.011405436494669435,2.6423497982021922e-05,0.44669578908765306,CM
,235560,Contig_988280.fasta,0.01939112562290458,7.52813052436002e-05,0.46581765960111154,CM
,235560,Contig_543585.fasta,0.0,0.0,0.0,CM
,235560,Contig_206976.fasta,0.024277947124946107,0.0001205232155201877,0.47383679905753573,CM
,235560,Contig_3888.fasta,0.025687555187983407,0.00013034406533679106,0.4750394305272249,CM
,235560,Contig_1065538.fasta,0.0010873446341870111,0.0,0.30773682280126047,CM
,235560,Contig_62111.fasta,0.013170710321772377,3.760980065000411e-05,0.4565013064090893,CM
,235560,Contig_208748.fasta,0.01873559165919688,6.659326389132965e-05,0.46466121059515053,CM
,235560,Contig_501406.fasta,0.011749791807128927,2.8218423568371864e-05,0.4497009505711836,CM
,235560,Contig_306807.fasta,0.010147680488147489,1.9265866984023584e-05,0.43935571743597795,CM
,235560,Contig_57808.fasta,0.018285019648127558,6.392788081758956e-05,0.4632810287815015,CM
,235560,Contig_930639.fasta,0.01982850183299193,7.829612617410195e-05,0.4669798793106951,CM
,235560,Contig_422.fasta,0.0009883530715432602,0.0,0.2968996440795156,CM
,235560,Contig_545369.fasta,0.016301510689312595,5.5451593891343765e-05,0.4639700932764666,CM
,235560,Contig_502018.fasta,0.01596705820619836,4.500412785944041e-05,0.45539059763437134,CM
,235560,Contig_1066920.fasta,0.007551140316726891,8.219535820272273e-06,0.43066160981989554,CM
,235560,Contig_988550.fasta,0.011683038345317507,2.7202032779241254e-05,0.44862304800509734,CM
,235560,Contig_498319.fasta,0.0038011426507603375,1.6390026128436442e-06,0.39536446055709046,CM
,235560,Contig_1062135.fasta,0.01903161705741902,6.749197779563737e-05,0.46466121059515053,CM
,235560,Contig_139106.fasta,0.0022779516254219996,6.336665968547427e-07,0.35461450478917506,CM
,235560,Contig_424026.fasta,0.00196024106496172,4.2501759259595335e-07,0.335662725300801,CM
,235560,Contig_985597.fasta,0.0035800646201460504,2.3358111242253076e-06,0.38976579680909335,CM
,235560,Contig_369895.fasta,0.02115094330775409,9.07977639714489e-05,0.47026516489378545,CM
,235560,Contig_53489.fasta,0.0022904660662673108,7.544125771281543e-07,0.35745900616448933,CM
,235560,Contig_60880.fasta,0.023046905052244628,0.00010831289518429922,0.4721633088489572,CM
,235560,Contig_368093.fasta,0.01678631916197032,5.0939258168748466e-05,0.46122606118217496,CM
,235560,Contig_499241.fasta,0.019790491063415926,7.990350233436053e-05,0.46838222129060714,CM
,235560,Contig_989061.fasta,0.007432213474823005,9.547232639327114e-06,0.4316548330897754,CM
,235560,Contig_55164.fasta,0.02339522349125035,0.00010869326496834576,0.4726402414841581,CM
,235560,Contig_24573733.fasta,0.011946854144299017,2.3331856577077095e-05,0.44584453460630447,CM
,235560,Contig_498628.fasta,0.008552810786769597,1.1822126710498085e-05,0.43305306716271774,CM
,235560,Contig_3643.fasta,0.002499171108258787,6.182162355091809e-07,0.36684738460942107,CM
,235560,Contig_987659.fasta,0.0011436052214770244,0.0,0.3104935892961623,CM
,235560,Contig_53431.fasta,0.015015219557719003,4.657449629180954e-05,0.45986618090350523,CM
,235560,Contig_426051.fasta,0.02445478592759122,0.00011716641152360294,0.4724016547898198,CM
,235560,Contig_500137.fasta,0.021014664592962643,8.661573857414342e-05,0.46838222129060714,CM
,235560,Contig_369743.fasta,0.024214025305641637,0.0001151121588895423,0.4726402414841581,CM
,235560,Contig_502690.fasta,0.014893065672152817,3.867723952417037e-05,0.4527468205798902,CM
,235560,Contig_802918.fasta,0.011704090872017675,3.088346572742788e-05,0.4518723699365684,CM
,235560,Contig_544175.fasta,0.0013055160626628906,0.0,0.32641356056457377,CM
,235560,Contig_53359.fasta,0.0036838819451987847,2.054753083302131e-06,0.38960352961641675,CM
,235560,Contig_306575.fasta,0.002429602945708172,4.544069169173566e-07,0.3613234278527541,CM
,235560,Contig_542420.fasta,0.0,0.0,0.0,CM
,235560,Contig_368743.fasta,0.019667478110839673,7.412856147666768e-05,0.46581765960111154,CM
,235560,Contig_499105.fasta,0.002338949456040781,4.5341735691867175e-07,0.35841734130165953,CM
,235560,Contig_542465.fasta,0.002299546974172777,5.646505058897189e-07,0.3560988120771055,CM
,235560,Contig_548646.fasta,0.015812439251007754,4.945266312951674e-05,0.4582897542304766,CM
,235560,Contig_58939.fasta,0.010488188356333278,1.7114604091594953e-05,0.4397686457418388,CM
,235560,Contig_621909.fasta,0.010840872020617105,2.230685955630975e-05,0.44059683528184235,CM
,235560,Contig_53922.fasta,0.022251865588034096,0.00010205551715289142,0.4721633088489572,CM
,235560,Contig_132024.fasta,0.0290599656928599,0.00016897510345344774,0.47868423434201185,CM
,235560,Contig_1063498.fasta,0.0185523055363581,6.907510186511034e-05,0.464200237171941,CM
,235560,Contig_551384.fasta,0.020889649623029322,7.909635194288059e-05,0.4665142961807742,CM
,235560,Contig_132061.fasta,0.006232203382700684,6.277829834794877e-06,0.42173396941804103,CM
,235560,Contig_543135.fasta,0.0035578459748982307,1.6715855774198042e-06,0.38863275670209013,CM
,235560,Contig_1064559.fasta,0.011813448782574704,2.631357919177879e-05,0.4481933324418741,CM
,235560,Contig_368256.fasta,0.022364026276564093,9.521805931306995e-05,0.46955728958285653,CM
,235560,Contig_306060.fasta,0.02251391910047054,0.00010480655199403059,0.4726402414841581,CM
,235560,Contig_58286.fasta,0.017789162186627516,6.13136925086429e-05,0.46282278839695007,CM
,235560,Contig_57092.fasta,0.027642907051452052,0.00015427544130065614,0.4772196216923167,CM
,235560,Contig_420355.fasta,0.019244990917140013,7.37437701997285e-05,0.46512310046651745,CM
,235560,Contig_420310.fasta,0.005938674328735106,6.32332312786322e-06,0.4190898692962978,CM
,235560,Contig_139456.fasta,0.017467893687343305,5.700087526602315e-05,0.46009227047130435,CM
,235560,Contig_4502.fasta,0.010604301283050439,2.1871870798576955e-05,0.44247171543197783,CM
,235560,Contig_543519.fasta,0.0011041630838570017,0.0,0.30713084284169123,CM
,235560,Contig_544009.fasta,0.0011041630838570017,0.0,0.30713084284169123,CM
,235560,Contig_3057.fasta,0.0011041630838570017,0.0,0.30713084284169123,CM
,235560,Contig_553809.fasta,0.0023430397599453184,4.568566304382317e-07,0.3581430073243908,CM
,235560,Contig_132325.fasta,0.016509600026114894,4.9732427488405004e-05,0.45986618090350523,CM
,235560,Contig_369951.fasta,0.019508962343645745,6.934181120879029e-05,0.46512310046651745,CM
,235560,Contig_61901.fasta,0.01647535208178346,5.061669235032854e-05,0.46077187500671246,CM
,235560,Contig_369157.fasta,0.014772172486091684,3.9814266466180815e-05,0.45494782602753187,CM
,235560,Contig_61944.fasta,0.0023173541072900035,5.549259522330678e-07,0.35732251933510234,CM
,235560,Contig_53508.fasta,0.0012895985538787398,0.0,0.3243770114865279,CM
,235560,Contig_368951.fasta,0.00981809827608734,1.802614094238409e-05,0.44059683528184235,CM
,235560,Contig_303193.fasta,0.015479510320914193,4.873334746372479e-05,0.46077187500671246,CM
,235560,Contig_1062799.fasta,0.017577991838095844,5.699986403928925e-05,0.4609988562259276,CM
,235560,Contig_932596.fasta,0.015215508243500228,4.485096725946938e-05,0.457617446522559,CM
,235560,Contig_133360.fasta,0.011993430203419432,2.6105127506744514e-05,0.4499171529512659,CM
,235560,Contig_371588.fasta,0.018485156769585877,6.47673368278465e-05,0.4632810287815015,CM
,235560,Contig_990113.fasta,0.018410154278186257,6.335599967563016e-05,0.4639700932764666,CM
,235560,Contig_371159.fasta,0.015021973528077171,4.352519282585941e-05,0.45605637336190696,CM
,235560,Contig_132515.fasta,0.02215467559028157,9.716940543597252e-05,0.470501597857533,CM
,235560,Contig_708360.fasta,0.008626610985555632,1.3047461549285277e-05,0.4381215721622814,CM
,235560,Contig_794445.fasta,0.01619123114652451,4.856517271376732e-05,0.4582897542304766,CM
,235560,Contig_310512.fasta,0.025550845055103775,0.0001242450581830258,0.4735970031065957,CM
,235560,Contig_200936.fasta,0.021562346993938497,8.533023598363207e-05,0.4669798793106951,CM
,235560,Contig_309369.fasta,0.025258059458346954,0.00013054477012438732,0.47528068976060595,CM
,235560,Contig_131663.fasta,0.016468492739250228,5.585442084610938e-05,0.4621371250067324,CM
,235560,Contig_133515.fasta,0.01976600108997447,7.314706262342573e-05,0.464200237171941,CM
,235560,Contig_57236.fasta,0.023290352563905124,0.00010133625325419514,0.4714497119086313,CM
,235560,Contig_368809.fasta,0.01972294355386194,7.814420670918246e-05,0.4662818525852681,CM
,235560,Contig_57273.fasta,0.006137349694462401,6.107338825696222e-06,0.4190898692962978,CM
,235560,Contig_53450.fasta,0.020801437826552853,9.285160750592662e-05,0.47026516489378545,CM
,235560,Contig_369809.fasta,0.01791186897103179,6.158209572280858e-05,0.46535438992473055,CM
,235560,Contig_500212.fasta,0.0034659978332311934,1.7144591723845747e-06,0.38369318496868926,CM
,235560,Contig_985127.fasta,0.011988080551119964,3.1996146710732345e-05,0.45252789078270456,CM
,235560,Contig_131527.fasta,0.007625061034624968,1.2673015410544154e-05,0.4265395069000151,CM
,235560,Contig_205412.fasta,0.016732029626266794,5.383170525203208e-05,0.46054511719420915,CM
,235560,Contig_58861.fasta,0.02202898903810774,9.902747979484978e-05,0.4712123253467438,CM
,235560,Contig_57172.fasta,0.008299746269011503,1.1376194144103338e-05,0.43365508718194307,CM
,235560,Contig_57931.fasta,0.010850046817518172,2.0837949558405688e-05,0.4469091108589461,CM
,235560,Contig_986539.fasta,0.026517395384517542,0.00014059922207703662,0.47576394414775447,CM
,235560,Contig_53380.fasta,0.0013055160626628906,0.0,0.32641356056457377,CM
,235560,Contig_793579.fasta,0.012866711796118894,3.3791271490622134e-05,0.4527468205798902,CM
,235560,Contig_53751.fasta,0.00887017960169118,1.525057630709579e-05,0.4332535546938116,CM
,235560,Contig_56974.fasta,0.016204537677450156,4.797499754151038e-05,0.4589640402837828,CM
,235560,Contig_53714.fasta,0.021137706481635148,8.965866391277509e-05,0.46979301111377164,CM
,235560,Contig_498548.fasta,0.0070731406628396915,6.427657682799459e-06,0.4232599177470073,CM
,235560,Contig_138961.fasta,0.025668985193346063,0.00012322369417025925,0.47383679905753573,CM
,235560,Contig_56931.fasta,0.011569593207015066,2.3552461928666793e-05,0.44478501812672677,CM
,235560,Contig_53490.fasta,0.017457231278078245,5.840933594307215e-05,0.46145349020642656,CM
,235560,Contig_1261469.fasta,0.019548079051083272,7.956505074550689e-05,0.4674463926766399,CM
,235560,Contig_134080.fasta,0.019076714068571497,7.072617031494531e-05,0.46512310046651745,CM
,235560,Contig_547636.fasta,0.003045947505858696,1.1567503255742818e-06,0.36541494655940376,CM
,235560,Contig_555815.fasta,0.006481460836151253,6.259605722358731e-06,0.4265395069000151,CM
,235560,Contig_367999.fasta,0.012877289016442703,3.451910660110966e-05,0.4520906657674556,CM
,235560,Contig_542481.fasta,0.022621909223487797,9.790807273097989e-05,0.470501597857533,CM
,235560,Contig_54239.fasta,0.0,0.0,0.0,CM
,235560,Contig_135080.fasta,0.01621663108510396,5.0272009523570994e-05,0.46054511719420915,CM
,235560,Contig_543050.fasta,0.0024288436235215217,4.712623691058009e-07,0.36202231262616363,CM
,235560,Contig_371121.fasta,0.010298692729931938,2.217613326323124e-05,0.4420536977508895,CM
,235560,Contig_421275.fasta,0.016203356119092224,4.90251967999668e-05,0.45986618090350523,CM
,235560,Contig_1064055.fasta,0.018418274321195697,6.179693636365688e-05,0.4621371250067324,CM
,235560,Contig_24574183.fasta,0.023247919437786507,9.901124057987162e-05,0.47073826868140495,CM
,235560,Contig_1065010.fasta,0.02013453522752053,7.663617763850539e-05,0.4669798793106951,CM
,235560,Contig_542439.fasta,0.02023158160950914,8.881909094745385e-05,0.46908655545796146,CM
,235560,Contig_55615.fasta,0.0026667597894112797,6.452073866420827e-07,0.37298831332747434,CM
,235560,Contig_1062268.fasta,0.017510781894779916,6.22864279002889e-05,0.4637401774720679,CM
,235560,Contig_545832.fasta,0.01046271903676074,1.976713713264021e-05,0.4428905244385391,CM
,235560,Contig_994284.fasta,0.017946245000562272,6.695786783459892e-05,0.4660496405072874,CM
,235560,Contig_61283.fasta,0.015675840849548876,4.8516679659079004e-05,0.4609988562259276,CM
,235560,Contig_137216.fasta,0.02214212139925205,9.68844923017421e-05,0.47097517772452596,CM
,235560,Contig_369929.fasta,0.02268522829016022,0.00010454910786337007,0.47287906929693435,CM
,235560,Contig_424266.fasta,0.0,0.0,0.0,CM
,235560,Contig_422733.fasta,0.021674051317666202,9.286089064330362e-05,0.46932180448276484,CM
,235560,Contig_993468.fasta,0.023944055178949736,0.0001152687292653505,0.4724016547898198,CM
,235560,Contig_2702.fasta,0.023202941206358556,0.00010318524983070827,0.47168733777148847,CM
,235560,Contig_550843.fasta,0.009627785638240863,1.4917237795793601e-05,0.43669047043333326,CM
,235560,Contig_555666.fasta,0.0058310643332380035,5.6717704274015385e-06,0.41610834955030374,CM
,235560,Contig_552333.fasta,0.0009668267249724064,0.0,0.29400806727572515,CM
,235560,Contig_59941.fasta,0.01302794723088262,3.0528719675921934e-05,0.4512187454863226,CM
,235560,Contig_543660.fasta,0.013491423107647792,3.5443367249824206e-05,0.4567240986523344,CM
,235560,Contig_302582.fasta,0.0,0.0,0.0,CM
,235560,Contig_985007.fasta,0.0073288961759840595,8.412496996381605e-06,0.42829642020074743,CM
,235560,Contig_137152.fasta,0.009784545059004815,1.837876234497571e-05,0.44331012701972194,CM
,235560,Contig_551768.fasta,0.010396604775183022,2.2437597689643128e-05,0.4410121009135877,CM
,235560,Contig_54324.fasta,0.017413070893573912,5.962519250320551e-05,0.4637401774720679,CM
,235560,Contig_554908.fasta,0.019402389037621988,7.074232781376876e-05,0.4632810287815015,CM
,235560,Contig_988264.fasta,0.023697104933940755,0.00011150669793868414,0.4735970031065957,CM
,235560,Contig_57017.fasta,0.015506689718275705,4.546516866975595e-05,0.45694710846612946,CM
,235560,Contig_930599.fasta,0.006601107930991931,8.652808836720951e-06,0.42040776196704094,CM
,235560,Contig_368836.fasta,0.024365468720865226,0.00012141542432921871,0.4743171201919073,CM
,235560,Contig_501295.fasta,0.019574268402855595,7.939220855730001e-05,0.4674463926766399,CM
,235560,Contig_549348.fasta,0.023745555261738216,0.00011524491242129588,0.4735970031065957,CM
,235560,Contig_3936.fasta,0.025740950740937303,0.00013689438337827095,0.47649067115001686,CM
,235560,Contig_53793.fasta,0.017140807803226233,5.647365123332154e-05,0.46009227047130435,CM
,235560,Contig_421232.fasta,0.0,0.0,0.0,CM
,235560,Contig_368389.fasta,0.025273779661065924,0.00013109225182811996,0.47528068976060595,CM
,235560,Contig_58788.fasta,0.005105672333840079,4.0941853289368005e-06,0.4150011876446266,CM
,235560,Contig_991500.fasta,0.02807161262131664,0.00015574718185562317,0.4774631010911394,CM
,235560,Contig_555817.fasta,0.019920714112863724,7.833254461398078e-05,0.4674463926766399,CM
,235560,Contig_542483.fasta,0.008748684754261358,1.4033448585913401e-05,0.4399754010994984,CM
,235560,Contig_132900.fasta,0.013177923389364882,3.630492796444269e-05,0.45561230678609205,CM
,235560,Contig_543052.fasta,0.0012180525612813019,0.0,0.31841703917612557,CM
,235560,Contig_546119.fasta,0.008220248828125836,1.3759760248273387e-05,0.43669047043333326,CM
,235560,Contig_6086.fasta,0.007612402833886235,9.075151904082319e-06,0.43305306716271774,CM
,235560,Contig_369459.fasta,0.02187147462653947,8.860924433538049e-05,0.46791383906931655,CM
,235560,Contig_1064787.fasta,0.0038675221086870645,1.8933593833406236e-06,0.3977168202884119,CM
,235560,Contig_993918.fasta,0.006743644976523964,6.978751730078203e-06,0.4179668057787553,CM
,235560,Contig_420935.fasta,0.0082721358302145,1.2105970849530234e-05,0.43365508718194307,CM
,235560,Contig_209716.fasta,0.014082957243404052,3.843926607940364e-05,0.45694710846612946,CM
,235560,Contig_549952.fasta,0.0024698510842591074,4.294475555252345e-07,0.36427702535563766,CM
,235560,Contig_368269.fasta,0.003446499534458627,1.2140952013081756e-06,0.3793383373079177,CM
,235560,Contig_58668.fasta,0.0221523165552497,9.803978235678549e-05,0.470501597857533,CM
,235560,Contig_542949.fasta,0.0156576782037727,5.169775877548045e-05,0.4603185824587472,CM
,235560,Contig_425926.fasta,0.0,0.0,0.0,CM
,235560,Contig_439.fasta,0.012364489855946627,3.02198700034002e-05,0.4492691685735156,CM
,235560,Contig_428343.fasta,0.018207500673106527,6.772406729731574e-05,0.46466121059515053,CM
,235560,Contig_502497.fasta,0.005965373153321762,6.000112675442914e-06,0.4196536673267413,CM
,235560,Contig_793333.fasta,0.012882971439118733,3.382127315654689e-05,0.4542852806498219,CM
,235560,Contig_985040.fasta,0.02179689652095763,9.654926776096943e-05,0.47097517772452596,CM
,235560,Contig_544337.fasta,0.008098000086987222,9.928330592666981e-06,0.43026559914419915,CM
,235560,Contig_302538.fasta,0.0035623544371663975,2.038748149987812e-06,0.388310239891549,CM
,235560,Contig_371387.fasta,0.006160257312039852,5.756378636951544e-06,0.4192776335746564,CM
,235560,Contig_985429.fasta,0.015052351043385325,4.53052636062679e-05,0.45605637336190696,CM
,235560,Contig_57780.fasta,0.015332477116472752,4.3422282622216874e-05,0.4558342319233478,CM
,235560,Contig_5210.fasta,0.0024305032613269073,5.308010192239637e-07,0.36258337006533636,CM
,235560,Contig_139344.fasta,0.007365987729959521,1.025938736237979e-05,0.4320534063428592,CM
,235560,Contig_303250.fasta,0.010589207529354175,2.19266024281805e-05,0.4439410237849303,CM
,235560,Contig_547305.fasta,0.0012560019448669124,0.0,0.3211488257167581,CM
,235560,Contig_368294.fasta,0.017289790318363796,5.3924838662109595e-05,0.46077187500671246,CM
,235560,Contig_542526.fasta,0.003586515742445798,2.432704380049836e-06,0.39139593397684364,CM
,235560,Contig_59201.fasta,0.0010873446341870111,0.0,0.30773682280126047,CM
,235560,Contig_132437.fasta,0.012010617592126334,2.9393998233922458e-05,0.4520906657674556,CM
,235560,Contig_135127.fasta,0.017412823516870627,5.968323707226617e-05,0.46351048941982814,CM
,235560,Contig_498840.fasta,0.0171024491774597,5.512581288678801e-05,0.46009227047130435,CM
,235560,Contig_201012.fasta,0.006984155731506919,8.301294892302872e-06,0.42441164541434606,CM
,235560,Contig_502796.fasta,0.012131672399302547,2.5124914006900685e-05,0.4435202266059872,CM
,235560,Contig_371838.fasta,0.023209714119837292,0.00010896567980286101,0.4731181385938489,CM
,235560,Contig_369953.fasta,0.0236741191606125,0.0001111563367339031,0.4724016547898198,CM
,235560,Contig_53998.fasta,0.0023809891435309285,4.956182111770985e-07,0.36076625988382155,CM
,235560,Contig_549268.fasta,0.003539180495087406,1.7536251616938764e-06,0.38863275670209013,CM
,235560,Contig_627031.fasta,0.009359342388675074,1.8185888911710352e-05,0.4395620846118521,CM
,235560,Contig_60946.fasta,0.023013583630263474,0.00010755851477108587,0.47168733777148847,CM
,235560,Contig_368584.fasta,0.015838819228050558,5.37254013557242e-05,0.4591892434438828,CM
,235560,Contig_499387.fasta,0.0033351129395210377,2.4750547975392407e-06,0.38322181741958766,CM
,235560,Contig_368916.fasta,0.022442042621598667,9.88280498440798e-05,0.47097517772452596,CM
,235560,Contig_131739.fasta,0.007727098301210318,1.2233500203893142e-05,0.4312569945339323,CM
,235560,Contig_368678.fasta,0.02091258341887535,8.206638150266661e-05,0.4669798793106951,CM
,235560,Contig_55737.fasta,0.0024668296615834168,6.34994015552779e-07,0.364702914317472,CM
,235560,Contig_57441.fasta,0.012810226759856137,3.005358390939036e-05,0.4481933324418741,CM
,235560,Contig_139085.fasta,0.01926132663393511,7.629532826567141e-05,0.46721301954000655,CM
,235560,Contig_5194.fasta,0.0012180525612813019,0.0,0.31841703917612557,CM
,235560,Contig_500498.fasta,0.009671448246833825,1.564840797576379e-05,0.4389435638548935,CM
,235560,Contig_35.fasta,0.003547312642533811,1.8060198743183498e-06,0.38670565212340213,CM
,235560,Contig_1124667.fasta,0.021785019243380287,9.174289285428351e-05,0.4700289694317595,CM
,235560,Contig_800316.fasta,0.0011041630838570017,0.0,0.30713084284169123,CM
,235560,Contig_56028.fasta,0.020004135801024402,8.322690634054594e-05,0.46838222129060714,CM
,235560,Contig_551712.fasta,0.0025076511151600417,7.252472711296097e-07,0.3701849992636998,CM
,235560,Contig_502713.fasta,0.025189258725585327,0.00012485024656841843,0.47407683796283334,CM
,235560,Contig_59610.fasta,0.01391643610435699,3.814684557590171e-05,0.4547267629439422,CM
,235560,Contig_302604.fasta,0.015044537424871414,4.424406529302926e-05,0.457617446522559,CM
,235560,Contig_551757.fasta,0.003331940843047924,1.3689789047295625e-06,0.3788776024852766,CM
,235560,Contig_932201.fasta,0.004611370869311881,3.2658531922109688e-06,0.3968734852157053,CM
,235560,Contig_133865.fasta,0.0025634109513558998,5.283842016673116e-07,0.3690172232407859,CM
,235560,Contig_986463.fasta,0.017605498065406167,6.503598918958811e-05,0.464200237171941,CM
,235560,Contig_545427.fasta,0.00686046164180458,8.135153897641344e-06,0.42345143807177965,CM
,235560,Contig_62172.fasta,0.014061539394197624,3.4087240725439766e-05,0.45406486081447506,CM
,235560,Contig_55436.fasta,0.003399030978144949,1.6234651062427686e-06,0.37750208880138486,CM
,235560,Contig_548295.fasta,0.0036290190579357394,1.5269503322207075e-06,0.3894413974775835,CM
,235560,Contig_550839.fasta,0.0,0.0,0.0,CM
,235560,Contig_370302.fasta,0.01740591467888628,5.8171209065372296e-05,0.4619090217860973,CM
,235560,Contig_372074.fasta,0.023587416375901074,0.0001101115882186768,0.4726402414841581,CM
,235560,Contig_553798.fasta,0.022474920348318432,9.869806793483439e-05,0.4714497119086313,CM
,235560,Contig_500799.fasta,0.007349422170296769,1.0986190763818912e-05,0.4324527163302371,CM
,235560,Contig_54243.fasta,0.02710478589634423,0.00014421302938042775,0.47624818225884635,CM
,235560,Contig_543869.fasta,0.0,0.0,0.0,CM
,235560,Contig_137718.fasta,0.026442562867614247,0.0001383499654055609,0.4750394305272249,CM
,235560,Contig_53716.fasta,0.010493244867691891,1.7577968514608412e-05,0.4410121009135877,CM
,235560,Contig_369798.fasta,0.012157022040380045,2.52494955911446e-05,0.45035018197239324,CM
,235560,Contig_985160.fasta,0.013919476973271063,3.6659775314568585e-05,0.45450591458894274,CM
,235560,Contig_56618.fasta,0.016773648067993193,5.0876588048044644e-05,0.46122606118217496,CM
,235560,Contig_369421.fasta,0.0025076511151600417,7.252472711296097e-07,0.3701849992636998,CM
,235560,Contig_136070.fasta,0.018591413403328767,6.142189124996113e-05,0.46259400797757444,CM
,235560,Contig_547124.fasta,0.0045097084241649925,3.481550206980738e-06,0.39992635817890304,CM
,235560,Contig_555395.fasta,0.0024429105209687733,9.420000273845958e-07,0.36843609375536734,CM
,235560,Contig_2620.fasta,0.022488551522369244,0.0001020852993303711,0.47168733777148847,CM
,235560,Contig_990679.fasta,0.0034171271214448193,1.358560297056866e-06,0.3788776024852766,CM
,235560,Contig_137371.fasta,0.01893184217939935,7.287295002378681e-05,0.466746971640216,CM
,235560,Contig_200971.fasta,0.00460782059368721,4.030519853863277e-06,0.4009544465032704,CM
,235560,Contig_55880.fasta,0.02456958073067344,0.0001236523576241404,0.4745576461149255,CM
,235560,Contig_53941.fasta,0.016069477207541184,4.716732101311601e-05,0.4578413298134213,CM
,235560,Contig_54457.fasta,0.004796917025934023,2.7070869030729117e-06,0.40407067277143055,CM
,235560,Contig_543587.fasta,0.0013555658867817624,0.0,0.3311492137787095,CM
,235560,Contig_132047.fasta,0.0010873446341870111,0.0,0.30773682280126047,CM
,235560,Contig_133002.fasta,0.019662013072162015,7.545798033261826e-05,0.46512310046651745,CM
,235560,Contig_368235.fasta,0.015077431198405355,4.261654466485418e-05,0.45694710846612946,CM
,235560,Contig_212696.fasta,0.016691978068984693,5.600383975951478e-05,0.4619090217860973,CM
,235560,Contig_428432.fasta,0.027793236040681096,0.0001564530785293673,0.47770682906515216,CM
,235560,Contig_545097.fasta,0.0010873446341870111,0.0,0.30773682280126047,CM
,235560,Contig_550773.fasta,0.004391125093010692,3.707495406935875e-06,0.3992438899908844,CM
,235560,Contig_134557.fasta,0.018800259274867042,6.66089648378647e-05,0.46466121059515053,CM
,235560,Contig_370062.fasta,0.012994525994835835,3.362424263085507e-05,0.453185316289895,CM
,235560,Contig_420336.fasta,0.006064116786506723,6.471556487865947e-06,0.42003037618430566,CM
,235560,Contig_60298.fasta,0.01868174255939086,7.275075457054969e-05,0.4674463926766399,CM
,235560,Contig_424515.fasta,0.001248777100302115,0.0,0.31841703917612557,CM
,235560,Contig_498859.fasta,0.01068935079546229,2.2329822279484424e-05,0.4462697559077888,CM
,235560,Contig_987746.fasta,0.004617465878279535,3.621925928476723e-06,0.3987335654617099,CM
,235560,Contig_553390.fasta,0.021588572100756088,9.660421035996434e-05,0.4714497119086313,CM
,235560,Contig_54838.fasta,0.02398970778189657,0.00011146535173147488,0.4714497119086313,CM
,235560,Contig_808772.fasta,0.026647329135343987,0.0001409838295205569,0.47600594005016944,CM
,235560,concatenated_maxbin2.1689.fasta,0.12314435827663732,0.026104576725609605,0.43709840174620884,CM
,235560,concatenated_maxbin2.0347.fasta,0.1564252678789778,0.05406741418953697,0.4964603067048452,CM
,235560,concatenated_maxbin2.0432.fasta,0.1545180522983069,0.051881900846982236,0.4917644131049044,CM
,235560,concatenated_maxbin2.0512.fasta,0.1370253175992776,0.03769600647794036,0.46054511719420915,CM
,235560,concatenated_maxbin2.0082.fasta,0.134794529875409,0.03222236546951921,0.4551691041530317,CM
,235560,concatenated_metabat2.783.fasta,0.10257417074321998,0.016264444021524518,0.4081237148445849,CM
,235560,concatenated_bin.308.fasta,0.1441564739695559,0.03901102391180186,0.4712123253467438,CM
,235560,concatenated_maxbin2.0325.fasta,0.11584394384078558,0.022297093194216945,0.42518295235739806,CM
,235560,concatenated_metabat2.665.fasta,0.14472245358431698,0.0390165121071209,0.4714497119086313,CM
,235560,concatenated_maxbin2.0610.fasta,0.14224251145813238,0.037813083378522926,0.46838222129060714,CM
,235560,concatenated_maxbin2.0126.fasta,0.14594550280788246,0.04553578348773496,0.4781950322629704,CM
,235560,concatenated_maxbin2.0342.fasta,0.1184232032042689,0.026051175640776147,0.4312569945339323,CM
,235560,concatenated_bin.737.fasta,0.15177792969329446,0.04512552783775896,0.4869030583447623,CM
,235560,concatenated_bin.182.fasta,0.11371466819835056,0.018530897911052398,0.42135419997236967,CM
,235560,concatenated_maxbin2.0908.fasta,0.15710557941489423,0.05025493661338146,0.4954090408356978,CM
,235560,concatenated_maxbin2.1011.fasta,0.14886941162824824,0.0435849352727201,0.48040435222722433,CM
,235560,concatenated_metabat2.358.fasta,0.13122389352495642,0.03086186766621928,0.44797878321619583,CM
,235560,concatenated_maxbin2.0541.fasta,0.1496268778474097,0.042834435452751916,0.4781950322629704,CM
,235560,concatenated_bin.204.fasta,0.12273745015386153,0.02603833833011526,0.43669047043333326,CM
,235560,concatenated_metabat2.164.fasta,0.1276220361508463,0.03133195655121213,0.44584453460630447,CM
,235560,concatenated_maxbin2.0329.fasta,0.132299411025331,0.0357845653346907,0.453185316289895,CM
,235560,concatenated_bin.240.fasta,0.1302842458579478,0.04175640136632781,0.45450591458894274,CM
,235560,concatenated_metabat2.793.fasta,0.15049254949922167,0.046923813032321036,0.4843828561794167,CM
,235560,concatenated_maxbin2.0177.fasta,0.1392430123781073,0.03667197892256873,0.4630517952195117,CM
,235560,concatenated_metabat2.147.fasta,0.1472671344561225,0.046821359729149525,0.4779508059952161,CM
,235560,concatenated_maxbin2.0272.fasta,0.16242217390640815,0.05688955033726358,0.5074987408560917,CM
