Method,Number of Swaps,Node,Eigenvector Centrality,Betweenness Centrality,Closeness Centrality,Methods
,235560,Contig_60400.fasta,0.021807440275889406,9.112692331402048e-05,0.46791383906931655,CM
,235560,Contig_303000.fasta,0.014534925645053145,3.9041584304080036e-05,0.4571703361693371,CM
,235560,Contig_58480.fasta,0.003814655603901349,2.1621945358170298e-06,0.39436480326111806,CM
,235560,Contig_547953.fasta,0.020295709850217284,7.87069101910675e-05,0.4674463926766399,CM
,235560,Contig_501261.fasta,0.014493655566556213,4.0807560236330686e-05,0.457617446522559,CM
,235560,Contig_59812.fasta,0.01987454402401938,7.309269302132931e-05,0.46489204080408997,CM
,235560,Contig_137842.fasta,0.026616288549981403,0.00014030629748938697,0.47576394414775447,CM
,235560,Contig_305555.fasta,0.01987505354568327,7.499991727819126e-05,0.4665142961807742,CM
,235560,Contig_1064437.fasta,0.019677902161036147,7.518511123694777e-05,0.46581765960111154,CM
,235560,Contig_302768.fasta,0.004840382759191637,3.162095829904599e-06,0.4045947592471392,CM
,235560,Contig_308773.fasta,0.010727579039310842,2.1523400540790335e-05,0.44478501812672677,CM
,235560,Contig_548846.fasta,0.001294235827672133,0.0,0.3243770114865279,CM
,235560,Contig_367992.fasta,0.005007940728603397,4.036623401136344e-06,0.4131689528205886,CM
,235560,Contig_2515.fasta,0.020073845846911367,7.792015819459459e-05,0.4674463926766399,CM
,235560,Contig_139114.fasta,0.024707620653868514,0.0001243859496387425,0.47528068976060595,CM
,235560,Contig_1118110.fasta,0.02091985062562137,8.535033001626963e-05,0.4688515421536238,CM
,235560,Contig_499911.fasta,0.023483266990484815,0.00011115821037421942,0.473357449741342,CM
,235560,Contig_552124.fasta,0.0,0.0,0.0,CM
,235560,Contig_133566.fasta,0.016113797974903976,5.425430579410481e-05,0.4621371250067324,CM
,235560,Contig_131655.fasta,0.005035561408219715,3.805807303744153e-06,0.4117147726082856,CM
,235560,Contig_550217.fasta,0.006905683073594957,7.797963066030715e-06,0.42173396941804103,CM
,235560,Contig_1065858.fasta,0.01974228589290711,7.575335158159412e-05,0.4662818525852681,CM
,235560,Contig_502682.fasta,0.004428221406872126,2.889344256693002e-06,0.3948639992146131,CM
,235560,Contig_59781.fasta,0.009523553454065657,1.6429386940125362e-05,0.43935571743597795,CM
,235560,Contig_544167.fasta,0.01994965394811554,7.708872536558645e-05,0.4665142961807742,CM
,235560,Contig_500923.fasta,0.004898070077027483,3.415216005362051e-06,0.409552594371393,CM
,235560,Contig_53423.fasta,0.008309144916269386,1.2906448818641335e-05,0.43225296911715155,CM
,235560,Contig_54970.fasta,0.0096165310712518,1.726293400340601e-05,0.44018235095890546,CM
,235560,Contig_371293.fasta,0.025702039538567638,0.00013280892945242994,0.47528068976060595,CM
,235560,Contig_368039.fasta,0.011493002880781889,2.2208342378521525e-05,0.44247171543197783,CM
,235560,Contig_139681.fasta,0.008223552517040595,1.1714166895294542e-05,0.4304635134032351,CM
,235560,Contig_139250.fasta,0.007205529687567923,7.978118052599687e-06,0.4286888127066574,CM
,235560,Contig_55970.fasta,0.020458470168179452,8.528617491720114e-05,0.46767999906978164,CM
,235560,Contig_370642.fasta,0.007156501101313274,9.388098854527505e-06,0.4253762173357423,CM
,235560,Contig_424505.fasta,0.015215381269828852,4.487753883684212e-05,0.457617446522559,CM
,235560,Contig_1064106.fasta,0.008052010866240099,1.1407968302453711e-05,0.42888527870698123,CM
,235560,Contig_53687.fasta,0.002302839899828184,4.4064512123713746e-07,0.3550180873060065,CM
,235560,Contig_988292.fasta,0.010766423225610269,2.2682410296584584e-05,0.4471226364733077,CM
,235560,Contig_2.fasta,0.004679449158902727,2.7320026485717885e-06,0.4037220354351308,CM
,235560,Contig_55746.fasta,0.0034048770109836755,1.400512557456285e-06,0.3785710672081849,CM
,235560,Contig_370874.fasta,0.01583607885915915,4.6484416126579515e-05,0.4582897542304766,CM
,235560,Contig_62202.fasta,0.020739648633031103,8.698743733912309e-05,0.46932180448276484,CM
,235560,Contig_131826.fasta,0.019922670185884634,7.717020942118994e-05,0.4660496405072874,CM
,235560,Contig_60972.fasta,0.018701463714671258,6.705982245153283e-05,0.4639700932764666,CM
,235560,Contig_502426.fasta,0.010963404698889088,2.265374873615835e-05,0.4475503004010679,CM
,235560,Contig_302574.fasta,0.009498028732152943,1.4792939482021778e-05,0.4389435638548935,CM
,235560,Contig_369922.fasta,0.027957723148770264,0.00015502242689584565,0.4774631010911394,CM
,235560,Contig_56774.fasta,0.0022415096634486897,4.4996955430666666e-07,0.353943902473008,CM
,235560,Contig_53586.fasta,0.018600998505881865,6.985873961465845e-05,0.46558590952170803,CM
,235560,Contig_305448.fasta,0.020461856679542114,8.607689588643541e-05,0.46979301111377164,CM
,235560,Contig_423780.fasta,0.0212199321451219,8.5855418290284e-05,0.4688515421536238,CM
,235560,Contig_368225.fasta,0.021891840915459176,9.006742530367595e-05,0.4688515421536238,CM
,235560,Contig_498426.fasta,0.024592607593273783,0.0001195080917906943,0.4745576461149255,CM
,235560,Contig_543905.fasta,0.006178230437468529,6.477622015672111e-06,0.4232599177470073,CM
,235560,Contig_799449.fasta,0.015530965945749436,4.505792789921877e-05,0.45694710846612946,CM
,235560,Contig_307703.fasta,0.02211178535075985,9.84714919792755e-05,0.4712123253467438,CM
,235560,Contig_135212.fasta,0.024350434959014088,0.00011778118372675637,0.4726402414841581,CM
,235560,Contig_542656.fasta,0.01856705927908753,6.93417386683524e-05,0.46581765960111154,CM
,235560,Contig_368570.fasta,0.007030389894463532,8.734183093604888e-06,0.4249898629149106,CM
,235560,Contig_58171.fasta,0.019671320996416632,7.25557289183545e-05,0.4660496405072874,CM
,235560,Contig_989217.fasta,0.021003109206325664,8.813141458343513e-05,0.46955728958285653,CM
,235560,Contig_24573992.fasta,0.0012386774109533901,0.0,0.31841703917612557,CM
,235560,Contig_422441.fasta,0.0011849538810030386,0.0,0.31541209239589924,CM
,235560,Contig_58619.fasta,0.011130137523994154,2.27208482624324e-05,0.4492691685735156,CM
,235560,Contig_55786.fasta,0.022142663488131573,9.517647280414567e-05,0.46979301111377164,CM
,235560,Contig_84.fasta,0.009685063777468684,1.65276830529546e-05,0.4410121009135877,CM
,235560,Contig_302648.fasta,0.00584458933353147,4.4454510160241525e-06,0.41573863977726927,CM
,235560,Contig_56021.fasta,0.004901407390144287,3.7332824030357e-06,0.4093734375059637,CM
,235560,Contig_500040.fasta,0.024213178260080334,0.0001218248332526406,0.4750394305272249,CM
,235560,Contig_1066208.fasta,0.016715605822939825,5.283993558753319e-05,0.46077187500671246,CM
,235560,Contig_56448.fasta,0.005925018971514956,5.925716532027373e-06,0.41573863977726927,CM
,235560,Contig_211575.fasta,0.0025004379513697103,6.499140137631591e-07,0.3697462181503884,CM
,235560,Contig_58270.fasta,0.02771270077450757,0.00015490887579410644,0.47770682906515216,CM
,235560,Contig_501846.fasta,0.0236652588968612,0.00011825373457662659,0.4755221941761347,CM
,235560,Contig_542512.fasta,0.011195025292908152,2.3215429115449497e-05,0.44247171543197783,CM
,235560,Contig_134156.fasta,0.01704410491342857,5.898180704349569e-05,0.4616811436303074,CM
,235560,Contig_24575311.fasta,0.005094490980349659,3.854715985029105e-06,0.41225888904785596,CM
,235560,Contig_56365.fasta,0.02491733911260371,0.00011863163007144631,0.4735970031065957,CM
,235560,Contig_24577067.fasta,0.015403070151924093,4.223324127974196e-05,0.4573937820814434,CM
,235560,Contig_302549.fasta,0.020749041924820525,8.492804483665525e-05,0.4681479130258295,CM
,235560,Contig_61598.fasta,0.0173570233957214,5.772317238500089e-05,0.46077187500671246,CM
,235560,Contig_57982.fasta,0.019592360763936143,7.355122383042338e-05,0.46581765960111154,CM
,235560,Contig_367952.fasta,0.01696382019706069,5.636339296051348e-05,0.46122606118217496,CM
,235560,Contig_548080.fasta,0.010074817254626021,1.984107902187584e-05,0.4389435638548935,CM
,235560,Contig_55623.fasta,0.01741118805552929,5.950686086374348e-05,0.4619090217860973,CM
,235560,Contig_56982.fasta,0.024498573307104754,0.00011480796252668994,0.471925203297344,CM
,235560,Contig_1066315.fasta,0.0106471063339263,1.8966145795838213e-05,0.4418449849568617,CM
,235560,Contig_369802.fasta,0.022963434410450168,0.00010005843428759193,0.470501597857533,CM
,235560,Contig_132276.fasta,0.020344363461132414,7.547117226422953e-05,0.466746971640216,CM
,235560,Contig_985545.fasta,0.020941086423879422,8.629841360075943e-05,0.4688515421536238,CM
,235560,Contig_56278.fasta,0.0,0.0,0.0,CM
,235560,Contig_61852.fasta,0.01925140465291995,7.298608533835053e-05,0.46489204080408997,CM
,235560,Contig_985500.fasta,0.018576584749521893,6.309817218716697e-05,0.4630517952195117,CM
,235560,Contig_499607.fasta,0.015414634125635329,4.491427792668608e-05,0.4571703361693371,CM
,235560,Contig_2240.fasta,0.021692205977512716,9.142712958604333e-05,0.46861676421564,CM
,235560,Contig_370216.fasta,0.01078522200193384,2.0824288969813494e-05,0.4441517219452459,CM
,235560,Contig_309063.fasta,0.02320329966672088,9.840271201053503e-05,0.46955728958285653,CM
,235560,Contig_57285.fasta,0.01191850778679857,2.5094565524326174e-05,0.44776443930078136,CM
,235560,Contig_3691.fasta,0.008079694342556308,1.1851891583451923e-05,0.43026559914419915,CM
,235560,Contig_59029.fasta,0.02291480156088394,0.00010595298680372956,0.4714497119086313,CM
,235560,Contig_3240.fasta,0.012960411446048412,2.9142602930825082e-05,0.4492691685735156,CM
,235560,Contig_56285.fasta,0.02236285296794947,0.00010341003908994905,0.47287906929693435,CM
,235560,Contig_371253.fasta,0.02761596223514847,0.00015532392519151118,0.4779508059952161,CM
,235560,Contig_1263041.fasta,0.0069688467073625825,7.116206973908419e-06,0.42479694876923885,CM
,235560,Contig_138129.fasta,0.021824009477794074,9.341561323784833e-05,0.46908655545796146,CM
,235560,Contig_302755.fasta,0.010502103394115208,1.930645224714869e-05,0.44163646915461685,CM
,235560,Contig_544576.fasta,0.011586880582608483,2.630011640441341e-05,0.44797878321619583,CM
,235560,Contig_278.fasta,0.0011231193805695647,0.0,0.3080407103813802,CM
,235560,Contig_131695.fasta,0.021910122558102648,9.916422274630422e-05,0.47073826868140495,CM
,235560,Contig_548245.fasta,0.0024921127821782747,5.617834676080879e-07,0.3648450986895256,CM
,235560,Contig_1065632.fasta,0.0061164758961388494,7.094838661053206e-06,0.42040776196704094,CM
,235560,Contig_55072.fasta,0.0213812059435217,9.371546994096171e-05,0.47097517772452596,CM
,235560,Contig_204149.fasta,0.009491103043223268,1.4901604326852827e-05,0.4375070959039893,CM
,235560,Contig_369610.fasta,0.00485529466886731,3.642694889853365e-06,0.41153371949807965,CM
,235560,Contig_498487.fasta,0.015362610541798952,4.5171249722024585e-05,0.45806543227539553,CM
,235560,Contig_201047.fasta,0.00808655835579313,1.1811121675750048e-05,0.4316548330897754,CM
,235560,Contig_136690.fasta,0.011620788792449656,2.349885967568855e-05,0.4456322276850634,CM
,235560,Contig_550313.fasta,0.019161442018523517,6.967411910326597e-05,0.4644306094980809,CM
,235560,Contig_60291.fasta,0.010635383227948289,2.3349996790394782e-05,0.4488382149345962,CM
,235560,Contig_370828.fasta,0.017687970914618035,6.328450685019304e-05,0.464200237171941,CM
,235560,Contig_139853.fasta,0.002396101599159562,6.453576868993881e-07,0.36034951025746365,CM
,235560,Contig_57005.fasta,0.004863649061499955,3.515156512663615e-06,0.40741300746131176,CM
,235560,Contig_1062860.fasta,0.006978163340791058,9.767591078528797e-06,0.42479694876923885,CM
,235560,Contig_543959.fasta,0.0,0.0,0.0,CM
,235560,Contig_53626.fasta,0.017627684135000467,6.245164246319103e-05,0.4632810287815015,CM
,235560,Contig_54373.fasta,0.0220819246681394,9.406662520565609e-05,0.46908655545796146,CM
,235560,Contig_549101.fasta,0.0,0.0,0.0,CM
,235560,Contig_371402.fasta,0.02313198815429687,0.00010277767433614615,0.4712123253467438,CM
,235560,Contig_421838.fasta,0.003587063229794571,1.802132527458937e-06,0.3905791644985948,CM
,235560,Contig_1128005.fasta,0.0,0.0,0.0,CM
,235560,Contig_368554.fasta,0.019639860452243335,7.94782245526118e-05,0.46767999906978164,CM
,235560,Contig_58584.fasta,0.01837255465942804,6.460294899187955e-05,0.4621371250067324,CM
,235560,Contig_368185.fasta,0.016059546837703678,4.810441667891854e-05,0.4573937820814434,CM
,235560,Contig_707918.fasta,0.0162510918264819,5.010940673203694e-05,0.4585142960012901,CM
,235560,Contig_992623.fasta,0.021125852271087608,9.344828240056982e-05,0.47097517772452596,CM
,235560,Contig_1062938.fasta,0.016516625127574076,5.136641355129315e-05,0.4596403134276194,CM
,235560,Contig_133910.fasta,0.007148300565238769,8.42349213089573e-06,0.4304635134032351,CM
,235560,Contig_136735.fasta,0.017955185224747237,5.964970565707093e-05,0.4630517952195117,CM
,235560,Contig_133582.fasta,0.02892902566267295,0.0001701505300356777,0.47917443837103585,CM
,235560,Contig_303771.fasta,0.025567574259216023,0.00012839911932239508,0.4743171201919073,CM
,235560,Contig_542493.fasta,0.017429433525613373,5.7181174061623154e-05,0.46009227047130435,CM
,235560,Contig_370277.fasta,0.019999841882571995,7.56895857491849e-05,0.4660496405072874,CM
,235560,Contig_422210.fasta,0.01724251103218278,5.990725589658041e-05,0.46282278839695007,CM
,235560,Contig_53810.fasta,0.013121573570544042,3.3251733736064654e-05,0.45384465477140307,CM
,235560,Contig_54994.fasta,0.028900481672359007,0.0001676256465913043,0.478439508250835,CM
,235560,Contig_54506.fasta,0.01816139515204148,6.319159019182212e-05,0.46466121059515053,CM
,235560,Contig_24570062.fasta,0.0037581796768971394,1.9269951124914625e-06,0.3941986849783627,CM
,235560,Contig_502567.fasta,0.019831450557640136,8.176684820481906e-05,0.4681479130258295,CM
,235560,Contig_985561.fasta,0.017220515974458738,5.5977342824226096e-05,0.4596403134276194,CM
,235560,Contig_54969.fasta,0.0013130634275244754,0.0,0.32641356056457377,CM
,235560,Contig_135393.fasta,0.026312434822330623,0.00013524483020528396,0.4745576461149255,CM
,235560,Contig_132217.fasta,0.016391853837546082,5.077737009303817e-05,0.4596403134276194,CM
,235560,Contig_61833.fasta,0.02119383225739098,8.941081809799568e-05,0.4700289694317595,CM
,235560,Contig_499666.fasta,0.0,0.0,0.0,CM
,235560,Contig_62792.fasta,0.009641831440706964,1.6199957118581505e-05,0.4395620846118521,CM
,235560,Contig_1065841.fasta,0.02790616250097428,0.0001585455589220905,0.4781950322629704,CM
,235560,Contig_134869.fasta,0.008175464532649123,1.2625734957197607e-05,0.43185402775202264,CM
,235560,Contig_555468.fasta,0.00834128194151789,1.1164989777409406e-05,0.4304635134032351,CM
,235560,Contig_367976.fasta,0.0,0.0,0.0,CM
,235560,Contig_55642.fasta,0.003015571352980125,1.2900239542007271e-06,0.36427702535563766,CM
,235560,Contig_58349.fasta,0.010834824547195993,2.276684865071809e-05,0.44669578908765306,CM
,235560,Contig_136319.fasta,0.017387629384137206,5.9612133482574574e-05,0.4623654536258069,CM
,235560,Contig_131609.fasta,0.0196989544294406,7.744859893188146e-05,0.46767999906978164,CM
,235560,Contig_420267.fasta,0.020156922214503666,7.898297823025208e-05,0.4674463926766399,CM
,235560,Contig_368748.fasta,0.021356810986728474,9.450301346609623e-05,0.47073826868140495,CM
,235560,Contig_1065496.fasta,0.024632179151907456,0.00012214450451295518,0.4743171201919073,CM
,235560,Contig_2120.fasta,0.007993465362860531,1.1767603571607156e-05,0.429475758668487,CM
,235560,Contig_368399.fasta,0.01606674958458853,5.270096322607745e-05,0.4589640402837828,CM
,235560,Contig_367933.fasta,0.008211561583071582,1.1683003127560265e-05,0.4304635134032351,CM
,235560,Contig_24566365.fasta,0.0013494650171697454,0.0,0.3311492137787095,CM
,235560,Contig_985209.fasta,0.011211100669706058,2.4245467909588594e-05,0.4452082198566285,CM
,235560,Contig_371176.fasta,0.0233598785057625,0.00010749569636242332,0.4726402414841581,CM
,235560,Contig_138521.fasta,0.003539422488370763,1.7623936186705977e-06,0.384955852792527,CM
,235560,Contig_54607.fasta,0.0244593259532359,0.00011622791504085613,0.473357449741342,CM
,235560,Contig_1063557.fasta,0.012010978807386769,2.6273426529746964e-05,0.4499171529512659,CM
,235560,Contig_137319.fasta,0.017450932433907464,5.729118714704763e-05,0.4616811436303074,CM
,235560,Contig_53407.fasta,0.009591647717543606,1.7046288517099523e-05,0.441428150065393,CM
,235560,Contig_1062202.fasta,0.017630883745223633,6.317680547838257e-05,0.46466121059515053,CM
,235560,Contig_422644.fasta,0.021724906513451513,9.341503542961067e-05,0.4688515421536238,CM
,235560,Contig_991144.fasta,0.02522131343488213,0.00012529140058756272,0.4743171201919073,CM
,235560,Contig_500942.fasta,0.01771734185730736,5.9821526104350374e-05,0.4616811436303074,CM
,235560,Contig_553943.fasta,0.007303854607557963,9.020168945916952e-06,0.4290819248686993,CM
,235560,Contig_137361.fasta,0.02286591740543123,0.00010875812996329442,0.47287906929693435,CM
,235560,Contig_551233.fasta,0.0011509729341999649,0.0,0.3116309284510933,CM
,235560,Contig_54682.fasta,0.0,0.0,0.0,CM
,235560,Contig_53743.fasta,0.012965344758124006,3.153067772688234e-05,0.4534048828191052,CM
,235560,Contig_138130.fasta,0.008173328693501002,1.1533715396866903e-05,0.43185402775202264,CM
,235560,Contig_59389.fasta,0.0033929747558826815,1.4301635222175874e-06,0.3799543963210041,CM
,235560,Contig_1194793.fasta,0.015785614810875565,5.038342025736431e-05,0.46145349020642656,CM
,235560,Contig_62383.fasta,0.02693837219388937,0.00014657696769752152,0.4772196216923167,CM
,235560,Contig_58030.fasta,0.01771288323505752,6.250129443057476e-05,0.46351048941982814,CM
,235560,Contig_930757.fasta,0.011574498887253096,2.5396256044655864e-05,0.44584453460630447,CM
,235560,Contig_368431.fasta,0.025432807663777056,0.00012533644679922173,0.47383679905753573,CM
,235560,Contig_990245.fasta,0.02647281194537554,0.00014114747750059706,0.47649067115001686,CM
,235560,Contig_985135.fasta,0.01743575394074026,5.7406682430790824e-05,0.46259400797757444,CM
,235560,Contig_368201.fasta,0.0011255291424727453,0.0,0.30773682280126047,CM
,235560,Contig_136281.fasta,0.022174558850022518,9.867325341700215e-05,0.4712123253467438,CM
,235560,Contig_547390.fasta,0.017696578881998756,6.319169515851625e-05,0.4639700932764666,CM
,235560,Contig_369244.fasta,0.013310940142876544,3.333428277724545e-05,0.45362466220971065,CM
,235560,Contig_4654.fasta,0.02004633510686429,8.259970372682936e-05,0.4681479130258295,CM
,235560,Contig_57750.fasta,0.009336287920371307,1.5380617523870684e-05,0.4385321828203529,CM
,235560,Contig_370786.fasta,0.0032648493236906305,1.122184195172124e-06,0.3740318457788302,CM
,235560,Contig_552788.fasta,0.003679123582586574,1.8417541958319067e-06,0.38976579680909335,CM
,235560,Contig_372448.fasta,0.023389194105979304,0.00010725962330432199,0.4724016547898198,CM
,235560,Contig_499703.fasta,0.009318469578779274,1.5863590416084408e-05,0.4377117297187245,CM
,235560,Contig_62226.fasta,0.02515548515431192,0.00012796016292495195,0.4743171201919073,CM
,235560,Contig_368906.fasta,0.009250597336024775,1.6713158378247638e-05,0.4375070959039893,CM
,235560,Contig_543263.fasta,0.02095637494564451,8.151167402656278e-05,0.46721301954000655,CM
,235560,Contig_551403.fasta,0.0,0.0,0.0,CM
,235560,Contig_423759.fasta,0.0026437008448418784,8.566821969117611e-07,0.37613652658305186,CM
,235560,Contig_310330.fasta,0.02001185947320515,8.19906460828866e-05,0.46861676421564,CM
,235560,Contig_61150.fasta,0.022025674657387192,9.754386364941591e-05,0.47168733777148847,CM
,235560,Contig_500731.fasta,0.02228819830688647,0.00010157527632730056,0.471925203297344,CM
,235560,Contig_710339.fasta,0.024434198931186056,0.00011242312557389944,0.47168733777148847,CM
,235560,Contig_137986.fasta,0.0036738953655468865,1.690849342695359e-06,0.38960352961641675,CM
,235560,Contig_56080.fasta,0.01845729819439088,6.404766785633534e-05,0.4619090217860973,CM
,235560,Contig_549184.fasta,0.017392150308017707,5.971853730856894e-05,0.4623654536258069,CM
,235560,Contig_54762.fasta,0.0025517408384778655,6.27869114289231e-07,0.36641647538709204,CM
,235560,Contig_25.fasta,0.019964871028909842,7.937706938933852e-05,0.4669798793106951,CM
,235560,Contig_1197505.fasta,0.013606103106165227,3.2402721919151716e-05,0.4510012906692208,CM
,235560,Contig_57080.fasta,0.009516224760852563,1.7506198991749437e-05,0.43914954394116995,CM
,235560,Contig_370487.fasta,0.017932847143589496,5.997440982366768e-05,0.46351048941982814,CM
,235560,Contig_24576382.fasta,0.0258059554702318,0.0001287838163770112,0.4743171201919073,CM
,235560,Contig_1067254.fasta,0.002396101599159562,6.453576868993881e-07,0.36034951025746365,CM
,235560,Contig_131537.fasta,0.012858514642784995,3.0247729382096042e-05,0.45035018197239324,CM
,235560,Contig_370248.fasta,0.01580235324118077,4.953829026371805e-05,0.4609988562259276,CM
,235560,Contig_555756.fasta,0.02092045423878657,8.729155254925478e-05,0.4688515421536238,CM
,235560,Contig_928928.fasta,0.022274691679037197,9.891055563602386e-05,0.4712123253467438,CM
,235560,Contig_307640.fasta,0.0218718447987246,0.00010018084238280318,0.47097517772452596,CM
,235560,Contig_554387.fasta,0.0011231193805695647,0.0,0.3080407103813802,CM
,235560,Contig_621002.fasta,0.012656736743481039,3.1413691541439576e-05,0.4505670092145561,CM
,235560,Contig_1271583.fasta,0.023431835742390716,0.00010867287342107522,0.4724016547898198,CM
,235560,Contig_54680.fasta,0.015299136187542523,4.571789847558945e-05,0.4582897542304766,CM
,235560,Contig_53390.fasta,0.022990973114919166,0.00010039646537543879,0.46955728958285653,CM
,235560,Contig_56162.fasta,0.020937590018788036,8.502621897181592e-05,0.46791383906931655,CM
,235560,Contig_2576.fasta,0.006920276828489385,8.788021386883387e-06,0.4224955657510759,CM
,235560,Contig_795410.fasta,0.013772377794290169,3.5729810523710306e-05,0.45384465477140307,CM
,235560,Contig_552102.fasta,0.0024749998059170595,5.636598088565322e-07,0.3651298002881908,CM
,235560,Contig_542414.fasta,0.006868529301000629,8.617281651271506e-06,0.4196536673267413,CM
,235560,Contig_58376.fasta,0.01688773945135547,5.112335757198573e-05,0.46077187500671246,CM
,235560,Contig_1062568.fasta,0.020028920770860565,7.551355940127815e-05,0.4660496405072874,CM
,235560,Contig_991597.fasta,0.0076689629842116025,1.020417482914303e-05,0.42576327485834076,CM
,235560,Contig_542451.fasta,0.017657882477155953,6.342157677043324e-05,0.46351048941982814,CM
,235560,Contig_369777.fasta,0.0025416728844141903,6.501873417478158e-07,0.36800144637775584,CM
,235560,Contig_543886.fasta,0.022470542135530798,0.00010174643539327793,0.4724016547898198,CM
,235560,Contig_371149.fasta,0.02445630125772942,0.00011645895883184045,0.4735970031065957,CM
,235560,Contig_987903.fasta,0.022081930046709074,9.20870657083681e-05,0.46861676421564,CM
,235560,Contig_135856.fasta,0.015329985805395834,4.202768762100763e-05,0.45694710846612946,CM
,235560,Contig_985989.fasta,0.02433292674687992,0.00012026138597317194,0.47383679905753573,CM
,235560,Contig_1993.fasta,0.004957652918676224,3.969983863641805e-06,0.40776805147652856,CM
,235560,Contig_1061935.fasta,0.008507958315741875,1.2457526729168962e-05,0.43526868750634096,CM
,235560,Contig_24577161.fasta,0.026720070054654828,0.00014375534692328656,0.47649067115001686,CM
,235560,Contig_308454.fasta,0.025428334833080407,0.00012709142613958753,0.4745576461149255,CM
,235560,Contig_1066423.fasta,0.0222662318850513,0.00010195670828386653,0.471925203297344,CM
,235560,Contig_498288.fasta,0.019626296283910882,7.822266025716777e-05,0.46767999906978164,CM
,235560,Contig_544629.fasta,0.0026447781022994814,7.531213273416485e-07,0.37674222147287967,CM
,235560,Contig_131958.fasta,0.0,0.0,0.0,CM
,235560,Contig_60849.fasta,0.025450730887731435,0.00012605938832565262,0.47383679905753573,CM
,235560,Contig_57263.fasta,0.016258040263589076,5.469250326795428e-05,0.46054511719420915,CM
,235560,Contig_54725.fasta,0.021979380162712444,9.092406655918343e-05,0.46908655545796146,CM
,235560,Contig_62.fasta,0.0012386774109533901,0.0,0.31841703917612557,CM
,235560,Contig_27.fasta,0.008088117018714213,1.1528407647516505e-05,0.4292787514397399,CM
,235560,Contig_57082.fasta,0.015429421042623606,4.744830006522184e-05,0.46009227047130435,CM
,235560,Contig_499069.fasta,0.017662197345472825,6.021121580394675e-05,0.4632810287815015,CM
,235560,Contig_24566202.fasta,0.010764069257800785,2.1036738243462486e-05,0.4441517219452459,CM
,235560,Contig_58991.fasta,0.014058921999486976,3.676046136849624e-05,0.4551691041530317,CM
,235560,Contig_55008.fasta,0.018598368897350535,6.885811896187643e-05,0.4644306094980809,CM
,235560,Contig_420468.fasta,0.020023232929582777,7.460085268941769e-05,0.4662818525852681,CM
,235560,Contig_550444.fasta,0.0237935731239103,0.00011281015751502931,0.4724016547898198,CM
,235560,Contig_554267.fasta,0.01973081156536307,7.412302694144351e-05,0.46558590952170803,CM
,235560,Contig_498701.fasta,0.00996097679572152,2.0053384880272973e-05,0.43935571743597795,CM
,235560,Contig_985894.fasta,0.014992801551665524,4.381999143937407e-05,0.4567240986523344,CM
,235560,Contig_54008.fasta,0.0208130972234702,8.725204912989862e-05,0.46838222129060714,CM
,235560,Contig_544318.fasta,0.0012276214542613368,0.0,0.31830873406075955,CM
,235560,Contig_705467.fasta,0.0,0.0,0.0,CM
,235560,Contig_54461.fasta,0.013877779466756125,3.678450077698309e-05,0.4523091726141291,CM
,235560,Contig_370355.fasta,0.020898996393185747,8.945524266670765e-05,0.46979301111377164,CM
,235560,Contig_993069.fasta,0.02333800294334121,0.00010566735479706379,0.4724016547898198,CM
,235560,Contig_994211.fasta,0.029924483399374088,0.00017910984688237632,0.4794199170792178,CM
,235560,Contig_60682.fasta,0.010114256359657285,1.8594493441769868e-05,0.43935571743597795,CM
,235560,Contig_131793.fasta,0.013053104702602462,3.2373055854509755e-05,0.45252789078270456,CM
,235560,Contig_136283.fasta,0.022975069950414213,0.00010094143245099275,0.470501597857533,CM
,235560,Contig_1062059.fasta,0.01835021626262883,6.552906931008523e-05,0.46282278839695007,CM
,235560,Contig_499445.fasta,0.005897388960721362,5.074184310143587e-06,0.41610834955030374,CM
,235560,Contig_1062488.fasta,0.014923284963278407,4.227222664199523e-05,0.45450591458894274,CM
,235560,Contig_307035.fasta,0.016257319991432425,5.23424300671494e-05,0.4609988562259276,CM
,235560,Contig_137283.fasta,0.0024184324656993,6.10904681314963e-07,0.36258337006533636,CM
,235560,Contig_137617.fasta,0.024049455754674015,0.00011460490688955547,0.4726402414841581,CM
,235560,Contig_794674.fasta,0.0,0.0,0.0,CM
,235560,Contig_135234.fasta,0.021283393094064396,9.02227813792738e-05,0.46979301111377164,CM
,235560,Contig_369513.fasta,0.0059675037283388735,5.838436746232427e-06,0.41536958639087135,CM
,235560,Contig_498784.fasta,0.016205135100711834,5.204268822605496e-05,0.46009227047130435,CM
,235560,Contig_542670.fasta,0.001131781610910687,0.0,0.30713084284169123,CM
,235560,Contig_62635.fasta,0.023323079352785214,0.00010859849834238886,0.47287906929693435,CM
,235560,Contig_136944.fasta,0.015043969668893856,4.3912700212090176e-05,0.4562787314181536,CM
,235560,Contig_501322.fasta,0.0008597880150543617,0.0,0.2857489093553078,CM
,235560,Contig_55419.fasta,0.018571636920642922,7.022249002568975e-05,0.46489204080408997,CM
,235560,Contig_55334.fasta,0.016545953980969794,5.0990070756380855e-05,0.46009227047130435,CM
,235560,Contig_139851.fasta,0.022945577948276855,0.00010843864638255044,0.47287906929693435,CM
,235560,Contig_5146.fasta,0.007432866885481743,9.65289088750236e-06,0.43285276509650006,CM
,235560,Contig_139057.fasta,0.02571980200093951,0.00013022650225705032,0.47479841610280726,CM
,235560,Contig_133009.fasta,0.0012276214542613368,0.0,0.31830873406075955,CM
,235560,Contig_371892.fasta,0.01035755133002118,2.1291810473084637e-05,0.44310022639139823,CM
,235560,Contig_53661.fasta,0.014826067548436087,3.974418627043654e-05,0.4582897542304766,CM
,235560,Contig_135135.fasta,0.002445314011248199,4.98348498668369e-07,0.3639936515513936,CM
,235560,Contig_707468.fasta,0.002211112885622953,6.269436663539854e-07,0.3494502158844784,CM
,235560,Contig_623155.fasta,0.02223041108883541,9.59581800412228e-05,0.470501597857533,CM
,235560,Contig_426668.fasta,0.018749384368338604,6.869875113903874e-05,0.46581765960111154,CM
,235560,Contig_987025.fasta,0.011423640573299946,2.3311058210048067e-05,0.4449965183731018,CM
,235560,Contig_499011.fasta,0.0161836055472988,4.997790127794544e-05,0.4589640402837828,CM
,235560,Contig_501860.fasta,0.017497903217739426,5.8234982923400155e-05,0.46259400797757444,CM
,235560,Contig_993478.fasta,0.024387535130148623,0.00012067679215978549,0.4745576461149255,CM
,235560,Contig_57792.fasta,0.02066000128756994,8.296529776629753e-05,0.46721301954000655,CM
,235560,Contig_55876.fasta,0.013757755568447095,3.322363968572198e-05,0.45296596231298797,CM
,235560,Contig_420410.fasta,0.0023874393688184396,6.178793927544849e-07,0.36230262413419784,CM
,235560,Contig_548202.fasta,0.00987209361946001,1.71295138406326e-05,0.4435202266059872,CM
,235560,Contig_54035.fasta,0.014495849841212414,4.357920705103897e-05,0.4562787314181536,CM
,235560,Contig_56306.fasta,0.007273498680462476,1.0145830384414305e-05,0.43026559914419915,CM
,235560,Contig_138787.fasta,0.024685359798451524,0.0001182843377351731,0.4735970031065957,CM
,235560,Contig_367974.fasta,0.004718505405346463,3.2750289749274107e-06,0.4052956596529377,CM
,235560,Contig_370972.fasta,0.01175556545860386,2.6192271294409605e-05,0.44797878321619583,CM
,235560,Contig_550249.fasta,0.025603062407567188,0.00013159163156746133,0.4750394305272249,CM
,235560,Contig_2122.fasta,0.004634083217671184,3.486481337724304e-06,0.40026846798059584,CM
,235560,Contig_1211.fasta,0.010131630269846854,2.1310150549467506e-05,0.4385321828203529,CM
,235560,Contig_990613.fasta,0.01637184040478041,5.104014696597141e-05,0.4585142960012901,CM
,235560,Contig_59466.fasta,0.024938755254726015,0.00012168534647274699,0.4743171201919073,CM
,235560,Contig_53438.fasta,0.022456339117862514,0.00010268015347495227,0.4724016547898198,CM
,235560,Contig_61874.fasta,0.019323863373832517,7.398827170448566e-05,0.4662818525852681,CM
,235560,Contig_24570409.fasta,0.014943736824256466,4.265002639567004e-05,0.45561230678609205,CM
,235560,Contig_134391.fasta,0.020811554432015537,8.377365697505216e-05,0.4674463926766399,CM
,235560,Contig_368022.fasta,0.012834535997214506,2.8731015721053884e-05,0.4499171529512659,CM
,235560,Contig_550148.fasta,0.009565388204464622,1.742599514982562e-05,0.441428150065393,CM
,235560,Contig_498565.fasta,0.005784208509480054,5.607048813259435e-06,0.41610834955030374,CM
,235560,Contig_132580.fasta,0.006596397736512546,7.542695204939621e-06,0.4192776335746564,CM
,235560,Contig_987514.fasta,0.012648111284008955,3.283933791569502e-05,0.45035018197239324,CM
,235560,Contig_132151.fasta,0.006145233609857684,5.430929054702259e-06,0.4196536673267413,CM
,235560,Contig_544515.fasta,0.0,0.0,0.0,CM
,235560,Contig_988369.fasta,0.015209361259512673,4.575095982637447e-05,0.4567240986523344,CM
,235560,Contig_993621.fasta,0.021175107318212427,8.57835769698711e-05,0.46838222129060714,CM
,235560,Contig_139909.fasta,0.012859029403692334,3.240724374781572e-05,0.4534048828191052,CM
,235560,Contig_134896.fasta,0.02167262038014542,9.434893636656694e-05,0.470501597857533,CM
,235560,Contig_1065651.fasta,0.022165101191004205,9.526756870925035e-05,0.46979301111377164,CM
,235560,Contig_55852.fasta,0.020764106770976423,8.152860118886294e-05,0.4662818525852681,CM
,235560,Contig_370760.fasta,0.016809433187113504,5.465843515620088e-05,0.46122606118217496,CM
,235560,Contig_704052.fasta,0.011708481088531671,2.61766288730617e-05,0.4475503004010679,CM
,235560,Contig_1062304.fasta,0.006003986107970859,6.548680437464321e-06,0.41684974527333324,CM
,235560,Contig_368958.fasta,0.012154367136073967,2.685748150287767e-05,0.44436262019878114,CM
,235560,Contig_1065614.fasta,0.020099613735021893,8.341799905973971e-05,0.4688515421536238,CM
,235560,Contig_58988.fasta,0.01820330434876238,6.68463311634763e-05,0.4662818525852681,CM
,235560,Contig_53501.fasta,0.010592431450569973,2.167100234674163e-05,0.4449965183731018,CM
,235560,Contig_53993.fasta,0.006860645396552407,7.505897083096966e-06,0.42268639482323084,CM
,235560,Contig_423707.fasta,0.01064665333375074,2.092898602465905e-05,0.4435202266059872,CM
,235560,Contig_421471.fasta,0.011641834595180036,2.5335060673266318e-05,0.44797878321619583,CM
,235560,Contig_61908.fasta,0.01429313584304498,3.7943613199550435e-05,0.4562787314181536,CM
,235560,Contig_369636.fasta,0.010606080537291446,1.9006050475126642e-05,0.4437305254332068,CM
,235560,Contig_132893.fasta,0.022438451647277907,0.00010039360670337451,0.47073826868140495,CM
,235560,Contig_54779.fasta,0.013882312740116733,3.901207055983251e-05,0.4558342319233478,CM
,235560,Contig_132095.fasta,0.01835608922252362,6.567014134441416e-05,0.4644306094980809,CM
,235560,Contig_499035.fasta,0.017621193447322585,5.729425766285471e-05,0.46259400797757444,CM
,235560,Contig_542555.fasta,0.0022776563016798732,6.783352182656783e-07,0.3535427571358644,CM
,235560,Contig_134585.fasta,0.003902612340326345,2.1789461615312147e-06,0.3989035286183432,CM
,235560,Contig_501844.fasta,0.015224204502849715,4.292713607305943e-05,0.45694710846612946,CM
,235560,Contig_139875.fasta,0.02416999431122355,0.00011721037387816936,0.4721633088489572,CM
,235560,Contig_139036.fasta,0.001131781610910687,0.0,0.30713084284169123,CM
,235560,Contig_703292.fasta,0.014057604501149632,3.836109394936466e-05,0.4562787314181536,CM
,235560,Contig_993718.fasta,0.02293230277070118,0.00010054967378896581,0.46955728958285653,CM
,235560,Contig_550719.fasta,0.015124926086652413,4.5489668571434425e-05,0.4571703361693371,CM
,235560,Contig_53600.fasta,0.021281964920988113,9.42966039912972e-05,0.4714497119086313,CM
,235560,Contig_54784.fasta,0.011847786268088203,2.633605344521998e-05,0.45035018197239324,CM
,235560,Contig_137925.fasta,0.009399996533776909,1.55762375575758e-05,0.44038949559465085,CM
,235560,Contig_498371.fasta,0.0,0.0,0.0,CM
,235560,Contig_369572.fasta,0.021994915080717457,9.270679583996587e-05,0.46932180448276484,CM
,235560,Contig_709936.fasta,0.018106621813399087,6.999670340328154e-05,0.46535438992473055,CM
,235560,Contig_370309.fasta,0.014350510592018827,3.944404909857832e-05,0.4558342319233478,CM
,235560,Contig_555617.fasta,0.0,0.0,0.0,CM
,235560,Contig_985297.fasta,0.018425173864859232,6.524127300720173e-05,0.46282278839695007,CM
,235560,Contig_369793.fasta,0.01998383021123857,7.798656543746789e-05,0.4674463926766399,CM
,235560,Contig_502640.fasta,0.018738346661434375,6.785599068734797e-05,0.46466121059515053,CM
,235560,Contig_58743.fasta,0.025820589124576274,0.00013258803531143566,0.47528068976060595,CM
,235560,Contig_134420.fasta,0.01400240834956906,3.9364360181536876e-05,0.4567240986523344,CM
,235560,Contig_131697.fasta,0.012766455859430014,3.1627476321788084e-05,0.4518723699365684,CM
,235560,Contig_986689.fasta,0.019677604414615534,7.390137108039907e-05,0.4644306094980809,CM
,235560,Contig_306288.fasta,0.024528415582697,0.00012017493703421914,0.473357449741342,CM
,235560,Contig_53836.fasta,0.009458153812106324,1.4403284069382598e-05,0.4381215721622814,CM
,235560,Contig_544688.fasta,0.012872940297330104,3.22556183007791e-05,0.4518723699365684,CM
,235560,Contig_56656.fasta,0.02106360863943435,8.791515069999002e-05,0.46838222129060714,CM
,235560,Contig_54598.fasta,0.02435418008219138,0.00012113669613010157,0.4745576461149255,CM
,235560,Contig_546991.fasta,0.0023138958565202374,4.615475666020622e-07,0.3559633617872321,CM
,235560,Contig_134764.fasta,0.022174702966758397,9.67937028078888e-05,0.47097517772452596,CM
,235560,Contig_542365.fasta,0.002372734778854478,5.935445724375459e-07,0.36034951025746365,CM
,235560,Contig_139193.fasta,0.0,0.0,0.0,CM
,235560,Contig_207429.fasta,0.011474679629224544,2.4917669717305913e-05,0.44478501812672677,CM
,235560,Contig_139542.fasta,0.006818231074776583,7.203728882196251e-06,0.4196536673267413,CM
,235560,Contig_1122224.fasta,0.0,0.0,0.0,CM
,235560,Contig_656.fasta,0.001131781610910687,0.0,0.30713084284169123,CM
,235560,Contig_53374.fasta,0.022433783014123267,0.00010068981253834674,0.4712123253467438,CM
,235560,Contig_56557.fasta,0.022395721132116138,9.994617923677007e-05,0.4712123253467438,CM
,235560,Contig_308360.fasta,0.025200286126950425,0.00012628234867535592,0.4745576461149255,CM
,235560,Contig_1064061.fasta,0.00831772967542303,1.2274847867673505e-05,0.4338561326558336,CM
,235560,Contig_53464.fasta,0.02328844015266683,0.00010412770802847587,0.4714497119086313,CM
,235560,Contig_56696.fasta,0.019119306074321475,7.053055201376844e-05,0.4632810287815015,CM
,235560,Contig_1061954.fasta,0.01984385878341412,8.062030228474697e-05,0.46838222129060714,CM
,235560,Contig_2616.fasta,0.0,0.0,0.0,CM
,235560,Contig_499913.fasta,0.024206143496536082,0.00011192760532926577,0.471925203297344,CM
,235560,Contig_60703.fasta,0.019154529433384995,7.193255806650242e-05,0.4669798793106951,CM
,235560,Contig_542430.fasta,0.022617961440647708,9.747705744473608e-05,0.47073826868140495,CM
,235560,Contig_131612.fasta,0.011284632700919114,2.3768909442222454e-05,0.44648267086766846,CM
,235560,Contig_133564.fasta,0.021294582006548258,8.451010383505532e-05,0.4674463926766399,CM
,235560,Contig_550250.fasta,0.0,0.0,0.0,CM
,235560,Contig_131657.fasta,0.012545503715845488,2.7057063957888734e-05,0.4452082198566285,CM
,235560,Contig_500964.fasta,0.023156556161749685,0.00010894932178346278,0.4721633088489572,CM
,235560,Contig_933392.fasta,0.009671356769218547,1.792801294396734e-05,0.4437305254332068,CM
,235560,Contig_54659.fasta,0.008398601024080495,1.2060080456404735e-05,0.43466218213591873,CM
,235560,Contig_61746.fasta,0.007034685942174014,8.502353487302905e-06,0.4269286852822231,CM
,235560,Contig_53765.fasta,0.008724652657969095,1.4958082139598837e-05,0.4316548330897754,CM
,235560,Contig_138153.fasta,0.020719352257621813,8.542067967687617e-05,0.4681479130258295,CM
,235560,Contig_56940.fasta,0.018397934048386355,6.82131742003971e-05,0.46466121059515053,CM
,235560,Contig_54275.fasta,0.019694674225476157,7.393024625228151e-05,0.46558590952170803,CM
,235560,Contig_542488.fasta,0.0,0.0,0.0,CM
,235560,Contig_367990.fasta,0.015435875773445901,4.386762246990634e-05,0.4585142960012901,CM
,235560,Contig_555859.fasta,0.012890674171773838,3.114808968461437e-05,0.45252789078270456,CM
,235560,Contig_993581.fasta,0.009285139206157712,1.754138966616862e-05,0.4381215721622814,CM
,235560,Contig_547586.fasta,0.004917782278672392,4.44435350958728e-06,0.4108110966368012,CM
,235560,Contig_428255.fasta,0.0011231193805695647,0.0,0.3080407103813802,CM
,235560,Contig_131556.fasta,0.015888278765081816,4.919915614451904e-05,0.4582897542304766,CM
,235560,Contig_303047.fasta,0.006766557983978311,8.310191009854179e-06,0.42268639482323084,CM
,235560,Contig_368885.fasta,0.011523007975034373,2.131460764710921e-05,0.44310022639139823,CM
,235560,Contig_59053.fasta,0.011315262976876034,2.3031576127390688e-05,0.4422626078159892,CM
,235560,Contig_551912.fasta,0.008029573876477627,1.1403128026243668e-05,0.43006786679165127,CM
,235560,Contig_554772.fasta,0.011542723380051963,2.3992824840519813e-05,0.44584453460630447,CM
,235560,Contig_544264.fasta,0.001131781610910687,0.0,0.30713084284169123,CM
,235560,Contig_934117.fasta,0.014676695205781118,4.1231127749477594e-05,0.45539059763437134,CM
,235560,Contig_545454.fasta,0.01421414664264585,3.865752262120376e-05,0.45539059763437134,CM
,235560,Contig_368262.fasta,0.003794779028417945,1.8079003923422107e-06,0.39586619210602075,CM
,235560,Contig_61277.fasta,0.007345328725873839,9.345912617724e-06,0.43066160981989554,CM
,235560,Contig_302677.fasta,0.008671883674310184,1.281223627525849e-05,0.4377117297187245,CM
,235560,Contig_554901.fasta,0.002107225071796419,4.264871614006045e-07,0.34557890625503435,CM
,235560,Contig_305322.fasta,0.007194406131934788,8.593602066587924e-06,0.4284925266202533,CM
,235560,Contig_544883.fasta,0.0,0.0,0.0,CM
,235560,Contig_135194.fasta,0.01903588176503571,6.92565627746983e-05,0.46535438992473055,CM
,235560,Contig_56818.fasta,0.010520774975384324,2.2204122139423378e-05,0.4441517219452459,CM
,235560,Contig_498461.fasta,0.016826649060258034,5.491645133386878e-05,0.46282278839695007,CM
,235560,Contig_543101.fasta,0.002424764252723307,6.210826601380586e-07,0.36258337006533636,CM
,235560,Contig_421823.fasta,0.009846343713494613,1.766227786216209e-05,0.441428150065393,CM
,235560,Contig_135268.fasta,0.012054689626469347,2.613318964815764e-05,0.4471226364733077,CM
,235560,Contig_1064205.fasta,0.02302341070762868,0.00010995446486542038,0.4735970031065957,CM
,235560,Contig_54445.fasta,0.014928432341040349,4.2300574087960646e-05,0.45494782602753187,CM
,235560,Contig_549637.fasta,0.0,0.0,0.0,CM
,235560,Contig_55400.fasta,0.011624159007911949,2.2987036566073837e-05,0.4452082198566285,CM
,235560,Contig_625718.fasta,0.024414812683642904,0.00011689896802937806,0.47287906929693435,CM
,235560,Contig_801021.fasta,0.0,0.0,0.0,CM
,235560,Contig_1062339.fasta,0.002419764970144878,7.12450246240962e-07,0.3602108075976263,CM
,235560,Contig_306355.fasta,0.009179343198942404,1.355455328662447e-05,0.4340573646283085,CM
,235560,Contig_428764.fasta,0.018421335230105668,6.612476979536525e-05,0.4632810287815015,CM
,235560,Contig_369126.fasta,0.003655212723833044,1.6694345821161807e-06,0.38911753768758134,CM
,235560,Contig_302533.fasta,0.01760693142078901,5.987781370773199e-05,0.4630517952195117,CM
,235560,Contig_1315.fasta,0.010750854732722208,2.2167397276704172e-05,0.4469091108589461,CM
,235560,Contig_992309.fasta,0.009338004735511468,1.8272107420066122e-05,0.44059683528184235,CM
,235560,Contig_425542.fasta,0.018692920211237543,6.810427345573565e-05,0.464200237171941,CM
,235560,Contig_498295.fasta,0.019273899891832928,7.333347269722918e-05,0.46512310046651745,CM
,235560,Contig_54108.fasta,0.007003750438958862,7.619354964126921e-06,0.4215439991615464,CM
,235560,Contig_796850.fasta,0.023413944891069894,0.00010555902417511154,0.471925203297344,CM
,235560,Contig_58097.fasta,0.015469762934864899,4.806211775916051e-05,0.46009227047130435,CM
,235560,Contig_984994.fasta,0.003341804740577934,1.541798177842687e-06,0.3787242728201672,CM
,235560,Contig_932851.fasta,0.02170876130807587,9.261048967312027e-05,0.46979301111377164,CM
,235560,Contig_60483.fasta,0.01398457826153193,3.6105417839343645e-05,0.45406486081447506,CM
,235560,Contig_542409.fasta,0.004760762073348456,3.4258220451794335e-06,0.40741300746131176,CM
,235560,Contig_628830.fasta,0.018062831706276594,6.467355018332298e-05,0.46581765960111154,CM
,235560,Contig_993268.fasta,0.012420581825514454,2.9106102852629542e-05,0.449484955878306,CM
,235560,Contig_53370.fasta,0.0049552667720498345,3.916712446230057e-06,0.4120773571724496,CM
,235560,Contig_4880.fasta,0.012505177206423778,2.6608839146262947e-05,0.4469091108589461,CM
,235560,Contig_368303.fasta,0.02487662491922887,0.00012030924642831733,0.47383679905753573,CM
,235560,Contig_133134.fasta,0.004706103722918031,3.8104301202434927e-06,0.40670477102939295,CM
,235560,Contig_1973.fasta,0.0068663594374384525,7.609461298956624e-06,0.42003037618430566,CM
,235560,Contig_371210.fasta,0.016412149296854264,5.465336661946714e-05,0.46122606118217496,CM
,235560,Contig_1062001.fasta,0.01905231203277348,7.144067451100954e-05,0.4644306094980809,CM
,235560,Contig_1064554.fasta,0.011701652352747819,2.591746692363671e-05,0.4475503004010679,CM
,235560,Contig_498458.fasta,0.0062972608305999125,6.586730702793901e-06,0.4281004932015705,CM
,235560,Contig_56821.fasta,0.011096001607621253,2.462017578299243e-05,0.44478501812672677,CM
,235560,Contig_53604.fasta,0.007433208003210905,9.072765258561749e-06,0.43185402775202264,CM
,235560,Contig_201321.fasta,0.01526636016458346,4.4857753573458796e-05,0.4578413298134213,CM
,235560,Contig_136127.fasta,0.020474952384208715,8.338082167103991e-05,0.46721301954000655,CM
,235560,Contig_1268205.fasta,0.006309306569671894,6.2219349285305714e-06,0.4236431317965745,CM
,235560,Contig_56363.fasta,0.014416487790699636,3.670009680791973e-05,0.45539059763437134,CM
,235560,Contig_138376.fasta,0.014467448087251901,3.9327147086504785e-05,0.453185316289895,CM
,235560,Contig_54813.fasta,0.018648449328973377,6.468348704915391e-05,0.4621371250067324,CM
,235560,Contig_56326.fasta,0.004886095803727291,3.450815303716823e-06,0.41027079269558664,CM
,235560,Contig_213640.fasta,0.023411564187537773,0.00011256909352810895,0.4721633088489572,CM
,235560,Contig_59276.fasta,0.0044903475593157625,2.7464572543345725e-06,0.3968734852157053,CM
,235560,Contig_622130.fasta,0.008277306319094952,1.2220349816716101e-05,0.43285276509650006,CM
,235560,Contig_550374.fasta,0.002275246539776693,6.182638666603931e-07,0.35234475833532874,CM
,235560,Contig_542514.fasta,0.012121048132943494,2.4939780052344322e-05,0.44331012701972194,CM
,235560,Contig_1270443.fasta,0.0,0.0,0.0,CM
,235560,Contig_859.fasta,0.010432030860426263,2.0301265924023654e-05,0.44038949559465085,CM
,235560,Contig_133315.fasta,0.020117065827259775,7.455062269883993e-05,0.4660496405072874,CM
,235560,Contig_1258190.fasta,0.020065467556973526,7.096710278301908e-05,0.464200237171941,CM
,235560,Contig_62690.fasta,0.020211465550509827,7.86272087816323e-05,0.4637401774720679,CM
,235560,Contig_137536.fasta,0.01635314444124871,4.967429786310301e-05,0.4589640402837828,CM
,235560,Contig_302537.fasta,0.009692916916201562,1.587147754352988e-05,0.44018235095890546,CM
,235560,Contig_61137.fasta,0.020099967589709448,7.799995602688516e-05,0.46721301954000655,CM
,235560,Contig_53538.fasta,0.01081500485162493,2.2441226679410296e-05,0.44584453460630447,CM
,235560,Contig_42.fasta,0.0,0.0,0.0,CM
,235560,Contig_421320.fasta,0.0024919414425102113,6.221588579442268e-07,0.36655999927090993,CM
,235560,Contig_53681.fasta,0.005961290706645286,5.338765342375242e-06,0.41610834955030374,CM
,235560,Contig_542529.fasta,0.0011255291424727453,0.0,0.30773682280126047,CM
,235560,Contig_4.fasta,0.010819804978992018,1.9644028387655765e-05,0.44331012701972194,CM
,235560,Contig_703687.fasta,0.013736050283800563,3.7463793604444533e-05,0.4551691041530317,CM
,235560,Contig_501838.fasta,0.01978643390325644,7.471458315831023e-05,0.4669798793106951,CM
,235560,Contig_304363.fasta,0.006882981975446723,8.014218742193119e-06,0.4215439991615464,CM
,235560,Contig_1124279.fasta,0.017844844831184262,6.165232010404906e-05,0.4630517952195117,CM
,235560,Contig_371458.fasta,0.02437655531994315,0.00011335412140930329,0.47168733777148847,CM
,235560,Contig_371089.fasta,0.024403093815738495,0.00011909378517478242,0.473357449741342,CM
,235560,Contig_502049.fasta,0.0,0.0,0.0,CM
,235560,Contig_54896.fasta,0.006961805810102469,7.76455274046287e-06,0.4224955657510759,CM
,235560,Contig_308594.fasta,0.022738471145705354,0.00010526482075695956,0.4724016547898198,CM
,235560,Contig_421862.fasta,0.0,0.0,0.0,CM
,235560,Contig_704447.fasta,0.005327958727463788,4.857919171226909e-06,0.4028530685056535,CM
,235560,Contig_542628.fasta,0.01086274379584463,2.175428078737501e-05,0.44457371883070457,CM
,235560,Contig_1062711.fasta,0.01275570894521225,2.9634818281727308e-05,0.4510012906692208,CM
,235560,Contig_56142.fasta,0.005987309735509383,6.586953822932547e-06,0.4190898692962978,CM
,235560,Contig_930489.fasta,0.0025416728844141903,6.501873417478158e-07,0.36800144637775584,CM
,235560,Contig_139157.fasta,0.01873725945041923,6.843851818961058e-05,0.46466121059515053,CM
,235560,Contig_499578.fasta,0.0012363223949636696,0.0,0.31939511199270754,CM
,235560,Contig_991222.fasta,0.008749632530964018,1.4459196812366153e-05,0.43914954394116995,CM
,235560,Contig_55519.fasta,0.0,0.0,0.0,CM
,235560,Contig_371268.fasta,0.020538679630346803,8.165874727386751e-05,0.466746971640216,CM
,235560,Contig_502154.fasta,0.023266827572627463,0.00011127616684919727,0.473357449741342,CM
,235560,Contig_61443.fasta,0.009058357488528295,1.630773482280536e-05,0.4344603891080005,CM
,235560,Contig_546955.fasta,0.006913133785675318,8.314458558634603e-06,0.42135419997236967,CM
,235560,Contig_137801.fasta,0.01645625439682629,4.925369164371433e-05,0.4582897542304766,CM
,235560,Contig_53460.fasta,0.015541667930572317,4.845823747957522e-05,0.4603185824587472,CM
,235560,Contig_213008.fasta,0.025713371957853625,0.0001312115111132967,0.4750394305272249,CM
,235560,Contig_421555.fasta,0.011299430510954146,2.181579581333987e-05,0.4437305254332068,CM
,235560,Contig_549796.fasta,0.0012643199882488747,0.0,0.3222547101028351,CM
,235560,Contig_368839.fasta,0.02511126959247998,0.00012391718574155828,0.4735970031065957,CM
,235560,Contig_55135.fasta,0.021957156086080683,9.544699316925573e-05,0.46979301111377164,CM
,235560,Contig_62471.fasta,0.019356704461589307,7.651352003265782e-05,0.466746971640216,CM
,235560,Contig_55618.fasta,0.01726998763871433,5.956303825958903e-05,0.4621371250067324,CM
,235560,Contig_210082.fasta,0.015255933675637311,4.360753923896e-05,0.4567240986523344,CM
,235560,Contig_24578817.fasta,0.0,0.0,0.0,CM
,235560,Contig_54618.fasta,0.008760291191093762,1.3730955963703086e-05,0.4310583501329494,CM
,235560,Contig_988525.fasta,0.024076573272649508,0.0001171042967488094,0.473357449741342,CM
,235560,Contig_987358.fasta,0.013395759009869153,3.328153227338231e-05,0.4558342319233478,CM
,235560,Contig_420491.fasta,0.0,0.0,0.0,CM
,235560,Contig_306388.fasta,0.0,0.0,0.0,CM
,235560,Contig_133758.fasta,0.014373166887381083,4.123573684350283e-05,0.4573937820814434,CM
,235560,Contig_1258149.fasta,0.018580522163206,6.608090977983096e-05,0.4630517952195117,CM
,235560,Contig_303939.fasta,0.01625620154127199,5.162003503158334e-05,0.45986618090350523,CM
,235560,Contig_139743.fasta,0.021225284026219895,9.065667917942404e-05,0.46979301111377164,CM
,235560,Contig_499329.fasta,0.01618762278014751,5.185251363544014e-05,0.45986618090350523,CM
,235560,Contig_55465.fasta,0.0021098607301033643,4.026689867858101e-07,0.344054293433321,CM
,235560,Contig_545474.fasta,0.001294235827672133,0.0,0.3243770114865279,CM
,235560,Contig_60212.fasta,0.01793689930221437,5.947213925316721e-05,0.46122606118217496,CM
,235560,Contig_306074.fasta,0.024162597303773334,0.0001146526262857274,0.47287906929693435,CM
,235560,Contig_502705.fasta,0.007199584282163648,8.149999057737297e-06,0.4242192557292081,CM
,235560,Contig_302612.fasta,0.014109129710462477,3.638187106325403e-05,0.4551691041530317,CM
,235560,Contig_56457.fasta,0.022131866488133492,9.612013328807561e-05,0.46979301111377164,CM
,235560,Contig_554999.fasta,0.001294235827672133,0.0,0.3243770114865279,CM
,235560,Contig_56086.fasta,0.008442235576554647,1.3512947140556928e-05,0.433454227947491,CM
,235560,Contig_543199.fasta,0.002534418898172784,7.74741369580118e-07,0.3703314911510222,CM
,235560,Contig_23.fasta,0.009168649460064394,1.4152836655025375e-05,0.43506633107328363,CM
,235560,Contig_1064124.fasta,0.01965197236281673,7.549187121209385e-05,0.46721301954000655,CM
,235560,Contig_133459.fasta,0.008675471149729058,1.3496198126346869e-05,0.43648679017660125,CM
,235560,Contig_370813.fasta,0.01694849283628033,5.678637866315204e-05,0.46054511719420915,CM
,235560,Contig_803076.fasta,0.0011231193805695647,0.0,0.3080407103813802,CM
,235560,Contig_304497.fasta,0.0023618515374364143,5.773634587411584e-07,0.35896727201328466,CM
,235560,Contig_55498.fasta,0.011681220909896834,2.6159015448481376e-05,0.44669578908765306,CM
,235560,Contig_60113.fasta,0.021544203871741944,8.970095960546171e-05,0.46955728958285653,CM
,235560,Contig_305805.fasta,0.0010199860676277758,0.0,0.299656637252204,CM
,235560,Contig_302556.fasta,0.01257107463793949,3.3181422891990224e-05,0.4507840453461624,CM
,235560,Contig_61915.fasta,0.009260426009187975,1.497129459778972e-05,0.4362832998315306,CM
,235560,Contig_134054.fasta,0.019463704109925237,7.135871745754311e-05,0.46512310046651745,CM
,235560,Contig_368736.fasta,0.02580687162741327,0.00012950970946287222,0.47479841610280726,CM
,235560,Contig_552143.fasta,0.02404316137099204,0.00011768278092081922,0.47407683796283334,CM
,235560,Contig_131677.fasta,0.015459419473847423,4.636522323223878e-05,0.45986618090350523,CM
,235560,Contig_500107.fasta,0.017752975459335504,5.981572052769354e-05,0.4632810287815015,CM
,235560,Contig_369773.fasta,0.021688768267338135,9.373980353733693e-05,0.46955728958285653,CM
,235560,Contig_553945.fasta,0.006240528135107779,6.509477979954508e-06,0.421924110973234,CM
,235560,Contig_135011.fasta,0.00946216371439219,1.666906974237901e-05,0.43914954394116995,CM
,235560,Contig_1064039.fasta,0.0012474370567420573,0.0,0.3211488257167581,CM
,235560,Contig_987907.fasta,0.006851989093376469,7.778751153709256e-06,0.4205967092757901,CM
,235560,Contig_53369.fasta,0.0034495001357825548,1.3571863128262175e-06,0.38181463816345695,CM
,235560,Contig_61766.fasta,0.010374489503545354,1.9326535347260203e-05,0.44080437029610603,CM
,235560,Contig_53444.fasta,0.014128599285341777,3.908947374291563e-05,0.4558342319233478,CM
,235560,Contig_988014.fasta,0.0,0.0,0.0,CM
,235560,Contig_53893.fasta,0.019817321778582888,7.799424268610203e-05,0.4674463926766399,CM
,235560,Contig_811026.fasta,0.007418072971629208,1.0718234793400071e-05,0.4320534063428592,CM
,235560,Contig_548326.fasta,0.016220181057481686,4.8769176013105465e-05,0.4585142960012901,CM
,235560,Contig_166.fasta,0.0,0.0,0.0,CM
,235560,Contig_368472.fasta,0.018239002905799575,6.515886515842564e-05,0.4637401774720679,CM
,235560,Contig_131533.fasta,0.009364801224540323,1.572394624933734e-05,0.43832678132957054,CM
,235560,Contig_713578.fasta,0.008105289701389564,1.1586128609809174e-05,0.43026559914419915,CM
,235560,Contig_62754.fasta,0.019070944472493544,7.05412786211079e-05,0.4660496405072874,CM
,235560,Contig_499271.fasta,0.020394210796553975,7.863081726048945e-05,0.46767999906978164,CM
,235560,Contig_547132.fasta,0.019385661238960128,7.678194902897414e-05,0.4660496405072874,CM
,235560,Contig_542385.fasta,0.008583670515981322,1.3147775828980901e-05,0.4377117297187245,CM
,235560,Contig_1061989.fasta,0.008284653914334202,1.1580839809431197e-05,0.43185402775202264,CM
,235560,Contig_137023.fasta,0.0035583373351630613,1.655675443836739e-06,0.3868655139060079,CM
,235560,Contig_626516.fasta,0.02408914979225721,0.00011393633778797726,0.4721633088489572,CM
,235560,Contig_990243.fasta,0.006103362386199046,6.134561759892946e-06,0.42211442405892335,CM
,235560,Contig_59036.fasta,0.0011255291424727453,0.0,0.30773682280126047,CM
,235560,Contig_1064338.fasta,0.0,0.0,0.0,CM
,235560,Contig_426325.fasta,0.0036114121898078682,1.8141270346435216e-06,0.3870255079150674,CM
,235560,Contig_1063105.fasta,0.005573430422877583,4.601981287477922e-06,0.40973190811673954,CM
,235560,Contig_132168.fasta,0.0011849538810030386,0.0,0.31541209239589924,CM
,235560,Contig_372283.fasta,0.017188339885847392,5.5616056458013385e-05,0.4616811436303074,CM
,235560,Contig_134478.fasta,0.0023594030651720235,6.248017497257491e-07,0.3569136835006228,CM
,235560,Contig_370234.fasta,0.022068184519564712,9.46097310236972e-05,0.470501597857533,CM
,235560,Contig_801164.fasta,0.01659518549036015,5.458383793547443e-05,0.46282278839695007,CM
,235560,Contig_53484.fasta,0.012942266146598661,3.239899489607335e-05,0.4523091726141291,CM
,235560,Contig_549737.fasta,0.0,0.0,0.0,CM
,235560,Contig_206708.fasta,0.018621127084334055,6.188624768073559e-05,0.4621371250067324,CM
,235560,Contig_54992.fasta,0.021127338074821943,8.808588049653234e-05,0.46908655545796146,CM
,235560,Contig_1580.fasta,0.015343819860734905,4.424092873370309e-05,0.4578413298134213,CM
,235560,Contig_138626.fasta,0.01958105657746646,7.169863470147533e-05,0.46466121059515053,CM
,235560,Contig_302732.fasta,0.0084560767694591,1.2084067173500887e-05,0.43466218213591873,CM
,235560,Contig_544511.fasta,0.0012643199882488747,0.0,0.3222547101028351,CM
,235560,Contig_987555.fasta,0.0218246769557328,9.449152664590652e-05,0.4700289694317595,CM
,235560,Contig_132953.fasta,0.015878885162728385,4.689085021948283e-05,0.4596403134276194,CM
,235560,Contig_544554.fasta,0.0,0.0,0.0,CM
,235560,Contig_133584.fasta,0.01697148561467679,5.7210696208509994e-05,0.46122606118217496,CM
,235560,Contig_57532.fasta,0.01249819706460772,2.9570954206670858e-05,0.4475503004010679,CM
,235560,Contig_420261.fasta,0.0026072992551966086,7.82407675116208e-07,0.3732858708171652,CM
,235560,Contig_371170.fasta,0.01405422367700792,3.4830060623345e-05,0.4527468205798902,CM
,235560,Contig_135069.fasta,0.001295313085129736,0.0,0.32595878723045385,CM
,235560,Contig_369063.fasta,0.010232640287306414,1.8085508134442252e-05,0.44122002741095384,CM
,235560,Contig_371618.fasta,0.01968198440648757,7.786890496297053e-05,0.4674463926766399,CM
,235560,Contig_555306.fasta,0.006978042974605344,9.398075185316061e-06,0.42173396941804103,CM
,235560,Contig_550560.fasta,0.015245642067922015,4.3239786195049815e-05,0.4573937820814434,CM
,235560,Contig_60835.fasta,0.0022408475966755534,3.692383850163346e-07,0.35207963812589654,CM
,235560,Contig_542345.fasta,0.0036272497405387075,1.7966227273016043e-06,0.3884714313568423,CM
,235560,Contig_61646.fasta,0.025525272895948962,0.00012840325502619027,0.47479841610280726,CM
,235560,Contig_498856.fasta,0.012369220961011902,2.976043166865602e-05,0.4484080872729435,CM
,235560,Contig_501062.fasta,0.021830815584833036,9.226176176897683e-05,0.46908655545796146,CM
,235560,Contig_368282.fasta,0.010602226257592386,2.10411961214044e-05,0.4460570439173656,CM
,235560,Contig_428054.fasta,0.018755715610273553,6.807694848229806e-05,0.46466121059515053,CM
,235560,Contig_994290.fasta,0.008109541533078678,1.0313910741745468e-05,0.4332535546938116,CM
,235560,Contig_499481.fasta,0.018985733922059163,6.90737437188643e-05,0.4665142961807742,CM
,235560,Contig_542530.fasta,0.0,0.0,0.0,CM
,235560,Contig_371705.fasta,0.007451419932257598,1.00092500904402e-05,0.4308598886457795,CM
,235560,Contig_53599.fasta,0.02129359915615914,8.644747572586242e-05,0.4688515421536238,CM
,235560,Contig_985013.fasta,0.01994561110239722,7.581236090952804e-05,0.4665142961807742,CM
,235560,Contig_992481.fasta,0.004770846341315751,3.582733176991276e-06,0.4052956596529377,CM
,235560,Contig_135275.fasta,0.025888641626506396,0.0001320411711202137,0.4755221941761347,CM
,235560,Contig_931634.fasta,0.018772557282069873,6.798794126581509e-05,0.46558590952170803,CM
,235560,Contig_61990.fasta,0.022458930940125767,9.455620556281069e-05,0.4700289694317595,CM
,235560,Contig_134230.fasta,0.00847200295629299,1.128438665008426e-05,0.4348641627038258,CM
,235560,Contig_303596.fasta,0.004570263024198017,3.2211095078671354e-06,0.40407067277143055,CM
,235560,Contig_212565.fasta,0.0225124097216486,9.936193852823718e-05,0.47097517772452596,CM
,235560,Contig_1128046.fasta,0.019871646907112454,7.390357273511342e-05,0.4660496405072874,CM
,235560,Contig_139855.fasta,0.02884926495380724,0.00016801742804747804,0.47868423434201185,CM
,235560,Contig_989235.fasta,0.01792609137742467,6.162587241442886e-05,0.4639700932764666,CM
,235560,Contig_499439.fasta,0.010612737721327975,1.9788529592360065e-05,0.44331012701972194,CM
,235560,Contig_1062866.fasta,0.02216500378620386,9.99025097323103e-05,0.47168733777148847,CM
,235560,Contig_4593.fasta,0.007414928290401183,8.880416932513536e-06,0.4312569945339323,CM
,235560,Contig_61074.fasta,0.025364797263117134,0.00012683074731186897,0.4745576461149255,CM
,235560,Contig_990281.fasta,0.026195799714551594,0.00013479485083611633,0.47479841610280726,CM
,235560,Contig_499662.fasta,0.019666110394438597,7.742815733269408e-05,0.46767999906978164,CM
,235560,Contig_62796.fasta,0.02341309297091487,0.00010753778036538155,0.4724016547898198,CM
,235560,Contig_368867.fasta,0.02282716258987649,0.00010088759985564714,0.46979301111377164,CM
,235560,Contig_368024.fasta,0.013996287958295675,3.574491378657492e-05,0.45450591458894274,CM
,235560,Contig_1065845.fasta,0.0012474370567420573,0.0,0.3211488257167581,CM
,235560,Contig_131648.fasta,0.022561213627011918,9.971961149164752e-05,0.4712123253467438,CM
,235560,Contig_1067335.fasta,0.0234128910287515,0.0001081181055036054,0.47287906929693435,CM
,235560,Contig_367937.fasta,0.011933045399286605,2.663447999252174e-05,0.44862304800509734,CM
,235560,Contig_201958.fasta,0.019192883811509676,6.81368376593543e-05,0.4662818525852681,CM
,235560,Contig_546698.fasta,0.001294235827672133,0.0,0.3243770114865279,CM
,235560,Contig_308342.fasta,0.014826094808076087,4.202241636739725e-05,0.4547267629439422,CM
,235560,Contig_138109.fasta,0.022901511225397318,0.00010328466902936458,0.47073826868140495,CM
,235560,Contig_545981.fasta,0.023069370198042904,0.00010245734914486074,0.470501597857533,CM
,235560,Contig_930043.fasta,0.00471338339219325,3.425252634170512e-06,0.4044199127651828,CM
,235560,Contig_53486.fasta,0.0,0.0,0.0,CM
,235560,Contig_24565782.fasta,0.013712494099523388,3.746032102388571e-05,0.453185316289895,CM
,235560,Contig_59009.fasta,0.014033349365887984,3.632779408562764e-05,0.45450591458894274,CM
,235560,Contig_53814.fasta,0.013911630864340694,3.833382735009025e-05,0.45406486081447506,CM
,235560,Contig_1116.fasta,0.01320465601076518,2.8222673618387258e-05,0.4505670092145561,CM
,235560,Contig_139857.fasta,0.003726626765417229,2.1919219777094775e-06,0.394531061609879,CM
,235560,Contig_420383.fasta,0.009938117020230779,1.5594768999940098e-05,0.4342587833589945,CM
,235560,Contig_555118.fasta,0.02755101665518926,0.00015139949028125858,0.4769763904885999,CM
,235560,Contig_1066641.fasta,0.023107540440168075,0.00010440524673568817,0.47073826868140495,CM
,235560,Contig_137669.fasta,0.010408378661237502,2.0160985636278337e-05,0.4418449849568617,CM
,235560,Contig_302668.fasta,0.02454549943421437,0.00012259512185096508,0.4743171201919073,CM
,235560,Contig_305455.fasta,0.020033795892012634,7.999972916216296e-05,0.4688515421536238,CM
,235560,Contig_61545.fasta,0.010696915791045244,2.13409632414803e-05,0.4418449849568617,CM
,235560,Contig_498353.fasta,0.012148044548830797,2.7837799125432847e-05,0.45035018197239324,CM
,235560,Contig_988988.fasta,0.0010240017270150765,0.0,0.2994648570043626,CM
,235560,Contig_985054.fasta,0.02196245266689905,9.39282075415913e-05,0.46955728958285653,CM
,235560,Contig_420879.fasta,0.008272714362272926,1.1469176200682278e-05,0.4340573646283085,CM
,235560,Contig_1258176.fasta,0.017520630931560217,5.9178977526289306e-05,0.46282278839695007,CM
,235560,Contig_499353.fasta,0.024255875451005625,0.00011428244832190849,0.4721633088489572,CM
,235560,Contig_468.fasta,0.0,0.0,0.0,CM
,235560,Contig_993483.fasta,0.022868345461887735,0.00010132867090841612,0.47026516489378545,CM
,235560,Contig_988975.fasta,0.020895899529195055,8.183024467265316e-05,0.466746971640216,CM
,235560,Contig_988930.fasta,0.017551354637568264,5.828491203285241e-05,0.4621371250067324,CM
,235560,Contig_1198429.fasta,0.0012276214542613368,0.0,0.31830873406075955,CM
,235560,Contig_933290.fasta,0.02342383439465269,0.00010626088698383683,0.47168733777148847,CM
,235560,Contig_499052.fasta,0.01895567079819225,6.607052917097529e-05,0.464200237171941,CM
,235560,Contig_305495.fasta,0.022809594773105346,0.00010019954051375786,0.4714497119086313,CM
,235560,Contig_985400.fasta,0.02298292230768374,0.00010342960904957689,0.470501597857533,CM
,235560,Contig_985094.fasta,0.01755165685688976,5.752675227651477e-05,0.4616811436303074,CM
,235560,Contig_500018.fasta,0.010529132687103093,1.965296032265589e-05,0.441428150065393,CM
,235560,Contig_54766.fasta,0.012436659615710447,3.000421042039108e-05,0.44862304800509734,CM
,235560,Contig_1263528.fasta,0.0060930209082235166,6.3230279037832865e-06,0.42383499915698963,CM
,235560,Contig_59228.fasta,0.0,0.0,0.0,CM
,235560,Contig_1065920.fasta,0.013835691483772979,3.63186740834509e-05,0.4534048828191052,CM
,235560,Contig_555509.fasta,0.005989385957208097,6.2616227473107314e-06,0.4179668057787553,CM
,235560,Contig_139091.fasta,0.026465478940814066,0.000139532731729576,0.47600594005016944,CM
,235560,Contig_706082.fasta,0.013918045527504273,3.5786370710953335e-05,0.45362466220971065,CM
,235560,Contig_368629.fasta,0.01743683426762985,5.970962532104651e-05,0.46282278839695007,CM
,235560,Contig_625052.fasta,0.026629250791969615,0.00013692474359393707,0.47479841610280726,CM
,235560,Contig_368691.fasta,0.011880824977356515,2.679737216884306e-05,0.4492691685735156,CM
,235560,Contig_551706.fasta,0.0025881424281231358,6.878945651427683e-07,0.37209848037321397,CM
,235560,Contig_61210.fasta,0.0009284462359242145,0.0,0.29217223794524916,CM
,235560,Contig_369691.fasta,0.02162541876386486,9.162864911139396e-05,0.46932180448276484,CM
,235560,Contig_498443.fasta,0.001295313085129736,0.0,0.32595878723045385,CM
,235560,Contig_59641.fasta,0.023173566744285588,0.00010148638288437611,0.470501597857533,CM
,235560,Contig_370353.fasta,0.02026623085484356,8.024807845302144e-05,0.46791383906931655,CM
,235560,Contig_24566591.fasta,0.01048294263827846,2.026868306254441e-05,0.4418449849568617,CM
,235560,Contig_55467.fasta,0.003410462961447787,1.501539287815126e-06,0.3791846345780523,CM
,235560,Contig_543838.fasta,0.0,0.0,0.0,CM
,235560,Contig_988352.fasta,0.021198762373038398,8.684847154902905e-05,0.4688515421536238,CM
,235560,Contig_56962.fasta,0.017175505695569894,5.550509047241621e-05,0.4616811436303074,CM
,235560,Contig_549823.fasta,0.010291069703678778,1.7811945433227206e-05,0.4399754010994984,CM
,235560,Contig_546289.fasta,0.022042203764131494,9.904122038363269e-05,0.47097517772452596,CM
,235560,Contig_5823.fasta,0.013299293613431903,3.5103372563928593e-05,0.4523091726141291,CM
,235560,Contig_304689.fasta,0.020971959058274547,8.955433970665998e-05,0.47026516489378545,CM
,235560,Contig_1062142.fasta,0.01342669259771961,3.13209051402258e-05,0.4542852806498219,CM
,235560,Contig_62387.fasta,0.020871506136273945,8.706987306582464e-05,0.4688515421536238,CM
,235560,Contig_133647.fasta,0.020374089295584888,8.20441001124189e-05,0.4660496405072874,CM
,235560,Contig_550173.fasta,0.023637029123343756,0.00011252065857950698,0.4735970031065957,CM
,235560,Contig_542713.fasta,0.008757789161801527,1.484709008343379e-05,0.4399754010994984,CM
,235560,Contig_131574.fasta,0.007024588974222553,9.568395124823952e-06,0.42479694876923885,CM
,235560,Contig_542387.fasta,0.0046453600741752105,2.984678249545511e-06,0.40424521733850244,CM
,235560,Contig_306603.fasta,0.02300111484944424,0.0001043631669662608,0.471925203297344,CM
,235560,Contig_137862.fasta,0.026644930414174844,0.00013839196163295067,0.4750394305272249,CM
,235560,Contig_553205.fasta,0.006040008948621774,5.835683033793052e-06,0.4198419372537609,CM
,235560,Contig_53446.fasta,0.019701921707822246,7.156283536451514e-05,0.4637401774720679,CM
,235560,Contig_61498.fasta,0.019546734124145412,7.717473308605242e-05,0.46767999906978164,CM
,235560,Contig_54950.fasta,0.015845213775612745,4.8802029506542396e-05,0.4582897542304766,CM
,235560,Contig_55915.fasta,0.002254900991480251,5.751726599568334e-07,0.3477620505903505,CM
,235560,Contig_55113.fasta,0.017014663610965767,5.503645275232799e-05,0.46009227047130435,CM
,235560,Contig_24574211.fasta,0.022022464216987135,9.156890354923062e-05,0.46955728958285653,CM
,235560,Contig_55950.fasta,0.019805710197207296,7.874761557993103e-05,0.46791383906931655,CM
,235560,Contig_792106.fasta,0.013989920702670107,3.814591157050927e-05,0.45539059763437134,CM
,235560,Contig_24569564.fasta,0.014779160676090464,4.493714439367154e-05,0.45561230678609205,CM
,235560,Contig_499137.fasta,0.003568204587814488,2.2239546295630095e-06,0.3912323069141443,CM
,235560,Contig_1065878.fasta,0.007120028173304838,8.847396467949046e-06,0.42634518366224744,CM
,235560,Contig_500105.fasta,0.010550630103340057,1.8578451564477787e-05,0.44247171543197783,CM
,235560,Contig_990105.fasta,0.008567058193277334,1.2137994355555312e-05,0.43526868750634096,CM
,235560,Contig_213746.fasta,0.0,0.0,0.0,CM
,235560,Contig_308147.fasta,0.002258663478581166,5.833336826677807e-07,0.35314252005231433,CM
,235560,Contig_1064246.fasta,0.0,0.0,0.0,CM
,235560,Contig_500378.fasta,0.011816898296392785,2.5230264329547658e-05,0.4497009505711836,CM
,235560,Contig_372001.fasta,0.020576160189220642,8.386819859404754e-05,0.46721301954000655,CM
,235560,Contig_368549.fasta,0.009581535626026072,1.6515049022734833e-05,0.44018235095890546,CM
,235560,Contig_542593.fasta,0.020153271659247476,8.033274159196748e-05,0.4665142961807742,CM
,235560,Contig_499422.fasta,0.018833217017981553,6.755188009807939e-05,0.46351048941982814,CM
,235560,Contig_134994.fasta,0.002596902073911803,7.299293755646361e-07,0.3746307758761541,CM
,235560,Contig_62593.fasta,0.02564062705004677,0.00013349800927937245,0.47600594005016944,CM
,235560,Contig_1062838.fasta,0.0,0.0,0.0,CM
,235560,Contig_306052.fasta,0.0,0.0,0.0,CM
,235560,Contig_500079.fasta,0.012905895393533123,3.0855505465871384e-05,0.45143641010064306,CM
,235560,Contig_1065904.fasta,0.021738018368309013,9.270011500990725e-05,0.4688515421536238,CM
,235560,Contig_552078.fasta,0.003444843954617558,1.6026318321154315e-06,0.3815033339334012,CM
,235560,Contig_1065941.fasta,0.023340108175230297,0.0001121380698595183,0.4731181385938489,CM
,235560,Contig_55393.fasta,0.021793071465411113,9.017347527931385e-05,0.4688515421536238,CM
,235560,Contig_423779.fasta,0.0,0.0,0.0,CM
,235560,Contig_135642.fasta,0.023085865351379846,0.00010552494065839533,0.471925203297344,CM
,235560,Contig_302535.fasta,0.010870276246360056,2.0643599763279286e-05,0.44436262019878114,CM
,235560,Contig_61135.fasta,0.009350632668285858,1.6416115099214763e-05,0.4385321828203529,CM
,235560,Contig_134037.fasta,0.016010044212921605,5.052345887103115e-05,0.45873905791109465,CM
,235560,Contig_131651.fasta,0.017527518475870564,5.6672094957283236e-05,0.4621371250067324,CM
,235560,Contig_369755.fasta,0.026388322717568795,0.00014125579786742988,0.47649067115001686,CM
,235560,Contig_985251.fasta,0.005507550668753429,4.349101628237469e-06,0.4079458056402062,CM
,235560,Contig_305281.fasta,0.02090103868653873,8.85739395555047e-05,0.46955728958285653,CM
,235560,Contig_1264101.fasta,0.003694877301078922,2.0387086069489257e-06,0.39503067882593207,CM
,235560,Contig_53427.fasta,0.017434750788175038,6.011579990359627e-05,0.46259400797757444,CM
,235560,Contig_1063267.fasta,0.02092401025931793,8.704726140429857e-05,0.46908655545796146,CM
,235560,Contig_555358.fasta,0.005924442554896612,4.784676963385654e-06,0.41481723321747915,CM
,235560,Contig_368078.fasta,0.017667969844762522,6.298581414032708e-05,0.46466121059515053,CM
,235560,Contig_798280.fasta,0.013937916353161163,3.763310210130876e-05,0.4562787314181536,CM
,235560,Contig_57241.fasta,0.007969338980990696,1.006275520453245e-05,0.42576327485834076,CM
,235560,Contig_550914.fasta,0.0011521271592071284,0.0,0.3104935892961623,CM
,235560,Contig_202130.fasta,0.0021728514425788372,4.821872131047286e-07,0.35168270505021915,CM
,235560,Contig_792223.fasta,0.018094272516463703,6.048103781368649e-05,0.4637401774720679,CM
,235560,Contig_368085.fasta,0.017674252064068228,6.27387641694281e-05,0.4639700932764666,CM
,235560,Contig_713989.fasta,0.017446766915366372,5.8604311362685055e-05,0.46282278839695007,CM
,235560,Contig_56628.fasta,0.021199615199918906,8.734940392923843e-05,0.4681479130258295,CM
,235560,Contig_369883.fasta,0.006938216984072706,9.270434811453545e-06,0.4267340073591578,CM
,235560,Contig_500548.fasta,0.0035894729916977515,1.7344529882869892e-06,0.3863863245824249,CM
,235560,Contig_138155.fasta,0.017111302250018903,5.325002708597857e-05,0.4603185824587472,CM
,235560,Contig_307949.fasta,0.023999842216724365,0.00011648346314623754,0.4735970031065957,CM
,235560,Contig_135889.fasta,0.020244744589295285,8.13979639692525e-05,0.46932180448276484,CM
,235560,Contig_56903.fasta,0.009050923925405472,1.6504423275325336e-05,0.4387377769051257,CM
,235560,Contig_134889.fasta,0.021009746490756404,8.959221027478414e-05,0.4700289694317595,CM
,235560,Contig_367996.fasta,0.011401569756133097,2.2953123912422324e-05,0.44436262019878114,CM
,235560,Contig_57903.fasta,0.011663246629078012,2.488976007934395e-05,0.44648267086766846,CM
,235560,Contig_139294.fasta,0.016016847054387592,4.9287325954757676e-05,0.4589640402837828,CM
,235560,Contig_180.fasta,0.006164351615905087,5.938491028953974e-06,0.4230685705870855,CM
,235560,Contig_1268736.fasta,0.02647498326359153,0.000142121514302214,0.47600594005016944,CM
,235560,Contig_308022.fasta,0.02348080944850464,0.00010375489001345109,0.47168733777148847,CM
,235560,Contig_985128.fasta,0.015017908943748003,4.678050451280473e-05,0.45694710846612946,CM
,235560,Contig_371212.fasta,0.02366691738162957,0.00011364798359592582,0.473357449741342,CM
,235560,Contig_421597.fasta,0.009371549064758277,1.548391165502233e-05,0.43648679017660125,CM
,235560,Contig_985291.fasta,0.021013391539094324,8.390159605149211e-05,0.46838222129060714,CM
,235560,Contig_59394.fasta,0.009513779844702351,1.6772207929986686e-05,0.44080437029610603,CM
,235560,Contig_498502.fasta,0.016573151155775085,5.22167071303597e-05,0.4603185824587472,CM
,235560,Contig_423189.fasta,0.016162656177213967,5.071147102860838e-05,0.4594146677165602,CM
,235560,Contig_543062.fasta,0.0025528737992447435,5.788267505552011e-07,0.36684738460942107,CM
,235560,Contig_543821.fasta,0.0,0.0,0.0,CM
,235560,Contig_429994.fasta,0.019966498923121922,7.658696147744417e-05,0.4674463926766399,CM
,235560,Contig_1065861.fasta,0.01957721455709984,7.11582535729259e-05,0.464200237171941,CM
,235560,Contig_55662.fasta,0.020692207309829513,8.650918707138302e-05,0.46908655545796146,CM
,235560,Contig_1268437.fasta,0.007292759420930652,9.922298717318802e-06,0.4286888127066574,CM
,235560,Contig_1065067.fasta,0.0,0.0,0.0,CM
,235560,Contig_135849.fasta,0.01975852471615731,8.060937746848952e-05,0.46767999906978164,CM
,235560,Contig_4084.fasta,0.016195139860619177,5.094106803620836e-05,0.4591892434438828,CM
,235560,Contig_424464.fasta,0.006212106134068614,6.378838260357824e-06,0.42230490890732536,CM
,235560,Contig_371156.fasta,0.022411680385563026,9.86430090101085e-05,0.47073826868140495,CM
,235560,Contig_502196.fasta,0.018491050941334665,6.902222716974187e-05,0.46512310046651745,CM
,235560,Contig_1260871.fasta,0.006231173422935777,6.039045071142258e-06,0.42518295235739806,CM
,235560,Contig_368806.fasta,0.005099899473114068,4.12395947114936e-06,0.4142663471175888,CM
,235560,Contig_58444.fasta,0.01476125953058334,3.930340823276589e-05,0.45296596231298797,CM
,235560,Contig_984996.fasta,0.013344264071025187,3.122212294501066e-05,0.4527468205798902,CM
,235560,Contig_990044.fasta,0.014876392170846483,4.35388946467251e-05,0.45605637336190696,CM
,235560,Contig_1274572.fasta,0.01740929168138699,5.593866460164827e-05,0.46259400797757444,CM
,235560,Contig_542553.fasta,0.02038019017958646,8.166179681438053e-05,0.46861676421564,CM
,235560,Contig_131771.fasta,0.024261276456685913,0.000113279304116226,0.47287906929693435,CM
,235560,Contig_499076.fasta,0.012971023082703578,3.047926701928504e-05,0.4505670092145561,CM
,235560,Contig_134152.fasta,0.01671662038090369,5.3185367330740654e-05,0.46077187500671246,CM
,235560,Contig_131734.fasta,0.01955808042758263,7.053290557983308e-05,0.46535438992473055,CM
,235560,Contig_58559.fasta,0.014510148534294455,3.8359290544530936e-05,0.45494782602753187,CM
,235560,Contig_55483.fasta,0.004836678628079484,3.531062253782831e-06,0.406528096498103,CM
,235560,Contig_55811.fasta,0.009311485099994157,1.570671598465827e-05,0.4368943408677092,CM
,235560,Contig_985419.fasta,0.017883019073440497,6.120432789582763e-05,0.4630517952195117,CM
,235560,Contig_213506.fasta,0.02791372245011976,0.00015491379199843248,0.4774631010911394,CM
,235560,Contig_135253.fasta,0.02553651469511389,0.0001314631367450132,0.4750394305272249,CM
,235560,Contig_24576898.fasta,0.00464746765573352,3.2140736466368745e-06,0.40302656250587127,CM
,235560,Contig_306742.fasta,0.018615538381442063,6.886581425029826e-05,0.46512310046651745,CM
,235560,Contig_55353.fasta,0.008771767310038254,1.3836598668740784e-05,0.4397686457418388,CM
,235560,Contig_1063497.fasta,0.001294235827672133,0.0,0.3243770114865279,CM
,235560,Contig_302609.fasta,0.020215128973346014,7.651851969098786e-05,0.4662818525852681,CM
,235560,Contig_1063840.fasta,0.009435765652312989,1.564718924182315e-05,0.43648679017660125,CM
,235560,Contig_986139.fasta,0.014935426140376046,4.533523263114567e-05,0.4567240986523344,CM
,235560,Contig_370130.fasta,0.017483674435483508,5.81896843605599e-05,0.4616811436303074,CM
,235560,Contig_54604.fasta,0.015299602488913756,4.942107656883146e-05,0.4603185824587472,CM
,235560,Contig_554797.fasta,0.015066412885451082,4.130676868520171e-05,0.45450591458894274,CM
,235560,Contig_421549.fasta,0.004669821851621372,3.4779806182697345e-06,0.4009544465032704,CM
,235560,Contig_61036.fasta,0.025595379646056446,0.00013217009321373396,0.4750394305272249,CM
,235560,Contig_303473.fasta,0.009199077890254244,1.6647154646363723e-05,0.4362832998315306,CM
,235560,Contig_501657.fasta,0.01591249264745313,4.9536185598123575e-05,0.4585142960012901,CM
,235560,Contig_1062279.fasta,0.012865989529687986,3.0721706271107976e-05,0.45143641010064306,CM
,235560,Contig_58467.fasta,0.0012643199882488747,0.0,0.3222547101028351,CM
,235560,Contig_709008.fasta,0.016782336787981352,5.5068395644963184e-05,0.4623654536258069,CM
,235560,Contig_306639.fasta,0.004231977234197956,2.6557885728773496e-06,0.3918876374114879,CM
,235560,Contig_134328.fasta,0.022540572229282647,0.00010036078534012326,0.47073826868140495,CM
,235560,Contig_791908.fasta,0.0025406848817858124,6.35307427061199e-07,0.3688717690731703,CM
,235560,Contig_24572783.fasta,0.011983113439157667,2.9469926023202335e-05,0.45035018197239324,CM
,235560,Contig_53481.fasta,0.0,0.0,0.0,CM
,235560,Contig_931044.fasta,0.020920631098550725,8.684429326821914e-05,0.46955728958285653,CM
,235560,Contig_369322.fasta,0.022195499114691136,0.00010184252210383324,0.4721633088489572,CM
,235560,Contig_553512.fasta,0.0022218786815212184,3.890930892388911e-07,0.35075999930233626,CM
,235560,Contig_368367.fasta,0.002439339679645334,4.6146588431912375e-07,0.3624429427337851,CM
,235560,Contig_986515.fasta,0.01565924236146575,4.831540982275402e-05,0.4603185824587472,CM
,235560,Contig_61542.fasta,0.013076342180626534,3.3370560256666615e-05,0.4534048828191052,CM
,235560,Contig_137592.fasta,0.02552806459776218,0.0001316952706544735,0.47600594005016944,CM
,235560,Contig_498311.fasta,0.009874672019838479,1.8644206216197448e-05,0.44436262019878114,CM
,235560,Contig_369512.fasta,0.010696866257491043,2.1506404568817927e-05,0.44648267086766846,CM
,235560,Contig_135235.fasta,0.003610269393584345,1.794740130372315e-06,0.384955852792527,CM
,235560,Contig_62671.fasta,0.00809976633335634,1.2839673980275693e-05,0.4312569945339323,CM
,235560,Contig_370401.fasta,0.020707536407879378,8.452104704152143e-05,0.46767999906978164,CM
,235560,Contig_2412.fasta,0.0038279527998434037,1.867092946105441e-06,0.39519749921394975,CM
,235560,Contig_370444.fasta,0.025319325048076536,0.0001281738271916543,0.4755221941761347,CM
,235560,Contig_57800.fasta,0.02809339287041704,0.00015329213569228317,0.4769763904885999,CM
,235560,Contig_56006.fasta,0.01751441720537559,5.778851120089916e-05,0.4616811436303074,CM
,235560,Contig_371401.fasta,0.006045931293878869,5.206242913596549e-06,0.4187148448047575,CM
,235560,Contig_56492.fasta,0.001239810371720268,0.0,0.31841703917612557,CM
,235560,Contig_3412.fasta,0.0025493858224881452,6.076046447081667e-07,0.36945427482772725,CM
,235560,Contig_498484.fasta,0.016937855122826233,5.366626663304266e-05,0.4623654536258069,CM
,235560,Contig_303206.fasta,0.015391605483543102,4.7511163364979144e-05,0.45986618090350523,CM
,235560,Contig_368656.fasta,0.023176750617489375,0.00010581998300255576,0.4712123253467438,CM
,235560,Contig_552825.fasta,0.02745705157339248,0.0001516461431994394,0.4772196216923167,CM
,235560,Contig_55071.fasta,0.026433862601694464,0.00014180421381399167,0.47649067115001686,CM
,235560,Contig_993479.fasta,0.02417568478995887,0.0001129728950652113,0.4721633088489572,CM
,235560,Contig_499778.fasta,0.011846925235823987,2.4528250153528107e-05,0.4481933324418741,CM
,235560,Contig_5203.fasta,0.002426458308804829,5.402380441887879e-07,0.3621624141403379,CM
,235560,Contig_139312.fasta,0.020108519203756774,8.0103335028857e-05,0.46791383906931655,CM
,235560,Contig_132309.fasta,0.01676558475140442,5.312140994108816e-05,0.46054511719420915,CM
,235560,Contig_1064674.fasta,0.004974463136495339,3.27477505665803e-06,0.4090155935920599,CM
,235560,Contig_551478.fasta,0.00982629236108537,1.537192945983343e-05,0.4399754010994984,CM
,235560,Contig_549697.fasta,0.0025008443253759145,5.779825011240121e-07,0.3651298002881908,CM
,235560,Contig_424567.fasta,0.009192245924622712,1.6597002134489058e-05,0.4358768878149199,CM
,235560,Contig_549556.fasta,0.008755500076502158,1.2632979557071306e-05,0.4379165550484947,CM
,235560,Contig_1064927.fasta,0.023399312848609567,0.00010757226750977042,0.4721633088489572,CM
,235560,Contig_134109.fasta,0.004625620379576275,3.39863008728569e-06,0.40424521733850244,CM
,235560,Contig_550094.fasta,0.02091971032511444,8.794994062151229e-05,0.4688515421536238,CM
,235560,Contig_136183.fasta,0.0238700131809842,0.0001106041300402475,0.4721633088489572,CM
,235560,Contig_499700.fasta,0.021143114396885973,9.149895712439218e-05,0.46955728958285653,CM
,235560,Contig_131801.fasta,0.012992555481118205,3.246683223175686e-05,0.45143641010064306,CM
,235560,Contig_303182.fasta,0.0,0.0,0.0,CM
,235560,Contig_502444.fasta,0.02550303643227776,0.0001258601508465935,0.47383679905753573,CM
,235560,Contig_203422.fasta,0.0061579823046196335,6.166521891838564e-06,0.4202189843460409,CM
,235560,Contig_61582.fasta,0.020957847963577435,8.61436602155785e-05,0.46955728958285653,CM
,235560,Contig_204934.fasta,0.012918480075746992,3.0135897393255428e-05,0.4499171529512659,CM
,235560,Contig_302553.fasta,0.013110136294643849,3.493779557694017e-05,0.45494782602753187,CM
,235560,Contig_308121.fasta,0.024255847110227723,0.00011399492818548589,0.4721633088489572,CM
,235560,Contig_502068.fasta,0.0023882818730913227,4.282596060771262e-07,0.3585546659534993,CM
,235560,Contig_134208.fasta,0.022309074346662128,9.611327553607572e-05,0.4700289694317595,CM
,235560,Contig_372022.fasta,0.02117933970583183,9.102164396309743e-05,0.46979301111377164,CM
,235560,Contig_542609.fasta,0.02038069856421254,8.429640567032801e-05,0.46791383906931655,CM
,235560,Contig_60217.fasta,0.01415227232224522,3.4935740245196395e-05,0.4547267629439422,CM
,235560,Contig_993700.fasta,0.021142918159397017,8.814327042455325e-05,0.4688515421536238,CM
,235560,Contig_58603.fasta,0.01899316022214298,7.44145460239633e-05,0.4665142961807742,CM
,235560,Contig_62124.fasta,0.026183080851276942,0.00013537978202938779,0.4750394305272249,CM
,235560,Contig_428405.fasta,0.00798331139474868,1.1109211517163598e-05,0.4316548330897754,CM
,235560,Contig_498444.fasta,0.01427398751002349,3.6523200585237956e-05,0.4551691041530317,CM
,235560,Contig_543124.fasta,0.0035559582209676714,1.4174459547420356e-06,0.3876668095023335,CM
,235560,Contig_502700.fasta,0.008235292031207804,1.2828276332072914e-05,0.43225296911715155,CM
,235560,Contig_547137.fasta,0.0,0.0,0.0,CM
,235560,Contig_303062.fasta,0.023028612053839027,0.00010228510643594556,0.47026516489378545,CM
,235560,Contig_986691.fasta,0.007479278388836109,9.933106748059148e-06,0.43669047043333326,CM
,235560,Contig_930711.fasta,0.023114106549196982,0.00010838359832665495,0.4721633088489572,CM
,235560,Contig_550174.fasta,0.015693959342813212,4.923584551375455e-05,0.46145349020642656,CM
,235560,Contig_132605.fasta,0.009617383689640194,1.6001757470557047e-05,0.44038949559465085,CM
,235560,Contig_985136.fasta,0.006090321248762604,5.862456493351817e-06,0.421924110973234,CM
,235560,Contig_135781.fasta,0.021011848251646877,8.712181407287021e-05,0.46932180448276484,CM
,235560,Contig_135350.fasta,0.019985979904708778,8.384728392600757e-05,0.46955728958285653,CM
,235560,Contig_24572895.fasta,0.01658588297392828,5.376131654813318e-05,0.4616811436303074,CM
,235560,Contig_549067.fasta,0.0032797637925777888,1.3606269879057767e-06,0.37598540704645766,CM
,235560,Contig_201548.fasta,0.0010898746624755887,0.0,0.3047306018035275,CM
,235560,Contig_423546.fasta,0.0023207675310724304,7.863101317946418e-07,0.3582801217988641,CM
,235560,Contig_56965.fasta,0.0235544298531186,0.00010628665305097012,0.47168733777148847,CM
,235560,Contig_989310.fasta,0.019717451520194128,7.383062307917367e-05,0.46558590952170803,CM
,235560,Contig_1268491.fasta,0.001131781610910687,0.0,0.30713084284169123,CM
,235560,Contig_306129.fasta,0.014574013275789808,3.97508254988896e-05,0.457617446522559,CM
,235560,Contig_420630.fasta,0.0,0.0,0.0,CM
,235560,Contig_133996.fasta,0.02568742293032954,0.0001306115822671349,0.47528068976060595,CM
,235560,Contig_932723.fasta,0.012868684545967348,3.374422760679506e-05,0.45252789078270456,CM
,235560,Contig_501147.fasta,0.009397537202979615,1.4865666676096653e-05,0.43832678132957054,CM
,235560,Contig_303326.fasta,0.01477014352123607,4.313908681355481e-05,0.4567240986523344,CM
,235560,Contig_131637.fasta,0.016822799646269915,5.661404834443736e-05,0.4637401774720679,CM
,235560,Contig_309378.fasta,0.00928442340587115,1.4784466187087876e-05,0.4379165550484947,CM
,235560,Contig_987947.fasta,0.004878738038953742,3.646986744319907e-06,0.4079458056402062,CM
,235560,Contig_794883.fasta,0.022035364578009704,9.520719180323757e-05,0.46955728958285653,CM
,235560,Contig_500102.fasta,0.0253278329977432,0.00012807422808990015,0.4745576461149255,CM
,235560,Contig_371148.fasta,0.01196563235011379,2.763516513023163e-05,0.44862304800509734,CM
,235560,Contig_429171.fasta,0.02433556591193143,0.00011946216949316534,0.4735970031065957,CM
,235560,Contig_543887.fasta,0.0022638120987353446,4.187677800433616e-07,0.3519472275812836,CM
,235560,Contig_53404.fasta,0.02233009476133372,9.969010058358554e-05,0.47097517772452596,CM
,235560,Contig_53441.fasta,0.006789870677029705,8.130300855872006e-06,0.4202189843460409,CM
,235560,Contig_542338.fasta,0.01748885252010551,5.753459488493478e-05,0.4616811436303074,CM
,235560,Contig_1065711.fasta,0.010680225379348636,2.0863124431258988e-05,0.4439410237849303,CM
,235560,Contig_984988.fasta,0.01968178294224366,7.509987238502112e-05,0.46512310046651745,CM
,235560,Contig_368263.fasta,0.019197482760106015,7.396574864576893e-05,0.46558590952170803,CM
,235560,Contig_993761.fasta,0.01399659829163529,3.67294879681014e-05,0.45406486081447506,CM
,235560,Contig_542943.fasta,0.011728502050748098,2.5994398891213326e-05,0.4497009505711836,CM
,235560,Contig_133011.fasta,0.012076934756860938,2.4627446719091195e-05,0.44862304800509734,CM
,235560,Contig_542594.fasta,0.007002167712063555,9.763817793178861e-06,0.4253762173357423,CM
,235560,Contig_548958.fasta,0.01994390584939476,7.595399483607838e-05,0.466746971640216,CM
,235560,Contig_931946.fasta,0.015284684795336035,4.265183264399989e-05,0.4562787314181536,CM
,235560,Contig_1063039.fasta,0.012838054124960953,3.11905042242071e-05,0.45035018197239324,CM
,235560,Contig_502009.fasta,0.021971234035793395,9.903410912615111e-05,0.47168733777148847,CM
,235560,Contig_498308.fasta,0.017137909377016917,5.575909364186362e-05,0.46145349020642656,CM
,235560,Contig_53952.fasta,0.02246962014652321,0.00010000918696058572,0.4712123253467438,CM
,235560,Contig_929016.fasta,0.0119579264625599,2.736728559808635e-05,0.4481933324418741,CM
,235560,Contig_55444.fasta,0.014843535719393295,3.886392786956923e-05,0.45362466220971065,CM
,235560,Contig_58949.fasta,0.010392783467306653,1.8813663634911155e-05,0.441428150065393,CM
,235560,Contig_1065204.fasta,0.020023125693171842,7.822226905841103e-05,0.4674463926766399,CM
,235560,Contig_55095.fasta,0.021232595219600168,8.796432082710615e-05,0.46908655545796146,CM
,235560,Contig_986384.fasta,0.022298585549867248,9.822511833039555e-05,0.47097517772452596,CM
,235560,Contig_420408.fasta,0.020986211107914363,8.736180235791252e-05,0.46979301111377164,CM
,235560,Contig_137576.fasta,0.02475782459471072,0.0001224568824614093,0.473357449741342,CM
,235560,Contig_53578.fasta,0.015177291153233465,4.378024663825599e-05,0.4573937820814434,CM
,235560,Contig_56433.fasta,0.011764999872057631,2.7321772888187212e-05,0.44862304800509734,CM
,235560,Contig_24577731.fasta,0.018425070029035984,6.638185032775195e-05,0.46351048941982814,CM
,235560,Contig_56476.fasta,0.02183209040061312,9.220229349072582e-05,0.46955728958285653,CM
,235560,Contig_54700.fasta,0.016914333347773307,5.304631264551294e-05,0.45806543227539553,CM
,235560,Contig_1064903.fasta,0.018656242627952502,6.891289069175818e-05,0.46512310046651745,CM
,235560,Contig_542569.fasta,0.003255254176049182,1.2492643271314448e-06,0.37418139869597483,CM
,235560,Contig_1062081.fasta,0.003618719182108623,1.661374029350043e-06,0.3876668095023335,CM
,235560,Contig_24576774.fasta,0.003426219473976658,1.8181340854493149e-06,0.3802631768137477,CM
,235560,Contig_138216.fasta,0.01842453636039992,6.393543677216297e-05,0.4632810287815015,CM
,235560,Contig_799287.fasta,0.009283431505626388,1.4315409644981105e-05,0.43709840174620884,CM
,235560,Contig_1066406.fasta,0.0246232383982794,0.00011725440871850494,0.47287906929693435,CM
,235560,Contig_371290.fasta,0.009456864766800393,1.7357362496961386e-05,0.4379165550484947,CM
,235560,Contig_498639.fasta,0.01288888564612497,3.2636090031190786e-05,0.4516542848159426,CM
,235560,Contig_542359.fasta,0.008039237132699464,1.1293467910450424e-05,0.42987031609491644,CM
,235560,Contig_991920.fasta,0.018204590152347936,6.851235991727495e-05,0.4662818525852681,CM
,235560,Contig_306564.fasta,0.005968040802781486,5.446225775204073e-06,0.4170355071919042,CM
,235560,Contig_550251.fasta,0.0011849538810030386,0.0,0.31541209239589924,CM
,235560,Contig_131613.fasta,0.01420080013194726,3.613321408724861e-05,0.45450591458894274,CM
,235560,Contig_423948.fasta,0.0,0.0,0.0,CM
,235560,Contig_56904.fasta,0.00814572642876226,1.0915095439753861e-05,0.4292787514397399,CM
,235560,Contig_135088.fasta,0.021013666925766502,8.60278870315121e-05,0.46861676421564,CM
,235560,Contig_427790.fasta,0.024128076611890807,0.00011237358933746092,0.4714497119086313,CM
,235560,Contig_246.fasta,0.006981920218322971,8.041593559268455e-06,0.42268639482323084,CM
,235560,Contig_139152.fasta,0.018616210062713346,6.686952298894802e-05,0.46489204080408997,CM
,235560,Contig_60097.fasta,0.004677972249023135,3.2334044192980775e-06,0.40337399919768663,CM
,235560,Contig_309018.fasta,0.024371679203318976,0.00011824125777214435,0.47383679905753573,CM
,235560,Contig_368416.fasta,0.009088494321421031,1.7278784105556888e-05,0.43567396561388877,CM
,235560,Contig_305513.fasta,0.026425307623071135,0.0001342373814605091,0.47479841610280726,CM
,235560,Contig_137002.fasta,0.008487689342362477,1.2992279816238473e-05,0.43526868750634096,CM
,235560,Contig_421629.fasta,0.0,0.0,0.0,CM
,235560,Contig_625912.fasta,0.0,0.0,0.0,CM
,235560,Contig_131696.fasta,0.011539298002541503,2.6031629997282893e-05,0.4452082198566285,CM
,235560,Contig_304203.fasta,0.026613996845385835,0.00014649658878165185,0.4772196216923167,CM
,235560,Contig_420590.fasta,0.013543306720796806,3.5548388498023864e-05,0.45605637336190696,CM
,235560,Contig_370681.fasta,0.02188488776897347,9.344132804953703e-05,0.46908655545796146,CM
,235560,Contig_548716.fasta,0.008810413702576342,1.3658885470327985e-05,0.43265264823792565,CM
,235560,Contig_212088.fasta,0.018862365038884436,6.97705300101208e-05,0.46512310046651745,CM
,235560,Contig_985929.fasta,0.014094455560449384,3.5487365419564915e-05,0.4516542848159426,CM
,235560,Contig_1124471.fasta,0.0011978769545061417,0.0,0.3153058214752807,CM
,235560,Contig_24578704.fasta,0.02403579669711335,0.00011518224892875063,0.473357449741342,CM
,235560,Contig_53458.fasta,0.015029573186435165,4.350640363235679e-05,0.45561230678609205,CM
,235560,Contig_369801.fasta,0.010507887232410102,1.8932265647062484e-05,0.44163646915461685,CM
,235560,Contig_498641.fasta,0.017846822955029686,6.317801822071263e-05,0.46466121059515053,CM
,235560,Contig_984991.fasta,0.019644356711440235,7.844501994132944e-05,0.4669798793106951,CM
,235560,Contig_501958.fasta,0.008184398031169996,1.2252108330904813e-05,0.43185402775202264,CM
,235560,Contig_133189.fasta,0.0011509729341999649,0.0,0.3116309284510933,CM
,235560,Contig_62449.fasta,0.021837550440282478,9.289554767114369e-05,0.46908655545796146,CM
,235560,Contig_370912.fasta,0.026884283766615544,0.00014449926984594743,0.47673340710067913,CM
,235560,Contig_542449.fasta,0.0009713025139026849,0.0,0.29400806727572515,CM
,235560,Contig_548885.fasta,0.001923903972625353,2.40407319172139e-07,0.33386645670304427,CM
,235560,Contig_367951.fasta,0.015938881359580874,5.000853670144346e-05,0.4594146677165602,CM
,235560,Contig_1234.fasta,0.020975905106826027,9.256482756513189e-05,0.47073826868140495,CM
,235560,Contig_53375.fasta,0.008623575124972515,1.2748537550894358e-05,0.4375070959039893,CM
,235560,Contig_1064866.fasta,0.002095204513194623,4.4053825444365544e-07,0.3436752398599461,CM
,235560,Contig_55484.fasta,0.021016497979525456,8.073565818591696e-05,0.46535438992473055,CM
,235560,Contig_309986.fasta,0.020543302692251738,8.120742127422215e-05,0.4674463926766399,CM
,235560,Contig_2772.fasta,0.0011521271592071284,0.0,0.3104935892961623,CM
,235560,Contig_133368.fasta,0.021835143435101748,9.395258643511368e-05,0.4700289694317595,CM
,235560,Contig_1062791.fasta,0.006007310912464336,5.596815557147627e-06,0.4151853052966429,CM
,235560,Contig_802396.fasta,0.002483093982981175,5.549167902965866e-07,0.3688717690731703,CM
,235560,Contig_1063340.fasta,0.014044295830139428,3.767656808664604e-05,0.4542852806498219,CM
,235560,Contig_500006.fasta,0.02280682133666724,0.00010205627755134382,0.4700289694317595,CM
,235560,Contig_132445.fasta,0.018486768599840546,6.88859055260595e-05,0.46581765960111154,CM
,235560,Contig_992335.fasta,0.023449263170219784,0.00010478530893506295,0.4712123253467438,CM
,235560,Contig_500492.fasta,0.020937753801211895,8.329580233434936e-05,0.46721301954000655,CM
,235560,Contig_304732.fasta,0.014170727124721848,3.364209196894118e-05,0.453185316289895,CM
,235560,Contig_545842.fasta,0.006719077194568119,7.870834708829714e-06,0.4202189843460409,CM
,235560,Contig_552844.fasta,0.002447440244336864,6.544227109698316e-07,0.3651298002881908,CM
,235560,Contig_57067.fasta,0.0032733689897950988,1.1634371137016196e-06,0.37734987021719074,CM
,235560,Contig_2436.fasta,0.004925839998459546,3.7430178856725047e-06,0.40688159919071004,CM
,235560,Contig_133069.fasta,0.0009284462359242145,0.0,0.29217223794524916,CM
,235560,Contig_420771.fasta,0.020154477972843993,8.082370735567048e-05,0.4674463926766399,CM
,235560,Contig_56861.fasta,0.012557669830405417,2.9377784405067105e-05,0.4488382149345962,CM
,235560,Contig_132069.fasta,0.017350561735137115,6.0569123113597525e-05,0.4623654536258069,CM
,235560,Contig_551070.fasta,0.009420112554941172,1.3830138634732381e-05,0.43730265333580987,CM
,235560,Contig_985077.fasta,0.005831111474316105,6.358243310770856e-06,0.41555403114504136,CM
,235560,Contig_551035.fasta,0.0012386774109533901,0.0,0.31841703917612557,CM
,235560,Contig_545300.fasta,0.0,0.0,0.0,CM
,235560,Contig_542610.fasta,0.002452100886100314,5.724788954296909e-07,0.364702914317472,CM
,235560,Contig_1065239.fasta,0.017235778114894656,5.883801296150876e-05,0.46122606118217496,CM
,235560,Contig_370582.fasta,0.011896681960173532,2.4531012867093092e-05,0.4484080872729435,CM
,235560,Contig_57185.fasta,0.008454107454854169,1.2275415606232336e-05,0.43607999913263423,CM
,235560,Contig_131669.fasta,0.01957878502339376,7.860984764306718e-05,0.4669798793106951,CM
,235560,Contig_136379.fasta,0.018710117368370298,6.489587024107197e-05,0.4630517952195117,CM
,235560,Contig_986919.fasta,0.014732530141593706,3.938692048226719e-05,0.4582897542304766,CM
,235560,Contig_61778.fasta,0.023230309222421117,0.00010855238688064486,0.471925203297344,CM
,235560,Contig_53377.fasta,0.003306358015122142,1.1993126911262863e-06,0.3756835319705472,CM
,235560,Contig_61055.fasta,0.018732182588035617,6.577110378330567e-05,0.46351048941982814,CM
,235560,Contig_932015.fasta,0.015342971312901908,4.442565975473278e-05,0.45873905791109465,CM
,235560,Contig_304943.fasta,0.0037880632334415347,1.79913356785393e-06,0.3946974602018697,CM
,235560,Contig_303410.fasta,0.017417023526795906,6.207175637961914e-05,0.4623654536258069,CM
,235560,Contig_797051.fasta,0.011004974392666279,2.2646889566250048e-05,0.44669578908765306,CM
,235560,Contig_368429.fasta,0.019343732510759225,7.639828703595461e-05,0.4665142961807742,CM
,235560,Contig_369429.fasta,0.010283573058147637,2.0026513572931352e-05,0.44018235095890546,CM
,235560,Contig_498995.fasta,0.022048472522313064,9.621105384517318e-05,0.470501597857533,CM
,235560,Contig_132970.fasta,0.010009052084211174,1.8454014997928057e-05,0.44436262019878114,CM
,235560,Contig_369790.fasta,0.013459655394601297,3.503838634864351e-05,0.4520906657674556,CM
,235560,Contig_498542.fasta,0.0032648493236906305,1.122184195172124e-06,0.3740318457788302,CM
,235560,Contig_369341.fasta,0.020551608384674423,8.160380612268645e-05,0.46721301954000655,CM
,235560,Contig_60785.fasta,0.007623005352173203,9.754996397461291e-06,0.4332535546938116,CM
,235560,Contig_24569917.fasta,0.009010970858947106,1.4238459752571552e-05,0.43466218213591873,CM
,235560,Contig_501535.fasta,0.007834698356455136,1.076795638397961e-05,0.4292787514397399,CM
,235560,Contig_56399.fasta,0.015613498171611763,4.499576742381108e-05,0.4596403134276194,CM
,235560,Contig_498337.fasta,0.026821800590876528,0.00014561688957379578,0.4769763904885999,CM
,235560,Contig_137165.fasta,0.022052738072928908,9.874274824860443e-05,0.47073826868140495,CM
,235560,Contig_992875.fasta,0.01022870169950596,1.8121369420007583e-05,0.4387377769051257,CM
,235560,Contig_136120.fasta,0.02890449733174631,0.00016503791895711127,0.4781950322629704,CM
,235560,Contig_425638.fasta,0.0,0.0,0.0,CM
,235560,Contig_1267810.fasta,0.0254392029301807,0.00012929787951972404,0.47528068976060595,CM
,235560,Contig_370427.fasta,0.0021721132268349044,6.106662224951405e-07,0.3478913301630606,CM
,235560,Contig_131789.fasta,0.021112198485186636,8.668143318808445e-05,0.46861676421564,CM
,235560,Contig_2471.fasta,0.020070387309665667,7.736931806681752e-05,0.4665142961807742,CM
,235560,Contig_1062006.fasta,0.01540705816292552,4.5439312686144084e-05,0.45873905791109465,CM
,235560,Contig_1125243.fasta,0.024365598806051575,0.00011682434036641994,0.4735970031065957,CM
,235560,Contig_57065.fasta,0.008085736518853547,1.1481800898604839e-05,0.4314558221017211,CM
,235560,Contig_61698.fasta,0.015248250261196026,4.2271179161537123e-05,0.4558342319233478,CM
,235560,Contig_302649.fasta,0.018380587346941982,6.70740368089093e-05,0.4644306094980809,CM
,235560,Contig_423091.fasta,0.015943717424081842,4.632221597110953e-05,0.45605637336190696,CM
,235560,Contig_54356.fasta,0.007095931589399365,9.012302609798011e-06,0.4249898629149106,CM
,235560,Contig_546759.fasta,0.0071185605181208695,8.313491562113127e-06,0.4236431317965745,CM
,235560,Contig_307829.fasta,0.02057424186857901,8.432238032710309e-05,0.4674463926766399,CM
,235560,Contig_56065.fasta,0.018674033157563632,7.20031924531234e-05,0.46721301954000655,CM
,235560,Contig_793801.fasta,0.017885136687531028,5.924971094703605e-05,0.46259400797757444,CM
,235560,Contig_809830.fasta,0.008296311764938651,1.3061744968416332e-05,0.43607999913263423,CM
,235560,Contig_57449.fasta,0.01344082012198863,3.3155202581874084e-05,0.4551691041530317,CM
,235560,Contig_55851.fasta,0.008295179688204906,1.0976534776229333e-05,0.4312569945339323,CM
,235560,Contig_54486.fasta,0.012565727595979214,3.109776164194824e-05,0.45035018197239324,CM
,235560,Contig_371875.fasta,0.018775894408584463,7.014367808399576e-05,0.4660496405072874,CM
,235560,Contig_308206.fasta,0.0,0.0,0.0,CM
,235560,Contig_56474.fasta,0.021167968554672095,8.678783651968187e-05,0.46838222129060714,CM
,235560,Contig_54702.fasta,0.0011255291424727453,0.0,0.30773682280126047,CM
,235560,Contig_131749.fasta,0.012410182393532225,3.0241370457239274e-05,0.4488382149345962,CM
,235560,Contig_370036.fasta,0.02552553308952787,0.00013169958461449114,0.4755221941761347,CM
,235560,Contig_986386.fasta,0.013181686988388648,3.060906232127371e-05,0.4542852806498219,CM
,235560,Contig_62203.fasta,0.01946222300549941,7.281033984781153e-05,0.4669798793106951,CM
,235560,Contig_499726.fasta,0.023066544489841592,0.00010478657672093321,0.47097517772452596,CM
,235560,Contig_704029.fasta,0.007410888827128783,1.0705032349467789e-05,0.4314558221017211,CM
,235560,Contig_1275222.fasta,0.015041332132202802,4.756470751462288e-05,0.4594146677165602,CM
,235560,Contig_202090.fasta,0.009767243761137422,1.7807718491958252e-05,0.4439410237849303,CM
,235560,Contig_134602.fasta,0.014169473130445651,3.904920107891892e-05,0.4551691041530317,CM
,235560,Contig_708522.fasta,0.014890605703469964,4.270030875428594e-05,0.4565013064090893,CM
,235560,Contig_553715.fasta,0.006994046111563306,8.352100260560051e-06,0.4255696580894193,CM
,235560,Contig_56788.fasta,0.017653167998910698,5.9636342104590895e-05,0.46282278839695007,CM
,235560,Contig_543246.fasta,0.0,0.0,0.0,CM
,235560,Contig_1064243.fasta,0.015282591010231602,4.3422637124709414e-05,0.457617446522559,CM
,235560,Contig_1064692.fasta,0.00246403636172444,6.139376434462589e-07,0.36684738460942107,CM
,235560,Contig_58108.fasta,0.00252185728193347,7.024226592115197e-07,0.36916279216514125,CM
,235560,Contig_133815.fasta,0.0034487659797383828,1.5666060462190996e-06,0.38181463816345695,CM
,235560,Contig_62147.fasta,0.022001401406552868,9.370962713755502e-05,0.46979301111377164,CM
,235560,Contig_501081.fasta,0.009148961353971825,1.7078935990692445e-05,0.43730265333580987,CM
,235560,Contig_61231.fasta,0.018193714802386747,6.669650734110471e-05,0.4637401774720679,CM
,235560,Contig_24568074.fasta,0.01379604075341898,3.276094000458329e-05,0.4523091726141291,CM
,235560,Contig_546764.fasta,0.015160497816420338,4.398688584799379e-05,0.45561230678609205,CM
,235560,Contig_137630.fasta,0.022233159600755496,9.897004024553737e-05,0.47097517772452596,CM
,235560,Contig_498427.fasta,0.008648490421713428,1.3584925288534153e-05,0.4368943408677092,CM
,235560,Contig_24578527.fasta,0.019476975036377756,7.379278808624763e-05,0.46558590952170803,CM
,235560,Contig_132013.fasta,0.02320088425854313,0.00010066834477053792,0.46955728958285653,CM
,235560,Contig_62777.fasta,0.024162546528486453,0.00011682869655704646,0.4726402414841581,CM
,235560,Contig_550583.fasta,0.023289652820037848,0.00010605921247534489,0.4714497119086313,CM
,235560,Contig_53808.fasta,0.0077491203488845,1.13165642508516e-05,0.4242192557292081,CM
,235560,Contig_802698.fasta,0.02201001592526074,9.684134131103929e-05,0.47097517772452596,CM
,235560,Contig_369414.fasta,0.021744764451458228,9.460888759004298e-05,0.470501597857533,CM
,235560,Contig_621060.fasta,0.021119072640526006,8.610118288417522e-05,0.4681479130258295,CM
,235560,Contig_992910.fasta,0.00906007772140811,1.27970929097299e-05,0.43365508718194307,CM
,235560,Contig_4802.fasta,0.020888599231437797,8.710780295316037e-05,0.46908655545796146,CM
,235560,Contig_53766.fasta,0.012706104269628031,3.21741619825313e-05,0.44862304800509734,CM
,235560,Contig_201.fasta,0.006859364363774597,7.934726145527492e-06,0.4196536673267413,CM
,235560,Contig_425070.fasta,0.01796728836660792,6.137635049908954e-05,0.46282278839695007,CM
,235560,Contig_425833.fasta,0.009521908324474053,1.4527641927890153e-05,0.43935571743597795,CM
,235560,Contig_797704.fasta,0.011497729994454317,2.4431111512948026e-05,0.44669578908765306,CM
,235560,Contig_627634.fasta,0.025392788013318096,0.0001304641458206535,0.4750394305272249,CM
,235560,Contig_991161.fasta,0.022948294359249496,0.00010698181405484545,0.4724016547898198,CM
,235560,Contig_545925.fasta,0.0013494650171697454,0.0,0.3311492137787095,CM
,235560,Contig_131611.fasta,0.0049510721804129675,3.829645868262254e-06,0.40973190811673954,CM
,235560,Contig_552125.fasta,0.016022332630287843,5.191956148182619e-05,0.45873905791109465,CM
,235560,Contig_138251.fasta,0.005647663366609311,5.4151690540882795e-06,0.4118959850962293,CM
,235560,Contig_55132.fasta,0.012947443302810283,3.390126178634907e-05,0.45384465477140307,CM
,235560,Contig_139680.fasta,0.019373139354745345,7.349529372029185e-05,0.4660496405072874,CM
,235560,Contig_55177.fasta,0.004314225128273954,2.820099297910572e-06,0.3900907370315269,CM
,235560,Contig_1067090.fasta,0.018974098382095114,6.781984042416704e-05,0.4639700932764666,CM
,235560,Contig_501431.fasta,0.013719627024207856,3.280731134057016e-05,0.4499171529512659,CM
,235560,Contig_499446.fasta,0.019497202380412238,7.558582600412094e-05,0.4669798793106951,CM
,235560,Contig_136280.fasta,0.016580462062312302,5.282513357570661e-05,0.46054511719420915,CM
,235560,Contig_425598.fasta,0.0,0.0,0.0,CM
,235560,Contig_56039.fasta,0.010234740571017028,1.709748963145624e-05,0.4375070959039893,CM
,235560,Contig_59601.fasta,0.012597529194154727,3.0149518998246627e-05,0.45013356331824583,CM
,235560,Contig_502702.fasta,0.01765494836833133,5.906004958472756e-05,0.4616811436303074,CM
,235560,Contig_544473.fasta,0.022393777638035843,9.988330155838943e-05,0.47073826868140495,CM
,235560,Contig_551703.fasta,0.02429075254224365,0.00011417792581394047,0.4724016547898198,CM
,235560,Contig_988522.fasta,0.013938235215592948,4.1529226180807565e-05,0.4562787314181536,CM
,235560,Contig_371356.fasta,0.015505626474611432,4.552105590821712e-05,0.45873905791109465,CM
,235560,Contig_626449.fasta,0.019532638086153846,7.402021519103287e-05,0.46512310046651745,CM
,235560,Contig_548610.fasta,0.017857776992578286,5.9608741647812414e-05,0.4637401774720679,CM
,235560,Contig_425664.fasta,0.008096262325602484,1.1914418039115983e-05,0.4320534063428592,CM
,235560,Contig_24566569.fasta,0.0,0.0,0.0,CM
,235560,Contig_548279.fasta,0.0013494650171697454,0.0,0.3311492137787095,CM
,235560,Contig_58194.fasta,0.020990238051125067,8.830803652787383e-05,0.46955728958285653,CM
,235560,Contig_368907.fasta,0.017718474418321806,5.736543655621929e-05,0.4621371250067324,CM
,235560,Contig_131846.fasta,0.0011509729341999649,0.0,0.3116309284510933,CM
,235560,Contig_991730.fasta,0.02566797783424949,0.00012709089189556197,0.4745576461149255,CM
,235560,Contig_368942.fasta,0.0009713025139026849,0.0,0.29400806727572515,CM
,235560,Contig_501775.fasta,0.015164841900169654,4.459332744609394e-05,0.45873905791109465,CM
,235560,Contig_368101.fasta,0.02376632209194709,0.00011076630480726302,0.4731181385938489,CM
,235560,Contig_24.fasta,0.0025329132386255233,6.997211195660031e-07,0.36684738460942107,CM
,235560,Contig_1066255.fasta,0.026735388564316575,0.00014720512236243052,0.4772196216923167,CM
,235560,Contig_929331.fasta,0.018636195164267313,7.013196018882973e-05,0.46581765960111154,CM
,235560,Contig_987858.fasta,0.022370880707161426,9.891569224719464e-05,0.47168733777148847,CM
,235560,Contig_55763.fasta,0.015685341038214298,4.69787286903136e-05,0.46009227047130435,CM
,235560,Contig_420346.fasta,0.009200576241928616,1.453378434781892e-05,0.43709840174620884,CM
,235560,Contig_370486.fasta,0.01620433003903069,5.3262454010934885e-05,0.46077187500671246,CM
,235560,Contig_420797.fasta,0.005781039340732116,5.132665681065444e-06,0.4120773571724496,CM
,235560,Contig_2842.fasta,0.0037068111629365084,2.231280104932983e-06,0.39603371905993784,CM
,235560,Contig_54955.fasta,0.02244288569436883,0.00010106126023320007,0.471925203297344,CM
,235560,Contig_53894.fasta,0.018803361538644526,6.453367325484428e-05,0.46466121059515053,CM
,235560,Contig_54153.fasta,0.01924198749648172,7.32030299111376e-05,0.4644306094980809,CM
,235560,Contig_1061936.fasta,0.011278684193610576,2.3868982605251904e-05,0.4449965183731018,CM
,235560,Contig_55116.fasta,0.024541429585083225,0.0001190578556166813,0.4731181385938489,CM
,235560,Contig_922.fasta,0.0,0.0,0.0,CM
,235560,Contig_552669.fasta,0.006011624946200036,5.967325057403014e-06,0.4209751138725295,CM
,235560,Contig_1270681.fasta,0.01641214597198392,5.2622777177329184e-05,0.4603185824587472,CM
,235560,Contig_986945.fasta,0.020226007620285494,8.060976535503552e-05,0.46861676421564,CM
,235560,Contig_137360.fasta,0.02335447657934913,0.00010852277117344773,0.4721633088489572,CM
,235560,Contig_985270.fasta,0.011783819220527106,2.5640106531586197e-05,0.44797878321619583,CM
,235560,Contig_59388.fasta,0.012842513544688313,3.171217967748002e-05,0.4518723699365684,CM
,235560,Contig_138131.fasta,0.02222452533685682,9.723496729808436e-05,0.47097517772452596,CM
,235560,Contig_4065.fasta,0.02267275634106882,9.9847704626995e-05,0.46955728958285653,CM
,235560,Contig_53742.fasta,0.0010240017270150765,0.0,0.2994648570043626,CM
,235560,Contig_371523.fasta,0.015083988899495873,4.7568137872702075e-05,0.4578413298134213,CM
,235560,Contig_24574115.fasta,0.020977548073187708,8.574729404136064e-05,0.46861676421564,CM
,235560,Contig_422544.fasta,0.008199424952299089,1.3261775274651338e-05,0.4310583501329494,CM
,235560,Contig_499233.fasta,0.020509009784936104,8.009308877717148e-05,0.4662818525852681,CM
,235560,Contig_542382.fasta,0.0,0.0,0.0,CM
,235560,Contig_542716.fasta,0.014433984667909565,3.747258520961076e-05,0.45494782602753187,CM
,235560,Contig_131534.fasta,0.004538245883194979,3.1010073789680603e-06,0.3965371517536581,CM
,235560,Contig_1066498.fasta,0.024346214491726633,0.00011784273313881364,0.4735970031065957,CM
,235560,Contig_137822.fasta,0.004941386651430189,4.047412475829765e-06,0.4117147726082856,CM
,235560,Contig_59872.fasta,0.023246310273068484,0.00010616840948735955,0.47168733777148847,CM
,235560,Contig_498523.fasta,0.006587782681438889,8.541931996693982e-06,0.4190898692962978,CM
,235560,Contig_57119.fasta,0.023479892928036282,0.0001089598505468938,0.4724016547898198,CM
,235560,Contig_1067031.fasta,0.008691728742654881,1.4720318390304625e-05,0.4399754010994984,CM
,235560,Contig_372145.fasta,0.007066649777685619,8.06567139620746e-06,0.4275137862670777,CM
,235560,Contig_1062612.fasta,0.009290450359355546,1.3291205202695983e-05,0.4362832998315306,CM
,235560,Contig_422254.fasta,0.027877962439904556,0.0001529841531109501,0.4769763904885999,CM
,235560,Contig_1123102.fasta,0.016259238224829064,4.690543969855563e-05,0.457617446522559,CM
,235560,Contig_59049.fasta,0.019430387505247355,7.644283121281524e-05,0.4669798793106951,CM
,235560,Contig_209172.fasta,0.025398031674619043,0.0001295654821477521,0.47479841610280726,CM
,235560,Contig_56634.fasta,0.0036865460573799126,2.1970105933869506e-06,0.38992819922443045,CM
,235560,Contig_3298.fasta,0.0,0.0,0.0,CM
,235560,Contig_369021.fasta,0.019280885564699948,6.987463932662024e-05,0.4669798793106951,CM
,235560,Contig_304922.fasta,0.01799313675464014,6.604050500157572e-05,0.46512310046651745,CM
,235560,Contig_930796.fasta,0.017494805126499393,6.115794502275369e-05,0.46282278839695007,CM
,235560,Contig_368021.fasta,0.016696536212504748,5.3703815455000126e-05,0.4623654536258069,CM
,235560,Contig_545617.fasta,0.0,0.0,0.0,CM
,235560,Contig_131608.fasta,0.003565674611429267,1.6963454492181332e-06,0.38734589326930174,CM
,235560,Contig_370934.fasta,0.02447186816421746,0.00011980289905041208,0.47407683796283334,CM
,235560,Contig_369398.fasta,0.023543522151572644,0.00011160836337682885,0.4731181385938489,CM
,235560,Contig_1064046.fasta,0.016330370733534987,5.039999916181652e-05,0.4594146677165602,CM
,235560,Contig_991399.fasta,0.024242455315853007,0.00011334897849335164,0.4721633088489572,CM
,235560,Contig_55830.fasta,0.022888868879366357,0.0001007738646792076,0.4700289694317595,CM
,235560,Contig_57305.fasta,0.003275080937503201,1.4768600286436278e-06,0.37750208880138486,CM
,235560,Contig_1063323.fasta,0.025925514476965263,0.00013299206519698162,0.47528068976060595,CM
,235560,Contig_554259.fasta,0.0,0.0,0.0,CM
,235560,Contig_1066500.fasta,0.013910618648432621,3.329299987785235e-05,0.45296596231298797,CM
,235560,Contig_59255.fasta,0.0024621969427550167,4.993697167802343e-07,0.36427702535563766,CM
,235560,Contig_371829.fasta,0.02387594208800374,0.00011827572593150752,0.47383679905753573,CM
,235560,Contig_500065.fasta,0.00814809118075571,1.1715728386641155e-05,0.43305306716271774,CM
,235560,Contig_368285.fasta,0.006898179737317518,8.754015628639887e-06,0.4236431317965745,CM
,235560,Contig_542537.fasta,0.0035513512122507846,1.355780705393654e-06,0.3843234817817795,CM
,235560,Contig_986865.fasta,0.01779210849225697,6.331485005005195e-05,0.46282278839695007,CM
,235560,Contig_60641.fasta,0.01842791019392567,6.79403877274834e-05,0.4639700932764666,CM
,235560,Contig_425558.fasta,0.00720708628484823,8.595599780222356e-06,0.4249898629149106,CM
,235560,Contig_1262982.fasta,0.008516705793708841,1.1879197635256037e-05,0.43466218213591873,CM
,235560,Contig_305.fasta,0.002265538341574818,7.537885321163482e-07,0.35314252005231433,CM
,235560,Contig_420386.fasta,0.02343014542547748,0.00010660752966406637,0.47168733777148847,CM
,235560,Contig_553448.fasta,0.001239810371720268,0.0,0.31841703917612557,CM
,235560,Contig_138817.fasta,0.0069751117826669816,7.856916228676932e-06,0.421924110973234,CM
,235560,Contig_371446.fasta,0.008389221700651619,1.182767504380959e-05,0.43265264823792565,CM
,235560,Contig_994196.fasta,0.019369602972831468,7.247361098992763e-05,0.46581765960111154,CM
,235560,Contig_501364.fasta,0.025495320309115548,0.0001331170769425671,0.47576394414775447,CM
,235560,Contig_546659.fasta,0.016464796601437695,5.446721090356072e-05,0.4616811436303074,CM
,235560,Contig_990528.fasta,0.024999632629821165,0.0001228181237028468,0.473357449741342,CM
,235560,Contig_371562.fasta,0.025435989118820442,0.0001279036449619407,0.4745576461149255,CM
,235560,Contig_423997.fasta,0.027774952529886262,0.00015329283272760816,0.47673340710067913,CM
,235560,Contig_57926.fasta,0.00469071889184753,3.614071685299628e-06,0.4038962788686375,CM
,235560,Contig_309752.fasta,0.00479590939360235,3.7746726863276754e-06,0.4083017792925973,CM
,235560,Contig_57120.fasta,0.014977642657495748,4.168446692199838e-05,0.4573937820814434,CM
,235560,Contig_200999.fasta,0.01090967971382882,2.165528476595049e-05,0.4460570439173656,CM
,235560,Contig_499237.fasta,0.007148845872180146,8.654988176158823e-06,0.4246042096817754,CM
,235560,Contig_542386.fasta,0.0021562563949057236,7.047962212453229e-07,0.3476328670648711,CM
,235560,Contig_131530.fasta,0.01197426151581051,2.7491208174038275e-05,0.4481933324418741,CM
,235560,Contig_501205.fasta,0.02756504162384085,0.00015133895285452068,0.4774631010911394,CM
,235560,Contig_2219.fasta,0.0,0.0,0.0,CM
,235560,Contig_139618.fasta,0.028044709316691948,0.00015477118075027754,0.4774631010911394,CM
,235560,Contig_549709.fasta,0.006127397235414422,5.780053032076203e-06,0.4192776335746564,CM
,235560,Contig_502136.fasta,0.025407006627130354,0.00013016800581455574,0.47528068976060595,CM
,235560,Contig_132297.fasta,0.01529970647443057,4.767519024552161e-05,0.4596403134276194,CM
,235560,Contig_305531.fasta,0.028953180885471403,0.0001635509750751548,0.47770682906515216,CM
,235560,Contig_61421.fasta,0.026724787327261156,0.00014130686390027657,0.47624818225884635,CM
,235560,Contig_500205.fasta,0.005947966278577222,5.94533827966723e-06,0.4190898692962978,CM
,235560,Contig_59070.fasta,0.026747959892405998,0.00013912130047131387,0.47528068976060595,CM
,235560,Contig_929505.fasta,0.017423529278170372,5.981626961178879e-05,0.4637401774720679,CM
,235560,Contig_24570476.fasta,0.018348141776111708,6.706674137459039e-05,0.4623654536258069,CM
,235560,Contig_53402.fasta,0.017712116191087715,6.264316601841115e-05,0.46259400797757444,CM
,235560,Contig_53447.fasta,0.01981289143691066,7.952028797061224e-05,0.46721301954000655,CM
,235560,Contig_137449.fasta,0.008009451189159167,1.2028207160912975e-05,0.4296729468037801,CM
,235560,Contig_133990.fasta,0.0,0.0,0.0,CM
,235560,Contig_134851.fasta,0.023353804506908996,0.00010486516038468492,0.47097517772452596,CM
,235560,Contig_425439.fasta,0.01893672835181694,6.394203472221658e-05,0.464200237171941,CM
,235560,Contig_131631.fasta,0.004699108510740601,3.1895940206711345e-06,0.403547942276254,CM
,235560,Contig_1261393.fasta,0.01312687818827292,3.415817632547802e-05,0.4547267629439422,CM
,235560,Contig_369735.fasta,0.0116078335517724,2.728835545072927e-05,0.4499171529512659,CM
,235560,Contig_56198.fasta,0.02429274659808938,0.00011396569705204087,0.4724016547898198,CM
,235560,Contig_307546.fasta,0.004530702957705846,3.078516581160027e-06,0.3967052471973858,CM
,235560,Contig_303510.fasta,0.0011521271592071284,0.0,0.3104935892961623,CM
,235560,Contig_372408.fasta,0.0035528993062532983,1.9771205279961227e-06,0.38670565212340213,CM
,235560,Contig_131842.fasta,0.006169123609720453,6.170396358689897e-06,0.4209751138725295,CM
,235560,Contig_368140.fasta,0.016812280204807788,5.428698424109065e-05,0.46259400797757444,CM
,235560,Contig_986732.fasta,0.016334372938721572,5.188354754594257e-05,0.457617446522559,CM
,235560,Contig_302982.fasta,0.0070678792502007,8.945889312356593e-06,0.4265395069000151,CM
,235560,Contig_988949.fasta,0.015569884291830696,4.674489932401831e-05,0.45986618090350523,CM
,235560,Contig_61678.fasta,0.026865771416155704,0.00013997172291069286,0.47576394414775447,CM
,235560,Contig_498868.fasta,0.01503604031460236,4.4533308248843045e-05,0.4565013064090893,CM
,235560,Contig_1065964.fasta,0.0,0.0,0.0,CM
,235560,Contig_57454.fasta,0.02452420057135205,0.00011711427390514167,0.4731181385938489,CM
,235560,Contig_370810.fasta,0.01587559541084576,4.463000918681354e-05,0.45605637336190696,CM
,235560,Contig_372325.fasta,0.027392847919280677,0.0001509219806393307,0.4772196216923167,CM
,235560,Contig_542961.fasta,0.0037280594056310467,1.9221575330257002e-06,0.39436480326111806,CM
,235560,Contig_58291.fasta,0.011719016997163385,2.563960319917731e-05,0.44797878321619583,CM
,235560,Contig_555161.fasta,0.01758702088426695,6.3395636731176e-05,0.46512310046651745,CM
,235560,Contig_711078.fasta,0.023083421887537547,0.00010645578027333203,0.4721633088489572,CM
,235560,Contig_502392.fasta,0.014181896410021206,4.094745316295593e-05,0.4571703361693371,CM
,235560,Contig_553434.fasta,0.014183477065348574,3.847907468110193e-05,0.45694710846612946,CM
,235560,Contig_135566.fasta,0.019753198192844983,7.438104954498388e-05,0.46535438992473055,CM
,235560,Contig_201082.fasta,0.01632320167856966,5.179658124808393e-05,0.4591892434438828,CM
,235560,Contig_544432.fasta,0.013859199908262617,3.5036979295294035e-05,0.45450591458894274,CM
,235560,Contig_132870.fasta,0.010260125135073348,1.789530748643938e-05,0.4410121009135877,CM
,235560,Contig_553471.fasta,0.020802109377160104,8.897749111755847e-05,0.4700289694317595,CM
,235560,Contig_1037.fasta,0.0,0.0,0.0,CM
,235560,Contig_702135.fasta,0.014973159176381081,3.958977994978292e-05,0.45494782602753187,CM
,235560,Contig_61579.fasta,0.012697430106092856,2.9091501457214755e-05,0.4499171529512659,CM
,235560,Contig_56384.fasta,0.02296122145107331,9.769102544548736e-05,0.46979301111377164,CM
,235560,Contig_371783.fasta,0.009471266505633546,1.7363223802580424e-05,0.4397686457418388,CM
,235560,Contig_303179.fasta,0.004778972666512121,2.893651195457953e-06,0.40233348157292914,CM
,235560,Contig_370352.fasta,0.01623687334391651,4.953084641672545e-05,0.4582897542304766,CM
,235560,Contig_422425.fasta,0.01276960609946178,2.9090803184285097e-05,0.4510012906692208,CM
,235560,Contig_1063026.fasta,0.01537523367811289,4.787817724111523e-05,0.457617446522559,CM
,235560,Contig_371407.fasta,0.02880136401880452,0.00016451776158382534,0.4781950322629704,CM
,235560,Contig_4902.fasta,0.021812156880131984,8.809731848059902e-05,0.46767999906978164,CM
,235560,Contig_4141.fasta,0.02015986872325874,8.04210659321496e-05,0.4681479130258295,CM
,235560,Contig_53623.fasta,0.017549225761834604,6.206778339128689e-05,0.464200237171941,CM
,235560,Contig_992810.fasta,0.011841141297137448,2.5142934580291192e-05,0.4481933324418741,CM
,235560,Contig_544367.fasta,0.001075218445566847,0.0,0.3037415378573947,CM
,235560,Contig_58581.fasta,0.018804618233128127,7.186051305075294e-05,0.466746971640216,CM
,235560,Contig_58115.fasta,0.02249906834527214,9.768911380624974e-05,0.47026516489378545,CM
,235560,Contig_550017.fasta,0.004402067891090452,2.685987737065146e-06,0.39139593397684364,CM
,235560,Contig_368514.fasta,0.006705906120280642,7.2065171232173604e-06,0.41890227311487604,CM
,235560,Contig_370392.fasta,0.02205471812043294,9.59960496959998e-05,0.4700289694317595,CM
,235560,Contig_208096.fasta,0.004421921281152868,2.682673915444282e-06,0.39586619210602075,CM
,235560,Contig_4205.fasta,0.0023174961167369257,4.1094054936655476e-07,0.35637002213961655,CM
,235560,Contig_1064672.fasta,0.018645891922071774,7.129631665505121e-05,0.46581765960111154,CM
,235560,Contig_59251.fasta,0.00910746118945552,1.4842676290758928e-05,0.4340573646283085,CM
,235560,Contig_3038.fasta,0.013336240904221619,3.3478877170000305e-05,0.45539059763437134,CM
,235560,Contig_135971.fasta,0.021905789945494962,9.478585105940701e-05,0.46979301111377164,CM
,235560,Contig_502317.fasta,0.010893028498650871,2.1900040447701344e-05,0.44542012286465166,CM
,235560,Contig_61645.fasta,0.012154702715552392,2.5444812149259975e-05,0.44905358835826925,CM
,235560,Contig_62576.fasta,0.020729841390282708,8.577835919776466e-05,0.46932180448276484,CM
,235560,Contig_542533.fasta,0.0032866016666601963,1.896563880445748e-06,0.3778068946865697,CM
,235560,Contig_131711.fasta,0.009853925827273674,1.766534483327037e-05,0.4420536977508895,CM
,235560,Contig_422009.fasta,0.00787760157593755,9.522988626001432e-06,0.4273185744925265,CM
,235560,Contig_62533.fasta,0.01994218426574677,7.330465361398382e-05,0.46489204080408997,CM
,235560,Contig_993317.fasta,0.027423639073998172,0.0001513226842333335,0.4772196216923167,CM
,235560,Contig_985521.fasta,0.0022076249088663546,5.951599347487225e-07,0.34815017787895575,CM
,235560,Contig_543303.fasta,0.012700609422890294,3.283266332216755e-05,0.45143641010064306,CM
,235560,Contig_929538.fasta,0.011847793199808925,2.7559998448560305e-05,0.45013356331824583,CM
,235560,Contig_542346.fasta,0.0,0.0,0.0,CM
,235560,Contig_58424.fasta,0.005861412521955114,5.4019352891507315e-06,0.41684974527333324,CM
,235560,Contig_797832.fasta,0.01940107541549758,7.315346673955665e-05,0.46466121059515053,CM
,235560,Contig_368823.fasta,0.024223992106502324,0.00011459919936050378,0.47287906929693435,CM
,235560,Contig_548470.fasta,0.004404904917948034,3.992705558344836e-06,0.3940327065846876,CM
,235560,Contig_57574.fasta,0.02790616250097428,0.0001585455589220905,0.4781950322629704,CM
,235560,Contig_988707.fasta,0.024330373025917368,0.00011798349611086163,0.4731181385938489,CM
,235560,Contig_421262.fasta,0.020704951698843073,7.722205005672152e-05,0.4644306094980809,CM
,235560,Contig_985249.fasta,0.012754735176076526,3.5206746105123594e-05,0.4542852806498219,CM
,235560,Contig_371975.fasta,0.015526340996352667,4.5177599411575474e-05,0.4578413298134213,CM
,235560,Contig_56531.fasta,0.021766623464137914,9.290361331108078e-05,0.46791383906931655,CM
,235560,Contig_1063517.fasta,0.016638139792607,5.242062832798298e-05,0.46259400797757444,CM
,235560,Contig_990987.fasta,0.021049161157524386,8.492139314137747e-05,0.46908655545796146,CM
,235560,Contig_993626.fasta,0.015238158966106976,4.4210901205395545e-05,0.45605637336190696,CM
,235560,Contig_542496.fasta,0.004590829221348721,3.3639762190939107e-06,0.4004397424641134,CM
,235560,Contig_372104.fasta,0.02516511883249404,0.0001243126995925981,0.47407683796283334,CM
,235560,Contig_131548.fasta,0.01327085978920534,3.356995213263456e-05,0.45450591458894274,CM
,235560,Contig_308042.fasta,0.012163861315620033,2.8310113786925417e-05,0.4516542848159426,CM
,235560,Contig_421163.fasta,0.004602353709515252,3.139903923013123e-06,0.40337399919768663,CM
,235560,Contig_54197.fasta,0.015200281032873486,4.3791331424903324e-05,0.45561230678609205,CM
,235560,Contig_990000.fasta,0.02184142751511177,9.327894041420176e-05,0.46932180448276484,CM
,235560,Contig_369631.fasta,0.019336060553018123,7.306557331326671e-05,0.46512310046651745,CM
,235560,Contig_543552.fasta,0.016875518023623498,5.557862899947856e-05,0.4596403134276194,CM
,235560,Contig_542517.fasta,0.018664139294387348,6.880063810002241e-05,0.46512310046651745,CM
,235560,Contig_131735.fasta,0.011657403914929332,2.5054616049155334e-05,0.4484080872729435,CM
,235560,Contig_5549.fasta,0.010409343361910654,2.126074557023062e-05,0.44457371883070457,CM
,235560,Contig_501494.fasta,0.01374460668389081,3.604828915789216e-05,0.45450591458894274,CM
,235560,Contig_1062303.fasta,0.02086550043491528,8.583181291207396e-05,0.4681479130258295,CM
,235560,Contig_368159.fasta,0.008216042120622689,1.2876295928258145e-05,0.43305306716271774,CM
,235560,Contig_1199449.fasta,0.012410302138116199,2.8367797674147158e-05,0.44905358835826925,CM
,235560,Contig_704055.fasta,0.014688705639731871,4.2983473522756404e-05,0.45694710846612946,CM
,235560,Contig_55016.fasta,0.008585745163487818,1.2508397042554028e-05,0.4358768878149199,CM
,235560,Contig_54053.fasta,0.007379217210886762,9.647988551528927e-06,0.4332535546938116,CM
,235560,Contig_546419.fasta,0.010222967496713952,1.660360019479982e-05,0.4368943408677092,CM
,235560,Contig_59189.fasta,0.0243487039420723,0.00011873209895789781,0.4735970031065957,CM
,235560,Contig_59558.fasta,0.006845587688542433,8.51031035050683e-06,0.4267340073591578,CM
,235560,Contig_546876.fasta,0.0036315475468897793,1.5900805153157732e-06,0.3884714313568423,CM
,235560,Contig_548299.fasta,0.018951906157912615,6.923077300944083e-05,0.4630517952195117,CM
,235560,Contig_60525.fasta,0.010385271834239502,2.0612066564935698e-05,0.43832678132957054,CM
,235560,Contig_550033.fasta,0.001239810371720268,0.0,0.31841703917612557,CM
,235560,Contig_208849.fasta,0.01990755012364159,7.41882980758711e-05,0.46512310046651745,CM
,235560,Contig_57061.fasta,0.020790348425962474,8.371824545751046e-05,0.46721301954000655,CM
,235560,Contig_1062496.fasta,0.01725070612793232,5.983565105091015e-05,0.4616811436303074,CM
,235560,Contig_303608.fasta,0.014282595938969491,3.5527404843645756e-05,0.45362466220971065,CM
,235560,Contig_420777.fasta,0.019709231360857282,7.722601769854137e-05,0.4674463926766399,CM
,235560,Contig_1063002.fasta,0.019284836139822358,7.28355080066668e-05,0.464200237171941,CM
,235560,Contig_54352.fasta,0.0022226820635963475,4.840788227517624e-07,0.3514185798492802,CM
,235560,Contig_1063047.fasta,0.004622584701825326,2.966639145159177e-06,0.39975552248553314,CM
,235560,Contig_53607.fasta,0.022156684959411456,9.973443710083346e-05,0.471925203297344,CM
,235560,Contig_372120.fasta,0.022007280173463324,9.703929392804281e-05,0.47026516489378545,CM
,235560,Contig_549384.fasta,0.022220193077844553,9.361204530723551e-05,0.46932180448276484,CM
,235560,Contig_1061993.fasta,0.019218180317725448,7.287030469788643e-05,0.464200237171941,CM
,235560,Contig_553689.fasta,0.00657782520741347,7.493050893610668e-06,0.4177802134547469,CM
,235560,Contig_990531.fasta,0.0245080785301344,0.00011975950646536864,0.47479841610280726,CM
,235560,Contig_554020.fasta,0.014165691152399698,3.7138250446888504e-05,0.45406486081447506,CM
,235560,Contig_502647.fasta,0.012937953736439608,3.1134976793564216e-05,0.4516542848159426,CM
,235560,Contig_135462.fasta,0.00969467844913773,1.6989704369144746e-05,0.4437305254332068,CM
,235560,Contig_1063919.fasta,0.01431813766056271,4.1160515695394305e-05,0.4573937820814434,CM
,235560,Contig_372299.fasta,0.011481637925848526,2.7948256874416632e-05,0.44669578908765306,CM
,235560,Contig_622402.fasta,0.02190728260206455,9.123322162708665e-05,0.46979301111377164,CM
,235560,Contig_1065023.fasta,0.020717385684263505,8.66823360397068e-05,0.46908655545796146,CM
,235560,Contig_552588.fasta,0.008237350685421516,1.1373825598315264e-05,0.43225296911715155,CM
,235560,Contig_367957.fasta,0.013501278600184923,3.50250058786642e-05,0.4516542848159426,CM
,235560,Contig_308367.fasta,0.023335297677208197,0.00010465834743476942,0.47097517772452596,CM
,235560,Contig_59368.fasta,0.025712141583875667,0.0001344610293841486,0.47600594005016944,CM
,235560,Contig_705620.fasta,0.01952986780642329,7.858836270036905e-05,0.4669798793106951,CM
,235560,Contig_305590.fasta,0.021776894092320587,9.016988941786975e-05,0.4674463926766399,CM
,235560,Contig_554364.fasta,0.01269666690021154,3.106725466092646e-05,0.4510012906692208,CM
,235560,Contig_502546.fasta,0.01435445328009976,3.845171207977371e-05,0.45694710846612946,CM
,235560,Contig_985191.fasta,0.01664023843568496,5.6058879893698536e-05,0.4621371250067324,CM
,235560,Contig_425799.fasta,0.02488549513243389,0.00012444221645732458,0.47407683796283334,CM
,235560,Contig_368001.fasta,0.017063486767497634,5.7636907302585264e-05,0.4609988562259276,CM
,235560,Contig_501675.fasta,0.021025152987039098,8.361423119645257e-05,0.46721301954000655,CM
,235560,Contig_62362.fasta,0.014088745653686466,4.2917111445681374e-05,0.4591892434438828,CM
,235560,Contig_60857.fasta,0.013984439024685403,3.945163855611124e-05,0.4558342319233478,CM
,235560,Contig_202275.fasta,0.012350961654347882,3.151029981315899e-05,0.44776443930078136,CM
,235560,Contig_131650.fasta,0.022156269531464382,0.00010140930530441282,0.4714497119086313,CM
,235560,Contig_542472.fasta,0.005612287806944983,4.755549533236009e-06,0.4091944373146625,CM
,235560,Contig_547680.fasta,0.009520252814883648,1.8242550290770528e-05,0.4420536977508895,CM
,235560,Contig_499586.fasta,0.0057969270604633725,5.337104531108922e-06,0.4142663471175888,CM
,235560,Contig_136305.fasta,0.021987033377201957,9.211432082724026e-05,0.4681479130258295,CM
,235560,Contig_369711.fasta,0.013882589280529895,3.521991438380624e-05,0.45296596231298797,CM
,235560,Contig_61741.fasta,0.022196772042984484,9.748212934175223e-05,0.470501597857533,CM
,235560,Contig_498586.fasta,0.02371672238104053,0.0001113118555787152,0.47287906929693435,CM
,235560,Contig_138210.fasta,0.0025316354800934055,6.170472303067634e-07,0.3706248230252012,CM
,235560,Contig_1522.fasta,0.004107796759740702,2.563874529416466e-06,0.3844813796789782,CM
,235560,Contig_54173.fasta,0.0023874393688184396,6.178793927544849e-07,0.36230262413419784,CM
,235560,Contig_58478.fasta,0.011867568584124355,2.5450471810442276e-05,0.4462697559077888,CM
,235560,Contig_2611.fasta,0.020687819858898202,8.62855688519892e-05,0.46979301111377164,CM
,235560,Contig_547115.fasta,0.024214253319236746,0.00011533413768598107,0.47287906929693435,CM
,235560,Contig_368410.fasta,0.019302894287697474,7.688227253041398e-05,0.4660496405072874,CM
,235560,Contig_547150.fasta,0.010764639452451935,1.9794301226029736e-05,0.4435202266059872,CM
,235560,Contig_550156.fasta,0.01843641467913984,6.252764590874854e-05,0.46054511719420915,CM
,235560,Contig_60405.fasta,0.019756771911093044,7.772784784963643e-05,0.466746971640216,CM
,235560,Contig_59852.fasta,0.02892902566267295,0.0001701505300356777,0.47917443837103585,CM
,235560,Contig_985114.fasta,0.015630553294879338,5.093572454715437e-05,0.46077187500671246,CM
,235560,Contig_502586.fasta,0.01853674177067464,6.891128769458032e-05,0.46466121059515053,CM
,235560,Contig_201696.fasta,0.006975071347830908,7.91218957191849e-06,0.42615103740374916,CM
,235560,Contig_56590.fasta,0.011927588771304518,2.785095697198596e-05,0.4497009505711836,CM
,235560,Contig_369378.fasta,0.022403453709983614,0.00010105483812251456,0.471925203297344,CM
,235560,Contig_424031.fasta,0.025566221534018288,0.0001292168752484804,0.47479841610280726,CM
,235560,Contig_549045.fasta,0.0,0.0,0.0,CM
,235560,Contig_138952.fasta,0.018563714705944333,6.801547003260093e-05,0.4639700932764666,CM
,235560,Contig_500549.fasta,0.01638507472756756,4.9180747262901385e-05,0.4596403134276194,CM
,235560,Contig_54272.fasta,0.019992661454654528,7.754623793004493e-05,0.4669798793106951,CM
,235560,Contig_53762.fasta,0.020486931211158993,8.279161247172052e-05,0.46767999906978164,CM
,235560,Contig_57141.fasta,0.00359841317853683,1.8658095115609155e-06,0.3909054628816345,CM
,235560,Contig_420657.fasta,0.0,0.0,0.0,CM
,235560,Contig_804876.fasta,0.020920222990603376,8.533012976530923e-05,0.4681479130258295,CM
,235560,Contig_367997.fasta,0.00917697441574587,1.403111613065065e-05,0.4348641627038258,CM
,235560,Contig_54093.fasta,0.020778765851554436,8.265912390099748e-05,0.466746971640216,CM
,235560,Contig_985009.fasta,0.0036168881415395786,2.034297224905847e-06,0.39205181321266575,CM
,235560,Contig_209831.fasta,0.01717300349970496,6.124123989437154e-05,0.4630517952195117,CM
,235560,Contig_59149.fasta,0.02879895425690134,0.00016428425693487718,0.47770682906515216,CM
,235560,Contig_54407.fasta,0.01648862711215506,5.285211049495338e-05,0.4603185824587472,CM
,235560,Contig_305408.fasta,0.012009483184984888,2.7189698982764762e-05,0.45013356331824583,CM
,235560,Contig_501379.fasta,0.017445026721214788,5.593025023970003e-05,0.46122606118217496,CM
,235560,Contig_55093.fasta,0.018218769857991802,6.35396796922594e-05,0.4619090217860973,CM
,235560,Contig_806573.fasta,0.012759878265145325,2.853935198499424e-05,0.45035018197239324,CM
,235560,Contig_60235.fasta,0.027551748620519605,0.00015036333714174113,0.47673340710067913,CM
,235560,Contig_501085.fasta,0.0011849538810030386,0.0,0.31541209239589924,CM
,235560,Contig_302635.fasta,0.01721721015780957,5.825888009404573e-05,0.4621371250067324,CM
,235560,Contig_213217.fasta,0.0010240017270150765,0.0,0.2994648570043626,CM
,235560,Contig_204678.fasta,0.0012386774109533901,0.0,0.31841703917612557,CM
,235560,Contig_498809.fasta,0.02638168369099706,0.00014224860895692705,0.47649067115001686,CM
,235560,Contig_134968.fasta,0.011584562602683408,2.7665934880985306e-05,0.44797878321619583,CM
,235560,Contig_555569.fasta,0.005851314688267798,6.056020905909688e-06,0.4162934511292852,CM
,235560,Contig_420323.fasta,0.0035660074291595264,1.3453116660442088e-06,0.3860675239845846,CM
,235560,Contig_7.fasta,0.001075218445566847,0.0,0.3037415378573947,CM
,235560,Contig_370077.fasta,0.024655265370000335,0.00012511614776611243,0.4755221941761347,CM
,235560,Contig_24574329.fasta,0.015674012712641655,4.4629480353733355e-05,0.4594146677165602,CM
,235560,Contig_207266.fasta,0.023361890600261986,0.00010541366249659461,0.4714497119086313,CM
,235560,Contig_499722.fasta,0.015281753206662954,4.538669102543857e-05,0.4582897542304766,CM
,235560,Contig_1201189.fasta,0.02332814114223986,0.00010695177845149008,0.4721633088489572,CM
,235560,Contig_500710.fasta,0.023248964005748426,0.00010304542636557002,0.47026516489378545,CM
,235560,Contig_135292.fasta,0.019298080160128125,7.355730765306268e-05,0.464200237171941,CM
,235560,Contig_204110.fasta,0.0,0.0,0.0,CM
,235560,Contig_500384.fasta,0.028834608736898495,0.00016875996551896845,0.4789292109204878,CM
,235560,Contig_4002.fasta,0.0012474370567420573,0.0,0.3211488257167581,CM
,235560,Contig_421610.fasta,0.006192894609606436,6.934865598166755e-06,0.42383499915698963,CM
,235560,Contig_138156.fasta,0.02051931889873477,8.152161291029574e-05,0.46791383906931655,CM
,235560,Contig_792548.fasta,0.014396914244603693,3.925821372959008e-05,0.45605637336190696,CM
,235560,Contig_131553.fasta,0.005057650381906125,4.258671396931443e-06,0.41555403114504136,CM
,235560,Contig_368086.fasta,0.007063624804613132,8.702904248440124e-06,0.43006786679165127,CM
,235560,Contig_544261.fasta,0.004752483392322943,3.7862582112767386e-06,0.4044199127651828,CM
,235560,Contig_796891.fasta,0.017341368743890653,5.702496085624322e-05,0.46145349020642656,CM
,235560,Contig_137006.fasta,0.0024662988652147267,5.953054934332259e-07,0.36286455143025714,CM
,235560,Contig_546911.fasta,0.0010199860676277758,0.0,0.299656637252204,CM
,235560,Contig_369838.fasta,0.01044699444889545,2.0244539898140837e-05,0.44457371883070457,CM
,235560,Contig_426807.fasta,0.02219754208489476,9.439745691959146e-05,0.46908655545796146,CM
,235560,Contig_54932.fasta,0.021643764535723035,9.358079035511467e-05,0.47073826868140495,CM
,235560,Contig_931789.fasta,0.004616220785481511,3.1831823144829933e-06,0.4007827315368878,CM
,235560,Contig_1064731.fasta,0.009541679649011791,1.660769480217968e-05,0.44163646915461685,CM
,235560,Contig_135719.fasta,0.016471120956279183,5.155751461960041e-05,0.46122606118217496,CM
,235560,Contig_499678.fasta,0.0,0.0,0.0,CM
,235560,Contig_542470.fasta,0.02066959925230546,8.614425628994641e-05,0.4688515421536238,CM
,235560,Contig_368756.fasta,0.0073713495538521205,8.897773322557828e-06,0.42829642020074743,CM
,235560,Contig_420279.fasta,0.008874961869138472,1.3524495817246324e-05,0.43265264823792565,CM
,235560,Contig_993254.fasta,0.022013032058425662,9.353884410227926e-05,0.4700289694317595,CM
,235560,Contig_985217.fasta,0.01809754271985451,6.342392358451883e-05,0.4623654536258069,CM
,235560,Contig_61392.fasta,0.011891805632012318,2.442757631434453e-05,0.4488382149345962,CM
,235560,Contig_502254.fasta,0.016616775733466916,5.4643881928535415e-05,0.4623654536258069,CM
,235560,Contig_500961.fasta,0.025586538848752814,0.00013410432725201958,0.4755221941761347,CM
,235560,Contig_544966.fasta,0.003652769542419673,1.8861867457287875e-06,0.38976579680909335,CM
,235560,Contig_133780.fasta,0.01633810313942199,5.04626219529785e-05,0.4594146677165602,CM
,235560,Contig_62691.fasta,0.01259500177901076,3.002009736527366e-05,0.4484080872729435,CM
,235560,Contig_368166.fasta,0.014024364568900266,3.616987849649038e-05,0.45384465477140307,CM
,235560,Contig_429761.fasta,0.0024784877826736582,5.366200764116605e-07,0.3634282245198575,CM
,235560,Contig_302536.fasta,0.019125364327434873,7.35066333370606e-05,0.4665142961807742,CM
,235560,Contig_987380.fasta,0.019765064931103537,7.742409537086341e-05,0.46581765960111154,CM
,235560,Contig_554697.fasta,0.0,0.0,0.0,CM
,235560,Contig_549533.fasta,0.01979664747928638,7.801707330756256e-05,0.4662818525852681,CM
,235560,Contig_3825.fasta,0.002337081040210167,6.974491654787866e-07,0.35800599775770203,CM
,235560,Contig_43.fasta,0.002483093982981175,5.549167902965866e-07,0.3688717690731703,CM
,235560,Contig_542528.fasta,0.012556539454153273,2.7500479569462867e-05,0.4484080872729435,CM
,235560,Contig_993798.fasta,0.024689848514818785,0.00012075496697643628,0.47407683796283334,CM
,235560,Contig_24569072.fasta,0.007165036958063585,9.936902005413235e-06,0.4290819248686993,CM
,235560,Contig_545414.fasta,0.002547341971675887,5.796225181092055e-07,0.3696001888383227,CM
,235560,Contig_53638.fasta,0.01621165570687704,4.833303321752875e-05,0.46009227047130435,CM
,235560,Contig_137636.fasta,0.009492606843546041,1.674993853813005e-05,0.43914954394116995,CM
,235560,Contig_59666.fasta,0.0035693718901159206,1.8288642917374164e-06,0.388310239891549,CM
,235560,Contig_302672.fasta,0.01875526195800433,6.491123663635414e-05,0.46466121059515053,CM
,235560,Contig_310012.fasta,0.0035853163233245814,1.644593037379353e-06,0.3871856343147013,CM
,235560,Contig_795668.fasta,0.016605688338717093,5.088644761337797e-05,0.4609988562259276,CM
,235560,Contig_372002.fasta,0.010009678721946885,1.847440613062574e-05,0.43935571743597795,CM
,235560,Contig_309907.fasta,0.025356776452506273,0.00012922157234025622,0.4750394305272249,CM
,235560,Contig_2477.fasta,0.011685114186510737,2.5424201269492008e-05,0.44905358835826925,CM
,235560,Contig_327.fasta,0.006658527174679334,7.79829846211439e-06,0.4205967092757901,CM
,235560,Contig_139033.fasta,0.019793114138377522,7.389440235813937e-05,0.46535438992473055,CM
,235560,Contig_993758.fasta,0.02653863013492259,0.0001405543779823839,0.4755221941761347,CM
,235560,Contig_56026.fasta,0.010358208293097016,2.0888551998687577e-05,0.4439410237849303,CM
,235560,Contig_1395.fasta,0.003590312613845299,1.480618283098617e-06,0.3876668095023335,CM
,235560,Contig_543139.fasta,0.012110321698005298,2.634878093240693e-05,0.4488382149345962,CM
,235560,Contig_626881.fasta,0.00788368626862756,1.3192644881484061e-05,0.4296729468037801,CM
,235560,Contig_1270016.fasta,0.0,0.0,0.0,CM
,235560,Contig_55438.fasta,0.015474753448653069,4.460284037859517e-05,0.4573937820814434,CM
,235560,Contig_501797.fasta,0.010423105030786044,1.9438544269997892e-05,0.44122002741095384,CM
,235560,Contig_5266.fasta,0.0221323733408131,9.881149843536408e-05,0.47073826868140495,CM
,235560,Contig_1065654.fasta,0.0022092530322241075,5.017707415783823e-07,0.35300930899231725,CM
,235560,Contig_420474.fasta,0.002662528444694221,7.448467295936213e-07,0.3770458010228175,CM
,235560,Contig_53541.fasta,0.0,0.0,0.0,CM
,235560,Contig_54857.fasta,0.0032395366285228266,1.5719107967637316e-06,0.37553277613909836,CM
,235560,Contig_53504.fasta,0.0183775586433484,6.449151689382644e-05,0.46581765960111154,CM
,235560,Contig_426927.fasta,0.020566446115219978,8.683409148348949e-05,0.4681479130258295,CM
,235560,Contig_987729.fasta,0.009434139450400806,1.6124459071137627e-05,0.43730265333580987,CM
,235560,Contig_498389.fasta,0.022678937551137684,9.75405162098975e-05,0.4700289694317595,CM
,235560,Contig_544728.fasta,0.022328899740138308,9.469938282410036e-05,0.46979301111377164,CM
,235560,Contig_137227.fasta,0.013254133426543559,3.640872047553953e-05,0.45494782602753187,CM
,235560,Contig_544635.fasta,0.00938299974044345,1.5384526198030387e-05,0.43832678132957054,CM
,235560,Contig_498294.fasta,0.008393672066429356,1.2373523454280704e-05,0.43285276509650006,CM
,235560,Contig_54109.fasta,0.012574943996042337,2.806234197370903e-05,0.44776443930078136,CM
,235560,Contig_53419.fasta,0.01859901671463169,6.668918445898754e-05,0.4630517952195117,CM
,235560,Contig_62325.fasta,0.0020107609492543265,4.072225484481467e-07,0.3388224757924088,CM
,235560,Contig_622395.fasta,0.02279361411410235,0.00010659958157709895,0.471925203297344,CM
,235560,Contig_60482.fasta,0.017525911678552792,5.840916138926362e-05,0.4621371250067324,CM
,235560,Contig_420569.fasta,0.004799484182767642,3.876954264929029e-06,0.40320020600544293,CM
,235560,Contig_368046.fasta,0.01674277417059464,5.166022761417283e-05,0.4603185824587472,CM
,235560,Contig_1062259.fasta,0.0035104364001603437,1.4320979029446427e-06,0.384955852792527,CM
,235560,Contig_499294.fasta,0.02230898076619227,9.894621727979183e-05,0.4712123253467438,CM
,235560,Contig_548087.fasta,0.012046844999097816,2.7403455671023766e-05,0.4516542848159426,CM
,235560,Contig_5087.fasta,0.002209979924856075,6.627298429271808e-07,0.3487989855157037,CM
,235560,Contig_1064064.fasta,0.0012363223949636696,0.0,0.31939511199270754,CM
,235560,Contig_54661.fasta,0.02232478061895472,9.76430646295765e-05,0.470501597857533,CM
,235560,Contig_990919.fasta,0.009377994800102608,1.7817674399660986e-05,0.43669047043333326,CM
,235560,Contig_61352.fasta,0.023288632277802923,0.00010704930216505583,0.4724016547898198,CM
,235560,Contig_555022.fasta,0.0035583373351630613,1.655675443836739e-06,0.3868655139060079,CM
,235560,Contig_57616.fasta,0.021703400989107103,9.399599430065514e-05,0.46955728958285653,CM
,235560,Contig_370211.fasta,0.011812937983668887,2.3403042701538902e-05,0.44733636622305595,CM
,235560,Contig_1067056.fasta,0.013193820112307129,3.2819649397405674e-05,0.4534048828191052,CM
,235560,Contig_56653.fasta,0.018921287586954043,6.836381885403592e-05,0.46466121059515053,CM
,235560,Contig_992350.fasta,0.015086990247568873,4.6153351391522525e-05,0.4591892434438828,CM
,235560,Contig_61602.fasta,0.0024029380900000637,4.2949428071819747e-07,0.36034951025746365,CM
,235560,Contig_135130.fasta,0.01794778547877701,6.30317368591563e-05,0.46535438992473055,CM
,235560,Contig_1063408.fasta,0.022024894169808806,9.387859390898936e-05,0.4700289694317595,CM
,235560,Contig_206987.fasta,0.00246403636172444,6.139376434462589e-07,0.36684738460942107,CM
,235560,Contig_1309.fasta,0.0,0.0,0.0,CM
,235560,Contig_542531.fasta,0.002662528444694221,7.448467295936213e-07,0.3770458010228175,CM
,235560,Contig_552864.fasta,0.008371597570533651,1.2951421822541088e-05,0.43547123226553425,CM
,235560,Contig_420338.fasta,0.017057683403663204,5.6914288218016894e-05,0.46009227047130435,CM
,235560,Contig_55389.fasta,0.005770494615028083,4.692527791553108e-06,0.41153371949807965,CM
,235560,Contig_427105.fasta,0.008576185533941674,1.2751858061176127e-05,0.43709840174620884,CM
,235560,Contig_542688.fasta,0.01177023240893058,2.7985376556272367e-05,0.4497009505711836,CM
,235560,Contig_544398.fasta,0.001187780897851439,0.0,0.31403613360356813,CM
,235560,Contig_498739.fasta,0.01463992965377865,4.420743647298542e-05,0.4594146677165602,CM
,235560,Contig_54075.fasta,0.0,0.0,0.0,CM
,235560,Contig_56346.fasta,0.01857663138330084,6.817637912493353e-05,0.46466121059515053,CM
,235560,Contig_203889.fasta,0.004402825267103066,2.936437488914355e-06,0.39636919870336007,CM
,235560,Contig_500327.fasta,0.019718979375602488,7.885601754431709e-05,0.46767999906978164,CM
,235560,Contig_544365.fasta,0.0,0.0,0.0,CM
,235560,Contig_369516.fasta,0.018564815729747993,6.691157949407249e-05,0.46489204080408997,CM
,235560,Contig_547013.fasta,0.0019829073956239263,4.16976672290253e-07,0.33530192695758976,CM
,235560,Contig_542675.fasta,0.01964924619292287,7.931044130267535e-05,0.46767999906978164,CM
,235560,Contig_368516.fasta,0.01615414519355149,5.3281124042073115e-05,0.45986618090350523,CM
,235560,Contig_58954.fasta,0.022830479405755628,0.00010397385018419468,0.47097517772452596,CM
,235560,Contig_24576300.fasta,0.025147229509824894,0.00012626664357151638,0.47407683796283334,CM
,235560,Contig_994229.fasta,0.0044512548539068246,2.9376840068018645e-06,0.39436480326111806,CM
,235560,Contig_132049.fasta,0.017545988650449196,6.095864088857007e-05,0.4632810287815015,CM
,235560,Contig_56047.fasta,0.01696177353935115,5.630276872224606e-05,0.4632810287815015,CM
,235560,Contig_549900.fasta,0.022153501305480668,8.92990738754413e-05,0.46838222129060714,CM
,235560,Contig_56804.fasta,0.019150689296124925,7.030812890538866e-05,0.4662818525852681,CM
,235560,Contig_1760.fasta,0.0009713025139026849,0.0,0.29400806727572515,CM
,235560,Contig_2226.fasta,0.008259232868942612,1.166431834742241e-05,0.4342587833589945,CM
,235560,Contig_548773.fasta,0.003445484476395254,1.6283426077639835e-06,0.3829082152776731,CM
,235560,Contig_1123947.fasta,0.02330058451991935,0.00011131175914682126,0.4726402414841581,CM
,235560,Contig_6091.fasta,0.020546721539926257,8.24833738296857e-05,0.46791383906931655,CM
,235560,Contig_4736.fasta,0.020080816745263744,7.95782029802403e-05,0.4674463926766399,CM
,235560,Contig_810436.fasta,0.023243667070293284,0.00010641473528796531,0.4724016547898198,CM
,235560,Contig_53485.fasta,0.002147584895908267,3.7781853861733494e-07,0.344180830503359,CM
,235560,Contig_53779.fasta,0.02137224982235959,9.016663465294275e-05,0.46955728958285653,CM
,235560,Contig_54269.fasta,0.021848256894920693,9.486703821573801e-05,0.46955728958285653,CM
,235560,Contig_135095.fasta,0.02262906846580664,9.673429560472922e-05,0.4700289694317595,CM
,235560,Contig_543843.fasta,0.0024270946960404226,6.10050815840773e-07,0.35979533953811343,CM
,235560,Contig_555043.fasta,0.009729332668482962,1.690065008484572e-05,0.44310022639139823,CM
,235560,Contig_62494.fasta,0.014145570454192758,3.9434418428510335e-05,0.45694710846612946,CM
,235560,Contig_58762.fasta,0.02004201047149186,7.706290066406128e-05,0.4674463926766399,CM
,235560,Contig_499560.fasta,0.01394889632106794,3.887268500465612e-05,0.4573937820814434,CM
,235560,Contig_1065040.fasta,0.008204201972355604,1.3900958216321044e-05,0.4314558221017211,CM
,235560,Contig_24574502.fasta,0.004855568740934428,3.464802700509286e-06,0.406528096498103,CM
,235560,Contig_55294.fasta,0.02014191519005664,8.029054527403216e-05,0.4681479130258295,CM
,235560,Contig_208230.fasta,0.02668702384099023,0.00014552407968087885,0.47673340710067913,CM
,235560,Contig_367971.fasta,0.013797888018872228,4.051824050564982e-05,0.4562787314181536,CM
,235560,Contig_4437.fasta,0.0,0.0,0.0,CM
,235560,Contig_138526.fasta,0.001294235827672133,0.0,0.3243770114865279,CM
,235560,Contig_138563.fasta,0.02689992675343184,0.00014526412020772765,0.4772196216923167,CM
,235560,Contig_371134.fasta,0.01759721031727187,5.777345339328991e-05,0.4619090217860973,CM
,235560,Contig_54294.fasta,0.026017672031124803,0.0001364320034328022,0.47600594005016944,CM
,235560,Contig_59426.fasta,0.009519152254294169,1.640251219952614e-05,0.4418449849568617,CM
,235560,Contig_502560.fasta,0.002424103292815109,5.159076814635358e-07,0.36202231262616363,CM
,235560,Contig_201670.fasta,0.017407933889761536,5.6448265970330015e-05,0.4619090217860973,CM
,235560,Contig_132684.fasta,0.021670859657549457,9.090487219188279e-05,0.46791383906931655,CM
,235560,Contig_542344.fasta,0.005854717921441822,5.579504608654581e-06,0.41335144794109235,CM
,235560,Contig_545654.fasta,0.019696583187737506,7.470329098225681e-05,0.46512310046651745,CM
,235560,Contig_499661.fasta,0.0,0.0,0.0,CM
,235560,Contig_368062.fasta,0.01744043205007648,5.738667595248661e-05,0.4616811436303074,CM
,235560,Contig_133992.fasta,0.008388804910920622,1.3769773342026594e-05,0.43547123226553425,CM
,235560,Contig_131676.fasta,0.019773668312476594,8.20341195016653e-05,0.46932180448276484,CM
,235560,Contig_134010.fasta,0.018987435994393488,7.36628633184636e-05,0.4660496405072874,CM
,235560,Contig_548898.fasta,0.01958607801212537,7.921083509074983e-05,0.46721301954000655,CM
,235560,Contig_421218.fasta,0.0,0.0,0.0,CM
,235560,Contig_56266.fasta,0.019090514512168366,7.031073941135193e-05,0.46512310046651745,CM
,235560,Contig_791989.fasta,0.009636630093670776,1.8078555757443557e-05,0.4439410237849303,CM
,235560,Contig_167.fasta,0.002577086471431082,7.013833437743007e-07,0.3722464909063775,CM
,235560,Contig_131918.fasta,0.014089059283182995,3.3235294522221975e-05,0.4518723699365684,CM
,235560,Contig_545669.fasta,0.01475972398052234,4.0758036975980754e-05,0.45539059763437134,CM
,235560,Contig_309414.fasta,0.0232976545851852,0.00010803589213326886,0.4726402414841581,CM
,235560,Contig_60809.fasta,0.017471639122371974,5.665165311830298e-05,0.46054511719420915,CM
,235560,Contig_55579.fasta,0.01079068686421037,2.0742120330775182e-05,0.4462697559077888,CM
,235560,Contig_134354.fasta,0.012123210688804505,2.8696265358660627e-05,0.4507840453461624,CM
,235560,Contig_302825.fasta,0.01615113371922729,5.3063295246412215e-05,0.46054511719420915,CM
,235560,Contig_543384.fasta,0.0033608371736693105,1.6559715839231232e-06,0.3844813796789782,CM
,235560,Contig_553243.fasta,0.012862992462738657,3.175725527105026e-05,0.4512187454863226,CM
,235560,Contig_985177.fasta,0.012312767274951572,2.8379070904595e-05,0.4512187454863226,CM
,235560,Contig_551170.fasta,0.014026606626498317,3.794697886908587e-05,0.45384465477140307,CM
,235560,Contig_544200.fasta,0.010852721604143313,2.1357069871997445e-05,0.4469091108589461,CM
,235560,Contig_1066727.fasta,0.012982961156340565,3.5464697179325784e-05,0.4542852806498219,CM
,235560,Contig_623419.fasta,0.00752508220788773,9.838394356568395e-06,0.4324527163302371,CM
,235560,Contig_54254.fasta,0.021093397225646206,8.638703635776066e-05,0.46791383906931655,CM
,235560,Contig_53744.fasta,0.017859373442869756,6.46851296285518e-05,0.464200237171941,CM
,235560,Contig_548820.fasta,0.0010199860676277758,0.0,0.299656637252204,CM
,235560,Contig_422193.fasta,0.026875050284275986,0.00014589352688668616,0.47649067115001686,CM
,235560,Contig_56712.fasta,0.012591261342120621,3.337789996017003e-05,0.4510012906692208,CM
,235560,Contig_56757.fasta,0.004641271271188821,3.307000185544315e-06,0.40026846798059584,CM
,235560,Contig_1833.fasta,0.019825177785624523,7.635515445507628e-05,0.4662818525852681,CM
,235560,Contig_542648.fasta,0.002483759451705727,6.348541391565441e-07,0.3700386232260313,CM
,235560,Contig_372026.fasta,0.019545945691797715,7.3807704026916e-05,0.4660496405072874,CM
,235560,Contig_370350.fasta,0.01269390440015658,3.111219130009275e-05,0.45252789078270456,CM
,235560,Contig_985396.fasta,0.01844624999501067,6.694248751634417e-05,0.4644306094980809,CM
,235560,Contig_543120.fasta,0.0024341993494698113,4.727494999867801e-07,0.361462988852311,CM
,235560,Contig_992741.fasta,0.019385775239821844,7.303074103873862e-05,0.46535438992473055,CM
,235560,Contig_54798.fasta,0.022045359778190138,9.720850717276435e-05,0.47097517772452596,CM
,235560,Contig_554998.fasta,0.014556999432518467,4.188286750567852e-05,0.4542852806498219,CM
,235560,Contig_542549.fasta,0.0,0.0,0.0,CM
,235560,Contig_1125670.fasta,0.02426631760210387,0.00011870259237528446,0.4743171201919073,CM
,235560,Contig_57456.fasta,0.020449675856969905,8.041051815736067e-05,0.46838222129060714,CM
,235560,Contig_420791.fasta,0.010827059994743423,2.4833679503238667e-05,0.44776443930078136,CM
,235560,Contig_304002.fasta,0.02165094155441488,9.017556611469512e-05,0.46767999906978164,CM
,235560,Contig_304047.fasta,0.022141451273743822,9.525962687220943e-05,0.470501597857533,CM
,235560,Contig_60914.fasta,0.022558076707983814,9.928548842488738e-05,0.47097517772452596,CM
,235560,Contig_369593.fasta,0.008151214282968226,1.2166294182118863e-05,0.4314558221017211,CM
,235560,Contig_132330.fasta,0.01312680743106603,3.3441342724856355e-05,0.45494782602753187,CM
,235560,Contig_543264.fasta,0.011599471993870649,2.5981190656526165e-05,0.44862304800509734,CM
,235560,Contig_61586.fasta,0.022084715677541947,0.00010174396197005924,0.4726402414841581,CM
,235560,Contig_206205.fasta,0.01710007865921554,5.5369797293654097e-05,0.46122606118217496,CM
,235560,Contig_992897.fasta,0.0011849538810030386,0.0,0.31541209239589924,CM
,235560,Contig_368482.fasta,0.013746464145699959,3.650806769462693e-05,0.4551691041530317,CM
,235560,Contig_368810.fasta,0.019615161448483402,7.509350493612386e-05,0.46581765960111154,CM
,235560,Contig_545620.fasta,0.006713110570737566,7.296527444040334e-06,0.4190898692962978,CM
,235560,Contig_131586.fasta,0.018741721585493393,6.877481312893096e-05,0.46581765960111154,CM
,235560,Contig_62330.fasta,0.003939013929971614,2.3599118875317547e-06,0.40147047539194897,CM
,235560,Contig_133221.fasta,0.0057261490996799395,4.804412988247652e-06,0.41262243304172536,CM
,235560,Contig_554336.fasta,0.02310005737914976,0.00010785530333308681,0.4726402414841581,CM
,235560,Contig_1061979.fasta,0.006003510377250574,6.204452185232694e-06,0.41815356485193617,CM
,235560,Contig_59083.fasta,0.0096519116731385,1.6625893231609796e-05,0.442681020879202,CM
,235560,Contig_61046.fasta,0.019520729304430388,7.064732063469102e-05,0.4639700932764666,CM
,235560,Contig_53364.fasta,0.014127950574047242,3.925929247978169e-05,0.4573937820814434,CM
,235560,Contig_138517.fasta,0.016913319669579364,5.2073770829900826e-05,0.4609988562259276,CM
,235560,Contig_1064832.fasta,0.004895900738605875,3.854201328573179e-06,0.409552594371393,CM
,235560,Contig_367940.fasta,0.01444172208185589,3.847154102756727e-05,0.4567240986523344,CM
,235560,Contig_57502.fasta,0.025499612566381634,0.00013578841045395996,0.47649067115001686,CM
,235560,Contig_370591.fasta,0.026871360693112446,0.00014804151646875347,0.47770682906515216,CM
,235560,Contig_420251.fasta,0.01925804819204978,6.766384185280756e-05,0.4644306094980809,CM
,235560,Contig_58753.fasta,0.023864442830805035,0.00010913481344056136,0.4724016547898198,CM
,235560,Contig_133165.fasta,0.018654740624028252,7.226749441864545e-05,0.4669798793106951,CM
,235560,Contig_136703.fasta,0.015636761261634432,4.679208764266812e-05,0.4589640402837828,CM
,235560,Contig_420638.fasta,0.008160159233746727,1.198748802373022e-05,0.4324527163302371,CM
,235560,Contig_552562.fasta,0.003666961133906671,1.5737897774599789e-06,0.39041621949880395,CM
,235560,Contig_136746.fasta,0.022398808588684135,9.522825024824546e-05,0.4700289694317595,CM
,235560,Contig_53399.fasta,0.01943722460374181,7.283406858818383e-05,0.46489204080408997,CM
,235560,Contig_369317.fasta,0.027717483342896553,0.0001537689058675678,0.4769763904885999,CM
,235560,Contig_551614.fasta,0.011204515617553187,2.5790367341021125e-05,0.44478501812672677,CM
,235560,Contig_554072.fasta,0.0010199860676277758,0.0,0.299656637252204,CM
,235560,Contig_59716.fasta,0.02095905443524872,8.321338215014923e-05,0.46721301954000655,CM
,235560,Contig_1066043.fasta,0.003488079309302825,1.5449179594848603e-06,0.3870255079150674,CM
,235560,Contig_549707.fasta,0.0,0.0,0.0,CM
,235560,Contig_1062625.fasta,0.016761978889112423,5.3931105145350444e-05,0.4623654536258069,CM
,235560,Contig_372137.fasta,0.006487154899110644,8.5105227928989e-06,0.41536958639087135,CM
,235560,Contig_426270.fasta,0.004978055910205659,3.810578955662002e-06,0.4111720905705769,CM
,235560,Contig_54300.fasta,0.018359176133452584,7.116135643580011e-05,0.46489204080408997,CM
,235560,Contig_53610.fasta,0.0011255291424727453,0.0,0.30773682280126047,CM
,235560,Contig_989205.fasta,0.015382572671396361,4.1627604834500484e-05,0.4565013064090893,CM
,235560,Contig_420760.fasta,0.01491083126449706,4.23835687708039e-05,0.4551691041530317,CM
,235560,Contig_1062050.fasta,0.011322766149398979,2.114266308290722e-05,0.4410121009135877,CM
,235560,Contig_427270.fasta,0.0035146389151988955,1.5000301812494992e-06,0.38463940737305097,CM
,235560,Contig_139063.fasta,0.0,0.0,0.0,CM
,235560,Contig_420725.fasta,0.0012276214542613368,0.0,0.31830873406075955,CM
,235560,Contig_545479.fasta,0.009700424350635013,1.772833899134363e-05,0.44310022639139823,CM
,235560,Contig_1062015.fasta,0.009852890281954341,1.8103143028480277e-05,0.4435202266059872,CM
,235560,Contig_202006.fasta,0.01519499517147788,4.594269974285326e-05,0.45694710846612946,CM
,235560,Contig_498324.fasta,0.006258024946804023,6.838890295081317e-06,0.42268639482323084,CM
,235560,Contig_201370.fasta,0.0,0.0,0.0,CM
,235560,Contig_551822.fasta,0.0048916000305779,3.440433855222385e-06,0.4118959850962293,CM
,235560,Contig_54001.fasta,0.004869973014595405,4.032606405285385e-06,0.4100910070721442,CM
,235560,Contig_422752.fasta,0.010126350482861762,1.8534302149560298e-05,0.4395620846118521,CM
,235560,Contig_55044.fasta,0.011995378387713642,2.5301785865725065e-05,0.4499171529512659,CM
,235560,Contig_548236.fasta,0.015457847886939038,4.55558093893311e-05,0.45494782602753187,CM
,235560,Contig_420309.fasta,0.005931162371455063,5.024497600413392e-06,0.41555403114504136,CM
,235560,Contig_542500.fasta,0.018779558479116887,7.093948277500035e-05,0.46581765960111154,CM
,235560,Contig_137277.fasta,0.003542799708377026,1.2879730008775256e-06,0.38574924902664187,CM
,235560,Contig_987817.fasta,0.01922125753018087,7.664890523067844e-05,0.46767999906978164,CM
,235560,Contig_24578923.fasta,0.0227045781415866,0.00010448505739220618,0.471925203297344,CM
,235560,Contig_985367.fasta,0.004696726692029417,3.202501891302194e-06,0.40512020698642126,CM
,235560,Contig_498823.fasta,0.01215197103249276,2.6524312966332133e-05,0.44862304800509734,CM
,235560,Contig_1063329.fasta,0.020619100741934824,8.424312205199899e-05,0.46838222129060714,CM
,235560,Contig_61925.fasta,0.006128465623280114,5.468129227420645e-06,0.4190898692962978,CM
,235560,Contig_54079.fasta,0.021250225426638424,9.302419994935695e-05,0.47073826868140495,CM
,235560,Contig_554682.fasta,0.001295313085129736,0.0,0.32595878723045385,CM
,235560,Contig_302566.fasta,0.018699261071880153,6.898534657958219e-05,0.46558590952170803,CM
,235560,Contig_310306.fasta,0.024014300597405686,0.00011733352922389794,0.47407683796283334,CM
,235560,Contig_543210.fasta,0.0009713025139026849,0.0,0.29400806727572515,CM
,235560,Contig_986701.fasta,0.00243618280809404,6.536810865978278e-07,0.36230262413419784,CM
,235560,Contig_545700.fasta,0.015718311159147284,4.568823393347568e-05,0.4594146677165602,CM
,235560,Contig_420371.fasta,0.01675017405049983,5.680475070298858e-05,0.46282278839695007,CM
,235560,Contig_930538.fasta,0.027532545868446688,0.00015079768127778276,0.47673340710067913,CM
,235560,Contig_542578.fasta,0.0038911379015839362,2.236798914224212e-06,0.40009733994811164,CM
,235560,Contig_371823.fasta,0.01163626621945782,2.535339664130874e-05,0.44733636622305595,CM
,235560,Contig_56.fasta,0.0,0.0,0.0,CM
,235560,Contig_500869.fasta,0.01277669888506833,2.830455140526758e-05,0.44776443930078136,CM
,235560,Contig_549526.fasta,0.0013494650171697454,0.0,0.3311492137787095,CM
,235560,Contig_138472.fasta,0.02405224131383604,0.00011886154139069044,0.4745576461149255,CM
,235560,Contig_987069.fasta,0.011873152946326791,2.635430799412395e-05,0.44733636622305595,CM
,235560,Contig_988280.fasta,0.02031665614021096,7.34634905544336e-05,0.46581765960111154,CM
,235560,Contig_543585.fasta,0.0,0.0,0.0,CM
,235560,Contig_206976.fasta,0.02357565413178706,0.00011253207601135095,0.4726402414841581,CM
,235560,Contig_3888.fasta,0.025479724715056894,0.00012933702597390262,0.4750394305272249,CM
,235560,Contig_1065538.fasta,0.0011255291424727453,0.0,0.30773682280126047,CM
,235560,Contig_62111.fasta,0.013596288169266238,3.244289790128049e-05,0.45384465477140307,CM
,235560,Contig_208748.fasta,0.018418266592554307,6.614573047544046e-05,0.4630517952195117,CM
,235560,Contig_501406.fasta,0.011927719211979701,2.5833534702017375e-05,0.449484955878306,CM
,235560,Contig_306807.fasta,0.010692756767454589,2.08236390920001e-05,0.44669578908765306,CM
,235560,Contig_57808.fasta,0.018327100687224592,6.935859796221534e-05,0.4665142961807742,CM
,235560,Contig_930639.fasta,0.01972108062207284,7.434609125244926e-05,0.46512310046651745,CM
,235560,Contig_422.fasta,0.0012643199882488747,0.0,0.3222547101028351,CM
,235560,Contig_545369.fasta,0.016135500343238223,5.053698970781532e-05,0.4591892434438828,CM
,235560,Contig_502018.fasta,0.016462631558296113,4.954446426625931e-05,0.4589640402837828,CM
,235560,Contig_1066920.fasta,0.0070308720450058095,8.073064916590431e-06,0.42287739635726757,CM
,235560,Contig_988550.fasta,0.01203308854127689,2.6511207468731225e-05,0.4488382149345962,CM
,235560,Contig_498319.fasta,0.003806253467160353,1.7244107567169073e-06,0.39536446055709046,CM
,235560,Contig_1062135.fasta,0.018595882006826225,6.030693293676841e-05,0.46145349020642656,CM
,235560,Contig_139106.fasta,0.0021464306709011033,3.394109122670326e-07,0.34673126274124977,CM
,235560,Contig_424026.fasta,0.0023618515374364143,5.773634587411584e-07,0.35896727201328466,CM
,235560,Contig_985597.fasta,0.003740452754932812,1.7132712918050533e-06,0.3928747599238594,CM
,235560,Contig_369895.fasta,0.021292748511492158,9.048085479272938e-05,0.46979301111377164,CM
,235560,Contig_53489.fasta,0.0024260174385828197,6.900852891969119e-07,0.3581430073243908,CM
,235560,Contig_60880.fasta,0.022754145270516196,0.00010445250133250482,0.4712123253467438,CM
,235560,Contig_368093.fasta,0.016212618343694807,5.174710054549257e-05,0.4594146677165602,CM
,235560,Contig_499241.fasta,0.019739011045922163,7.139480052772705e-05,0.46512310046651745,CM
,235560,Contig_989061.fasta,0.007045882947427437,7.177085239494397e-06,0.4253762173357423,CM
,235560,Contig_55164.fasta,0.02350556030728916,0.00011185223768276277,0.473357449741342,CM
,235560,Contig_24573733.fasta,0.011807078363674162,2.540439960716898e-05,0.4481933324418741,CM
,235560,Contig_498628.fasta,0.008522048315071942,1.2651151038094197e-05,0.4344603891080005,CM
,235560,Contig_3643.fasta,0.002335926815203004,6.351210024135487e-07,0.3582801217988641,CM
,235560,Contig_987659.fasta,0.0013494650171697454,0.0,0.3311492137787095,CM
,235560,Contig_53431.fasta,0.015181140953039903,4.117774778159283e-05,0.4547267629439422,CM
,235560,Contig_426051.fasta,0.024443721459662355,0.00011689391146079526,0.4726402414841581,CM
,235560,Contig_500137.fasta,0.020554794269917177,7.997154281178861e-05,0.46558590952170803,CM
,235560,Contig_369743.fasta,0.024073460110179974,0.00011523295924887275,0.47287906929693435,CM
,235560,Contig_502690.fasta,0.015706433060431364,4.633820803015989e-05,0.46054511719420915,CM
,235560,Contig_802918.fasta,0.012138957117853332,2.911540369228584e-05,0.4505670092145561,CM
,235560,Contig_544175.fasta,0.0013130634275244754,0.0,0.32641356056457377,CM
,235560,Contig_53359.fasta,0.003601661909156683,1.6810373572950645e-06,0.38734589326930174,CM
,235560,Contig_306575.fasta,0.002474994159642491,7.67400848233726e-07,0.36655999927090993,CM
,235560,Contig_542420.fasta,0.0,0.0,0.0,CM
,235560,Contig_368743.fasta,0.01953413912773999,7.626312897711797e-05,0.46512310046651745,CM
,235560,Contig_499105.fasta,0.0024212762759667082,6.36725780285763e-07,0.36427702535563766,CM
,235560,Contig_542465.fasta,0.0022352681084214063,3.1407732273753667e-07,0.348539172491111,CM
,235560,Contig_548646.fasta,0.01644230968516069,5.563858404282693e-05,0.4621371250067324,CM
,235560,Contig_58939.fasta,0.010110218533548054,1.6572978553913305e-05,0.4375070959039893,CM
,235560,Contig_621909.fasta,0.01171596226095785,2.6007603574090827e-05,0.4497009505711836,CM
,235560,Contig_53922.fasta,0.02228042148615525,0.00010265277582605399,0.4714497119086313,CM
,235560,Contig_132024.fasta,0.028726606444867946,0.00016670525041402218,0.47868423434201185,CM
,235560,Contig_1063498.fasta,0.01869253524416873,6.816256918903053e-05,0.46581765960111154,CM
,235560,Contig_551384.fasta,0.02078162192392106,8.217244755073825e-05,0.4660496405072874,CM
,235560,Contig_132061.fasta,0.005927371165015362,6.905211372230455e-06,0.42078582650118396,CM
,235560,Contig_543135.fasta,0.003411904884157142,1.4442670735141051e-06,0.38057245959277475,CM
,235560,Contig_1064559.fasta,0.011793034604550327,2.389871131420299e-05,0.44648267086766846,CM
,235560,Contig_368256.fasta,0.02206494590955447,9.819521364216412e-05,0.4712123253467438,CM
,235560,Contig_306060.fasta,0.022381096594555356,9.591312542736442e-05,0.47026516489378545,CM
,235560,Contig_58286.fasta,0.01746020751174322,6.108105529412116e-05,0.4623654536258069,CM
,235560,Contig_57092.fasta,0.027768415709188532,0.00015456295984949076,0.4774631010911394,CM
,235560,Contig_420355.fasta,0.020245879782264994,7.87244248422477e-05,0.46721301954000655,CM
,235560,Contig_420310.fasta,0.005780328896163091,5.011544467225578e-06,0.41481723321747915,CM
,235560,Contig_139456.fasta,0.016976728574472303,5.514637854346315e-05,0.4582897542304766,CM
,235560,Contig_4502.fasta,0.010289027296087558,1.8504414865388866e-05,0.44163646915461685,CM
,235560,Contig_543519.fasta,0.0012474370567420573,0.0,0.3211488257167581,CM
,235560,Contig_544009.fasta,0.0009713025139026849,0.0,0.29400806727572515,CM
,235560,Contig_3057.fasta,0.0008597880150543617,0.0,0.2857489093553078,CM
,235560,Contig_553809.fasta,0.0023109002784210035,4.851416967858622e-07,0.35461450478917506,CM
,235560,Contig_132325.fasta,0.016352501500921074,5.400910547633821e-05,0.4609988562259276,CM
,235560,Contig_369951.fasta,0.019862936800349163,7.604789517515889e-05,0.4665142961807742,CM
,235560,Contig_61901.fasta,0.01656320146990146,5.075133862635419e-05,0.45873905791109465,CM
,235560,Contig_369157.fasta,0.015586184667590907,4.6218012314830074e-05,0.4594146677165602,CM
,235560,Contig_61944.fasta,0.0024921127821782747,5.617834676080879e-07,0.3648450986895256,CM
,235560,Contig_53508.fasta,0.0011978769545061417,0.0,0.3153058214752807,CM
,235560,Contig_368951.fasta,0.009344270719124493,1.7176223343128788e-05,0.4381215721622814,CM
,235560,Contig_303193.fasta,0.01482664329552732,4.1705594653623144e-05,0.45539059763437134,CM
,235560,Contig_1062799.fasta,0.017264233127378473,6.041185920804274e-05,0.46077187500671246,CM
,235560,Contig_932596.fasta,0.015722506806701383,4.8778258113035644e-05,0.46009227047130435,CM
,235560,Contig_133360.fasta,0.012151120013909939,2.8947401484710555e-05,0.45296596231298797,CM
,235560,Contig_371588.fasta,0.018307562335259743,6.312782164683307e-05,0.46145349020642656,CM
,235560,Contig_990113.fasta,0.018898901914266127,7.36184562239955e-05,0.4669798793106951,CM
,235560,Contig_371159.fasta,0.015895965261121293,5.0065139346151624e-05,0.46077187500671246,CM
,235560,Contig_132515.fasta,0.0218657899657183,9.092284682478282e-05,0.46838222129060714,CM
,235560,Contig_708360.fasta,0.007820085263812079,1.1659463451536686e-05,0.4271235409122013,CM
,235560,Contig_794445.fasta,0.01628255290137637,4.976122797577494e-05,0.4591892434438828,CM
,235560,Contig_310512.fasta,0.025382059594915376,0.00012526762600097055,0.4735970031065957,CM
,235560,Contig_200936.fasta,0.02219464674347909,9.770265347324482e-05,0.47097517772452596,CM
,235560,Contig_309369.fasta,0.025626547186463046,0.00013183092508580274,0.4755221941761347,CM
,235560,Contig_131663.fasta,0.01634513632330854,5.2750868390098614e-05,0.4603185824587472,CM
,235560,Contig_133515.fasta,0.020427133560839007,8.133499173662475e-05,0.4688515421536238,CM
,235560,Contig_57236.fasta,0.023262863510845267,0.00010805486360992563,0.4724016547898198,CM
,235560,Contig_368809.fasta,0.01990090297772284,8.138231045486589e-05,0.46861676421564,CM
,235560,Contig_57273.fasta,0.00558243413166983,5.9446520598210755e-06,0.4079458056402062,CM
,235560,Contig_53450.fasta,0.020826909113693625,8.287510933750683e-05,0.466746971640216,CM
,235560,Contig_369809.fasta,0.01766419531411229,6.25340413205107e-05,0.4644306094980809,CM
,235560,Contig_500212.fasta,0.003685019133592366,1.9478023025561088e-06,0.39139593397684364,CM
,235560,Contig_985127.fasta,0.01144591113345762,2.5769519397264188e-05,0.44733636622305595,CM
,235560,Contig_131527.fasta,0.008766257229232877,1.4300179975581188e-05,0.4389435638548935,CM
,235560,Contig_205412.fasta,0.01632383624253375,5.040494492767023e-05,0.45986618090350523,CM
,235560,Contig_58861.fasta,0.022261230162865978,0.000103212495879161,0.47168733777148847,CM
,235560,Contig_57172.fasta,0.008090982885917143,1.2438777847891206e-05,0.43265264823792565,CM
,235560,Contig_57931.fasta,0.010105787176540905,1.6047634737724137e-05,0.43730265333580987,CM
,235560,Contig_986539.fasta,0.026662495510063593,0.00014078960890845434,0.4755221941761347,CM
,235560,Contig_53380.fasta,0.0012643199882488747,0.0,0.3222547101028351,CM
,235560,Contig_793579.fasta,0.012670107884676126,3.0681736345770484e-05,0.449484955878306,CM
,235560,Contig_53751.fasta,0.009487584114696928,1.4114842503042228e-05,0.43914954394116995,CM
,235560,Contig_56974.fasta,0.01647069492140573,5.349054019738399e-05,0.4619090217860973,CM
,235560,Contig_53714.fasta,0.020596295652301255,7.982027534931617e-05,0.4660496405072874,CM
,235560,Contig_498548.fasta,0.007313279367277986,9.424036260952394e-06,0.4275137862670777,CM
,235560,Contig_138961.fasta,0.02510138994569547,0.00012588585972215285,0.4745576461149255,CM
,235560,Contig_56931.fasta,0.011877932048234285,2.5586814043515168e-05,0.45013356331824583,CM
,235560,Contig_53490.fasta,0.01761993212040706,6.05357742579233e-05,0.4637401774720679,CM
,235560,Contig_1261469.fasta,0.019396822862149936,7.14998176741851e-05,0.46512310046651745,CM
,235560,Contig_134080.fasta,0.018709175066489583,6.717865821800377e-05,0.4639700932764666,CM
,235560,Contig_547636.fasta,0.0036201718355965353,1.8552909026391775e-06,0.38992819922443045,CM
,235560,Contig_555815.fasta,0.006097846412104505,5.735057920875819e-06,0.41946556617598973,CM
,235560,Contig_367999.fasta,0.012792921629193913,2.7488848710332355e-05,0.4481933324418741,CM
,235560,Contig_542481.fasta,0.022009950110020902,9.717765600045514e-05,0.47026516489378545,CM
,235560,Contig_54239.fasta,0.0,0.0,0.0,CM
,235560,Contig_135080.fasta,0.017195704960932076,5.702903900246681e-05,0.4639700932764666,CM
,235560,Contig_543050.fasta,0.002311540840530517,4.175999406051958e-07,0.3559633617872321,CM
,235560,Contig_371121.fasta,0.010939894359018093,2.1829583526973625e-05,0.4462697559077888,CM
,235560,Contig_421275.fasta,0.016579980186446873,4.9302852939175516e-05,0.4582897542304766,CM
,235560,Contig_1064055.fasta,0.018592719248577024,6.278693350992193e-05,0.4623654536258069,CM
,235560,Contig_24574183.fasta,0.023043816976651744,0.0001043049223613203,0.471925203297344,CM
,235560,Contig_1065010.fasta,0.019847385111232317,7.554730533134696e-05,0.46489204080408997,CM
,235560,Contig_542439.fasta,0.021075082544906996,9.110772670474471e-05,0.4700289694317595,CM
,235560,Contig_55615.fasta,0.0025596330733786113,6.613299334949313e-07,0.37313703275065113,CM
,235560,Contig_1062268.fasta,0.0172901944499723,5.893227359674435e-05,0.4623654536258069,CM
,235560,Contig_545832.fasta,0.010822237522498246,2.0679924248833466e-05,0.44457371883070457,CM
,235560,Contig_994284.fasta,0.01729120929979441,5.6837114437385354e-05,0.46077187500671246,CM
,235560,Contig_61283.fasta,0.01557645541384131,4.6528231251777356e-05,0.46009227047130435,CM
,235560,Contig_137216.fasta,0.021378726638180457,9.019386300458428e-05,0.4681479130258295,CM
,235560,Contig_369929.fasta,0.021676921684766315,8.75123821454492e-05,0.4665142961807742,CM
,235560,Contig_424266.fasta,0.0,0.0,0.0,CM
,235560,Contig_422733.fasta,0.02168451612721175,9.37641170724691e-05,0.4700289694317595,CM
,235560,Contig_993468.fasta,0.024470916137846587,0.00011920279868143462,0.47407683796283334,CM
,235560,Contig_2702.fasta,0.023358026473656836,0.00010805182613767308,0.471925203297344,CM
,235560,Contig_550843.fasta,0.009477359473046426,1.6217116764923418e-05,0.4397686457418388,CM
,235560,Contig_555666.fasta,0.006213561642209014,5.631644754406623e-06,0.4211645716195468,CM
,235560,Contig_552333.fasta,0.0011521271592071284,0.0,0.3104935892961623,CM
,235560,Contig_59941.fasta,0.013168568040912994,3.083247437248951e-05,0.4534048828191052,CM
,235560,Contig_543660.fasta,0.012599778630408806,3.343999671368666e-05,0.4507840453461624,CM
,235560,Contig_302582.fasta,0.0,0.0,0.0,CM
,235560,Contig_985007.fasta,0.006771724960773263,8.722004713892681e-06,0.42135419997236967,CM
,235560,Contig_137152.fasta,0.009426341800871856,1.71844217851258e-05,0.4395620846118521,CM
,235560,Contig_551768.fasta,0.009908941066748576,1.8680787137888958e-05,0.43648679017660125,CM
,235560,Contig_54324.fasta,0.017801984836188393,6.258703495450805e-05,0.4637401774720679,CM
,235560,Contig_554908.fasta,0.01955822436829452,7.170240803730067e-05,0.46466121059515053,CM
,235560,Contig_988264.fasta,0.022975377864067933,0.00010799795571902806,0.4726402414841581,CM
,235560,Contig_57017.fasta,0.015306230026215409,4.394032070314702e-05,0.4573937820814434,CM
,235560,Contig_930599.fasta,0.0069322431338289065,7.648773947835512e-06,0.42441164541434606,CM
,235560,Contig_368836.fasta,0.02391127571488409,0.00011710424763453161,0.47407683796283334,CM
,235560,Contig_501295.fasta,0.019846616252482168,7.78077027902276e-05,0.466746971640216,CM
,235560,Contig_549348.fasta,0.023441059176503014,0.00010758404278755008,0.4724016547898198,CM
,235560,Contig_3936.fasta,0.025294199704600045,0.00012994619251647925,0.47479841610280726,CM
,235560,Contig_53793.fasta,0.017606481366857798,5.7612066232964056e-05,0.4623654536258069,CM
,235560,Contig_421232.fasta,0.0,0.0,0.0,CM
,235560,Contig_368389.fasta,0.025098448766575916,0.00012410185111280054,0.4735970031065957,CM
,235560,Contig_58788.fasta,0.00466144664728036,2.8828275060635844e-06,0.4045947592471392,CM
,235560,Contig_991500.fasta,0.02800057942674873,0.00015985353552406002,0.4781950322629704,CM
,235560,Contig_555817.fasta,0.019818474725501058,7.682736724324265e-05,0.46581765960111154,CM
,235560,Contig_542483.fasta,0.008465870220712992,1.1957751355109481e-05,0.4342587833589945,CM
,235560,Contig_132900.fasta,0.012709162443275943,2.9010911930182957e-05,0.45143641010064306,CM
,235560,Contig_543052.fasta,0.0013130634275244754,0.0,0.32641356056457377,CM
,235560,Contig_546119.fasta,0.007598090370243349,1.1923012069087668e-05,0.4249898629149106,CM
,235560,Contig_6086.fasta,0.007085224203734148,8.546323160883393e-06,0.42345143807177965,CM
,235560,Contig_369459.fasta,0.021058461266534524,8.820729273283746e-05,0.4662818525852681,CM
,235560,Contig_1064787.fasta,0.003336721559541501,1.962347480618492e-06,0.3788776024852766,CM
,235560,Contig_993918.fasta,0.0070300935241400025,9.32813172224508e-06,0.42888527870698123,CM
,235560,Contig_420935.fasta,0.008343389808095127,1.0149448262861401e-05,0.43466218213591873,CM
,235560,Contig_209716.fasta,0.01407423212764169,4.034098426283181e-05,0.45694710846612946,CM
,235560,Contig_549952.fasta,0.001991288581530461,5.682157602044173e-07,0.3347023169308416,CM
,235560,Contig_368269.fasta,0.0032837981663631204,1.4357306713130018e-06,0.37598540704645766,CM
,235560,Contig_58668.fasta,0.022523092175448182,0.00010046361582011825,0.4712123253467438,CM
,235560,Contig_542949.fasta,0.01567730199803257,4.555395218108776e-05,0.4562787314181536,CM
,235560,Contig_425926.fasta,0.0,0.0,0.0,CM
,235560,Contig_439.fasta,0.013217577030067549,3.0483512656526825e-05,0.45384465477140307,CM
,235560,Contig_428343.fasta,0.018696902632973692,7.033071270759231e-05,0.46581765960111154,CM
,235560,Contig_502497.fasta,0.006131524461377772,5.743730098905888e-06,0.4209751138725295,CM
,235560,Contig_793333.fasta,0.012988920898754995,3.242492115263153e-05,0.4527468205798902,CM
,235560,Contig_985040.fasta,0.021759468093907525,9.323497035866984e-05,0.46979301111377164,CM
,235560,Contig_544337.fasta,0.008269835413519753,1.021399348956095e-05,0.43305306716271774,CM
,235560,Contig_302538.fasta,0.0034705354429620905,1.7543418730141514e-06,0.38400807473887283,CM
,235560,Contig_371387.fasta,0.006163879615046407,6.324486282725818e-06,0.4196536673267413,CM
,235560,Contig_985429.fasta,0.015058330265649227,4.580378790709448e-05,0.4565013064090893,CM
,235560,Contig_57780.fasta,0.015139530455437108,4.5443916131840506e-05,0.45873905791109465,CM
,235560,Contig_5210.fasta,0.002482016725523572,6.331476704735677e-07,0.3641352833224253,CM
,235560,Contig_139344.fasta,0.007466265859166786,9.506166177709287e-06,0.43285276509650006,CM
,235560,Contig_303250.fasta,0.011071830601540617,2.1681937475342863e-05,0.4437305254332068,CM
,235560,Contig_547305.fasta,0.0011521271592071284,0.0,0.3104935892961623,CM
,235560,Contig_368294.fasta,0.017546198136367448,5.831036754951686e-05,0.4619090217860973,CM
,235560,Contig_542526.fasta,0.0033342322661925176,1.8390540174490285e-06,0.3752316271606388,CM
,235560,Contig_59201.fasta,0.0011521271592071284,0.0,0.3104935892961623,CM
,235560,Contig_132437.fasta,0.012073101895486205,2.6802423717477305e-05,0.4484080872729435,CM
,235560,Contig_135127.fasta,0.017623602860762262,5.689537494029929e-05,0.46122606118217496,CM
,235560,Contig_498840.fasta,0.017099484034570952,5.576387001995278e-05,0.46054511719420915,CM
,235560,Contig_201012.fasta,0.0073459057621249,8.999110041138263e-06,0.4265395069000151,CM
,235560,Contig_502796.fasta,0.013076062747324453,3.3444776943092063e-05,0.45384465477140307,CM
,235560,Contig_371838.fasta,0.023289100705846187,0.0001089097512537313,0.47168733777148847,CM
,235560,Contig_369953.fasta,0.023096497063024805,0.00010366406175864859,0.47097517772452596,CM
,235560,Contig_53998.fasta,0.00252185728193347,7.024226592115197e-07,0.36916279216514125,CM
,235560,Contig_549268.fasta,0.0031602263675890225,9.893030065842212e-07,0.3712128830379346,CM
,235560,Contig_627031.fasta,0.009381269003645172,1.5511011055721982e-05,0.43832678132957054,CM
,235560,Contig_60946.fasta,0.0234192531670703,0.00010793204655162411,0.4714497119086313,CM
,235560,Contig_368584.fasta,0.016170554900843508,5.56864164887524e-05,0.4619090217860973,CM
,235560,Contig_499387.fasta,0.003460431099787211,1.4900499893791022e-06,0.38197048087291147,CM
,235560,Contig_368916.fasta,0.02211095089098121,9.23013377898672e-05,0.46932180448276484,CM
,235560,Contig_131739.fasta,0.00780122742600471,1.2120238605244028e-05,0.42829642020074743,CM
,235560,Contig_368678.fasta,0.020524106012662417,8.494263401609267e-05,0.46861676421564,CM
,235560,Contig_55737.fasta,0.0025881424281231358,6.878945651427683e-07,0.37209848037321397,CM
,235560,Contig_57441.fasta,0.012815263118607968,2.809343239328794e-05,0.44797878321619583,CM
,235560,Contig_139085.fasta,0.019884294647473818,7.526566908964505e-05,0.4660496405072874,CM
,235560,Contig_5194.fasta,0.0011849538810030386,0.0,0.31541209239589924,CM
,235560,Contig_500498.fasta,0.009833605668867429,1.6686050550735367e-05,0.441428150065393,CM
,235560,Contig_35.fasta,0.0036040169251464033,1.7668954937614572e-06,0.38559030825654433,CM
,235560,Contig_1124667.fasta,0.020871540681654182,8.279673002538639e-05,0.4669798793106951,CM
,235560,Contig_800316.fasta,0.0009713025139026849,0.0,0.29400806727572515,CM
,235560,Contig_56028.fasta,0.01880748263411753,7.007019694220356e-05,0.4621371250067324,CM
,235560,Contig_551712.fasta,0.0025892753888900138,6.425783045510122e-07,0.3700386232260313,CM
,235560,Contig_502713.fasta,0.025240469280352573,0.00012564297966987027,0.4743171201919073,CM
,235560,Contig_59610.fasta,0.013811697886575026,3.695314231591689e-05,0.453185316289895,CM
,235560,Contig_302604.fasta,0.015023888809806226,4.175462025486463e-05,0.4547267629439422,CM
,235560,Contig_551757.fasta,0.003495854159424043,1.7641433670067316e-06,0.3851142708389437,CM
,235560,Contig_932201.fasta,0.0047610166519458,3.253885041901612e-06,0.40250652823167016,CM
,235560,Contig_133865.fasta,0.0023109002784210035,4.851416967858622e-07,0.35461450478917506,CM
,235560,Contig_986463.fasta,0.017769017128071895,5.9993907568078856e-05,0.4632810287815015,CM
,235560,Contig_545427.fasta,0.007215155474606162,8.14921743245553e-06,0.4255696580894193,CM
,235560,Contig_62172.fasta,0.014062577338902692,3.8558047593464555e-05,0.45539059763437134,CM
,235560,Contig_55436.fasta,0.0035502140766099878,1.7961281571125696e-06,0.3827516066006679,CM
,235560,Contig_548295.fasta,0.0034051738152331003,1.4263153450672117e-06,0.38181463816345695,CM
,235560,Contig_550839.fasta,0.0,0.0,0.0,CM
,235560,Contig_370302.fasta,0.01766140605719498,6.12818394622056e-05,0.46259400797757444,CM
,235560,Contig_372074.fasta,0.022894296073668895,0.0001036931612097655,0.47026516489378545,CM
,235560,Contig_553798.fasta,0.021694759398974358,9.564671318377732e-05,0.4700289694317595,CM
,235560,Contig_500799.fasta,0.007323251907165322,7.890284172991102e-06,0.429475758668487,CM
,235560,Contig_54243.fasta,0.026597263558338118,0.00014183796657135005,0.47649067115001686,CM
,235560,Contig_543869.fasta,0.0,0.0,0.0,CM
,235560,Contig_137718.fasta,0.026721944848680342,0.00014157900730123814,0.47649067115001686,CM
,235560,Contig_53716.fasta,0.010537994984406482,2.021622970999211e-05,0.44247171543197783,CM
,235560,Contig_369798.fasta,0.01097169012166728,2.340548523295688e-05,0.44059683528184235,CM
,235560,Contig_985160.fasta,0.014441122445383654,3.505173675824928e-05,0.45384465477140307,CM
,235560,Contig_56618.fasta,0.016053605524905836,5.2666900358489967e-05,0.46054511719420915,CM
,235560,Contig_369421.fasta,0.0023785943884613017,5.708601754882404e-07,0.36048831977605283,CM
,235560,Contig_136070.fasta,0.018439468679568517,6.679407599129866e-05,0.46466121059515053,CM
,235560,Contig_547124.fasta,0.00481737787512627,3.944265465588124e-06,0.40776805147652856,CM
,235560,Contig_555395.fasta,0.0023898491307216205,6.138911636138848e-07,0.35924287068661537,CM
,235560,Contig_2620.fasta,0.022483568156421548,0.00010080698617991957,0.4721633088489572,CM
,235560,Contig_990679.fasta,0.003665869522441358,1.8910235427053822e-06,0.39205181321266575,CM
,235560,Contig_137371.fasta,0.01876775271641491,6.893781662518175e-05,0.46466121059515053,CM
,235560,Contig_200971.fasta,0.00485631933560441,3.6963416250135557e-06,0.4061752075254484,CM
,235560,Contig_55880.fasta,0.02446593490111157,0.00011845405215534423,0.47383679905753573,CM
,235560,Contig_53941.fasta,0.016838591369936966,4.999512416558913e-05,0.46077187500671246,CM
,235560,Contig_54457.fasta,0.004551922810348418,2.8373338656933306e-06,0.39822454388878004,CM
,235560,Contig_543587.fasta,0.001187780897851439,0.0,0.31403613360356813,CM
,235560,Contig_132047.fasta,0.001295313085129736,0.0,0.32595878723045385,CM
,235560,Contig_133002.fasta,0.01962005672151366,7.760261583123573e-05,0.4669798793106951,CM
,235560,Contig_368235.fasta,0.015163507932034321,4.3556573026451757e-05,0.4589640402837828,CM
,235560,Contig_212696.fasta,0.015974359726940335,4.888538851711351e-05,0.45806543227539553,CM
,235560,Contig_428432.fasta,0.02776822700446836,0.00014808435636955833,0.47576394414775447,CM
,235560,Contig_545097.fasta,0.0013130634275244754,0.0,0.32641356056457377,CM
,235560,Contig_550773.fasta,0.0047962901330429715,3.4784169255008725e-06,0.40776805147652856,CM
,235560,Contig_134557.fasta,0.019148759207779698,7.066773638742212e-05,0.4662818525852681,CM
,235560,Contig_370062.fasta,0.013010311844861639,3.315554323829414e-05,0.4527468205798902,CM
,235560,Contig_420336.fasta,0.005809770652524321,4.946735156185237e-06,0.4142663471175888,CM
,235560,Contig_60298.fasta,0.018488428108074856,6.502022126529214e-05,0.46259400797757444,CM
,235560,Contig_424515.fasta,0.001131781610910687,0.0,0.30713084284169123,CM
,235560,Contig_498859.fasta,0.010759550141431892,1.8297609776432135e-05,0.44331012701972194,CM
,235560,Contig_987746.fasta,0.004398733982268992,2.7556919124928597e-06,0.3967052471973858,CM
,235560,Contig_553390.fasta,0.02078782241065011,8.55871118484011e-05,0.4681479130258295,CM
,235560,Contig_54838.fasta,0.024492745943372543,0.00011333443603782727,0.471925203297344,CM
,235560,Contig_808772.fasta,0.026179896444992436,0.00013500115435313112,0.47479841610280726,CM
,235560,concatenated_maxbin2.1689.fasta,0.12219650280451892,0.0286530226768601,0.43709840174620884,CM
,235560,concatenated_maxbin2.0347.fasta,0.15730779458309188,0.051267529136823024,0.4964603067048452,CM
,235560,concatenated_maxbin2.0432.fasta,0.15505220803031675,0.051691796982053534,0.4917644131049044,CM
,235560,concatenated_maxbin2.0512.fasta,0.13802728694976008,0.037562733312966105,0.46054511719420915,CM
,235560,concatenated_maxbin2.0082.fasta,0.13455209330139803,0.03543055150350336,0.4551691041530317,CM
,235560,concatenated_metabat2.783.fasta,0.10300443498922658,0.016350741952812043,0.4081237148445849,CM
,235560,concatenated_bin.308.fasta,0.1435082098437012,0.039211367806022926,0.4712123253467438,CM
,235560,concatenated_maxbin2.0325.fasta,0.1163641094041487,0.02453712234495254,0.42518295235739806,CM
,235560,concatenated_metabat2.665.fasta,0.14195999812034157,0.043626772675442446,0.4714497119086313,CM
,235560,concatenated_maxbin2.0610.fasta,0.1422986807584754,0.03922346767502436,0.46838222129060714,CM
,235560,concatenated_maxbin2.0126.fasta,0.14853192251668537,0.042544016479162165,0.4781950322629704,CM
,235560,concatenated_maxbin2.0342.fasta,0.11925795653021737,0.022601320627489926,0.4312569945339323,CM
,235560,concatenated_bin.737.fasta,0.15146822676625335,0.04789642675688557,0.4869030583447623,CM
,235560,concatenated_bin.182.fasta,0.11122983604650655,0.020603130435158358,0.42135419997236967,CM
,235560,concatenated_maxbin2.0908.fasta,0.15518126576759084,0.051886615743875306,0.4954090408356978,CM
,235560,concatenated_maxbin2.1011.fasta,0.14811405547413753,0.04461844321319802,0.48040435222722433,CM
,235560,concatenated_metabat2.358.fasta,0.13056930528424976,0.028744250068191857,0.44797878321619583,CM
,235560,concatenated_maxbin2.0541.fasta,0.14839619140434857,0.043831939733172544,0.4781950322629704,CM
,235560,concatenated_bin.204.fasta,0.12267758734984377,0.025966355025551554,0.43669047043333326,CM
,235560,concatenated_metabat2.164.fasta,0.12881345929043345,0.028818612861009004,0.44584453460630447,CM
,235560,concatenated_maxbin2.0329.fasta,0.13558984694114515,0.033568178347307125,0.453185316289895,CM
,235560,concatenated_bin.240.fasta,0.13484078790861467,0.0346219439751377,0.45450591458894274,CM
,235560,concatenated_metabat2.793.fasta,0.14944561562214273,0.04771688957760435,0.4843828561794167,CM
,235560,concatenated_maxbin2.0177.fasta,0.13788900833615805,0.03820452202031988,0.4630517952195117,CM
,235560,concatenated_metabat2.147.fasta,0.14707166425068927,0.04370312378467303,0.4779508059952161,CM
,235560,concatenated_maxbin2.0272.fasta,0.16166878253415498,0.05845627753969558,0.5074987408560917,CM
