Method,Number of Swaps,Node,Eigenvector Centrality,Betweenness Centrality,Closeness Centrality,Methods
,235560,Contig_60400.fasta,0.02174881917444251,9.30238871545571e-05,0.4700289694317595,CM
,235560,Contig_303000.fasta,0.01391496581252806,3.6502474300572285e-05,0.45252789078270456,CM
,235560,Contig_58480.fasta,0.003690825842521129,1.4023862350182922e-06,0.38911753768758134,CM
,235560,Contig_547953.fasta,0.01995431106497588,7.998716075460134e-05,0.46767999906978164,CM
,235560,Contig_501261.fasta,0.014462809635555178,4.053268349421044e-05,0.4582897542304766,CM
,235560,Contig_59812.fasta,0.019672220449973504,7.916417400567624e-05,0.4669798793106951,CM
,235560,Contig_137842.fasta,0.026895381802227523,0.00014233610465567346,0.47576394414775447,CM
,235560,Contig_305555.fasta,0.019299544324152866,7.212173308357362e-05,0.464200237171941,CM
,235560,Contig_1064437.fasta,0.01983184795001793,7.716710398445024e-05,0.4669798793106951,CM
,235560,Contig_302768.fasta,0.0047166392907708465,3.28577356093759e-06,0.40302656250587127,CM
,235560,Contig_308773.fasta,0.010225129339684964,2.0177914263811522e-05,0.44080437029610603,CM
,235560,Contig_548846.fasta,0.0011802548394340695,0.0,0.3153058214752807,CM
,235560,Contig_367992.fasta,0.004735113639403862,3.289660845455139e-06,0.4063515753967143,CM
,235560,Contig_2515.fasta,0.019558316070972404,7.40206979037832e-05,0.46512310046651745,CM
,235560,Contig_139114.fasta,0.02408634547585261,0.00011361645563661636,0.471925203297344,CM
,235560,Contig_1118110.fasta,0.0214500739568403,8.712095731589781e-05,0.46861676421564,CM
,235560,Contig_499911.fasta,0.023656574293171938,0.00010842687407648831,0.47168733777148847,CM
,235560,Contig_552124.fasta,0.0,0.0,0.0,CM
,235560,Contig_133566.fasta,0.01637089099428531,5.292202516349514e-05,0.4609988562259276,CM
,235560,Contig_131655.fasta,0.004958991200501168,3.283546735727525e-06,0.40741300746131176,CM
,235560,Contig_550217.fasta,0.007452893072980256,9.230312838530253e-06,0.42987031609491644,CM
,235560,Contig_1065858.fasta,0.019461996388579917,7.173213127633346e-05,0.46535438992473055,CM
,235560,Contig_502682.fasta,0.004575825351731141,3.3879295231511486e-06,0.4037220354351308,CM
,235560,Contig_59781.fasta,0.009227740970876148,1.7698218169534585e-05,0.44080437029610603,CM
,235560,Contig_544167.fasta,0.019588956436958946,7.38921002057645e-05,0.46466121059515053,CM
,235560,Contig_500923.fasta,0.004643247953501984,3.4063274711503193e-06,0.40147047539194897,CM
,235560,Contig_53423.fasta,0.008107727404493543,1.1306357494729818e-05,0.433454227947491,CM
,235560,Contig_54970.fasta,0.009724906795476704,1.7533890772146687e-05,0.4422626078159892,CM
,235560,Contig_371293.fasta,0.025264921562625914,0.00012986810376238486,0.47407683796283334,CM
,235560,Contig_368039.fasta,0.011643080971183911,2.617791821192159e-05,0.4492691685735156,CM
,235560,Contig_139681.fasta,0.008131178154958287,1.3041815396277587e-05,0.43547123226553425,CM
,235560,Contig_139250.fasta,0.006693672994988951,8.875701381337585e-06,0.4183404908979138,CM
,235560,Contig_55970.fasta,0.021016515052714447,8.954576478005375e-05,0.46955728958285653,CM
,235560,Contig_370642.fasta,0.00748328277075376,9.47060797269027e-06,0.43185402775202264,CM
,235560,Contig_424505.fasta,0.014686346527797307,4.201070940774715e-05,0.4547267629439422,CM
,235560,Contig_1064106.fasta,0.008465731822320093,1.409333570704267e-05,0.43832678132957054,CM
,235560,Contig_53687.fasta,0.002418823598939826,6.303239772119577e-07,0.36258337006533636,CM
,235560,Contig_988292.fasta,0.010738873014057503,2.210634312666794e-05,0.4452082198566285,CM
,235560,Contig_2.fasta,0.004494464502378695,3.3923157141292044e-06,0.3987335654617099,CM
,235560,Contig_55746.fasta,0.0032108985973422315,1.4671917541690873e-06,0.37659061494512397,CM
,235560,Contig_370874.fasta,0.01604560308991337,5.28561037976516e-05,0.46122606118217496,CM
,235560,Contig_62202.fasta,0.021160214818555647,9.37212404553398e-05,0.47073826868140495,CM
,235560,Contig_131826.fasta,0.019665017246829217,7.413386438960375e-05,0.46535438992473055,CM
,235560,Contig_60972.fasta,0.01872089438767921,7.148365767829284e-05,0.4660496405072874,CM
,235560,Contig_502426.fasta,0.010664965917660278,2.0593934657645378e-05,0.4422626078159892,CM
,235560,Contig_302574.fasta,0.009237479860573576,1.60408344523609e-05,0.4381215721622814,CM
,235560,Contig_369922.fasta,0.02751785936933388,0.00015041530209799654,0.4774631010911394,CM
,235560,Contig_56774.fasta,0.002559151540876363,5.737837821573443e-07,0.3688717690731703,CM
,235560,Contig_53586.fasta,0.018149816208704695,6.395827669399961e-05,0.4623654536258069,CM
,235560,Contig_305448.fasta,0.01997894189418171,7.416497219279564e-05,0.46558590952170803,CM
,235560,Contig_423780.fasta,0.02057621154086111,8.132424309005414e-05,0.46581765960111154,CM
,235560,Contig_368225.fasta,0.02137257207156944,9.39438706468325e-05,0.46979301111377164,CM
,235560,Contig_498426.fasta,0.02436628482421114,0.00011972979536100894,0.47287906929693435,CM
,235560,Contig_543905.fasta,0.006132529621794815,6.428572434848426e-06,0.42135419997236967,CM
,235560,Contig_799449.fasta,0.015084648322750777,3.764228952911956e-05,0.45406486081447506,CM
,235560,Contig_307703.fasta,0.022415214842798774,9.510870388875628e-05,0.46838222129060714,CM
,235560,Contig_135212.fasta,0.024278952082296565,0.00011372517253367696,0.47168733777148847,CM
,235560,Contig_542656.fasta,0.01893937878382907,7.06068825398155e-05,0.466746971640216,CM
,235560,Contig_368570.fasta,0.006834332578779293,9.106822867465128e-06,0.42383499915698963,CM
,235560,Contig_58171.fasta,0.019827205681539672,7.361522167299056e-05,0.46535438992473055,CM
,235560,Contig_989217.fasta,0.02060034168311128,8.609561813541188e-05,0.4688515421536238,CM
,235560,Contig_24573992.fasta,0.0011802548394340695,0.0,0.3153058214752807,CM
,235560,Contig_422441.fasta,0.0011802548394340695,0.0,0.3153058214752807,CM
,235560,Contig_58619.fasta,0.011094848931007829,2.1762480707366134e-05,0.44669578908765306,CM
,235560,Contig_55786.fasta,0.021575186692037288,9.228922209598293e-05,0.4688515421536238,CM
,235560,Contig_84.fasta,0.009260323715785777,1.4341715648489994e-05,0.4362832998315306,CM
,235560,Contig_302648.fasta,0.0060948499272789605,5.890258556655435e-06,0.4177802134547469,CM
,235560,Contig_56021.fasta,0.004761243668318386,3.640489971675386e-06,0.40424521733850244,CM
,235560,Contig_500040.fasta,0.024636561596858536,0.00012189913408754767,0.473357449741342,CM
,235560,Contig_1066208.fasta,0.016278025099992974,5.395848456427708e-05,0.4616811436303074,CM
,235560,Contig_56448.fasta,0.006100466398742238,6.561400621622485e-06,0.42173396941804103,CM
,235560,Contig_211575.fasta,0.0024770975745498297,7.591881028058706e-07,0.3675678233066116,CM
,235560,Contig_58270.fasta,0.027379330176950382,0.00015260762558078593,0.47673340710067913,CM
,235560,Contig_501846.fasta,0.023523094846263002,0.00011564154114867596,0.47383679905753573,CM
,235560,Contig_542512.fasta,0.010886761960031717,2.3008006125164158e-05,0.4395620846118521,CM
,235560,Contig_134156.fasta,0.017672736044401418,5.9856685998828175e-05,0.46282278839695007,CM
,235560,Contig_24575311.fasta,0.004936421826289104,3.8138770346561608e-06,0.4117147726082856,CM
,235560,Contig_56365.fasta,0.024846816215864966,0.000125541463268315,0.47479841610280726,CM
,235560,Contig_24577067.fasta,0.015565647851405373,4.455949388316286e-05,0.4589640402837828,CM
,235560,Contig_302549.fasta,0.02050324201299883,8.288238383218652e-05,0.4665142961807742,CM
,235560,Contig_61598.fasta,0.017491959236788354,5.97475769546358e-05,0.4619090217860973,CM
,235560,Contig_57982.fasta,0.020296879161051586,8.172460053964805e-05,0.4688515421536238,CM
,235560,Contig_367952.fasta,0.01744845583683435,6.177451067771533e-05,0.4623654536258069,CM
,235560,Contig_548080.fasta,0.010199908306341092,1.8425194440474715e-05,0.4379165550484947,CM
,235560,Contig_55623.fasta,0.017587525485431153,6.295510316163487e-05,0.4637401774720679,CM
,235560,Contig_56982.fasta,0.02479915937226044,0.00012473268286729687,0.4745576461149255,CM
,235560,Contig_1066315.fasta,0.010497412162305432,1.909483037413667e-05,0.4399754010994984,CM
,235560,Contig_369802.fasta,0.022899843180379936,0.00010587269322324098,0.4712123253467438,CM
,235560,Contig_132276.fasta,0.019655466046465942,7.54033456593339e-05,0.46581765960111154,CM
,235560,Contig_985545.fasta,0.020832009003123337,8.760389400891466e-05,0.46908655545796146,CM
,235560,Contig_56278.fasta,0.0,0.0,0.0,CM
,235560,Contig_61852.fasta,0.019840669437944023,7.987509550886991e-05,0.4674463926766399,CM
,235560,Contig_985500.fasta,0.018225363498324983,6.110107170260247e-05,0.46145349020642656,CM
,235560,Contig_499607.fasta,0.015174969293867038,4.07332507003877e-05,0.4547267629439422,CM
,235560,Contig_2240.fasta,0.022135736150612408,0.00010072755915658811,0.47168733777148847,CM
,235560,Contig_370216.fasta,0.011016735598869041,2.4141140925935365e-05,0.44905358835826925,CM
,235560,Contig_309063.fasta,0.023008385447943366,0.00010408063368274201,0.47073826868140495,CM
,235560,Contig_57285.fasta,0.01198792405128577,2.7114129479635437e-05,0.4507840453461624,CM
,235560,Contig_3691.fasta,0.007643444108521621,1.0746586671374128e-05,0.42230490890732536,CM
,235560,Contig_59029.fasta,0.023028244711670715,0.00010605755381787901,0.47168733777148847,CM
,235560,Contig_3240.fasta,0.012734948094711837,3.3348519322276724e-05,0.4542852806498219,CM
,235560,Contig_56285.fasta,0.022410261191407665,9.746341393403303e-05,0.4700289694317595,CM
,235560,Contig_371253.fasta,0.02757122966424243,0.0001544958062665681,0.4772196216923167,CM
,235560,Contig_1263041.fasta,0.007245450429438849,8.596477829102397e-06,0.42634518366224744,CM
,235560,Contig_138129.fasta,0.02213715349634273,9.066065986150623e-05,0.46838222129060714,CM
,235560,Contig_302755.fasta,0.010493367571913041,2.0369469324735963e-05,0.4418449849568617,CM
,235560,Contig_544576.fasta,0.011655953818105098,2.4039435007187e-05,0.44648267086766846,CM
,235560,Contig_278.fasta,0.0012457232841072826,0.0,0.31939511199270754,CM
,235560,Contig_131695.fasta,0.021371002940444035,9.239540476504203e-05,0.46979301111377164,CM
,235560,Contig_548245.fasta,0.0019782790290529496,3.684644098060136e-07,0.3363866564121614,CM
,235560,Contig_1065632.fasta,0.006031018448065282,5.945688178613778e-06,0.4150011876446266,CM
,235560,Contig_55072.fasta,0.021316014734312678,9.042930572928826e-05,0.4700289694317595,CM
,235560,Contig_204149.fasta,0.009332833588597031,1.5053415221375425e-05,0.4348641627038258,CM
,235560,Contig_369610.fasta,0.004784515599288447,3.277878639900367e-06,0.40216058364358964,CM
,235560,Contig_498487.fasta,0.015858190030816826,4.714542171904724e-05,0.46077187500671246,CM
,235560,Contig_201047.fasta,0.008210120563400073,1.3228200772006987e-05,0.4338561326558336,CM
,235560,Contig_136690.fasta,0.011237655654371861,2.4095950566813975e-05,0.4437305254332068,CM
,235560,Contig_550313.fasta,0.01990499290220532,7.964113286619545e-05,0.46861676421564,CM
,235560,Contig_60291.fasta,0.010874847691036133,1.9316379876202112e-05,0.44080437029610603,CM
,235560,Contig_370828.fasta,0.018383400846595153,6.403607703688473e-05,0.46581765960111154,CM
,235560,Contig_139853.fasta,0.0025219598456523865,5.533883446427742e-07,0.36713522092531703,CM
,235560,Contig_57005.fasta,0.004751038766084491,3.610470378956973e-06,0.40476975698037765,CM
,235560,Contig_1062860.fasta,0.007063067953217063,9.464038245767243e-06,0.4259570678828553,CM
,235560,Contig_543959.fasta,0.0,0.0,0.0,CM
,235560,Contig_53626.fasta,0.017778092103758865,6.535590870706608e-05,0.4662818525852681,CM
,235560,Contig_54373.fasta,0.022131234731561106,9.529315929790814e-05,0.46955728958285653,CM
,235560,Contig_549101.fasta,0.0,0.0,0.0,CM
,235560,Contig_371402.fasta,0.023001667763821274,0.00010398564984957036,0.47097517772452596,CM
,235560,Contig_421838.fasta,0.003671414838180518,1.870116380504575e-06,0.38895580970018,CM
,235560,Contig_1128005.fasta,0.0,0.0,0.0,CM
,235560,Contig_368554.fasta,0.019146055425861563,7.451838248263296e-05,0.466746971640216,CM
,235560,Contig_58584.fasta,0.01905851209496886,7.329982384239841e-05,0.4669798793106951,CM
,235560,Contig_368185.fasta,0.01672680329223858,5.2928490594189803e-05,0.4603185824587472,CM
,235560,Contig_707918.fasta,0.016894046831926315,4.9974677779764814e-05,0.4596403134276194,CM
,235560,Contig_992623.fasta,0.020969442882156214,7.815922765788192e-05,0.4669798793106951,CM
,235560,Contig_1062938.fasta,0.015970061901305475,5.069240733315115e-05,0.4594146677165602,CM
,235560,Contig_133910.fasta,0.007339526351313496,8.178096628701851e-06,0.4253762173357423,CM
,235560,Contig_136735.fasta,0.01710929030193375,5.8494396767883115e-05,0.4619090217860973,CM
,235560,Contig_133582.fasta,0.028768800737760888,0.00016741864451344418,0.47868423434201185,CM
,235560,Contig_303771.fasta,0.02552977722611776,0.00013348267144593122,0.4750394305272249,CM
,235560,Contig_542493.fasta,0.017019198758688913,5.4691879381366874e-05,0.4596403134276194,CM
,235560,Contig_370277.fasta,0.01930420425215808,7.76995134857064e-05,0.46489204080408997,CM
,235560,Contig_422210.fasta,0.017751760064913403,6.167542196372469e-05,0.4632810287815015,CM
,235560,Contig_53810.fasta,0.012720567172464876,3.063425630522062e-05,0.45013356331824583,CM
,235560,Contig_54994.fasta,0.028891114304598117,0.0001684572254808879,0.478439508250835,CM
,235560,Contig_54506.fasta,0.0176450870527068,6.053482899998548e-05,0.46351048941982814,CM
,235560,Contig_24570062.fasta,0.00376418700709895,1.8328252386104949e-06,0.39155969796595524,CM
,235560,Contig_502567.fasta,0.019421946521242354,6.808991336776257e-05,0.4621371250067324,CM
,235560,Contig_985561.fasta,0.01743609209228779,6.084120620805349e-05,0.46282278839695007,CM
,235560,Contig_54969.fasta,0.0010282734902102423,0.0,0.299656637252204,CM
,235560,Contig_135393.fasta,0.026536391028761427,0.00014021550514348478,0.4750394305272249,CM
,235560,Contig_132217.fasta,0.01630412969033707,5.4727253907034706e-05,0.46009227047130435,CM
,235560,Contig_61833.fasta,0.02089684969962526,8.86312237051149e-05,0.46838222129060714,CM
,235560,Contig_499666.fasta,0.0,0.0,0.0,CM
,235560,Contig_62792.fasta,0.009567227393281919,1.68909521512084e-05,0.44080437029610603,CM
,235560,Contig_1065841.fasta,0.02756888204717249,0.00015158161027471238,0.47649067115001686,CM
,235560,Contig_134869.fasta,0.008407419504506823,1.2934310012948047e-05,0.4338561326558336,CM
,235560,Contig_555468.fasta,0.008059757722683558,1.2348984477443247e-05,0.43285276509650006,CM
,235560,Contig_367976.fasta,0.0,0.0,0.0,CM
,235560,Contig_55642.fasta,0.0035004070991322515,2.0286719873664157e-06,0.39074224556936665,CM
,235560,Contig_58349.fasta,0.010509074809140175,2.174772635431033e-05,0.442681020879202,CM
,235560,Contig_136319.fasta,0.017341206733314126,5.8960643531078454e-05,0.4603185824587472,CM
,235560,Contig_131609.fasta,0.020118131803974027,7.907030553164152e-05,0.4674463926766399,CM
,235560,Contig_420267.fasta,0.019431201656383044,7.813337781682441e-05,0.466746971640216,CM
,235560,Contig_368748.fasta,0.02060501196381562,8.835265426068397e-05,0.46838222129060714,CM
,235560,Contig_1065496.fasta,0.024128454440237628,0.00011417265687303088,0.471925203297344,CM
,235560,Contig_2120.fasta,0.007961988260749056,1.0483343544001428e-05,0.42888527870698123,CM
,235560,Contig_368399.fasta,0.01582586582892379,4.7906692978968735e-05,0.4567240986523344,CM
,235560,Contig_367933.fasta,0.00827338162917965,1.2822522643524306e-05,0.43648679017660125,CM
,235560,Contig_24566365.fasta,0.001310334918545968,0.0,0.32641356056457377,CM
,235560,Contig_985209.fasta,0.012020306034829746,2.9014598669094252e-05,0.4527468205798902,CM
,235560,Contig_371176.fasta,0.023379254979258496,0.00010326254779625798,0.47026516489378545,CM
,235560,Contig_138521.fasta,0.003051056617752582,1.4514798609626362e-06,0.36498739396982566,CM
,235560,Contig_54607.fasta,0.024404816593466237,0.0001173914802002956,0.4735970031065957,CM
,235560,Contig_1063557.fasta,0.011951823825669972,2.797815279462209e-05,0.4488382149345962,CM
,235560,Contig_137319.fasta,0.017452842932348073,6.058614587223031e-05,0.4616811436303074,CM
,235560,Contig_53407.fasta,0.008817112840289755,1.4651940520771284e-05,0.4324527163302371,CM
,235560,Contig_1062202.fasta,0.01744726628530609,5.856152672574901e-05,0.4619090217860973,CM
,235560,Contig_422644.fasta,0.022086992539057246,9.50056084653894e-05,0.4700289694317595,CM
,235560,Contig_991144.fasta,0.025751708401651877,0.00013414355708227693,0.47600594005016944,CM
,235560,Contig_500942.fasta,0.01679481300778047,5.522573493364262e-05,0.45873905791109465,CM
,235560,Contig_553943.fasta,0.006917594701113613,8.200215239301488e-06,0.42345143807177965,CM
,235560,Contig_137361.fasta,0.023523471820206105,0.00010812241510961741,0.471925203297344,CM
,235560,Contig_551233.fasta,0.0011504150214998088,0.0,0.3104935892961623,CM
,235560,Contig_54682.fasta,0.0,0.0,0.0,CM
,235560,Contig_53743.fasta,0.013190730880288132,3.3479564346229886e-05,0.45252789078270456,CM
,235560,Contig_138130.fasta,0.007562477564595004,1.1031049996265159e-05,0.4253762173357423,CM
,235560,Contig_59389.fasta,0.00354091209485532,1.770764643685931e-06,0.3865459224034007,CM
,235560,Contig_1194793.fasta,0.015289075076902532,4.6244394946702316e-05,0.4596403134276194,CM
,235560,Contig_62383.fasta,0.02648710611263176,0.0001420381713566918,0.47576394414775447,CM
,235560,Contig_58030.fasta,0.017452228944894354,5.886804964637757e-05,0.4630517952195117,CM
,235560,Contig_930757.fasta,0.012377113964578924,2.6323500422679168e-05,0.4505670092145561,CM
,235560,Contig_368431.fasta,0.025102794831147694,0.00012527574127205927,0.4743171201919073,CM
,235560,Contig_990245.fasta,0.026375618390198387,0.00013333375208512643,0.47479841610280726,CM
,235560,Contig_985135.fasta,0.01746071220702538,5.6655417499916995e-05,0.46054511719420915,CM
,235560,Contig_368201.fasta,0.000967391908932299,0.0,0.29400806727572515,CM
,235560,Contig_136281.fasta,0.021649013867005955,9.118411054500514e-05,0.4662818525852681,CM
,235560,Contig_547390.fasta,0.017488681673433253,5.752895188253216e-05,0.4609988562259276,CM
,235560,Contig_369244.fasta,0.012961768790343707,3.283004608588166e-05,0.4516542848159426,CM
,235560,Contig_4654.fasta,0.01932992609557148,7.481547577299654e-05,0.46535438992473055,CM
,235560,Contig_57750.fasta,0.009068282384011564,1.529026928171239e-05,0.43285276509650006,CM
,235560,Contig_370786.fasta,0.0035382316579425886,1.6684712267832236e-06,0.3829082152776731,CM
,235560,Contig_552788.fasta,0.0034483840771684857,1.7756255644901424e-06,0.38181463816345695,CM
,235560,Contig_372448.fasta,0.02357205857896567,0.00011069565037891934,0.4721633088489572,CM
,235560,Contig_499703.fasta,0.008925345690113351,1.4834685958011229e-05,0.4340573646283085,CM
,235560,Contig_62226.fasta,0.025123001522450516,0.00012835029115146164,0.4743171201919073,CM
,235560,Contig_368906.fasta,0.009920195548250372,1.6568770429738657e-05,0.4418449849568617,CM
,235560,Contig_543263.fasta,0.02077343563338764,8.518557790320254e-05,0.46838222129060714,CM
,235560,Contig_551403.fasta,0.0,0.0,0.0,CM
,235560,Contig_423759.fasta,0.0023152968256485522,6.575326772648723e-07,0.3565057821480507,CM
,235560,Contig_310330.fasta,0.019934927917941925,7.940736236104832e-05,0.4674463926766399,CM
,235560,Contig_61150.fasta,0.021639986966670407,9.279763377649134e-05,0.4688515421536238,CM
,235560,Contig_500731.fasta,0.022084501201325463,0.00010011663720020829,0.47026516489378545,CM
,235560,Contig_710339.fasta,0.02412623903276779,0.00011567908976119757,0.4735970031065957,CM
,235560,Contig_137986.fasta,0.003755604716983965,2.318535747025594e-06,0.39536446055709046,CM
,235560,Contig_56080.fasta,0.018370963635037225,6.780249753384997e-05,0.464200237171941,CM
,235560,Contig_549184.fasta,0.018036076582734196,6.282201072653957e-05,0.4632810287815015,CM
,235560,Contig_54762.fasta,0.002201201769495119,4.3715081556212506e-07,0.34997295367936915,CM
,235560,Contig_25.fasta,0.019919477528267282,7.3218400924573e-05,0.4644306094980809,CM
,235560,Contig_1197505.fasta,0.014122766072479193,4.2249958499789536e-05,0.45806543227539553,CM
,235560,Contig_57080.fasta,0.00935697220030138,1.5245633225185725e-05,0.44018235095890546,CM
,235560,Contig_370487.fasta,0.017349346860529753,5.6997995919697144e-05,0.46077187500671246,CM
,235560,Contig_24576382.fasta,0.02524149461696033,0.00012819219972057692,0.4735970031065957,CM
,235560,Contig_1067254.fasta,0.0024770975745498297,7.591881028058706e-07,0.3675678233066116,CM
,235560,Contig_131537.fasta,0.013287837421260194,3.225486378782701e-05,0.45384465477140307,CM
,235560,Contig_370248.fasta,0.0151290490354174,4.3483951039536616e-05,0.4562787314181536,CM
,235560,Contig_555756.fasta,0.020893750783010676,8.75919583584429e-05,0.46838222129060714,CM
,235560,Contig_928928.fasta,0.022346794150209234,0.00010145524142674238,0.4712123253467438,CM
,235560,Contig_307640.fasta,0.021914495593734613,9.512704710221495e-05,0.46979301111377164,CM
,235560,Contig_554387.fasta,0.0012402808381318986,0.0,0.31841703917612557,CM
,235560,Contig_621002.fasta,0.01253397838608091,3.131896334983578e-05,0.4484080872729435,CM
,235560,Contig_1271583.fasta,0.023060394204990196,0.0001080090356812642,0.47287906929693435,CM
,235560,Contig_54680.fasta,0.015577626057122606,4.070812777047673e-05,0.4547267629439422,CM
,235560,Contig_53390.fasta,0.024042408491082353,0.00011224962903471657,0.47287906929693435,CM
,235560,Contig_56162.fasta,0.021098820556309923,8.645626538636324e-05,0.46838222129060714,CM
,235560,Contig_2576.fasta,0.006954856881175528,8.86683764931384e-06,0.42383499915698963,CM
,235560,Contig_795410.fasta,0.014101087636148814,3.7122284248449026e-05,0.45450591458894274,CM
,235560,Contig_552102.fasta,0.002140492223764843,5.219676136721219e-07,0.3446879109166236,CM
,235560,Contig_542414.fasta,0.0068737250085128335,8.694918153713574e-06,0.4249898629149106,CM
,235560,Contig_58376.fasta,0.016949490938249552,5.252675189951242e-05,0.4621371250067324,CM
,235560,Contig_1062568.fasta,0.019548959711328785,7.727548393277861e-05,0.46791383906931655,CM
,235560,Contig_991597.fasta,0.007645942393256936,1.0418080599167102e-05,0.42518295235739806,CM
,235560,Contig_542451.fasta,0.017926991920805043,6.285206901345821e-05,0.46489204080408997,CM
,235560,Contig_369777.fasta,0.0025081693542505414,7.323267373702567e-07,0.37313703275065113,CM
,235560,Contig_543886.fasta,0.02215716992265137,9.862496935360575e-05,0.4712123253467438,CM
,235560,Contig_371149.fasta,0.024144813153272306,0.00011927793513176741,0.473357449741342,CM
,235560,Contig_987903.fasta,0.022174686568026538,9.721408323972824e-05,0.46979301111377164,CM
,235560,Contig_135856.fasta,0.01498400194565053,4.1631645182635726e-05,0.4565013064090893,CM
,235560,Contig_985989.fasta,0.024629451231945584,0.00011938979801339074,0.47383679905753573,CM
,235560,Contig_1993.fasta,0.004422729128860171,3.5654344200259765e-06,0.39503067882593207,CM
,235560,Contig_1061935.fasta,0.007834379750095353,1.2350804724944608e-05,0.43006786679165127,CM
,235560,Contig_24577161.fasta,0.0265340142272085,0.00013802561027481547,0.47528068976060595,CM
,235560,Contig_308454.fasta,0.025864329397798376,0.00013342149956298047,0.4755221941761347,CM
,235560,Contig_1066423.fasta,0.022133952043746172,9.443939951628058e-05,0.46979301111377164,CM
,235560,Contig_498288.fasta,0.019389345729115517,7.192823482327517e-05,0.46489204080408997,CM
,235560,Contig_544629.fasta,0.002335730779668196,6.617355170948702e-07,0.35488345776967506,CM
,235560,Contig_131958.fasta,0.0,0.0,0.0,CM
,235560,Contig_60849.fasta,0.025264112863626634,0.00012816660365374549,0.47479841610280726,CM
,235560,Contig_57263.fasta,0.01625018914318543,5.088805207947735e-05,0.4603185824587472,CM
,235560,Contig_54725.fasta,0.02221438888396253,9.881046740055043e-05,0.47026516489378545,CM
,235560,Contig_62.fasta,0.0009850832202801848,0.0,0.2968996440795156,CM
,235560,Contig_27.fasta,0.008189746839267232,1.1010358657495211e-05,0.429475758668487,CM
,235560,Contig_57082.fasta,0.014898601064315434,4.2242345257390636e-05,0.45539059763437134,CM
,235560,Contig_499069.fasta,0.017832045123212396,5.836558106111667e-05,0.46282278839695007,CM
,235560,Contig_24566202.fasta,0.010225439205326243,1.9875735247797923e-05,0.4420536977508895,CM
,235560,Contig_58991.fasta,0.014219289852094873,3.724691456960582e-05,0.4534048828191052,CM
,235560,Contig_55008.fasta,0.01876230297412178,6.80650575280773e-05,0.4644306094980809,CM
,235560,Contig_420468.fasta,0.019903394351436586,7.518748212379497e-05,0.46581765960111154,CM
,235560,Contig_550444.fasta,0.02390043039594965,0.00011479841756420952,0.4731181385938489,CM
,235560,Contig_554267.fasta,0.019506839135654718,7.095214513426726e-05,0.4644306094980809,CM
,235560,Contig_498701.fasta,0.010648306324749003,1.7991038063686027e-05,0.4377117297187245,CM
,235560,Contig_985894.fasta,0.01574911604971461,4.841946414596447e-05,0.46077187500671246,CM
,235560,Contig_54008.fasta,0.02106595292569908,8.89490726863323e-05,0.4681479130258295,CM
,235560,Contig_544318.fasta,0.0011232702782369081,0.0,0.30773682280126047,CM
,235560,Contig_705467.fasta,0.0,0.0,0.0,CM
,235560,Contig_54461.fasta,0.013880046752548076,3.5643708540454076e-05,0.4518723699365684,CM
,235560,Contig_370355.fasta,0.021317605791811117,9.17467170013191e-05,0.47073826868140495,CM
,235560,Contig_993069.fasta,0.023329803903901207,0.00010847584029663336,0.47168733777148847,CM
,235560,Contig_994211.fasta,0.02991921575926069,0.0001801777821640951,0.4794199170792178,CM
,235560,Contig_60682.fasta,0.010024894226679664,1.812703038971896e-05,0.4387377769051257,CM
,235560,Contig_131793.fasta,0.012853509979362722,2.7939038177293952e-05,0.44862304800509734,CM
,235560,Contig_136283.fasta,0.023270241874182963,0.00010677199700529547,0.47168733777148847,CM
,235560,Contig_1062059.fasta,0.01831707510478963,7.065178573959527e-05,0.4665142961807742,CM
,235560,Contig_499445.fasta,0.005996777847678493,6.451269090400094e-06,0.41852758414071245,CM
,235560,Contig_1062488.fasta,0.014920777002892295,4.0598039971845895e-05,0.45384465477140307,CM
,235560,Contig_307035.fasta,0.01600874162123457,5.005943415232261e-05,0.4589640402837828,CM
,235560,Contig_137283.fasta,0.002165338059714254,6.141836843088709e-07,0.3510231350857589,CM
,235560,Contig_137617.fasta,0.024237090915372846,0.00011822837367037704,0.4745576461149255,CM
,235560,Contig_794674.fasta,0.0,0.0,0.0,CM
,235560,Contig_135234.fasta,0.02122245788392473,9.183139831749092e-05,0.47073826868140495,CM
,235560,Contig_369513.fasta,0.006061476809688317,5.619590894828967e-06,0.41592341250605913,CM
,235560,Contig_498784.fasta,0.016193632620558958,5.019673094015106e-05,0.46054511719420915,CM
,235560,Contig_542670.fasta,0.0010281014546625747,0.0,0.2994648570043626,CM
,235560,Contig_62635.fasta,0.023271548096561245,0.00010890261124962651,0.4726402414841581,CM
,235560,Contig_136944.fasta,0.014706842609579484,4.2135644642250735e-05,0.45494782602753187,CM
,235560,Contig_501322.fasta,0.0011802548394340695,0.0,0.3153058214752807,CM
,235560,Contig_55419.fasta,0.018475160590625553,6.70316111011283e-05,0.46489204080408997,CM
,235560,Contig_55334.fasta,0.01605052710742523,5.035624393782928e-05,0.45986618090350523,CM
,235560,Contig_139851.fasta,0.02282482411403705,0.0001023297440625202,0.46932180448276484,CM
,235560,Contig_5146.fasta,0.007410664051619947,7.91488723051601e-06,0.42634518366224744,CM
,235560,Contig_139057.fasta,0.02532477552577608,0.00012429980015848328,0.473357449741342,CM
,235560,Contig_133009.fasta,0.0012282560750942668,0.0,0.31841703917612557,CM
,235560,Contig_371892.fasta,0.01104922841763068,2.2795979334154785e-05,0.44669578908765306,CM
,235560,Contig_53661.fasta,0.013410081349308055,3.516703660434101e-05,0.4523091726141291,CM
,235560,Contig_135135.fasta,0.0025807923235252796,7.42174953777705e-07,0.3746307758761541,CM
,235560,Contig_707468.fasta,0.002330669860933878,6.746358223411716e-07,0.35800599775770203,CM
,235560,Contig_623155.fasta,0.021781893827543555,9.348270314605654e-05,0.4688515421536238,CM
,235560,Contig_426668.fasta,0.01900587924968717,6.937963358952618e-05,0.46535438992473055,CM
,235560,Contig_987025.fasta,0.011603285401315498,2.5318457830173004e-05,0.4475503004010679,CM
,235560,Contig_499011.fasta,0.01665549646026951,5.27918384840595e-05,0.4621371250067324,CM
,235560,Contig_501860.fasta,0.017682919733415427,5.804145394600424e-05,0.46145349020642656,CM
,235560,Contig_993478.fasta,0.02446516689931038,0.00011734382704314095,0.4724016547898198,CM
,235560,Contig_57792.fasta,0.020836965949731313,8.290485498286073e-05,0.4669798793106951,CM
,235560,Contig_55876.fasta,0.014388224330019949,3.858076103773716e-05,0.4567240986523344,CM
,235560,Contig_420410.fasta,0.0023024609483502955,5.625251319809441e-07,0.35677761271011554,CM
,235560,Contig_548202.fasta,0.009340536786173609,1.5618455479687284e-05,0.43567396561388877,CM
,235560,Contig_54035.fasta,0.015796640722647377,5.1849681803150576e-05,0.4609988562259276,CM
,235560,Contig_56306.fasta,0.0070907685942922915,9.609072826896319e-06,0.4296729468037801,CM
,235560,Contig_138787.fasta,0.02414347852091683,0.00011668933723993745,0.4726402414841581,CM
,235560,Contig_367974.fasta,0.004808379423156847,3.5687066986709015e-06,0.4091944373146625,CM
,235560,Contig_370972.fasta,0.01155349603620487,2.5177658517409503e-05,0.4469091108589461,CM
,235560,Contig_550249.fasta,0.02534645854899338,0.00012974575760035537,0.4755221941761347,CM
,235560,Contig_2122.fasta,0.004802756877799031,3.0648259418821025e-06,0.4083017792925973,CM
,235560,Contig_1211.fasta,0.010439034330735536,1.9100109940665062e-05,0.4418449849568617,CM
,235560,Contig_990613.fasta,0.016377675675058653,5.0787764150512486e-05,0.46009227047130435,CM
,235560,Contig_59466.fasta,0.02488740891572091,0.00012104229745880461,0.473357449741342,CM
,235560,Contig_53438.fasta,0.022481852155368978,9.955851123334382e-05,0.47073826868140495,CM
,235560,Contig_61874.fasta,0.01945505761790198,7.13705612819342e-05,0.464200237171941,CM
,235560,Contig_24570409.fasta,0.015403444753261195,4.7222876849146016e-05,0.46009227047130435,CM
,235560,Contig_134391.fasta,0.02128270975249242,8.97587694937576e-05,0.46932180448276484,CM
,235560,Contig_368022.fasta,0.01311164692741882,3.532562344206466e-05,0.45494782602753187,CM
,235560,Contig_550148.fasta,0.009006903292725736,1.4639436055822183e-05,0.4340573646283085,CM
,235560,Contig_498565.fasta,0.005649727562230492,6.366247629811697e-06,0.4135341043476063,CM
,235560,Contig_132580.fasta,0.007100189471616959,9.369590475934686e-06,0.42402704038904987,CM
,235560,Contig_987514.fasta,0.013054193995961465,3.361169274170971e-05,0.45296596231298797,CM
,235560,Contig_132151.fasta,0.005770068533183566,5.962237822485822e-06,0.4151853052966429,CM
,235560,Contig_544515.fasta,0.0,0.0,0.0,CM
,235560,Contig_988369.fasta,0.014477627063548153,3.916354861329502e-05,0.4527468205798902,CM
,235560,Contig_993621.fasta,0.02057566130484949,8.625959763659495e-05,0.46791383906931655,CM
,235560,Contig_139909.fasta,0.012753809787461356,3.0503611943986822e-05,0.4520906657674556,CM
,235560,Contig_134896.fasta,0.021882989822499244,9.293501570366134e-05,0.4688515421536238,CM
,235560,Contig_1065651.fasta,0.02237916372273843,0.00010555256258795452,0.4726402414841581,CM
,235560,Contig_55852.fasta,0.020362594474517545,8.313041365251259e-05,0.46791383906931655,CM
,235560,Contig_370760.fasta,0.016322534223902962,5.1199706168889554e-05,0.45986618090350523,CM
,235560,Contig_704052.fasta,0.012039735849102746,3.0252904649694044e-05,0.4523091726141291,CM
,235560,Contig_1062304.fasta,0.006294195710624199,7.520982228171239e-06,0.42518295235739806,CM
,235560,Contig_368958.fasta,0.012932594058677969,3.0116394120463124e-05,0.4518723699365684,CM
,235560,Contig_1065614.fasta,0.019988802237236397,8.346450381044528e-05,0.46861676421564,CM
,235560,Contig_58988.fasta,0.017590701617935543,5.877095764034751e-05,0.4621371250067324,CM
,235560,Contig_53501.fasta,0.010316976387637511,2.0958012274078853e-05,0.44247171543197783,CM
,235560,Contig_53993.fasta,0.006919066982018559,8.411328549881765e-06,0.4224955657510759,CM
,235560,Contig_423707.fasta,0.010467573985664468,2.055996954936985e-05,0.4420536977508895,CM
,235560,Contig_421471.fasta,0.011375011057803228,2.5214075509221193e-05,0.4469091108589461,CM
,235560,Contig_61908.fasta,0.013766810925268123,3.497746378693972e-05,0.4527468205798902,CM
,235560,Contig_369636.fasta,0.010441648053674391,2.2856087716134147e-05,0.4428905244385391,CM
,235560,Contig_132893.fasta,0.022599219544610773,0.00010213280053418236,0.4714497119086313,CM
,235560,Contig_54779.fasta,0.014276920677081013,4.270831763559134e-05,0.4594146677165602,CM
,235560,Contig_132095.fasta,0.01892298506537818,6.966403076763158e-05,0.46466121059515053,CM
,235560,Contig_499035.fasta,0.0177899056762911,6.284712241802558e-05,0.46282278839695007,CM
,235560,Contig_542555.fasta,0.0022995012519855733,6.314888089789782e-07,0.35221214833971887,CM
,235560,Contig_134585.fasta,0.003685271865179246,2.076974157903642e-06,0.39074224556936665,CM
,235560,Contig_501844.fasta,0.015214455530535622,4.558962690050719e-05,0.4578413298134213,CM
,235560,Contig_139875.fasta,0.024056468269064577,0.00011512347837274359,0.4726402414841581,CM
,235560,Contig_139036.fasta,0.0010817759345407314,0.0,0.3037415378573947,CM
,235560,Contig_703292.fasta,0.014407099219815308,3.704098837500744e-05,0.45494782602753187,CM
,235560,Contig_993718.fasta,0.023054663131811287,0.00010092493317891007,0.4712123253467438,CM
,235560,Contig_550719.fasta,0.015728252501002075,4.091735995200889e-05,0.45694710846612946,CM
,235560,Contig_53600.fasta,0.021040199732688898,9.052575404039316e-05,0.46932180448276484,CM
,235560,Contig_54784.fasta,0.011209255050690418,2.3646746413931043e-05,0.44331012701972194,CM
,235560,Contig_137925.fasta,0.009637205189367554,1.5712583930448646e-05,0.44038949559465085,CM
,235560,Contig_498371.fasta,0.0,0.0,0.0,CM
,235560,Contig_369572.fasta,0.0217890521943281,9.025135167648278e-05,0.46791383906931655,CM
,235560,Contig_709936.fasta,0.01935759003522186,7.309350682275092e-05,0.46721301954000655,CM
,235560,Contig_370309.fasta,0.014457068890740046,4.019636268650811e-05,0.4565013064090893,CM
,235560,Contig_555617.fasta,0.0,0.0,0.0,CM
,235560,Contig_985297.fasta,0.018785850649785652,7.0389053396033e-05,0.46489204080408997,CM
,235560,Contig_369793.fasta,0.019911361305138833,7.772912446394063e-05,0.4662818525852681,CM
,235560,Contig_502640.fasta,0.018710757420025065,6.572286451042363e-05,0.4637401774720679,CM
,235560,Contig_58743.fasta,0.025321147750053844,0.0001341466192001667,0.47600594005016944,CM
,235560,Contig_134420.fasta,0.014598630845277773,3.774816511839771e-05,0.4551691041530317,CM
,235560,Contig_131697.fasta,0.012857174241823734,3.30802071627822e-05,0.4542852806498219,CM
,235560,Contig_986689.fasta,0.01965495044474759,7.495093173731956e-05,0.46512310046651745,CM
,235560,Contig_306288.fasta,0.024123323665996132,0.00011658668082895357,0.473357449741342,CM
,235560,Contig_53836.fasta,0.009480067205331866,1.6865939526186866e-05,0.4377117297187245,CM
,235560,Contig_544688.fasta,0.013035918148888282,3.149335503299984e-05,0.449484955878306,CM
,235560,Contig_56656.fasta,0.021059976695947193,8.760659039633343e-05,0.4688515421536238,CM
,235560,Contig_54598.fasta,0.024384990111378957,0.00011795606880172797,0.4731181385938489,CM
,235560,Contig_546991.fasta,0.002351526353331175,6.165348207973893e-07,0.35704985812233236,CM
,235560,Contig_134764.fasta,0.021921123020962673,8.940072724740352e-05,0.4681479130258295,CM
,235560,Contig_542365.fasta,0.0022995012519855733,6.314888089789782e-07,0.35221214833971887,CM
,235560,Contig_139193.fasta,0.0,0.0,0.0,CM
,235560,Contig_207429.fasta,0.012280775663635906,2.810327277870595e-05,0.45296596231298797,CM
,235560,Contig_139542.fasta,0.007249128411533801,9.29866065825199e-06,0.42634518366224744,CM
,235560,Contig_1122224.fasta,0.0,0.0,0.0,CM
,235560,Contig_656.fasta,0.0011232702782369081,0.0,0.30773682280126047,CM
,235560,Contig_53374.fasta,0.022072243483265166,9.891519312994767e-05,0.470501597857533,CM
,235560,Contig_56557.fasta,0.02187397274344726,9.685457389194012e-05,0.47026516489378545,CM
,235560,Contig_308360.fasta,0.025392713188080052,0.00013227209388749628,0.47528068976060595,CM
,235560,Contig_1064061.fasta,0.008427535370490456,1.1951170437733704e-05,0.43547123226553425,CM
,235560,Contig_53464.fasta,0.023118568720465117,0.00010514885985653056,0.47168733777148847,CM
,235560,Contig_56696.fasta,0.020327826710693126,7.629763755102287e-05,0.4660496405072874,CM
,235560,Contig_1061954.fasta,0.01997395368809938,7.657106148521966e-05,0.4669798793106951,CM
,235560,Contig_2616.fasta,0.0,0.0,0.0,CM
,235560,Contig_499913.fasta,0.024518442329897548,0.0001205842206472889,0.4743171201919073,CM
,235560,Contig_60703.fasta,0.018869296921799755,6.689023131857548e-05,0.4637401774720679,CM
,235560,Contig_542430.fasta,0.022143063224030878,9.639585544849412e-05,0.46979301111377164,CM
,235560,Contig_131612.fasta,0.010872224196877571,2.0728211056672832e-05,0.43709840174620884,CM
,235560,Contig_133564.fasta,0.02105981867165589,8.774831757698423e-05,0.4681479130258295,CM
,235560,Contig_550250.fasta,0.0,0.0,0.0,CM
,235560,Contig_131657.fasta,0.012669141100239662,3.0482577046466827e-05,0.45013356331824583,CM
,235560,Contig_500964.fasta,0.02336690855597241,0.00011033730776565747,0.47287906929693435,CM
,235560,Contig_933392.fasta,0.009268035038165805,1.581625235739737e-05,0.4381215721622814,CM
,235560,Contig_54659.fasta,0.007880224377300063,1.0875308682473872e-05,0.42790474537660406,CM
,235560,Contig_61746.fasta,0.006495833561147045,6.749769816226606e-06,0.4146334417982424,CM
,235560,Contig_53765.fasta,0.009175777152628357,1.5507323888558703e-05,0.4387377769051257,CM
,235560,Contig_138153.fasta,0.02093985254271508,8.607658233474739e-05,0.4681479130258295,CM
,235560,Contig_56940.fasta,0.019049895230705036,6.60051572524222e-05,0.4637401774720679,CM
,235560,Contig_54275.fasta,0.019246346411114182,7.400577953964339e-05,0.46466121059515053,CM
,235560,Contig_542488.fasta,0.0,0.0,0.0,CM
,235560,Contig_367990.fasta,0.01582256585769442,4.809329129674993e-05,0.4609988562259276,CM
,235560,Contig_555859.fasta,0.013294730527394891,3.120442325493115e-05,0.453185316289895,CM
,235560,Contig_993581.fasta,0.0089484230702761,1.6858558683222206e-05,0.43305306716271774,CM
,235560,Contig_547586.fasta,0.0047046738004391814,3.537104208176473e-06,0.4038962788686375,CM
,235560,Contig_428255.fasta,0.0011207990815026519,0.0,0.3080407103813802,CM
,235560,Contig_131556.fasta,0.01647420122666158,5.127840498459861e-05,0.46009227047130435,CM
,235560,Contig_303047.fasta,0.007249068361579106,1.0185603234992035e-05,0.4281004932015705,CM
,235560,Contig_368885.fasta,0.011629193249555478,2.519213053451005e-05,0.4452082198566285,CM
,235560,Contig_59053.fasta,0.012143801052756035,2.8188146749289412e-05,0.45013356331824583,CM
,235560,Contig_551912.fasta,0.008412751812507932,1.3389694513031097e-05,0.4358768878149199,CM
,235560,Contig_554772.fasta,0.011839079128138376,2.6736550602454166e-05,0.4488382149345962,CM
,235560,Contig_544264.fasta,0.0012762365615451043,0.0,0.3222547101028351,CM
,235560,Contig_934117.fasta,0.015054919234805604,4.821847880730311e-05,0.4585142960012901,CM
,235560,Contig_545454.fasta,0.014206099294034739,4.02540608825305e-05,0.4582897542304766,CM
,235560,Contig_368262.fasta,0.003926074072736786,1.8957978470554763e-06,0.4026797238118043,CM
,235560,Contig_61277.fasta,0.006443678237965321,7.770412721999768e-06,0.41536958639087135,CM
,235560,Contig_302677.fasta,0.00820657741437434,1.231707168522814e-05,0.4344603891080005,CM
,235560,Contig_554901.fasta,0.0023724639472472637,6.380844019518739e-07,0.3569136835006228,CM
,235560,Contig_305322.fasta,0.006602163166987055,7.530403417403396e-06,0.4170355071919042,CM
,235560,Contig_544883.fasta,0.0,0.0,0.0,CM
,235560,Contig_135194.fasta,0.018318906196209815,6.672640119887162e-05,0.46351048941982814,CM
,235560,Contig_56818.fasta,0.010255230818052937,1.812105012786242e-05,0.43832678132957054,CM
,235560,Contig_498461.fasta,0.016726175349868366,5.0282324584391046e-05,0.45986618090350523,CM
,235560,Contig_543101.fasta,0.0023152968256485522,6.575326772648723e-07,0.3565057821480507,CM
,235560,Contig_421823.fasta,0.00959866595470599,1.526303425093574e-05,0.4397686457418388,CM
,235560,Contig_135268.fasta,0.011437272350170943,2.6087385661774694e-05,0.4460570439173656,CM
,235560,Contig_1064205.fasta,0.023199979533377792,0.00011026264409329363,0.4726402414841581,CM
,235560,Contig_54445.fasta,0.015167088986483087,4.101470689464902e-05,0.45605637336190696,CM
,235560,Contig_549637.fasta,0.0,0.0,0.0,CM
,235560,Contig_55400.fasta,0.01160174828846119,2.496102483221223e-05,0.44776443930078136,CM
,235560,Contig_625718.fasta,0.024318627980606612,0.00011909794037738675,0.47407683796283334,CM
,235560,Contig_801021.fasta,0.0,0.0,0.0,CM
,235560,Contig_1062339.fasta,0.00214919615137721,4.5502645616873127e-07,0.3435490742065467,CM
,235560,Contig_306355.fasta,0.009677835963207676,1.6935488273830347e-05,0.441428150065393,CM
,235560,Contig_428764.fasta,0.01855429677623034,6.660036996369192e-05,0.46351048941982814,CM
,235560,Contig_369126.fasta,0.0035386745424100517,1.8051296877477538e-06,0.3854314984096512,CM
,235560,Contig_302533.fasta,0.017536000166844198,6.32018093846776e-05,0.46512310046651745,CM
,235560,Contig_1315.fasta,0.010654969125155433,2.4223682727030897e-05,0.4449965183731018,CM
,235560,Contig_992309.fasta,0.009486540566631688,1.745696147576718e-05,0.44163646915461685,CM
,235560,Contig_425542.fasta,0.018541863206718266,6.979366832590265e-05,0.46535438992473055,CM
,235560,Contig_498295.fasta,0.019588955077084982,7.508529306805613e-05,0.46535438992473055,CM
,235560,Contig_54108.fasta,0.007259006086493693,7.934516921979204e-06,0.42634518366224744,CM
,235560,Contig_796850.fasta,0.023738354054990324,0.0001090234060522195,0.4721633088489572,CM
,235560,Contig_58097.fasta,0.014593612670911981,4.066142958386888e-05,0.45362466220971065,CM
,235560,Contig_984994.fasta,0.003469753374889912,1.9638247020320362e-06,0.38559030825654433,CM
,235560,Contig_932851.fasta,0.02175230808293034,9.541300287466373e-05,0.46979301111377164,CM
,235560,Contig_60483.fasta,0.014095959889183916,3.527439673295579e-05,0.4527468205798902,CM
,235560,Contig_542409.fasta,0.0046055639726920675,3.829248127991141e-06,0.40198783425199014,CM
,235560,Contig_628830.fasta,0.01835304164087736,6.696746027316259e-05,0.4665142961807742,CM
,235560,Contig_993268.fasta,0.013219408708612471,3.589893226898879e-05,0.45539059763437134,CM
,235560,Contig_53370.fasta,0.004648459526110689,3.150665026591119e-06,0.40302656250587127,CM
,235560,Contig_4880.fasta,0.012782441095175456,2.7241196860690125e-05,0.4475503004010679,CM
,235560,Contig_368303.fasta,0.024139170561757496,0.0001141382085470672,0.4731181385938489,CM
,235560,Contig_133134.fasta,0.004831806353664409,3.0617886607037035e-06,0.40741300746131176,CM
,235560,Contig_1973.fasta,0.007002476934776054,8.03245333715957e-06,0.42518295235739806,CM
,235560,Contig_371210.fasta,0.015782607006723758,4.774290147284559e-05,0.4565013064090893,CM
,235560,Contig_1062001.fasta,0.020052499460930465,7.677705162104922e-05,0.4669798793106951,CM
,235560,Contig_1064554.fasta,0.011971765486693759,2.6263873012998046e-05,0.4499171529512659,CM
,235560,Contig_498458.fasta,0.005763443155028728,5.158950357806458e-06,0.4108110966368012,CM
,235560,Contig_56821.fasta,0.011982671099788714,2.605638384212925e-05,0.449484955878306,CM
,235560,Contig_53604.fasta,0.0067279595641162905,7.363199138797637e-06,0.41890227311487604,CM
,235560,Contig_201321.fasta,0.01502294578798488,4.302845041504741e-05,0.4578413298134213,CM
,235560,Contig_136127.fasta,0.021160872869482213,9.100210013496958e-05,0.47026516489378545,CM
,235560,Contig_1268205.fasta,0.005600405795996197,5.617148077647662e-06,0.4111720905705769,CM
,235560,Contig_56363.fasta,0.014351368206754674,4.113124274983187e-05,0.45605637336190696,CM
,235560,Contig_138376.fasta,0.015590563593308784,4.7889577033093117e-05,0.4594146677165602,CM
,235560,Contig_54813.fasta,0.018549604013125814,6.909283127442055e-05,0.46489204080408997,CM
,235560,Contig_56326.fasta,0.004775648308144102,3.863050178066791e-06,0.4131689528205886,CM
,235560,Contig_213640.fasta,0.023224690287375917,0.00010902294342666795,0.471925203297344,CM
,235560,Contig_59276.fasta,0.0049459191857694675,4.265518535699171e-06,0.4146334417982424,CM
,235560,Contig_622130.fasta,0.008047846395647852,1.1096838592723877e-05,0.4290819248686993,CM
,235560,Contig_550374.fasta,0.002607177653661728,6.850055711756932e-07,0.3740318457788302,CM
,235560,Contig_542514.fasta,0.01277449243100398,3.0859368850436384e-05,0.44905358835826925,CM
,235560,Contig_1270443.fasta,0.0,0.0,0.0,CM
,235560,Contig_859.fasta,0.010690177238382925,2.1951834878517797e-05,0.4488382149345962,CM
,235560,Contig_133315.fasta,0.02020991702000961,8.412879020672817e-05,0.4688515421536238,CM
,235560,Contig_1258190.fasta,0.01992837971355558,7.622931170952014e-05,0.46791383906931655,CM
,235560,Contig_62690.fasta,0.021111120401769108,8.994803273745137e-05,0.46955728958285653,CM
,235560,Contig_137536.fasta,0.016102531485311863,5.150648067492695e-05,0.4585142960012901,CM
,235560,Contig_302537.fasta,0.009992114653341646,1.8653931712742256e-05,0.4439410237849303,CM
,235560,Contig_61137.fasta,0.019764273102380298,7.374006322953535e-05,0.46558590952170803,CM
,235560,Contig_53538.fasta,0.010630781912886165,2.3123440286671232e-05,0.4449965183731018,CM
,235560,Contig_42.fasta,0.0,0.0,0.0,CM
,235560,Contig_421320.fasta,0.0021956479840265658,6.164931845251119e-07,0.3497113894389511,CM
,235560,Contig_53681.fasta,0.00573369040990173,5.2817052655843525e-06,0.4140830434241739,CM
,235560,Contig_542529.fasta,0.0012457232841072826,0.0,0.31939511199270754,CM
,235560,Contig_4.fasta,0.010598635909832057,2.0150227396354237e-05,0.4435202266059872,CM
,235560,Contig_703687.fasta,0.014163309614726637,3.9011302195058375e-05,0.4573937820814434,CM
,235560,Contig_501838.fasta,0.01935735798908635,7.437789475121772e-05,0.46535438992473055,CM
,235560,Contig_304363.fasta,0.006840155647042912,9.623189182655546e-06,0.42402704038904987,CM
,235560,Contig_1124279.fasta,0.01743999113560754,5.925773387727013e-05,0.4632810287815015,CM
,235560,Contig_371458.fasta,0.02416550599524231,0.00011732078082950859,0.4726402414841581,CM
,235560,Contig_371089.fasta,0.024533698920539405,0.00011852415621800384,0.47287906929693435,CM
,235560,Contig_502049.fasta,0.0,0.0,0.0,CM
,235560,Contig_54896.fasta,0.007249447087258872,8.592668739071258e-06,0.4284925266202533,CM
,235560,Contig_308594.fasta,0.022324666447239492,9.48913411907061e-05,0.46908655545796146,CM
,235560,Contig_421862.fasta,0.0,0.0,0.0,CM
,235560,Contig_704447.fasta,0.00581943470041348,5.476719240535057e-06,0.41647871746267606,CM
,235560,Contig_542628.fasta,0.010464353262023973,2.2165932129556388e-05,0.44122002741095384,CM
,235560,Contig_1062711.fasta,0.012829509699878049,3.168485132039676e-05,0.45252789078270456,CM
,235560,Contig_56142.fasta,0.0058662417442161465,6.623199870932149e-06,0.41481723321747915,CM
,235560,Contig_930489.fasta,0.0022321909560405404,3.439071430124485e-07,0.3484094110717174,CM
,235560,Contig_139157.fasta,0.01876317575157438,6.185283668826478e-05,0.46351048941982814,CM
,235560,Contig_499578.fasta,0.000857479947550298,0.0,0.2857489093553078,CM
,235560,Contig_991222.fasta,0.00835640536422947,1.2517298390658632e-05,0.4340573646283085,CM
,235560,Contig_55519.fasta,0.0,0.0,0.0,CM
,235560,Contig_371268.fasta,0.02117627929529718,8.584781826307203e-05,0.46838222129060714,CM
,235560,Contig_502154.fasta,0.02282947568008512,0.00010572346904142734,0.4712123253467438,CM
,235560,Contig_61443.fasta,0.009227349007988217,1.6104489992526263e-05,0.43526868750634096,CM
,235560,Contig_546955.fasta,0.006996901389485307,8.381984939817262e-06,0.42345143807177965,CM
,235560,Contig_137801.fasta,0.016784975400548376,5.376837158972342e-05,0.4609988562259276,CM
,235560,Contig_53460.fasta,0.015655359173408646,4.710942247926763e-05,0.46054511719420915,CM
,235560,Contig_213008.fasta,0.025260521440967798,0.00012897297933778,0.4750394305272249,CM
,235560,Contig_421555.fasta,0.011670085286197085,2.4275055921152654e-05,0.4471226364733077,CM
,235560,Contig_549796.fasta,0.0012457232841072826,0.0,0.31939511199270754,CM
,235560,Contig_368839.fasta,0.025135485335275327,0.0001287969650010537,0.47407683796283334,CM
,235560,Contig_55135.fasta,0.022643568216446756,0.00010407990265697018,0.4724016547898198,CM
,235560,Contig_62471.fasta,0.020092765032928648,7.780076440530049e-05,0.4665142961807742,CM
,235560,Contig_55618.fasta,0.017637999609801284,5.816672479455395e-05,0.46122606118217496,CM
,235560,Contig_210082.fasta,0.015268579043493897,4.637620981656266e-05,0.45986618090350523,CM
,235560,Contig_24578817.fasta,0.0,0.0,0.0,CM
,235560,Contig_54618.fasta,0.009558303807162482,1.5664633347963038e-05,0.4385321828203529,CM
,235560,Contig_988525.fasta,0.024169476788663775,0.00012073646764086335,0.4735970031065957,CM
,235560,Contig_987358.fasta,0.013289669057169828,3.081671547271698e-05,0.4523091726141291,CM
,235560,Contig_420491.fasta,0.0,0.0,0.0,CM
,235560,Contig_306388.fasta,0.0,0.0,0.0,CM
,235560,Contig_133758.fasta,0.014090871715129063,3.962200441188139e-05,0.45605637336190696,CM
,235560,Contig_1258149.fasta,0.01826715899688014,6.406569515820059e-05,0.4639700932764666,CM
,235560,Contig_303939.fasta,0.01648317895330655,5.486250872299725e-05,0.4619090217860973,CM
,235560,Contig_139743.fasta,0.020858289236457193,8.979280950923331e-05,0.46908655545796146,CM
,235560,Contig_499329.fasta,0.016545429536350086,5.243256112579857e-05,0.4603185824587472,CM
,235560,Contig_55465.fasta,0.002503299995396395,5.358014960002039e-07,0.365700538545773,CM
,235560,Contig_545474.fasta,0.0009850832202801848,0.0,0.2968996440795156,CM
,235560,Contig_60212.fasta,0.017439414614952232,6.030495430421922e-05,0.4630517952195117,CM
,235560,Contig_306074.fasta,0.024310604209093208,0.0001162635202459649,0.473357449741342,CM
,235560,Contig_502705.fasta,0.006605429224675411,7.972826690745083e-06,0.4202189843460409,CM
,235560,Contig_302612.fasta,0.013991043974398577,3.8485409508205525e-05,0.45605637336190696,CM
,235560,Contig_56457.fasta,0.02159436252445461,9.924096580609258e-05,0.471925203297344,CM
,235560,Contig_554999.fasta,0.0011074747045739291,0.0,0.3047306018035275,CM
,235560,Contig_56086.fasta,0.008082990090519389,1.0954539821887925e-05,0.43006786679165127,CM
,235560,Contig_543199.fasta,0.002433605196782876,6.638206724080365e-07,0.36258337006533636,CM
,235560,Contig_23.fasta,0.009407750101065534,1.4187875618775571e-05,0.4377117297187245,CM
,235560,Contig_1064124.fasta,0.01965561918341095,7.852890243884851e-05,0.466746971640216,CM
,235560,Contig_133459.fasta,0.008412782561403761,1.2440908002356737e-05,0.4358768878149199,CM
,235560,Contig_370813.fasta,0.01742323944566965,5.867698864398802e-05,0.4630517952195117,CM
,235560,Contig_803076.fasta,0.0011232702782369081,0.0,0.30773682280126047,CM
,235560,Contig_304497.fasta,0.0023490551565969187,5.916287585271307e-07,0.35869209587529055,CM
,235560,Contig_55498.fasta,0.011704623702866105,2.7564986964055214e-05,0.4484080872729435,CM
,235560,Contig_60113.fasta,0.020511824014087306,8.420519108265455e-05,0.46861676421564,CM
,235560,Contig_305805.fasta,0.0011802548394340695,0.0,0.3153058214752807,CM
,235560,Contig_302556.fasta,0.01290879558029797,3.378416717478019e-05,0.4551691041530317,CM
,235560,Contig_61915.fasta,0.009483540615889356,1.608370884547442e-05,0.4379165550484947,CM
,235560,Contig_134054.fasta,0.019411420256778087,7.89118992581567e-05,0.46791383906931655,CM
,235560,Contig_368736.fasta,0.025882197248646623,0.00013286329202775383,0.4750394305272249,CM
,235560,Contig_552143.fasta,0.024505810766378585,0.00011870418293036165,0.473357449741342,CM
,235560,Contig_131677.fasta,0.015147964335419215,4.489661175507861e-05,0.4578413298134213,CM
,235560,Contig_500107.fasta,0.017606318934049143,5.8382628551771874e-05,0.46145349020642656,CM
,235560,Contig_369773.fasta,0.022385950254843662,0.00010274631074355621,0.471925203297344,CM
,235560,Contig_553945.fasta,0.006210179320256779,5.353052455025381e-06,0.42230490890732536,CM
,235560,Contig_135011.fasta,0.008970441285476137,1.3936439781624461e-05,0.43185402775202264,CM
,235560,Contig_1064039.fasta,0.0012270634338512909,0.0,0.31830873406075955,CM
,235560,Contig_987907.fasta,0.006785369711702378,8.016872483845975e-06,0.4190898692962978,CM
,235560,Contig_53369.fasta,0.003641194187182406,1.3704848463808996e-06,0.38590832088191057,CM
,235560,Contig_61766.fasta,0.0106566413147877,2.0688740284099804e-05,0.44247171543197783,CM
,235560,Contig_53444.fasta,0.013982243452123264,3.6765061982980195e-05,0.4512187454863226,CM
,235560,Contig_988014.fasta,0.0,0.0,0.0,CM
,235560,Contig_53893.fasta,0.01962855226308239,7.467763721079336e-05,0.4662818525852681,CM
,235560,Contig_811026.fasta,0.007085092457995564,6.842286151077604e-06,0.4215439991615464,CM
,235560,Contig_548326.fasta,0.016805774194908453,5.405657449961019e-05,0.4630517952195117,CM
,235560,Contig_166.fasta,0.0,0.0,0.0,CM
,235560,Contig_368472.fasta,0.019019688809259503,7.126926504184097e-05,0.466746971640216,CM
,235560,Contig_131533.fasta,0.009716336602585904,1.5533338674999722e-05,0.4387377769051257,CM
,235560,Contig_713578.fasta,0.008406174662137928,1.2441325075077342e-05,0.4362832998315306,CM
,235560,Contig_62754.fasta,0.01871863280522285,6.755968673424635e-05,0.4644306094980809,CM
,235560,Contig_499271.fasta,0.020294868511734305,8.144626956478184e-05,0.46791383906931655,CM
,235560,Contig_547132.fasta,0.019715513934025597,7.60384643813093e-05,0.4662818525852681,CM
,235560,Contig_542385.fasta,0.008316279729556002,1.193666105547186e-05,0.43265264823792565,CM
,235560,Contig_1061989.fasta,0.00816818706484549,1.1525508752581742e-05,0.43185402775202264,CM
,235560,Contig_137023.fasta,0.003460829858840543,2.224671907816378e-06,0.384797565024109,CM
,235560,Contig_626516.fasta,0.024672258283010458,0.00011946980523799147,0.473357449741342,CM
,235560,Contig_990243.fasta,0.0059246960876557925,5.217124102373646e-06,0.41592341250605913,CM
,235560,Contig_59036.fasta,0.0012762365615451043,0.0,0.3222547101028351,CM
,235560,Contig_1064338.fasta,0.0,0.0,0.0,CM
,235560,Contig_426325.fasta,0.003642148393221288,1.4848115497017058e-06,0.3868655139060079,CM
,235560,Contig_1063105.fasta,0.006241747945065299,7.0983547052211645e-06,0.4249898629149106,CM
,235560,Contig_132168.fasta,0.0012402808381318986,0.0,0.31841703917612557,CM
,235560,Contig_372283.fasta,0.01738252319212244,5.723011386685956e-05,0.46122606118217496,CM
,235560,Contig_134478.fasta,0.0026292313376210254,5.827512962101619e-07,0.3746307758761541,CM
,235560,Contig_370234.fasta,0.0223327264417635,9.828887577857415e-05,0.47026516489378545,CM
,235560,Contig_801164.fasta,0.01589946486576731,4.584532701395059e-05,0.4547267629439422,CM
,235560,Contig_53484.fasta,0.013067671863115932,3.105930808375076e-05,0.4507840453461624,CM
,235560,Contig_549737.fasta,0.0,0.0,0.0,CM
,235560,Contig_206708.fasta,0.019006636238416617,7.019249254810736e-05,0.4662818525852681,CM
,235560,Contig_54992.fasta,0.020859608001143018,8.309481748247036e-05,0.4674463926766399,CM
,235560,Contig_1580.fasta,0.015248899606116147,4.499818532059817e-05,0.45806543227539553,CM
,235560,Contig_138626.fasta,0.020293527442828703,7.557845697481702e-05,0.4660496405072874,CM
,235560,Contig_302732.fasta,0.008331323516338345,1.2346148895496637e-05,0.4316548330897754,CM
,235560,Contig_544511.fasta,0.0011802548394340695,0.0,0.3153058214752807,CM
,235560,Contig_987555.fasta,0.0225637569139452,0.00010093327290704084,0.47073826868140495,CM
,235560,Contig_132953.fasta,0.015882233561701188,4.6481321296835e-05,0.4589640402837828,CM
,235560,Contig_544554.fasta,0.0,0.0,0.0,CM
,235560,Contig_133584.fasta,0.017402645404324478,5.9863428232740344e-05,0.46145349020642656,CM
,235560,Contig_57532.fasta,0.012874674014547437,2.9655962758487614e-05,0.4507840453461624,CM
,235560,Contig_420261.fasta,0.002456491400979174,7.437225166269041e-07,0.36699124632887575,CM
,235560,Contig_371170.fasta,0.014117372093509701,3.4596694578983764e-05,0.4512187454863226,CM
,235560,Contig_135069.fasta,0.0011920265474116443,0.0,0.31541209239589924,CM
,235560,Contig_369063.fasta,0.011066738438015918,2.0167597641796256e-05,0.4456322276850634,CM
,235560,Contig_371618.fasta,0.01990006299781537,7.523398692247868e-05,0.46558590952170803,CM
,235560,Contig_555306.fasta,0.006795559390251393,8.1794880671079e-06,0.41852758414071245,CM
,235560,Contig_550560.fasta,0.01569645223053629,4.454648665878253e-05,0.4591892434438828,CM
,235560,Contig_60835.fasta,0.002351526353331175,6.165348207973893e-07,0.35704985812233236,CM
,235560,Contig_542345.fasta,0.0034621807948300143,1.909664364591825e-06,0.3887942160941558,CM
,235560,Contig_61646.fasta,0.025124739229583838,0.00012405450345961733,0.47407683796283334,CM
,235560,Contig_498856.fasta,0.012584226413132399,3.2165704937588684e-05,0.4518723699365684,CM
,235560,Contig_501062.fasta,0.02226107807812722,9.558690417609983e-05,0.4700289694317595,CM
,235560,Contig_368282.fasta,0.010365690535425746,1.8222407823185344e-05,0.44018235095890546,CM
,235560,Contig_428054.fasta,0.018711503278089982,6.599880986552576e-05,0.464200237171941,CM
,235560,Contig_994290.fasta,0.008393821350373865,1.4864306351365796e-05,0.4399754010994984,CM
,235560,Contig_499481.fasta,0.019111107772960375,7.006907600558946e-05,0.46581765960111154,CM
,235560,Contig_542530.fasta,0.0,0.0,0.0,CM
,235560,Contig_371705.fasta,0.007315264945472673,8.394900440167313e-06,0.42345143807177965,CM
,235560,Contig_53599.fasta,0.021285743059821234,8.970613643678502e-05,0.46908655545796146,CM
,235560,Contig_985013.fasta,0.019317924938843215,7.315285355726021e-05,0.464200237171941,CM
,235560,Contig_992481.fasta,0.004747669448045706,3.0377023845523636e-06,0.40564702129979757,CM
,235560,Contig_135275.fasta,0.02534931060946342,0.00013118469622020403,0.4755221941761347,CM
,235560,Contig_931634.fasta,0.01841665699959858,6.875540600662039e-05,0.4644306094980809,CM
,235560,Contig_61990.fasta,0.02205069448385601,9.777024316466127e-05,0.46979301111377164,CM
,235560,Contig_134230.fasta,0.008387202992647004,1.277791097746077e-05,0.43567396561388877,CM
,235560,Contig_303596.fasta,0.0045376514464769155,3.002703210232635e-06,0.3970418659900862,CM
,235560,Contig_212565.fasta,0.02221427719996375,9.942945649002711e-05,0.47097517772452596,CM
,235560,Contig_1128046.fasta,0.020059754524643453,7.684625947210562e-05,0.4662818525852681,CM
,235560,Contig_139855.fasta,0.02889094226905045,0.0001658442825463453,0.4779508059952161,CM
,235560,Contig_989235.fasta,0.017219939001806843,5.577276530377987e-05,0.46122606118217496,CM
,235560,Contig_499439.fasta,0.010141552087834413,2.0007485297891025e-05,0.44080437029610603,CM
,235560,Contig_1062866.fasta,0.021956140047938062,9.360657639935454e-05,0.47026516489378545,CM
,235560,Contig_4593.fasta,0.006709640993502932,8.27992395322643e-06,0.42211442405892335,CM
,235560,Contig_61074.fasta,0.025580828726207906,0.00013054664836684138,0.4750394305272249,CM
,235560,Contig_990281.fasta,0.026660135764662984,0.0001408174094374392,0.4755221941761347,CM
,235560,Contig_499662.fasta,0.01983890431288372,8.307169805508328e-05,0.4688515421536238,CM
,235560,Contig_62796.fasta,0.02321489813657277,0.0001063511521642028,0.47168733777148847,CM
,235560,Contig_368867.fasta,0.02327783045458915,0.0001071858478912342,0.471925203297344,CM
,235560,Contig_368024.fasta,0.01442178812828757,4.075910067904685e-05,0.45605637336190696,CM
,235560,Contig_1065845.fasta,0.0012402808381318986,0.0,0.31841703917612557,CM
,235560,Contig_131648.fasta,0.022350739850133333,0.00010289815773601853,0.4721633088489572,CM
,235560,Contig_1067335.fasta,0.023399909691324237,0.00010880662695118989,0.47168733777148847,CM
,235560,Contig_367937.fasta,0.011379705334211674,2.300015089510906e-05,0.44478501812672677,CM
,235560,Contig_201958.fasta,0.018323635081153488,6.62066444855635e-05,0.4630517952195117,CM
,235560,Contig_546698.fasta,0.001120922661166968,0.0,0.30713084284169123,CM
,235560,Contig_308342.fasta,0.015319904766778867,4.538191703531094e-05,0.4591892434438828,CM
,235560,Contig_138109.fasta,0.022846188817025097,0.00010727772207543735,0.4726402414841581,CM
,235560,Contig_545981.fasta,0.022890273625899966,0.00010494668771666748,0.47168733777148847,CM
,235560,Contig_930043.fasta,0.004687377927281967,3.759089745226034e-06,0.40302656250587127,CM
,235560,Contig_53486.fasta,0.0,0.0,0.0,CM
,235560,Contig_24565782.fasta,0.013622466045679854,3.954808309061383e-05,0.4547267629439422,CM
,235560,Contig_59009.fasta,0.013720460280429092,3.793493696737712e-05,0.453185316289895,CM
,235560,Contig_53814.fasta,0.0145913886322307,3.889928729691198e-05,0.45605637336190696,CM
,235560,Contig_1116.fasta,0.013135737257900532,3.445148460773308e-05,0.45539059763437134,CM
,235560,Contig_139857.fasta,0.0033409270835768707,1.6657512586127746e-06,0.3785710672081849,CM
,235560,Contig_420383.fasta,0.010344616689433477,2.076336026272155e-05,0.44247171543197783,CM
,235560,Contig_555118.fasta,0.027556045265180122,0.00015260307327569453,0.47770682906515216,CM
,235560,Contig_1066641.fasta,0.02297311463130553,0.00010617179474033196,0.4731181385938489,CM
,235560,Contig_137669.fasta,0.01012919111750219,2.0555194041459972e-05,0.4385321828203529,CM
,235560,Contig_302668.fasta,0.024194045911084233,0.00011245401467643764,0.47073826868140495,CM
,235560,Contig_305455.fasta,0.020081361571447496,7.634045797480828e-05,0.4665142961807742,CM
,235560,Contig_61545.fasta,0.010210705671881436,2.0467133017935204e-05,0.44331012701972194,CM
,235560,Contig_498353.fasta,0.01184096626139743,2.880214344720393e-05,0.4512187454863226,CM
,235560,Contig_988988.fasta,0.0009154804585160782,0.0,0.29217223794524916,CM
,235560,Contig_985054.fasta,0.022327771215536536,0.00010191583437401125,0.4714497119086313,CM
,235560,Contig_420879.fasta,0.008326764508593685,1.2755887416996731e-05,0.4362832998315306,CM
,235560,Contig_1258176.fasta,0.01775050740221293,6.196897559641718e-05,0.4632810287815015,CM
,235560,Contig_499353.fasta,0.024710241809644738,0.00012079627350610298,0.473357449741342,CM
,235560,Contig_468.fasta,0.0,0.0,0.0,CM
,235560,Contig_993483.fasta,0.023096395617941884,0.00011089126359169825,0.4724016547898198,CM
,235560,Contig_988975.fasta,0.020873487094938588,8.869503109903908e-05,0.46955728958285653,CM
,235560,Contig_988930.fasta,0.017306280726240467,6.199098434274397e-05,0.4637401774720679,CM
,235560,Contig_1198429.fasta,0.0012941622982030289,0.0,0.3243770114865279,CM
,235560,Contig_933290.fasta,0.02358763093370903,0.00011304500777176657,0.4735970031065957,CM
,235560,Contig_499052.fasta,0.018793174603442712,6.847339230407501e-05,0.46512310046651745,CM
,235560,Contig_305495.fasta,0.02192447237052574,9.545813772087653e-05,0.47073826868140495,CM
,235560,Contig_985400.fasta,0.02326278313081595,0.00010772872160555284,0.47168733777148847,CM
,235560,Contig_985094.fasta,0.017841961330744,6.667802756113472e-05,0.466746971640216,CM
,235560,Contig_500018.fasta,0.010610913851564246,1.9185723910044458e-05,0.44331012701972194,CM
,235560,Contig_54766.fasta,0.012558363226965689,2.824314464361341e-05,0.44862304800509734,CM
,235560,Contig_1263528.fasta,0.005919307525726039,5.559324756518836e-06,0.41815356485193617,CM
,235560,Contig_59228.fasta,0.0,0.0,0.0,CM
,235560,Contig_1065920.fasta,0.013594685230119218,3.531231978330037e-05,0.4527468205798902,CM
,235560,Contig_555509.fasta,0.005787774016256663,5.482287438423783e-06,0.4100910070721442,CM
,235560,Contig_139091.fasta,0.026443542781000477,0.0001361990019228537,0.47479841610280726,CM
,235560,Contig_706082.fasta,0.014050813568950406,3.9235214259636407e-05,0.4571703361693371,CM
,235560,Contig_368629.fasta,0.017645092905961727,6.333967944522514e-05,0.4637401774720679,CM
,235560,Contig_625052.fasta,0.026418327586639544,0.0001410020523335175,0.4755221941761347,CM
,235560,Contig_368691.fasta,0.012189300110621663,2.6423219893923112e-05,0.4510012906692208,CM
,235560,Contig_551706.fasta,0.0026292313376210254,5.827512962101619e-07,0.3746307758761541,CM
,235560,Contig_61210.fasta,0.0011232702782369081,0.0,0.30773682280126047,CM
,235560,Contig_369691.fasta,0.021654642476425838,8.74604422008955e-05,0.4681479130258295,CM
,235560,Contig_498443.fasta,0.0009154804585160782,0.0,0.29217223794524916,CM
,235560,Contig_59641.fasta,0.023208438977202938,0.00010642802097966013,0.47168733777148847,CM
,235560,Contig_370353.fasta,0.019868596318490098,7.174367800182674e-05,0.4644306094980809,CM
,235560,Contig_24566591.fasta,0.010559229514786599,2.275648768004971e-05,0.4441517219452459,CM
,235560,Contig_55467.fasta,0.00345146894243653,1.9007727876787156e-06,0.3843234817817795,CM
,235560,Contig_543838.fasta,0.0,0.0,0.0,CM
,235560,Contig_988352.fasta,0.021186455016385882,8.909547419702443e-05,0.46908655545796146,CM
,235560,Contig_56962.fasta,0.01750203966660064,6.147138860034938e-05,0.46259400797757444,CM
,235560,Contig_549823.fasta,0.010902943408182248,2.1361386408810647e-05,0.4484080872729435,CM
,235560,Contig_546289.fasta,0.02194353328866184,9.561551241785774e-05,0.4700289694317595,CM
,235560,Contig_5823.fasta,0.013879834101547908,3.679637765479773e-05,0.453185316289895,CM
,235560,Contig_304689.fasta,0.020945896698440363,8.944421770521531e-05,0.470501597857533,CM
,235560,Contig_1062142.fasta,0.012998123683288721,3.3862905434285106e-05,0.45296596231298797,CM
,235560,Contig_62387.fasta,0.02063282983673409,8.288348505574432e-05,0.46767999906978164,CM
,235560,Contig_133647.fasta,0.020831965221953328,8.652909356834982e-05,0.46932180448276484,CM
,235560,Contig_550173.fasta,0.023225583477097446,0.00010601912396632602,0.4724016547898198,CM
,235560,Contig_542713.fasta,0.008136691368524563,1.116486359107542e-05,0.4290819248686993,CM
,235560,Contig_131574.fasta,0.007016026900332759,1.0222768521689773e-05,0.4284925266202533,CM
,235560,Contig_542387.fasta,0.004912359521899823,4.219051523473987e-06,0.41262243304172536,CM
,235560,Contig_306603.fasta,0.02304525066141678,0.00010521556637663881,0.4714497119086313,CM
,235560,Contig_137862.fasta,0.02667306543981074,0.0001383191622550836,0.4750394305272249,CM
,235560,Contig_553205.fasta,0.005851086959874056,7.249398540899171e-06,0.4236431317965745,CM
,235560,Contig_53446.fasta,0.019858011165974986,8.340047906965634e-05,0.46932180448276484,CM
,235560,Contig_61498.fasta,0.01956323719355757,7.179415314698184e-05,0.4637401774720679,CM
,235560,Contig_54950.fasta,0.016404190906398986,5.307708229176936e-05,0.46145349020642656,CM
,235560,Contig_55915.fasta,0.0026292313376210254,5.827512962101619e-07,0.3746307758761541,CM
,235560,Contig_55113.fasta,0.017128490021083433,5.454571366525794e-05,0.4603185824587472,CM
,235560,Contig_24574211.fasta,0.02248214231103807,9.343900124377476e-05,0.46861676421564,CM
,235560,Contig_55950.fasta,0.019249762161838317,7.056067124369024e-05,0.46259400797757444,CM
,235560,Contig_792106.fasta,0.014367331218705169,3.665885117091713e-05,0.4547267629439422,CM
,235560,Contig_24569564.fasta,0.015217842093064801,4.769275666525018e-05,0.45986618090350523,CM
,235560,Contig_499137.fasta,0.0035004070991322515,2.0286719873664157e-06,0.39074224556936665,CM
,235560,Contig_1065878.fasta,0.007219406070157412,9.060833542595594e-06,0.42987031609491644,CM
,235560,Contig_500105.fasta,0.010787911477352034,2.3023778483476728e-05,0.44648267086766846,CM
,235560,Contig_990105.fasta,0.008118345451139803,1.2529814669067329e-05,0.43026559914419915,CM
,235560,Contig_213746.fasta,0.0,0.0,0.0,CM
,235560,Contig_308147.fasta,0.002264234644048059,5.835381884052914e-07,0.3535427571358644,CM
,235560,Contig_1064246.fasta,0.0,0.0,0.0,CM
,235560,Contig_500378.fasta,0.011757650168103493,2.7310764935065926e-05,0.4505670092145561,CM
,235560,Contig_372001.fasta,0.021303285707743123,9.022065068490637e-05,0.4688515421536238,CM
,235560,Contig_368549.fasta,0.008790491378234759,1.4926422702423973e-05,0.43305306716271774,CM
,235560,Contig_542593.fasta,0.01955862358883245,7.533894628896678e-05,0.4669798793106951,CM
,235560,Contig_499422.fasta,0.01868375867158518,7.359379183325181e-05,0.46581765960111154,CM
,235560,Contig_134994.fasta,0.0024168449739587284,4.510427459068132e-07,0.36356941652627545,CM
,235560,Contig_62593.fasta,0.025677757298241354,0.00013055907540710242,0.47479841610280726,CM
,235560,Contig_1062838.fasta,0.0,0.0,0.0,CM
,235560,Contig_306052.fasta,0.0,0.0,0.0,CM
,235560,Contig_500079.fasta,0.012359970674759612,2.937187593966258e-05,0.4471226364733077,CM
,235560,Contig_1065904.fasta,0.02227133804602535,9.585933811017596e-05,0.470501597857533,CM
,235560,Contig_552078.fasta,0.003493080468348366,2.2524171175082244e-06,0.38863275670209013,CM
,235560,Contig_1065941.fasta,0.022830491808082665,0.0001075249488151144,0.4721633088489572,CM
,235560,Contig_55393.fasta,0.021686519790234518,9.699443094567217e-05,0.46979301111377164,CM
,235560,Contig_423779.fasta,0.0,0.0,0.0,CM
,235560,Contig_135642.fasta,0.023503167120601583,0.00010833638553363643,0.471925203297344,CM
,235560,Contig_302535.fasta,0.010526058910058636,1.952357621624302e-05,0.44542012286465166,CM
,235560,Contig_61135.fasta,0.009605363721239421,1.6028177623287114e-05,0.4395620846118521,CM
,235560,Contig_134037.fasta,0.01612129447682395,5.008303407893338e-05,0.45806543227539553,CM
,235560,Contig_131651.fasta,0.01736675727303444,5.784906724141498e-05,0.4603185824587472,CM
,235560,Contig_369755.fasta,0.026545873018070265,0.0001398431303485276,0.4755221941761347,CM
,235560,Contig_985251.fasta,0.005631616323949592,6.275477908186482e-06,0.41555403114504136,CM
,235560,Contig_305281.fasta,0.020181665020631522,8.095709934168683e-05,0.46721301954000655,CM
,235560,Contig_1264101.fasta,0.003484265190795207,1.7152245182184846e-06,0.3870255079150674,CM
,235560,Contig_53427.fasta,0.017490826748735283,5.934365551858947e-05,0.4621371250067324,CM
,235560,Contig_1063267.fasta,0.020563001336247364,8.07795219405791e-05,0.46512310046651745,CM
,235560,Contig_555358.fasta,0.005538655969094838,5.317785599212006e-06,0.40688159919071004,CM
,235560,Contig_368078.fasta,0.01701258921769014,5.583658850965927e-05,0.46009227047130435,CM
,235560,Contig_798280.fasta,0.014191312378628558,3.792402923431489e-05,0.45362466220971065,CM
,235560,Contig_57241.fasta,0.007991587145541974,1.2247649574722929e-05,0.4286888127066574,CM
,235560,Contig_550914.fasta,0.0011920265474116443,0.0,0.31541209239589924,CM
,235560,Contig_202130.fasta,0.0022548762493732758,4.2452953218396063e-07,0.3536763711786217,CM
,235560,Contig_792223.fasta,0.017246936301144287,6.0770974437680335e-05,0.46259400797757444,CM
,235560,Contig_368085.fasta,0.017462186380979346,5.527457078799504e-05,0.46077187500671246,CM
,235560,Contig_713989.fasta,0.017259799292483523,5.492927859370938e-05,0.46009227047130435,CM
,235560,Contig_56628.fasta,0.02129230444496688,8.265224784163134e-05,0.4669798793106951,CM
,235560,Contig_369883.fasta,0.007251742098500524,9.051952119862991e-06,0.42441164541434606,CM
,235560,Contig_500548.fasta,0.003336222335320099,1.142803974770108e-06,0.37734987021719074,CM
,235560,Contig_138155.fasta,0.017889823889606284,6.0982872925873905e-05,0.4630517952195117,CM
,235560,Contig_307949.fasta,0.024203450739244993,0.00011525115157387217,0.47287906929693435,CM
,235560,Contig_135889.fasta,0.01987640492689055,7.251162787093674e-05,0.46512310046651745,CM
,235560,Contig_56903.fasta,0.00950745927603837,1.5990458469663866e-05,0.441428150065393,CM
,235560,Contig_134889.fasta,0.02105454579117333,8.020488826709834e-05,0.46535438992473055,CM
,235560,Contig_367996.fasta,0.011455772416428046,2.4116463588327944e-05,0.4452082198566285,CM
,235560,Contig_57903.fasta,0.011711824710755908,2.620530113974566e-05,0.44733636622305595,CM
,235560,Contig_139294.fasta,0.016367364178983438,5.414236953896723e-05,0.46122606118217496,CM
,235560,Contig_180.fasta,0.005969597121394981,6.237659942243542e-06,0.4146334417982424,CM
,235560,Contig_1268736.fasta,0.026455975108846588,0.0001393129444326991,0.47576394414775447,CM
,235560,Contig_308022.fasta,0.023258394421874176,0.00010885329383249041,0.4724016547898198,CM
,235560,Contig_985128.fasta,0.014723453283317322,4.387383073154849e-05,0.4558342319233478,CM
,235560,Contig_371212.fasta,0.023102273369049346,0.00010562652186661281,0.4712123253467438,CM
,235560,Contig_421597.fasta,0.008987490271124101,1.606292931503533e-05,0.4387377769051257,CM
,235560,Contig_985291.fasta,0.020745077393618385,8.277742586735513e-05,0.46721301954000655,CM
,235560,Contig_59394.fasta,0.009140545999008414,1.500559240029427e-05,0.4362832998315306,CM
,235560,Contig_498502.fasta,0.016335504339705407,5.26346776280617e-05,0.46054511719420915,CM
,235560,Contig_423189.fasta,0.015841636443278954,4.7154170659623866e-05,0.4573937820814434,CM
,235560,Contig_543062.fasta,0.002420535677565968,7.697919417402412e-07,0.3634282245198575,CM
,235560,Contig_543821.fasta,0.0,0.0,0.0,CM
,235560,Contig_429994.fasta,0.019413958833272797,7.696656944797958e-05,0.4669798793106951,CM
,235560,Contig_1065861.fasta,0.019589579582765054,7.500636138439075e-05,0.46489204080408997,CM
,235560,Contig_55662.fasta,0.021308650256241367,8.956538993223764e-05,0.47026516489378545,CM
,235560,Contig_1268437.fasta,0.007163082946846558,8.268141585895065e-06,0.4269286852822231,CM
,235560,Contig_1065067.fasta,0.0,0.0,0.0,CM
,235560,Contig_135849.fasta,0.019872558657937786,7.995877815001045e-05,0.4681479130258295,CM
,235560,Contig_4084.fasta,0.016536322365118015,5.309644637031099e-05,0.46077187500671246,CM
,235560,Contig_424464.fasta,0.005836289555297249,5.2725886861713615e-06,0.41153371949807965,CM
,235560,Contig_371156.fasta,0.02208389363643293,9.692562051856327e-05,0.47073826868140495,CM
,235560,Contig_502196.fasta,0.018022009563738707,6.350578286744319e-05,0.4621371250067324,CM
,235560,Contig_1260871.fasta,0.006220596749130507,6.65783024828055e-06,0.42383499915698963,CM
,235560,Contig_368806.fasta,0.004480026233347002,2.5752849437036297e-06,0.39603371905993784,CM
,235560,Contig_58444.fasta,0.01561111360172661,4.982207686999988e-05,0.4616811436303074,CM
,235560,Contig_984996.fasta,0.012925080037717777,2.9869493372678322e-05,0.4488382149345962,CM
,235560,Contig_990044.fasta,0.015030391860427036,4.2249070989924695e-05,0.4571703361693371,CM
,235560,Contig_1274572.fasta,0.01718538331473933,5.393046685432719e-05,0.4591892434438828,CM
,235560,Contig_542553.fasta,0.020067384901430015,7.891493629078634e-05,0.46861676421564,CM
,235560,Contig_131771.fasta,0.02388849984088441,0.00011438348952338703,0.471925203297344,CM
,235560,Contig_499076.fasta,0.013164945092384287,3.483254407023804e-05,0.45539059763437134,CM
,235560,Contig_134152.fasta,0.016239475183407858,4.6827128145674204e-05,0.45694710846612946,CM
,235560,Contig_131734.fasta,0.019592789807468498,7.328178371754542e-05,0.46512310046651745,CM
,235560,Contig_58559.fasta,0.013988250573928163,3.929662471517398e-05,0.4551691041530317,CM
,235560,Contig_55483.fasta,0.004440737445702277,3.7458296851829775e-06,0.3977168202884119,CM
,235560,Contig_55811.fasta,0.009564416858877671,1.7359502329119145e-05,0.441428150065393,CM
,235560,Contig_985419.fasta,0.017156138897675217,5.567666339491924e-05,0.4603185824587472,CM
,235560,Contig_213506.fasta,0.027767671990813543,0.00015170887675951036,0.47649067115001686,CM
,235560,Contig_135253.fasta,0.025241481517142148,0.0001280817282466722,0.4743171201919073,CM
,235560,Contig_24576898.fasta,0.004837531591185306,3.759508037710516e-06,0.4072357172056715,CM
,235560,Contig_306742.fasta,0.018254622317661243,6.58037403737942e-05,0.4630517952195117,CM
,235560,Contig_55353.fasta,0.00823465424121113,1.1381171129333252e-05,0.4310583501329494,CM
,235560,Contig_1063497.fasta,0.0012649892426733346,0.0,0.3211488257167581,CM
,235560,Contig_302609.fasta,0.0203320538872859,7.91692691667515e-05,0.46767999906978164,CM
,235560,Contig_1063840.fasta,0.009277134625574453,1.514310413104926e-05,0.4377117297187245,CM
,235560,Contig_986139.fasta,0.014738494186458447,4.2300820206745734e-05,0.45494782602753187,CM
,235560,Contig_370130.fasta,0.01825792676415128,6.661708412591071e-05,0.4665142961807742,CM
,235560,Contig_54604.fasta,0.01535862215195013,4.353289465345043e-05,0.4578413298134213,CM
,235560,Contig_554797.fasta,0.015868919017121747,4.804171050681171e-05,0.4609988562259276,CM
,235560,Contig_421549.fasta,0.0043059018273652805,2.2396505426137998e-06,0.3868655139060079,CM
,235560,Contig_61036.fasta,0.02536343489497479,0.00012744056313635733,0.47479841610280726,CM
,235560,Contig_303473.fasta,0.009476452408507315,1.4727161633030939e-05,0.4362832998315306,CM
,235560,Contig_501657.fasta,0.01707657516881858,5.594730000696189e-05,0.4619090217860973,CM
,235560,Contig_1062279.fasta,0.013239367495115614,3.57556523635302e-05,0.457617446522559,CM
,235560,Contig_58467.fasta,0.0009154804585160782,0.0,0.29217223794524916,CM
,235560,Contig_709008.fasta,0.01589419504074583,4.80661683113524e-05,0.457617446522559,CM
,235560,Contig_306639.fasta,0.004841377991752501,3.3628344603247273e-06,0.40776805147652856,CM
,235560,Contig_134328.fasta,0.022984430692003212,0.00011054195472859703,0.4726402414841581,CM
,235560,Contig_791908.fasta,0.0022050462127776397,4.385406897852516e-07,0.3486690306030675,CM
,235560,Contig_24572783.fasta,0.011400735241590158,2.546476296223489e-05,0.44542012286465166,CM
,235560,Contig_53481.fasta,0.0,0.0,0.0,CM
,235560,Contig_931044.fasta,0.02113878000985615,9.188466861888319e-05,0.4712123253467438,CM
,235560,Contig_369322.fasta,0.022214860214494044,9.725609200012837e-05,0.47073826868140495,CM
,235560,Contig_553512.fasta,0.0025023614659576126,7.130065713218565e-07,0.36916279216514125,CM
,235560,Contig_368367.fasta,0.002417641816618412,5.444762125028212e-07,0.36286455143025714,CM
,235560,Contig_986515.fasta,0.015294391220943242,4.543559181660832e-05,0.4573937820814434,CM
,235560,Contig_61542.fasta,0.012835416006442038,2.972055436552578e-05,0.4507840453461624,CM
,235560,Contig_137592.fasta,0.025215109313078812,0.00013074844282044272,0.4750394305272249,CM
,235560,Contig_498311.fasta,0.009249374249328285,1.3749919384844538e-05,0.4332535546938116,CM
,235560,Contig_369512.fasta,0.010176243938362733,2.215592828894053e-05,0.44247171543197783,CM
,235560,Contig_135235.fasta,0.0036177443456014815,1.4108340425509311e-06,0.38960352961641675,CM
,235560,Contig_62671.fasta,0.008195136547144263,1.2083255761225674e-05,0.43567396561388877,CM
,235560,Contig_370401.fasta,0.021287013691664435,8.548044454539094e-05,0.4681479130258295,CM
,235560,Contig_2412.fasta,0.0037073504262637104,2.4815340573230893e-06,0.39856374707778236,CM
,235560,Contig_370444.fasta,0.02553498008694584,0.00013121480856269937,0.4750394305272249,CM
,235560,Contig_57800.fasta,0.027376649740037652,0.0001513470681982691,0.47673340710067913,CM
,235560,Contig_56006.fasta,0.017281636963118092,5.3750403985746886e-05,0.4591892434438828,CM
,235560,Contig_371401.fasta,0.0055421017885983566,5.377500508554738e-06,0.4091944373146625,CM
,235560,Contig_56492.fasta,0.0012402808381318986,0.0,0.31841703917612557,CM
,235560,Contig_3412.fasta,0.0023633425296282393,6.938815506567865e-07,0.3621624141403379,CM
,235560,Contig_498484.fasta,0.01611917451077632,4.857162028881359e-05,0.457617446522559,CM
,235560,Contig_303206.fasta,0.01489239214073856,4.461779093093269e-05,0.4582897542304766,CM
,235560,Contig_368656.fasta,0.022975256097681838,0.00010080605602410861,0.46932180448276484,CM
,235560,Contig_552825.fasta,0.027705876463886243,0.0001532755863675155,0.4772196216923167,CM
,235560,Contig_55071.fasta,0.02659785157171454,0.0001404883966504283,0.4755221941761347,CM
,235560,Contig_993479.fasta,0.02472777542101697,0.00012449399926053233,0.4743171201919073,CM
,235560,Contig_499778.fasta,0.011563043129807018,2.7274902170973947e-05,0.45013356331824583,CM
,235560,Contig_5203.fasta,0.002525098810210027,6.730056492072537e-07,0.3710656931556832,CM
,235560,Contig_139312.fasta,0.019320134208769654,7.447616576841546e-05,0.46512310046651745,CM
,235560,Contig_132309.fasta,0.016215138118711763,5.530574138372578e-05,0.4616811436303074,CM
,235560,Contig_1064674.fasta,0.00495542711086611,3.84875192246543e-06,0.4142663471175888,CM
,235560,Contig_551478.fasta,0.009463426817563663,1.814939388810984e-05,0.4385321828203529,CM
,235560,Contig_549697.fasta,0.002556058202653251,6.398650770915388e-07,0.36945427482772725,CM
,235560,Contig_424567.fasta,0.009675400317885266,1.6154231371939784e-05,0.44080437029610603,CM
,235560,Contig_549556.fasta,0.008291250939121335,1.1678934630704846e-05,0.43567396561388877,CM
,235560,Contig_1064927.fasta,0.02323285527004292,0.0001126911548379132,0.47407683796283334,CM
,235560,Contig_134109.fasta,0.004651275228969413,3.0970246636425757e-06,0.39992635817890304,CM
,235560,Contig_550094.fasta,0.02112873380187776,9.12370297934939e-05,0.46979301111377164,CM
,235560,Contig_136183.fasta,0.02437802070217804,0.00011420387668675545,0.47073826868140495,CM
,235560,Contig_499700.fasta,0.020854356765568936,8.723638466508936e-05,0.46861676421564,CM
,235560,Contig_131801.fasta,0.01252935457687919,2.788430044736583e-05,0.4484080872729435,CM
,235560,Contig_303182.fasta,0.0,0.0,0.0,CM
,235560,Contig_502444.fasta,0.025885987608681455,0.00012968558192247206,0.4743171201919073,CM
,235560,Contig_203422.fasta,0.006225473579897672,6.10069528955295e-06,0.4246042096817754,CM
,235560,Contig_61582.fasta,0.021279257430875782,9.072365526088862e-05,0.46955728958285653,CM
,235560,Contig_204934.fasta,0.013306498405741564,3.141838617506648e-05,0.45362466220971065,CM
,235560,Contig_302553.fasta,0.013169773070221946,2.96918512679422e-05,0.4510012906692208,CM
,235560,Contig_308121.fasta,0.024508938872014663,0.00012054632043425254,0.4731181385938489,CM
,235560,Contig_502068.fasta,0.002212323193631838,4.963792128363407e-07,0.3534092440100578,CM
,235560,Contig_134208.fasta,0.022175150303384163,9.5037222670678e-05,0.4700289694317595,CM
,235560,Contig_372022.fasta,0.021226320158803703,8.8216418833706e-05,0.46979301111377164,CM
,235560,Contig_542609.fasta,0.02177119438807989,9.190802977711e-05,0.470501597857533,CM
,235560,Contig_60217.fasta,0.014262163728025573,3.6520158026985746e-05,0.45362466220971065,CM
,235560,Contig_993700.fasta,0.02145795535593086,9.133479682566794e-05,0.46932180448276484,CM
,235560,Contig_58603.fasta,0.018718798188269426,6.987845712182802e-05,0.46558590952170803,CM
,235560,Contig_62124.fasta,0.026760681890773675,0.00013974315131794592,0.47528068976060595,CM
,235560,Contig_428405.fasta,0.008390802933031124,1.366783973307204e-05,0.43648679017660125,CM
,235560,Contig_498444.fasta,0.01443614866316794,4.195478687996112e-05,0.4578413298134213,CM
,235560,Contig_543124.fasta,0.0034885597289220148,1.3362361376150144e-06,0.3870255079150674,CM
,235560,Contig_502700.fasta,0.00805983207496854,1.215590451982375e-05,0.4286888127066574,CM
,235560,Contig_547137.fasta,0.0,0.0,0.0,CM
,235560,Contig_303062.fasta,0.023634727160411647,0.00010584370952618147,0.47168733777148847,CM
,235560,Contig_986691.fasta,0.007216595147436206,8.866955375075593e-06,0.4281004932015705,CM
,235560,Contig_930711.fasta,0.023368356059440792,0.00011075845753506788,0.47287906929693435,CM
,235560,Contig_550174.fasta,0.01488834430998078,4.646436938209193e-05,0.4591892434438828,CM
,235560,Contig_132605.fasta,0.009109106850669495,1.5652363327268497e-05,0.43914954394116995,CM
,235560,Contig_985136.fasta,0.005614882896167432,5.0159191217772086e-06,0.4113528255554431,CM
,235560,Contig_135781.fasta,0.02076257763740544,8.638091425089856e-05,0.46861676421564,CM
,235560,Contig_135350.fasta,0.019832196390818783,7.740097386766437e-05,0.46721301954000655,CM
,235560,Contig_24572895.fasta,0.0162485206311437,5.272976760340277e-05,0.4616811436303074,CM
,235560,Contig_549067.fasta,0.0037122469992889036,1.7667389446094427e-06,0.3922161266297708,CM
,235560,Contig_201548.fasta,0.0012649892426733346,0.0,0.3211488257167581,CM
,235560,Contig_423546.fasta,0.0025865714800910725,5.887464902230122e-07,0.3703314911510222,CM
,235560,Contig_56965.fasta,0.023055762060494887,0.00010147623556041819,0.4688515421536238,CM
,235560,Contig_989310.fasta,0.020301941113746613,7.741648206775584e-05,0.4674463926766399,CM
,235560,Contig_1268491.fasta,0.0010281014546625747,0.0,0.2994648570043626,CM
,235560,Contig_306129.fasta,0.01436309404579743,4.437446475758416e-05,0.4603185824587472,CM
,235560,Contig_420630.fasta,0.0,0.0,0.0,CM
,235560,Contig_133996.fasta,0.025150270828096885,0.00012414314869970764,0.47407683796283334,CM
,235560,Contig_932723.fasta,0.013139506194676302,3.148382457935647e-05,0.4505670092145561,CM
,235560,Contig_501147.fasta,0.010087666805136192,1.6666551498949874e-05,0.44584453460630447,CM
,235560,Contig_303326.fasta,0.01526157480527827,4.4784978703811337e-05,0.4585142960012901,CM
,235560,Contig_131637.fasta,0.016624051360548335,4.9815340047325194e-05,0.4589640402837828,CM
,235560,Contig_309378.fasta,0.009024952862273448,1.6053973490227273e-05,0.4381215721622814,CM
,235560,Contig_987947.fasta,0.0047874148727337544,3.467450869836336e-06,0.4093734375059637,CM
,235560,Contig_794883.fasta,0.02223799527432252,0.00010514468227793328,0.4724016547898198,CM
,235560,Contig_500102.fasta,0.025451224316847838,0.0001295491233653635,0.4745576461149255,CM
,235560,Contig_371148.fasta,0.011666768209217183,2.3076024660035638e-05,0.4462697559077888,CM
,235560,Contig_429171.fasta,0.024434426136014736,0.00011726538676003978,0.4731181385938489,CM
,235560,Contig_543887.fasta,0.002030580262382842,3.9419606293390595e-07,0.3417924317526052,CM
,235560,Contig_53404.fasta,0.022373486481895275,9.486693812910509e-05,0.46955728958285653,CM
,235560,Contig_53441.fasta,0.007166872412972315,8.857429636836534e-06,0.4236431317965745,CM
,235560,Contig_542338.fasta,0.017730205825280423,6.534113324113377e-05,0.46489204080408997,CM
,235560,Contig_1065711.fasta,0.010664151014765255,1.844120522771927e-05,0.44163646915461685,CM
,235560,Contig_984988.fasta,0.020067265108476267,7.966393362133836e-05,0.46721301954000655,CM
,235560,Contig_368263.fasta,0.019810618504433154,7.856134072464392e-05,0.46721301954000655,CM
,235560,Contig_993761.fasta,0.01406887799585762,3.736626582035802e-05,0.45406486081447506,CM
,235560,Contig_542943.fasta,0.011215241426804952,2.3553961940612312e-05,0.44457371883070457,CM
,235560,Contig_133011.fasta,0.011118943745368235,2.598857171954762e-05,0.4441517219452459,CM
,235560,Contig_542594.fasta,0.007264654453586485,7.187293751642679e-06,0.42268639482323084,CM
,235560,Contig_548958.fasta,0.019372479134747374,7.197534560383838e-05,0.464200237171941,CM
,235560,Contig_931946.fasta,0.015456325485568469,4.557832066350494e-05,0.4573937820814434,CM
,235560,Contig_1063039.fasta,0.012988217557912603,3.157836006255556e-05,0.4523091726141291,CM
,235560,Contig_502009.fasta,0.02233224918988435,0.0001020827924900091,0.471925203297344,CM
,235560,Contig_498308.fasta,0.017519109457536437,5.5287743147747435e-05,0.46145349020642656,CM
,235560,Contig_53952.fasta,0.021954026970997523,9.458963120182856e-05,0.46861676421564,CM
,235560,Contig_929016.fasta,0.012326908412917536,2.904672412671573e-05,0.4527468205798902,CM
,235560,Contig_55444.fasta,0.015657580171232945,4.361423589775989e-05,0.4571703361693371,CM
,235560,Contig_58949.fasta,0.011202842664445139,2.2625242283656033e-05,0.449484955878306,CM
,235560,Contig_1065204.fasta,0.019234780418606844,7.139338915484913e-05,0.46535438992473055,CM
,235560,Contig_55095.fasta,0.021050682416567913,8.44869238406334e-05,0.46838222129060714,CM
,235560,Contig_986384.fasta,0.02242150641586442,9.602311974006392e-05,0.4700289694317595,CM
,235560,Contig_420408.fasta,0.020459541910309346,8.270018422187918e-05,0.46791383906931655,CM
,235560,Contig_137576.fasta,0.02527324907267826,0.000122433415423206,0.4726402414841581,CM
,235560,Contig_53578.fasta,0.015857059107507832,5.0205986003503676e-05,0.46077187500671246,CM
,235560,Contig_56433.fasta,0.011621638515913026,2.5504819018383592e-05,0.4462697559077888,CM
,235560,Contig_24577731.fasta,0.01846489053048537,6.72500819016025e-05,0.4637401774720679,CM
,235560,Contig_56476.fasta,0.02233943368933227,9.739710133800212e-05,0.4700289694317595,CM
,235560,Contig_54700.fasta,0.017437301411176883,5.984193331514233e-05,0.46259400797757444,CM
,235560,Contig_1064903.fasta,0.01905617821812652,6.894020568586674e-05,0.46558590952170803,CM
,235560,Contig_542569.fasta,0.00334145858205743,1.930158612911481e-06,0.3802631768137477,CM
,235560,Contig_1062081.fasta,0.0036455050437736625,1.7181929191431335e-06,0.3902534103997636,CM
,235560,Contig_24576774.fasta,0.0038239383219454016,2.220716201012176e-06,0.4009544465032704,CM
,235560,Contig_138216.fasta,0.018578357442814948,7.090300484444961e-05,0.466746971640216,CM
,235560,Contig_799287.fasta,0.008931579971351937,1.2724619235488534e-05,0.43026559914419915,CM
,235560,Contig_1066406.fasta,0.024698602365487272,0.0001259420810502035,0.4750394305272249,CM
,235560,Contig_371290.fasta,0.009415489502286364,1.574646897193885e-05,0.43832678132957054,CM
,235560,Contig_498639.fasta,0.013138150456638355,3.382538969261285e-05,0.45362466220971065,CM
,235560,Contig_542359.fasta,0.00848520322137022,1.3619889296638432e-05,0.43607999913263423,CM
,235560,Contig_991920.fasta,0.019027713551408684,6.953429589496717e-05,0.464200237171941,CM
,235560,Contig_306564.fasta,0.005678229842533511,4.657970122945921e-06,0.4093734375059637,CM
,235560,Contig_550251.fasta,0.0010282734902102423,0.0,0.299656637252204,CM
,235560,Contig_131613.fasta,0.014333027490036709,4.149104883839484e-05,0.4565013064090893,CM
,235560,Contig_423948.fasta,0.0,0.0,0.0,CM
,235560,Contig_56904.fasta,0.00844880061946216,1.2604842511177041e-05,0.43607999913263423,CM
,235560,Contig_135088.fasta,0.020969096718319966,8.381488399431143e-05,0.46838222129060714,CM
,235560,Contig_427790.fasta,0.024149906298664477,0.0001157765202475461,0.4726402414841581,CM
,235560,Contig_246.fasta,0.007019500433658035,8.146128435051465e-06,0.4249898629149106,CM
,235560,Contig_139152.fasta,0.018806148227246224,7.288553467619852e-05,0.4674463926766399,CM
,235560,Contig_60097.fasta,0.004984656109012828,3.545717127250132e-06,0.41027079269558664,CM
,235560,Contig_309018.fasta,0.024638206889546266,0.00011830900925534554,0.47287906929693435,CM
,235560,Contig_368416.fasta,0.009537586833515549,1.7384334007417968e-05,0.4399754010994984,CM
,235560,Contig_305513.fasta,0.026726008473266352,0.00014032403820420566,0.47600594005016944,CM
,235560,Contig_137002.fasta,0.008399050388899248,1.3008574754691206e-05,0.4320534063428592,CM
,235560,Contig_421629.fasta,0.0,0.0,0.0,CM
,235560,Contig_625912.fasta,0.0,0.0,0.0,CM
,235560,Contig_131696.fasta,0.01157314038666026,2.5675035676498872e-05,0.44648267086766846,CM
,235560,Contig_304203.fasta,0.026685797578966636,0.00014741629846970713,0.4769763904885999,CM
,235560,Contig_420590.fasta,0.012839924009622427,2.998307237832199e-05,0.4507840453461624,CM
,235560,Contig_370681.fasta,0.02232571406347496,0.00010117895027647128,0.47168733777148847,CM
,235560,Contig_548716.fasta,0.009534072746091624,1.8664507530875033e-05,0.4422626078159892,CM
,235560,Contig_212088.fasta,0.019026438665799582,6.878766871057476e-05,0.46581765960111154,CM
,235560,Contig_985929.fasta,0.014084231876504203,3.884008416388635e-05,0.45561230678609205,CM
,235560,Contig_1124471.fasta,0.0012402808381318986,0.0,0.31841703917612557,CM
,235560,Contig_24578704.fasta,0.024113050373992292,0.00011971794078044227,0.4750394305272249,CM
,235560,Contig_53458.fasta,0.015453373248307261,4.5855041529657345e-05,0.45873905791109465,CM
,235560,Contig_369801.fasta,0.010331899860830402,1.8157819381987942e-05,0.43914954394116995,CM
,235560,Contig_498641.fasta,0.017671926971772122,6.257275210345934e-05,0.46466121059515053,CM
,235560,Contig_984991.fasta,0.020015721053353145,8.090293109126361e-05,0.4669798793106951,CM
,235560,Contig_501958.fasta,0.008260076862471287,1.2326412491324774e-05,0.43285276509650006,CM
,235560,Contig_133189.fasta,0.0012282560750942668,0.0,0.31841703917612557,CM
,235560,Contig_62449.fasta,0.02212048926408154,9.382306508227387e-05,0.46979301111377164,CM
,235560,Contig_370912.fasta,0.026710644603408704,0.0001422135641087464,0.47600594005016944,CM
,235560,Contig_542449.fasta,0.0012457232841072826,0.0,0.31939511199270754,CM
,235560,Contig_548885.fasta,0.002149024115829543,3.611116811053787e-07,0.3435490742065467,CM
,235560,Contig_367951.fasta,0.016941676017820713,5.092096877175906e-05,0.46054511719420915,CM
,235560,Contig_1234.fasta,0.021092338690505953,8.758748283511292e-05,0.4688515421536238,CM
,235560,Contig_53375.fasta,0.007853378681608875,1.1418626339014614e-05,0.42888527870698123,CM
,235560,Contig_1064866.fasta,0.0025425660192230424,6.411528027368372e-07,0.37195058749548215,CM
,235560,Contig_55484.fasta,0.02063190138122563,8.59268913753483e-05,0.46791383906931655,CM
,235560,Contig_309986.fasta,0.020850570864159347,8.679663879278009e-05,0.46721301954000655,CM
,235560,Contig_2772.fasta,0.0012941622982030289,0.0,0.3243770114865279,CM
,235560,Contig_133368.fasta,0.02159668617400841,9.408369001232979e-05,0.46932180448276484,CM
,235560,Contig_1062791.fasta,0.006334736663761924,5.463091341087955e-06,0.4230685705870855,CM
,235560,Contig_802396.fasta,0.0021786885117100513,5.178123176205324e-07,0.3475037794796261,CM
,235560,Contig_1063340.fasta,0.014389936494883026,3.8125988457449e-05,0.45539059763437134,CM
,235560,Contig_500006.fasta,0.02342180133042197,0.00010816832601625133,0.4724016547898198,CM
,235560,Contig_132445.fasta,0.01878300296005581,6.302968897577337e-05,0.46259400797757444,CM
,235560,Contig_992335.fasta,0.02262128036713143,9.955756456447791e-05,0.4700289694317595,CM
,235560,Contig_500492.fasta,0.020707602125695945,8.556279636760441e-05,0.46791383906931655,CM
,235560,Contig_304732.fasta,0.01398435177327602,3.700151098643608e-05,0.4518723699365684,CM
,235560,Contig_545842.fasta,0.006508867530675709,8.175581146951263e-06,0.4187148448047575,CM
,235560,Contig_552844.fasta,0.0024333967118971675,3.958113184145903e-07,0.3609053907206452,CM
,235560,Contig_57067.fasta,0.0036366038671144818,1.7771646939541238e-06,0.39074224556936665,CM
,235560,Contig_2436.fasta,0.0049051135114187875,3.2104933304692856e-06,0.40476975698037765,CM
,235560,Contig_133069.fasta,0.000967391908932299,0.0,0.29400806727572515,CM
,235560,Contig_420771.fasta,0.019587851660285677,7.891016459838061e-05,0.466746971640216,CM
,235560,Contig_56861.fasta,0.012783838907052314,3.0287242962683663e-05,0.4497009505711836,CM
,235560,Contig_132069.fasta,0.017494424655318794,5.840482533124786e-05,0.4609988562259276,CM
,235560,Contig_551070.fasta,0.009551841107987171,1.5072187722616478e-05,0.43730265333580987,CM
,235560,Contig_985077.fasta,0.005697748016180699,5.82045029014258e-06,0.41647871746267606,CM
,235560,Contig_551035.fasta,0.001335069039417997,0.0,0.3311492137787095,CM
,235560,Contig_545300.fasta,0.0,0.0,0.0,CM
,235560,Contig_542610.fasta,0.002310032009634998,4.184511569024624e-07,0.3544801811131186,CM
,235560,Contig_1065239.fasta,0.017305216025917565,5.825123158677371e-05,0.46077187500671246,CM
,235560,Contig_370582.fasta,0.01164875153033141,2.315691411051624e-05,0.4449965183731018,CM
,235560,Contig_57185.fasta,0.008636826687238213,1.2756515383443286e-05,0.4362832998315306,CM
,235560,Contig_131669.fasta,0.019883747072049745,7.769662977387214e-05,0.46721301954000655,CM
,235560,Contig_136379.fasta,0.018451289422023804,6.474556017214487e-05,0.46282278839695007,CM
,235560,Contig_986919.fasta,0.014021138132874825,3.6594427681693414e-05,0.45362466220971065,CM
,235560,Contig_61778.fasta,0.02346675216221503,0.00010769816240126636,0.471925203297344,CM
,235560,Contig_53377.fasta,0.0034888513947083514,1.5053117997377351e-06,0.38259512597654666,CM
,235560,Contig_61055.fasta,0.018115228983487067,6.554976961722435e-05,0.4630517952195117,CM
,235560,Contig_932015.fasta,0.014843162687319469,4.0473532291053455e-05,0.4542852806498219,CM
,235560,Contig_304943.fasta,0.0035470261388803248,1.1481970297640966e-06,0.38559030825654433,CM
,235560,Contig_303410.fasta,0.017967388783751204,5.784289207756556e-05,0.46122606118217496,CM
,235560,Contig_797051.fasta,0.010664702034666396,2.3619490158563235e-05,0.4460570439173656,CM
,235560,Contig_368429.fasta,0.019965339213310465,7.534759618752328e-05,0.46721301954000655,CM
,235560,Contig_369429.fasta,0.010370939893278183,2.0573672801276515e-05,0.4435202266059872,CM
,235560,Contig_498995.fasta,0.02205550441075503,9.474798921990578e-05,0.46955728958285653,CM
,235560,Contig_132970.fasta,0.009592710644571331,1.6638354489257866e-05,0.4399754010994984,CM
,235560,Contig_369790.fasta,0.013975564436073739,3.886866795911379e-05,0.45384465477140307,CM
,235560,Contig_498542.fasta,0.003612795866896264,1.912418247264208e-06,0.38992819922443045,CM
,235560,Contig_369341.fasta,0.020796180199750908,8.291833664438959e-05,0.4674463926766399,CM
,235560,Contig_60785.fasta,0.0071440833706036145,8.284408478477968e-06,0.4230685705870855,CM
,235560,Contig_24569917.fasta,0.009294371210510181,1.6516433089360553e-05,0.4377117297187245,CM
,235560,Contig_501535.fasta,0.008519627599222623,1.2777520721253932e-05,0.4342587833589945,CM
,235560,Contig_56399.fasta,0.015455511741902565,4.9093297299860924e-05,0.46122606118217496,CM
,235560,Contig_498337.fasta,0.026444583759868252,0.00014048865048982528,0.47528068976060595,CM
,235560,Contig_137165.fasta,0.021494938820964475,9.185572467407275e-05,0.46861676421564,CM
,235560,Contig_992875.fasta,0.010528739868185494,1.875515066993265e-05,0.4422626078159892,CM
,235560,Contig_136120.fasta,0.028750808290036862,0.00017005409173253243,0.47917443837103585,CM
,235560,Contig_425638.fasta,0.0,0.0,0.0,CM
,235560,Contig_1267810.fasta,0.02543876847128236,0.00013059447588381585,0.47479841610280726,CM
,235560,Contig_370427.fasta,0.0025081693542505414,7.323267373702567e-07,0.37313703275065113,CM
,235560,Contig_131789.fasta,0.021126414765105378,8.594161074356341e-05,0.46861676421564,CM
,235560,Contig_2471.fasta,0.020126889990396624,8.106412361054722e-05,0.46908655545796146,CM
,235560,Contig_1062006.fasta,0.015476600181060876,4.338484701602724e-05,0.4578413298134213,CM
,235560,Contig_1125243.fasta,0.0242369403124367,0.00011443705836947149,0.4721633088489572,CM
,235560,Contig_57065.fasta,0.0086295197213212,1.2677831292829153e-05,0.43832678132957054,CM
,235560,Contig_61698.fasta,0.0156916025565987,4.530506201505594e-05,0.4589640402837828,CM
,235560,Contig_302649.fasta,0.018446383962393762,6.665878324898085e-05,0.464200237171941,CM
,235560,Contig_423091.fasta,0.016977082403286395,5.7891616890345743e-05,0.46489204080408997,CM
,235560,Contig_54356.fasta,0.007516484639919163,9.482251306829042e-06,0.43066160981989554,CM
,235560,Contig_546759.fasta,0.00666115998887543,7.736642933648776e-06,0.4198419372537609,CM
,235560,Contig_307829.fasta,0.02035981284031457,8.34228130556236e-05,0.466746971640216,CM
,235560,Contig_56065.fasta,0.01822470731702554,6.265414959426043e-05,0.46122606118217496,CM
,235560,Contig_793801.fasta,0.017466583856186272,5.919838658205224e-05,0.46282278839695007,CM
,235560,Contig_809830.fasta,0.008017194379700783,1.0670086233044981e-05,0.4316548330897754,CM
,235560,Contig_57449.fasta,0.01283983195165961,2.929872586525524e-05,0.449484955878306,CM
,235560,Contig_55851.fasta,0.008620484794522727,1.2158143384278056e-05,0.43506633107328363,CM
,235560,Contig_54486.fasta,0.01285847585313695,2.9288141766911905e-05,0.4488382149345962,CM
,235560,Contig_371875.fasta,0.017957164213064817,6.522059553467844e-05,0.4639700932764666,CM
,235560,Contig_308206.fasta,0.0,0.0,0.0,CM
,235560,Contig_56474.fasta,0.02044694431751615,8.137495173551173e-05,0.466746971640216,CM
,235560,Contig_54702.fasta,0.001310334918545968,0.0,0.32641356056457377,CM
,235560,Contig_131749.fasta,0.013101496227950572,3.575209446977853e-05,0.45605637336190696,CM
,235560,Contig_370036.fasta,0.025837986373021253,0.00013239962321822912,0.4750394305272249,CM
,235560,Contig_986386.fasta,0.01245051032074489,2.8338727442646537e-05,0.4475503004010679,CM
,235560,Contig_62203.fasta,0.018493506538218546,6.770915691263765e-05,0.464200237171941,CM
,235560,Contig_499726.fasta,0.02312193725464004,0.0001060372899582151,0.4724016547898198,CM
,235560,Contig_704029.fasta,0.007244345023914684,7.82405289191582e-06,0.42345143807177965,CM
,235560,Contig_1275222.fasta,0.015449858904370024,4.5673549378897126e-05,0.457617446522559,CM
,235560,Contig_202090.fasta,0.00951833078219503,1.7172782977461564e-05,0.4418449849568617,CM
,235560,Contig_134602.fasta,0.013939530221748195,4.0161643108230004e-05,0.4562787314181536,CM
,235560,Contig_708522.fasta,0.015543923137123657,4.58253912765813e-05,0.4578413298134213,CM
,235560,Contig_553715.fasta,0.007196189990270217,8.701368710273974e-06,0.4265395069000151,CM
,235560,Contig_56788.fasta,0.01711132981844022,5.5545584281998595e-05,0.45986618090350523,CM
,235560,Contig_543246.fasta,0.0,0.0,0.0,CM
,235560,Contig_1064243.fasta,0.015077299689845535,4.261354334696237e-05,0.4558342319233478,CM
,235560,Contig_1064692.fasta,0.0025373983523972587,5.77567910617419e-07,0.36858120446578696,CM
,235560,Contig_58108.fasta,0.0025385909936402346,6.904916965894546e-07,0.3690172232407859,CM
,235560,Contig_133815.fasta,0.003322124430662087,1.2777712807509543e-06,0.3762877676472188,CM
,235560,Contig_62147.fasta,0.02214375880344057,9.29221098180127e-05,0.46908655545796146,CM
,235560,Contig_501081.fasta,0.00897103135861165,1.4629018490705068e-05,0.4344603891080005,CM
,235560,Contig_61231.fasta,0.019286743502964145,6.781184334085587e-05,0.46535438992473055,CM
,235560,Contig_24568074.fasta,0.013892488989974644,3.8069627717166086e-05,0.45296596231298797,CM
,235560,Contig_546764.fasta,0.015613747336067645,4.47988826990029e-05,0.4565013064090893,CM
,235560,Contig_137630.fasta,0.022149181948600792,9.595447005821103e-05,0.4714497119086313,CM
,235560,Contig_498427.fasta,0.008327108866477584,1.3251375855724572e-05,0.43506633107328363,CM
,235560,Contig_24578527.fasta,0.019711983543386463,7.603312253322602e-05,0.46581765960111154,CM
,235560,Contig_132013.fasta,0.023616064269648775,0.00011448043253841165,0.473357449741342,CM
,235560,Contig_62777.fasta,0.024125396503916475,0.0001187005938647049,0.473357449741342,CM
,235560,Contig_550583.fasta,0.022713219705592345,0.00010015750528750246,0.4688515421536238,CM
,235560,Contig_53808.fasta,0.00821226959037456,1.24394911227881e-05,0.4342587833589945,CM
,235560,Contig_802698.fasta,0.02202776645436058,9.331736128130667e-05,0.46955728958285653,CM
,235560,Contig_369414.fasta,0.022053263303870363,9.592750078753738e-05,0.47026516489378545,CM
,235560,Contig_621060.fasta,0.021063806554320684,8.711081512088717e-05,0.46791383906931655,CM
,235560,Contig_992910.fasta,0.009454821206949173,1.5531672232364755e-05,0.4395620846118521,CM
,235560,Contig_4802.fasta,0.02087433239833018,9.041779294655385e-05,0.46955728958285653,CM
,235560,Contig_53766.fasta,0.012727648133668057,3.120070560392025e-05,0.45143641010064306,CM
,235560,Contig_201.fasta,0.006755768852960771,6.507971600862061e-06,0.41684974527333324,CM
,235560,Contig_425070.fasta,0.017838971027101625,6.210668660620735e-05,0.464200237171941,CM
,235560,Contig_425833.fasta,0.009480578917740984,1.7916613160442714e-05,0.44163646915461685,CM
,235560,Contig_797704.fasta,0.01193232152894666,2.5625089784999977e-05,0.4497009505711836,CM
,235560,Contig_627634.fasta,0.02509776673264422,0.0001261440250818763,0.473357449741342,CM
,235560,Contig_991161.fasta,0.023291068722208277,0.00010327251429338179,0.47097517772452596,CM
,235560,Contig_545925.fasta,0.0011207990815026519,0.0,0.3080407103813802,CM
,235560,Contig_131611.fasta,0.00462734019662054,3.287291310788885e-06,0.3989035286183432,CM
,235560,Contig_552125.fasta,0.016173038670167412,4.8003652884179805e-05,0.4558342319233478,CM
,235560,Contig_138251.fasta,0.006061229195814107,5.714664058269189e-06,0.42078582650118396,CM
,235560,Contig_55132.fasta,0.012755324043392602,3.228978027060134e-05,0.4523091726141291,CM
,235560,Contig_139680.fasta,0.019358054263846788,7.162185568981414e-05,0.464200237171941,CM
,235560,Contig_55177.fasta,0.004666917436912248,3.1309860725065092e-06,0.40564702129979757,CM
,235560,Contig_1067090.fasta,0.018359712214602444,6.532639847868561e-05,0.4637401774720679,CM
,235560,Contig_501431.fasta,0.014075192969610809,3.966692047768249e-05,0.45694710846612946,CM
,235560,Contig_499446.fasta,0.020067560156754635,8.009275068705739e-05,0.46767999906978164,CM
,235560,Contig_136280.fasta,0.01626156144211676,5.2341750679369346e-05,0.46054511719420915,CM
,235560,Contig_425598.fasta,0.0,0.0,0.0,CM
,235560,Contig_56039.fasta,0.010195003691959734,1.8596245164056106e-05,0.43607999913263423,CM
,235560,Contig_59601.fasta,0.0127988677277609,2.93720425281958e-05,0.44905358835826925,CM
,235560,Contig_502702.fasta,0.017639781643811123,6.363684192553756e-05,0.46512310046651745,CM
,235560,Contig_544473.fasta,0.021733564391925028,9.035588124517915e-05,0.46791383906931655,CM
,235560,Contig_551703.fasta,0.024079576998262,0.00011392562686658196,0.4726402414841581,CM
,235560,Contig_988522.fasta,0.01410377778289715,3.805986069838681e-05,0.45406486081447506,CM
,235560,Contig_371356.fasta,0.01494409358501532,4.422296267514232e-05,0.4565013064090893,CM
,235560,Contig_626449.fasta,0.019819598075854445,7.308720766207108e-05,0.4644306094980809,CM
,235560,Contig_548610.fasta,0.01736889396227005,5.9649158307579025e-05,0.4621371250067324,CM
,235560,Contig_425664.fasta,0.008300597542951137,1.267476209372877e-05,0.4340573646283085,CM
,235560,Contig_24566569.fasta,0.0,0.0,0.0,CM
,235560,Contig_548279.fasta,0.0011920265474116443,0.0,0.31541209239589924,CM
,235560,Contig_58194.fasta,0.02048697447961918,7.902073305264086e-05,0.466746971640216,CM
,235560,Contig_368907.fasta,0.017842311050820653,6.390003916676832e-05,0.4639700932764666,CM
,235560,Contig_131846.fasta,0.0012968427351157602,0.0,0.32595878723045385,CM
,235560,Contig_991730.fasta,0.025680962749813654,0.00012993998533396875,0.47383679905753573,CM
,235560,Contig_368942.fasta,0.000967391908932299,0.0,0.29400806727572515,CM
,235560,Contig_501775.fasta,0.01461687732926519,3.739457473544645e-05,0.45013356331824583,CM
,235560,Contig_368101.fasta,0.023238604572641573,0.00010791858315384851,0.4724016547898198,CM
,235560,Contig_24.fasta,0.0025412258042184386,5.862919890927846e-07,0.36699124632887575,CM
,235560,Contig_1066255.fasta,0.026848396516335946,0.00014419018907977252,0.47624818225884635,CM
,235560,Contig_929331.fasta,0.019067221935907337,7.184345063561011e-05,0.46558590952170803,CM
,235560,Contig_987858.fasta,0.022029831652304068,9.483437222330603e-05,0.46908655545796146,CM
,235560,Contig_55763.fasta,0.015164295791567192,4.627837181146746e-05,0.4589640402837828,CM
,235560,Contig_420346.fasta,0.008813199151978058,1.2914209899380363e-05,0.43006786679165127,CM
,235560,Contig_370486.fasta,0.01665460269499677,5.881631390403806e-05,0.4637401774720679,CM
,235560,Contig_420797.fasta,0.005538003739640234,4.657286221054243e-06,0.4052956596529377,CM
,235560,Contig_2842.fasta,0.003679328480890159,1.8970099302472983e-06,0.38863275670209013,CM
,235560,Contig_54955.fasta,0.021834087117938664,9.468312099031986e-05,0.46932180448276484,CM
,235560,Contig_53894.fasta,0.018952262709826497,6.834376514314586e-05,0.46466121059515053,CM
,235560,Contig_54153.fasta,0.019769009166349025,7.517642244941559e-05,0.4662818525852681,CM
,235560,Contig_1061936.fasta,0.011880706425799139,2.635048482164327e-05,0.4475503004010679,CM
,235560,Contig_55116.fasta,0.024663353861871816,0.00011883395669530622,0.473357449741342,CM
,235560,Contig_922.fasta,0.0,0.0,0.0,CM
,235560,Contig_552669.fasta,0.006015929146276001,6.334704518308263e-06,0.4215439991615464,CM
,235560,Contig_1270681.fasta,0.015668608435204415,4.866261429995837e-05,0.4562787314181536,CM
,235560,Contig_986945.fasta,0.019438454357091933,7.341065597880458e-05,0.46535438992473055,CM
,235560,Contig_137360.fasta,0.023257023769041065,0.00010572979436969454,0.47168733777148847,CM
,235560,Contig_985270.fasta,0.011877881793171416,2.547927801883959e-05,0.44862304800509734,CM
,235560,Contig_59388.fasta,0.012539889745126587,2.963397876305717e-05,0.4484080872729435,CM
,235560,Contig_138131.fasta,0.022321575031479052,9.405636321448077e-05,0.46979301111377164,CM
,235560,Contig_4065.fasta,0.02352885333516031,0.00011005047761627005,0.4724016547898198,CM
,235560,Contig_53742.fasta,0.0011920265474116443,0.0,0.31541209239589924,CM
,235560,Contig_371523.fasta,0.015637519635084522,4.426764224119724e-05,0.4578413298134213,CM
,235560,Contig_24574115.fasta,0.021183221234163666,9.357049537086477e-05,0.47073826868140495,CM
,235560,Contig_422544.fasta,0.008486152979934049,1.1697025023202392e-05,0.4375070959039893,CM
,235560,Contig_499233.fasta,0.020910750257487752,8.39238682162788e-05,0.46767999906978164,CM
,235560,Contig_542382.fasta,0.0,0.0,0.0,CM
,235560,Contig_542716.fasta,0.014323449623678914,4.0688236135517526e-05,0.4578413298134213,CM
,235560,Contig_131534.fasta,0.004824750849725297,4.09436527824552e-06,0.40564702129979757,CM
,235560,Contig_1066498.fasta,0.02456372700720928,0.0001198573184138792,0.473357449741342,CM
,235560,Contig_137822.fasta,0.004699008091767586,3.789903664243896e-06,0.4012983182412663,CM
,235560,Contig_59872.fasta,0.023394650159519248,0.00010559419825335247,0.4714497119086313,CM
,235560,Contig_498523.fasta,0.006854108318820968,8.379036162818598e-06,0.42287739635726757,CM
,235560,Contig_57119.fasta,0.023414812812271178,0.00010717637137213685,0.47073826868140495,CM
,235560,Contig_1067031.fasta,0.008201140285557148,1.1602161719555123e-05,0.4320534063428592,CM
,235560,Contig_372145.fasta,0.007086277747141696,8.53418826268594e-06,0.42402704038904987,CM
,235560,Contig_1062612.fasta,0.009471976274661512,1.7739007770997835e-05,0.4385321828203529,CM
,235560,Contig_422254.fasta,0.027767671990813543,0.00015170887675951036,0.47649067115001686,CM
,235560,Contig_1123102.fasta,0.016847100727360873,5.3083930530302104e-05,0.46145349020642656,CM
,235560,Contig_59049.fasta,0.019621633743076412,7.30461322392809e-05,0.46535438992473055,CM
,235560,Contig_209172.fasta,0.025466896801145934,0.0001320256140130394,0.47528068976060595,CM
,235560,Contig_56634.fasta,0.003460580875753785,1.9573300215684796e-06,0.38337881119976774,CM
,235560,Contig_3298.fasta,0.0,0.0,0.0,CM
,235560,Contig_369021.fasta,0.018760953459684006,6.80472953856594e-05,0.46535438992473055,CM
,235560,Contig_304922.fasta,0.017867337219740625,5.8266348325116195e-05,0.46259400797757444,CM
,235560,Contig_930796.fasta,0.017557833615083274,6.355684854264277e-05,0.4632810287815015,CM
,235560,Contig_368021.fasta,0.017063163739294545,5.574824008920248e-05,0.4639700932764666,CM
,235560,Contig_545617.fasta,0.0,0.0,0.0,CM
,235560,Contig_131608.fasta,0.003603001666595051,1.3470109409265705e-06,0.3851142708389437,CM
,235560,Contig_370934.fasta,0.02432507317926218,0.00012033317393084801,0.4735970031065957,CM
,235560,Contig_369398.fasta,0.02275141830186218,0.00010034578632759406,0.47026516489378545,CM
,235560,Contig_1064046.fasta,0.016538389903720505,5.412420178766278e-05,0.46122606118217496,CM
,235560,Contig_991399.fasta,0.024761398167143973,0.00012103507048278655,0.47383679905753573,CM
,235560,Contig_55830.fasta,0.022947944314271978,0.0001033644624756,0.47026516489378545,CM
,235560,Contig_57305.fasta,0.0034469250536024007,1.5478663497195122e-06,0.3815033339334012,CM
,235560,Contig_1063323.fasta,0.025669989771806533,0.0001300554760932794,0.4745576461149255,CM
,235560,Contig_554259.fasta,0.0,0.0,0.0,CM
,235560,Contig_1066500.fasta,0.014138053606553557,4.114950043780602e-05,0.45873905791109465,CM
,235560,Contig_59255.fasta,0.0021917170200611825,4.583521036008815e-07,0.34997295367936915,CM
,235560,Contig_371829.fasta,0.02322759715160561,0.00010130222058039889,0.47073826868140495,CM
,235560,Contig_500065.fasta,0.008358813923968738,1.237698316986693e-05,0.4342587833589945,CM
,235560,Contig_368285.fasta,0.006923736825354587,8.631764729010222e-06,0.42287739635726757,CM
,235560,Contig_542537.fasta,0.0035791383991575568,2.023308161891977e-06,0.3928747599238594,CM
,235560,Contig_986865.fasta,0.017377829081342066,5.623969585463105e-05,0.4609988562259276,CM
,235560,Contig_60641.fasta,0.0181820873522618,6.865129512102159e-05,0.4644306094980809,CM
,235560,Contig_425558.fasta,0.006691899481493234,7.439901076329323e-06,0.41890227311487604,CM
,235560,Contig_1262982.fasta,0.008533007815293236,1.2619322825903116e-05,0.4342587833589945,CM
,235560,Contig_305.fasta,0.0023188224907236417,3.397270892141542e-07,0.35407781995407983,CM
,235560,Contig_420386.fasta,0.023658622828608568,0.0001113981134132966,0.47287906929693435,CM
,235560,Contig_553448.fasta,0.0011232702782369081,0.0,0.30773682280126047,CM
,235560,Contig_138817.fasta,0.007071236270360866,9.23981813856479e-06,0.4277091764801797,CM
,235560,Contig_371446.fasta,0.007950902815338983,1.0536167340445099e-05,0.4304635134032351,CM
,235560,Contig_994196.fasta,0.020294637982564295,8.004577904197684e-05,0.4681479130258295,CM
,235560,Contig_501364.fasta,0.025155709480948623,0.000123887335424232,0.47407683796283334,CM
,235560,Contig_546659.fasta,0.01622256499953235,4.939802065318769e-05,0.4578413298134213,CM
,235560,Contig_990528.fasta,0.025583434967256395,0.00012647408343937163,0.4735970031065957,CM
,235560,Contig_371562.fasta,0.02532316221227054,0.00012940531855173656,0.47407683796283334,CM
,235560,Contig_423997.fasta,0.027664050870746824,0.0001544825582842733,0.4769763904885999,CM
,235560,Contig_57926.fasta,0.004850347560975871,3.5506675946887125e-06,0.4063515753967143,CM
,235560,Contig_309752.fasta,0.005054092265319696,3.3159791106701178e-06,0.4111720905705769,CM
,235560,Contig_57120.fasta,0.01427026650044456,3.6277901600970415e-05,0.45494782602753187,CM
,235560,Contig_200999.fasta,0.010151298461815667,1.7979396634477227e-05,0.44122002741095384,CM
,235560,Contig_499237.fasta,0.007601068246243587,9.268155680601618e-06,0.4324527163302371,CM
,235560,Contig_542386.fasta,0.002287729544007999,7.171200548477318e-07,0.35168270505021915,CM
,235560,Contig_131530.fasta,0.011920382426470193,2.5350926334426137e-05,0.4512187454863226,CM
,235560,Contig_501205.fasta,0.02761470570750535,0.0001528737894647021,0.4769763904885999,CM
,235560,Contig_2219.fasta,0.0,0.0,0.0,CM
,235560,Contig_139618.fasta,0.027571353243906752,0.00015245648241171163,0.4769763904885999,CM
,235560,Contig_549709.fasta,0.0059543968391032685,5.765186441329789e-06,0.4177802134547469,CM
,235560,Contig_502136.fasta,0.02584709275269766,0.0001316021963388071,0.4750394305272249,CM
,235560,Contig_132297.fasta,0.015440250351864875,4.199899485551863e-05,0.4573937820814434,CM
,235560,Contig_305531.fasta,0.028891114304598117,0.0001684572254808879,0.478439508250835,CM
,235560,Contig_61421.fasta,0.026549606520541745,0.00014451802479836963,0.4769763904885999,CM
,235560,Contig_500205.fasta,0.005846208601541289,6.494091976063064e-06,0.4190898692962978,CM
,235560,Contig_59070.fasta,0.026532776149053697,0.0001393981955053432,0.47649067115001686,CM
,235560,Contig_929505.fasta,0.017387546514512124,6.246719019637305e-05,0.464200237171941,CM
,235560,Contig_24570476.fasta,0.018617113778307423,6.423619877967195e-05,0.4632810287815015,CM
,235560,Contig_53402.fasta,0.018249935942681417,6.260815620401977e-05,0.46535438992473055,CM
,235560,Contig_53447.fasta,0.019917318035491124,8.033517258454372e-05,0.46838222129060714,CM
,235560,Contig_137449.fasta,0.008285298996702349,1.150535067019601e-05,0.433454227947491,CM
,235560,Contig_133990.fasta,0.0,0.0,0.0,CM
,235560,Contig_134851.fasta,0.023675000586303632,0.00010893420722973886,0.4721633088489572,CM
,235560,Contig_425439.fasta,0.01898610315745932,6.699154901823248e-05,0.4639700932764666,CM
,235560,Contig_131631.fasta,0.004667877647320561,2.852923354972281e-06,0.40198783425199014,CM
,235560,Contig_1261393.fasta,0.013170190622060115,3.190050389457321e-05,0.45296596231298797,CM
,235560,Contig_369735.fasta,0.012205315595457922,2.6980326289198357e-05,0.4484080872729435,CM
,235560,Contig_56198.fasta,0.02447604405937523,0.00011911581507384301,0.4735970031065957,CM
,235560,Contig_307546.fasta,0.004722970121723138,2.476880666487712e-06,0.39856374707778236,CM
,235560,Contig_303510.fasta,0.0011074747045739291,0.0,0.3047306018035275,CM
,235560,Contig_372408.fasta,0.0034060702164961155,2.0388245363176076e-06,0.38670565212340213,CM
,235560,Contig_131842.fasta,0.00555903191338128,4.899161953961509e-06,0.4079458056402062,CM
,235560,Contig_368140.fasta,0.016400119925479826,5.1552787065888914e-05,0.4603185824587472,CM
,235560,Contig_986732.fasta,0.0164557578535096,4.893980310990804e-05,0.45986618090350523,CM
,235560,Contig_302982.fasta,0.007154087155187644,8.752783767916222e-06,0.4253762173357423,CM
,235560,Contig_988949.fasta,0.015191869776668702,3.948307673654544e-05,0.4534048828191052,CM
,235560,Contig_61678.fasta,0.02664572280465878,0.0001450405447900557,0.47673340710067913,CM
,235560,Contig_498868.fasta,0.015565380400008967,4.4504692251511417e-05,0.4585142960012901,CM
,235560,Contig_1065964.fasta,0.0,0.0,0.0,CM
,235560,Contig_57454.fasta,0.024668000386255245,0.00011813810476685041,0.4721633088489572,CM
,235560,Contig_370810.fasta,0.01632071129912066,5.112856914526476e-05,0.4594146677165602,CM
,235560,Contig_372325.fasta,0.02745067884603453,0.00015083280205805788,0.47624818225884635,CM
,235560,Contig_542961.fasta,0.003766326619130933,1.8092281367940421e-06,0.3980551587148588,CM
,235560,Contig_58291.fasta,0.011758758878778823,2.552035210789537e-05,0.4471226364733077,CM
,235560,Contig_555161.fasta,0.017645186317374724,6.323155572151228e-05,0.46351048941982814,CM
,235560,Contig_711078.fasta,0.02314357805095236,0.00010598226508125883,0.47097517772452596,CM
,235560,Contig_502392.fasta,0.014283681491241297,4.276588889082492e-05,0.45806543227539553,CM
,235560,Contig_553434.fasta,0.014478955266754974,3.7572219599990135e-05,0.45694710846612946,CM
,235560,Contig_135566.fasta,0.019836545278896413,7.458739024922646e-05,0.4665142961807742,CM
,235560,Contig_201082.fasta,0.01641524483812724,4.887429800367377e-05,0.45873905791109465,CM
,235560,Contig_544432.fasta,0.014019230206657043,3.570765289951268e-05,0.4520906657674556,CM
,235560,Contig_132870.fasta,0.010499481304404172,2.1017243176051722e-05,0.44310022639139823,CM
,235560,Contig_553471.fasta,0.02079214490479785,8.342699872238466e-05,0.46838222129060714,CM
,235560,Contig_1037.fasta,0.0,0.0,0.0,CM
,235560,Contig_702135.fasta,0.01562379268391141,4.432330112529741e-05,0.45873905791109465,CM
,235560,Contig_61579.fasta,0.01299517677999793,3.0717140532627674e-05,0.45143641010064306,CM
,235560,Contig_56384.fasta,0.023019276457010972,0.00010482303966889382,0.47026516489378545,CM
,235560,Contig_371783.fasta,0.009714354174741322,1.756594699806833e-05,0.4435202266059872,CM
,235560,Contig_303179.fasta,0.0045396458727794894,2.81111212536289e-06,0.39822454388878004,CM
,235560,Contig_370352.fasta,0.016201985758487924,5.0448368744786356e-05,0.46054511719420915,CM
,235560,Contig_422425.fasta,0.012877229650469313,2.8337499329258706e-05,0.44733636622305595,CM
,235560,Contig_1063026.fasta,0.015040176194191388,4.306536051727755e-05,0.457617446522559,CM
,235560,Contig_371407.fasta,0.028798293098093723,0.00016847636542958606,0.47868423434201185,CM
,235560,Contig_4902.fasta,0.021963580673641413,9.571376554930733e-05,0.47026516489378545,CM
,235560,Contig_4141.fasta,0.01973117250364508,7.251203172151581e-05,0.4639700932764666,CM
,235560,Contig_53623.fasta,0.01727913712094193,5.57935974914885e-05,0.4591892434438828,CM
,235560,Contig_992810.fasta,0.011951939764115405,2.64392492521937e-05,0.45035018197239324,CM
,235560,Contig_544367.fasta,0.001173100314832544,0.0,0.31403613360356813,CM
,235560,Contig_58581.fasta,0.018810059646591985,6.7132630135555e-05,0.4637401774720679,CM
,235560,Contig_58115.fasta,0.021777280486350525,9.195621189457891e-05,0.46791383906931655,CM
,235560,Contig_550017.fasta,0.004675984220346808,3.4661870119820233e-06,0.4079458056402062,CM
,235560,Contig_368514.fasta,0.00672058587813929,8.316175115379735e-06,0.42230490890732536,CM
,235560,Contig_370392.fasta,0.022250368709794008,9.401636093791275e-05,0.4688515421536238,CM
,235560,Contig_208096.fasta,0.0046810796180067876,3.2231533054546236e-06,0.40512020698642126,CM
,235560,Contig_4205.fasta,0.002559151540876363,5.737837821573443e-07,0.3688717690731703,CM
,235560,Contig_1064672.fasta,0.018788340197297127,6.976786902070003e-05,0.46489204080408997,CM
,235560,Contig_59251.fasta,0.009486972802480727,1.7278902047235463e-05,0.4399754010994984,CM
,235560,Contig_3038.fasta,0.012868609078736963,3.382795895864945e-05,0.45362466220971065,CM
,235560,Contig_135971.fasta,0.022435093529621176,9.775930077311043e-05,0.470501597857533,CM
,235560,Contig_502317.fasta,0.01067245826684527,2.001940168660928e-05,0.4449965183731018,CM
,235560,Contig_61645.fasta,0.011822937023211022,2.6288622508561835e-05,0.4497009505711836,CM
,235560,Contig_62576.fasta,0.02101659050279322,8.914268376953026e-05,0.46955728958285653,CM
,235560,Contig_542533.fasta,0.0037254198779159645,1.5886178550782417e-06,0.3925451670044602,CM
,235560,Contig_131711.fasta,0.009428950157616491,1.7280521213429415e-05,0.4377117297187245,CM
,235560,Contig_422009.fasta,0.008901074682891344,1.390338788028409e-05,0.441428150065393,CM
,235560,Contig_62533.fasta,0.019521832889666167,7.116978292355847e-05,0.4639700932764666,CM
,235560,Contig_993317.fasta,0.027463896250315135,0.0001509262088827349,0.47649067115001686,CM
,235560,Contig_985521.fasta,0.002201201769495119,4.3715081556212506e-07,0.34997295367936915,CM
,235560,Contig_543303.fasta,0.012770248522411362,3.295978159939386e-05,0.4534048828191052,CM
,235560,Contig_929538.fasta,0.01169469184959604,2.8310854909981225e-05,0.4475503004010679,CM
,235560,Contig_542346.fasta,0.0,0.0,0.0,CM
,235560,Contig_58424.fasta,0.0058478890681395975,4.993598958751046e-06,0.4150011876446266,CM
,235560,Contig_797832.fasta,0.019705797270140928,7.792874227579645e-05,0.46721301954000655,CM
,235560,Contig_368823.fasta,0.024853923758436383,0.00012062684726443745,0.4735970031065957,CM
,235560,Contig_548470.fasta,0.0044678950624365355,2.72743405318165e-06,0.39519749921394975,CM
,235560,Contig_57574.fasta,0.027693851700848614,0.0001539444383269734,0.47649067115001686,CM
,235560,Contig_988707.fasta,0.024103846010831,0.00011638328693985076,0.4726402414841581,CM
,235560,Contig_421262.fasta,0.021058100275019913,8.73160100251514e-05,0.46932180448276484,CM
,235560,Contig_985249.fasta,0.012465957581126733,2.7152834910094867e-05,0.44584453460630447,CM
,235560,Contig_371975.fasta,0.01572705493685219,4.813784334967452e-05,0.46009227047130435,CM
,235560,Contig_56531.fasta,0.022321811203481343,9.923204407247771e-05,0.47097517772452596,CM
,235560,Contig_1063517.fasta,0.016739643403333542,5.273951880584188e-05,0.4619090217860973,CM
,235560,Contig_990987.fasta,0.02135053737095741,8.633528851012549e-05,0.4681479130258295,CM
,235560,Contig_993626.fasta,0.015138605657967343,4.429368034647638e-05,0.457617446522559,CM
,235560,Contig_542496.fasta,0.004688667341694808,3.6419056321251914e-06,0.4012983182412663,CM
,235560,Contig_372104.fasta,0.02506421289728769,0.00012697579488112342,0.47479841610280726,CM
,235560,Contig_131548.fasta,0.012865410129515165,3.252952506552491e-05,0.4520906657674556,CM
,235560,Contig_308042.fasta,0.011652252288192742,2.3587115532183693e-05,0.4462697559077888,CM
,235560,Contig_421163.fasta,0.004889264832817816,3.2726838769019804e-06,0.409552594371393,CM
,235560,Contig_54197.fasta,0.014701477121035176,4.070318492214846e-05,0.45494782602753187,CM
,235560,Contig_990000.fasta,0.02238360074306035,9.96119723350788e-05,0.4721633088489572,CM
,235560,Contig_369631.fasta,0.019457148221131704,7.556018652178847e-05,0.4660496405072874,CM
,235560,Contig_543552.fasta,0.017693533562908422,5.918504239143305e-05,0.46351048941982814,CM
,235560,Contig_542517.fasta,0.01871746345214205,7.126182833840311e-05,0.4662818525852681,CM
,235560,Contig_131735.fasta,0.011658205429089193,2.9764761594928197e-05,0.4505670092145561,CM
,235560,Contig_5549.fasta,0.010464525775116149,1.9319664631896017e-05,0.442681020879202,CM
,235560,Contig_501494.fasta,0.014402002388741059,3.985670296274208e-05,0.4562787314181536,CM
,235560,Contig_1062303.fasta,0.020521804438717685,8.175170967915168e-05,0.4665142961807742,CM
,235560,Contig_368159.fasta,0.008476797113301945,1.2169733640130655e-05,0.4340573646283085,CM
,235560,Contig_1199449.fasta,0.013102664156983598,3.3508887337768975e-05,0.45252789078270456,CM
,235560,Contig_704055.fasta,0.015307689415380335,4.2859192748210226e-05,0.4562787314181536,CM
,235560,Contig_55016.fasta,0.008325714467746739,1.1392854320869963e-05,0.4292787514397399,CM
,235560,Contig_54053.fasta,0.007126231868230532,8.81308246532523e-06,0.42576327485834076,CM
,235560,Contig_546419.fasta,0.011121179687843501,2.292881593165667e-05,0.4471226364733077,CM
,235560,Contig_59189.fasta,0.02435439933632222,0.00011114768777799376,0.4724016547898198,CM
,235560,Contig_59558.fasta,0.007098900282290333,8.487508313156742e-06,0.4277091764801797,CM
,235560,Contig_546876.fasta,0.0037843142777475177,1.9938966689492155e-06,0.3948639992146131,CM
,235560,Contig_548299.fasta,0.019873650712564073,7.668069148605585e-05,0.4662818525852681,CM
,235560,Contig_60525.fasta,0.010742846170121547,2.3358538151232956e-05,0.4471226364733077,CM
,235560,Contig_550033.fasta,0.0012270634338512909,0.0,0.31830873406075955,CM
,235560,Contig_208849.fasta,0.0194734466599973,7.08186465686703e-05,0.4632810287815015,CM
,235560,Contig_57061.fasta,0.02064404007843297,9.018482117050429e-05,0.47026516489378545,CM
,235560,Contig_1062496.fasta,0.017892421529449955,5.851431184915254e-05,0.4616811436303074,CM
,235560,Contig_303608.fasta,0.014492632187175792,3.923711993429621e-05,0.45561230678609205,CM
,235560,Contig_420777.fasta,0.019679786054207733,7.13667105031962e-05,0.464200237171941,CM
,235560,Contig_1063002.fasta,0.0198186419829433,7.251014869299303e-05,0.46489204080408997,CM
,235560,Contig_54352.fasta,0.002455868120920649,6.820569646317061e-07,0.36858120446578696,CM
,235560,Contig_1063047.fasta,0.004964226448687607,3.0091314424967895e-06,0.4086583747330275,CM
,235560,Contig_53607.fasta,0.02201384440963508,9.65085176353963e-05,0.4712123253467438,CM
,235560,Contig_372120.fasta,0.021933081741917892,8.711416082451403e-05,0.4665142961807742,CM
,235560,Contig_549384.fasta,0.021731420278627286,8.798296004328307e-05,0.466746971640216,CM
,235560,Contig_1061993.fasta,0.02020524053992476,7.699132036442365e-05,0.46721301954000655,CM
,235560,Contig_553689.fasta,0.007497439358729032,9.495465089231421e-06,0.4290819248686993,CM
,235560,Contig_990531.fasta,0.024246129444193906,0.00011629454806868349,0.4726402414841581,CM
,235560,Contig_554020.fasta,0.013974688281044853,3.254662806919168e-05,0.44862304800509734,CM
,235560,Contig_502647.fasta,0.012610077842413159,2.922630085883455e-05,0.44862304800509734,CM
,235560,Contig_135462.fasta,0.00927706393417073,1.5383294435256187e-05,0.43567396561388877,CM
,235560,Contig_1063919.fasta,0.013625272604320284,3.3899220318775493e-05,0.45143641010064306,CM
,235560,Contig_372299.fasta,0.012082635880236735,2.6005552677164856e-05,0.4505670092145561,CM
,235560,Contig_622402.fasta,0.021830120141199196,9.596704932575682e-05,0.46979301111377164,CM
,235560,Contig_1065023.fasta,0.02093692974918098,8.671260963373884e-05,0.46838222129060714,CM
,235560,Contig_552588.fasta,0.007944353701648903,1.2395041829038664e-05,0.4316548330897754,CM
,235560,Contig_367957.fasta,0.01408802115667101,3.744405283905264e-05,0.45450591458894274,CM
,235560,Contig_308367.fasta,0.023272096086784592,0.00010902879193037365,0.4724016547898198,CM
,235560,Contig_59368.fasta,0.02580285010947784,0.00013430604978857373,0.4755221941761347,CM
,235560,Contig_705620.fasta,0.02018286429926693,7.462929440351869e-05,0.4662818525852681,CM
,235560,Contig_305590.fasta,0.021939870896925066,9.521154681924693e-05,0.46979301111377164,CM
,235560,Contig_554364.fasta,0.013195154724776878,3.484467052845209e-05,0.4547267629439422,CM
,235560,Contig_502546.fasta,0.013887897270806073,3.8214482420683666e-05,0.45384465477140307,CM
,235560,Contig_985191.fasta,0.01647703115175662,4.836606813117575e-05,0.4571703361693371,CM
,235560,Contig_425799.fasta,0.0253267544369244,0.00012907441262407872,0.47479841610280726,CM
,235560,Contig_368001.fasta,0.017035676615712446,5.561200762078905e-05,0.45873905791109465,CM
,235560,Contig_501675.fasta,0.020907652822464585,8.698185303163314e-05,0.46791383906931655,CM
,235560,Contig_62362.fasta,0.014500311227457305,3.970537972811129e-05,0.457617446522559,CM
,235560,Contig_60857.fasta,0.013600752274865593,3.5679227907253117e-05,0.453185316289895,CM
,235560,Contig_202275.fasta,0.012801944867740531,3.195430644373744e-05,0.4516542848159426,CM
,235560,Contig_131650.fasta,0.021766105487628678,9.692871241525254e-05,0.46955728958285653,CM
,235560,Contig_542472.fasta,0.005933445612155319,6.172351710118126e-06,0.4187148448047575,CM
,235560,Contig_547680.fasta,0.009832372694763647,1.8817672954396695e-05,0.4460570439173656,CM
,235560,Contig_499586.fasta,0.006346584033972161,7.048833184241745e-06,0.42615103740374916,CM
,235560,Contig_136305.fasta,0.02184799396228927,9.278825477916929e-05,0.4681479130258295,CM
,235560,Contig_369711.fasta,0.014347346641804043,3.946384797650754e-05,0.45806543227539553,CM
,235560,Contig_61741.fasta,0.02143541944535701,9.032991102228126e-05,0.46955728958285653,CM
,235560,Contig_498586.fasta,0.0232695930530528,0.00010415081471550179,0.47097517772452596,CM
,235560,Contig_138210.fasta,0.002271214103002461,4.823820587452021e-07,0.3514185798492802,CM
,235560,Contig_1522.fasta,0.00481298327956582,3.0423166830943147e-06,0.4045947592471392,CM
,235560,Contig_54173.fasta,0.0022283973657408972,5.093486008874749e-07,0.3464745198588053,CM
,235560,Contig_58478.fasta,0.012019356824962574,2.6162984976736442e-05,0.4475503004010679,CM
,235560,Contig_2611.fasta,0.021448877249792404,8.981058235574419e-05,0.46979301111377164,CM
,235560,Contig_547115.fasta,0.0237599193702561,0.000116655932689266,0.47383679905753573,CM
,235560,Contig_368410.fasta,0.019713002841302035,7.430966954106958e-05,0.46558590952170803,CM
,235560,Contig_547150.fasta,0.01024401264501683,1.9725480165621943e-05,0.44163646915461685,CM
,235560,Contig_550156.fasta,0.018875100497507662,7.260508343441321e-05,0.466746971640216,CM
,235560,Contig_60405.fasta,0.019715077557664832,7.727401163079972e-05,0.46721301954000655,CM
,235560,Contig_59852.fasta,0.029003735300744616,0.00016771543265219082,0.478439508250835,CM
,235560,Contig_985114.fasta,0.015437591461512109,4.6919233735132746e-05,0.4594146677165602,CM
,235560,Contig_502586.fasta,0.018668162863526676,6.636174403300698e-05,0.464200237171941,CM
,235560,Contig_201696.fasta,0.0069924645371355,8.937584191963099e-06,0.4249898629149106,CM
,235560,Contig_56590.fasta,0.011763423356232964,2.443410531353584e-05,0.4452082198566285,CM
,235560,Contig_369378.fasta,0.021937006451181913,9.693926823137533e-05,0.4714497119086313,CM
,235560,Contig_424031.fasta,0.02525234811196148,0.00012075459646501947,0.473357449741342,CM
,235560,Contig_549045.fasta,0.0,0.0,0.0,CM
,235560,Contig_138952.fasta,0.018773956085010826,6.605841147448373e-05,0.46489204080408997,CM
,235560,Contig_500549.fasta,0.016427400296817846,5.390614936494814e-05,0.4621371250067324,CM
,235560,Contig_54272.fasta,0.019634408755326637,7.526487282784244e-05,0.466746971640216,CM
,235560,Contig_53762.fasta,0.021143525886762302,8.722259117241652e-05,0.46908655545796146,CM
,235560,Contig_57141.fasta,0.003605407700376087,2.0536247660496323e-06,0.39041621949880395,CM
,235560,Contig_420657.fasta,0.0,0.0,0.0,CM
,235560,Contig_804876.fasta,0.021045410871830168,8.729956714760086e-05,0.4681479130258295,CM
,235560,Contig_367997.fasta,0.009201661166133157,1.7133491487242364e-05,0.43567396561388877,CM
,235560,Contig_54093.fasta,0.02077234521842172,8.632996685147352e-05,0.4681479130258295,CM
,235560,Contig_985009.fasta,0.0035588886390085306,1.8962808662221844e-06,0.3863863245824249,CM
,235560,Contig_209831.fasta,0.017549902542772243,6.305817876842331e-05,0.464200237171941,CM
,235560,Contig_59149.fasta,0.02874611544442815,0.00016507432759177695,0.47868423434201185,CM
,235560,Contig_54407.fasta,0.01616349723757765,4.959902302141564e-05,0.4589640402837828,CM
,235560,Contig_305408.fasta,0.01113453870177209,2.3552087260778238e-05,0.4437305254332068,CM
,235560,Contig_501379.fasta,0.018268003133888273,6.1009681936218857e-05,0.4630517952195117,CM
,235560,Contig_55093.fasta,0.018790021268915588,7.1675413672427e-05,0.4660496405072874,CM
,235560,Contig_806573.fasta,0.01300829362658181,2.949472055530985e-05,0.4505670092145561,CM
,235560,Contig_60235.fasta,0.02755269339365076,0.0001523903968888873,0.4769763904885999,CM
,235560,Contig_501085.fasta,0.001335069039417997,0.0,0.3311492137787095,CM
,235560,Contig_302635.fasta,0.017474227393183623,5.999906951368933e-05,0.4619090217860973,CM
,235560,Contig_213217.fasta,0.0012762365615451043,0.0,0.3222547101028351,CM
,235560,Contig_204678.fasta,0.0011207990815026519,0.0,0.3080407103813802,CM
,235560,Contig_498809.fasta,0.02668147154787901,0.00014377733820188757,0.47624818225884635,CM
,235560,Contig_134968.fasta,0.011275771435519612,2.24091291884308e-05,0.44331012701972194,CM
,235560,Contig_555569.fasta,0.006126857926790393,5.8113426371612735e-06,0.41684974527333324,CM
,235560,Contig_420323.fasta,0.003584137400498344,1.6559077841781892e-06,0.38863275670209013,CM
,235560,Contig_7.fasta,0.0012968427351157602,0.0,0.32595878723045385,CM
,235560,Contig_370077.fasta,0.024052345581825542,0.00011720956314263693,0.4745576461149255,CM
,235560,Contig_24574329.fasta,0.015654890788144294,4.295906334695568e-05,0.4589640402837828,CM
,235560,Contig_207266.fasta,0.023550703707508114,0.00010838050685066752,0.4726402414841581,CM
,235560,Contig_499722.fasta,0.014870356764065545,3.9798180310145396e-05,0.45450591458894274,CM
,235560,Contig_1201189.fasta,0.02359269057875546,0.00011389162773888648,0.4743171201919073,CM
,235560,Contig_500710.fasta,0.023438587157525594,0.00010869471792781081,0.4724016547898198,CM
,235560,Contig_135292.fasta,0.0191495845403767,6.748064654192065e-05,0.46282278839695007,CM
,235560,Contig_204110.fasta,0.0,0.0,0.0,CM
,235560,Contig_500384.fasta,0.028608880840714727,0.00016469977194407626,0.4781950322629704,CM
,235560,Contig_4002.fasta,0.000967391908932299,0.0,0.29400806727572515,CM
,235560,Contig_421610.fasta,0.005614604951184474,5.23431467368998e-06,0.4117147726082856,CM
,235560,Contig_138156.fasta,0.021222528362348683,8.796663207020349e-05,0.46861676421564,CM
,235560,Contig_792548.fasta,0.014201633892864813,4.2214669403325054e-05,0.45806543227539553,CM
,235560,Contig_131553.fasta,0.004708224112589257,3.431478917925096e-06,0.40147047539194897,CM
,235560,Contig_368086.fasta,0.007264759276083959,9.113226651304989e-06,0.4275137862670777,CM
,235560,Contig_544261.fasta,0.004596187799216088,3.0370689706108827e-06,0.3983940732816659,CM
,235560,Contig_796891.fasta,0.017177418195053293,6.074998739710091e-05,0.46145349020642656,CM
,235560,Contig_137006.fasta,0.0024493368763776483,5.361088331628356e-07,0.36385212991393195,CM
,235560,Contig_546911.fasta,0.0011074747045739291,0.0,0.3047306018035275,CM
,235560,Contig_369838.fasta,0.010655558213076063,1.8805735428187048e-05,0.442681020879202,CM
,235560,Contig_426807.fasta,0.022059356583784117,9.755184347403408e-05,0.47097517772452596,CM
,235560,Contig_54932.fasta,0.022294944253107685,9.973319377876692e-05,0.47097517772452596,CM
,235560,Contig_931789.fasta,0.005093366499276401,3.937878157891025e-06,0.4142663471175888,CM
,235560,Contig_1064731.fasta,0.00913389372281863,1.606543589803581e-05,0.43832678132957054,CM
,235560,Contig_135719.fasta,0.016028746290398087,5.094002019029408e-05,0.4594146677165602,CM
,235560,Contig_499678.fasta,0.0,0.0,0.0,CM
,235560,Contig_542470.fasta,0.02106366346508843,8.752866314589244e-05,0.46838222129060714,CM
,235560,Contig_368756.fasta,0.006830830611773943,8.601921503696967e-06,0.42576327485834076,CM
,235560,Contig_420279.fasta,0.009284343126401346,1.515433690693268e-05,0.4379165550484947,CM
,235560,Contig_993254.fasta,0.021714595284965766,9.374398955342487e-05,0.4688515421536238,CM
,235560,Contig_985217.fasta,0.01886929692247055,7.367454623930066e-05,0.46721301954000655,CM
,235560,Contig_61392.fasta,0.011757960793489057,2.871566879110768e-05,0.44776443930078136,CM
,235560,Contig_502254.fasta,0.016086406533827608,5.370303712183868e-05,0.4603185824587472,CM
,235560,Contig_500961.fasta,0.02595700471407966,0.0001349589681457728,0.4755221941761347,CM
,235560,Contig_544966.fasta,0.003400788620829466,1.3934881032931662e-06,0.37674222147287967,CM
,235560,Contig_133780.fasta,0.01626896306368949,5.3010519630947025e-05,0.4619090217860973,CM
,235560,Contig_62691.fasta,0.013214680843716723,3.421063015360098e-05,0.45494782602753187,CM
,235560,Contig_368166.fasta,0.013960611136813647,3.64596759955551e-05,0.4527468205798902,CM
,235560,Contig_429761.fasta,0.0020658954800158867,4.49729606678729e-07,0.34557890625503435,CM
,235560,Contig_302536.fasta,0.01818762281138058,6.456306141851933e-05,0.4637401774720679,CM
,235560,Contig_987380.fasta,0.019910411681287064,7.249115687985551e-05,0.46489204080408997,CM
,235560,Contig_554697.fasta,0.0,0.0,0.0,CM
,235560,Contig_549533.fasta,0.019680162515465636,7.681167042836004e-05,0.4665142961807742,CM
,235560,Contig_3825.fasta,0.0023970356430477566,4.994453964052149e-07,0.35800599775770203,CM
,235560,Contig_43.fasta,0.0023651268622441883,7.168546512190764e-07,0.36328714213456254,CM
,235560,Contig_542528.fasta,0.012420492721701043,2.8654981653394863e-05,0.44797878321619583,CM
,235560,Contig_993798.fasta,0.024075865596544288,0.00011854752224424732,0.4726402414841581,CM
,235560,Contig_24569072.fasta,0.0069844664430487894,6.702845350326953e-06,0.42003037618430566,CM
,235560,Contig_545414.fasta,0.002304338016207679,4.4823346423884937e-07,0.35421183881098905,CM
,235560,Contig_53638.fasta,0.01659193235509413,5.477726970374203e-05,0.4619090217860973,CM
,235560,Contig_137636.fasta,0.009396279180685948,1.6161694498496652e-05,0.4385321828203529,CM
,235560,Contig_59666.fasta,0.003472449014498143,1.6208019306691169e-06,0.38197048087291147,CM
,235560,Contig_302672.fasta,0.018857217469709198,6.587405444987145e-05,0.464200237171941,CM
,235560,Contig_310012.fasta,0.003378146527610184,1.499088339709866e-06,0.3785710672081849,CM
,235560,Contig_795668.fasta,0.016195586078716958,5.360494910659462e-05,0.4619090217860973,CM
,235560,Contig_372002.fasta,0.010730839588917063,2.2507435960817515e-05,0.44776443930078136,CM
,235560,Contig_309907.fasta,0.025706084381867854,0.00012983290963273594,0.4745576461149255,CM
,235560,Contig_2477.fasta,0.011717787835940817,2.8277847492304898e-05,0.4518723699365684,CM
,235560,Contig_327.fasta,0.007135686207456555,9.495365166453189e-06,0.4304635134032351,CM
,235560,Contig_139033.fasta,0.0198699477226847,7.522228494517197e-05,0.4660496405072874,CM
,235560,Contig_993758.fasta,0.026223615412183238,0.00013753921246264895,0.4745576461149255,CM
,235560,Contig_56026.fasta,0.01084133446521891,1.9510254907438915e-05,0.44436262019878114,CM
,235560,Contig_1395.fasta,0.0036884241936846105,2.45907296826987e-06,0.3990736367328926,CM
,235560,Contig_543139.fasta,0.011727364952823914,2.6888341818444772e-05,0.44776443930078136,CM
,235560,Contig_626881.fasta,0.008848873163811768,1.4536581202368552e-05,0.4439410237849303,CM
,235560,Contig_1270016.fasta,0.0,0.0,0.0,CM
,235560,Contig_55438.fasta,0.014932506411083233,4.4629783974340506e-05,0.4573937820814434,CM
,235560,Contig_501797.fasta,0.010598999069151769,1.9781817864152636e-05,0.4437305254332068,CM
,235560,Contig_5266.fasta,0.02198580766372701,9.136709483059048e-05,0.46955728958285653,CM
,235560,Contig_1065654.fasta,0.0025034765086418297,4.070257125774697e-07,0.36814621484603977,CM
,235560,Contig_420474.fasta,0.002420113013352668,6.400048560559732e-07,0.3631461692427757,CM
,235560,Contig_53541.fasta,0.0,0.0,0.0,CM
,235560,Contig_54857.fasta,0.0035505787701836434,1.7239020609660008e-06,0.3862268584971659,CM
,235560,Contig_53504.fasta,0.0173971258455391,5.9587946933776885e-05,0.4621371250067324,CM
,235560,Contig_426927.fasta,0.02051375539183364,8.5813650987628e-05,0.46908655545796146,CM
,235560,Contig_987729.fasta,0.009297665030861445,1.5085205803439187e-05,0.43547123226553425,CM
,235560,Contig_498389.fasta,0.02198931398242767,9.346183162804985e-05,0.46955728958285653,CM
,235560,Contig_544728.fasta,0.02217759447887962,9.57099940853237e-05,0.46908655545796146,CM
,235560,Contig_137227.fasta,0.013143587748718785,2.876402260421681e-05,0.4507840453461624,CM
,235560,Contig_544635.fasta,0.009290067222858701,1.389181667308033e-05,0.4348641627038258,CM
,235560,Contig_498294.fasta,0.008220925102172691,1.3608669777962043e-05,0.4308598886457795,CM
,235560,Contig_54109.fasta,0.012554402557772635,2.813740149355817e-05,0.4475503004010679,CM
,235560,Contig_53419.fasta,0.018557997623238096,6.826327327974735e-05,0.46512310046651745,CM
,235560,Contig_62325.fasta,0.002525098810210027,6.730056492072537e-07,0.3710656931556832,CM
,235560,Contig_622395.fasta,0.02306718647026138,0.00010584076407642087,0.4714497119086313,CM
,235560,Contig_60482.fasta,0.01746432271017326,5.400236446179743e-05,0.45986618090350523,CM
,235560,Contig_420569.fasta,0.0046945718014369964,3.2402740365359474e-06,0.40320020600544293,CM
,235560,Contig_368046.fasta,0.016377123326719888,4.606637354249225e-05,0.45694710846612946,CM
,235560,Contig_1062259.fasta,0.003575021252308333,1.5385235375450023e-06,0.3860675239845846,CM
,235560,Contig_499294.fasta,0.022065175901652866,0.00010030955167249473,0.471925203297344,CM
,235560,Contig_548087.fasta,0.011713497155929817,2.7481107084090977e-05,0.4499171529512659,CM
,235560,Contig_5087.fasta,0.002287729544007999,7.171200548477318e-07,0.35168270505021915,CM
,235560,Contig_1064064.fasta,0.0010282734902102423,0.0,0.299656637252204,CM
,235560,Contig_54661.fasta,0.022308276458140885,0.00010560914238308736,0.4735970031065957,CM
,235560,Contig_990919.fasta,0.008681624985602314,1.2711869868625477e-05,0.4281004932015705,CM
,235560,Contig_61352.fasta,0.02300709683021716,0.00010221300659611846,0.47073826868140495,CM
,235560,Contig_555022.fasta,0.0035702595375446166,1.4448278646636573e-06,0.38463940737305097,CM
,235560,Contig_57616.fasta,0.022462243215396086,9.835747240995562e-05,0.47097517772452596,CM
,235560,Contig_370211.fasta,0.011846443697503588,2.441523101987458e-05,0.44776443930078136,CM
,235560,Contig_1067056.fasta,0.0129796883067995,3.126042910175354e-05,0.4507840453461624,CM
,235560,Contig_56653.fasta,0.01871674972394508,6.849947556300688e-05,0.46558590952170803,CM
,235560,Contig_992350.fasta,0.014607409440213064,3.6477129552308405e-05,0.4497009505711836,CM
,235560,Contig_61602.fasta,0.002510712526780617,6.401247013054004e-07,0.364702914317472,CM
,235560,Contig_135130.fasta,0.017394274877091304,6.116320729677099e-05,0.46282278839695007,CM
,235560,Contig_1063408.fasta,0.02202301695513329,9.942664091851572e-05,0.470501597857533,CM
,235560,Contig_206987.fasta,0.0024141307533311154,3.914872893908004e-07,0.35896727201328466,CM
,235560,Contig_1309.fasta,0.0,0.0,0.0,CM
,235560,Contig_542531.fasta,0.002417641816618412,5.444762125028212e-07,0.36286455143025714,CM
,235560,Contig_552864.fasta,0.008568425678563363,1.1903143643624974e-05,0.43365508718194307,CM
,235560,Contig_420338.fasta,0.017553975143630617,5.918917301252955e-05,0.46259400797757444,CM
,235560,Contig_55389.fasta,0.005855665278730213,6.015742058170822e-06,0.41555403114504136,CM
,235560,Contig_427105.fasta,0.008514281124261452,1.1420898584961388e-05,0.4362832998315306,CM
,235560,Contig_542688.fasta,0.011790707048856465,2.581990796503455e-05,0.44776443930078136,CM
,235560,Contig_544398.fasta,0.0012941622982030289,0.0,0.3243770114865279,CM
,235560,Contig_498739.fasta,0.01432982856693866,4.1589621400657646e-05,0.4591892434438828,CM
,235560,Contig_54075.fasta,0.0,0.0,0.0,CM
,235560,Contig_56346.fasta,0.018507344553745936,6.946434518732134e-05,0.4637401774720679,CM
,235560,Contig_203889.fasta,0.004933089275134794,4.111284009172018e-06,0.4135341043476063,CM
,235560,Contig_500327.fasta,0.019663309965798632,7.628458054521435e-05,0.4669798793106951,CM
,235560,Contig_544365.fasta,0.0,0.0,0.0,CM
,235560,Contig_369516.fasta,0.018756169142711755,6.852516549437471e-05,0.4639700932764666,CM
,235560,Contig_547013.fasta,0.0025865714800910725,5.887464902230122e-07,0.3703314911510222,CM
,235560,Contig_542675.fasta,0.02006459120253135,7.50963395652949e-05,0.4669798793106951,CM
,235560,Contig_368516.fasta,0.016042672490676972,5.104827313396773e-05,0.45986618090350523,CM
,235560,Contig_58954.fasta,0.02330689304662701,0.00011425086434847516,0.47383679905753573,CM
,235560,Contig_24576300.fasta,0.025344357399028666,0.00012588376796838938,0.4731181385938489,CM
,235560,Contig_994229.fasta,0.004987927870017883,3.8600990016499425e-06,0.4120773571724496,CM
,235560,Contig_132049.fasta,0.017687015557785124,5.6749797393160665e-05,0.4616811436303074,CM
,235560,Contig_56047.fasta,0.015832654315399004,4.7585658267915606e-05,0.4571703361693371,CM
,235560,Contig_549900.fasta,0.022184294880806688,9.516478605109016e-05,0.47026516489378545,CM
,235560,Contig_56804.fasta,0.01863569209743411,6.656546206514275e-05,0.4637401774720679,CM
,235560,Contig_1760.fasta,0.0011074747045739291,0.0,0.3047306018035275,CM
,235560,Contig_2226.fasta,0.007930702125096787,1.3619676474604008e-05,0.4310583501329494,CM
,235560,Contig_548773.fasta,0.0036938783781635164,1.598795407703988e-06,0.38911753768758134,CM
,235560,Contig_1123947.fasta,0.023313408012414796,0.0001092871128584387,0.473357449741342,CM
,235560,Contig_6091.fasta,0.021357503246362736,9.109651044415035e-05,0.470501597857533,CM
,235560,Contig_4736.fasta,0.019663105781977736,7.522048555540678e-05,0.4662818525852681,CM
,235560,Contig_810436.fasta,0.023203851041133948,0.00010887374959807404,0.4724016547898198,CM
,235560,Contig_53485.fasta,0.0024607499400457773,5.635840975836323e-07,0.36541494655940376,CM
,235560,Contig_53779.fasta,0.021021746168524872,8.775155593975892e-05,0.4681479130258295,CM
,235560,Contig_54269.fasta,0.021975026762052294,9.662105783895775e-05,0.46955728958285653,CM
,235560,Contig_135095.fasta,0.02240917066854542,9.622063808651751e-05,0.46955728958285653,CM
,235560,Contig_543843.fasta,0.0025373983523972587,5.77567910617419e-07,0.36858120446578696,CM
,235560,Contig_555043.fasta,0.009949583870503861,1.80560385614818e-05,0.4441517219452459,CM
,235560,Contig_62494.fasta,0.013934285307491738,3.702658053178063e-05,0.4527468205798902,CM
,235560,Contig_58762.fasta,0.019327450072048835,7.908368972340719e-05,0.46721301954000655,CM
,235560,Contig_499560.fasta,0.013727166492974124,3.292812576318246e-05,0.4492691685735156,CM
,235560,Contig_1065040.fasta,0.008599271803290176,1.1724423230878517e-05,0.43547123226553425,CM
,235560,Contig_24574502.fasta,0.004305694415565541,2.7738127166314254e-06,0.39238057783590485,CM
,235560,Contig_55294.fasta,0.01963702882615987,7.77687574175771e-05,0.466746971640216,CM
,235560,Contig_208230.fasta,0.026506615350632985,0.00014492698852855036,0.4769763904885999,CM
,235560,Contig_367971.fasta,0.014268971017793536,3.5810699840760624e-05,0.45362466220971065,CM
,235560,Contig_4437.fasta,0.0,0.0,0.0,CM
,235560,Contig_138526.fasta,0.0012270634338512909,0.0,0.31830873406075955,CM
,235560,Contig_138563.fasta,0.02618688224460417,0.00013768000562055922,0.4745576461149255,CM
,235560,Contig_371134.fasta,0.017629855045162648,5.921850058809295e-05,0.46259400797757444,CM
,235560,Contig_54294.fasta,0.025475355583410277,0.00012593206762565213,0.473357449741342,CM
,235560,Contig_59426.fasta,0.009380938549637912,1.423318749861343e-05,0.44018235095890546,CM
,235560,Contig_502560.fasta,0.002395470903075123,3.83559270645057e-07,0.35882963118812616,CM
,235560,Contig_201670.fasta,0.01814777696473904,6.762419093923282e-05,0.466746971640216,CM
,235560,Contig_132684.fasta,0.02189805030864181,9.281030306314385e-05,0.46932180448276484,CM
,235560,Contig_542344.fasta,0.005688646439865392,5.67865702689754e-06,0.4124405809337299,CM
,235560,Contig_545654.fasta,0.01984647131582883,8.136068399231513e-05,0.46838222129060714,CM
,235560,Contig_499661.fasta,0.0,0.0,0.0,CM
,235560,Contig_368062.fasta,0.017025471863070286,5.548137417686878e-05,0.4596403134276194,CM
,235560,Contig_133992.fasta,0.008236173847572678,1.2230078898138451e-05,0.4338561326558336,CM
,235560,Contig_131676.fasta,0.019759078128363916,7.768028178623137e-05,0.4662818525852681,CM
,235560,Contig_134010.fasta,0.019608843729999027,7.3789124987853e-05,0.4669798793106951,CM
,235560,Contig_548898.fasta,0.019654053941390647,7.96649001199039e-05,0.46791383906931655,CM
,235560,Contig_421218.fasta,0.0,0.0,0.0,CM
,235560,Contig_56266.fasta,0.018681164300725306,6.719066721186768e-05,0.46535438992473055,CM
,235560,Contig_791989.fasta,0.009128220053285294,1.5733717777372895e-05,0.4348641627038258,CM
,235560,Contig_167.fasta,0.0023024609483502955,5.625251319809441e-07,0.35677761271011554,CM
,235560,Contig_131918.fasta,0.014488858434824519,3.9996100829469483e-05,0.4578413298134213,CM
,235560,Contig_545669.fasta,0.01512441166199751,4.3353483527467085e-05,0.4562787314181536,CM
,235560,Contig_309414.fasta,0.022971716549288004,0.00010936249232654469,0.4726402414841581,CM
,235560,Contig_60809.fasta,0.01752516571853862,6.103414614769885e-05,0.4639700932764666,CM
,235560,Contig_55579.fasta,0.010544990038172504,1.9822679573231026e-05,0.44059683528184235,CM
,235560,Contig_134354.fasta,0.012006398525891315,2.8608684189521886e-05,0.4507840453461624,CM
,235560,Contig_302825.fasta,0.016209294095276196,5.177771720469203e-05,0.46009227047130435,CM
,235560,Contig_543384.fasta,0.003537767635125696,1.3490566615061333e-06,0.3884714313568423,CM
,235560,Contig_553243.fasta,0.012979057081541043,3.224187493456242e-05,0.4516542848159426,CM
,235560,Contig_985177.fasta,0.011497217494239887,2.511872996775467e-05,0.4460570439173656,CM
,235560,Contig_551170.fasta,0.013728617587569117,3.25224733757955e-05,0.4516542848159426,CM
,235560,Contig_544200.fasta,0.010345031753900086,1.9392165750403372e-05,0.44038949559465085,CM
,235560,Contig_1066727.fasta,0.012836543436880057,3.0729258598621666e-05,0.4516542848159426,CM
,235560,Contig_623419.fasta,0.0067956484260313765,7.766089817913074e-06,0.42268639482323084,CM
,235560,Contig_54254.fasta,0.02115426150495472,8.754402115033553e-05,0.4688515421536238,CM
,235560,Contig_53744.fasta,0.017023328774622575,5.878178547967235e-05,0.46077187500671246,CM
,235560,Contig_548820.fasta,0.0010282734902102423,0.0,0.299656637252204,CM
,235560,Contig_422193.fasta,0.026650380146478005,0.00013628246897293448,0.4755221941761347,CM
,235560,Contig_56712.fasta,0.012867387122348925,3.267729857400733e-05,0.45406486081447506,CM
,235560,Contig_56757.fasta,0.004811305070940675,3.743642272312886e-06,0.4063515753967143,CM
,235560,Contig_1833.fasta,0.01947945051757601,7.230000272900017e-05,0.4637401774720679,CM
,235560,Contig_542648.fasta,0.002140492223764843,5.219676136721219e-07,0.3446879109166236,CM
,235560,Contig_372026.fasta,0.019774619550236815,7.489325741487983e-05,0.4662818525852681,CM
,235560,Contig_370350.fasta,0.013279246947774288,3.462896621310057e-05,0.45539059763437134,CM
,235560,Contig_985396.fasta,0.018349138965785126,5.95384821817547e-05,0.46009227047130435,CM
,235560,Contig_543120.fasta,0.0023724639472472637,6.380844019518739e-07,0.3569136835006228,CM
,235560,Contig_992741.fasta,0.01948158681239458,7.89686296478822e-05,0.466746971640216,CM
,235560,Contig_54798.fasta,0.02242484183011622,9.882935389137616e-05,0.47097517772452596,CM
,235560,Contig_554998.fasta,0.015288652954950918,4.3458343310346835e-05,0.45694710846612946,CM
,235560,Contig_542549.fasta,0.0,0.0,0.0,CM
,235560,Contig_1125670.fasta,0.02422758021776323,0.00011877156456409855,0.47383679905753573,CM
,235560,Contig_57456.fasta,0.019963853397725613,7.684026035018851e-05,0.4669798793106951,CM
,235560,Contig_420791.fasta,0.009998891648323089,1.9007922458593834e-05,0.44018235095890546,CM
,235560,Contig_304002.fasta,0.022409187888708017,9.526881443518047e-05,0.46955728958285653,CM
,235560,Contig_304047.fasta,0.022141878289247297,9.836200129487109e-05,0.470501597857533,CM
,235560,Contig_60914.fasta,0.022386520530046444,9.812294759314773e-05,0.47097517772452596,CM
,235560,Contig_369593.fasta,0.0083010857030309,1.0454809800362968e-05,0.43066160981989554,CM
,235560,Contig_132330.fasta,0.013171452224244685,3.408766119942636e-05,0.45296596231298797,CM
,235560,Contig_543264.fasta,0.011625385505369701,2.7058545215273923e-05,0.44862304800509734,CM
,235560,Contig_61586.fasta,0.021808617194963156,9.433264508335937e-05,0.46908655545796146,CM
,235560,Contig_206205.fasta,0.017640458656543213,6.516329007275164e-05,0.4644306094980809,CM
,235560,Contig_992897.fasta,0.0012941622982030289,0.0,0.3243770114865279,CM
,235560,Contig_368482.fasta,0.01382215504733871,3.793838051629766e-05,0.4518723699365684,CM
,235560,Contig_368810.fasta,0.020058328765873115,8.141714163139424e-05,0.46932180448276484,CM
,235560,Contig_545620.fasta,0.00712810592565368,9.131030959011445e-06,0.42634518366224744,CM
,235560,Contig_131586.fasta,0.018270811027900617,6.571056425951157e-05,0.46259400797757444,CM
,235560,Contig_62330.fasta,0.0033101994456061876,1.6131682649480547e-06,0.3799543963210041,CM
,235560,Contig_133221.fasta,0.005799438267596753,7.175233404658848e-06,0.41815356485193617,CM
,235560,Contig_554336.fasta,0.023403343269695825,0.00011056414331962069,0.4724016547898198,CM
,235560,Contig_1061979.fasta,0.006044351362555722,5.716832208219939e-06,0.4192776335746564,CM
,235560,Contig_59083.fasta,0.009827842837339803,1.7988287088280948e-05,0.44310022639139823,CM
,235560,Contig_61046.fasta,0.019692251279717347,7.628281868642593e-05,0.46535438992473055,CM
,235560,Contig_53364.fasta,0.01418914219057735,3.745414299810686e-05,0.45561230678609205,CM
,235560,Contig_138517.fasta,0.01676824584767125,5.539998861618024e-05,0.4623654536258069,CM
,235560,Contig_1064832.fasta,0.004612486942315673,3.5645604986590245e-06,0.40512020698642126,CM
,235560,Contig_367940.fasta,0.01369575164336857,3.578022955153719e-05,0.4523091726141291,CM
,235560,Contig_57502.fasta,0.024967927648967044,0.0001282219709824218,0.47383679905753573,CM
,235560,Contig_370591.fasta,0.02646929948577531,0.00013820784665421256,0.4745576461149255,CM
,235560,Contig_420251.fasta,0.01835432533507024,6.520807703270553e-05,0.4637401774720679,CM
,235560,Contig_58753.fasta,0.023490741849221602,0.00011260918710734387,0.47383679905753573,CM
,235560,Contig_133165.fasta,0.018369893810735265,6.526001171387716e-05,0.46259400797757444,CM
,235560,Contig_136703.fasta,0.015244307728905521,4.20146675968386e-05,0.4565013064090893,CM
,235560,Contig_420638.fasta,0.008127579745703068,1.1581524296700047e-05,0.43066160981989554,CM
,235560,Contig_552562.fasta,0.003715932716378696,2.0400767636424138e-06,0.3941986849783627,CM
,235560,Contig_136746.fasta,0.02180794433076197,9.301246733331077e-05,0.46955728958285653,CM
,235560,Contig_53399.fasta,0.019765607992852943,7.579168800366735e-05,0.4665142961807742,CM
,235560,Contig_369317.fasta,0.027614877743053014,0.00015537544633846602,0.4772196216923167,CM
,235560,Contig_551614.fasta,0.01155744353462349,2.2428913031013868e-05,0.4437305254332068,CM
,235560,Contig_554072.fasta,0.0012649892426733346,0.0,0.3211488257167581,CM
,235560,Contig_59716.fasta,0.020637444531585315,8.06364485520868e-05,0.4660496405072874,CM
,235560,Contig_1066043.fasta,0.003460447031134807,1.3532261361507043e-06,0.3821264508528514,CM
,235560,Contig_549707.fasta,0.0,0.0,0.0,CM
,235560,Contig_1062625.fasta,0.016057958746970132,4.486310852154411e-05,0.45605637336190696,CM
,235560,Contig_372137.fasta,0.007246427233755999,8.941417118663113e-06,0.42888527870698123,CM
,235560,Contig_426270.fasta,0.004771858801436304,2.9845894211759226e-06,0.4063515753967143,CM
,235560,Contig_54300.fasta,0.01843772294703293,6.915932360070533e-05,0.4665142961807742,CM
,235560,Contig_53610.fasta,0.0012649892426733346,0.0,0.3211488257167581,CM
,235560,Contig_989205.fasta,0.01434524422478444,4.201659339801115e-05,0.45384465477140307,CM
,235560,Contig_420760.fasta,0.015132058686182658,4.8194591336167254e-05,0.4596403134276194,CM
,235560,Contig_1062050.fasta,0.01134112242143045,2.3354250139119413e-05,0.44163646915461685,CM
,235560,Contig_427270.fasta,0.0036955186881298396,1.8974574553044187e-06,0.39303976402294544,CM
,235560,Contig_139063.fasta,0.0,0.0,0.0,CM
,235560,Contig_420725.fasta,0.0012270634338512909,0.0,0.31830873406075955,CM
,235560,Contig_545479.fasta,0.009618348525364041,1.4625011699552066e-05,0.44018235095890546,CM
,235560,Contig_1062015.fasta,0.00930292575829313,1.5229688684400827e-05,0.4368943408677092,CM
,235560,Contig_202006.fasta,0.01525642448447299,4.360154135724381e-05,0.45605637336190696,CM
,235560,Contig_498324.fasta,0.006079925752708855,7.037650380603115e-06,0.4209751138725295,CM
,235560,Contig_201370.fasta,0.0,0.0,0.0,CM
,235560,Contig_551822.fasta,0.004636961102168587,3.828061069202703e-06,0.40424521733850244,CM
,235560,Contig_54001.fasta,0.005059358198049646,3.4908076049199897e-06,0.4100910070721442,CM
,235560,Contig_422752.fasta,0.010493555967753008,2.0641431007599922e-05,0.4452082198566285,CM
,235560,Contig_55044.fasta,0.011848245466299359,2.5051436524812172e-05,0.4488382149345962,CM
,235560,Contig_548236.fasta,0.016372524762206592,5.237888255501328e-05,0.4609988562259276,CM
,235560,Contig_420309.fasta,0.005937544605684636,5.897222386463815e-06,0.41946556617598973,CM
,235560,Contig_542500.fasta,0.018939983428956995,6.989487473404037e-05,0.46581765960111154,CM
,235560,Contig_137277.fasta,0.00307081924292475,1.2879552005200307e-06,0.3696001888383227,CM
,235560,Contig_987817.fasta,0.019678997753803083,8.189122299548363e-05,0.4681479130258295,CM
,235560,Contig_24578923.fasta,0.02335026533108969,0.00010722614387888974,0.4712123253467438,CM
,235560,Contig_985367.fasta,0.004828416220722397,3.4943926143712135e-06,0.40494490616124323,CM
,235560,Contig_498823.fasta,0.011101656175755663,2.2577935494004965e-05,0.43935571743597795,CM
,235560,Contig_1063329.fasta,0.020897091309032428,8.620766207677246e-05,0.46861676421564,CM
,235560,Contig_61925.fasta,0.0058713134584813375,6.038858886212457e-06,0.4162934511292852,CM
,235560,Contig_54079.fasta,0.02106235922220756,9.017920903476208e-05,0.4700289694317595,CM
,235560,Contig_554682.fasta,0.001310334918545968,0.0,0.32641356056457377,CM
,235560,Contig_302566.fasta,0.019273681812955794,7.250866345004092e-05,0.46721301954000655,CM
,235560,Contig_310306.fasta,0.024293123502938562,0.00011725181733679092,0.473357449741342,CM
,235560,Contig_543210.fasta,0.0012282560750942668,0.0,0.31841703917612557,CM
,235560,Contig_986701.fasta,0.0023689935623441905,5.93324180747723e-07,0.3577322928664499,CM
,235560,Contig_545700.fasta,0.015412840006454516,4.403391907138932e-05,0.4582897542304766,CM
,235560,Contig_420371.fasta,0.016981847234506405,5.517194912221268e-05,0.4621371250067324,CM
,235560,Contig_930538.fasta,0.027979959877169665,0.00016024272515335064,0.4781950322629704,CM
,235560,Contig_542578.fasta,0.0034831323244675426,1.547899901435775e-06,0.3844813796789782,CM
,235560,Contig_371823.fasta,0.011337815763330131,2.5105350673846973e-05,0.44648267086766846,CM
,235560,Contig_56.fasta,0.0,0.0,0.0,CM
,235560,Contig_500869.fasta,0.012295432049779712,2.7750786212461366e-05,0.44648267086766846,CM
,235560,Contig_549526.fasta,0.0010281014546625747,0.0,0.2994648570043626,CM
,235560,Contig_138472.fasta,0.024352177683409793,0.00011583431178647866,0.47287906929693435,CM
,235560,Contig_987069.fasta,0.01120803023584429,2.3201662475129116e-05,0.44080437029610603,CM
,235560,Contig_988280.fasta,0.019696076899888684,7.259928281091969e-05,0.4660496405072874,CM
,235560,Contig_543585.fasta,0.0,0.0,0.0,CM
,235560,Contig_206976.fasta,0.02427620430376095,0.00011271307960284111,0.471925203297344,CM
,235560,Contig_3888.fasta,0.025927752055264985,0.0001350678732006056,0.4755221941761347,CM
,235560,Contig_1065538.fasta,0.0011504150214998088,0.0,0.3104935892961623,CM
,235560,Contig_62111.fasta,0.012263776945888033,2.8569015044411098e-05,0.449484955878306,CM
,235560,Contig_208748.fasta,0.018345058882588475,6.50344719587184e-05,0.4637401774720679,CM
,235560,Contig_501406.fasta,0.011352095758156867,2.3319158922606735e-05,0.4428905244385391,CM
,235560,Contig_306807.fasta,0.010649500316932936,1.8720795847157846e-05,0.4420536977508895,CM
,235560,Contig_57808.fasta,0.018149035567021018,6.506943491049032e-05,0.46054511719420915,CM
,235560,Contig_930639.fasta,0.01986145046772578,8.115496127532415e-05,0.4681479130258295,CM
,235560,Contig_422.fasta,0.0012282560750942668,0.0,0.31841703917612557,CM
,235560,Contig_545369.fasta,0.01523863277179644,4.354961696368527e-05,0.453185316289895,CM
,235560,Contig_502018.fasta,0.016731748338035507,4.992520333550737e-05,0.46077187500671246,CM
,235560,Contig_1066920.fasta,0.007023887530698582,9.715317588865235e-06,0.429475758668487,CM
,235560,Contig_988550.fasta,0.012344635027267488,2.7778809443494688e-05,0.4499171529512659,CM
,235560,Contig_498319.fasta,0.003831285871450687,1.7243940192397353e-06,0.3933701883726915,CM
,235560,Contig_1062135.fasta,0.019248537268168827,7.208445741808955e-05,0.4665142961807742,CM
,235560,Contig_139106.fasta,0.0022578897260737375,5.440716158965062e-07,0.34905918617628984,CM
,235560,Contig_424026.fasta,0.0025344431363349277,5.598517461814817e-07,0.3661297645299817,CM
,235560,Contig_985597.fasta,0.003088286451937765,1.2011106210564148e-06,0.36814621484603977,CM
,235560,Contig_369895.fasta,0.020677509063016,8.525445142460493e-05,0.46791383906931655,CM
,235560,Contig_53489.fasta,0.002149072571712894,5.19059891443941e-07,0.34456100078742014,CM
,235560,Contig_60880.fasta,0.023294918894396024,0.00011039981206856814,0.47287906929693435,CM
,235560,Contig_368093.fasta,0.016841416819923797,5.365110793027119e-05,0.46145349020642656,CM
,235560,Contig_499241.fasta,0.019469977496153357,7.242290605403881e-05,0.46535438992473055,CM
,235560,Contig_989061.fasta,0.006970798507980753,9.277736474908396e-06,0.4253762173357423,CM
,235560,Contig_55164.fasta,0.022778270275453753,0.00010144938268675801,0.47097517772452596,CM
,235560,Contig_24573733.fasta,0.011084447095002914,2.4073429084829887e-05,0.44457371883070457,CM
,235560,Contig_498628.fasta,0.008626639781405824,1.379087154219663e-05,0.4397686457418388,CM
,235560,Contig_3643.fasta,0.002457015790084979,6.921059204884593e-07,0.36427702535563766,CM
,235560,Contig_987659.fasta,0.0011074747045739291,0.0,0.3047306018035275,CM
,235560,Contig_53431.fasta,0.01537735926484886,4.563947742222578e-05,0.4596403134276194,CM
,235560,Contig_426051.fasta,0.024469531873940513,0.00012079012644678346,0.473357449741342,CM
,235560,Contig_500137.fasta,0.021008200272101187,9.467581059280171e-05,0.470501597857533,CM
,235560,Contig_369743.fasta,0.024468191244776234,0.0001250928007801041,0.47479841610280726,CM
,235560,Contig_502690.fasta,0.015201080518523574,4.502545785865456e-05,0.4589640402837828,CM
,235560,Contig_802918.fasta,0.011588227775267496,2.2228909534127397e-05,0.44331012701972194,CM
,235560,Contig_544175.fasta,0.0010282734902102423,0.0,0.299656637252204,CM
,235560,Contig_53359.fasta,0.0035588886390085306,1.8962808662221844e-06,0.3863863245824249,CM
,235560,Contig_306575.fasta,0.0026000582820913318,7.618307903968576e-07,0.3762877676472188,CM
,235560,Contig_542420.fasta,0.0,0.0,0.0,CM
,235560,Contig_368743.fasta,0.019703849301255107,7.464514184730943e-05,0.46489204080408997,CM
,235560,Contig_499105.fasta,0.0024333967118971675,3.958113184145903e-07,0.3609053907206452,CM
,235560,Contig_542465.fasta,0.0024553195089455572,5.993729085565651e-07,0.3634282245198575,CM
,235560,Contig_548646.fasta,0.016168831742893634,5.0195348538185485e-05,0.4596403134276194,CM
,235560,Contig_58939.fasta,0.011099496996814388,2.1304459048821407e-05,0.44862304800509734,CM
,235560,Contig_621909.fasta,0.012073136380967964,2.289721230004692e-05,0.44648267086766846,CM
,235560,Contig_53922.fasta,0.022595953447383764,9.619319860236844e-05,0.4700289694317595,CM
,235560,Contig_132024.fasta,0.028811741054686764,0.00016519609335082555,0.47770682906515216,CM
,235560,Contig_1063498.fasta,0.019081251957892037,6.694596541477955e-05,0.46489204080408997,CM
,235560,Contig_551384.fasta,0.02063220112525674,8.838956911571824e-05,0.46979301111377164,CM
,235560,Contig_132061.fasta,0.005962226675636987,6.738283380555954e-06,0.4230685705870855,CM
,235560,Contig_543135.fasta,0.0036243991698087976,1.3160345438728033e-06,0.3902534103997636,CM
,235560,Contig_1064559.fasta,0.012061797593794442,2.49330738053151e-05,0.44797878321619583,CM
,235560,Contig_368256.fasta,0.022177377150670946,9.54418545643604e-05,0.47026516489378545,CM
,235560,Contig_306060.fasta,0.022080530197413396,9.643122860646495e-05,0.47026516489378545,CM
,235560,Contig_58286.fasta,0.01769869482470261,5.7866820820275266e-05,0.4632810287815015,CM
,235560,Contig_57092.fasta,0.027657661552125366,0.00015354026181406145,0.4769763904885999,CM
,235560,Contig_420355.fasta,0.019891564335169965,7.792247954319989e-05,0.4669798793106951,CM
,235560,Contig_420310.fasta,0.005973887315733825,6.330912553458994e-06,0.41946556617598973,CM
,235560,Contig_139456.fasta,0.017205643163018498,5.7418675816597025e-05,0.4616811436303074,CM
,235560,Contig_4502.fasta,0.010283725183069872,2.1355223336377093e-05,0.4437305254332068,CM
,235560,Contig_543519.fasta,0.0012402808381318986,0.0,0.31841703917612557,CM
,235560,Contig_544009.fasta,0.001120922661166968,0.0,0.30713084284169123,CM
,235560,Contig_3057.fasta,0.0012649892426733346,0.0,0.3211488257167581,CM
,235560,Contig_553809.fasta,0.0025621324732692874,7.264343699950855e-07,0.37508123372289903,CM
,235560,Contig_132325.fasta,0.016466947942312002,5.4355509220497194e-05,0.46077187500671246,CM
,235560,Contig_369951.fasta,0.020245006544648416,7.639740594616918e-05,0.46535438992473055,CM
,235560,Contig_61901.fasta,0.01644709515006878,5.65268580191593e-05,0.4609988562259276,CM
,235560,Contig_369157.fasta,0.015827540242981865,4.2386193415430634e-05,0.4571703361693371,CM
,235560,Contig_61944.fasta,0.0022076727470641978,5.630841108893049e-07,0.348539172491111,CM
,235560,Contig_53508.fasta,0.0011920265474116443,0.0,0.31541209239589924,CM
,235560,Contig_368951.fasta,0.009764036952607413,1.8590985455432466e-05,0.44436262019878114,CM
,235560,Contig_303193.fasta,0.014450035500090407,4.214547653279054e-05,0.4534048828191052,CM
,235560,Contig_1062799.fasta,0.017714224440466945,6.042754057460701e-05,0.46282278839695007,CM
,235560,Contig_932596.fasta,0.01530622966468974,4.8041443273496864e-05,0.4585142960012901,CM
,235560,Contig_133360.fasta,0.011568390251401493,2.4011422074359934e-05,0.4475503004010679,CM
,235560,Contig_371588.fasta,0.019184417181821806,7.128333069606182e-05,0.46535438992473055,CM
,235560,Contig_990113.fasta,0.01819334683995548,6.53201147498203e-05,0.4616811436303074,CM
,235560,Contig_371159.fasta,0.014648803439451996,3.925189731242516e-05,0.4527468205798902,CM
,235560,Contig_132515.fasta,0.02190059400342088,9.670939620466727e-05,0.470501597857533,CM
,235560,Contig_708360.fasta,0.008419150649845516,1.1510567177779426e-05,0.4332535546938116,CM
,235560,Contig_794445.fasta,0.01617604147481497,4.953094771135627e-05,0.4582897542304766,CM
,235560,Contig_310512.fasta,0.025304477793971193,0.00012455064487126882,0.473357449741342,CM
,235560,Contig_200936.fasta,0.021492611613263574,9.124254387790229e-05,0.46908655545796146,CM
,235560,Contig_309369.fasta,0.025666622442142354,0.00013141356532029826,0.4750394305272249,CM
,235560,Contig_131663.fasta,0.016300465300783773,4.548455838641524e-05,0.4571703361693371,CM
,235560,Contig_133515.fasta,0.019375371285793707,7.697324690596094e-05,0.4660496405072874,CM
,235560,Contig_57236.fasta,0.02306948425871334,0.00010597970764476914,0.470501597857533,CM
,235560,Contig_368809.fasta,0.02000960747781729,7.683289484075869e-05,0.4669798793106951,CM
,235560,Contig_57273.fasta,0.006153939664732361,6.691860472347601e-06,0.42268639482323084,CM
,235560,Contig_53450.fasta,0.020883143183904097,8.5829379255293e-05,0.46861676421564,CM
,235560,Contig_369809.fasta,0.017789336356701598,6.370337671593037e-05,0.46351048941982814,CM
,235560,Contig_500212.fasta,0.003676400310228939,1.7004203104352945e-06,0.3905791644985948,CM
,235560,Contig_985127.fasta,0.011424575210918154,2.433774758165979e-05,0.4462697559077888,CM
,235560,Contig_131527.fasta,0.008074993647647048,1.1897076112077901e-05,0.43225296911715155,CM
,235560,Contig_205412.fasta,0.01683781592557304,5.740313360741114e-05,0.4623654536258069,CM
,235560,Contig_58861.fasta,0.022077940322832,9.023398148620618e-05,0.46767999906978164,CM
,235560,Contig_57172.fasta,0.00835279381715754,1.2235363508530259e-05,0.4348641627038258,CM
,235560,Contig_57931.fasta,0.0106715228955488,2.2390671270834936e-05,0.44776443930078136,CM
,235560,Contig_986539.fasta,0.026669624958623697,0.00014564716911747382,0.4769763904885999,CM
,235560,Contig_53380.fasta,0.0012402808381318986,0.0,0.31841703917612557,CM
,235560,Contig_793579.fasta,0.013117167203593978,3.302347991103336e-05,0.45406486081447506,CM
,235560,Contig_53751.fasta,0.009013026710814762,1.5199446042306378e-05,0.4362832998315306,CM
,235560,Contig_56974.fasta,0.01635068232826083,4.957437331415359e-05,0.4591892434438828,CM
,235560,Contig_53714.fasta,0.021144364023771296,8.605178692653192e-05,0.46767999906978164,CM
,235560,Contig_498548.fasta,0.0068376468855274675,8.557723258072695e-06,0.4232599177470073,CM
,235560,Contig_138961.fasta,0.025600029160264947,0.00013123800352483477,0.47479841610280726,CM
,235560,Contig_56931.fasta,0.011458889394298412,2.4188844477597e-05,0.44584453460630447,CM
,235560,Contig_53490.fasta,0.017411471450584286,5.793201408310236e-05,0.4603185824587472,CM
,235560,Contig_1261469.fasta,0.019963242532449438,8.40744659986076e-05,0.46861676421564,CM
,235560,Contig_134080.fasta,0.019054256745050995,6.443476423377431e-05,0.4639700932764666,CM
,235560,Contig_547636.fasta,0.0036723748671521955,1.614296100814464e-06,0.3909054628816345,CM
,235560,Contig_555815.fasta,0.005963900126898233,6.059951568534492e-06,0.4177802134547469,CM
,235560,Contig_367999.fasta,0.013360250995229622,3.4946501527236706e-05,0.45561230678609205,CM
,235560,Contig_542481.fasta,0.02192409266434181,9.392538744371782e-05,0.46932180448276484,CM
,235560,Contig_54239.fasta,0.0,0.0,0.0,CM
,235560,Contig_135080.fasta,0.016076636242667537,4.940122865436383e-05,0.4571703361693371,CM
,235560,Contig_543050.fasta,0.002485484060917806,5.635759685338538e-07,0.3661297645299817,CM
,235560,Contig_371121.fasta,0.010765700878359026,2.1924485343923632e-05,0.4441517219452459,CM
,235560,Contig_421275.fasta,0.0164756942760697,5.456415067250014e-05,0.4621371250067324,CM
,235560,Contig_1064055.fasta,0.018774251582055902,6.800545741279595e-05,0.46466121059515053,CM
,235560,Contig_24574183.fasta,0.02351991740043011,0.00010335167549708009,0.470501597857533,CM
,235560,Contig_1065010.fasta,0.019678776625624374,7.801674229552509e-05,0.4665142961807742,CM
,235560,Contig_542439.fasta,0.020508589678781358,8.442215423816509e-05,0.4669798793106951,CM
,235560,Contig_55615.fasta,0.002467262613035573,6.125457731618868e-07,0.36727930853164564,CM
,235560,Contig_1062268.fasta,0.01781177734230631,5.8958631588709975e-05,0.46259400797757444,CM
,235560,Contig_545832.fasta,0.010723567750575706,2.206856342181316e-05,0.44436262019878114,CM
,235560,Contig_994284.fasta,0.017986476997703442,6.089634261233738e-05,0.46282278839695007,CM
,235560,Contig_61283.fasta,0.015314778224833783,4.5008493039628296e-05,0.4571703361693371,CM
,235560,Contig_137216.fasta,0.021976400839209643,9.51618480460113e-05,0.470501597857533,CM
,235560,Contig_369929.fasta,0.02188576670824232,9.493715558573082e-05,0.4700289694317595,CM
,235560,Contig_424266.fasta,0.0,0.0,0.0,CM
,235560,Contig_422733.fasta,0.02232092296398525,9.941711654844758e-05,0.47097517772452596,CM
,235560,Contig_993468.fasta,0.02432107359077684,0.00011491654877774468,0.4726402414841581,CM
,235560,Contig_2702.fasta,0.023162208857577946,0.00010575521959202152,0.47168733777148847,CM
,235560,Contig_550843.fasta,0.009955697017436321,1.82454701743134e-05,0.44457371883070457,CM
,235560,Contig_555666.fasta,0.006284983150992168,5.551239123241881e-06,0.4215439991615464,CM
,235560,Contig_552333.fasta,0.0012270634338512909,0.0,0.31830873406075955,CM
,235560,Contig_59941.fasta,0.012910507835093624,2.9954950460972308e-05,0.4505670092145561,CM
,235560,Contig_543660.fasta,0.012440732991405893,3.053558288908284e-05,0.449484955878306,CM
,235560,Contig_302582.fasta,0.0,0.0,0.0,CM
,235560,Contig_985007.fasta,0.006801826215258136,7.311006202061721e-06,0.4187148448047575,CM
,235560,Contig_137152.fasta,0.008913936996791603,1.4499156316717497e-05,0.4320534063428592,CM
,235560,Contig_551768.fasta,0.010364601312514253,1.901402787748073e-05,0.441428150065393,CM
,235560,Contig_54324.fasta,0.01780775044344075,6.376566765421467e-05,0.46489204080408997,CM
,235560,Contig_554908.fasta,0.019761838018857805,7.550724954910577e-05,0.4660496405072874,CM
,235560,Contig_988264.fasta,0.023707837623319284,0.00010760257909187256,0.4712123253467438,CM
,235560,Contig_57017.fasta,0.015098649326586572,4.523970918404873e-05,0.4573937820814434,CM
,235560,Contig_930599.fasta,0.007353257594384841,8.977194707435195e-06,0.429475758668487,CM
,235560,Contig_368836.fasta,0.02401443118310904,0.00011595778614417659,0.471925203297344,CM
,235560,Contig_501295.fasta,0.01954960694289463,7.854210992873745e-05,0.46558590952170803,CM
,235560,Contig_549348.fasta,0.022781114449141687,0.00010763515020972317,0.4726402414841581,CM
,235560,Contig_3936.fasta,0.02543066727346331,0.00013256784654053629,0.47528068976060595,CM
,235560,Contig_53793.fasta,0.017552257268724683,6.375779870250174e-05,0.4632810287815015,CM
,235560,Contig_421232.fasta,0.0,0.0,0.0,CM
,235560,Contig_368389.fasta,0.02514672492300988,0.0001272286019703687,0.47383679905753573,CM
,235560,Contig_58788.fasta,0.004591067703729729,3.783512732927628e-06,0.3995848326808852,CM
,235560,Contig_991500.fasta,0.02771085946516405,0.00015068705050255956,0.47624818225884635,CM
,235560,Contig_555817.fasta,0.019789765522193508,7.77317974755629e-05,0.46767999906978164,CM
,235560,Contig_542483.fasta,0.008648413732096934,1.2250840493290112e-05,0.43730265333580987,CM
,235560,Contig_132900.fasta,0.01292795565945842,3.1231554221246214e-05,0.45143641010064306,CM
,235560,Contig_543052.fasta,0.0012457232841072826,0.0,0.31939511199270754,CM
,235560,Contig_546119.fasta,0.008214271982073352,1.2281645601626307e-05,0.4324527163302371,CM
,235560,Contig_6086.fasta,0.00698141569383308,1.0220754394589141e-05,0.4281004932015705,CM
,235560,Contig_369459.fasta,0.02233537016911791,9.493572179409037e-05,0.46932180448276484,CM
,235560,Contig_1064787.fasta,0.003517462625820752,1.4399463707771316e-06,0.3844813796789782,CM
,235560,Contig_993918.fasta,0.007283595590942949,8.930602890089495e-06,0.42518295235739806,CM
,235560,Contig_420935.fasta,0.007983110399617091,1.11758367288907e-05,0.4296729468037801,CM
,235560,Contig_209716.fasta,0.01420897095682303,3.630702909413969e-05,0.4534048828191052,CM
,235560,Contig_549952.fasta,0.0025373983523972587,5.77567910617419e-07,0.36858120446578696,CM
,235560,Contig_368269.fasta,0.0034755612631828404,1.8168194830233226e-06,0.38527281932426233,CM
,235560,Contig_58668.fasta,0.022435871401621985,9.937630486356883e-05,0.47097517772452596,CM
,235560,Contig_542949.fasta,0.016496167812742938,5.803092578562498e-05,0.46259400797757444,CM
,235560,Contig_425926.fasta,0.0,0.0,0.0,CM
,235560,Contig_439.fasta,0.013266800050884028,3.486349049756526e-05,0.4547267629439422,CM
,235560,Contig_428343.fasta,0.018890520703807232,7.430762158602651e-05,0.4669798793106951,CM
,235560,Contig_502497.fasta,0.005637583871006485,4.593324252383391e-06,0.409552594371393,CM
,235560,Contig_793333.fasta,0.012939001279934486,3.298050616871641e-05,0.45252789078270456,CM
,235560,Contig_985040.fasta,0.0219384594952334,8.93493923473954e-05,0.46908655545796146,CM
,235560,Contig_544337.fasta,0.008043115418015964,1.1012550343630455e-05,0.4296729468037801,CM
,235560,Contig_302538.fasta,0.0037073504262637104,2.4815340573230893e-06,0.39856374707778236,CM
,235560,Contig_371387.fasta,0.005733921348643406,5.876714860423968e-06,0.41063083727013294,CM
,235560,Contig_985429.fasta,0.015822784795848956,5.0774474147097424e-05,0.4623654536258069,CM
,235560,Contig_57780.fasta,0.015368207666414517,4.4591313979132496e-05,0.4562787314181536,CM
,235560,Contig_5210.fasta,0.002645403957963965,7.140155456623041e-07,0.37508123372289903,CM
,235560,Contig_139344.fasta,0.007468831280119337,1.0556269542255828e-05,0.4314558221017211,CM
,235560,Contig_303250.fasta,0.010465918728789601,2.0013067232626536e-05,0.4420536977508895,CM
,235560,Contig_547305.fasta,0.0011920265474116443,0.0,0.31541209239589924,CM
,235560,Contig_368294.fasta,0.017702954411932415,5.912342847561906e-05,0.4630517952195117,CM
,235560,Contig_542526.fasta,0.0038256587973980348,2.4257922875935115e-06,0.3995848326808852,CM
,235560,Contig_59201.fasta,0.001310334918545968,0.0,0.32641356056457377,CM
,235560,Contig_132437.fasta,0.011784133218025492,2.4098260257508085e-05,0.4452082198566285,CM
,235560,Contig_135127.fasta,0.017163935758151096,5.4454406946337174e-05,0.4585142960012901,CM
,235560,Contig_498840.fasta,0.017855785973866622,6.220615640609154e-05,0.4639700932764666,CM
,235560,Contig_201012.fasta,0.0068341003368006135,7.842995336652332e-06,0.4209751138725295,CM
,235560,Contig_502796.fasta,0.013167927403916549,3.180741786673218e-05,0.4516542848159426,CM
,235560,Contig_371838.fasta,0.02335645687997329,0.00011260833613524589,0.4731181385938489,CM
,235560,Contig_369953.fasta,0.022942951644346406,0.000102667807325221,0.47026516489378545,CM
,235560,Contig_53998.fasta,0.0024932453177676016,6.692379250279029e-07,0.3652723177746421,CM
,235560,Contig_549268.fasta,0.003536326925340111,1.4884642079817898e-06,0.38197048087291147,CM
,235560,Contig_627031.fasta,0.00929965809186809,1.4935978199756128e-05,0.4368943408677092,CM
,235560,Contig_60946.fasta,0.023673164775346707,0.00010765523387557433,0.47168733777148847,CM
,235560,Contig_368584.fasta,0.01614327870087344,4.877998803720924e-05,0.457617446522559,CM
,235560,Contig_499387.fasta,0.003780313121525401,2.452573914232652e-06,0.3995848326808852,CM
,235560,Contig_368916.fasta,0.02203846931433287,9.861821567317585e-05,0.4712123253467438,CM
,235560,Contig_131739.fasta,0.00810771546479327,1.109417074513225e-05,0.4312569945339323,CM
,235560,Contig_368678.fasta,0.020623425033502476,8.146953786786498e-05,0.4669798793106951,CM
,235560,Contig_55737.fasta,0.0025425660192230424,6.411528027368372e-07,0.37195058749548215,CM
,235560,Contig_57441.fasta,0.013154934649309514,3.322103457733954e-05,0.4534048828191052,CM
,235560,Contig_139085.fasta,0.01964291619133283,7.541030180844889e-05,0.46581765960111154,CM
,235560,Contig_5194.fasta,0.0011802548394340695,0.0,0.3153058214752807,CM
,235560,Contig_500498.fasta,0.009464011249754654,1.714941338535008e-05,0.43935571743597795,CM
,235560,Contig_35.fasta,0.0036589972272038705,1.8169000184717798e-06,0.3909054628816345,CM
,235560,Contig_1124667.fasta,0.021352489053756887,9.004491753686785e-05,0.46908655545796146,CM
,235560,Contig_800316.fasta,0.0009850832202801848,0.0,0.2968996440795156,CM
,235560,Contig_56028.fasta,0.01934307254521144,7.01698425841996e-05,0.4637401774720679,CM
,235560,Contig_551712.fasta,0.001900563678796263,3.986614662484735e-07,0.3344630729587681,CM
,235560,Contig_502713.fasta,0.025353803614611595,0.00012532810886125407,0.47383679905753573,CM
,235560,Contig_59610.fasta,0.014110296463492825,3.86800837595888e-05,0.45384465477140307,CM
,235560,Contig_302604.fasta,0.015045038906917824,4.2580340382009005e-05,0.453185316289895,CM
,235560,Contig_551757.fasta,0.003686595392749172,2.1495786125371274e-06,0.39436480326111806,CM
,235560,Contig_932201.fasta,0.004877594914004506,3.094006199495307e-06,0.40741300746131176,CM
,235560,Contig_133865.fasta,0.002349178736261235,4.956551586004095e-07,0.3562343654886308,CM
,235560,Contig_986463.fasta,0.017629856749475308,6.007979996415008e-05,0.46282278839695007,CM
,235560,Contig_545427.fasta,0.007277599537093258,8.546414318812988e-06,0.4273185744925265,CM
,235560,Contig_62172.fasta,0.014052988636291716,3.797989568433013e-05,0.45561230678609205,CM
,235560,Contig_55436.fasta,0.003645897891712679,1.8091106202372054e-06,0.39139593397684364,CM
,235560,Contig_548295.fasta,0.003826852318222971,1.804444551605068e-06,0.39370116875836475,CM
,235560,Contig_550839.fasta,0.0,0.0,0.0,CM
,235560,Contig_370302.fasta,0.017259839402211343,5.6732182312225997e-05,0.4603185824587472,CM
,235560,Contig_372074.fasta,0.02304325151923955,0.00010515423038570267,0.4712123253467438,CM
,235560,Contig_553798.fasta,0.022304378408896063,0.00010046050422774476,0.47073826868140495,CM
,235560,Contig_500799.fasta,0.00704056695148176,8.104334290365616e-06,0.4205967092757901,CM
,235560,Contig_54243.fasta,0.026729910561974757,0.00014280845338947564,0.47600594005016944,CM
,235560,Contig_543869.fasta,0.0,0.0,0.0,CM
,235560,Contig_137718.fasta,0.026723160281338143,0.00013938399596530345,0.47600594005016944,CM
,235560,Contig_53716.fasta,0.01069614340488112,2.0074025686524682e-05,0.4439410237849303,CM
,235560,Contig_369798.fasta,0.012033771676580256,2.68438347381487e-05,0.4492691685735156,CM
,235560,Contig_985160.fasta,0.013963047997065953,3.8212503536957965e-05,0.45362466220971065,CM
,235560,Contig_56618.fasta,0.01611574630587837,4.741084607767293e-05,0.4558342319233478,CM
,235560,Contig_369421.fasta,0.0022940229759995123,4.795087840834506e-07,0.35421183881098905,CM
,235560,Contig_136070.fasta,0.019024233550043176,7.061929829836624e-05,0.4665142961807742,CM
,235560,Contig_547124.fasta,0.004740077605031683,3.309937642911409e-06,0.40181523320679824,CM
,235560,Contig_555395.fasta,0.002325116225326002,5.719140198398188e-07,0.35745900616448933,CM
,235560,Contig_2620.fasta,0.021829181435896683,9.671624040469547e-05,0.47097517772452596,CM
,235560,Contig_990679.fasta,0.0036775106083294503,1.9391780455382465e-06,0.3922161266297708,CM
,235560,Contig_137371.fasta,0.01887340746607068,6.718160109976723e-05,0.46466121059515053,CM
,235560,Contig_200971.fasta,0.004751970714865156,3.606401704297094e-06,0.40026846798059584,CM
,235560,Contig_55880.fasta,0.02418732698267804,0.00011654921858728045,0.473357449741342,CM
,235560,Contig_53941.fasta,0.017179430803966597,5.9492307177084955e-05,0.4639700932764666,CM
,235560,Contig_54457.fasta,0.004941872243159829,3.916688159630996e-06,0.4111720905705769,CM
,235560,Contig_543587.fasta,0.001173100314832544,0.0,0.31403613360356813,CM
,235560,Contig_132047.fasta,0.0011802548394340695,0.0,0.3153058214752807,CM
,235560,Contig_133002.fasta,0.019671247094446665,7.661842924862497e-05,0.4662818525852681,CM
,235560,Contig_368235.fasta,0.014339672779291783,4.296856922534729e-05,0.4547267629439422,CM
,235560,Contig_212696.fasta,0.01619142131390852,4.827271942332045e-05,0.4571703361693371,CM
,235560,Contig_428432.fasta,0.02761470570750535,0.0001528737894647021,0.4769763904885999,CM
,235560,Contig_545097.fasta,0.000857479947550298,0.0,0.2857489093553078,CM
,235560,Contig_550773.fasta,0.004623806566681231,3.0372902480357934e-06,0.40670477102939295,CM
,235560,Contig_134557.fasta,0.018852330693138773,6.85991382569453e-05,0.46512310046651745,CM
,235560,Contig_370062.fasta,0.013068935168001831,3.3546469679718065e-05,0.4512187454863226,CM
,235560,Contig_420336.fasta,0.00553045445918406,4.998005969632331e-06,0.40494490616124323,CM
,235560,Contig_60298.fasta,0.017949908577472605,6.158117093417887e-05,0.4609988562259276,CM
,235560,Contig_424515.fasta,0.0011074747045739291,0.0,0.3047306018035275,CM
,235560,Contig_498859.fasta,0.010598810399311763,2.1108902380384637e-05,0.44478501812672677,CM
,235560,Contig_987746.fasta,0.0045147841419821335,3.4623930230845587e-06,0.40216058364358964,CM
,235560,Contig_553390.fasta,0.021040794091613947,8.500182694443178e-05,0.46861676421564,CM
,235560,Contig_54838.fasta,0.024184810144737053,0.00011481475830037386,0.47168733777148847,CM
,235560,Contig_808772.fasta,0.02660264511406716,0.00014112932786415822,0.47576394414775447,CM
,235560,concatenated_maxbin2.1689.fasta,0.12320003268750968,0.02830578598876112,0.43709840174620884,CM
,235560,concatenated_maxbin2.0347.fasta,0.1569945217234393,0.05230115384637001,0.4964603067048452,CM
,235560,concatenated_maxbin2.0432.fasta,0.1550568394104534,0.04721155401405559,0.4917644131049044,CM
,235560,concatenated_maxbin2.0512.fasta,0.13783411670371848,0.035568631285254844,0.46054511719420915,CM
,235560,concatenated_maxbin2.0082.fasta,0.13428575645670376,0.03506747294521875,0.4551691041530317,CM
,235560,concatenated_metabat2.783.fasta,0.10273682884256898,0.01579513593412066,0.4081237148445849,CM
,235560,concatenated_bin.308.fasta,0.14140930032936935,0.04613441037174172,0.4712123253467438,CM
,235560,concatenated_maxbin2.0325.fasta,0.115905657334143,0.02355205883757208,0.42518295235739806,CM
,235560,concatenated_metabat2.665.fasta,0.14281969826477509,0.04312367781683656,0.4714497119086313,CM
,235560,concatenated_maxbin2.0610.fasta,0.14055209874519617,0.0424555095133477,0.46838222129060714,CM
,235560,concatenated_maxbin2.0126.fasta,0.1471604490837423,0.044979005313148156,0.4781950322629704,CM
,235560,concatenated_maxbin2.0342.fasta,0.1180252978355224,0.02510239425482806,0.4312569945339323,CM
,235560,concatenated_bin.737.fasta,0.152909111823163,0.0454704527248166,0.4869030583447623,CM
,235560,concatenated_bin.182.fasta,0.1096860159167349,0.02231436496862272,0.42135419997236967,CM
,235560,concatenated_maxbin2.0908.fasta,0.15537798929753033,0.05206785852557738,0.4954090408356978,CM
,235560,concatenated_maxbin2.1011.fasta,0.14925323932082477,0.043973946957708364,0.48040435222722433,CM
,235560,concatenated_metabat2.358.fasta,0.132689329349725,0.031558127582988586,0.44797878321619583,CM
,235560,concatenated_maxbin2.0541.fasta,0.14860116618225724,0.042574577398753706,0.4781950322629704,CM
,235560,concatenated_bin.204.fasta,0.12317942067592139,0.025809470095222883,0.43669047043333326,CM
,235560,concatenated_metabat2.164.fasta,0.12961029508669894,0.02822336571855099,0.44584453460630447,CM
,235560,concatenated_maxbin2.0329.fasta,0.13430056284705447,0.03169330973448107,0.453185316289895,CM
,235560,concatenated_bin.240.fasta,0.1345818367518161,0.034789466566978886,0.45450591458894274,CM
,235560,concatenated_metabat2.793.fasta,0.1515615422652184,0.04655220386292243,0.4843828561794167,CM
,235560,concatenated_maxbin2.0177.fasta,0.13998983711159857,0.033499333102437426,0.4630517952195117,CM
,235560,concatenated_metabat2.147.fasta,0.14701755573725583,0.04338637136455805,0.4779508059952161,CM
,235560,concatenated_maxbin2.0272.fasta,0.15995797894463837,0.060060710972556795,0.5074987408560917,CM
