Method,Number of Swaps,Node,Eigenvector Centrality,Betweenness Centrality,Closeness Centrality,Methods
,235560,Contig_60400.fasta,0.021363055632574058,8.937312915350129e-05,0.46861676421564,CM
,235560,Contig_303000.fasta,0.014250644167401428,4.08886841267024e-05,0.457617446522559,CM
,235560,Contig_58480.fasta,0.0035441209243021066,2.219153767375806e-06,0.3863863245824249,CM
,235560,Contig_547953.fasta,0.01935948830973025,7.31746561619565e-05,0.4644306094980809,CM
,235560,Contig_501261.fasta,0.014341176904639187,3.806010089644992e-05,0.45494782602753187,CM
,235560,Contig_59812.fasta,0.019415723651630686,7.344646443736365e-05,0.4665142961807742,CM
,235560,Contig_137842.fasta,0.0265610460270575,0.00014268634228629677,0.47673340710067913,CM
,235560,Contig_305555.fasta,0.019839892236300456,7.540581941220583e-05,0.46535438992473055,CM
,235560,Contig_1064437.fasta,0.01966840391826738,7.470066391951743e-05,0.4660496405072874,CM
,235560,Contig_302768.fasta,0.004900916573079861,4.82484773908588e-06,0.409552594371393,CM
,235560,Contig_308773.fasta,0.010646142743658667,2.099191647205567e-05,0.44247171543197783,CM
,235560,Contig_548846.fasta,0.001112268847245437,0.0,0.30773682280126047,CM
,235560,Contig_367992.fasta,0.004675328382597549,3.5457470575389134e-06,0.40216058364358964,CM
,235560,Contig_2515.fasta,0.01940763664342525,7.676214296217847e-05,0.4665142961807742,CM
,235560,Contig_139114.fasta,0.02414788561924426,0.00011569753477110094,0.47383679905753573,CM
,235560,Contig_1118110.fasta,0.020620626396336588,8.217170553791342e-05,0.4681479130258295,CM
,235560,Contig_499911.fasta,0.023294368043666875,0.00010920819282489521,0.47287906929693435,CM
,235560,Contig_552124.fasta,0.0,0.0,0.0,CM
,235560,Contig_133566.fasta,0.016492159621314704,5.3869335797697695e-05,0.4596403134276194,CM
,235560,Contig_131655.fasta,0.004893410771057694,3.0606676397738457e-06,0.40776805147652856,CM
,235560,Contig_550217.fasta,0.007173752590141757,8.716376167465574e-06,0.42576327485834076,CM
,235560,Contig_1065858.fasta,0.02025753831858443,8.020029894365512e-05,0.46908655545796146,CM
,235560,Contig_502682.fasta,0.004438417578410163,2.3617211452747285e-06,0.394531061609879,CM
,235560,Contig_59781.fasta,0.009798272669943127,1.8339784780689074e-05,0.4435202266059872,CM
,235560,Contig_544167.fasta,0.020171174080802923,8.085806232146815e-05,0.46908655545796146,CM
,235560,Contig_500923.fasta,0.004610415875718847,2.1057925828591665e-06,0.39788591757594943,CM
,235560,Contig_53423.fasta,0.008127536224635778,1.3813141467429247e-05,0.43285276509650006,CM
,235560,Contig_54970.fasta,0.009356707809538895,1.4199551917233377e-05,0.43567396561388877,CM
,235560,Contig_371293.fasta,0.025405510684007857,0.0001329160330868037,0.47649067115001686,CM
,235560,Contig_368039.fasta,0.011765280703921438,2.900518646029151e-05,0.4512187454863226,CM
,235560,Contig_139681.fasta,0.00837319796190731,1.2297486864951127e-05,0.4342587833589945,CM
,235560,Contig_139250.fasta,0.007065160194150101,8.419116395394755e-06,0.42518295235739806,CM
,235560,Contig_55970.fasta,0.02096277865797027,8.861722654020449e-05,0.46955728958285653,CM
,235560,Contig_370642.fasta,0.00695262925142287,7.860092196953149e-06,0.4249898629149106,CM
,235560,Contig_424505.fasta,0.015464053570660306,4.2790536078647e-05,0.4573937820814434,CM
,235560,Contig_1064106.fasta,0.008582648361715293,1.3690704810394151e-05,0.43648679017660125,CM
,235560,Contig_53687.fasta,0.0025069997171610196,7.211140516786104e-07,0.3701849992636998,CM
,235560,Contig_988292.fasta,0.010557638039281031,2.065008713168517e-05,0.4437305254332068,CM
,235560,Contig_2.fasta,0.004768459413903331,3.7898602316312832e-06,0.40564702129979757,CM
,235560,Contig_55746.fasta,0.0033122834567457377,1.6148689113597425e-06,0.38041775534090777,CM
,235560,Contig_370874.fasta,0.016804346807506153,5.366294124247553e-05,0.4616811436303074,CM
,235560,Contig_62202.fasta,0.020720178060759355,8.487703459789503e-05,0.4688515421536238,CM
,235560,Contig_131826.fasta,0.01976049756747085,7.969138604980526e-05,0.46791383906931655,CM
,235560,Contig_60972.fasta,0.01856860766735942,6.97599165157767e-05,0.46466121059515053,CM
,235560,Contig_502426.fasta,0.010723989739299786,2.0149794177119128e-05,0.4449965183731018,CM
,235560,Contig_302574.fasta,0.00930570837242525,1.5655414795777023e-05,0.43709840174620884,CM
,235560,Contig_369922.fasta,0.027421981076610934,0.00014824707513686055,0.47673340710067913,CM
,235560,Contig_56774.fasta,0.002361663880405812,5.34232404576045e-07,0.3562343654886308,CM
,235560,Contig_53586.fasta,0.018559446600769903,6.52479126445825e-05,0.4632810287815015,CM
,235560,Contig_305448.fasta,0.018935259636735174,7.313363825463971e-05,0.4644306094980809,CM
,235560,Contig_423780.fasta,0.021448106566818066,8.947663863103619e-05,0.4688515421536238,CM
,235560,Contig_368225.fasta,0.022096370554423757,0.0001017646615688306,0.47168733777148847,CM
,235560,Contig_498426.fasta,0.024711598041235665,0.00012995432249190877,0.47600594005016944,CM
,235560,Contig_543905.fasta,0.00588549924755368,5.001526880623735e-06,0.41389990187467185,CM
,235560,Contig_799449.fasta,0.014758801121217165,3.838269397377037e-05,0.4542852806498219,CM
,235560,Contig_307703.fasta,0.022498123757153755,0.00010268494278965596,0.4724016547898198,CM
,235560,Contig_135212.fasta,0.02467820582627859,0.0001241101070048765,0.4755221941761347,CM
,235560,Contig_542656.fasta,0.018660921793902874,6.699004459575735e-05,0.46489204080408997,CM
,235560,Contig_368570.fasta,0.0076107940690152,1.0167681249470582e-05,0.43365508718194307,CM
,235560,Contig_58171.fasta,0.02014775071350475,8.48366313982978e-05,0.47026516489378545,CM
,235560,Contig_989217.fasta,0.020813339193328544,8.921625544948429e-05,0.4700289694317595,CM
,235560,Contig_24573992.fasta,0.0012631566850147468,0.0,0.3222547101028351,CM
,235560,Contig_422441.fasta,0.0012714636373602024,0.0,0.3243770114865279,CM
,235560,Contig_58619.fasta,0.011056504261922843,2.1904433212137738e-05,0.44648267086766846,CM
,235560,Contig_55786.fasta,0.02251147781866142,0.00010299604180255366,0.4721633088489572,CM
,235560,Contig_84.fasta,0.009664607496566982,1.6921478125667875e-05,0.44247171543197783,CM
,235560,Contig_302648.fasta,0.006057320012781661,6.811608589418955e-06,0.42003037618430566,CM
,235560,Contig_56021.fasta,0.004569948758685969,3.0465794148407313e-06,0.40009733994811164,CM
,235560,Contig_500040.fasta,0.024447221802966004,0.00011473882137962223,0.4726402414841581,CM
,235560,Contig_1066208.fasta,0.016011605840660567,4.976486763516527e-05,0.4596403134276194,CM
,235560,Contig_56448.fasta,0.006145592897207961,6.855667945839223e-06,0.42173396941804103,CM
,235560,Contig_211575.fasta,0.0019447528299748138,2.40473688572173e-07,0.33279789407490507,CM
,235560,Contig_58270.fasta,0.02782678107654694,0.00015634953373008835,0.4779508059952161,CM
,235560,Contig_501846.fasta,0.023902518053852427,0.00010984458508798177,0.4726402414841581,CM
,235560,Contig_542512.fasta,0.0121232477372836,3.001384284357537e-05,0.45143641010064306,CM
,235560,Contig_134156.fasta,0.0175421181859289,5.6674826025113306e-05,0.4621371250067324,CM
,235560,Contig_24575311.fasta,0.004305210201979567,2.8668463395835094e-06,0.3948639992146131,CM
,235560,Contig_56365.fasta,0.023990959769106646,0.00011329386857980978,0.473357449741342,CM
,235560,Contig_24577067.fasta,0.015169180432882701,4.142063068388912e-05,0.4562787314181536,CM
,235560,Contig_302549.fasta,0.02124229233682928,8.861905442846709e-05,0.46979301111377164,CM
,235560,Contig_61598.fasta,0.017670288466979437,5.8304099425905866e-05,0.4616811436303074,CM
,235560,Contig_57982.fasta,0.020016885676883946,8.09218979535657e-05,0.4688515421536238,CM
,235560,Contig_367952.fasta,0.017518777112713338,5.6075973545912486e-05,0.46122606118217496,CM
,235560,Contig_548080.fasta,0.010116018296753137,1.8370616569941145e-05,0.4395620846118521,CM
,235560,Contig_55623.fasta,0.017339918308815316,6.017895955981657e-05,0.46145349020642656,CM
,235560,Contig_56982.fasta,0.024089108749089913,0.00011508609168165096,0.4726402414841581,CM
,235560,Contig_1066315.fasta,0.010720224166752527,2.1299252766073203e-05,0.4441517219452459,CM
,235560,Contig_369802.fasta,0.023481309859358614,0.00010990461567357433,0.4724016547898198,CM
,235560,Contig_132276.fasta,0.01963979916483372,7.624496820679695e-05,0.46535438992473055,CM
,235560,Contig_985545.fasta,0.0207676383736793,8.829425925235861e-05,0.46932180448276484,CM
,235560,Contig_56278.fasta,0.0,0.0,0.0,CM
,235560,Contig_61852.fasta,0.019864357807776612,7.627241640434334e-05,0.466746971640216,CM
,235560,Contig_985500.fasta,0.01892798224416811,6.915798314040688e-05,0.4639700932764666,CM
,235560,Contig_499607.fasta,0.01565336520159361,5.2037624452838305e-05,0.4632810287815015,CM
,235560,Contig_2240.fasta,0.021985076311590142,9.39090725311669e-05,0.4700289694317595,CM
,235560,Contig_370216.fasta,0.010526618554352432,2.189592902968724e-05,0.4452082198566285,CM
,235560,Contig_309063.fasta,0.022856807537429993,0.00010037444248216282,0.46979301111377164,CM
,235560,Contig_57285.fasta,0.011942978067956123,2.789195457704982e-05,0.45035018197239324,CM
,235560,Contig_3691.fasta,0.008262359332554634,1.160527064667626e-05,0.4308598886457795,CM
,235560,Contig_59029.fasta,0.023175746614624838,0.00010821220027644914,0.4724016547898198,CM
,235560,Contig_3240.fasta,0.013499213101744978,3.621009833065585e-05,0.45539059763437134,CM
,235560,Contig_56285.fasta,0.022354142028059347,9.224632859112605e-05,0.4688515421536238,CM
,235560,Contig_371253.fasta,0.02772271809645747,0.00014988108449481998,0.47673340710067913,CM
,235560,Contig_1263041.fasta,0.0071977026276672995,8.558177781429662e-06,0.42888527870698123,CM
,235560,Contig_138129.fasta,0.02206869766367921,9.287456616581417e-05,0.46955728958285653,CM
,235560,Contig_302755.fasta,0.01099020899304955,1.818127047306558e-05,0.4428905244385391,CM
,235560,Contig_544576.fasta,0.01207311227015285,2.819592419063892e-05,0.4507840453461624,CM
,235560,Contig_278.fasta,0.0013439009518466875,0.0,0.3311492137787095,CM
,235560,Contig_131695.fasta,0.022372386693434027,9.718487299687146e-05,0.4700289694317595,CM
,235560,Contig_548245.fasta,0.0023635909769937112,6.348918688080552e-07,0.3565057821480507,CM
,235560,Contig_1065632.fasta,0.006129916472618854,5.790103662014626e-06,0.4198419372537609,CM
,235560,Contig_55072.fasta,0.021161382037298462,9.215111927000509e-05,0.46979301111377164,CM
,235560,Contig_204149.fasta,0.00951221856158279,1.5067182922768814e-05,0.44059683528184235,CM
,235560,Contig_369610.fasta,0.004630706717335083,3.364224756729933e-06,0.4012983182412663,CM
,235560,Contig_498487.fasta,0.015138398861807772,4.153241574453826e-05,0.45694710846612946,CM
,235560,Contig_201047.fasta,0.008047664943259722,1.0710944581346704e-05,0.43066160981989554,CM
,235560,Contig_136690.fasta,0.011821045049992705,2.4820453904394315e-05,0.44584453460630447,CM
,235560,Contig_550313.fasta,0.01991043076640548,7.620666566362624e-05,0.4665142961807742,CM
,235560,Contig_60291.fasta,0.01082525094657374,2.2078783359980688e-05,0.4462697559077888,CM
,235560,Contig_370828.fasta,0.01747391257230629,5.861718485232823e-05,0.4639700932764666,CM
,235560,Contig_139853.fasta,0.0021729669389100883,3.659846786046831e-07,0.3476328670648711,CM
,235560,Contig_57005.fasta,0.004515012528391891,3.339077737618084e-06,0.3967052471973858,CM
,235560,Contig_1062860.fasta,0.006929328900927824,8.85225237132099e-06,0.4211645716195468,CM
,235560,Contig_543959.fasta,0.0,0.0,0.0,CM
,235560,Contig_53626.fasta,0.017674156300733112,6.0934163669708384e-05,0.4630517952195117,CM
,235560,Contig_54373.fasta,0.0219426439854196,9.835900821112357e-05,0.4712123253467438,CM
,235560,Contig_549101.fasta,0.0,0.0,0.0,CM
,235560,Contig_371402.fasta,0.023480979087645164,0.00010953549757370434,0.471925203297344,CM
,235560,Contig_421838.fasta,0.003649471977125731,1.9633491672582943e-06,0.3922161266297708,CM
,235560,Contig_1128005.fasta,0.0,0.0,0.0,CM
,235560,Contig_368554.fasta,0.020216715382215537,7.911683216417938e-05,0.46767999906978164,CM
,235560,Contig_58584.fasta,0.018543913827962492,6.99910713309755e-05,0.46581765960111154,CM
,235560,Contig_368185.fasta,0.016340310526881972,4.97893113746855e-05,0.4594146677165602,CM
,235560,Contig_707918.fasta,0.016134542851996222,5.2347357434627474e-05,0.46009227047130435,CM
,235560,Contig_992623.fasta,0.02128151631532869,8.823523196952728e-05,0.46861676421564,CM
,235560,Contig_1062938.fasta,0.01684153110267576,5.8529376279694165e-05,0.464200237171941,CM
,235560,Contig_133910.fasta,0.006868193076179878,8.919181185857305e-06,0.4230685705870855,CM
,235560,Contig_136735.fasta,0.017528177198437876,5.749716162963485e-05,0.4623654536258069,CM
,235560,Contig_133582.fasta,0.02880756676208721,0.00016163441356284233,0.47770682906515216,CM
,235560,Contig_303771.fasta,0.025395395064504406,0.00012202759762867351,0.47287906929693435,CM
,235560,Contig_542493.fasta,0.01760816845709908,6.273366644954667e-05,0.4639700932764666,CM
,235560,Contig_370277.fasta,0.019398408749706487,6.614907372703355e-05,0.4630517952195117,CM
,235560,Contig_422210.fasta,0.017655460202167454,6.284640533727625e-05,0.4644306094980809,CM
,235560,Contig_53810.fasta,0.012744636700345806,3.11293176817374e-05,0.45035018197239324,CM
,235560,Contig_54994.fasta,0.028668829664601603,0.00016541384849962052,0.478439508250835,CM
,235560,Contig_54506.fasta,0.017390745859189826,6.0943574368789234e-05,0.4637401774720679,CM
,235560,Contig_24570062.fasta,0.003474053793155998,1.3651510427540217e-06,0.38337881119976774,CM
,235560,Contig_502567.fasta,0.019353079885052134,7.296004060727364e-05,0.46466121059515053,CM
,235560,Contig_985561.fasta,0.017540286639212747,6.18450625690122e-05,0.4630517952195117,CM
,235560,Contig_54969.fasta,0.0010262557614414472,0.0,0.299656637252204,CM
,235560,Contig_135393.fasta,0.02684077219282463,0.00014102494728287701,0.47576394414775447,CM
,235560,Contig_132217.fasta,0.016484038789867796,5.101262449261881e-05,0.46009227047130435,CM
,235560,Contig_61833.fasta,0.021072821409987945,8.450528773624126e-05,0.46838222129060714,CM
,235560,Contig_499666.fasta,0.0,0.0,0.0,CM
,235560,Contig_62792.fasta,0.009532107385857504,1.615216918138192e-05,0.44163646915461685,CM
,235560,Contig_1065841.fasta,0.027777099586886914,0.00015559348614782917,0.4781950322629704,CM
,235560,Contig_134869.fasta,0.007837252411792141,1.1556050116225769e-05,0.4310583501329494,CM
,235560,Contig_555468.fasta,0.008303880921003112,1.053663445865031e-05,0.4332535546938116,CM
,235560,Contig_367976.fasta,0.0,0.0,0.0,CM
,235560,Contig_55642.fasta,0.003642894448132139,1.7483562461771135e-06,0.3881491821396238,CM
,235560,Contig_58349.fasta,0.010931994918859633,2.4243391250623796e-05,0.44905358835826925,CM
,235560,Contig_136319.fasta,0.017168664011220212,6.0380072883809795e-05,0.46282278839695007,CM
,235560,Contig_131609.fasta,0.01997040384733778,7.554468966002276e-05,0.466746971640216,CM
,235560,Contig_420267.fasta,0.020180789812099493,7.659296694280787e-05,0.46838222129060714,CM
,235560,Contig_368748.fasta,0.020649254818006193,8.46259116518715e-05,0.46838222129060714,CM
,235560,Contig_1065496.fasta,0.024156369369720456,0.00011800312883640043,0.47287906929693435,CM
,235560,Contig_2120.fasta,0.007854393084435196,1.0811481288620664e-05,0.4275137862670777,CM
,235560,Contig_368399.fasta,0.016117395563299285,5.172817631147419e-05,0.46122606118217496,CM
,235560,Contig_367933.fasta,0.008202134514032757,1.1622233043615734e-05,0.4308598886457795,CM
,235560,Contig_24566365.fasta,0.0012032025372972445,0.0,0.3153058214752807,CM
,235560,Contig_985209.fasta,0.012151514552586389,2.785387964033885e-05,0.4520906657674556,CM
,235560,Contig_371176.fasta,0.02298278683158096,0.00010567166839017028,0.471925203297344,CM
,235560,Contig_138521.fasta,0.0038622573006684945,1.5077306997449838e-06,0.3946974602018697,CM
,235560,Contig_54607.fasta,0.024098655370478204,0.0001146187849457643,0.47287906929693435,CM
,235560,Contig_1063557.fasta,0.012285984548468847,3.0478899333769577e-05,0.4518723699365684,CM
,235560,Contig_137319.fasta,0.017486789421184794,5.971583285894373e-05,0.4644306094980809,CM
,235560,Contig_53407.fasta,0.009654514035656874,1.832668062297902e-05,0.44163646915461685,CM
,235560,Contig_1062202.fasta,0.01692995297978026,5.5142374049227486e-05,0.4591892434438828,CM
,235560,Contig_422644.fasta,0.02202330387770486,9.390318198620907e-05,0.4700289694317595,CM
,235560,Contig_991144.fasta,0.025119511433039088,0.0001250495426998009,0.4743171201919073,CM
,235560,Contig_500942.fasta,0.01782485659354221,5.6396398905724526e-05,0.46077187500671246,CM
,235560,Contig_553943.fasta,0.007492960547170746,9.193585312632846e-06,0.429475758668487,CM
,235560,Contig_137361.fasta,0.022999884534213484,0.00010871182448146609,0.47287906929693435,CM
,235560,Contig_551233.fasta,0.0012290902386655697,0.0,0.31841703917612557,CM
,235560,Contig_54682.fasta,0.0,0.0,0.0,CM
,235560,Contig_53743.fasta,0.013501194683476131,3.719864494830866e-05,0.4558342319233478,CM
,235560,Contig_138130.fasta,0.008530746015218277,1.4254445714897893e-05,0.43607999913263423,CM
,235560,Contig_59389.fasta,0.003359549818083952,1.7593212442287004e-06,0.3756835319705472,CM
,235560,Contig_1194793.fasta,0.015276947160340863,4.589781826082579e-05,0.4585142960012901,CM
,235560,Contig_62383.fasta,0.02638598118166318,0.00014040436924293325,0.47649067115001686,CM
,235560,Contig_58030.fasta,0.017129212161795165,6.01322856603641e-05,0.4619090217860973,CM
,235560,Contig_930757.fasta,0.011784517890807096,2.7312261905095175e-05,0.4512187454863226,CM
,235560,Contig_368431.fasta,0.025925584893560553,0.00013344147941739149,0.47576394414775447,CM
,235560,Contig_990245.fasta,0.026888699800818663,0.00014398486688805537,0.47673340710067913,CM
,235560,Contig_985135.fasta,0.016771405136609463,4.7366558968776776e-05,0.45605637336190696,CM
,235560,Contig_368201.fasta,0.0013068440500028967,0.0,0.32641356056457377,CM
,235560,Contig_136281.fasta,0.022302325753787915,0.00010140257634341809,0.4726402414841581,CM
,235560,Contig_547390.fasta,0.017115591137094297,5.739333511828068e-05,0.46259400797757444,CM
,235560,Contig_369244.fasta,0.01280056217577455,3.317508517243834e-05,0.4518723699365684,CM
,235560,Contig_4654.fasta,0.0193015471462589,7.318176161299011e-05,0.46512310046651745,CM
,235560,Contig_57750.fasta,0.009826598095663391,1.939382856567326e-05,0.4456322276850634,CM
,235560,Contig_370786.fasta,0.0030712416743350255,7.618113822128513e-07,0.36441887777984155,CM
,235560,Contig_552788.fasta,0.0037012451048347096,1.6183793071204054e-06,0.38960352961641675,CM
,235560,Contig_372448.fasta,0.023126460187465784,0.00010282083844337314,0.470501597857533,CM
,235560,Contig_499703.fasta,0.009256540190790719,1.4520495016097235e-05,0.43526868750634096,CM
,235560,Contig_62226.fasta,0.025879487286520245,0.0001312755403131151,0.47479841610280726,CM
,235560,Contig_368906.fasta,0.00979512986475134,1.836120950252522e-05,0.44247171543197783,CM
,235560,Contig_543263.fasta,0.0208401759417306,8.211153309949192e-05,0.4669798793106951,CM
,235560,Contig_551403.fasta,0.0,0.0,0.0,CM
,235560,Contig_423759.fasta,0.0024132021882873065,8.346678078656873e-07,0.36427702535563766,CM
,235560,Contig_310330.fasta,0.0200359928939001,7.976689890486151e-05,0.46861676421564,CM
,235560,Contig_61150.fasta,0.02177756527605747,9.106439302832689e-05,0.4688515421536238,CM
,235560,Contig_500731.fasta,0.02201976305857738,9.401344972081298e-05,0.470501597857533,CM
,235560,Contig_710339.fasta,0.024555493237270746,0.00011756044929808183,0.4735970031065957,CM
,235560,Contig_137986.fasta,0.003081107673589293,1.2242865056559823e-06,0.367423509280971,CM
,235560,Contig_56080.fasta,0.019071663685718103,7.212896945206775e-05,0.4662818525852681,CM
,235560,Contig_549184.fasta,0.01722684439202496,5.399061288379335e-05,0.4603185824587472,CM
,235560,Contig_54762.fasta,0.002066860093308307,2.2015012575658402e-07,0.3393138789480178,CM
,235560,Contig_25.fasta,0.019553916576894603,6.954956605138886e-05,0.4639700932764666,CM
,235560,Contig_1197505.fasta,0.013939604168670714,3.771093104190571e-05,0.45539059763437134,CM
,235560,Contig_57080.fasta,0.009838898489002663,1.6722379578092133e-05,0.44122002741095384,CM
,235560,Contig_370487.fasta,0.017577014902066392,5.9800948600482287e-05,0.4632810287815015,CM
,235560,Contig_24576382.fasta,0.025336908096967328,0.00012550147911879103,0.4735970031065957,CM
,235560,Contig_1067254.fasta,0.0024001237289770837,5.986277137278859e-07,0.36076625988382155,CM
,235560,Contig_131537.fasta,0.012581975816306275,3.313207784260585e-05,0.4518723699365684,CM
,235560,Contig_370248.fasta,0.014948263038657896,4.048142150417014e-05,0.4542852806498219,CM
,235560,Contig_555756.fasta,0.020537615389295324,8.898848813643367e-05,0.4700289694317595,CM
,235560,Contig_928928.fasta,0.022375504494364425,9.895908139571508e-05,0.470501597857533,CM
,235560,Contig_307640.fasta,0.021791600019255997,9.551661334517383e-05,0.46979301111377164,CM
,235560,Contig_554387.fasta,0.0013009333410418694,0.0,0.32595878723045385,CM
,235560,Contig_621002.fasta,0.013534841566431043,3.591008764036204e-05,0.4567240986523344,CM
,235560,Contig_1271583.fasta,0.02343063704109065,0.00010277761398003972,0.4714497119086313,CM
,235560,Contig_54680.fasta,0.01502338255179883,4.151811606435747e-05,0.4551691041530317,CM
,235560,Contig_53390.fasta,0.023476979911476917,0.00011211444295860673,0.47407683796283334,CM
,235560,Contig_56162.fasta,0.021229671378518063,8.789084210761152e-05,0.4700289694317595,CM
,235560,Contig_2576.fasta,0.00699260350033397,7.956199511648477e-06,0.42383499915698963,CM
,235560,Contig_795410.fasta,0.013776408348326155,3.716384156254543e-05,0.45296596231298797,CM
,235560,Contig_552102.fasta,0.002082033248858281,4.0546489610448067e-07,0.34241773806755693,CM
,235560,Contig_542414.fasta,0.006649048726507497,6.376953919037068e-06,0.41536958639087135,CM
,235560,Contig_58376.fasta,0.016960107122524097,5.700614726522239e-05,0.4630517952195117,CM
,235560,Contig_1062568.fasta,0.019232989944888732,7.675614237570072e-05,0.4660496405072874,CM
,235560,Contig_991597.fasta,0.007981705496045181,1.0260424720670847e-05,0.4277091764801797,CM
,235560,Contig_542451.fasta,0.017707081957166294,5.848908422947778e-05,0.4630517952195117,CM
,235560,Contig_369777.fasta,0.002431876279520703,5.810907973151126e-07,0.361462988852311,CM
,235560,Contig_543886.fasta,0.022233315746417803,9.424253741532619e-05,0.4700289694317595,CM
,235560,Contig_371149.fasta,0.024555493237270746,0.00011756044929808183,0.4735970031065957,CM
,235560,Contig_987903.fasta,0.022242006761156553,9.244664800142014e-05,0.4688515421536238,CM
,235560,Contig_135856.fasta,0.014788566254472125,4.596779528129633e-05,0.4571703361693371,CM
,235560,Contig_985989.fasta,0.023935242191348807,0.00011197262554896963,0.4726402414841581,CM
,235560,Contig_1993.fasta,0.004740935071942181,3.925126920726655e-06,0.4052956596529377,CM
,235560,Contig_1061935.fasta,0.00780874773749276,1.1425386822171621e-05,0.4284925266202533,CM
,235560,Contig_24577161.fasta,0.026284406387021533,0.00013539679971905379,0.47528068976060595,CM
,235560,Contig_308454.fasta,0.025792622047786772,0.00013175784208259588,0.47600594005016944,CM
,235560,Contig_1066423.fasta,0.02159477515482797,9.081567947041384e-05,0.46838222129060714,CM
,235560,Contig_498288.fasta,0.019501511369542354,7.839886070180519e-05,0.46558590952170803,CM
,235560,Contig_544629.fasta,0.002159563175852361,5.116462812980445e-07,0.3503660344959315,CM
,235560,Contig_131958.fasta,0.0,0.0,0.0,CM
,235560,Contig_60849.fasta,0.02565871764428539,0.00012772113606520434,0.4743171201919073,CM
,235560,Contig_57263.fasta,0.01645779217273021,5.014692479583375e-05,0.4594146677165602,CM
,235560,Contig_54725.fasta,0.022369755543778118,9.885891320918146e-05,0.47168733777148847,CM
,235560,Contig_62.fasta,0.0008476571382793506,0.0,0.2857489093553078,CM
,235560,Contig_27.fasta,0.008074757943638608,1.217248665991199e-05,0.4312569945339323,CM
,235560,Contig_57082.fasta,0.014441304966283729,4.326093579416041e-05,0.4551691041530317,CM
,235560,Contig_499069.fasta,0.01723374066996085,5.575216343357723e-05,0.46054511719420915,CM
,235560,Contig_24566202.fasta,0.010634373611540168,2.2225863704017423e-05,0.4460570439173656,CM
,235560,Contig_58991.fasta,0.014159570917203011,3.7896347836123305e-05,0.45694710846612946,CM
,235560,Contig_55008.fasta,0.018933975919658785,6.934219237286692e-05,0.4665142961807742,CM
,235560,Contig_420468.fasta,0.01990147979196116,8.312293411767605e-05,0.4688515421536238,CM
,235560,Contig_550444.fasta,0.024413234690553533,0.00011711468739192501,0.4735970031065957,CM
,235560,Contig_554267.fasta,0.01982428430669347,7.265278002803703e-05,0.46489204080408997,CM
,235560,Contig_498701.fasta,0.01078094892554642,2.0776381731647667e-05,0.44542012286465166,CM
,235560,Contig_985894.fasta,0.015500618437677301,4.951231007426056e-05,0.4603185824587472,CM
,235560,Contig_54008.fasta,0.021155109874097848,9.000217307115806e-05,0.47026516489378545,CM
,235560,Contig_544318.fasta,0.0013009333410418694,0.0,0.32595878723045385,CM
,235560,Contig_705467.fasta,0.0,0.0,0.0,CM
,235560,Contig_54461.fasta,0.014032083766831118,4.00087508114426e-05,0.4551691041530317,CM
,235560,Contig_370355.fasta,0.020622743752973065,8.40785384437526e-05,0.4681479130258295,CM
,235560,Contig_993069.fasta,0.023043317374993353,0.00010589693753551705,0.4724016547898198,CM
,235560,Contig_994211.fasta,0.029919835609332646,0.00017821685445835382,0.4794199170792178,CM
,235560,Contig_60682.fasta,0.010444322003975179,2.074183646992459e-05,0.4428905244385391,CM
,235560,Contig_131793.fasta,0.012818057447401913,3.280223763987023e-05,0.4518723699365684,CM
,235560,Contig_136283.fasta,0.023014037577552566,0.00010292923682105013,0.47097517772452596,CM
,235560,Contig_1062059.fasta,0.01863781832076993,6.576152833351135e-05,0.4637401774720679,CM
,235560,Contig_499445.fasta,0.005784410929792021,4.922446931201921e-06,0.41647871746267606,CM
,235560,Contig_1062488.fasta,0.015451089770925585,4.5592605893489785e-05,0.45873905791109465,CM
,235560,Contig_307035.fasta,0.016731502327426918,5.35441764576191e-05,0.46259400797757444,CM
,235560,Contig_137283.fasta,0.002397361948760575,6.527919806726172e-07,0.3595188928692405,CM
,235560,Contig_137617.fasta,0.024568199745527708,0.00011672047958531336,0.47287906929693435,CM
,235560,Contig_794674.fasta,0.0,0.0,0.0,CM
,235560,Contig_135234.fasta,0.0208130344539969,8.050133958730421e-05,0.46535438992473055,CM
,235560,Contig_369513.fasta,0.006149510352155956,6.3427538957397094e-06,0.4202189843460409,CM
,235560,Contig_498784.fasta,0.016414302895532,4.959236195447548e-05,0.4596403134276194,CM
,235560,Contig_542670.fasta,0.001180870334789658,0.0,0.31403613360356813,CM
,235560,Contig_62635.fasta,0.023248216819875378,0.00010088213295152879,0.47073826868140495,CM
,235560,Contig_136944.fasta,0.01509069273617529,4.3819516325510526e-05,0.4565013064090893,CM
,235560,Contig_501322.fasta,0.0012290902386655697,0.0,0.31841703917612557,CM
,235560,Contig_55419.fasta,0.01866650283890481,6.952139517259961e-05,0.4660496405072874,CM
,235560,Contig_55334.fasta,0.01616011150525401,4.9567437643091365e-05,0.4573937820814434,CM
,235560,Contig_139851.fasta,0.0232501936027257,0.00010142086544675189,0.47073826868140495,CM
,235560,Contig_5146.fasta,0.006629215899688587,8.123482114679911e-06,0.41946556617598973,CM
,235560,Contig_139057.fasta,0.02580763633310693,0.00013506960252251146,0.47624818225884635,CM
,235560,Contig_133009.fasta,0.0012673504040907617,0.0,0.3211488257167581,CM
,235560,Contig_371892.fasta,0.010882785219252025,2.3106188259669876e-05,0.4460570439173656,CM
,235560,Contig_53661.fasta,0.0143874397315334,3.584508466217203e-05,0.453185316289895,CM
,235560,Contig_135135.fasta,0.002572991190512257,6.590094897253925e-07,0.37298831332747434,CM
,235560,Contig_707468.fasta,0.0024818036758315278,7.919378907207358e-07,0.3661297645299817,CM
,235560,Contig_623155.fasta,0.022150878218161137,9.775899442022869e-05,0.4712123253467438,CM
,235560,Contig_426668.fasta,0.018783724011176943,6.651160947322318e-05,0.4637401774720679,CM
,235560,Contig_987025.fasta,0.011713702942434045,2.5207358345061562e-05,0.44733636622305595,CM
,235560,Contig_499011.fasta,0.01582127163087088,4.424598321708798e-05,0.4565013064090893,CM
,235560,Contig_501860.fasta,0.017388801334480373,6.054570710168582e-05,0.4623654536258069,CM
,235560,Contig_993478.fasta,0.02421696233610855,0.00011342528328948743,0.47287906929693435,CM
,235560,Contig_57792.fasta,0.02082495301921034,8.411084710233891e-05,0.4681479130258295,CM
,235560,Contig_55876.fasta,0.013901991378576716,3.672687263199634e-05,0.4523091726141291,CM
,235560,Contig_420410.fasta,0.002472509588864925,6.149691917615016e-07,0.3624429427337851,CM
,235560,Contig_548202.fasta,0.009339020617768623,1.6443451067049826e-05,0.44018235095890546,CM
,235560,Contig_54035.fasta,0.015329976663496201,4.5353852436879165e-05,0.457617446522559,CM
,235560,Contig_56306.fasta,0.007409485741093357,9.073666727416152e-06,0.4308598886457795,CM
,235560,Contig_138787.fasta,0.024514355921959056,0.00012128666736945201,0.4743171201919073,CM
,235560,Contig_367974.fasta,0.00508501033924991,4.094000567319318e-06,0.41225888904785596,CM
,235560,Contig_370972.fasta,0.01158849800126886,2.411672497080873e-05,0.4460570439173656,CM
,235560,Contig_550249.fasta,0.025933483607517318,0.0001350414415662343,0.47649067115001686,CM
,235560,Contig_2122.fasta,0.004624759646481994,3.6669498233087465e-06,0.40320020600544293,CM
,235560,Contig_1211.fasta,0.01040803651165822,1.7484875806779984e-05,0.44018235095890546,CM
,235560,Contig_990613.fasta,0.01656519249118916,5.4591615439952296e-05,0.4623654536258069,CM
,235560,Contig_59466.fasta,0.023784728799020043,0.0001105961214698426,0.4714497119086313,CM
,235560,Contig_53438.fasta,0.02227832108466986,9.756573660403972e-05,0.4714497119086313,CM
,235560,Contig_61874.fasta,0.020532222340328112,8.671280849843216e-05,0.46932180448276484,CM
,235560,Contig_24570409.fasta,0.015487676645782586,4.5386852949255546e-05,0.45806543227539553,CM
,235560,Contig_134391.fasta,0.020842017143672897,8.230455737500276e-05,0.46791383906931655,CM
,235560,Contig_368022.fasta,0.012789500691597941,2.7709043461144573e-05,0.4481933324418741,CM
,235560,Contig_550148.fasta,0.009293155373503881,1.59960190358571e-05,0.4389435638548935,CM
,235560,Contig_498565.fasta,0.005758484800341241,4.997635564853263e-06,0.4124405809337299,CM
,235560,Contig_132580.fasta,0.007257356556321672,8.456820835231701e-06,0.42634518366224744,CM
,235560,Contig_987514.fasta,0.012933296614769501,2.9541675939441728e-05,0.45035018197239324,CM
,235560,Contig_132151.fasta,0.005957046260114858,5.403658042897736e-06,0.4170355071919042,CM
,235560,Contig_544515.fasta,0.0,0.0,0.0,CM
,235560,Contig_988369.fasta,0.015151040881063315,4.289901764195443e-05,0.4571703361693371,CM
,235560,Contig_993621.fasta,0.02073614527204842,8.560775865814985e-05,0.46908655545796146,CM
,235560,Contig_139909.fasta,0.012472064063161469,3.124328987104838e-05,0.44905358835826925,CM
,235560,Contig_134896.fasta,0.02227393355776428,9.854444524049977e-05,0.47073826868140495,CM
,235560,Contig_1065651.fasta,0.021544058817234275,9.42066044031303e-05,0.46908655545796146,CM
,235560,Contig_55852.fasta,0.020636680196693923,8.657783066404159e-05,0.46932180448276484,CM
,235560,Contig_370760.fasta,0.016113181818502645,5.1096948658573544e-05,0.4585142960012901,CM
,235560,Contig_704052.fasta,0.01138655965667518,2.300991357780232e-05,0.4428905244385391,CM
,235560,Contig_1062304.fasta,0.005751760738783301,3.893618738672346e-06,0.41063083727013294,CM
,235560,Contig_368958.fasta,0.013246097819603843,3.522988854394866e-05,0.45539059763437134,CM
,235560,Contig_1065614.fasta,0.019920136937736206,8.042333391492201e-05,0.46838222129060714,CM
,235560,Contig_58988.fasta,0.017326784751357707,5.60870746513572e-05,0.4596403134276194,CM
,235560,Contig_53501.fasta,0.010602468067854542,1.8920009847674713e-05,0.442681020879202,CM
,235560,Contig_53993.fasta,0.006805989796676429,8.965073901140522e-06,0.42211442405892335,CM
,235560,Contig_423707.fasta,0.010505648037949438,2.101132176727975e-05,0.44436262019878114,CM
,235560,Contig_421471.fasta,0.011550976620563515,2.710425492175146e-05,0.4497009505711836,CM
,235560,Contig_61908.fasta,0.01394128563063099,3.765217660193177e-05,0.45406486081447506,CM
,235560,Contig_369636.fasta,0.01044911086262556,2.0764198768844154e-05,0.44331012701972194,CM
,235560,Contig_132893.fasta,0.02254980604156671,9.62293390370965e-05,0.470501597857533,CM
,235560,Contig_54779.fasta,0.013810871965024833,3.353634266527649e-05,0.4520906657674556,CM
,235560,Contig_132095.fasta,0.01884347280840768,6.926767405230674e-05,0.4660496405072874,CM
,235560,Contig_499035.fasta,0.01794352852006431,6.54925314869507e-05,0.46466121059515053,CM
,235560,Contig_542555.fasta,0.0023478049270462538,7.463800215318338e-07,0.35896727201328466,CM
,235560,Contig_134585.fasta,0.003684938574044424,2.28562006136522e-06,0.3905791644985948,CM
,235560,Contig_501844.fasta,0.015289227843882962,4.365646244865226e-05,0.4573937820814434,CM
,235560,Contig_139875.fasta,0.024312390023690546,0.00012230154124529365,0.4750394305272249,CM
,235560,Contig_139036.fasta,0.001196921191679839,0.0,0.31541209239589924,CM
,235560,Contig_703292.fasta,0.014209003052434197,3.933922427360934e-05,0.4562787314181536,CM
,235560,Contig_993718.fasta,0.023219429861824507,0.00010400624809421251,0.47097517772452596,CM
,235560,Contig_550719.fasta,0.015379627008169826,4.156253902713631e-05,0.45561230678609205,CM
,235560,Contig_53600.fasta,0.02035166948942685,8.187387639556783e-05,0.46838222129060714,CM
,235560,Contig_54784.fasta,0.012068487361512305,2.7063894558259246e-05,0.45013356331824583,CM
,235560,Contig_137925.fasta,0.00935016296832835,1.622963230087011e-05,0.4377117297187245,CM
,235560,Contig_498371.fasta,0.0,0.0,0.0,CM
,235560,Contig_369572.fasta,0.022009670965048973,9.989792028654044e-05,0.4714497119086313,CM
,235560,Contig_709936.fasta,0.018902590539153837,7.07438405778444e-05,0.46558590952170803,CM
,235560,Contig_370309.fasta,0.014172043407166284,3.806242454968594e-05,0.45450591458894274,CM
,235560,Contig_555617.fasta,0.0,0.0,0.0,CM
,235560,Contig_985297.fasta,0.018664213634171138,6.483447207509176e-05,0.46282278839695007,CM
,235560,Contig_369793.fasta,0.019644604688182642,7.835866373678981e-05,0.4669798793106951,CM
,235560,Contig_502640.fasta,0.018977033709627774,7.201406004877635e-05,0.466746971640216,CM
,235560,Contig_58743.fasta,0.025486540966509177,0.0001319837072725804,0.47528068976060595,CM
,235560,Contig_134420.fasta,0.013709493702163966,3.740503850608917e-05,0.45561230678609205,CM
,235560,Contig_131697.fasta,0.013218695996011255,3.343021361919095e-05,0.45494782602753187,CM
,235560,Contig_986689.fasta,0.01936826144828706,7.289223475951319e-05,0.46581765960111154,CM
,235560,Contig_306288.fasta,0.024170548133086625,0.0001127954762469942,0.4714497119086313,CM
,235560,Contig_53836.fasta,0.008840565080004721,1.543797237859427e-05,0.43285276509650006,CM
,235560,Contig_544688.fasta,0.012863577827442066,3.062423141351139e-05,0.4510012906692208,CM
,235560,Contig_56656.fasta,0.021492719522558178,8.732467335246618e-05,0.4681479130258295,CM
,235560,Contig_54598.fasta,0.025045083821449068,0.00012422227407602143,0.4750394305272249,CM
,235560,Contig_546991.fasta,0.0025084371464243107,6.917310105742731e-07,0.3698923629006455,CM
,235560,Contig_134764.fasta,0.02183183711114431,9.16146728838601e-05,0.46908655545796146,CM
,235560,Contig_542365.fasta,0.002496440642756331,6.40133999851745e-07,0.3661297645299817,CM
,235560,Contig_139193.fasta,0.0,0.0,0.0,CM
,235560,Contig_207429.fasta,0.011950676672607323,2.5353548758658322e-05,0.4481933324418741,CM
,235560,Contig_139542.fasta,0.007057645851651631,8.028513543151424e-06,0.42441164541434606,CM
,235560,Contig_1122224.fasta,0.0,0.0,0.0,CM
,235560,Contig_656.fasta,0.0013068440500028967,0.0,0.32641356056457377,CM
,235560,Contig_53374.fasta,0.022169946237241278,9.824783703194774e-05,0.4700289694317595,CM
,235560,Contig_56557.fasta,0.022119903014080722,0.0001036681819652098,0.4726402414841581,CM
,235560,Contig_308360.fasta,0.02552002303842937,0.00012655850038177977,0.4745576461149255,CM
,235560,Contig_1064061.fasta,0.00863178675604812,1.1951817696237951e-05,0.4348641627038258,CM
,235560,Contig_53464.fasta,0.022848741277522303,0.00010200632290869415,0.4700289694317595,CM
,235560,Contig_56696.fasta,0.020372140359320813,7.823227509210061e-05,0.46767999906978164,CM
,235560,Contig_1061954.fasta,0.01998131164379501,7.485126557255923e-05,0.46512310046651745,CM
,235560,Contig_2616.fasta,0.0,0.0,0.0,CM
,235560,Contig_499913.fasta,0.024567532661550952,0.0001191024939924944,0.47287906929693435,CM
,235560,Contig_60703.fasta,0.018988295073225293,6.808952698517378e-05,0.46558590952170803,CM
,235560,Contig_542430.fasta,0.02240152886705054,9.441785430756738e-05,0.46955728958285653,CM
,235560,Contig_131612.fasta,0.011340767989430347,2.2652832922705782e-05,0.4439410237849303,CM
,235560,Contig_133564.fasta,0.021391591979953134,9.136203464945493e-05,0.47097517772452596,CM
,235560,Contig_550250.fasta,0.0,0.0,0.0,CM
,235560,Contig_131657.fasta,0.01249735444089684,2.739636045457666e-05,0.4492691685735156,CM
,235560,Contig_500964.fasta,0.023128157205823063,0.00010092561810204489,0.46979301111377164,CM
,235560,Contig_933392.fasta,0.009166144220113456,1.5452253846483608e-05,0.4379165550484947,CM
,235560,Contig_54659.fasta,0.008197039537490175,1.0275100969342805e-05,0.42987031609491644,CM
,235560,Contig_61746.fasta,0.006878682827842787,7.376592925149248e-06,0.4192776335746564,CM
,235560,Contig_53765.fasta,0.009055349882146393,1.4932372317553146e-05,0.43607999913263423,CM
,235560,Contig_138153.fasta,0.020976476911137305,9.209727010533474e-05,0.47073826868140495,CM
,235560,Contig_56940.fasta,0.018566844374220848,6.702720552900241e-05,0.4644306094980809,CM
,235560,Contig_54275.fasta,0.020509864530231833,8.776636694080494e-05,0.4700289694317595,CM
,235560,Contig_542488.fasta,0.0,0.0,0.0,CM
,235560,Contig_367990.fasta,0.015614247512146568,5.1489971569463677e-05,0.4621371250067324,CM
,235560,Contig_555859.fasta,0.01286829102989882,2.7199027310026875e-05,0.44862304800509734,CM
,235560,Contig_993581.fasta,0.009366662082556283,1.6544512596259905e-05,0.43914954394116995,CM
,235560,Contig_547586.fasta,0.0045572205991952506,3.339630953818378e-06,0.39721038970230604,CM
,235560,Contig_428255.fasta,0.0012290902386655697,0.0,0.31841703917612557,CM
,235560,Contig_131556.fasta,0.016254384979623525,4.804808097093466e-05,0.45873905791109465,CM
,235560,Contig_303047.fasta,0.0069750238322017636,8.933261940785474e-06,0.4255696580894193,CM
,235560,Contig_368885.fasta,0.012201933489785915,3.0311341934187756e-05,0.45252789078270456,CM
,235560,Contig_59053.fasta,0.011916655388567753,2.7506629836070465e-05,0.449484955878306,CM
,235560,Contig_551912.fasta,0.00819386826578779,1.1086556953730041e-05,0.4320534063428592,CM
,235560,Contig_554772.fasta,0.012290119776493613,2.786405898220062e-05,0.45035018197239324,CM
,235560,Contig_544264.fasta,0.001196921191679839,0.0,0.31541209239589924,CM
,235560,Contig_934117.fasta,0.015613142691424624,4.636022924052047e-05,0.46009227047130435,CM
,235560,Contig_545454.fasta,0.014313249999554285,3.7005021706293225e-05,0.453185316289895,CM
,235560,Contig_368262.fasta,0.003572416980014648,2.101402645910461e-06,0.3902534103997636,CM
,235560,Contig_61277.fasta,0.007322142693851289,9.370085608072624e-06,0.4308598886457795,CM
,235560,Contig_302677.fasta,0.008395283036642888,1.2507960798702315e-05,0.43648679017660125,CM
,235560,Contig_554901.fasta,0.0021711621724225037,4.768904356043815e-07,0.34698838640661217,CM
,235560,Contig_305322.fasta,0.007110810017487704,8.872991876179109e-06,0.42576327485834076,CM
,235560,Contig_544883.fasta,0.0,0.0,0.0,CM
,235560,Contig_135194.fasta,0.018526406945658415,6.461067469053102e-05,0.4630517952195117,CM
,235560,Contig_56818.fasta,0.010678051568152803,2.0480132338366133e-05,0.4439410237849303,CM
,235560,Contig_498461.fasta,0.016594661102170786,4.939374108366722e-05,0.4591892434438828,CM
,235560,Contig_543101.fasta,0.0025084371464243107,6.917310105742731e-07,0.3698923629006455,CM
,235560,Contig_421823.fasta,0.008788667808049296,1.27133216980458e-05,0.42987031609491644,CM
,235560,Contig_135268.fasta,0.012154458443735083,2.6110514168194233e-05,0.4507840453461624,CM
,235560,Contig_1064205.fasta,0.023275864130245776,0.00010241191604864656,0.47026516489378545,CM
,235560,Contig_54445.fasta,0.015126964197909952,4.5188233345810226e-05,0.457617446522559,CM
,235560,Contig_549637.fasta,0.0,0.0,0.0,CM
,235560,Contig_55400.fasta,0.01148279008574771,2.5924067175904577e-05,0.44584453460630447,CM
,235560,Contig_625718.fasta,0.024360614481202473,0.00012503078598173677,0.47528068976060595,CM
,235560,Contig_801021.fasta,0.0,0.0,0.0,CM
,235560,Contig_1062339.fasta,0.002422265398427747,6.357686831081936e-07,0.36202231262616363,CM
,235560,Contig_306355.fasta,0.00925636775019431,1.7350009819971044e-05,0.4397686457418388,CM
,235560,Contig_428764.fasta,0.018602334696020625,7.223027292397219e-05,0.4662818525852681,CM
,235560,Contig_369126.fasta,0.003395866429421717,1.802001205535785e-06,0.3807272897227962,CM
,235560,Contig_302533.fasta,0.017370347160434476,5.884861052535263e-05,0.4609988562259276,CM
,235560,Contig_1315.fasta,0.010366455444282443,2.190547965279808e-05,0.4439410237849303,CM
,235560,Contig_992309.fasta,0.009838537802535173,1.620035287406916e-05,0.44163646915461685,CM
,235560,Contig_425542.fasta,0.01873448841564674,6.984796649286692e-05,0.4662818525852681,CM
,235560,Contig_498295.fasta,0.020032644264863286,7.644974544818345e-05,0.46581765960111154,CM
,235560,Contig_54108.fasta,0.007689205727981335,1.0853047128599482e-05,0.43547123226553425,CM
,235560,Contig_796850.fasta,0.023282144884935404,0.00010325696405472708,0.47097517772452596,CM
,235560,Contig_58097.fasta,0.015777590379771004,4.8012742415747837e-05,0.4585142960012901,CM
,235560,Contig_984994.fasta,0.0035959116378791356,1.437993995784528e-06,0.38960352961641675,CM
,235560,Contig_932851.fasta,0.022033619139307285,9.679411381458663e-05,0.47097517772452596,CM
,235560,Contig_60483.fasta,0.013899088217678768,3.81992320504698e-05,0.4551691041530317,CM
,235560,Contig_542409.fasta,0.004498678762473479,3.860909029074387e-06,0.3987335654617099,CM
,235560,Contig_628830.fasta,0.01778705252030508,6.042771652670049e-05,0.4619090217860973,CM
,235560,Contig_993268.fasta,0.012229086813240175,2.8967164030702787e-05,0.4497009505711836,CM
,235560,Contig_53370.fasta,0.004492662987296705,3.5861250595618368e-06,0.3990736367328926,CM
,235560,Contig_4880.fasta,0.01299771604921785,3.344779072738327e-05,0.4523091726141291,CM
,235560,Contig_368303.fasta,0.023999197893274583,0.00011100842019442575,0.4724016547898198,CM
,235560,Contig_133134.fasta,0.00487618755390682,2.892376814521609e-06,0.4052956596529377,CM
,235560,Contig_1973.fasta,0.007360021940050069,1.014230046845554e-05,0.4284925266202533,CM
,235560,Contig_371210.fasta,0.016632712062860152,4.7902961884641466e-05,0.4594146677165602,CM
,235560,Contig_1062001.fasta,0.01961934966934687,7.145437521766842e-05,0.46558590952170803,CM
,235560,Contig_1064554.fasta,0.011650672469920834,2.2791019390147232e-05,0.44478501812672677,CM
,235560,Contig_498458.fasta,0.00636238749474735,5.283077073900486e-06,0.4198419372537609,CM
,235560,Contig_56821.fasta,0.011641473046095847,2.524280019545643e-05,0.44733636622305595,CM
,235560,Contig_53604.fasta,0.00648255786319503,6.92450049132596e-06,0.41684974527333324,CM
,235560,Contig_201321.fasta,0.014964998167729037,4.0689045146937576e-05,0.4558342319233478,CM
,235560,Contig_136127.fasta,0.020541037197928068,7.949062560079008e-05,0.46721301954000655,CM
,235560,Contig_1268205.fasta,0.00586207178266051,5.412057804003417e-06,0.4151853052966429,CM
,235560,Contig_56363.fasta,0.01384090066081543,3.363498447766e-05,0.4520906657674556,CM
,235560,Contig_138376.fasta,0.015401794758383975,4.525358338274442e-05,0.4578413298134213,CM
,235560,Contig_54813.fasta,0.01839401212832026,7.112722901321108e-05,0.46466121059515053,CM
,235560,Contig_56326.fasta,0.0044588689499798885,3.3908957242057597e-06,0.39941428857816175,CM
,235560,Contig_213640.fasta,0.023241659162310992,0.00010401171782215456,0.47097517772452596,CM
,235560,Contig_59276.fasta,0.004777391900251348,3.1916413887854607e-06,0.4037220354351308,CM
,235560,Contig_622130.fasta,0.008381927158651303,1.129048360876684e-05,0.43365508718194307,CM
,235560,Contig_550374.fasta,0.0025408221435265265,5.38399888988779e-07,0.36930847598209676,CM
,235560,Contig_542514.fasta,0.012503075978184792,3.105838866972691e-05,0.4497009505711836,CM
,235560,Contig_1270443.fasta,0.0,0.0,0.0,CM
,235560,Contig_859.fasta,0.010338868120898181,2.201735135224015e-05,0.4437305254332068,CM
,235560,Contig_133315.fasta,0.020048457486909324,7.746135002944099e-05,0.4665142961807742,CM
,235560,Contig_1258190.fasta,0.0202718446676488,8.000812621306734e-05,0.4681479130258295,CM
,235560,Contig_62690.fasta,0.021347959188445613,9.168176902904321e-05,0.47073826868140495,CM
,235560,Contig_137536.fasta,0.016351034511387825,5.047156568986009e-05,0.45873905791109465,CM
,235560,Contig_302537.fasta,0.009194389597517207,1.625200091289071e-05,0.44018235095890546,CM
,235560,Contig_61137.fasta,0.01956230760841989,7.84257213472656e-05,0.46767999906978164,CM
,235560,Contig_53538.fasta,0.011146487446712077,2.4255291232129837e-05,0.449484955878306,CM
,235560,Contig_42.fasta,0.0,0.0,0.0,CM
,235560,Contig_421320.fasta,0.002373814620689514,5.805157929246525e-07,0.3600722116731947,CM
,235560,Contig_53681.fasta,0.005737241972832252,5.760879585387825e-06,0.4109915143340505,CM
,235560,Contig_542529.fasta,0.0013439009518466875,0.0,0.3311492137787095,CM
,235560,Contig_4.fasta,0.010599468669038157,2.1444489179874054e-05,0.4435202266059872,CM
,235560,Contig_703687.fasta,0.0135176678405971,3.403389532473103e-05,0.4520906657674556,CM
,235560,Contig_501838.fasta,0.019555441756379417,6.908088546362661e-05,0.46512310046651745,CM
,235560,Contig_304363.fasta,0.006966496233647746,8.467090347969856e-06,0.4249898629149106,CM
,235560,Contig_1124279.fasta,0.0177670219922927,5.976503645247721e-05,0.4637401774720679,CM
,235560,Contig_371458.fasta,0.024212302450417996,0.00011216541804645849,0.4724016547898198,CM
,235560,Contig_371089.fasta,0.024331250353743974,0.00011853115804352746,0.47287906929693435,CM
,235560,Contig_502049.fasta,0.0,0.0,0.0,CM
,235560,Contig_54896.fasta,0.006968501020776813,9.56787527684392e-06,0.4269286852822231,CM
,235560,Contig_308594.fasta,0.021773571149951466,9.191877429940432e-05,0.46955728958285653,CM
,235560,Contig_421862.fasta,0.0,0.0,0.0,CM
,235560,Contig_704447.fasta,0.005669063159583989,5.041494147630749e-06,0.4118959850962293,CM
,235560,Contig_542628.fasta,0.01054062526936631,1.8320951189553392e-05,0.44038949559465085,CM
,235560,Contig_1062711.fasta,0.012798009096101591,2.775669513964963e-05,0.4488382149345962,CM
,235560,Contig_56142.fasta,0.006235523437959946,6.907042533682852e-06,0.42173396941804103,CM
,235560,Contig_930489.fasta,0.0023518361860168243,6.095710425845172e-07,0.3602108075976263,CM
,235560,Contig_139157.fasta,0.018667882280369447,7.018721273413033e-05,0.4665142961807742,CM
,235560,Contig_499578.fasta,0.001112268847245437,0.0,0.30773682280126047,CM
,235560,Contig_991222.fasta,0.008138570617108855,1.2592495127138324e-05,0.43305306716271774,CM
,235560,Contig_55519.fasta,0.0,0.0,0.0,CM
,235560,Contig_371268.fasta,0.020631968111363704,7.974762560713473e-05,0.46721301954000655,CM
,235560,Contig_502154.fasta,0.023195071187089574,0.0001033593692500528,0.4700289694317595,CM
,235560,Contig_61443.fasta,0.009546245008168102,1.5727958328202053e-05,0.4410121009135877,CM
,235560,Contig_546955.fasta,0.007388896026875015,1.0679592003239616e-05,0.4310583501329494,CM
,235560,Contig_137801.fasta,0.016545792075702555,5.41875146867238e-05,0.46077187500671246,CM
,235560,Contig_53460.fasta,0.015376877230520787,5.163671208847004e-05,0.4603185824587472,CM
,235560,Contig_213008.fasta,0.025665480218829972,0.00012799977094527412,0.4743171201919073,CM
,235560,Contig_421555.fasta,0.011828128650355174,2.376035942468e-05,0.4460570439173656,CM
,235560,Contig_549796.fasta,0.0012032025372972445,0.0,0.3153058214752807,CM
,235560,Contig_368839.fasta,0.02526013566194982,0.00012491155156431542,0.473357449741342,CM
,235560,Contig_55135.fasta,0.022014831005232265,9.223158279166217e-05,0.4688515421536238,CM
,235560,Contig_62471.fasta,0.019897111635406618,8.195262989026162e-05,0.4688515421536238,CM
,235560,Contig_55618.fasta,0.01741677025040901,6.075248761925094e-05,0.46282278839695007,CM
,235560,Contig_210082.fasta,0.015178835600074683,4.3250777564317676e-05,0.457617446522559,CM
,235560,Contig_24578817.fasta,0.0,0.0,0.0,CM
,235560,Contig_54618.fasta,0.009260826027141796,1.5720584347349126e-05,0.43607999913263423,CM
,235560,Contig_988525.fasta,0.024815885802072536,0.0001250387526352665,0.47528068976060595,CM
,235560,Contig_987358.fasta,0.01311547780915689,3.1766416631347634e-05,0.4518723699365684,CM
,235560,Contig_420491.fasta,0.0,0.0,0.0,CM
,235560,Contig_306388.fasta,0.0,0.0,0.0,CM
,235560,Contig_133758.fasta,0.013713503195794214,3.424885718251928e-05,0.4516542848159426,CM
,235560,Contig_1258149.fasta,0.018857187596829736,6.544774542176763e-05,0.464200237171941,CM
,235560,Contig_303939.fasta,0.016232406692769725,5.419475323658588e-05,0.4616811436303074,CM
,235560,Contig_139743.fasta,0.021338472061136097,9.45880702002388e-05,0.4712123253467438,CM
,235560,Contig_499329.fasta,0.015960511638364955,4.7274369209705365e-05,0.45806543227539553,CM
,235560,Contig_55465.fasta,0.002578307687363099,8.093952396048655e-07,0.3740318457788302,CM
,235560,Contig_545474.fasta,0.0012032025372972445,0.0,0.3153058214752807,CM
,235560,Contig_60212.fasta,0.01759062654547346,5.9161637635172213e-05,0.4619090217860973,CM
,235560,Contig_306074.fasta,0.02427132636603481,0.00011654737771145949,0.4735970031065957,CM
,235560,Contig_502705.fasta,0.00734375522869852,8.655302608689094e-06,0.4292787514397399,CM
,235560,Contig_302612.fasta,0.01408498393805338,3.9681190798442375e-05,0.4565013064090893,CM
,235560,Contig_56457.fasta,0.02146431168824148,9.10508638154615e-05,0.46861676421564,CM
,235560,Contig_554999.fasta,0.0012714636373602024,0.0,0.3243770114865279,CM
,235560,Contig_56086.fasta,0.008096322306340324,1.2214781479062372e-05,0.43305306716271774,CM
,235560,Contig_543199.fasta,0.0022387576916056483,4.848485297028603e-07,0.3510231350857589,CM
,235560,Contig_23.fasta,0.009677702193142776,1.776621631858093e-05,0.4418449849568617,CM
,235560,Contig_1064124.fasta,0.020351313744622238,7.924716042457329e-05,0.46838222129060714,CM
,235560,Contig_133459.fasta,0.008179781850452207,1.184775375549087e-05,0.43026559914419915,CM
,235560,Contig_370813.fasta,0.01767785834780439,5.9760019774663796e-05,0.46259400797757444,CM
,235560,Contig_803076.fasta,0.0012290902386655697,0.0,0.31841703917612557,CM
,235560,Contig_304497.fasta,0.0025438175590670044,6.845757640639065e-07,0.36945427482772725,CM
,235560,Contig_55498.fasta,0.01190121340300805,2.5644023397960477e-05,0.449484955878306,CM
,235560,Contig_60113.fasta,0.021279334010145867,8.924207824480573e-05,0.46932180448276484,CM
,235560,Contig_305805.fasta,0.0009959588410902408,0.0,0.2968996440795156,CM
,235560,Contig_302556.fasta,0.012941087591568973,3.116315313695552e-05,0.4516542848159426,CM
,235560,Contig_61915.fasta,0.008727537995712416,1.34475565255237e-05,0.4284925266202533,CM
,235560,Contig_134054.fasta,0.01986376758933562,8.015078413508756e-05,0.4688515421536238,CM
,235560,Contig_368736.fasta,0.025818614305778087,0.00013014580017559668,0.47528068976060595,CM
,235560,Contig_552143.fasta,0.024352740930202656,0.00011648883806221499,0.473357449741342,CM
,235560,Contig_131677.fasta,0.01493115901936078,4.08605485358491e-05,0.45605637336190696,CM
,235560,Contig_500107.fasta,0.017108146610678127,5.716708549105816e-05,0.46282278839695007,CM
,235560,Contig_369773.fasta,0.022099026534412702,9.564865211101965e-05,0.4712123253467438,CM
,235560,Contig_553945.fasta,0.0063357298216905325,6.463538735627977e-06,0.4230685705870855,CM
,235560,Contig_135011.fasta,0.00931472897756078,1.6989284786846936e-05,0.4385321828203529,CM
,235560,Contig_1064039.fasta,0.0009959588410902408,0.0,0.2968996440795156,CM
,235560,Contig_987907.fasta,0.006884692921538449,8.359751146304896e-06,0.42078582650118396,CM
,235560,Contig_53369.fasta,0.003581015757550293,1.20874272959319e-06,0.387827467110913,CM
,235560,Contig_61766.fasta,0.010896559390143737,2.2569843600102094e-05,0.44584453460630447,CM
,235560,Contig_53444.fasta,0.014207470961495064,3.503921811077523e-05,0.45296596231298797,CM
,235560,Contig_988014.fasta,0.0,0.0,0.0,CM
,235560,Contig_53893.fasta,0.019973677496291798,8.00454244505873e-05,0.46791383906931655,CM
,235560,Contig_811026.fasta,0.006674628564482855,6.234834793690603e-06,0.41592341250605913,CM
,235560,Contig_548326.fasta,0.015412771251016207,4.627961898084543e-05,0.45450591458894274,CM
,235560,Contig_166.fasta,0.0,0.0,0.0,CM
,235560,Contig_368472.fasta,0.01878349655586226,6.892805203300811e-05,0.46581765960111154,CM
,235560,Contig_131533.fasta,0.009426995211382596,1.791164852527987e-05,0.44163646915461685,CM
,235560,Contig_713578.fasta,0.008549231796364907,1.2570376943978462e-05,0.43607999913263423,CM
,235560,Contig_62754.fasta,0.018733859408370943,6.898710073085466e-05,0.46512310046651745,CM
,235560,Contig_499271.fasta,0.0198975906060642,7.834669351353917e-05,0.46838222129060714,CM
,235560,Contig_547132.fasta,0.019778536331399015,7.694860052914338e-05,0.4674463926766399,CM
,235560,Contig_542385.fasta,0.007841947158476631,1.113027396490554e-05,0.4292787514397399,CM
,235560,Contig_1061989.fasta,0.008369263886443974,1.2896001811917104e-05,0.43285276509650006,CM
,235560,Contig_137023.fasta,0.0037027685695001805,2.1938025336439833e-06,0.3900907370315269,CM
,235560,Contig_626516.fasta,0.024534991894538564,0.0001213164547588652,0.4743171201919073,CM
,235560,Contig_990243.fasta,0.005392569348415253,4.7816081293850276e-06,0.40302656250587127,CM
,235560,Contig_59036.fasta,0.001251005944731045,0.0,0.31939511199270754,CM
,235560,Contig_1064338.fasta,0.0,0.0,0.0,CM
,235560,Contig_426325.fasta,0.0038150959707876617,1.911557349920857e-06,0.3980551587148588,CM
,235560,Contig_1063105.fasta,0.00569314866722487,6.369759475748915e-06,0.4172214347474958,CM
,235560,Contig_132168.fasta,0.0013009333410418694,0.0,0.32595878723045385,CM
,235560,Contig_372283.fasta,0.017692709287591455,5.629292410941506e-05,0.46009227047130435,CM
,235560,Contig_134478.fasta,0.0024663592223119913,6.040885684698005e-07,0.36441887777984155,CM
,235560,Contig_370234.fasta,0.021960620005419745,9.24715866131192e-05,0.4700289694317595,CM
,235560,Contig_801164.fasta,0.015654753213449956,4.8507715365753344e-05,0.4582897542304766,CM
,235560,Contig_53484.fasta,0.013028193512093361,3.0251908681823578e-05,0.45035018197239324,CM
,235560,Contig_549737.fasta,0.0,0.0,0.0,CM
,235560,Contig_206708.fasta,0.018681053875972655,6.896346341953064e-05,0.464200237171941,CM
,235560,Contig_54992.fasta,0.021204370683654064,9.475565003119259e-05,0.471925203297344,CM
,235560,Contig_1580.fasta,0.015140619224571591,3.895124776309899e-05,0.4542852806498219,CM
,235560,Contig_138626.fasta,0.020068034154809924,8.52292473454956e-05,0.470501597857533,CM
,235560,Contig_302732.fasta,0.008245569515764103,1.3331865441688169e-05,0.4340573646283085,CM
,235560,Contig_544511.fasta,0.0012290902386655697,0.0,0.31841703917612557,CM
,235560,Contig_987555.fasta,0.022075079928058062,9.721765540953841e-05,0.47026516489378545,CM
,235560,Contig_132953.fasta,0.015494882804287947,4.3559109895266004e-05,0.4585142960012901,CM
,235560,Contig_544554.fasta,0.0,0.0,0.0,CM
,235560,Contig_133584.fasta,0.01718114775484744,5.567525805624366e-05,0.45986618090350523,CM
,235560,Contig_57532.fasta,0.012874868438652019,2.9339582675584965e-05,0.4481933324418741,CM
,235560,Contig_420261.fasta,0.002222926782920204,6.901654598717135e-07,0.35155059283945644,CM
,235560,Contig_371170.fasta,0.014146293817055735,3.579972533581856e-05,0.45406486081447506,CM
,235560,Contig_135069.fasta,0.0012714636373602024,0.0,0.3243770114865279,CM
,235560,Contig_369063.fasta,0.010881006708029503,2.2728253280871082e-05,0.4469091108589461,CM
,235560,Contig_371618.fasta,0.019892974486040584,7.390897140930414e-05,0.46581765960111154,CM
,235560,Contig_555306.fasta,0.007478504506259628,1.068371107096054e-05,0.4342587833589945,CM
,235560,Contig_550560.fasta,0.015616320738399121,5.206032380259918e-05,0.4619090217860973,CM
,235560,Contig_60835.fasta,0.0024545588875214547,5.808547905566634e-07,0.36584350200884797,CM
,235560,Contig_542345.fasta,0.003741109387403222,2.1549131914101016e-06,0.3935356089733529,CM
,235560,Contig_61646.fasta,0.025423261570252584,0.00012754278081128335,0.4743171201919073,CM
,235560,Contig_498856.fasta,0.012842846220313328,3.281275214033279e-05,0.45296596231298797,CM
,235560,Contig_501062.fasta,0.021865162947171925,9.367077278861378e-05,0.46955728958285653,CM
,235560,Contig_368282.fasta,0.010410313734298637,2.1449612907474692e-05,0.44331012701972194,CM
,235560,Contig_428054.fasta,0.01810153510256745,6.24360431621808e-05,0.46122606118217496,CM
,235560,Contig_994290.fasta,0.008894732155765153,1.2768328217876243e-05,0.44059683528184235,CM
,235560,Contig_499481.fasta,0.0185327098189162,6.734208616634237e-05,0.46535438992473055,CM
,235560,Contig_542530.fasta,0.0,0.0,0.0,CM
,235560,Contig_371705.fasta,0.007372165292399706,8.654395419477174e-06,0.4310583501329494,CM
,235560,Contig_53599.fasta,0.021064920399435458,8.751915514764287e-05,0.46791383906931655,CM
,235560,Contig_985013.fasta,0.02005568644049326,7.428013855506438e-05,0.46535438992473055,CM
,235560,Contig_992481.fasta,0.004636951701060426,3.846394185122205e-06,0.40164278031700995,CM
,235560,Contig_135275.fasta,0.025334534152866624,0.00012934264740357943,0.4750394305272249,CM
,235560,Contig_931634.fasta,0.017901971851415597,6.600911062757543e-05,0.46351048941982814,CM
,235560,Contig_61990.fasta,0.021668014208774875,9.489254761207548e-05,0.4700289694317595,CM
,235560,Contig_134230.fasta,0.00853113485056087,1.3384120698667875e-05,0.4379165550484947,CM
,235560,Contig_303596.fasta,0.004759841835258669,3.256937010232658e-06,0.40688159919071004,CM
,235560,Contig_212565.fasta,0.02145137644419101,9.287761676905149e-05,0.46908655545796146,CM
,235560,Contig_1128046.fasta,0.019969423615324583,7.869668256673724e-05,0.46767999906978164,CM
,235560,Contig_139855.fasta,0.028690745370667074,0.00016228471697806829,0.47770682906515216,CM
,235560,Contig_989235.fasta,0.017442269532016674,6.106000291123567e-05,0.46351048941982814,CM
,235560,Contig_499439.fasta,0.010850017339283084,2.0496580354816553e-05,0.4452082198566285,CM
,235560,Contig_1062866.fasta,0.022496089115667105,0.00010012337587488858,0.471925203297344,CM
,235560,Contig_4593.fasta,0.006976692542679228,9.226909689404548e-06,0.42615103740374916,CM
,235560,Contig_61074.fasta,0.02573031114943899,0.0001312233876833518,0.47479841610280726,CM
,235560,Contig_990281.fasta,0.0267789090352973,0.00014276300127873898,0.47649067115001686,CM
,235560,Contig_499662.fasta,0.019862487788406546,7.27863380252335e-05,0.46581765960111154,CM
,235560,Contig_62796.fasta,0.023380497994934708,0.00010514551267173103,0.4714497119086313,CM
,235560,Contig_368867.fasta,0.023354841218424512,0.00010139037451499038,0.47073826868140495,CM
,235560,Contig_368024.fasta,0.014487743519332253,3.9468962715491184e-05,0.4567240986523344,CM
,235560,Contig_1065845.fasta,0.0009304729371867916,0.0,0.29217223794524916,CM
,235560,Contig_131648.fasta,0.02204040758999867,9.814591869588768e-05,0.47073826868140495,CM
,235560,Contig_1067335.fasta,0.02329961347330361,0.00010703238219373315,0.4731181385938489,CM
,235560,Contig_367937.fasta,0.011979591968666367,2.635443115584482e-05,0.4520906657674556,CM
,235560,Contig_201958.fasta,0.017919159330520275,6.290728908869919e-05,0.4632810287815015,CM
,235560,Contig_546698.fasta,0.0013009333410418694,0.0,0.32595878723045385,CM
,235560,Contig_308342.fasta,0.014942398748449532,4.134662590541172e-05,0.4542852806498219,CM
,235560,Contig_138109.fasta,0.023202063925214823,0.00010811894899734529,0.47287906929693435,CM
,235560,Contig_545981.fasta,0.022849535156106986,0.00010641040446317813,0.471925203297344,CM
,235560,Contig_930043.fasta,0.004579146501003341,3.6369151525199247e-06,0.4011263086749392,CM
,235560,Contig_53486.fasta,0.0,0.0,0.0,CM
,235560,Contig_24565782.fasta,0.013756681371729432,3.823115965581626e-05,0.4551691041530317,CM
,235560,Contig_59009.fasta,0.014393668565006193,4.086661145803812e-05,0.4573937820814434,CM
,235560,Contig_53814.fasta,0.013831772060169265,3.308201082060834e-05,0.4505670092145561,CM
,235560,Contig_1116.fasta,0.012526409264128579,3.092658724768845e-05,0.4516542848159426,CM
,235560,Contig_139857.fasta,0.003324312185637765,1.1986404825025706e-06,0.37643913038561266,CM
,235560,Contig_420383.fasta,0.010407399510918229,2.1118514440178333e-05,0.4428905244385391,CM
,235560,Contig_555118.fasta,0.027409789022032505,0.0001468383251051044,0.4755221941761347,CM
,235560,Contig_1066641.fasta,0.02293886402140943,0.00010364191572905272,0.4712123253467438,CM
,235560,Contig_137669.fasta,0.010195955734069295,1.866736888022429e-05,0.4395620846118521,CM
,235560,Contig_302668.fasta,0.024186599794128568,0.00011795501844815955,0.47407683796283334,CM
,235560,Contig_305455.fasta,0.01943892789668059,6.946357667419571e-05,0.464200237171941,CM
,235560,Contig_61545.fasta,0.010475349141202829,2.0060726937349882e-05,0.441428150065393,CM
,235560,Contig_498353.fasta,0.011236466328097872,2.0352290849854035e-05,0.44018235095890546,CM
,235560,Contig_988988.fasta,0.0011264888443602114,0.0,0.3080407103813802,CM
,235560,Contig_985054.fasta,0.02209158541395908,9.930719294140546e-05,0.4721633088489572,CM
,235560,Contig_420879.fasta,0.008307533196687897,1.1812638624128221e-05,0.43365508718194307,CM
,235560,Contig_1258176.fasta,0.016979996077677955,5.041900711740709e-05,0.4582897542304766,CM
,235560,Contig_499353.fasta,0.02421836135909587,0.00011325415604323133,0.4726402414841581,CM
,235560,Contig_468.fasta,0.0,0.0,0.0,CM
,235560,Contig_993483.fasta,0.02320637115207312,0.00010073122872753902,0.47073826868140495,CM
,235560,Contig_988975.fasta,0.02125324642519132,9.058639685539905e-05,0.470501597857533,CM
,235560,Contig_988930.fasta,0.017032912708929582,5.590144910014301e-05,0.46122606118217496,CM
,235560,Contig_1198429.fasta,0.0013009333410418694,0.0,0.32595878723045385,CM
,235560,Contig_933290.fasta,0.023135084657349272,0.0001042783890353623,0.471925203297344,CM
,235560,Contig_499052.fasta,0.018627629151041516,6.810747827689926e-05,0.46512310046651745,CM
,235560,Contig_305495.fasta,0.022530703521982574,0.00010131695498624642,0.471925203297344,CM
,235560,Contig_985400.fasta,0.023327292119130295,0.00010597072541541998,0.46979301111377164,CM
,235560,Contig_985094.fasta,0.01725719772273694,5.742485598092621e-05,0.4623654536258069,CM
,235560,Contig_500018.fasta,0.010214000656858381,1.9308062557327545e-05,0.43935571743597795,CM
,235560,Contig_54766.fasta,0.01307872701215183,3.1580644830766724e-05,0.4505670092145561,CM
,235560,Contig_1263528.fasta,0.006068570747225181,7.507336850843248e-06,0.4205967092757901,CM
,235560,Contig_59228.fasta,0.0,0.0,0.0,CM
,235560,Contig_1065920.fasta,0.014251650350265054,3.586430021050531e-05,0.4542852806498219,CM
,235560,Contig_555509.fasta,0.006110650517015655,5.724912420888095e-06,0.42135419997236967,CM
,235560,Contig_139091.fasta,0.026428922256589677,0.00013594011065600823,0.47576394414775447,CM
,235560,Contig_706082.fasta,0.01436362253845565,3.2960892563572554e-05,0.4527468205798902,CM
,235560,Contig_368629.fasta,0.018049824553394152,6.279328515358136e-05,0.4639700932764666,CM
,235560,Contig_625052.fasta,0.0264920004887217,0.00013828350496594767,0.4750394305272249,CM
,235560,Contig_368691.fasta,0.012171469415543704,2.7830890107116333e-05,0.45143641010064306,CM
,235560,Contig_551706.fasta,0.002113342869780982,3.540942716571343e-07,0.3435490742065467,CM
,235560,Contig_61210.fasta,0.0012032025372972445,0.0,0.3153058214752807,CM
,235560,Contig_369691.fasta,0.022102268688838092,9.205526604474035e-05,0.46932180448276484,CM
,235560,Contig_498443.fasta,0.001110657935674767,0.0,0.30713084284169123,CM
,235560,Contig_59641.fasta,0.022758098592138048,0.0001037820308328559,0.471925203297344,CM
,235560,Contig_370353.fasta,0.019900644321365152,7.329605100229613e-05,0.4660496405072874,CM
,235560,Contig_24566591.fasta,0.010865146473793115,2.2051890468252818e-05,0.4471226364733077,CM
,235560,Contig_55467.fasta,0.003629581168994432,2.1568982721081273e-06,0.39172359905342535,CM
,235560,Contig_543838.fasta,0.0,0.0,0.0,CM
,235560,Contig_988352.fasta,0.021293698419248136,8.994342223566394e-05,0.4700289694317595,CM
,235560,Contig_56962.fasta,0.01710788594364947,5.645115700337002e-05,0.46122606118217496,CM
,235560,Contig_549823.fasta,0.010557511938121801,2.111837561164128e-05,0.4452082198566285,CM
,235560,Contig_546289.fasta,0.0220901633006626,8.99019890486097e-05,0.46767999906978164,CM
,235560,Contig_5823.fasta,0.013550427671354266,3.324884314997354e-05,0.4492691685735156,CM
,235560,Contig_304689.fasta,0.020649583877978352,7.896247895161609e-05,0.4660496405072874,CM
,235560,Contig_1062142.fasta,0.012789639064893938,3.543187414271494e-05,0.45384465477140307,CM
,235560,Contig_62387.fasta,0.021310055219159508,9.24524372297425e-05,0.470501597857533,CM
,235560,Contig_133647.fasta,0.021242596759846716,8.680897354101148e-05,0.4681479130258295,CM
,235560,Contig_550173.fasta,0.023585550709119937,0.0001083958951528848,0.4724016547898198,CM
,235560,Contig_542713.fasta,0.008218310945036167,1.0611436434906204e-05,0.4310583501329494,CM
,235560,Contig_131574.fasta,0.0067690393220721035,6.605143644317602e-06,0.41815356485193617,CM
,235560,Contig_542387.fasta,0.004719470307595585,3.5378574713810132e-06,0.4011263086749392,CM
,235560,Contig_306603.fasta,0.02249074561146403,0.00010090114543958337,0.46955728958285653,CM
,235560,Contig_137862.fasta,0.0266659526361058,0.00014398442888250833,0.47673340710067913,CM
,235560,Contig_553205.fasta,0.006230566705355633,5.846488525976891e-06,0.42078582650118396,CM
,235560,Contig_53446.fasta,0.0195854996760642,7.308642516023688e-05,0.46535438992473055,CM
,235560,Contig_61498.fasta,0.019825145934386,7.342949252320812e-05,0.4665142961807742,CM
,235560,Contig_54950.fasta,0.016545906066120653,4.962535197345417e-05,0.45986618090350523,CM
,235560,Contig_55915.fasta,0.0021866442011379142,5.80527265035014e-07,0.34685977692314046,CM
,235560,Contig_55113.fasta,0.017633163422063825,6.289078289454325e-05,0.4637401774720679,CM
,235560,Contig_24574211.fasta,0.022294311495677212,0.00010094313620893396,0.4714497119086313,CM
,235560,Contig_55950.fasta,0.019791470291132908,7.281438835900211e-05,0.46535438992473055,CM
,235560,Contig_792106.fasta,0.013345524327232976,3.3669780348956926e-05,0.45035018197239324,CM
,235560,Contig_24569564.fasta,0.015132526604199332,4.2936155251856425e-05,0.4565013064090893,CM
,235560,Contig_499137.fasta,0.0037269447713872785,2.076633167057409e-06,0.3910688166061985,CM
,235560,Contig_1065878.fasta,0.007147821798533633,9.973511425178678e-06,0.4284925266202533,CM
,235560,Contig_500105.fasta,0.010406583066252913,2.066145415920419e-05,0.44247171543197783,CM
,235560,Contig_990105.fasta,0.008762511223724434,1.1596781117383224e-05,0.4348641627038258,CM
,235560,Contig_213746.fasta,0.0,0.0,0.0,CM
,235560,Contig_308147.fasta,0.002127394128866631,4.2921222513269426e-07,0.3459621730641897,CM
,235560,Contig_1064246.fasta,0.0,0.0,0.0,CM
,235560,Contig_500378.fasta,0.011977865719364125,2.742593424471206e-05,0.4488382149345962,CM
,235560,Contig_372001.fasta,0.02075114699561991,8.667627045852757e-05,0.46767999906978164,CM
,235560,Contig_368549.fasta,0.009710118931993993,1.7423383762552537e-05,0.4441517219452459,CM
,235560,Contig_542593.fasta,0.019461065354843925,7.045115375484598e-05,0.46535438992473055,CM
,235560,Contig_499422.fasta,0.019114133525023905,7.020517269966922e-05,0.46581765960111154,CM
,235560,Contig_134994.fasta,0.0025346203223749492,6.059319605269242e-07,0.3698923629006455,CM
,235560,Contig_62593.fasta,0.025945020993379392,0.00013166251520859456,0.4750394305272249,CM
,235560,Contig_1062838.fasta,0.0,0.0,0.0,CM
,235560,Contig_306052.fasta,0.0,0.0,0.0,CM
,235560,Contig_500079.fasta,0.012529539846665279,2.643162398370344e-05,0.4481933324418741,CM
,235560,Contig_1065904.fasta,0.02201276163747513,9.016378896900512e-05,0.46838222129060714,CM
,235560,Contig_552078.fasta,0.003761402937524351,1.9809922616286356e-06,0.39586619210602075,CM
,235560,Contig_1065941.fasta,0.023227322598270192,0.00010409772346474639,0.4712123253467438,CM
,235560,Contig_55393.fasta,0.021514545912720895,8.791844835683126e-05,0.46791383906931655,CM
,235560,Contig_423779.fasta,0.0,0.0,0.0,CM
,235560,Contig_135642.fasta,0.023031025947159812,0.00010742903036533747,0.4726402414841581,CM
,235560,Contig_302535.fasta,0.01070148350027447,2.2413754974357635e-05,0.44436262019878114,CM
,235560,Contig_61135.fasta,0.009629792524423196,1.7296531728637705e-05,0.441428150065393,CM
,235560,Contig_134037.fasta,0.015723616262999826,4.9870154369233876e-05,0.457617446522559,CM
,235560,Contig_131651.fasta,0.017375886878302032,5.497260934587747e-05,0.4596403134276194,CM
,235560,Contig_369755.fasta,0.026640326393996622,0.00013847864750081461,0.4755221941761347,CM
,235560,Contig_985251.fasta,0.005829199323784825,5.6638632246146364e-06,0.41481723321747915,CM
,235560,Contig_305281.fasta,0.020834138223033136,8.404887487765682e-05,0.4688515421536238,CM
,235560,Contig_1264101.fasta,0.003235289528668898,1.4484799469580572e-06,0.3728397124058299,CM
,235560,Contig_53427.fasta,0.01764988349195325,6.30591443190034e-05,0.4639700932764666,CM
,235560,Contig_1063267.fasta,0.02110787563852066,8.983153601265763e-05,0.46932180448276484,CM
,235560,Contig_555358.fasta,0.005926503682962474,6.1569411334973755e-06,0.4175937876566859,CM
,235560,Contig_368078.fasta,0.017281236826930516,6.0561678867275096e-05,0.46282278839695007,CM
,235560,Contig_798280.fasta,0.013962807788091494,3.904380837051215e-05,0.4565013064090893,CM
,235560,Contig_57241.fasta,0.008755551763679897,1.313429027577896e-05,0.4387377769051257,CM
,235560,Contig_550914.fasta,0.0013068440500028967,0.0,0.32641356056457377,CM
,235560,Contig_202130.fasta,0.0023777915264694967,6.193991597397816e-07,0.36048831977605283,CM
,235560,Contig_792223.fasta,0.017681597753906427,6.176319421197281e-05,0.46466121059515053,CM
,235560,Contig_368085.fasta,0.017741206147823593,6.09909361885746e-05,0.4637401774720679,CM
,235560,Contig_713989.fasta,0.017762470048954645,6.427460197889439e-05,0.46489204080408997,CM
,235560,Contig_56628.fasta,0.020857836852661866,8.208655631484991e-05,0.46838222129060714,CM
,235560,Contig_369883.fasta,0.007214930559255912,1.0748109847457127e-05,0.429475758668487,CM
,235560,Contig_500548.fasta,0.0036997802824485617,1.6121647205357938e-06,0.3948639992146131,CM
,235560,Contig_138155.fasta,0.017353538745216474,6.0455815148089277e-05,0.46351048941982814,CM
,235560,Contig_307949.fasta,0.02394748921741453,0.0001097629969184185,0.471925203297344,CM
,235560,Contig_135889.fasta,0.01970674423819996,7.672866615539592e-05,0.4674463926766399,CM
,235560,Contig_56903.fasta,0.009676284790400376,1.768390493049557e-05,0.4437305254332068,CM
,235560,Contig_134889.fasta,0.020592425141745377,8.117091591670714e-05,0.4674463926766399,CM
,235560,Contig_367996.fasta,0.012070291203644027,2.705351545086918e-05,0.45143641010064306,CM
,235560,Contig_57903.fasta,0.011541918984874625,2.134564670065512e-05,0.44457371883070457,CM
,235560,Contig_139294.fasta,0.016544953940904886,4.989211336196353e-05,0.4585142960012901,CM
,235560,Contig_180.fasta,0.0061075884056828724,6.320222840893568e-06,0.41815356485193617,CM
,235560,Contig_1268736.fasta,0.026461703568370496,0.00013765247055711892,0.47479841610280726,CM
,235560,Contig_308022.fasta,0.02325243566146214,0.0001060097384875886,0.4724016547898198,CM
,235560,Contig_985128.fasta,0.015522207776752459,4.412490947199451e-05,0.4578413298134213,CM
,235560,Contig_371212.fasta,0.02340742210283666,0.0001113316239795427,0.473357449741342,CM
,235560,Contig_421597.fasta,0.009566449991538722,1.389771084866405e-05,0.4387377769051257,CM
,235560,Contig_985291.fasta,0.02052258152912114,8.45880000619619e-05,0.46791383906931655,CM
,235560,Contig_59394.fasta,0.008983881044752964,1.3112795260225566e-05,0.4314558221017211,CM
,235560,Contig_498502.fasta,0.01665200003826338,5.17212959714288e-05,0.4589640402837828,CM
,235560,Contig_423189.fasta,0.01619808609752873,4.979144435470331e-05,0.4589640402837828,CM
,235560,Contig_543062.fasta,0.0021928800327700795,4.6156929328018373e-07,0.3486690306030675,CM
,235560,Contig_543821.fasta,0.0,0.0,0.0,CM
,235560,Contig_429994.fasta,0.01913881973001054,7.17726684402112e-05,0.46466121059515053,CM
,235560,Contig_1065861.fasta,0.01954498722021049,7.470729300230421e-05,0.4669798793106951,CM
,235560,Contig_55662.fasta,0.020765957220212784,8.936848999869281e-05,0.46979301111377164,CM
,235560,Contig_1268437.fasta,0.006888096456350472,8.780726291218113e-06,0.42173396941804103,CM
,235560,Contig_1065067.fasta,0.0,0.0,0.0,CM
,235560,Contig_135849.fasta,0.020160948394367658,7.891674424208433e-05,0.4681479130258295,CM
,235560,Contig_4084.fasta,0.016044653208628173,4.9955264685259576e-05,0.4594146677165602,CM
,235560,Contig_424464.fasta,0.005856298621460236,6.223398393398539e-06,0.41555403114504136,CM
,235560,Contig_371156.fasta,0.021514543989333824,9.04734139604875e-05,0.46908655545796146,CM
,235560,Contig_502196.fasta,0.018306267849185605,6.786002371199327e-05,0.4637401774720679,CM
,235560,Contig_1260871.fasta,0.005966455603963994,5.877084500446521e-06,0.41740752816174537,CM
,235560,Contig_368806.fasta,0.00479203472860059,3.590185439937961e-06,0.4091944373146625,CM
,235560,Contig_58444.fasta,0.015036473135193025,4.15521085263762e-05,0.4567240986523344,CM
,235560,Contig_984996.fasta,0.01322578042483654,3.1012075167663584e-05,0.45252789078270456,CM
,235560,Contig_990044.fasta,0.015137183115209516,4.337923769713251e-05,0.4571703361693371,CM
,235560,Contig_1274572.fasta,0.016993418582041606,5.69067105299203e-05,0.4616811436303074,CM
,235560,Contig_542553.fasta,0.020238422041027337,8.018925134531238e-05,0.46838222129060714,CM
,235560,Contig_131771.fasta,0.02424415536833549,0.0001171471176015016,0.4735970031065957,CM
,235560,Contig_499076.fasta,0.012838592160217797,3.0844407264722155e-05,0.4520906657674556,CM
,235560,Contig_134152.fasta,0.016329691446684266,5.2225443637642676e-05,0.46077187500671246,CM
,235560,Contig_131734.fasta,0.019353395186794513,7.593778578246054e-05,0.4662818525852681,CM
,235560,Contig_58559.fasta,0.014552721868931388,3.8279036661696984e-05,0.45539059763437134,CM
,235560,Contig_55483.fasta,0.004112670591326446,2.590049656754709e-06,0.3870255079150674,CM
,235560,Contig_55811.fasta,0.009999406665494672,1.874705982647585e-05,0.4441517219452459,CM
,235560,Contig_985419.fasta,0.017243529613776898,6.021263543124976e-05,0.46282278839695007,CM
,235560,Contig_213506.fasta,0.027786160134848605,0.00015168621280043667,0.4769763904885999,CM
,235560,Contig_135253.fasta,0.02544898955007744,0.0001291801276479932,0.47479841610280726,CM
,235560,Contig_24576898.fasta,0.00481347943046843,3.998874787261464e-06,0.4084799991875308,CM
,235560,Contig_306742.fasta,0.018168187617001865,5.657979207557284e-05,0.4594146677165602,CM
,235560,Contig_55353.fasta,0.007821261552548238,1.0132531088759747e-05,0.4296729468037801,CM
,235560,Contig_1063497.fasta,0.001084415693241672,0.0,0.3037415378573947,CM
,235560,Contig_302609.fasta,0.020086552963082236,7.609404951369742e-05,0.4669798793106951,CM
,235560,Contig_1063840.fasta,0.010033974861084635,1.6270685108990852e-05,0.4422626078159892,CM
,235560,Contig_986139.fasta,0.015230309971586673,4.3361688090524955e-05,0.4565013064090893,CM
,235560,Contig_370130.fasta,0.017813713432862997,6.565327652284981e-05,0.46535438992473055,CM
,235560,Contig_54604.fasta,0.015261280349499575,4.1549164246023864e-05,0.4582897542304766,CM
,235560,Contig_554797.fasta,0.015131593201807776,4.371555795373172e-05,0.45694710846612946,CM
,235560,Contig_421549.fasta,0.004873153428767393,4.00945045314944e-06,0.40973190811673954,CM
,235560,Contig_61036.fasta,0.025065507533898877,0.0001266547333819373,0.47383679905753573,CM
,235560,Contig_303473.fasta,0.00977120707936041,1.8709127547348324e-05,0.44122002741095384,CM
,235560,Contig_501657.fasta,0.01619486291234619,5.211731990575291e-05,0.46054511719420915,CM
,235560,Contig_1062279.fasta,0.01312084156578144,3.13453816130586e-05,0.4518723699365684,CM
,235560,Contig_58467.fasta,0.0009304729371867916,0.0,0.29217223794524916,CM
,235560,Contig_709008.fasta,0.01669878810831051,5.422076459860787e-05,0.4616811436303074,CM
,235560,Contig_306639.fasta,0.004697470025958339,3.7957618607826032e-06,0.40302656250587127,CM
,235560,Contig_134328.fasta,0.02286273324334115,0.00010345922514372812,0.4712123253467438,CM
,235560,Contig_791908.fasta,0.002383732484605639,7.969669627766565e-07,0.3639936515513936,CM
,235560,Contig_24572783.fasta,0.011416499144221355,2.5408409354195995e-05,0.4460570439173656,CM
,235560,Contig_53481.fasta,0.0,0.0,0.0,CM
,235560,Contig_931044.fasta,0.021055285929550197,8.913723084282741e-05,0.46861676421564,CM
,235560,Contig_369322.fasta,0.02162715306771729,9.379382580741792e-05,0.46932180448276484,CM
,235560,Contig_553512.fasta,0.002207126096231105,5.587745157029163e-07,0.3480207058901573,CM
,235560,Contig_368367.fasta,0.0023602523767102105,3.221123514107467e-07,0.35732251933510234,CM
,235560,Contig_986515.fasta,0.01579241035351349,4.565782412008197e-05,0.4589640402837828,CM
,235560,Contig_61542.fasta,0.013381172026913864,3.2560244677384676e-05,0.45296596231298797,CM
,235560,Contig_137592.fasta,0.025202377848024128,0.00012585195191562785,0.47479841610280726,CM
,235560,Contig_498311.fasta,0.009430602132564485,1.622931321341377e-05,0.4385321828203529,CM
,235560,Contig_369512.fasta,0.010443933343129841,1.8567328717114933e-05,0.4418449849568617,CM
,235560,Contig_135235.fasta,0.0034356788832854875,1.5530444949492167e-06,0.38228254825924557,CM
,235560,Contig_62671.fasta,0.008001276193991281,1.1099163089988461e-05,0.4292787514397399,CM
,235560,Contig_370401.fasta,0.02084167695037735,8.61853207387492e-05,0.46932180448276484,CM
,235560,Contig_2412.fasta,0.0032818201080972702,1.5928780835457944e-06,0.37418139869597483,CM
,235560,Contig_370444.fasta,0.025665536366705727,0.0001287947042715945,0.47528068976060595,CM
,235560,Contig_57800.fasta,0.027726205987131106,0.00015350872821436653,0.47770682906515216,CM
,235560,Contig_56006.fasta,0.017479117830992316,5.800119613502652e-05,0.46145349020642656,CM
,235560,Contig_371401.fasta,0.006079232432638203,5.653496466165143e-06,0.4196536673267413,CM
,235560,Contig_56492.fasta,0.001235536079800817,0.0,0.31841703917612557,CM
,235560,Contig_3412.fasta,0.0021666855932926826,3.122676368592928e-07,0.3486690306030675,CM
,235560,Contig_498484.fasta,0.016217396446542326,5.2865063038016995e-05,0.4603185824587472,CM
,235560,Contig_303206.fasta,0.015266487371514694,4.364890146175521e-05,0.457617446522559,CM
,235560,Contig_368656.fasta,0.02321446041151688,0.0001067765164317553,0.47168733777148847,CM
,235560,Contig_552825.fasta,0.02759844640702687,0.0001532409536035254,0.4774631010911394,CM
,235560,Contig_55071.fasta,0.026481988571174557,0.00013519971245767455,0.4745576461149255,CM
,235560,Contig_993479.fasta,0.02427727102489082,0.00011425968114052426,0.471925203297344,CM
,235560,Contig_499778.fasta,0.011643149200058186,2.523693327081563e-05,0.44797878321619583,CM
,235560,Contig_5203.fasta,0.002294016883375302,3.596241679899439e-07,0.3535427571358644,CM
,235560,Contig_139312.fasta,0.019389836979805425,7.504883880512145e-05,0.46512310046651745,CM
,235560,Contig_132309.fasta,0.016282005952200425,4.840019164627642e-05,0.4578413298134213,CM
,235560,Contig_1064674.fasta,0.005012726537967466,3.94227677724703e-06,0.4124405809337299,CM
,235560,Contig_551478.fasta,0.009407369788351869,1.6636146132633786e-05,0.43914954394116995,CM
,235560,Contig_549697.fasta,0.0024115912767166364,7.028715538191731e-07,0.3609053907206452,CM
,235560,Contig_424567.fasta,0.009196424293910793,1.5915527594239536e-05,0.43607999913263423,CM
,235560,Contig_549556.fasta,0.007511039342446935,1.069350066592077e-05,0.4255696580894193,CM
,235560,Contig_1064927.fasta,0.022991915112461854,0.00010570392409625639,0.47097517772452596,CM
,235560,Contig_134109.fasta,0.004924238155988823,3.7114740117952773e-06,0.41225888904785596,CM
,235560,Contig_550094.fasta,0.02101863973917632,8.945695751332032e-05,0.46932180448276484,CM
,235560,Contig_136183.fasta,0.02436274801964877,0.00011591316216957035,0.4721633088489572,CM
,235560,Contig_499700.fasta,0.020975683109620873,8.496931624702825e-05,0.46861676421564,CM
,235560,Contig_131801.fasta,0.01349096392075171,3.604801631244915e-05,0.45450591458894274,CM
,235560,Contig_303182.fasta,0.0,0.0,0.0,CM
,235560,Contig_502444.fasta,0.0256352229864209,0.00013432872079957093,0.47624818225884635,CM
,235560,Contig_203422.fasta,0.005843811897004563,6.49816867690073e-06,0.4151853052966429,CM
,235560,Contig_61582.fasta,0.02101838801123854,8.762826200113591e-05,0.46932180448276484,CM
,235560,Contig_204934.fasta,0.013121694232069712,3.3018831987894006e-05,0.453185316289895,CM
,235560,Contig_302553.fasta,0.012632317437364711,2.883477981367086e-05,0.4488382149345962,CM
,235560,Contig_308121.fasta,0.024767877394168636,0.00012300838395026297,0.47528068976060595,CM
,235560,Contig_502068.fasta,0.00245233397214986,7.792706136218033e-07,0.3675678233066116,CM
,235560,Contig_134208.fasta,0.02161911391231995,9.199002957964812e-05,0.4681479130258295,CM
,235560,Contig_372022.fasta,0.021220339427490246,9.181740083903212e-05,0.47026516489378545,CM
,235560,Contig_542609.fasta,0.02107132406114352,8.81648420747523e-05,0.46932180448276484,CM
,235560,Contig_60217.fasta,0.014052051446482815,4.2209440977086554e-05,0.4558342319233478,CM
,235560,Contig_993700.fasta,0.02069647049966094,8.558056659411585e-05,0.46767999906978164,CM
,235560,Contig_58603.fasta,0.018958031539675572,7.357825031605793e-05,0.466746971640216,CM
,235560,Contig_62124.fasta,0.026400701947355547,0.00013797552937348462,0.47576394414775447,CM
,235560,Contig_428405.fasta,0.008066424027623224,1.1379214523672749e-05,0.42987031609491644,CM
,235560,Contig_498444.fasta,0.014277462840801945,4.149389439753102e-05,0.4578413298134213,CM
,235560,Contig_543124.fasta,0.0036694926700975355,1.7277959595815778e-06,0.39270989430912,CM
,235560,Contig_502700.fasta,0.008059606376456358,9.650507644798782e-06,0.4275137862670777,CM
,235560,Contig_547137.fasta,0.0,0.0,0.0,CM
,235560,Contig_303062.fasta,0.0232918066211363,0.0001022758520068405,0.47026516489378545,CM
,235560,Contig_986691.fasta,0.00716544330198801,1.010622645286019e-05,0.4292787514397399,CM
,235560,Contig_930711.fasta,0.023239073027352584,0.00010867356610475641,0.4724016547898198,CM
,235560,Contig_550174.fasta,0.015509188327886019,4.547690036855394e-05,0.457617446522559,CM
,235560,Contig_132605.fasta,0.00963597150147353,1.4742068343769709e-05,0.441428150065393,CM
,235560,Contig_985136.fasta,0.005874567566622257,4.475711756223205e-06,0.41225888904785596,CM
,235560,Contig_135781.fasta,0.02106783367172474,8.688878917887967e-05,0.46908655545796146,CM
,235560,Contig_135350.fasta,0.019729096531813744,7.71740843141585e-05,0.46721301954000655,CM
,235560,Contig_24572895.fasta,0.016817542446499356,5.354606810268379e-05,0.4616811436303074,CM
,235560,Contig_549067.fasta,0.0036240245691302846,2.055005779846897e-06,0.38927940022405705,CM
,235560,Contig_201548.fasta,0.001160388439696467,0.0,0.3104935892961623,CM
,235560,Contig_423546.fasta,0.002444027019804405,6.273677693774712e-07,0.36456084072404876,CM
,235560,Contig_56965.fasta,0.02306551012474903,0.0001009125098746688,0.470501597857533,CM
,235560,Contig_989310.fasta,0.02007078410320542,8.015953522137193e-05,0.4688515421536238,CM
,235560,Contig_1268491.fasta,0.0013009333410418694,0.0,0.32595878723045385,CM
,235560,Contig_306129.fasta,0.014196568797823722,3.683764638664717e-05,0.45362466220971065,CM
,235560,Contig_420630.fasta,0.0,0.0,0.0,CM
,235560,Contig_133996.fasta,0.02508154423720555,0.00012110040591548284,0.4735970031065957,CM
,235560,Contig_932723.fasta,0.012102760015518103,2.9523865415548555e-05,0.44797878321619583,CM
,235560,Contig_501147.fasta,0.008935612988643727,1.3366915800065204e-05,0.43185402775202264,CM
,235560,Contig_303326.fasta,0.014727960123908607,3.9118502547023656e-05,0.4534048828191052,CM
,235560,Contig_131637.fasta,0.016074464911648458,4.770814280138418e-05,0.4591892434438828,CM
,235560,Contig_309378.fasta,0.009359485980685976,1.6342628000530695e-05,0.4377117297187245,CM
,235560,Contig_987947.fasta,0.004908263654853229,3.187726630587535e-06,0.40670477102939295,CM
,235560,Contig_794883.fasta,0.02221587396013355,9.873883162995985e-05,0.4721633088489572,CM
,235560,Contig_500102.fasta,0.025289104689533527,0.00012779414843238203,0.47407683796283334,CM
,235560,Contig_371148.fasta,0.011503897623743523,2.747558273861958e-05,0.449484955878306,CM
,235560,Contig_429171.fasta,0.02433556624672593,0.00011610003258805644,0.47287906929693435,CM
,235560,Contig_543887.fasta,0.0024401760463613523,6.0746266869568e-07,0.3611839745807152,CM
,235560,Contig_53404.fasta,0.021777810412841124,9.088914712288528e-05,0.46908655545796146,CM
,235560,Contig_53441.fasta,0.0071674257392490585,9.581334706875758e-06,0.429475758668487,CM
,235560,Contig_542338.fasta,0.018028522080582216,6.52345165330263e-05,0.4660496405072874,CM
,235560,Contig_1065711.fasta,0.01079240452803781,2.1817477377424813e-05,0.44648267086766846,CM
,235560,Contig_984988.fasta,0.0194034659197665,6.71302861979456e-05,0.4619090217860973,CM
,235560,Contig_368263.fasta,0.01995264678016333,7.7962787970475e-05,0.466746971640216,CM
,235560,Contig_993761.fasta,0.014305099113782188,3.7936342443109646e-05,0.45494782602753187,CM
,235560,Contig_542943.fasta,0.011926799683357631,2.4414988221405684e-05,0.4475503004010679,CM
,235560,Contig_133011.fasta,0.011458232258953828,2.6306350655418244e-05,0.4475503004010679,CM
,235560,Contig_542594.fasta,0.007014424042384833,8.950828272684421e-06,0.4242192557292081,CM
,235560,Contig_548958.fasta,0.019460124648470016,7.514652113543174e-05,0.4662818525852681,CM
,235560,Contig_931946.fasta,0.014904213222938082,4.21360042519853e-05,0.45406486081447506,CM
,235560,Contig_1063039.fasta,0.01255576685841745,2.866848048342078e-05,0.44862304800509734,CM
,235560,Contig_502009.fasta,0.022328327201534215,9.729308301627101e-05,0.47097517772452596,CM
,235560,Contig_498308.fasta,0.017545285611630036,6.003998052444239e-05,0.4637401774720679,CM
,235560,Contig_53952.fasta,0.022718850088132337,0.00010385370035312739,0.4724016547898198,CM
,235560,Contig_929016.fasta,0.012026627025601547,2.444613569490792e-05,0.4481933324418741,CM
,235560,Contig_55444.fasta,0.015527282018527022,4.685276041475695e-05,0.4603185824587472,CM
,235560,Contig_58949.fasta,0.011166004054831574,2.2412786618944124e-05,0.4462697559077888,CM
,235560,Contig_1065204.fasta,0.019586355201653725,7.50564201570782e-05,0.4662818525852681,CM
,235560,Contig_55095.fasta,0.020838369989828524,8.389120073098595e-05,0.4669798793106951,CM
,235560,Contig_986384.fasta,0.02154905516664885,8.661091873590784e-05,0.46791383906931655,CM
,235560,Contig_420408.fasta,0.02067759484983403,7.905030614113517e-05,0.46558590952170803,CM
,235560,Contig_137576.fasta,0.02518272548623173,0.00012211506646667508,0.4731181385938489,CM
,235560,Contig_53578.fasta,0.014625501391505645,3.5456408759264616e-05,0.449484955878306,CM
,235560,Contig_56433.fasta,0.01239230186518065,3.2284836635604414e-05,0.45362466220971065,CM
,235560,Contig_24577731.fasta,0.018648187365198757,6.641056813878776e-05,0.4632810287815015,CM
,235560,Contig_56476.fasta,0.02176757492696129,9.745235554427661e-05,0.4712123253467438,CM
,235560,Contig_54700.fasta,0.017285716518180106,5.66294566384621e-05,0.4603185824587472,CM
,235560,Contig_1064903.fasta,0.018360153678892367,6.373962951613243e-05,0.46282278839695007,CM
,235560,Contig_542569.fasta,0.0036765327233429677,1.4117927417097721e-06,0.3912323069141443,CM
,235560,Contig_1062081.fasta,0.0036694926700975355,1.7277959595815778e-06,0.39270989430912,CM
,235560,Contig_24576774.fasta,0.0035386474789426245,2.2509002728516256e-06,0.3900907370315269,CM
,235560,Contig_138216.fasta,0.01889310554305582,6.894735424153619e-05,0.46558590952170803,CM
,235560,Contig_799287.fasta,0.009624781599019345,1.9941039915032215e-05,0.4435202266059872,CM
,235560,Contig_1066406.fasta,0.02402598165389097,0.0001127059706127353,0.4731181385938489,CM
,235560,Contig_371290.fasta,0.009162531021252605,1.5055448477030089e-05,0.43547123226553425,CM
,235560,Contig_498639.fasta,0.012636765344251266,3.13747727350634e-05,0.4510012906692208,CM
,235560,Contig_542359.fasta,0.008183453182468409,1.3344686668835163e-05,0.43365508718194307,CM
,235560,Contig_991920.fasta,0.018519226177257108,7.223929672530543e-05,0.4665142961807742,CM
,235560,Contig_306564.fasta,0.006311533804367782,7.738897156297923e-06,0.4265395069000151,CM
,235560,Contig_550251.fasta,0.0012032025372972445,0.0,0.3153058214752807,CM
,235560,Contig_131613.fasta,0.014265284511353568,3.5788736253547905e-05,0.4551691041530317,CM
,235560,Contig_423948.fasta,0.0,0.0,0.0,CM
,235560,Contig_56904.fasta,0.008685566013258856,1.3414481543552946e-05,0.4375070959039893,CM
,235560,Contig_135088.fasta,0.020358968763520953,7.822532420532775e-05,0.46535438992473055,CM
,235560,Contig_427790.fasta,0.02439359080617233,0.00011381323612361959,0.4726402414841581,CM
,235560,Contig_246.fasta,0.007342427250466208,1.0772711706226311e-05,0.4312569945339323,CM
,235560,Contig_139152.fasta,0.01856237773209537,6.619529936593547e-05,0.4639700932764666,CM
,235560,Contig_60097.fasta,0.004627436218292632,3.3323557441900687e-06,0.40302656250587127,CM
,235560,Contig_309018.fasta,0.02457519570157348,0.00012015508565863657,0.4743171201919073,CM
,235560,Contig_368416.fasta,0.009622398742606397,1.3455188171951722e-05,0.4379165550484947,CM
,235560,Contig_305513.fasta,0.026289057373429275,0.00013994282267841196,0.47600594005016944,CM
,235560,Contig_137002.fasta,0.00786706686470336,9.385769097931301e-06,0.4265395069000151,CM
,235560,Contig_421629.fasta,0.0,0.0,0.0,CM
,235560,Contig_625912.fasta,0.0,0.0,0.0,CM
,235560,Contig_131696.fasta,0.011972971476765779,2.475531759180551e-05,0.4484080872729435,CM
,235560,Contig_304203.fasta,0.026756430321991508,0.00014110958876676654,0.47600594005016944,CM
,235560,Contig_420590.fasta,0.01277348575482932,2.8786847017716374e-05,0.44797878321619583,CM
,235560,Contig_370681.fasta,0.022426552531406123,9.740475774098155e-05,0.47026516489378545,CM
,235560,Contig_548716.fasta,0.010035202851167793,1.860033046308106e-05,0.44310022639139823,CM
,235560,Contig_212088.fasta,0.017870503081934816,6.228124730218684e-05,0.46259400797757444,CM
,235560,Contig_985929.fasta,0.014202243420769247,4.1221920847105176e-05,0.457617446522559,CM
,235560,Contig_1124471.fasta,0.001235536079800817,0.0,0.31841703917612557,CM
,235560,Contig_24578704.fasta,0.024117572910474967,0.00011440621393359237,0.4721633088489572,CM
,235560,Contig_53458.fasta,0.014732273376700696,4.2685991266217305e-05,0.4551691041530317,CM
,235560,Contig_369801.fasta,0.01096480222578757,1.871196922781459e-05,0.4456322276850634,CM
,235560,Contig_498641.fasta,0.01782672606515204,6.312673218425708e-05,0.4639700932764666,CM
,235560,Contig_984991.fasta,0.020046012842255576,8.074041868829419e-05,0.46791383906931655,CM
,235560,Contig_501958.fasta,0.008312551539652307,1.2676651412583675e-05,0.43466218213591873,CM
,235560,Contig_133189.fasta,0.001235536079800817,0.0,0.31841703917612557,CM
,235560,Contig_62449.fasta,0.022347024463087468,9.655917545363377e-05,0.4714497119086313,CM
,235560,Contig_370912.fasta,0.02684077219282463,0.00014102494728287701,0.47576394414775447,CM
,235560,Contig_542449.fasta,0.001154914994336985,0.0,0.3116309284510933,CM
,235560,Contig_548885.fasta,0.002510046587300141,7.690749094067572e-07,0.36800144637775584,CM
,235560,Contig_367951.fasta,0.01626181585833059,4.6158057030827856e-05,0.4585142960012901,CM
,235560,Contig_1234.fasta,0.02048916028189303,8.893509241128604e-05,0.46979301111377164,CM
,235560,Contig_53375.fasta,0.007963701530063696,9.855705246461768e-06,0.4255696580894193,CM
,235560,Contig_1064866.fasta,0.002464271595770601,5.376624032651312e-07,0.36371071828162965,CM
,235560,Contig_55484.fasta,0.02080239750610394,8.73697238727858e-05,0.46932180448276484,CM
,235560,Contig_309986.fasta,0.020748225159276903,8.166154517689911e-05,0.4681479130258295,CM
,235560,Contig_2772.fasta,0.001084415693241672,0.0,0.3037415378573947,CM
,235560,Contig_133368.fasta,0.02210258375627548,9.451315754882529e-05,0.47026516489378545,CM
,235560,Contig_1062791.fasta,0.006002654327693637,6.493107958675035e-06,0.41890227311487604,CM
,235560,Contig_802396.fasta,0.00210066287132719,4.1516390540834976e-07,0.344054293433321,CM
,235560,Contig_1063340.fasta,0.014291022936606924,3.8840393904687345e-05,0.45494782602753187,CM
,235560,Contig_500006.fasta,0.02355839671268731,0.00011105628365677982,0.4731181385938489,CM
,235560,Contig_132445.fasta,0.01905631317008485,7.300732983135116e-05,0.46767999906978164,CM
,235560,Contig_992335.fasta,0.02302902983665564,0.00010605523562640024,0.4726402414841581,CM
,235560,Contig_500492.fasta,0.020625861369045602,8.671867952165381e-05,0.46979301111377164,CM
,235560,Contig_304732.fasta,0.014694785366409524,3.988614105789641e-05,0.45694710846612946,CM
,235560,Contig_545842.fasta,0.007407406549790565,9.431579097698736e-06,0.4292787514397399,CM
,235560,Contig_552844.fasta,0.0026112513559374494,5.456956814322849e-07,0.37433107125545323,CM
,235560,Contig_57067.fasta,0.003758005661892064,1.8997015228361748e-06,0.39636919870336007,CM
,235560,Contig_2436.fasta,0.0045483404367332204,2.7333374646501305e-06,0.39992635817890304,CM
,235560,Contig_133069.fasta,0.001180870334789658,0.0,0.31403613360356813,CM
,235560,Contig_420771.fasta,0.02001069559600655,8.124244335250553e-05,0.46838222129060714,CM
,235560,Contig_56861.fasta,0.013134997000483864,3.4257260859104046e-05,0.4523091726141291,CM
,235560,Contig_132069.fasta,0.017520601484809873,6.30442609184957e-05,0.46558590952170803,CM
,235560,Contig_551070.fasta,0.009395696834868393,1.5298903331178724e-05,0.4375070959039893,CM
,235560,Contig_985077.fasta,0.005786159393227843,6.206634210673922e-06,0.41153371949807965,CM
,235560,Contig_551035.fasta,0.0013068440500028967,0.0,0.32641356056457377,CM
,235560,Contig_545300.fasta,0.0,0.0,0.0,CM
,235560,Contig_542610.fasta,0.0024401760463613523,6.0746266869568e-07,0.3611839745807152,CM
,235560,Contig_1065239.fasta,0.017291811402855108,5.8235639143754734e-05,0.4623654536258069,CM
,235560,Contig_370582.fasta,0.011589522484022941,2.4734300627843366e-05,0.4471226364733077,CM
,235560,Contig_57185.fasta,0.007818348245162171,9.484920717662069e-06,0.42518295235739806,CM
,235560,Contig_131669.fasta,0.0202039410209165,7.86304822112617e-05,0.4674463926766399,CM
,235560,Contig_136379.fasta,0.018829842129361247,6.907266850371298e-05,0.46535438992473055,CM
,235560,Contig_986919.fasta,0.013670817959153,3.516719586447642e-05,0.4542852806498219,CM
,235560,Contig_61778.fasta,0.022931472325569933,9.960963797533824e-05,0.4700289694317595,CM
,235560,Contig_53377.fasta,0.0032538829732268425,1.1358431600440875e-06,0.37418139869597483,CM
,235560,Contig_61055.fasta,0.01788393603130754,5.789414598561582e-05,0.4591892434438828,CM
,235560,Contig_932015.fasta,0.015045194997867701,4.302870783418129e-05,0.45806543227539553,CM
,235560,Contig_304943.fasta,0.003797373983798201,2.1115974802523654e-06,0.3956988068239463,CM
,235560,Contig_303410.fasta,0.017193342255157444,5.90770998206745e-05,0.4623654536258069,CM
,235560,Contig_797051.fasta,0.01026445390626087,2.085279790258969e-05,0.44038949559465085,CM
,235560,Contig_368429.fasta,0.019747222463254777,7.463868735941633e-05,0.46535438992473055,CM
,235560,Contig_369429.fasta,0.010459733055981012,1.8776965203773363e-05,0.4418449849568617,CM
,235560,Contig_498995.fasta,0.021637411224412043,9.602427751496235e-05,0.47168733777148847,CM
,235560,Contig_132970.fasta,0.009549284859180135,1.6426965168548184e-05,0.44018235095890546,CM
,235560,Contig_369790.fasta,0.014080784316482976,4.0698443774961124e-05,0.4562787314181536,CM
,235560,Contig_498542.fasta,0.003536449417815439,1.732722151754067e-06,0.3862268584971659,CM
,235560,Contig_369341.fasta,0.02091781892549126,8.058888941766583e-05,0.4660496405072874,CM
,235560,Contig_60785.fasta,0.0070787012224380955,7.99928781670149e-06,0.4246042096817754,CM
,235560,Contig_24569917.fasta,0.009365578506494776,1.4486556700954622e-05,0.43526868750634096,CM
,235560,Contig_501535.fasta,0.008229602465826434,9.423767398924084e-06,0.42888527870698123,CM
,235560,Contig_56399.fasta,0.014819120658410123,4.531787200988945e-05,0.4582897542304766,CM
,235560,Contig_498337.fasta,0.02606749751106165,0.0001356558383087508,0.4755221941761347,CM
,235560,Contig_137165.fasta,0.021867057155679666,9.405619299998075e-05,0.46955728958285653,CM
,235560,Contig_992875.fasta,0.010529110541254619,2.100928896894598e-05,0.4437305254332068,CM
,235560,Contig_136120.fasta,0.029072178471053294,0.00016842015882482438,0.4789292109204878,CM
,235560,Contig_425638.fasta,0.0,0.0,0.0,CM
,235560,Contig_1267810.fasta,0.025276767890229635,0.00012838432909705844,0.47479841610280726,CM
,235560,Contig_370427.fasta,0.0025578499947339415,5.78279365215512e-07,0.36800144637775584,CM
,235560,Contig_131789.fasta,0.020997446620965247,8.989341730521606e-05,0.470501597857533,CM
,235560,Contig_2471.fasta,0.019608619532865166,7.324358665306356e-05,0.46558590952170803,CM
,235560,Contig_1062006.fasta,0.015485453323369534,5.0405258312712436e-05,0.46122606118217496,CM
,235560,Contig_1125243.fasta,0.02454931548928716,0.000119558954416088,0.473357449741342,CM
,235560,Contig_57065.fasta,0.008396872609776921,1.232412570591296e-05,0.4342587833589945,CM
,235560,Contig_61698.fasta,0.014900952900168126,4.805926740347484e-05,0.45873905791109465,CM
,235560,Contig_302649.fasta,0.01864484805917813,6.911091124316192e-05,0.46558590952170803,CM
,235560,Contig_423091.fasta,0.016276427920840702,5.474965818041674e-05,0.4623654536258069,CM
,235560,Contig_54356.fasta,0.0074428420177028425,9.166370097540325e-06,0.4296729468037801,CM
,235560,Contig_546759.fasta,0.006763149674473868,8.842600386599685e-06,0.4211645716195468,CM
,235560,Contig_307829.fasta,0.021125852869729855,9.239892003851614e-05,0.470501597857533,CM
,235560,Contig_56065.fasta,0.018781283989881575,6.771826172788197e-05,0.46581765960111154,CM
,235560,Contig_793801.fasta,0.017655068993970374,5.6365381161908066e-05,0.4616811436303074,CM
,235560,Contig_809830.fasta,0.008530634023442337,1.3571174735599433e-05,0.43526868750634096,CM
,235560,Contig_57449.fasta,0.01284843027443512,2.9230600475235232e-05,0.449484955878306,CM
,235560,Contig_55851.fasta,0.00818111318425511,1.1694534595790086e-05,0.43285276509650006,CM
,235560,Contig_54486.fasta,0.012954822845035725,3.424489973247348e-05,0.45296596231298797,CM
,235560,Contig_371875.fasta,0.019077934297556953,7.519553080275395e-05,0.46838222129060714,CM
,235560,Contig_308206.fasta,0.0,0.0,0.0,CM
,235560,Contig_56474.fasta,0.020746941969725926,8.208239584836262e-05,0.46861676421564,CM
,235560,Contig_54702.fasta,0.001236973509064108,0.0,0.31830873406075955,CM
,235560,Contig_131749.fasta,0.013151874796942723,3.295406261657176e-05,0.453185316289895,CM
,235560,Contig_370036.fasta,0.02517223939933638,0.00012035702418563178,0.47287906929693435,CM
,235560,Contig_986386.fasta,0.01265045201735583,3.0854211939626534e-05,0.44797878321619583,CM
,235560,Contig_62203.fasta,0.018808986326736016,7.121164423106272e-05,0.46767999906978164,CM
,235560,Contig_499726.fasta,0.023145096475658565,0.00010767584238629741,0.47287906929693435,CM
,235560,Contig_704029.fasta,0.007078921343498556,1.0040592932634927e-05,0.43006786679165127,CM
,235560,Contig_1275222.fasta,0.015472663517695304,5.058326980569772e-05,0.46077187500671246,CM
,235560,Contig_202090.fasta,0.00959972345012885,1.710627446715433e-05,0.4422626078159892,CM
,235560,Contig_134602.fasta,0.01388285831702024,3.686085611543667e-05,0.4520906657674556,CM
,235560,Contig_708522.fasta,0.015523263561605456,4.443182491298983e-05,0.457617446522559,CM
,235560,Contig_553715.fasta,0.007266692630304165,8.881330039049076e-06,0.43006786679165127,CM
,235560,Contig_56788.fasta,0.017982937519830756,6.547160276497625e-05,0.46512310046651745,CM
,235560,Contig_543246.fasta,0.0,0.0,0.0,CM
,235560,Contig_1064243.fasta,0.01549469905826119,4.502379971385888e-05,0.4594146677165602,CM
,235560,Contig_1064692.fasta,0.002138524608686884,6.189636270454444e-07,0.34698838640661217,CM
,235560,Contig_58108.fasta,0.00250432391315487,5.295748719036722e-07,0.36371071828162965,CM
,235560,Contig_133815.fasta,0.003562190050109913,2.0716256593001734e-06,0.3884714313568423,CM
,235560,Contig_62147.fasta,0.022270294014763835,9.948387763982469e-05,0.4714497119086313,CM
,235560,Contig_501081.fasta,0.009285453630471646,1.646519132051962e-05,0.4395620846118521,CM
,235560,Contig_61231.fasta,0.01826724877651584,6.89603579352341e-05,0.46489204080408997,CM
,235560,Contig_24568074.fasta,0.013132456287186525,3.098449082812865e-05,0.4497009505711836,CM
,235560,Contig_546764.fasta,0.015185556092461793,4.6330213126171874e-05,0.4585142960012901,CM
,235560,Contig_137630.fasta,0.022268371516300248,9.158994105096433e-05,0.46838222129060714,CM
,235560,Contig_498427.fasta,0.008219469780977649,1.2065846718990281e-05,0.43567396561388877,CM
,235560,Contig_24578527.fasta,0.019967688947974828,7.908117654424195e-05,0.46838222129060714,CM
,235560,Contig_132013.fasta,0.023304764251797987,0.00011025599344337628,0.4726402414841581,CM
,235560,Contig_62777.fasta,0.02403730613404298,0.00011253252685011403,0.4724016547898198,CM
,235560,Contig_550583.fasta,0.02370739222659467,0.00010979776430251737,0.4726402414841581,CM
,235560,Contig_53808.fasta,0.008495394827245008,1.2270758611512127e-05,0.4332535546938116,CM
,235560,Contig_802698.fasta,0.021712386668830273,9.139243480314429e-05,0.46955728958285653,CM
,235560,Contig_369414.fasta,0.022215218060987103,9.536768448631403e-05,0.47026516489378545,CM
,235560,Contig_621060.fasta,0.021415610619428958,8.526612313780894e-05,0.4681479130258295,CM
,235560,Contig_992910.fasta,0.00908123623989457,1.6353004731530496e-05,0.43832678132957054,CM
,235560,Contig_4802.fasta,0.020709659478709844,8.33019556276695e-05,0.46791383906931655,CM
,235560,Contig_53766.fasta,0.01329613434378058,3.328513859752961e-05,0.45252789078270456,CM
,235560,Contig_201.fasta,0.006810352466170674,7.234792338421551e-06,0.41852758414071245,CM
,235560,Contig_425070.fasta,0.017731354047239734,5.842678398089286e-05,0.4630517952195117,CM
,235560,Contig_425833.fasta,0.009712313696236242,1.8165186558587205e-05,0.4439410237849303,CM
,235560,Contig_797704.fasta,0.011895077922387375,2.7462185812391937e-05,0.4481933324418741,CM
,235560,Contig_627634.fasta,0.025641637733723178,0.00013165978108233746,0.4755221941761347,CM
,235560,Contig_991161.fasta,0.023468287854407747,0.0001064934678954649,0.4726402414841581,CM
,235560,Contig_545925.fasta,0.0013068440500028967,0.0,0.32641356056457377,CM
,235560,Contig_131611.fasta,0.0049234368104032035,4.106163154364559e-06,0.4079458056402062,CM
,235560,Contig_552125.fasta,0.016173763512883733,4.620241912796464e-05,0.4585142960012901,CM
,235560,Contig_138251.fasta,0.005792927163355378,6.376463467134668e-06,0.4151853052966429,CM
,235560,Contig_55132.fasta,0.012818707152788988,3.352223259758767e-05,0.45296596231298797,CM
,235560,Contig_139680.fasta,0.019713134583021763,8.315148218497054e-05,0.46908655545796146,CM
,235560,Contig_55177.fasta,0.004752337133912107,3.95145450821841e-06,0.40741300746131176,CM
,235560,Contig_1067090.fasta,0.0183518944542815,6.665683865133798e-05,0.4637401774720679,CM
,235560,Contig_501431.fasta,0.014350459192922457,3.8449799061955964e-05,0.45494782602753187,CM
,235560,Contig_499446.fasta,0.01959866436178232,7.651451125913432e-05,0.4665142961807742,CM
,235560,Contig_136280.fasta,0.016001198234257732,4.7835879918981596e-05,0.45806543227539553,CM
,235560,Contig_425598.fasta,0.0,0.0,0.0,CM
,235560,Contig_56039.fasta,0.009949001183527933,1.839745820933598e-05,0.43547123226553425,CM
,235560,Contig_59601.fasta,0.01310340384505791,2.9452537583369755e-05,0.4499171529512659,CM
,235560,Contig_502702.fasta,0.01774738045815275,6.303739944733228e-05,0.46466121059515053,CM
,235560,Contig_544473.fasta,0.0221959713210848,9.887916945105761e-05,0.47097517772452596,CM
,235560,Contig_551703.fasta,0.02437621736387768,0.00011718938608629608,0.47407683796283334,CM
,235560,Contig_988522.fasta,0.014124920535426728,3.4702056013022895e-05,0.45450591458894274,CM
,235560,Contig_371356.fasta,0.01591940505671809,4.547708540281152e-05,0.4589640402837828,CM
,235560,Contig_626449.fasta,0.01943486521837607,7.16653667534695e-05,0.464200237171941,CM
,235560,Contig_548610.fasta,0.017859442327841563,6.455620946303784e-05,0.4662818525852681,CM
,235560,Contig_425664.fasta,0.008142173875782276,1.1527183002110901e-05,0.43305306716271774,CM
,235560,Contig_24566569.fasta,0.0,0.0,0.0,CM
,235560,Contig_548279.fasta,0.001180870334789658,0.0,0.31403613360356813,CM
,235560,Contig_58194.fasta,0.020833131695208913,9.01102567388125e-05,0.4700289694317595,CM
,235560,Contig_368907.fasta,0.01740777648869862,5.71746931148929e-05,0.46122606118217496,CM
,235560,Contig_131846.fasta,0.001160388439696467,0.0,0.3104935892961623,CM
,235560,Contig_991730.fasta,0.025459771734980142,0.0001238666824665497,0.47407683796283334,CM
,235560,Contig_368942.fasta,0.001112268847245437,0.0,0.30773682280126047,CM
,235560,Contig_501775.fasta,0.015208819574998866,4.3193352650933925e-05,0.45694710846612946,CM
,235560,Contig_368101.fasta,0.023798027712416344,0.00011259854845118205,0.4735970031065957,CM
,235560,Contig_24.fasta,0.002500553876025772,7.359449844171687e-07,0.3701849992636998,CM
,235560,Contig_1066255.fasta,0.02681253349626595,0.00013941963355996437,0.4755221941761347,CM
,235560,Contig_929331.fasta,0.018879902808056567,6.784524048977402e-05,0.46558590952170803,CM
,235560,Contig_987858.fasta,0.022068749696531827,9.195079575825956e-05,0.46932180448276484,CM
,235560,Contig_55763.fasta,0.014976712097106482,4.393584715740378e-05,0.45694710846612946,CM
,235560,Contig_420346.fasta,0.009395516212580822,1.6719006824758464e-05,0.4399754010994984,CM
,235560,Contig_370486.fasta,0.01690780935784194,5.6129774088476245e-05,0.46351048941982814,CM
,235560,Contig_420797.fasta,0.006029180249277238,6.47631910126204e-06,0.42003037618430566,CM
,235560,Contig_2842.fasta,0.0035397651366304876,1.4339789360899454e-06,0.388310239891549,CM
,235560,Contig_54955.fasta,0.02244342323380239,9.687013139548656e-05,0.47097517772452596,CM
,235560,Contig_53894.fasta,0.018446125478816685,6.160546553509043e-05,0.4616811436303074,CM
,235560,Contig_54153.fasta,0.020082570928932935,7.84878124898446e-05,0.4669798793106951,CM
,235560,Contig_1061936.fasta,0.011977023522648763,2.5657999217526204e-05,0.4488382149345962,CM
,235560,Contig_55116.fasta,0.024118346397985678,0.0001125831310467128,0.471925203297344,CM
,235560,Contig_922.fasta,0.0,0.0,0.0,CM
,235560,Contig_552669.fasta,0.0058504424119739185,5.265866109746028e-06,0.41536958639087135,CM
,235560,Contig_1270681.fasta,0.01694416943617631,5.399740919576107e-05,0.4616811436303074,CM
,235560,Contig_986945.fasta,0.02025769744331772,8.179800535390626e-05,0.4681479130258295,CM
,235560,Contig_137360.fasta,0.02310561149773338,0.00010549795151830758,0.47168733777148847,CM
,235560,Contig_985270.fasta,0.011717481395948156,2.441318651120929e-05,0.4456322276850634,CM
,235560,Contig_59388.fasta,0.013061709988493793,3.105831788298334e-05,0.4520906657674556,CM
,235560,Contig_138131.fasta,0.021975632677967365,9.347794422329082e-05,0.46908655545796146,CM
,235560,Contig_4065.fasta,0.02355138228018867,0.00010925330375707005,0.471925203297344,CM
,235560,Contig_53742.fasta,0.001154914994336985,0.0,0.3116309284510933,CM
,235560,Contig_371523.fasta,0.014459183831709396,3.80926734671539e-05,0.4523091726141291,CM
,235560,Contig_24574115.fasta,0.021031830811726965,8.507704268883224e-05,0.46932180448276484,CM
,235560,Contig_422544.fasta,0.008336029559046469,1.3028990800623947e-05,0.433454227947491,CM
,235560,Contig_499233.fasta,0.02134216520861461,9.112007518539993e-05,0.4712123253467438,CM
,235560,Contig_542382.fasta,0.0,0.0,0.0,CM
,235560,Contig_542716.fasta,0.013610296259366599,3.468168786664235e-05,0.45296596231298797,CM
,235560,Contig_131534.fasta,0.004767074486863738,3.555336452124465e-06,0.40688159919071004,CM
,235560,Contig_1066498.fasta,0.023773040020028054,0.00010809131030422783,0.470501597857533,CM
,235560,Contig_137822.fasta,0.00409562666540204,2.3648215536384455e-06,0.3860675239845846,CM
,235560,Contig_59872.fasta,0.0230045136876434,0.00010621475260258622,0.4724016547898198,CM
,235560,Contig_498523.fasta,0.0071299859066163715,7.857570290053853e-06,0.4265395069000151,CM
,235560,Contig_57119.fasta,0.023435233909823192,0.0001042738370352867,0.4714497119086313,CM
,235560,Contig_1067031.fasta,0.008023580652308016,1.0654186230592006e-05,0.4273185744925265,CM
,235560,Contig_372145.fasta,0.007316390206239776,1.0380256861692962e-05,0.4316548330897754,CM
,235560,Contig_1062612.fasta,0.009780224538408834,1.8684358887154877e-05,0.44478501812672677,CM
,235560,Contig_422254.fasta,0.028045922709611846,0.00015554849992394467,0.47770682906515216,CM
,235560,Contig_1123102.fasta,0.016648217849738706,5.6686536445236206e-05,0.4619090217860973,CM
,235560,Contig_59049.fasta,0.019434826524900573,7.477780470417762e-05,0.466746971640216,CM
,235560,Contig_209172.fasta,0.02559546352802163,0.00013089131538825623,0.4755221941761347,CM
,235560,Contig_56634.fasta,0.003836147875527004,1.8045329225790296e-06,0.39737905653445144,CM
,235560,Contig_3298.fasta,0.0,0.0,0.0,CM
,235560,Contig_369021.fasta,0.018567010076023748,6.467053290338302e-05,0.4637401774720679,CM
,235560,Contig_304922.fasta,0.018045555029157022,6.198209308632347e-05,0.46351048941982814,CM
,235560,Contig_930796.fasta,0.01764975100826615,6.481862103964675e-05,0.46512310046651745,CM
,235560,Contig_368021.fasta,0.016288642873978635,5.5006016559387144e-05,0.46077187500671246,CM
,235560,Contig_545617.fasta,0.0,0.0,0.0,CM
,235560,Contig_131608.fasta,0.003320924011324594,1.7000680298762596e-06,0.3784179854988407,CM
,235560,Contig_370934.fasta,0.02398670657195418,0.00010746717862077649,0.47073826868140495,CM
,235560,Contig_369398.fasta,0.022950613934199976,0.00010897711340887953,0.4726402414841581,CM
,235560,Contig_1064046.fasta,0.016306824444082234,5.1078104841249134e-05,0.46054511719420915,CM
,235560,Contig_991399.fasta,0.024170659709512727,0.00011187204750188519,0.4724016547898198,CM
,235560,Contig_55830.fasta,0.023378478471852808,0.0001072477140841187,0.4721633088489572,CM
,235560,Contig_57305.fasta,0.0035303916397805613,2.049281149053559e-06,0.38798825793475666,CM
,235560,Contig_1063323.fasta,0.025324966977679667,0.00012797558537406572,0.47479841610280726,CM
,235560,Contig_554259.fasta,0.0,0.0,0.0,CM
,235560,Contig_1066500.fasta,0.014438637416036732,3.5481860146843265e-05,0.45384465477140307,CM
,235560,Contig_59255.fasta,0.0021729669389100883,3.659846786046831e-07,0.3476328670648711,CM
,235560,Contig_371829.fasta,0.022959534331097715,0.00010013643825912274,0.47026516489378545,CM
,235560,Contig_500065.fasta,0.008121603689749868,1.2427849034151205e-05,0.43547123226553425,CM
,235560,Contig_368285.fasta,0.0071504616165583915,7.659163164899178e-06,0.42287739635726757,CM
,235560,Contig_542537.fasta,0.003562991907824627,2.171824210521061e-06,0.39155969796595524,CM
,235560,Contig_986865.fasta,0.017121472564629845,5.7480238770116714e-05,0.46145349020642656,CM
,235560,Contig_60641.fasta,0.018562241719160464,6.56278902169649e-05,0.46282278839695007,CM
,235560,Contig_425558.fasta,0.007137627320606646,8.999280517721554e-06,0.4253762173357423,CM
,235560,Contig_1262982.fasta,0.008106731304414751,1.237388021712392e-05,0.4320534063428592,CM
,235560,Contig_305.fasta,0.00240592093906803,5.830578620119657e-07,0.3624429427337851,CM
,235560,Contig_420386.fasta,0.023202823439991176,0.00011138421604751864,0.4731181385938489,CM
,235560,Contig_553448.fasta,0.0009959588410902408,0.0,0.2968996440795156,CM
,235560,Contig_138817.fasta,0.007326255927120729,9.930351432941452e-06,0.43305306716271774,CM
,235560,Contig_371446.fasta,0.00796847182224025,1.0919620271838325e-05,0.4286888127066574,CM
,235560,Contig_994196.fasta,0.019539712449785487,7.39490005726206e-05,0.46581765960111154,CM
,235560,Contig_501364.fasta,0.025543024624140844,0.000129021812819344,0.47528068976060595,CM
,235560,Contig_546659.fasta,0.016259432433270823,4.834194770541947e-05,0.4585142960012901,CM
,235560,Contig_990528.fasta,0.02526701629364296,0.00012532623314917058,0.47407683796283334,CM
,235560,Contig_371562.fasta,0.025551702456599313,0.00012923662576904216,0.4755221941761347,CM
,235560,Contig_423997.fasta,0.027648789233961413,0.00014893569758475648,0.47624818225884635,CM
,235560,Contig_57926.fasta,0.004484408303234504,3.4708068617914575e-06,0.39788591757594943,CM
,235560,Contig_309752.fasta,0.0045352449223483495,2.3873630618651895e-06,0.40026846798059584,CM
,235560,Contig_57120.fasta,0.014667782154603856,3.921773118477043e-05,0.4565013064090893,CM
,235560,Contig_200999.fasta,0.010289803080428473,2.0557180362990693e-05,0.44122002741095384,CM
,235560,Contig_499237.fasta,0.00712144541226429,7.833090530902508e-06,0.4215439991615464,CM
,235560,Contig_542386.fasta,0.00250432391315487,5.295748719036722e-07,0.36371071828162965,CM
,235560,Contig_131530.fasta,0.01173323429955446,2.5783755678609152e-05,0.44648267086766846,CM
,235560,Contig_501205.fasta,0.027686914522705053,0.00015638925778046125,0.478439508250835,CM
,235560,Contig_2219.fasta,0.0,0.0,0.0,CM
,235560,Contig_139618.fasta,0.027674498192581557,0.0001501330559158467,0.4769763904885999,CM
,235560,Contig_549709.fasta,0.005775634051007122,5.394610909399101e-06,0.4118959850962293,CM
,235560,Contig_502136.fasta,0.02590529655656527,0.00013331057207298085,0.47600594005016944,CM
,235560,Contig_132297.fasta,0.01552716652878965,4.1554985306669095e-05,0.4571703361693371,CM
,235560,Contig_305531.fasta,0.0289238767682424,0.00016560443771127228,0.4781950322629704,CM
,235560,Contig_61421.fasta,0.026873323830774884,0.0001450253024757627,0.4769763904885999,CM
,235560,Contig_500205.fasta,0.006037380676154897,6.461872199952337e-06,0.41852758414071245,CM
,235560,Contig_59070.fasta,0.026961507016370175,0.00014520014271034629,0.4769763904885999,CM
,235560,Contig_929505.fasta,0.017078424764869326,5.368285866184076e-05,0.4596403134276194,CM
,235560,Contig_24570476.fasta,0.018208573301528704,6.189675230731323e-05,0.4619090217860973,CM
,235560,Contig_53402.fasta,0.017191201512841203,5.7067316418630705e-05,0.4616811436303074,CM
,235560,Contig_53447.fasta,0.02000472617035306,8.295106625835691e-05,0.46955728958285653,CM
,235560,Contig_137449.fasta,0.008264551048121675,1.0718993025213827e-05,0.43365508718194307,CM
,235560,Contig_133990.fasta,0.0,0.0,0.0,CM
,235560,Contig_134851.fasta,0.022669885048861634,0.0001006528921839641,0.4700289694317595,CM
,235560,Contig_425439.fasta,0.019057601677232614,7.179981410013303e-05,0.466746971640216,CM
,235560,Contig_131631.fasta,0.004900060397836398,4.340496512923822e-06,0.40476975698037765,CM
,235560,Contig_1261393.fasta,0.012662903182594207,3.2151230252022483e-05,0.4505670092145561,CM
,235560,Contig_369735.fasta,0.012062317425665478,2.827580031133423e-05,0.44862304800509734,CM
,235560,Contig_56198.fasta,0.023901797223843873,0.00010709950207575793,0.47073826868140495,CM
,235560,Contig_307546.fasta,0.00495961357706159,4.3902063349881785e-06,0.4131689528205886,CM
,235560,Contig_303510.fasta,0.0012714636373602024,0.0,0.3243770114865279,CM
,235560,Contig_372408.fasta,0.003766921926697483,1.844870609794355e-06,0.39503067882593207,CM
,235560,Contig_131842.fasta,0.006107816241180839,6.1403323326091025e-06,0.4198419372537609,CM
,235560,Contig_368140.fasta,0.016343232208674154,5.2301064263195716e-05,0.46145349020642656,CM
,235560,Contig_986732.fasta,0.016206427322250635,4.8381904941123816e-05,0.4573937820814434,CM
,235560,Contig_302982.fasta,0.007276173393337665,1.0850616924713334e-05,0.4324527163302371,CM
,235560,Contig_988949.fasta,0.014897378169727606,4.40798353861895e-05,0.4571703361693371,CM
,235560,Contig_61678.fasta,0.02669622349011076,0.00013575213513514228,0.4750394305272249,CM
,235560,Contig_498868.fasta,0.015224207608979898,4.34793571779015e-05,0.4551691041530317,CM
,235560,Contig_1065964.fasta,0.0,0.0,0.0,CM
,235560,Contig_57454.fasta,0.024039845984567616,0.00011301620486479592,0.4731181385938489,CM
,235560,Contig_370810.fasta,0.015686455958543108,5.050716245574125e-05,0.45986618090350523,CM
,235560,Contig_372325.fasta,0.027421019663148968,0.00014940191194481338,0.4772196216923167,CM
,235560,Contig_542961.fasta,0.003259051522706863,1.3836567529422594e-06,0.3744808636008936,CM
,235560,Contig_58291.fasta,0.011352772594701776,2.322922001791047e-05,0.4439410237849303,CM
,235560,Contig_555161.fasta,0.017643346339628007,6.256688526479953e-05,0.464200237171941,CM
,235560,Contig_711078.fasta,0.023250504101991375,0.00010951053009308569,0.4726402414841581,CM
,235560,Contig_502392.fasta,0.01394820923271062,3.6805578897943726e-05,0.45384465477140307,CM
,235560,Contig_553434.fasta,0.01408964988196916,3.5974119821864383e-05,0.4527468205798902,CM
,235560,Contig_135566.fasta,0.019959946815068096,8.100148921145714e-05,0.4674463926766399,CM
,235560,Contig_201082.fasta,0.015941716489603068,4.9216077155712826e-05,0.4578413298134213,CM
,235560,Contig_544432.fasta,0.014221454268510134,3.7061752432466346e-05,0.45561230678609205,CM
,235560,Contig_132870.fasta,0.010411379070701849,1.803266503154178e-05,0.4399754010994984,CM
,235560,Contig_553471.fasta,0.020923222684601787,8.862382454876775e-05,0.46932180448276484,CM
,235560,Contig_1037.fasta,0.0,0.0,0.0,CM
,235560,Contig_702135.fasta,0.015214823412926686,4.194767120744278e-05,0.4558342319233478,CM
,235560,Contig_61579.fasta,0.012973441556346728,3.166253383061932e-05,0.4512187454863226,CM
,235560,Contig_56384.fasta,0.02346751084037124,0.00010336262703591869,0.47026516489378545,CM
,235560,Contig_371783.fasta,0.009682899636687626,1.6481441616783205e-05,0.4387377769051257,CM
,235560,Contig_303179.fasta,0.004655160831043455,3.7927439587815278e-06,0.4028530685056535,CM
,235560,Contig_370352.fasta,0.016177857520760733,4.90873776725079e-05,0.4573937820814434,CM
,235560,Contig_422425.fasta,0.012738187727137872,2.995368423659052e-05,0.449484955878306,CM
,235560,Contig_1063026.fasta,0.014937930027931258,4.309182479470879e-05,0.45605637336190696,CM
,235560,Contig_371407.fasta,0.028738965274542987,0.0001620696945699653,0.47770682906515216,CM
,235560,Contig_4902.fasta,0.02208601886227418,9.634432776023613e-05,0.47073826868140495,CM
,235560,Contig_4141.fasta,0.019741122891191294,7.173428193040865e-05,0.46489204080408997,CM
,235560,Contig_53623.fasta,0.018082070395244534,6.321423082984442e-05,0.4637401774720679,CM
,235560,Contig_992810.fasta,0.011403067893288241,2.499676093046273e-05,0.44733636622305595,CM
,235560,Contig_544367.fasta,0.0010162471780855184,0.0,0.2994648570043626,CM
,235560,Contig_58581.fasta,0.018887838827845,6.652460726248883e-05,0.46489204080408997,CM
,235560,Contig_58115.fasta,0.021934851633285155,9.247166025571443e-05,0.46932180448276484,CM
,235560,Contig_550017.fasta,0.004778598410034989,3.5758238369763175e-06,0.4059989926848733,CM
,235560,Contig_368514.fasta,0.007001168926907259,8.58592880621053e-06,0.4253762173357423,CM
,235560,Contig_370392.fasta,0.022228785298856763,9.611365780903736e-05,0.47073826868140495,CM
,235560,Contig_208096.fasta,0.004727500355145029,3.377325795504275e-06,0.40547126435815994,CM
,235560,Contig_4205.fasta,0.0021711621724225037,4.768904356043815e-07,0.34698838640661217,CM
,235560,Contig_1064672.fasta,0.018921521011429913,7.264736834278646e-05,0.4681479130258295,CM
,235560,Contig_59251.fasta,0.009581552782377887,1.682866435946549e-05,0.4410121009135877,CM
,235560,Contig_3038.fasta,0.012815355627187316,3.081008956478054e-05,0.4510012906692208,CM
,235560,Contig_135971.fasta,0.022368101004242538,0.00010075548812933426,0.47097517772452596,CM
,235560,Contig_502317.fasta,0.010921854842491552,2.0382668265501308e-05,0.4460570439173656,CM
,235560,Contig_61645.fasta,0.012115832350301066,2.626921931598478e-05,0.4499171529512659,CM
,235560,Contig_62576.fasta,0.0212113346110992,8.37326497994961e-05,0.4681479130258295,CM
,235560,Contig_542533.fasta,0.0037200462382902034,2.4348964602479495e-06,0.39205181321266575,CM
,235560,Contig_131711.fasta,0.009264831390645753,1.658352716079426e-05,0.4397686457418388,CM
,235560,Contig_422009.fasta,0.008161831149108737,1.1634700257739479e-05,0.4304635134032351,CM
,235560,Contig_62533.fasta,0.019833276240799846,7.769839230202534e-05,0.4669798793106951,CM
,235560,Contig_993317.fasta,0.02771789903478565,0.00015113357008569942,0.4772196216923167,CM
,235560,Contig_985521.fasta,0.0022109045376018837,2.828336707974348e-07,0.3477620505903505,CM
,235560,Contig_543303.fasta,0.012979895124691951,3.255542067259008e-05,0.45450591458894274,CM
,235560,Contig_929538.fasta,0.010729933120150555,2.0213202418405362e-05,0.43648679017660125,CM
,235560,Contig_542346.fasta,0.0,0.0,0.0,CM
,235560,Contig_58424.fasta,0.005781869623608402,5.802349468758099e-06,0.41389990187467185,CM
,235560,Contig_797832.fasta,0.020083628346622827,7.595019589976808e-05,0.4665142961807742,CM
,235560,Contig_368823.fasta,0.02405013653664252,0.00011250202046521302,0.4724016547898198,CM
,235560,Contig_548470.fasta,0.004277106504652175,3.3296988847141477e-06,0.3946974602018697,CM
,235560,Contig_57574.fasta,0.028141705533866503,0.00015714526396325742,0.4779508059952161,CM
,235560,Contig_988707.fasta,0.024816706891309572,0.0001208898711095593,0.47383679905753573,CM
,235560,Contig_421262.fasta,0.020798365136381947,8.392834744363296e-05,0.46721301954000655,CM
,235560,Contig_985249.fasta,0.012496084337838342,2.8086403133460196e-05,0.4475503004010679,CM
,235560,Contig_371975.fasta,0.015191624309292827,4.6281869190643254e-05,0.4578413298134213,CM
,235560,Contig_56531.fasta,0.022189094232117408,8.94500442359399e-05,0.4681479130258295,CM
,235560,Contig_1063517.fasta,0.016593704093941113,5.419860422714732e-05,0.46282278839695007,CM
,235560,Contig_990987.fasta,0.021369737280984978,9.294230642205317e-05,0.47168733777148847,CM
,235560,Contig_993626.fasta,0.01549370202582224,4.761777497599977e-05,0.4603185824587472,CM
,235560,Contig_542496.fasta,0.004890171709639645,3.9644401437362564e-06,0.4108110966368012,CM
,235560,Contig_372104.fasta,0.025576184001539482,0.00013031284008230068,0.47528068976060595,CM
,235560,Contig_131548.fasta,0.01288142510732716,3.17332350837082e-05,0.4520906657674556,CM
,235560,Contig_308042.fasta,0.011753202875963209,2.862609677807522e-05,0.44905358835826925,CM
,235560,Contig_421163.fasta,0.004809320233004131,3.7674415372939136e-06,0.4081237148445849,CM
,235560,Contig_54197.fasta,0.014907469338505083,4.2356354549245424e-05,0.4562787314181536,CM
,235560,Contig_990000.fasta,0.021963870732739726,9.052150827744693e-05,0.46791383906931655,CM
,235560,Contig_369631.fasta,0.019985531956824086,7.909755884906095e-05,0.4674463926766399,CM
,235560,Contig_543552.fasta,0.01736125981223903,6.539466176577394e-05,0.4644306094980809,CM
,235560,Contig_542517.fasta,0.019066428110781804,7.058770382890575e-05,0.46489204080408997,CM
,235560,Contig_131735.fasta,0.011571665527932366,2.2608774308325314e-05,0.4428905244385391,CM
,235560,Contig_5549.fasta,0.01029968981166977,1.94917509380762e-05,0.44080437029610603,CM
,235560,Contig_501494.fasta,0.014036967948479959,3.7008636344049505e-05,0.45384465477140307,CM
,235560,Contig_1062303.fasta,0.021309781833017544,9.698381997188349e-05,0.47168733777148847,CM
,235560,Contig_368159.fasta,0.008294106653438466,1.1886232689365873e-05,0.4332535546938116,CM
,235560,Contig_1199449.fasta,0.012979668323888551,3.2166806181632854e-05,0.4518723699365684,CM
,235560,Contig_704055.fasta,0.014994426607484084,4.2461169258603205e-05,0.4558342319233478,CM
,235560,Contig_55016.fasta,0.008141288780174763,1.302615358854014e-05,0.43285276509650006,CM
,235560,Contig_54053.fasta,0.006739956919949348,8.092253575988916e-06,0.42230490890732536,CM
,235560,Contig_546419.fasta,0.010423831861713232,2.154381574991504e-05,0.4437305254332068,CM
,235560,Contig_59189.fasta,0.02415241694045105,0.00011260316475502357,0.4726402414841581,CM
,235560,Contig_59558.fasta,0.007046689449978641,8.374826114310907e-06,0.4224955657510759,CM
,235560,Contig_546876.fasta,0.003664524318035581,2.214697782081022e-06,0.38895580970018,CM
,235560,Contig_548299.fasta,0.019962411619994118,7.831978835495908e-05,0.46791383906931655,CM
,235560,Contig_60525.fasta,0.010794404689876545,2.123414434144963e-05,0.4437305254332068,CM
,235560,Contig_550033.fasta,0.001160388439696467,0.0,0.3104935892961623,CM
,235560,Contig_208849.fasta,0.019857651526808854,7.6292746002156e-05,0.4669798793106951,CM
,235560,Contig_57061.fasta,0.021095497404245343,8.293858005891141e-05,0.4674463926766399,CM
,235560,Contig_1062496.fasta,0.016971087582565367,5.77640956604817e-05,0.46054511719420915,CM
,235560,Contig_303608.fasta,0.013609216612535927,3.3644254922514615e-05,0.4516542848159426,CM
,235560,Contig_420777.fasta,0.020262715482731647,8.200068551592305e-05,0.4688515421536238,CM
,235560,Contig_1063002.fasta,0.019723591285243827,7.225799811827325e-05,0.46512310046651745,CM
,235560,Contig_54352.fasta,0.0022877108154457206,6.131938212475344e-07,0.3602108075976263,CM
,235560,Contig_1063047.fasta,0.005007022362230692,4.249205849534042e-06,0.41153371949807965,CM
,235560,Contig_53607.fasta,0.022493264445005875,9.640253539232638e-05,0.47026516489378545,CM
,235560,Contig_372120.fasta,0.021883189695513023,9.360571106189373e-05,0.46932180448276484,CM
,235560,Contig_549384.fasta,0.021738378616976604,8.889700206844146e-05,0.4674463926766399,CM
,235560,Contig_1061993.fasta,0.0199079833724381,8.504655411980982e-05,0.4700289694317595,CM
,235560,Contig_553689.fasta,0.007082087328858294,1.1009785545023121e-05,0.4290819248686993,CM
,235560,Contig_990531.fasta,0.024432762822777416,0.00011623832278120343,0.4724016547898198,CM
,235560,Contig_554020.fasta,0.013779964863207188,3.500340099911386e-05,0.4527468205798902,CM
,235560,Contig_502647.fasta,0.013085668045144997,3.3797436168882284e-05,0.45450591458894274,CM
,235560,Contig_135462.fasta,0.009368913022341278,1.8177959410017983e-05,0.44018235095890546,CM
,235560,Contig_1063919.fasta,0.013940115198543448,3.6884972796516594e-05,0.4542852806498219,CM
,235560,Contig_372299.fasta,0.011843647899172218,2.3653057314664406e-05,0.44478501812672677,CM
,235560,Contig_622402.fasta,0.02250074911925956,0.00010497754143205051,0.473357449741342,CM
,235560,Contig_1065023.fasta,0.021270852600760833,9.174370048687118e-05,0.47073826868140495,CM
,235560,Contig_552588.fasta,0.00807977360527391,1.0323587202705298e-05,0.43006786679165127,CM
,235560,Contig_367957.fasta,0.014048722978414968,4.001368699873764e-05,0.4567240986523344,CM
,235560,Contig_308367.fasta,0.02309483840687214,0.00010321343734812056,0.471925203297344,CM
,235560,Contig_59368.fasta,0.02553089980942483,0.00012389405188385853,0.4731181385938489,CM
,235560,Contig_705620.fasta,0.019777324892465375,7.724187913311306e-05,0.46767999906978164,CM
,235560,Contig_305590.fasta,0.02174816365056748,9.141351229830113e-05,0.46861676421564,CM
,235560,Contig_554364.fasta,0.012713369146617408,3.2207791399383884e-05,0.45143641010064306,CM
,235560,Contig_502546.fasta,0.013631281565951598,3.2980299560225346e-05,0.4510012906692208,CM
,235560,Contig_985191.fasta,0.015930569701258904,4.887049154293639e-05,0.4585142960012901,CM
,235560,Contig_425799.fasta,0.025280982320110265,0.0001264610835120656,0.47407683796283334,CM
,235560,Contig_368001.fasta,0.017451555492181112,5.5917873883321385e-05,0.46122606118217496,CM
,235560,Contig_501675.fasta,0.020991294377062486,9.200168634255e-05,0.47097517772452596,CM
,235560,Contig_62362.fasta,0.014079205036051895,3.446477547822754e-05,0.45252789078270456,CM
,235560,Contig_60857.fasta,0.01446566185707368,4.415030358101989e-05,0.46009227047130435,CM
,235560,Contig_202275.fasta,0.012950420183946659,3.156512747482349e-05,0.45252789078270456,CM
,235560,Contig_131650.fasta,0.022445203986852857,0.00010285509725422197,0.4724016547898198,CM
,235560,Contig_542472.fasta,0.005551081382590773,4.833746891932427e-06,0.4109915143340505,CM
,235560,Contig_547680.fasta,0.009614496062708517,1.777930519214858e-05,0.44059683528184235,CM
,235560,Contig_499586.fasta,0.005886285628235332,5.993742706326556e-06,0.41555403114504136,CM
,235560,Contig_136305.fasta,0.022511165285549882,9.997894816659714e-05,0.4724016547898198,CM
,235560,Contig_369711.fasta,0.014145726992987832,3.8976135657767294e-05,0.4562787314181536,CM
,235560,Contig_61741.fasta,0.02200765469973978,9.100878872222781e-05,0.46767999906978164,CM
,235560,Contig_498586.fasta,0.02369361610187662,0.00011479390056207384,0.4743171201919073,CM
,235560,Contig_138210.fasta,0.002197117512875176,5.724410837551056e-07,0.35049725772982515,CM
,235560,Contig_1522.fasta,0.004504298647286027,3.2036236960887984e-06,0.39822454388878004,CM
,235560,Contig_54173.fasta,0.002438738617098061,6.640562912722225e-07,0.36174243453368116,CM
,235560,Contig_58478.fasta,0.011910001562465456,2.3636290519690833e-05,0.4471226364733077,CM
,235560,Contig_2611.fasta,0.020901112785794016,8.668600087238004e-05,0.4688515421536238,CM
,235560,Contig_547115.fasta,0.024393164715886213,0.00011367719911044827,0.47168733777148847,CM
,235560,Contig_368410.fasta,0.020046278829548687,8.129409279406361e-05,0.4681479130258295,CM
,235560,Contig_547150.fasta,0.010400256428572783,2.0175006718538566e-05,0.4422626078159892,CM
,235560,Contig_550156.fasta,0.01876949280473298,6.396866698649949e-05,0.4632810287815015,CM
,235560,Contig_60405.fasta,0.019723853201056733,7.582737318670874e-05,0.466746971640216,CM
,235560,Contig_59852.fasta,0.028822739917637185,0.0001685986802374014,0.47917443837103585,CM
,235560,Contig_985114.fasta,0.015392196963687765,3.9297083409135515e-05,0.4562787314181536,CM
,235560,Contig_502586.fasta,0.01887153515161691,7.268982105445595e-05,0.4669798793106951,CM
,235560,Contig_201696.fasta,0.006818529339912795,7.531309750802651e-06,0.42383499915698963,CM
,235560,Contig_56590.fasta,0.011503404355933817,2.1694926784456046e-05,0.4437305254332068,CM
,235560,Contig_369378.fasta,0.021845253068210783,9.363451273659669e-05,0.4688515421536238,CM
,235560,Contig_424031.fasta,0.025396778547928957,0.0001266431783572907,0.4745576461149255,CM
,235560,Contig_549045.fasta,0.0,0.0,0.0,CM
,235560,Contig_138952.fasta,0.018341874830132183,6.58262457744156e-05,0.4632810287815015,CM
,235560,Contig_500549.fasta,0.01642971721474589,5.23355329748485e-05,0.4619090217860973,CM
,235560,Contig_54272.fasta,0.019798494580815996,7.166916111556686e-05,0.4644306094980809,CM
,235560,Contig_53762.fasta,0.020740982139908392,8.62511893276309e-05,0.46767999906978164,CM
,235560,Contig_57141.fasta,0.0034122766130183194,1.9359567121126074e-06,0.384955852792527,CM
,235560,Contig_420657.fasta,0.0,0.0,0.0,CM
,235560,Contig_804876.fasta,0.02111363367682527,8.284912890709335e-05,0.4674463926766399,CM
,235560,Contig_367997.fasta,0.009067380835284293,1.48072505331555e-05,0.4368943408677092,CM
,235560,Contig_54093.fasta,0.02164287326957735,9.154156818080057e-05,0.470501597857533,CM
,235560,Contig_985009.fasta,0.003707491928840399,1.908709942064727e-06,0.3905791644985948,CM
,235560,Contig_209831.fasta,0.017679079442811167,6.125241469316226e-05,0.46489204080408997,CM
,235560,Contig_59149.fasta,0.029072178471053294,0.00016842015882482438,0.4789292109204878,CM
,235560,Contig_54407.fasta,0.01651690235971283,5.209939624051543e-05,0.46054511719420915,CM
,235560,Contig_305408.fasta,0.011894771139825039,2.985617084975929e-05,0.4516542848159426,CM
,235560,Contig_501379.fasta,0.01785189565833672,5.8638382868545926e-05,0.4616811436303074,CM
,235560,Contig_55093.fasta,0.018812970125679514,7.176835947173457e-05,0.4669798793106951,CM
,235560,Contig_806573.fasta,0.013347370029526833,3.099610439169197e-05,0.45406486081447506,CM
,235560,Contig_60235.fasta,0.027487542833369828,0.00014756802415521493,0.47624818225884635,CM
,235560,Contig_501085.fasta,0.001160388439696467,0.0,0.3104935892961623,CM
,235560,Contig_302635.fasta,0.01778101946454144,6.486778427724326e-05,0.46558590952170803,CM
,235560,Contig_213217.fasta,0.001154914994336985,0.0,0.3116309284510933,CM
,235560,Contig_204678.fasta,0.001180870334789658,0.0,0.31403613360356813,CM
,235560,Contig_498809.fasta,0.026835031691018318,0.0001447922084029435,0.4769763904885999,CM
,235560,Contig_134968.fasta,0.011994188565675518,2.5916542094474165e-05,0.4488382149345962,CM
,235560,Contig_555569.fasta,0.005962143888570483,6.62445790843954e-06,0.41610834955030374,CM
,235560,Contig_420323.fasta,0.003259188111595796,1.551454174324546e-06,0.3744808636008936,CM
,235560,Contig_7.fasta,0.0013068440500028967,0.0,0.32641356056457377,CM
,235560,Contig_370077.fasta,0.024258064105399223,0.00011067373962008993,0.4714497119086313,CM
,235560,Contig_24574329.fasta,0.015512447725049618,4.718016431913314e-05,0.46009227047130435,CM
,235560,Contig_207266.fasta,0.023494497184109744,0.00010980114602207375,0.47287906929693435,CM
,235560,Contig_499722.fasta,0.014757370613113574,3.990842290304692e-05,0.453185316289895,CM
,235560,Contig_1201189.fasta,0.022865107703502797,9.840703466688366e-05,0.4688515421536238,CM
,235560,Contig_500710.fasta,0.023226424868322573,0.00010205343255000907,0.47073826868140495,CM
,235560,Contig_135292.fasta,0.02009306588969843,8.019037231993155e-05,0.46791383906931655,CM
,235560,Contig_204110.fasta,0.0,0.0,0.0,CM
,235560,Contig_500384.fasta,0.02880756676208721,0.00016163441356284233,0.47770682906515216,CM
,235560,Contig_4002.fasta,0.001251005944731045,0.0,0.31939511199270754,CM
,235560,Contig_421610.fasta,0.006017750286718254,6.52596461469433e-06,0.4177802134547469,CM
,235560,Contig_138156.fasta,0.020601051075560338,7.884385641999963e-05,0.466746971640216,CM
,235560,Contig_792548.fasta,0.013575238521021743,3.454626960947524e-05,0.4507840453461624,CM
,235560,Contig_131553.fasta,0.005031771003797364,4.261815468222404e-06,0.41481723321747915,CM
,235560,Contig_368086.fasta,0.0073588016017388565,1.0074853653794138e-05,0.43285276509650006,CM
,235560,Contig_544261.fasta,0.00462623793702849,2.917135422636167e-06,0.39737905653445144,CM
,235560,Contig_796891.fasta,0.01753575360637337,6.376608361467379e-05,0.46512310046651745,CM
,235560,Contig_137006.fasta,0.0023602523767102105,3.221123514107467e-07,0.35732251933510234,CM
,235560,Contig_546911.fasta,0.001235536079800817,0.0,0.31841703917612557,CM
,235560,Contig_369838.fasta,0.010437826344716242,1.730106626670007e-05,0.4377117297187245,CM
,235560,Contig_426807.fasta,0.02201274909010683,9.458592594533902e-05,0.4700289694317595,CM
,235560,Contig_54932.fasta,0.022274458497199716,9.447236918290506e-05,0.46979301111377164,CM
,235560,Contig_931789.fasta,0.004922593311068331,3.6958909194676704e-06,0.41063083727013294,CM
,235560,Contig_1064731.fasta,0.009768849536606488,1.6270679770165343e-05,0.4410121009135877,CM
,235560,Contig_135719.fasta,0.016554314835806144,5.322343460487892e-05,0.46077187500671246,CM
,235560,Contig_499678.fasta,0.0,0.0,0.0,CM
,235560,Contig_542470.fasta,0.021367687373171847,8.816168579769115e-05,0.46979301111377164,CM
,235560,Contig_368756.fasta,0.007073113889791788,8.644487802057955e-06,0.4236431317965745,CM
,235560,Contig_420279.fasta,0.009587300346157807,1.499781381354884e-05,0.4389435638548935,CM
,235560,Contig_993254.fasta,0.022224799544957263,9.569296131345628e-05,0.4714497119086313,CM
,235560,Contig_985217.fasta,0.01862106188913809,5.9610747560470124e-05,0.4616811436303074,CM
,235560,Contig_61392.fasta,0.011682440212627421,2.4751185427126864e-05,0.44905358835826925,CM
,235560,Contig_502254.fasta,0.01673489252831169,5.537860651826678e-05,0.4632810287815015,CM
,235560,Contig_500961.fasta,0.025831367694069216,0.00013238361097776163,0.47528068976060595,CM
,235560,Contig_544966.fasta,0.003570735812369353,1.6742829527664966e-06,0.38798825793475666,CM
,235560,Contig_133780.fasta,0.015871603611884767,4.95762170987234e-05,0.4591892434438828,CM
,235560,Contig_62691.fasta,0.01267583126631301,3.023677422767314e-05,0.44862304800509734,CM
,235560,Contig_368166.fasta,0.014422542107760417,3.904844950984197e-05,0.45605637336190696,CM
,235560,Contig_429761.fasta,0.002496440642756331,6.40133999851745e-07,0.3661297645299817,CM
,235560,Contig_302536.fasta,0.018730631448449525,6.353623300852931e-05,0.46282278839695007,CM
,235560,Contig_987380.fasta,0.020067188585341792,8.101568883060174e-05,0.4674463926766399,CM
,235560,Contig_554697.fasta,0.0,0.0,0.0,CM
,235560,Contig_549533.fasta,0.020072063074551276,8.099084791427595e-05,0.4688515421536238,CM
,235560,Contig_3825.fasta,0.002448220738880419,6.691040139683066e-07,0.3634282245198575,CM
,235560,Contig_43.fasta,0.0023271891024833164,6.587026655186805e-07,0.35924287068661537,CM
,235560,Contig_542528.fasta,0.012767620989535138,2.8810409625081014e-05,0.4488382149345962,CM
,235560,Contig_993798.fasta,0.024731029696090027,0.00012139195593748538,0.4745576461149255,CM
,235560,Contig_24569072.fasta,0.0071838974808243975,8.617224684344894e-06,0.4265395069000151,CM
,235560,Contig_545414.fasta,0.00229689218213211,6.078685861272771e-07,0.3571861366941348,CM
,235560,Contig_53638.fasta,0.016849098888378686,5.772034740215072e-05,0.46489204080408997,CM
,235560,Contig_137636.fasta,0.009169382957122022,1.4743568563277416e-05,0.4348641627038258,CM
,235560,Contig_59666.fasta,0.003203536468881225,1.2157928645084248e-06,0.3734348276690475,CM
,235560,Contig_302672.fasta,0.01864817266948811,6.67225009352022e-05,0.46535438992473055,CM
,235560,Contig_310012.fasta,0.003637097238041192,1.757232414375168e-06,0.38734589326930174,CM
,235560,Contig_795668.fasta,0.01645525903045053,5.3633003376303184e-05,0.4603185824587472,CM
,235560,Contig_372002.fasta,0.010345609520155922,2.000574679436888e-05,0.4420536977508895,CM
,235560,Contig_309907.fasta,0.02534475019026795,0.00013022114300898193,0.47624818225884635,CM
,235560,Contig_2477.fasta,0.011633284410405703,2.623284847614559e-05,0.44648267086766846,CM
,235560,Contig_327.fasta,0.006962832418431822,7.530437532378034e-06,0.4232599177470073,CM
,235560,Contig_139033.fasta,0.01982480474653689,7.693362913449952e-05,0.46581765960111154,CM
,235560,Contig_993758.fasta,0.02650217773603565,0.00013971189901577214,0.47624818225884635,CM
,235560,Contig_56026.fasta,0.009822448340743905,1.958187128787225e-05,0.4368943408677092,CM
,235560,Contig_1395.fasta,0.0034780062224254,1.853660688225204e-06,0.38527281932426233,CM
,235560,Contig_543139.fasta,0.011494418680481166,2.3862854350062263e-05,0.44648267086766846,CM
,235560,Contig_626881.fasta,0.007957619872168203,9.905391510424606e-06,0.4273185744925265,CM
,235560,Contig_1270016.fasta,0.0,0.0,0.0,CM
,235560,Contig_55438.fasta,0.015118795294337527,4.314284868365987e-05,0.4573937820814434,CM
,235560,Contig_501797.fasta,0.01095602616283601,2.2825013778916416e-05,0.44669578908765306,CM
,235560,Contig_5266.fasta,0.021899392043798382,9.570468890480568e-05,0.4714497119086313,CM
,235560,Contig_1065654.fasta,0.002572396978402072,7.84083324286763e-07,0.37180281213294913,CM
,235560,Contig_420474.fasta,0.0022109045376018837,2.828336707974348e-07,0.3477620505903505,CM
,235560,Contig_53541.fasta,0.0,0.0,0.0,CM
,235560,Contig_54857.fasta,0.0035080594372729743,2.0094150719423325e-06,0.38400807473887283,CM
,235560,Contig_53504.fasta,0.01716181076982982,5.5588064257757776e-05,0.45873905791109465,CM
,235560,Contig_426927.fasta,0.02072230547478914,8.782164774085481e-05,0.4700289694317595,CM
,235560,Contig_987729.fasta,0.009525840819085845,1.8893359974900718e-05,0.4428905244385391,CM
,235560,Contig_498389.fasta,0.022302865375350978,0.00010149614809224825,0.471925203297344,CM
,235560,Contig_544728.fasta,0.022113891486063637,9.546341670590842e-05,0.47073826868140495,CM
,235560,Contig_137227.fasta,0.012670709347147839,2.9911971868393317e-05,0.449484955878306,CM
,235560,Contig_544635.fasta,0.009222562717119315,1.587874112406646e-05,0.43526868750634096,CM
,235560,Contig_498294.fasta,0.008326887052444743,1.265659162291308e-05,0.4348641627038258,CM
,235560,Contig_54109.fasta,0.011947520517200315,2.6404293286758808e-05,0.4428905244385391,CM
,235560,Contig_53419.fasta,0.01833293867095843,6.029144484372273e-05,0.4603185824587472,CM
,235560,Contig_62325.fasta,0.002500553876025772,7.359449844171687e-07,0.3701849992636998,CM
,235560,Contig_622395.fasta,0.02284624421600143,0.00010085283777986508,0.46979301111377164,CM
,235560,Contig_60482.fasta,0.017893582444571614,6.751384645729805e-05,0.4662818525852681,CM
,235560,Contig_420569.fasta,0.004684980179299492,3.3423859612020103e-06,0.3992438899908844,CM
,235560,Contig_368046.fasta,0.015794920079051523,4.645447555133204e-05,0.4565013064090893,CM
,235560,Contig_1062259.fasta,0.0034958100776691843,1.5152451509967007e-06,0.38228254825924557,CM
,235560,Contig_499294.fasta,0.02220449106885091,0.00010285123734549048,0.4726402414841581,CM
,235560,Contig_548087.fasta,0.011903698122927065,2.3549001658622524e-05,0.4437305254332068,CM
,235560,Contig_5087.fasta,0.0026070576368614345,5.1106534580938e-07,0.3746307758761541,CM
,235560,Contig_1064064.fasta,0.0012673504040907617,0.0,0.3211488257167581,CM
,235560,Contig_54661.fasta,0.022196182244766955,9.959713261848018e-05,0.47097517772452596,CM
,235560,Contig_990919.fasta,0.009577775482721516,1.6962247897066716e-05,0.44059683528184235,CM
,235560,Contig_61352.fasta,0.02354502990020652,0.00010588197717552925,0.4714497119086313,CM
,235560,Contig_555022.fasta,0.00370479653172331,1.7875650204293866e-06,0.3956988068239463,CM
,235560,Contig_57616.fasta,0.022203146576534025,9.279194589831131e-05,0.46932180448276484,CM
,235560,Contig_370211.fasta,0.011680806326999216,2.6696650539527642e-05,0.44797878321619583,CM
,235560,Contig_1067056.fasta,0.012704928023816935,2.8365050552974533e-05,0.44733636622305595,CM
,235560,Contig_56653.fasta,0.018707560196547533,6.566746298917206e-05,0.46351048941982814,CM
,235560,Contig_992350.fasta,0.014927431645627418,4.608286580109793e-05,0.45605637336190696,CM
,235560,Contig_61602.fasta,0.002126905113760285,5.01118569998688e-07,0.34443418407752413,CM
,235560,Contig_135130.fasta,0.017380132581513014,5.796685644444726e-05,0.4609988562259276,CM
,235560,Contig_1063408.fasta,0.02251208049872297,9.352348173117264e-05,0.4681479130258295,CM
,235560,Contig_206987.fasta,0.00229689218213211,6.078685861272771e-07,0.3571861366941348,CM
,235560,Contig_1309.fasta,0.0,0.0,0.0,CM
,235560,Contig_542531.fasta,0.0024099605734552274,7.518030479856795e-07,0.3631461692427757,CM
,235560,Contig_552864.fasta,0.008384736603334227,1.2810540110673096e-05,0.43567396561388877,CM
,235560,Contig_420338.fasta,0.017300779083357306,6.105556745589047e-05,0.46351048941982814,CM
,235560,Contig_55389.fasta,0.005715727605000741,4.751972909688076e-06,0.4109915143340505,CM
,235560,Contig_427105.fasta,0.008294253387810516,1.2863493922063917e-05,0.43466218213591873,CM
,235560,Contig_542688.fasta,0.01196510279376091,2.2773215773166665e-05,0.44776443930078136,CM
,235560,Contig_544398.fasta,0.0013439009518466875,0.0,0.3311492137787095,CM
,235560,Contig_498739.fasta,0.01384733199655784,3.5089335726572616e-05,0.45296596231298797,CM
,235560,Contig_54075.fasta,0.0,0.0,0.0,CM
,235560,Contig_56346.fasta,0.018916413515090495,6.90207066902019e-05,0.4639700932764666,CM
,235560,Contig_203889.fasta,0.004702788484784415,2.962441538780853e-06,0.4044199127651828,CM
,235560,Contig_500327.fasta,0.01981969965542744,7.75243900834207e-05,0.4674463926766399,CM
,235560,Contig_544365.fasta,0.0,0.0,0.0,CM
,235560,Contig_369516.fasta,0.01841066623647282,6.713935260677847e-05,0.46351048941982814,CM
,235560,Contig_547013.fasta,0.0026070576368614345,5.1106534580938e-07,0.3746307758761541,CM
,235560,Contig_542675.fasta,0.02030311437353794,8.133528231790513e-05,0.4681479130258295,CM
,235560,Contig_368516.fasta,0.016516984293996572,5.1778164813879746e-05,0.4621371250067324,CM
,235560,Contig_58954.fasta,0.023107692053903377,9.992863386690078e-05,0.46955728958285653,CM
,235560,Contig_24576300.fasta,0.025614070632555178,0.00012682665680047492,0.47407683796283334,CM
,235560,Contig_994229.fasta,0.0046471489780410755,2.973933034290746e-06,0.40198783425199014,CM
,235560,Contig_132049.fasta,0.01742179231710755,5.494107202813998e-05,0.46145349020642656,CM
,235560,Contig_56047.fasta,0.01572844729563347,4.7669258544660996e-05,0.45561230678609205,CM
,235560,Contig_549900.fasta,0.022488626718041794,9.664393073105663e-05,0.47073826868140495,CM
,235560,Contig_56804.fasta,0.01876573477492206,6.790077344669804e-05,0.46535438992473055,CM
,235560,Contig_1760.fasta,0.001180870334789658,0.0,0.31403613360356813,CM
,235560,Contig_2226.fasta,0.008154869601392412,1.0994042919468726e-05,0.4312569945339323,CM
,235560,Contig_548773.fasta,0.003465093259561741,1.60789262319302e-06,0.38734589326930174,CM
,235560,Contig_1123947.fasta,0.02304807525594529,0.00010300806776337845,0.47073826868140495,CM
,235560,Contig_6091.fasta,0.02092725486986094,8.615990326089232e-05,0.46838222129060714,CM
,235560,Contig_4736.fasta,0.019978801453284595,7.994098761749543e-05,0.46861676421564,CM
,235560,Contig_810436.fasta,0.022819172648187613,0.000101064830003643,0.470501597857533,CM
,235560,Contig_53485.fasta,0.0025578499947339415,5.78279365215512e-07,0.36800144637775584,CM
,235560,Contig_53779.fasta,0.021238709240411848,8.742800576061742e-05,0.4688515421536238,CM
,235560,Contig_54269.fasta,0.022332280667642052,9.743472510907396e-05,0.4721633088489572,CM
,235560,Contig_135095.fasta,0.022264770053942336,9.512902162719777e-05,0.47097517772452596,CM
,235560,Contig_543843.fasta,0.002423545124711214,5.947047837034215e-07,0.361462988852311,CM
,235560,Contig_555043.fasta,0.009243647496945825,1.3847291640835308e-05,0.43730265333580987,CM
,235560,Contig_62494.fasta,0.01406099947228397,3.983539170099948e-05,0.4558342319233478,CM
,235560,Contig_58762.fasta,0.020490241258223827,8.528222522479228e-05,0.46932180448276484,CM
,235560,Contig_499560.fasta,0.014100332605046678,3.9705412350653724e-05,0.45694710846612946,CM
,235560,Contig_1065040.fasta,0.008386365796911328,1.1006350071201995e-05,0.43506633107328363,CM
,235560,Contig_24574502.fasta,0.004394039887791443,2.2981785583825936e-06,0.3948639992146131,CM
,235560,Contig_55294.fasta,0.020226140778132135,8.413477259729478e-05,0.46932180448276484,CM
,235560,Contig_208230.fasta,0.026971515599726104,0.00014565415884610673,0.4772196216923167,CM
,235560,Contig_367971.fasta,0.01412131905929138,3.955872936568792e-05,0.45605637336190696,CM
,235560,Contig_4437.fasta,0.0,0.0,0.0,CM
,235560,Contig_138526.fasta,0.001160388439696467,0.0,0.3104935892961623,CM
,235560,Contig_138563.fasta,0.02670165185670013,0.0001394267984205289,0.47624818225884635,CM
,235560,Contig_371134.fasta,0.0176330613933129,6.50916903071744e-05,0.46466121059515053,CM
,235560,Contig_54294.fasta,0.02545307070263543,0.00012734886412482023,0.47479841610280726,CM
,235560,Contig_59426.fasta,0.008744344930462916,1.4265206310710459e-05,0.4314558221017211,CM
,235560,Contig_502560.fasta,0.0022517832578863354,5.508925086659848e-07,0.35314252005231433,CM
,235560,Contig_201670.fasta,0.017712904290109164,5.861955723959098e-05,0.4616811436303074,CM
,235560,Contig_132684.fasta,0.021200307910373622,8.911309089399997e-05,0.46861676421564,CM
,235560,Contig_542344.fasta,0.006043148634397651,5.812446770871615e-06,0.4196536673267413,CM
,235560,Contig_545654.fasta,0.0194744553476105,6.904127149682514e-05,0.46466121059515053,CM
,235560,Contig_499661.fasta,0.0,0.0,0.0,CM
,235560,Contig_368062.fasta,0.017612512849254924,5.891790495546408e-05,0.4623654536258069,CM
,235560,Contig_133992.fasta,0.008783487530936784,1.3863899258260561e-05,0.43914954394116995,CM
,235560,Contig_131676.fasta,0.019890468255669293,7.315954433965447e-05,0.46512310046651745,CM
,235560,Contig_134010.fasta,0.01847221086865089,6.64157396331982e-05,0.4644306094980809,CM
,235560,Contig_548898.fasta,0.020090497973049518,8.526554273108531e-05,0.46955728958285653,CM
,235560,Contig_421218.fasta,0.0,0.0,0.0,CM
,235560,Contig_56266.fasta,0.018703061227478498,6.498339252884097e-05,0.46351048941982814,CM
,235560,Contig_791989.fasta,0.00948921148623823,1.8756181191474186e-05,0.43914954394116995,CM
,235560,Contig_167.fasta,0.0023135059319072415,4.67272887033531e-07,0.3547489303027419,CM
,235560,Contig_131918.fasta,0.014387639111910565,3.845869697506073e-05,0.45694710846612946,CM
,235560,Contig_545669.fasta,0.015275866601134646,4.361122308810358e-05,0.4578413298134213,CM
,235560,Contig_309414.fasta,0.022970983657498383,0.00010410287638181837,0.47097517772452596,CM
,235560,Contig_60809.fasta,0.01801611992854839,6.77315379865915e-05,0.4665142961807742,CM
,235560,Contig_55579.fasta,0.010481327908623408,2.0846475972107824e-05,0.4418449849568617,CM
,235560,Contig_134354.fasta,0.012329964129034693,2.8851896391661567e-05,0.4516542848159426,CM
,235560,Contig_302825.fasta,0.016539356853363007,5.140604582913228e-05,0.4616811436303074,CM
,235560,Contig_543384.fasta,0.003692193084286438,1.9086086256415145e-06,0.39041621949880395,CM
,235560,Contig_553243.fasta,0.013068602895445888,2.8673176210932847e-05,0.45035018197239324,CM
,235560,Contig_985177.fasta,0.01200300438224079,2.6603029907584258e-05,0.45013356331824583,CM
,235560,Contig_551170.fasta,0.014043639239146179,3.7103103522939035e-05,0.45450591458894274,CM
,235560,Contig_544200.fasta,0.010071745062017884,2.0927412564346975e-05,0.44122002741095384,CM
,235560,Contig_1066727.fasta,0.01279451887832473,3.117831584692092e-05,0.4518723699365684,CM
,235560,Contig_623419.fasta,0.006972334867780183,8.503854616651752e-06,0.4236431317965745,CM
,235560,Contig_54254.fasta,0.021045342022807733,8.378829951608199e-05,0.46767999906978164,CM
,235560,Contig_53744.fasta,0.01740055301938127,6.57109283727625e-05,0.46512310046651745,CM
,235560,Contig_548820.fasta,0.001160388439696467,0.0,0.3104935892961623,CM
,235560,Contig_422193.fasta,0.026397139205134867,0.00013691672193276718,0.4750394305272249,CM
,235560,Contig_56712.fasta,0.013116971849660921,2.9413329988513678e-05,0.4499171529512659,CM
,235560,Contig_56757.fasta,0.004564943621966681,2.945275226355861e-06,0.3970418659900862,CM
,235560,Contig_1833.fasta,0.019453030239419085,7.110678052183059e-05,0.46535438992473055,CM
,235560,Contig_542648.fasta,0.002431876279520703,5.810907973151126e-07,0.361462988852311,CM
,235560,Contig_372026.fasta,0.019610341517109872,7.217157681763508e-05,0.46535438992473055,CM
,235560,Contig_370350.fasta,0.012543574914186123,3.042917516694513e-05,0.44862304800509734,CM
,235560,Contig_985396.fasta,0.018488880219400337,6.83959541025353e-05,0.46558590952170803,CM
,235560,Contig_543120.fasta,0.0024191128972483335,7.856268900918978e-07,0.36300530571708034,CM
,235560,Contig_992741.fasta,0.020319772770723703,8.579445808744323e-05,0.4700289694317595,CM
,235560,Contig_54798.fasta,0.022201348014730362,9.532679389138606e-05,0.46955728958285653,CM
,235560,Contig_554998.fasta,0.015559437615744597,4.9298440221478406e-05,0.46054511719420915,CM
,235560,Contig_542549.fasta,0.0,0.0,0.0,CM
,235560,Contig_1125670.fasta,0.024049016743181544,0.00011629178906574408,0.4735970031065957,CM
,235560,Contig_57456.fasta,0.019968601566760145,7.496595679321933e-05,0.46581765960111154,CM
,235560,Contig_420791.fasta,0.010244257057121132,1.975763641093504e-05,0.4435202266059872,CM
,235560,Contig_304002.fasta,0.022697561913205988,0.00010209725448964718,0.4714497119086313,CM
,235560,Contig_304047.fasta,0.02200223034907958,9.954747078152017e-05,0.4712123253467438,CM
,235560,Contig_60914.fasta,0.02245403423009204,9.66673040992536e-05,0.47097517772452596,CM
,235560,Contig_369593.fasta,0.008510358254153786,1.3223673003886388e-05,0.4368943408677092,CM
,235560,Contig_132330.fasta,0.013328220300000412,3.671833604369174e-05,0.45561230678609205,CM
,235560,Contig_543264.fasta,0.011701248399251242,2.7226476546974936e-05,0.4497009505711836,CM
,235560,Contig_61586.fasta,0.021848603141036628,9.375991701460688e-05,0.46979301111377164,CM
,235560,Contig_206205.fasta,0.0169148614488244,5.989114127547477e-05,0.4621371250067324,CM
,235560,Contig_992897.fasta,0.0010162471780855184,0.0,0.2994648570043626,CM
,235560,Contig_368482.fasta,0.013807361450768711,3.38302462611735e-05,0.45143641010064306,CM
,235560,Contig_368810.fasta,0.01981697849372673,7.775984677463034e-05,0.46791383906931655,CM
,235560,Contig_545620.fasta,0.007285364205619671,7.840766621294538e-06,0.4267340073591578,CM
,235560,Contig_131586.fasta,0.01832971684480685,6.4158248346718e-05,0.4616811436303074,CM
,235560,Contig_62330.fasta,0.0034042641012069757,1.6730829564105778e-06,0.37949216469530944,CM
,235560,Contig_133221.fasta,0.00555922112813018,3.6260650967020577e-06,0.40564702129979757,CM
,235560,Contig_554336.fasta,0.023470696027418952,0.00011252930697552954,0.473357449741342,CM
,235560,Contig_1061979.fasta,0.006123089234581203,5.073430900247803e-06,0.42003037618430566,CM
,235560,Contig_59083.fasta,0.009315739477124782,1.3529202671442028e-05,0.4375070959039893,CM
,235560,Contig_61046.fasta,0.019723172930561465,7.481818280170792e-05,0.46721301954000655,CM
,235560,Contig_53364.fasta,0.014501248580858245,4.011707027920861e-05,0.4565013064090893,CM
,235560,Contig_138517.fasta,0.016447647272538418,5.212598228552533e-05,0.4594146677165602,CM
,235560,Contig_1064832.fasta,0.004757361778614592,3.667514815704859e-06,0.40688159919071004,CM
,235560,Contig_367940.fasta,0.014137485807916003,3.8775311849972244e-05,0.4562787314181536,CM
,235560,Contig_57502.fasta,0.025563667316346145,0.00013205397663969273,0.47600594005016944,CM
,235560,Contig_370591.fasta,0.026557069896183037,0.0001370153872895542,0.4750394305272249,CM
,235560,Contig_420251.fasta,0.01915878594082081,7.245117102260011e-05,0.466746971640216,CM
,235560,Contig_58753.fasta,0.022766527705152518,9.857917419887144e-05,0.4700289694317595,CM
,235560,Contig_133165.fasta,0.018729789372539163,6.698563581161452e-05,0.46489204080408997,CM
,235560,Contig_136703.fasta,0.015830935096289876,4.580278764776115e-05,0.4591892434438828,CM
,235560,Contig_420638.fasta,0.008170510654147572,1.2496672912652448e-05,0.43285276509650006,CM
,235560,Contig_552562.fasta,0.0036957371378635116,1.7885615125414678e-06,0.39270989430912,CM
,235560,Contig_136746.fasta,0.021896004709286338,9.588130847073791e-05,0.470501597857533,CM
,235560,Contig_53399.fasta,0.019624126504720577,7.500558886421465e-05,0.46721301954000655,CM
,235560,Contig_369317.fasta,0.027724761980416207,0.00015308513253548887,0.4774631010911394,CM
,235560,Contig_551614.fasta,0.011653698786170265,2.141600142175817e-05,0.4439410237849303,CM
,235560,Contig_554072.fasta,0.001154914994336985,0.0,0.3116309284510933,CM
,235560,Contig_59716.fasta,0.02072954396286412,8.658905096654345e-05,0.46908655545796146,CM
,235560,Contig_1066043.fasta,0.003532706520806482,1.9586674520163648e-06,0.38670565212340213,CM
,235560,Contig_549707.fasta,0.0,0.0,0.0,CM
,235560,Contig_1062625.fasta,0.016602171544905498,5.2628403111110035e-05,0.46145349020642656,CM
,235560,Contig_372137.fasta,0.0066756644771322395,7.861967136125691e-06,0.42003037618430566,CM
,235560,Contig_426270.fasta,0.004933463088441964,3.1929203575783804e-06,0.4070585811825285,CM
,235560,Contig_54300.fasta,0.018429503680995597,6.867897352093763e-05,0.46489204080408997,CM
,235560,Contig_53610.fasta,0.001180870334789658,0.0,0.31403613360356813,CM
,235560,Contig_989205.fasta,0.015157913535467157,4.7265808563486424e-05,0.45986618090350523,CM
,235560,Contig_420760.fasta,0.0151456606117279,4.554745850920506e-05,0.45873905791109465,CM
,235560,Contig_1062050.fasta,0.011876721597751529,2.9224130602010408e-05,0.45143641010064306,CM
,235560,Contig_427270.fasta,0.003696489579377855,1.5053091272765677e-06,0.39139593397684364,CM
,235560,Contig_139063.fasta,0.0,0.0,0.0,CM
,235560,Contig_420725.fasta,0.001235536079800817,0.0,0.31841703917612557,CM
,235560,Contig_545479.fasta,0.0087637281842899,1.2741846885976713e-05,0.429475758668487,CM
,235560,Contig_1062015.fasta,0.009340004889373591,1.639833414733081e-05,0.4387377769051257,CM
,235560,Contig_202006.fasta,0.014859721106008259,4.349728762456476e-05,0.4562787314181536,CM
,235560,Contig_498324.fasta,0.005473138837537558,4.9796401201815975e-06,0.4081237148445849,CM
,235560,Contig_201370.fasta,0.0,0.0,0.0,CM
,235560,Contig_551822.fasta,0.004918693194461851,4.115193144471133e-06,0.41045073602571625,CM
,235560,Contig_54001.fasta,0.004478403567069246,2.712536243700671e-06,0.39603371905993784,CM
,235560,Contig_422752.fasta,0.010420641248787567,2.1423521507457672e-05,0.44310022639139823,CM
,235560,Contig_55044.fasta,0.01177816828269629,2.6091877989285443e-05,0.4469091108589461,CM
,235560,Contig_548236.fasta,0.01648411605815481,4.93949895852503e-05,0.45873905791109465,CM
,235560,Contig_420309.fasta,0.0061528225236510865,6.894322504385811e-06,0.42441164541434606,CM
,235560,Contig_542500.fasta,0.019196640605619816,7.672533944820043e-05,0.4681479130258295,CM
,235560,Contig_137277.fasta,0.003637097238041192,1.757232414375168e-06,0.38734589326930174,CM
,235560,Contig_987817.fasta,0.01961624613172294,7.347159368078447e-05,0.46558590952170803,CM
,235560,Contig_24578923.fasta,0.02333486139691116,0.00011010364662001445,0.4735970031065957,CM
,235560,Contig_985367.fasta,0.004674927414105239,3.6622180765419408e-06,0.40564702129979757,CM
,235560,Contig_498823.fasta,0.011474140205553667,2.322048951713168e-05,0.4435202266059872,CM
,235560,Contig_1063329.fasta,0.020269115998993576,8.239389102006793e-05,0.46791383906931655,CM
,235560,Contig_61925.fasta,0.005785001710421343,4.5871947727104124e-06,0.4118959850962293,CM
,235560,Contig_54079.fasta,0.02096168479095655,8.667031551582872e-05,0.46861676421564,CM
,235560,Contig_554682.fasta,0.001110657935674767,0.0,0.30713084284169123,CM
,235560,Contig_302566.fasta,0.019023546054479604,7.166494506719977e-05,0.4665142961807742,CM
,235560,Contig_310306.fasta,0.023689478149094185,0.00011172431280188848,0.4731181385938489,CM
,235560,Contig_543210.fasta,0.001112268847245437,0.0,0.30773682280126047,CM
,235560,Contig_986701.fasta,0.002510046587300141,7.690749094067572e-07,0.36800144637775584,CM
,235560,Contig_545700.fasta,0.015233111005821559,4.5482935532626826e-05,0.4589640402837828,CM
,235560,Contig_420371.fasta,0.016266916384172568,5.245181398459946e-05,0.46054511719420915,CM
,235560,Contig_930538.fasta,0.027419705415253796,0.00015088149887773443,0.4774631010911394,CM
,235560,Contig_542578.fasta,0.0036471619180173014,1.9907117868905387e-06,0.38976579680909335,CM
,235560,Contig_371823.fasta,0.011667076670359728,2.1582750247834176e-05,0.442681020879202,CM
,235560,Contig_56.fasta,0.0,0.0,0.0,CM
,235560,Contig_500869.fasta,0.013406733663971283,3.313292024169128e-05,0.45384465477140307,CM
,235560,Contig_549526.fasta,0.0009959588410902408,0.0,0.2968996440795156,CM
,235560,Contig_138472.fasta,0.024414206695541434,0.00012032122233139224,0.4745576461149255,CM
,235560,Contig_987069.fasta,0.011664202437775455,2.5623006301506333e-05,0.4475503004010679,CM
,235560,Contig_988280.fasta,0.02011874807010708,7.586873788441888e-05,0.46581765960111154,CM
,235560,Contig_543585.fasta,0.0,0.0,0.0,CM
,235560,Contig_206976.fasta,0.024857965641033125,0.00012257280065082653,0.47407683796283334,CM
,235560,Contig_3888.fasta,0.0251649076630621,0.00012234172243861315,0.4726402414841581,CM
,235560,Contig_1065538.fasta,0.001236973509064108,0.0,0.31830873406075955,CM
,235560,Contig_62111.fasta,0.013136925210161823,3.076689291025259e-05,0.45143641010064306,CM
,235560,Contig_208748.fasta,0.018757933677836704,7.218829944537797e-05,0.4660496405072874,CM
,235560,Contig_501406.fasta,0.011513837605046765,2.380011306175687e-05,0.4452082198566285,CM
,235560,Contig_306807.fasta,0.010630954175063281,2.2879996147938363e-05,0.44733636622305595,CM
,235560,Contig_57808.fasta,0.01860911448703307,6.369288665700166e-05,0.4632810287815015,CM
,235560,Contig_930639.fasta,0.020058105258040138,8.094214873775024e-05,0.46861676421564,CM
,235560,Contig_422.fasta,0.001236973509064108,0.0,0.31830873406075955,CM
,235560,Contig_545369.fasta,0.01616179358705106,5.1670986335496254e-05,0.46009227047130435,CM
,235560,Contig_502018.fasta,0.01602229218581642,4.49294993895975e-05,0.457617446522559,CM
,235560,Contig_1066920.fasta,0.006976096829617772,8.201687387628048e-06,0.42383499915698963,CM
,235560,Contig_988550.fasta,0.011664537958592399,2.5973708696224464e-05,0.449484955878306,CM
,235560,Contig_498319.fasta,0.0035845309232181498,1.8643590347815716e-06,0.38911753768758134,CM
,235560,Contig_1062135.fasta,0.018109482529382197,6.466378730344515e-05,0.46282278839695007,CM
,235560,Contig_139106.fasta,0.0023896455293749585,3.553348236343757e-07,0.35869209587529055,CM
,235560,Contig_424026.fasta,0.002431852077056669,6.848437910003802e-07,0.3624429427337851,CM
,235560,Contig_985597.fasta,0.0039017509465806293,1.7444041817489135e-06,0.39536446055709046,CM
,235560,Contig_369895.fasta,0.020793428493352493,8.454065720647864e-05,0.4674463926766399,CM
,235560,Contig_53489.fasta,0.0019599259855247876,4.2296175284948037e-07,0.3379659364892138,CM
,235560,Contig_60880.fasta,0.022874564548592897,0.0001074208942040517,0.4726402414841581,CM
,235560,Contig_368093.fasta,0.015735889869092412,4.5980287199773366e-05,0.4562787314181536,CM
,235560,Contig_499241.fasta,0.02014108312249581,8.054773988314297e-05,0.4681479130258295,CM
,235560,Contig_989061.fasta,0.00710917322254203,9.452534445147589e-06,0.4249898629149106,CM
,235560,Contig_55164.fasta,0.02310562785196095,0.00010659985463588871,0.47168733777148847,CM
,235560,Contig_24573733.fasta,0.011633613480933518,2.53231097721683e-05,0.44905358835826925,CM
,235560,Contig_498628.fasta,0.008082508885567169,1.1005628338069631e-05,0.4324527163302371,CM
,235560,Contig_3643.fasta,0.002444027019804405,6.273677693774712e-07,0.36456084072404876,CM
,235560,Contig_987659.fasta,0.0013068440500028967,0.0,0.32641356056457377,CM
,235560,Contig_53431.fasta,0.015718397585330626,4.903361849939502e-05,0.4609988562259276,CM
,235560,Contig_426051.fasta,0.024574229611843225,0.00011654728968290323,0.4724016547898198,CM
,235560,Contig_500137.fasta,0.020800857044002027,8.124393730237303e-05,0.4665142961807742,CM
,235560,Contig_369743.fasta,0.024097382102316992,0.00011457400447564317,0.47287906929693435,CM
,235560,Contig_502690.fasta,0.015556569816035131,4.959052284147605e-05,0.46054511719420915,CM
,235560,Contig_802918.fasta,0.011554626270068948,2.174085188016007e-05,0.44310022639139823,CM
,235560,Contig_544175.fasta,0.0009304729371867916,0.0,0.29217223794524916,CM
,235560,Contig_53359.fasta,0.003683054914076839,2.1787020552290974e-06,0.3933701883726915,CM
,235560,Contig_306575.fasta,0.002568283745132631,7.139091153871934e-07,0.3712128830379346,CM
,235560,Contig_542420.fasta,0.0,0.0,0.0,CM
,235560,Contig_368743.fasta,0.020219348880532905,8.007473726060527e-05,0.46838222129060714,CM
,235560,Contig_499105.fasta,0.0025183563488218067,4.841462845352593e-07,0.36441887777984155,CM
,235560,Contig_542465.fasta,0.0023135059319072415,4.67272887033531e-07,0.3547489303027419,CM
,235560,Contig_548646.fasta,0.016245600389391462,5.028252224716053e-05,0.4591892434438828,CM
,235560,Contig_58939.fasta,0.010315494797184768,1.9165827207570014e-05,0.44018235095890546,CM
,235560,Contig_621909.fasta,0.01182798730589012,2.8057582436641643e-05,0.4516542848159426,CM
,235560,Contig_53922.fasta,0.02119652649152072,8.939599794943066e-05,0.4688515421536238,CM
,235560,Contig_132024.fasta,0.0289238767682424,0.00016560443771127228,0.4781950322629704,CM
,235560,Contig_1063498.fasta,0.01832337588698961,6.98398465130942e-05,0.46535438992473055,CM
,235560,Contig_551384.fasta,0.021398172789154197,9.11989479031004e-05,0.46955728958285653,CM
,235560,Contig_132061.fasta,0.005903051192133728,6.161008816304502e-06,0.4151853052966429,CM
,235560,Contig_543135.fasta,0.0035665062710536215,2.122045545150819e-06,0.38750628494353334,CM
,235560,Contig_1064559.fasta,0.012193060588042086,2.95100558196621e-05,0.4520906657674556,CM
,235560,Contig_368256.fasta,0.0219946402059724,9.439483700165672e-05,0.47026516489378545,CM
,235560,Contig_306060.fasta,0.022278722304960117,9.763476671415154e-05,0.4700289694317595,CM
,235560,Contig_58286.fasta,0.017035180530854843,5.233380374561713e-05,0.4594146677165602,CM
,235560,Contig_57092.fasta,0.027907629590156885,0.00015330684443746383,0.4774631010911394,CM
,235560,Contig_420355.fasta,0.01968130355725917,7.863991606465307e-05,0.46721301954000655,CM
,235560,Contig_420310.fasta,0.006279364757382053,7.3567817015147724e-06,0.42576327485834076,CM
,235560,Contig_139456.fasta,0.017887873283146456,6.538513097783722e-05,0.4669798793106951,CM
,235560,Contig_4502.fasta,0.010378189335798848,2.1604188232276986e-05,0.4437305254332068,CM
,235560,Contig_543519.fasta,0.0012290902386655697,0.0,0.31841703917612557,CM
,235560,Contig_544009.fasta,0.0010262557614414472,0.0,0.299656637252204,CM
,235560,Contig_3057.fasta,0.0013009333410418694,0.0,0.32595878723045385,CM
,235560,Contig_553809.fasta,0.002650745001849584,6.882360827559619e-07,0.3758344088910173,CM
,235560,Contig_132325.fasta,0.016224234227990044,5.0498368201308896e-05,0.4603185824587472,CM
,235560,Contig_369951.fasta,0.020318033660634244,7.68583300625676e-05,0.46721301954000655,CM
,235560,Contig_61901.fasta,0.01585330862024259,4.7022094987300785e-05,0.4578413298134213,CM
,235560,Contig_369157.fasta,0.015276063680576808,4.348121590321363e-05,0.4589640402837828,CM
,235560,Contig_61944.fasta,0.002265572930011752,6.148690779427247e-07,0.35287619839314976,CM
,235560,Contig_53508.fasta,0.001251005944731045,0.0,0.31939511199270754,CM
,235560,Contig_368951.fasta,0.009028711761768105,1.4184458722349346e-05,0.4316548330897754,CM
,235560,Contig_303193.fasta,0.01517348047001614,4.7081128522246426e-05,0.46009227047130435,CM
,235560,Contig_1062799.fasta,0.01728722805142637,5.3225099034440445e-05,0.45986618090350523,CM
,235560,Contig_932596.fasta,0.015029149652084024,4.133964990360099e-05,0.45450591458894274,CM
,235560,Contig_133360.fasta,0.011343961329477924,2.5865977247437958e-05,0.44669578908765306,CM
,235560,Contig_371588.fasta,0.018322692573448575,6.833242497926444e-05,0.4644306094980809,CM
,235560,Contig_990113.fasta,0.01857234563606638,6.599396988748694e-05,0.4632810287815015,CM
,235560,Contig_371159.fasta,0.01494186826339778,4.25998710805801e-05,0.4565013064090893,CM
,235560,Contig_132515.fasta,0.022074474080800377,9.633128310521379e-05,0.47097517772452596,CM
,235560,Contig_708360.fasta,0.007852909103674248,1.0300556437022858e-05,0.4271235409122013,CM
,235560,Contig_794445.fasta,0.016551334834672873,4.950969961084106e-05,0.45986618090350523,CM
,235560,Contig_310512.fasta,0.025326396556155043,0.00012995483477735612,0.47528068976060595,CM
,235560,Contig_200936.fasta,0.021407442155549645,8.548128136168038e-05,0.4669798793106951,CM
,235560,Contig_309369.fasta,0.025224396733369937,0.00012834216882889632,0.4745576461149255,CM
,235560,Contig_131663.fasta,0.01632839451311416,4.646017185831061e-05,0.4567240986523344,CM
,235560,Contig_133515.fasta,0.019611926919230794,7.666070388163115e-05,0.4669798793106951,CM
,235560,Contig_57236.fasta,0.02316369328952263,0.00011370886403541943,0.4743171201919073,CM
,235560,Contig_368809.fasta,0.019989565161541684,7.919282111911213e-05,0.46838222129060714,CM
,235560,Contig_57273.fasta,0.005834728877032077,5.019348638859314e-06,0.4120773571724496,CM
,235560,Contig_53450.fasta,0.020994915784619327,8.19801800534917e-05,0.4660496405072874,CM
,235560,Contig_369809.fasta,0.01772588193553224,5.7287543785678605e-05,0.4632810287815015,CM
,235560,Contig_500212.fasta,0.0034875467658332655,1.4738784059255392e-06,0.3816589225687737,CM
,235560,Contig_985127.fasta,0.011545615907470701,2.322986639429737e-05,0.4456322276850634,CM
,235560,Contig_131527.fasta,0.008535030280962055,1.539521859978461e-05,0.43935571743597795,CM
,235560,Contig_205412.fasta,0.01635599885398068,5.048778102940784e-05,0.4591892434438828,CM
,235560,Contig_58861.fasta,0.021992238541230696,9.767280296096575e-05,0.470501597857533,CM
,235560,Contig_57172.fasta,0.008527265512376236,1.3260966211761135e-05,0.4387377769051257,CM
,235560,Contig_57931.fasta,0.011020128746970196,2.3779252852611896e-05,0.4484080872729435,CM
,235560,Contig_986539.fasta,0.02635895952551625,0.0001371350126579917,0.47600594005016944,CM
,235560,Contig_53380.fasta,0.001235536079800817,0.0,0.31841703917612557,CM
,235560,Contig_793579.fasta,0.013462987378289541,3.325718433579631e-05,0.4542852806498219,CM
,235560,Contig_53751.fasta,0.0093207136038973,1.7855570411311698e-05,0.4395620846118521,CM
,235560,Contig_56974.fasta,0.0161642888946947,5.490401437580143e-05,0.46145349020642656,CM
,235560,Contig_53714.fasta,0.02099218068439431,8.621162752795247e-05,0.46932180448276484,CM
,235560,Contig_498548.fasta,0.007626229412333712,9.759646403742247e-06,0.4308598886457795,CM
,235560,Contig_138961.fasta,0.025447811670624362,0.00013078461955989834,0.4755221941761347,CM
,235560,Contig_56931.fasta,0.011985369007424132,2.7785753754671295e-05,0.4497009505711836,CM
,235560,Contig_53490.fasta,0.017977166398133498,6.423406946016952e-05,0.4639700932764666,CM
,235560,Contig_1261469.fasta,0.019796188220074118,7.444131109066321e-05,0.46535438992473055,CM
,235560,Contig_134080.fasta,0.018595690859409333,7.249534761626359e-05,0.4669798793106951,CM
,235560,Contig_547636.fasta,0.003613544419566346,1.8799425439134747e-06,0.3881491821396238,CM
,235560,Contig_555815.fasta,0.0055594762462914905,4.630261554408209e-06,0.4081237148445849,CM
,235560,Contig_367999.fasta,0.013332705024333383,3.607505127562052e-05,0.4571703361693371,CM
,235560,Contig_542481.fasta,0.021861028136273535,0.00010107365797987169,0.4724016547898198,CM
,235560,Contig_54239.fasta,0.0,0.0,0.0,CM
,235560,Contig_135080.fasta,0.016179278897437886,5.5292842097597937e-05,0.4623654536258069,CM
,235560,Contig_543050.fasta,0.001996020163054291,3.131337460765171e-07,0.335662725300801,CM
,235560,Contig_371121.fasta,0.010466365854933662,1.7789647052499236e-05,0.4395620846118521,CM
,235560,Contig_421275.fasta,0.01635378678937884,5.528818384196267e-05,0.46122606118217496,CM
,235560,Contig_1064055.fasta,0.018664805857591213,6.494414435512319e-05,0.4623654536258069,CM
,235560,Contig_24574183.fasta,0.023246629505589953,0.00010520015773933256,0.47168733777148847,CM
,235560,Contig_1065010.fasta,0.019980599963069556,7.994082289992563e-05,0.46838222129060714,CM
,235560,Contig_542439.fasta,0.02078102365985774,8.17623288108846e-05,0.4665142961807742,CM
,235560,Contig_55615.fasta,0.0019583150739541175,3.9494372877445375e-07,0.3373567693362052,CM
,235560,Contig_1062268.fasta,0.017622234587554696,6.41318924769342e-05,0.46558590952170803,CM
,235560,Contig_545832.fasta,0.010384011431275276,2.0435209605909635e-05,0.4418449849568617,CM
,235560,Contig_994284.fasta,0.01707447680586697,5.455498090692701e-05,0.46009227047130435,CM
,235560,Contig_61283.fasta,0.014791135227474462,4.245000344060072e-05,0.4567240986523344,CM
,235560,Contig_137216.fasta,0.022208482565849567,9.462472647049472e-05,0.4700289694317595,CM
,235560,Contig_369929.fasta,0.021886400539146596,9.009944647818402e-05,0.46861676421564,CM
,235560,Contig_424266.fasta,0.0,0.0,0.0,CM
,235560,Contig_422733.fasta,0.021941432361208428,9.8201667963775e-05,0.47097517772452596,CM
,235560,Contig_993468.fasta,0.024314033438280508,0.00012087701405573721,0.4745576461149255,CM
,235560,Contig_2702.fasta,0.023224000565704127,0.00010060890137132744,0.47097517772452596,CM
,235560,Contig_550843.fasta,0.00945417511769038,1.7373731962650906e-05,0.44038949559465085,CM
,235560,Contig_555666.fasta,0.006058941841155603,5.467438014391893e-06,0.4170355071919042,CM
,235560,Contig_552333.fasta,0.001112268847245437,0.0,0.30773682280126047,CM
,235560,Contig_59941.fasta,0.012647783382920387,3.0415251181983405e-05,0.4516542848159426,CM
,235560,Contig_543660.fasta,0.012957950213809324,3.40362606751324e-05,0.45296596231298797,CM
,235560,Contig_302582.fasta,0.0,0.0,0.0,CM
,235560,Contig_985007.fasta,0.0071269831273815445,9.961806946568871e-06,0.4296729468037801,CM
,235560,Contig_137152.fasta,0.009615016320125735,1.7818035059816268e-05,0.4435202266059872,CM
,235560,Contig_551768.fasta,0.010672838345284916,2.185255783404838e-05,0.44478501812672677,CM
,235560,Contig_54324.fasta,0.017743439308423117,6.207124690362346e-05,0.464200237171941,CM
,235560,Contig_554908.fasta,0.019613516702334976,7.638674126674876e-05,0.4662818525852681,CM
,235560,Contig_988264.fasta,0.023405931758965697,0.00011042843605657223,0.47287906929693435,CM
,235560,Contig_57017.fasta,0.015267688102466427,4.6757192830697556e-05,0.46009227047130435,CM
,235560,Contig_930599.fasta,0.007004300389114702,9.506207166763194e-06,0.4281004932015705,CM
,235560,Contig_368836.fasta,0.024314148484252947,0.00011905220520685857,0.4745576461149255,CM
,235560,Contig_501295.fasta,0.020273435972813326,8.191622066332819e-05,0.46908655545796146,CM
,235560,Contig_549348.fasta,0.022910813550178766,0.00010405811880801723,0.4712123253467438,CM
,235560,Contig_3936.fasta,0.025932579839830865,0.00013498210178379457,0.47624818225884635,CM
,235560,Contig_53793.fasta,0.017350050392223936,5.7941733276330945e-05,0.4616811436303074,CM
,235560,Contig_421232.fasta,0.0,0.0,0.0,CM
,235560,Contig_368389.fasta,0.025581536942864132,0.00013396670671274717,0.4755221941761347,CM
,235560,Contig_58788.fasta,0.004998408408747481,4.250178211426822e-06,0.4111720905705769,CM
,235560,Contig_991500.fasta,0.02755968747940044,0.00015187347459134988,0.47770682906515216,CM
,235560,Contig_555817.fasta,0.0196164527487298,7.266876843043033e-05,0.46535438992473055,CM
,235560,Contig_542483.fasta,0.0080432698175544,9.925143336390365e-06,0.4277091764801797,CM
,235560,Contig_132900.fasta,0.012941999105621025,3.189717441576099e-05,0.4507840453461624,CM
,235560,Contig_543052.fasta,0.001110657935674767,0.0,0.30713084284169123,CM
,235560,Contig_546119.fasta,0.008139551739891051,9.215857538153264e-06,0.4277091764801797,CM
,235560,Contig_6086.fasta,0.006572676330533032,6.36129627694911e-06,0.41262243304172536,CM
,235560,Contig_369459.fasta,0.021953493662422077,9.472919513065893e-05,0.470501597857533,CM
,235560,Contig_1064787.fasta,0.0034846063759944408,1.6486071675051781e-06,0.3830649521648109,CM
,235560,Contig_993918.fasta,0.006427803558339937,6.91036010402629e-06,0.4150011876446266,CM
,235560,Contig_420935.fasta,0.008529962590213285,1.539684580817052e-05,0.4389435638548935,CM
,235560,Contig_209716.fasta,0.014039303177620654,3.8532036566540035e-05,0.45539059763437134,CM
,235560,Contig_549952.fasta,0.002572991190512257,6.590094897253925e-07,0.37298831332747434,CM
,235560,Contig_368269.fasta,0.0038138437671639156,2.2850825780205643e-06,0.3992438899908844,CM
,235560,Contig_58668.fasta,0.021619400219668385,9.425690790610712e-05,0.47026516489378545,CM
,235560,Contig_542949.fasta,0.01650837717620916,5.108307915265792e-05,0.4609988562259276,CM
,235560,Contig_425926.fasta,0.0,0.0,0.0,CM
,235560,Contig_439.fasta,0.012828930796484788,3.2229726948067585e-05,0.4510012906692208,CM
,235560,Contig_428343.fasta,0.018118614313177583,6.580366744950164e-05,0.4609988562259276,CM
,235560,Contig_502497.fasta,0.005896785075043526,5.259534864984172e-06,0.41536958639087135,CM
,235560,Contig_793333.fasta,0.013219794537119682,3.6367301781810823e-05,0.4551691041530317,CM
,235560,Contig_985040.fasta,0.021611345656573543,9.361225641250131e-05,0.46932180448276484,CM
,235560,Contig_544337.fasta,0.00832547297947393,1.3184688386404748e-05,0.43547123226553425,CM
,235560,Contig_302538.fasta,0.0037343520259844895,1.9342512370119363e-06,0.39436480326111806,CM
,235560,Contig_371387.fasta,0.005966002710569021,6.503949589045451e-06,0.4209751138725295,CM
,235560,Contig_985429.fasta,0.01436340568039366,4.169172840654637e-05,0.45450591458894274,CM
,235560,Contig_57780.fasta,0.014832144251301776,4.0617752552565424e-05,0.45561230678609205,CM
,235560,Contig_5210.fasta,0.002346194015475584,6.546016023033361e-07,0.35786909297844477,CM
,235560,Contig_139344.fasta,0.0068834641422212735,8.156117320501343e-06,0.42345143807177965,CM
,235560,Contig_303250.fasta,0.01093440212345663,2.2275114929136557e-05,0.44478501812672677,CM
,235560,Contig_547305.fasta,0.0012631566850147468,0.0,0.3222547101028351,CM
,235560,Contig_368294.fasta,0.01724232403597297,6.038640597105788e-05,0.4639700932764666,CM
,235560,Contig_542526.fasta,0.0037729077977325747,2.1651055825385664e-06,0.39503067882593207,CM
,235560,Contig_59201.fasta,0.001112268847245437,0.0,0.30773682280126047,CM
,235560,Contig_132437.fasta,0.012549404198744299,2.8562609716615286e-05,0.45252789078270456,CM
,235560,Contig_135127.fasta,0.01795740976489532,6.274247268729934e-05,0.4644306094980809,CM
,235560,Contig_498840.fasta,0.01728791090157335,5.6071417861471816e-05,0.46077187500671246,CM
,235560,Contig_201012.fasta,0.006993323100811265,8.172705768764939e-06,0.4232599177470073,CM
,235560,Contig_502796.fasta,0.01328849869196993,3.447962433615269e-05,0.4547267629439422,CM
,235560,Contig_371838.fasta,0.023350486188610513,0.00010922892835204883,0.4731181385938489,CM
,235560,Contig_369953.fasta,0.02316668005908174,0.00010212694840732047,0.47073826868140495,CM
,235560,Contig_53998.fasta,0.0024260114303454087,6.022563343238855e-07,0.3613234278527541,CM
,235560,Contig_549268.fasta,0.003452128640182365,1.8255461572076442e-06,0.38385056527425476,CM
,235560,Contig_627031.fasta,0.009290573142608286,1.558818959377855e-05,0.4379165550484947,CM
,235560,Contig_60946.fasta,0.023661623946463362,0.00010728254002230989,0.471925203297344,CM
,235560,Contig_368584.fasta,0.01674894723621212,5.883240501374019e-05,0.464200237171941,CM
,235560,Contig_499387.fasta,0.0035126878208418494,1.7617080713374896e-06,0.3865459224034007,CM
,235560,Contig_368916.fasta,0.022052644867732184,9.581707354275407e-05,0.46979301111377164,CM
,235560,Contig_131739.fasta,0.008358578195366579,1.2181347178196069e-05,0.43225296911715155,CM
,235560,Contig_368678.fasta,0.02035773037956095,8.208049180941706e-05,0.4674463926766399,CM
,235560,Contig_55737.fasta,0.00214859047932122,4.597073618646212e-07,0.3489290373372979,CM
,235560,Contig_57441.fasta,0.012981309224834148,3.456572805470101e-05,0.453185316289895,CM
,235560,Contig_139085.fasta,0.01942780053546519,7.56880376523575e-05,0.46558590952170803,CM
,235560,Contig_5194.fasta,0.001110657935674767,0.0,0.30713084284169123,CM
,235560,Contig_500498.fasta,0.009851983806703204,1.7121932564840777e-05,0.4410121009135877,CM
,235560,Contig_35.fasta,0.002890398922711579,1.2812990958038856e-06,0.36076625988382155,CM
,235560,Contig_1124667.fasta,0.020547568019000217,8.084871689827013e-05,0.46721301954000655,CM
,235560,Contig_800316.fasta,0.0010262557614414472,0.0,0.299656637252204,CM
,235560,Contig_56028.fasta,0.019324891872998008,7.487324560339099e-05,0.46581765960111154,CM
,235560,Contig_551712.fasta,0.0021711621724225037,4.768904356043815e-07,0.34698838640661217,CM
,235560,Contig_502713.fasta,0.02583459088537345,0.00012714061713942418,0.4745576461149255,CM
,235560,Contig_59610.fasta,0.01385759874024588,3.77273567292372e-05,0.45450591458894274,CM
,235560,Contig_302604.fasta,0.015289079147791023,4.815363076979951e-05,0.4589640402837828,CM
,235560,Contig_551757.fasta,0.003831440430147378,1.9974592999839336e-06,0.39941428857816175,CM
,235560,Contig_932201.fasta,0.004617825819422049,3.0325286202540754e-06,0.4009544465032704,CM
,235560,Contig_133865.fasta,0.0022672531228165632,4.738397345026206e-07,0.35327583168691323,CM
,235560,Contig_986463.fasta,0.01708893613112701,5.592371926453138e-05,0.4623654536258069,CM
,235560,Contig_545427.fasta,0.0067451644775678435,8.082250006875316e-06,0.4205967092757901,CM
,235560,Contig_62172.fasta,0.013926286832191282,3.71269007986901e-05,0.4527468205798902,CM
,235560,Contig_55436.fasta,0.003274035769976538,1.5448219460701758e-06,0.3785710672081849,CM
,235560,Contig_548295.fasta,0.0037357894552477807,1.8714595665384661e-06,0.3940327065846876,CM
,235560,Contig_550839.fasta,0.0,0.0,0.0,CM
,235560,Contig_370302.fasta,0.0172873822006558,6.262233042350447e-05,0.4632810287815015,CM
,235560,Contig_372074.fasta,0.02347752091852908,0.00011139747708656529,0.473357449741342,CM
,235560,Contig_553798.fasta,0.022035713835116027,9.155808779266424e-05,0.46908655545796146,CM
,235560,Contig_500799.fasta,0.007008305046989629,8.32363760623151e-06,0.42479694876923885,CM
,235560,Contig_54243.fasta,0.02641134150756681,0.00013772399624524523,0.47624818225884635,CM
,235560,Contig_543869.fasta,0.0,0.0,0.0,CM
,235560,Contig_137718.fasta,0.026347855892919537,0.00013325540280139907,0.47407683796283334,CM
,235560,Contig_53716.fasta,0.010887632841068256,2.164765189608425e-05,0.44584453460630447,CM
,235560,Contig_369798.fasta,0.012058781538107683,2.7979387211555192e-05,0.4518723699365684,CM
,235560,Contig_985160.fasta,0.013915859706145036,3.4726448642569946e-05,0.4516542848159426,CM
,235560,Contig_56618.fasta,0.01656445934911873,4.815597645553382e-05,0.4594146677165602,CM
,235560,Contig_369421.fasta,0.0025471034891439317,6.251195537699791e-07,0.37047809902558715,CM
,235560,Contig_136070.fasta,0.018371695794426664,6.915805790891413e-05,0.46489204080408997,CM
,235560,Contig_547124.fasta,0.005042510323882569,3.920986089564639e-06,0.4120773571724496,CM
,235560,Contig_555395.fasta,0.002391888503401093,6.477923981089289e-07,0.3606272362769299,CM
,235560,Contig_2620.fasta,0.022340748093001763,9.936399522934206e-05,0.47073826868140495,CM
,235560,Contig_990679.fasta,0.003550774915553663,1.5187889880460511e-06,0.38400807473887283,CM
,235560,Contig_137371.fasta,0.01888181113314434,7.338473396561317e-05,0.4665142961807742,CM
,235560,Contig_200971.fasta,0.004963466225633399,2.952093837144916e-06,0.4117147726082856,CM
,235560,Contig_55880.fasta,0.024230719470304165,0.00011722949404588299,0.4731181385938489,CM
,235560,Contig_53941.fasta,0.015545374134735411,4.5645334547690455e-05,0.4567240986523344,CM
,235560,Contig_54457.fasta,0.00443408149072317,2.443864452653983e-06,0.39238057783590485,CM
,235560,Contig_543587.fasta,0.0010262557614414472,0.0,0.299656637252204,CM
,235560,Contig_132047.fasta,0.001160388439696467,0.0,0.3104935892961623,CM
,235560,Contig_133002.fasta,0.020363518682424288,7.822394879370503e-05,0.46767999906978164,CM
,235560,Contig_368235.fasta,0.015384789540829818,4.6712541695032535e-05,0.45873905791109465,CM
,235560,Contig_212696.fasta,0.016795496456418896,5.261028036452921e-05,0.4609988562259276,CM
,235560,Contig_428432.fasta,0.027973115494060334,0.0001543008563583201,0.47770682906515216,CM
,235560,Contig_545097.fasta,0.001236973509064108,0.0,0.31830873406075955,CM
,235560,Contig_550773.fasta,0.004920918109833446,3.5470690912167707e-06,0.4090155935920599,CM
,235560,Contig_134557.fasta,0.018405100410791006,6.429462432538385e-05,0.4630517952195117,CM
,235560,Contig_370062.fasta,0.012907073877384944,3.251038968691913e-05,0.4527468205798902,CM
,235560,Contig_420336.fasta,0.005568745269208343,4.69057969067128e-06,0.40776805147652856,CM
,235560,Contig_60298.fasta,0.0188095925105684,6.472891902290347e-05,0.46489204080408997,CM
,235560,Contig_424515.fasta,0.0012673504040907617,0.0,0.3211488257167581,CM
,235560,Contig_498859.fasta,0.010349954940854566,1.8055380428922128e-05,0.44018235095890546,CM
,235560,Contig_987746.fasta,0.0046254816992582085,3.3969068347992036e-06,0.40164278031700995,CM
,235560,Contig_553390.fasta,0.0208498142102582,8.594438720612856e-05,0.4688515421536238,CM
,235560,Contig_54838.fasta,0.02476829342933575,0.00012062212101891238,0.4735970031065957,CM
,235560,Contig_808772.fasta,0.026264366738969883,0.00013311184894554935,0.47479841610280726,CM
,235560,concatenated_maxbin2.1689.fasta,0.12295691124843915,0.027548593031232516,0.43709840174620884,CM
,235560,concatenated_maxbin2.0347.fasta,0.15657452450845494,0.053650996859494524,0.4964603067048452,CM
,235560,concatenated_maxbin2.0432.fasta,0.1523355556074367,0.05256418893241061,0.4917644131049044,CM
,235560,concatenated_maxbin2.0512.fasta,0.1390275053784571,0.03709537851643203,0.46054511719420915,CM
,235560,concatenated_maxbin2.0082.fasta,0.1349659549426638,0.030947367407070724,0.4551691041530317,CM
,235560,concatenated_metabat2.783.fasta,0.10155879989811542,0.016369806477962014,0.4081237148445849,CM
,235560,concatenated_bin.308.fasta,0.14415711282785817,0.04209860484605514,0.4712123253467438,CM
,235560,concatenated_maxbin2.0325.fasta,0.11618861490582659,0.020112038284909584,0.42518295235739806,CM
,235560,concatenated_metabat2.665.fasta,0.14340453741282191,0.04098521355612645,0.4714497119086313,CM
,235560,concatenated_maxbin2.0610.fasta,0.1414814653480812,0.041890205907599294,0.46838222129060714,CM
,235560,concatenated_maxbin2.0126.fasta,0.14725874881292714,0.045060775035893744,0.4781950322629704,CM
,235560,concatenated_maxbin2.0342.fasta,0.11932700154494377,0.02494580644648234,0.4312569945339323,CM
,235560,concatenated_bin.737.fasta,0.15134028986505457,0.04661709136744667,0.4869030583447623,CM
,235560,concatenated_bin.182.fasta,0.11148105828517525,0.021165937985796385,0.42135419997236967,CM
,235560,concatenated_maxbin2.0908.fasta,0.15586635550766353,0.053722085330308436,0.4954090408356978,CM
,235560,concatenated_maxbin2.1011.fasta,0.14988449536352835,0.0420560982381131,0.48040435222722433,CM
,235560,concatenated_metabat2.358.fasta,0.13144432670991685,0.028085161528005647,0.44797878321619583,CM
,235560,concatenated_maxbin2.0541.fasta,0.14803103262965814,0.04440867085781728,0.4781950322629704,CM
,235560,concatenated_bin.204.fasta,0.12175777109093187,0.027717808765294966,0.43669047043333326,CM
,235560,concatenated_metabat2.164.fasta,0.129925121163803,0.028529747053104265,0.44584453460630447,CM
,235560,concatenated_maxbin2.0329.fasta,0.13306923513133279,0.034708878757185736,0.453185316289895,CM
,235560,concatenated_bin.240.fasta,0.1332622403435478,0.037187754925708194,0.45450591458894274,CM
,235560,concatenated_metabat2.793.fasta,0.15184274428587674,0.04550147057920212,0.4843828561794167,CM
,235560,concatenated_maxbin2.0177.fasta,0.13837172544466797,0.03976830439483052,0.4630517952195117,CM
,235560,concatenated_metabat2.147.fasta,0.14820325272234153,0.04340699569329631,0.4779508059952161,CM
,235560,concatenated_maxbin2.0272.fasta,0.16101435555481075,0.055015392770673105,0.5074987408560917,CM
