Method,Number of Swaps,Node,Eigenvector Centrality,Betweenness Centrality,Closeness Centrality
SM,201630,49614--sample_49614_k141_1366290,0.022212786564029387,1.8276632065341817e-05,0.5015576323987538
SM,201630,49614--sample_49614_k141_1673869,0.01827503406746673,1.2830693313508268e-05,0.5003885003885004
SM,201630,49614--sample_49614_k141_361656,0.014685815784938275,7.983190902272304e-06,0.4984520123839009
SM,201630,49614--sample_49614_k141_1427871,0.014742430987210882,7.915956052270918e-06,0.4992248062015504
SM,201630,49614--sample_49614_k141_1684910,0.015936313254353098,9.445380643754584e-06,0.49961210240496506
SM,201630,49614--sample_49614_k141_1888333,0.0209558295635698,1.6276951269600836e-05,0.5011673151750973
SM,201630,49614--sample_49614_k141_1420726,0.02443371178340827,2.3130908436713234e-05,0.5023400936037441
SM,201630,49614--sample_49614_k141_1263971,0.020930643154072018,1.638304995090107e-05,0.5011673151750973
SM,201630,49614--sample_49614_k141_1030954,0.020800261036964307,1.6559594915052126e-05,0.5011673151750973
SM,201630,49614--sample_49614_k141_1613401,0.02206150216153574,1.855640146518197e-05,0.5015576323987538
SM,201630,49614--sample_49614_k141_1358288,0.018739267316589408,1.2391749781754223e-05,0.5003885003885004
SM,201630,49614--sample_49614_k141_1030670,0.024635294283544714,2.2857011065542676e-05,0.5023400936037441
SM,201630,49614--sample_49614_k141_1820688,0.015911764591908174,9.513582272443413e-06,0.49961210240496506
SM,201630,49614--sample_49614_k141_1487501,0.022280142621832498,1.8308316609338754e-05,0.5015576323987538
SM,201630,49614--sample_49614_k141_1651093,0.023245850688261068,2.078356987395359e-05,0.5019485580670304
SM,201630,49614--sample_49614_k141_1675793,0.018400267395424122,1.2727913208736055e-05,0.5003885003885004
SM,201630,49614--sample_49614_k141_942127,0.018306706268456194,1.2741266843504686e-05,0.5003885003885004
SM,201630,49614--sample_49614_k141_656736,0.016030770543932104,9.368867854931061e-06,0.49961210240496506
SM,201630,49614--sample_49614_k141_1678667,0.01847463799288297,1.2616776172253596e-05,0.5
SM,201630,49614--sample_49614_k141_1943765,0.027060473500960077,2.7862382775479345e-05,0.503125
SM,201630,49614--sample_49614_k141_1816064,0.019692311327147452,1.4461530268586628e-05,0.5007776049766719
SM,201630,49614--sample_49614_k141_149411,0.022076636000465322,1.8561212417386063e-05,0.5015576323987538
SM,201630,49614--sample_49614_k141_1996265,0.014650621403490311,8.071195826971588e-06,0.4992248062015504
SM,201630,49614--sample_49614_k141_1502755,0.023417261785862422,2.0527759049151036e-05,0.5019485580670304
SM,201630,49614--sample_49614_k141_259366,0.02093176237405899,1.638697118554245e-05,0.5011673151750973
SM,201630,49614--sample_49614_k141_75054,0.022051203631268074,1.8560538617788878e-05,0.5015576323987538
SM,201630,49614--sample_49614_k141_2139,0.024577990336663382,2.292360751316714e-05,0.5023400936037441
SM,201630,49614--sample_49614_k141_823274,0.014669319229472927,8.009039625150386e-06,0.4992248062015504
SM,201630,49614--sample_49614_k141_1735709,0.023321198471246557,2.0686777539159965e-05,0.5019485580670304
SM,201630,49614--sample_49614_k141_762662,0.019782173477537347,1.4352014828858211e-05,0.5007776049766719
SM,201630,49614--sample_49614_k141_1698348,0.01359475432687219,6.620778692050659e-06,0.4984520123839009
SM,201630,49614--sample_49614_k141_1641869,0.01733864307642814,1.0800209094902706e-05,0.5
SM,201630,49614--sample_49614_k141_262368,0.02205900390551858,1.8578587467295957e-05,0.5015576323987538
SM,201630,49614--sample_49614_k141_611934,0.017333179441916438,1.0882533152803619e-05,0.5
SM,201630,49614--sample_49614_k141_405366,0.02097509649115238,1.638549862276974e-05,0.5011673151750973
SM,201630,49614--sample_49614_k141_1298515,0.018573385887391568,1.2540621305427911e-05,0.5003885003885004
SM,201630,49614--sample_49614_k141_1081030,0.01958938706080923,1.4571146718484345e-05,0.5007776049766719
SM,201630,49614--sample_49614_k141_1494757,0.01847503690775513,1.2655620048564937e-05,0.5003885003885004
SM,201630,49614--sample_49614_k141_228945,0.022183485641463847,1.838833553623681e-05,0.5015576323987538
SM,201630,49614--sample_49614_k141_651585,0.012302010571187292,5.452744209884114e-06,0.4984520123839009
SM,201630,49614--sample_49614_k141_1667848,0.015980066331735352,9.445372036590315e-06,0.49961210240496506
SM,201630,49614--sample_49614_k141_1582181,0.018586296503134193,1.2525216383420032e-05,0.5003885003885004
SM,201630,49614--sample_49614_k141_888599,0.019629068001268533,1.452300091839294e-05,0.5007776049766719
SM,201630,49614--sample_49614_k141_589501,0.025837024170588776,2.53612470867887e-05,0.5027322404371585
SM,201630,49614--sample_49614_k141_1751193,0.014764945680901483,7.969024296433791e-06,0.4992248062015504
SM,201630,49614--sample_49614_k141_1297148,0.02217492161032807,1.8367978943968157e-05,0.5015576323987538
SM,201630,49614--sample_49614_k141_2279922,0.019709004569777845,1.4442859100263862e-05,0.5007776049766719
SM,201630,49614--sample_49614_k141_311416,0.020978681706366183,1.6342445799156576e-05,0.5011673151750973
SM,201630,49614--sample_49614_k141_401001,0.018355520582310242,1.280444699877823e-05,0.5003885003885004
SM,201630,49614--sample_49614_k141_1969311,0.018514590107665856,1.2655088164706933e-05,0.5003885003885004
SM,201630,49614--sample_49614_k141_239722,0.023268942645292487,2.0721736865962586e-05,0.5019485580670304
SM,201630,49614--sample_49614_k141_714468,0.023369825510803497,2.0662598003804142e-05,0.5019485580670304
SM,201630,49614--sample_49614_k141_1994231,0.025973205191109468,2.5104190892702808e-05,0.5027322404371585
SM,201630,49614--sample_49614_k141_2178769,0.023574437828443207,2.0368515201224827e-05,0.5019485580670304
SM,201630,49614--sample_49614_k141_461285,0.019518723831557373,1.4571558543610048e-05,0.5007776049766719
SM,201630,49614--sample_49614_k141_872999,0.01731139573377302,1.0896067516464654e-05,0.5
SM,201630,49614--sample_49614_k141_60460,0.020829717088752336,1.6463718762028087e-05,0.5011673151750973
SM,201630,49614--sample_49614_k141_2173118,0.027050476176367185,2.790945466280266e-05,0.503125
SM,201630,49614--sample_49614_k141_1230032,0.01725015647302,1.0984270398921956e-05,0.5
SM,201630,49614--sample_49614_k141_2164689,0.023474989070390733,2.051627884827875e-05,0.5019485580670304
SM,201630,49614--sample_49614_k141_153009,0.020758658986686232,1.6581403178644448e-05,0.5011673151750973
SM,201630,49614--sample_49614_k141_38739,0.0134798686985796,6.71371671016385e-06,0.4988381099922541
SM,201630,49614--sample_49614_k141_978190,0.020864757018156755,1.6467058770622663e-05,0.5011673151750973
SM,201630,49614--sample_49614_k141_1331948,0.017106841161692195,1.1080741196045494e-05,0.5
SM,201630,49614--sample_49614_k141_736090,0.021972883693551826,1.8645068596414432e-05,0.5015576323987538
SM,201630,49614--sample_49614_k141_693752,0.018306717374454724,1.2794117741679397e-05,0.5003885003885004
SM,201630,49614--sample_49614_k141_768537,0.019710279104599823,1.4418789364478848e-05,0.5007776049766719
SM,201630,49614--sample_49614_k141_1297508,0.02702501563901012,2.7871011560356653e-05,0.503125
SM,201630,49614--sample_49614_k141_1820469,0.022221676078304123,1.8415533935295783e-05,0.5015576323987538
SM,201630,49614--sample_49614_k141_983271,0.014642393902204094,8.038754968849786e-06,0.4992248062015504
SM,201630,49614--sample_49614_k141_1706254,0.019740603694548067,1.4399371748779159e-05,0.5007776049766719
SM,201630,49614--sample_49614_k141_2143008,0.017274764304750053,1.095187775232156e-05,0.5
SM,201630,49614--sample_49614_k141_917802,0.017274745454077818,1.0939410501549451e-05,0.5
SM,201630,49614--sample_49614_k141_1082226,0.02106034188723287,1.6227900269091736e-05,0.5011673151750973
SM,201630,49614--sample_49614_k141_2049411,0.01612203476760177,9.36386542859958e-06,0.49961210240496506
SM,201630,49614--sample_49614_k141_1581344,0.02204823119402479,1.855773435652992e-05,0.5015576323987538
SM,201630,49614--sample_49614_k141_625148,0.024629622304540598,2.2871510197720594e-05,0.5023400936037441
SM,201630,49614--sample_49614_k141_1609489,0.022123145854979636,1.852989721935398e-05,0.5015576323987538
SM,201630,49614--sample_49614_k141_65000,0.018402699972414793,1.2697546867705953e-05,0.5003885003885004
SM,201630,49614--sample_49614_k141_301897,0.01715718378609316,1.1052497703350103e-05,0.5
SM,201630,49614--sample_49614_k141_1808202,0.02209297081988126,1.855158439606952e-05,0.5015576323987538
SM,201630,49614--sample_49614_k141_455871,0.018511420218908937,1.2579702706510139e-05,0.5003885003885004
SM,201630,49614--sample_49614_k141_1432154,0.02452243296934598,2.297426691506352e-05,0.5023400936037441
SM,201630,49614--sample_49614_k141_974705,0.018507846070217784,1.264860854540041e-05,0.5003885003885004
SM,201630,49614--sample_49614_k141_945712,0.022154816233887924,1.8416289927660806e-05,0.5015576323987538
SM,201630,49614--sample_49614_k141_82393,0.026897503929216672,2.8119641161931866e-05,0.503125
SM,201630,49614--sample_49614_k141_1302202,0.014688904842853606,7.970321871087573e-06,0.4992248062015504
SM,201630,49614--sample_49614_k141_290227,0.01968633716810881,1.4482089796445229e-05,0.5007776049766719
SM,201630,49614--sample_49614_k141_2198304,0.01979036646044469,1.4324023981978603e-05,0.5007776049766719
SM,201630,49614--sample_49614_k141_1239175,0.022109967996802305,1.8488198808561644e-05,0.5015576323987538
SM,201630,49614--sample_49614_k141_581161,0.017102603834660283,1.1088399228320398e-05,0.5
SM,201630,49614--sample_49614_k141_1129144,0.015892355526427374,9.508523886010307e-06,0.49961210240496506
SM,201630,49614--sample_49614_k141_517086,0.024621941878044225,2.2823622527228458e-05,0.5023400936037441
SM,201630,49614--sample_49614_k141_734937,0.02205733158179158,1.8567906154220517e-05,0.5015576323987538
SM,201630,49614--sample_49614_k141_1636650,0.021997500046466056,1.8647877056326077e-05,0.5015576323987538
SM,201630,49614--sample_49614_k141_1173914,0.0172679868711863,1.0902845405339256e-05,0.5
SM,201630,49614--sample_49614_k141_945388,0.025767828600201655,2.5439387486331644e-05,0.5027322404371585
SM,201630,49614--sample_49614_k141_518814,0.022265404962885708,1.8318596427930434e-05,0.5015576323987538
SM,201630,49614--sample_49614_k141_1499111,0.015815799900456413,9.564126432075586e-06,0.49961210240496506
SM,201630,49614--sample_49614_k141_1431,0.020890620888403526,1.6371767160745692e-05,0.5011673151750973
SM,201630,49614--sample_49614_k141_2129664,0.02107416979140812,1.6205368441317994e-05,0.5011673151750973
SM,201630,49614--sample_49614_k141_1838286,0.02098208262493002,1.634327502548802e-05,0.5011673151750973
SM,201630,49614--sample_49614_k141_533429,0.020900746699800157,1.6429312880981657e-05,0.5011673151750973
SM,201630,49614--sample_49614_k141_1809878,0.01841949230400124,1.2746699028158499e-05,0.5003885003885004
SM,201630,49614--sample_49614_k141_924335,0.018412729429250905,1.2768028652122172e-05,0.5003885003885004
SM,201630,49614--sample_49614_k141_575385,0.020729365771184782,1.659810642847197e-05,0.5011673151750973
SM,201630,49614--sample_49614_k141_1317799,0.015987160874068707,9.442334445578332e-06,0.49961210240496506
SM,201630,49614--sample_49614_k141_1611182,0.017077508214385785,1.10815196261126e-05,0.5
SM,201630,49614--sample_49614_k141_330023,0.021032213296662883,1.6274901541339937e-05,0.5011673151750973
SM,201630,49614--sample_49614_k141_918242,0.01740590359906164,1.0786572673161603e-05,0.5
SM,201630,49614--sample_49614_k141_2021145,0.015977034517948886,9.432177155113098e-06,0.4992248062015504
SM,201630,49614--sample_49614_k141_1050375,0.020699261478246505,1.6612599673271885e-05,0.5011673151750973
SM,201630,49614--sample_49614_k141_248429,0.020960394290315425,1.6428044165356078e-05,0.5011673151750973
SM,201630,49614--sample_49614_k141_2013565,0.019428583404224077,1.473820984381073e-05,0.5007776049766719
SM,201630,49614--sample_49614_k141_1607582,0.022178317841164936,1.8484663903631643e-05,0.5015576323987538
SM,201630,49614--sample_49614_k141_3196,0.0222610237007725,1.823552993155187e-05,0.5015576323987538
SM,201630,49614--sample_49614_k141_134781,0.024456396646620863,2.3114057995085174e-05,0.5023400936037441
SM,201630,49614--sample_49614_k141_519892,0.02335542986803909,2.0639903175093305e-05,0.5019485580670304
SM,201630,49614--sample_49614_k141_1887436,0.023332160159827867,2.0645333378586787e-05,0.5019485580670304
SM,201630,49614--sample_49614_k141_1615394,0.019712958978945067,1.4408358373099847e-05,0.5007776049766719
SM,201630,49614--sample_49614_k141_4744,0.02322306857097122,2.0834142082545108e-05,0.5019485580670304
SM,201630,49614--sample_49614_k141_1820321,0.01716206229454772,1.1070414609111233e-05,0.5
SM,201630,49614--sample_49614_k141_806895,0.017279108801567,1.0932654752803167e-05,0.5
SM,201630,49614--sample_49614_k141_541379,0.020902419565419703,1.641596778354954e-05,0.5011673151750973
SM,201630,49614--sample_49614_k141_1890593,0.019472991206255365,1.467505979011889e-05,0.5007776049766719
SM,201630,49614--sample_49614_k141_590446,0.018468750174931225,1.2572055321599965e-05,0.5003885003885004
SM,201630,49614--sample_49614_k141_1777190,0.01839278191805183,1.2727024380711858e-05,0.5003885003885004
SM,201630,49614--sample_49614_k141_1243219,0.01829520188048548,1.2781074925883828e-05,0.5003885003885004
SM,201630,49614--sample_49614_k141_2043775,0.02205950856845117,1.8595297282215752e-05,0.5015576323987538
SM,201630,49614--sample_49614_k141_1387687,0.020810509433942793,1.6563428385554494e-05,0.5011673151750973
SM,201630,49614--sample_49614_k141_2306863,0.015994491895456295,9.431153603344279e-06,0.49961210240496506
SM,201630,49614--sample_49614_k141_1359850,0.019617548372552415,1.4536307281014211e-05,0.5007776049766719
SM,201630,49614--sample_49614_k141_559284,0.020827134611632707,1.650105962319527e-05,0.5011673151750973
SM,201630,49614--sample_49614_k141_2091805,0.025740715694823033,2.5479801107788807e-05,0.5027322404371585
SM,201630,49614--sample_49614_k141_834841,0.015867955290082753,9.49717423630175e-06,0.49961210240496506
SM,201630,49614--sample_49614_k141_135183,0.02206119606750209,1.8523836158344274e-05,0.5015576323987538
SM,201630,49614--sample_49614_k141_271904,0.023288264179517924,2.0744138833806454e-05,0.5019485580670304
SM,201630,49614--sample_49614_k141_2240088,0.022238351673859062,1.8373028668810027e-05,0.5015576323987538
SM,201630,49614--sample_49614_k141_838838,0.019712149888361254,1.4418910426369676e-05,0.5007776049766719
SM,201630,49614--sample_49614_k141_331421,0.022202417045624142,1.8341714359177402e-05,0.5015576323987538
SM,201630,49614--sample_49614_k141_1716839,0.023314685021894373,2.0667657972350212e-05,0.5019485580670304
SM,201630,49614--sample_49614_k141_1819997,0.022008310826628255,1.8645390302047926e-05,0.5015576323987538
SM,201630,49614--sample_49614_k141_1586341,0.018437170718705848,1.2634516682049021e-05,0.5003885003885004
SM,201630,49614--sample_49614_k141_2131776,0.019710797994927195,1.4426520305723445e-05,0.5007776049766719
SM,201630,49614--sample_49614_k141_1339374,0.0233903256176499,2.0637610670817495e-05,0.5019485580670304
SM,201630,49614--sample_49614_k141_31048,0.018562678017221664,1.2549846800662378e-05,0.5003885003885004
SM,201630,49614--sample_49614_k141_1871025,0.020855031425628005,1.6439614807620083e-05,0.5011673151750973
SM,201630,49614--sample_49614_k141_995602,0.014820204087938731,7.955859313186562e-06,0.4992248062015504
SM,201630,49614--sample_49614_k141_459191,0.014771365344022727,7.925030646695022e-06,0.4992248062015504
SM,201630,49614--sample_49614_k141_1160020,0.019727935321689774,1.4432823188125899e-05,0.5007776049766719
SM,201630,49614--sample_49614_k141_871051,0.012223835718530095,5.5006505889726365e-06,0.4984520123839009
SM,201630,49614--sample_49614_k141_1387103,0.020822524869196446,1.6441251578524032e-05,0.5011673151750973
SM,201630,49614--sample_49614_k141_70929,0.01971174808707588,1.4478771686523251e-05,0.5007776049766719
SM,201630,49614--sample_49614_k141_674158,0.018445708040173127,1.2691549168810308e-05,0.5003885003885004
SM,201630,49614--sample_49614_k141_148117,0.017285395383455218,1.0882455739056734e-05,0.5
SM,201630,49614--sample_49614_k141_2202806,0.02098735624344248,1.6363389619399053e-05,0.5011673151750973
SM,201630,49614--sample_49614_k141_2190878,0.018298022259267764,1.28052191784643e-05,0.5003885003885004
SM,201630,49614--sample_49614_k141_1326880,0.019570647463143475,1.4522323949807293e-05,0.5007776049766719
SM,201630,49614--sample_49614_k141_2097207,0.013521237649844602,6.642671494847919e-06,0.4988381099922541
SM,201630,49614--sample_49614_k141_325554,0.015901181108391543,9.470042340137084e-06,0.49961210240496506
SM,201630,49614--sample_49614_k141_658929,0.02342274235730662,2.056014200632306e-05,0.5019485580670304
SM,201630,49614--sample_49614_k141_844689,0.017152869160663536,1.1064686036129151e-05,0.5
SM,201630,49614--sample_49614_k141_1178427,0.020892393523932316,1.6473168886791646e-05,0.5011673151750973
SM,201630,49614--sample_49614_k141_924455,0.022006152571943043,1.8582663069687274e-05,0.5015576323987538
SM,201630,49614--sample_49614_k141_548218,0.018268227565153512,1.2802749384749342e-05,0.5003885003885004
SM,201630,49614--sample_49614_k141_157529,0.02332177482687995,2.0659223558189e-05,0.5019485580670304
SM,201630,49614--sample_49614_k141_1043792,0.020943288340408817,1.632559704990344e-05,0.5011673151750973
SM,201630,49614--sample_49614_k141_282500,0.02347092749219378,2.051972283451007e-05,0.5019485580670304
SM,201630,49614--sample_49614_k141_1047512,0.020944595007462666,1.6383606990366914e-05,0.5011673151750973
SM,201630,49614--sample_49614_k141_1812456,0.02212672151165498,1.8463900448723572e-05,0.5015576323987538
SM,201630,49614--sample_49614_k141_991277,0.021045768553753952,1.6241185298383983e-05,0.5011673151750973
SM,201630,49614--sample_49614_k141_2155159,0.014809127141421474,7.890479450981055e-06,0.4988381099922541
SM,201630,49614--sample_49614_k141_1515117,0.012174638128007915,5.52892578030664e-06,0.4984520123839009
SM,201630,49614--sample_49614_k141_1610034,0.017093279837448745,1.1057894414836e-05,0.5
SM,201630,49614--sample_49614_k141_438690,0.022154382170958237,1.8438317038832418e-05,0.5015576323987538
SM,201630,49614--sample_49614_k141_2037150,0.01976103680811976,1.4380133473159679e-05,0.5007776049766719
SM,201630,49614--sample_49614_k141_67510,0.01855039028110332,1.258289339821773e-05,0.5003885003885004
SM,201630,49614--sample_49614_k141_1822828,0.02103274752605147,1.6315449305730373e-05,0.5011673151750973
SM,201630,49614--sample_49614_k141_2097969,0.0194861883316177,1.4637186957309672e-05,0.5007776049766719
SM,201630,49614--sample_49614_k141_2301029,0.01853604541901469,1.2571135264393267e-05,0.5003885003885004
SM,201630,49614--sample_49614_k141_2118289,0.017213476046183274,1.1020750793881709e-05,0.5
SM,201630,49614--sample_49614_k141_1139755,0.01850347456364573,1.2649387108833194e-05,0.5003885003885004
SM,201630,49614--sample_49614_k141_1080344,0.0282123390734309,3.0656421821133e-05,0.5035183737294762
SM,201630,49614--sample_49614_k141_1880545,0.021018507446797917,1.628418562816424e-05,0.5011673151750973
SM,201630,49614--sample_49614_k141_326091,0.017180355485835627,1.101325927018816e-05,0.5
SM,201630,49614--sample_49614_k141_1735259,0.018462456789234163,1.2557996293388004e-05,0.5003885003885004
SM,201630,49614--sample_49614_k141_2139246,0.016173452654173647,9.260858141328774e-06,0.49961210240496506
SM,201630,49614--sample_49614_k141_178616,0.02210708786226674,1.8565925176044132e-05,0.5015576323987538
SM,201630,49614--sample_49614_k141_759014,0.018231158053117993,1.284853179189315e-05,0.5003885003885004
SM,201630,49614--sample_49614_k141_2133054,0.020823662384224013,1.646595613452884e-05,0.5011673151750973
SM,201630,49614--sample_49614_k141_31529,0.016124011566116446,9.271960363239257e-06,0.49961210240496506
SM,201630,49614--sample_49614_k141_2215540,0.015869350124547484,9.496637089478549e-06,0.49961210240496506
SM,201630,49614--sample_49614_k141_1884003,0.01603544118896666,9.353474596801776e-06,0.49961210240496506
SM,201630,49614--sample_49614_k141_1264935,0.022013261687037926,1.8580771016357454e-05,0.5015576323987538
SM,201630,49614--sample_49614_k141_2180922,0.02207104271674338,1.8496065581574934e-05,0.5015576323987538
SM,201630,49614--sample_49614_k141_111426,0.014655606062016562,8.019958098900093e-06,0.4992248062015504
SM,201630,49614--sample_49614_k141_1220811,0.024554803558278496,2.3019094328673864e-05,0.5023400936037441
SM,201630,49614--sample_49614_k141_1429385,0.015930082609548958,9.448459383852303e-06,0.49961210240496506
SM,201630,49614--sample_49614_k141_1044103,0.0184324236604497,1.2681575571075533e-05,0.5003885003885004
SM,201630,49614--sample_49614_k141_382567,0.022055971413682426,1.856025799037403e-05,0.5015576323987538
SM,201630,49614--sample_49614_k141_1960330,0.019714235145331303,1.4401319717884955e-05,0.5007776049766719
SM,201630,49614--sample_49614_k141_1204302,0.017114704967332327,1.1027644400763915e-05,0.5
SM,201630,49614--sample_49614_k141_1362863,0.0245087026640365,2.3060225441756317e-05,0.5023400936037441
SM,201630,49614--sample_49614_k141_562944,0.02209655255845119,1.8485934699596473e-05,0.5015576323987538
SM,201630,49614--sample_49614_k141_267755,0.020910353245448317,1.641885192660496e-05,0.5011673151750973
SM,201630,49614--sample_49614_k141_1049069,0.019509193420228815,1.4675347108291623e-05,0.5007776049766719
SM,201630,49614--sample_49614_k141_2236854,0.018446829542206836,1.2648227499584822e-05,0.5003885003885004
SM,201630,49614--sample_49614_k141_345881,0.019819788232000923,1.435410400132736e-05,0.5007776049766719
SM,201630,49614--sample_49614_k141_1709526,0.01590204929449979,9.515574796990581e-06,0.49961210240496506
SM,201630,49614--sample_49614_k141_1273134,0.02326721846759785,2.0784736544861343e-05,0.5019485580670304
SM,201630,49614--sample_49614_k141_1003738,0.022024476460498467,1.8638728111025665e-05,0.5015576323987538
SM,201630,49614--sample_49614_k141_155685,0.020845776198756816,1.6439703322072497e-05,0.5011673151750973
SM,201630,49614--sample_49614_k141_799411,0.020811131299457206,1.6538427388424845e-05,0.5011673151750973
SM,201630,49614--sample_49614_k141_1876905,0.015931968782849068,9.444435548139198e-06,0.49961210240496506
SM,201630,49614--sample_49614_k141_6229,0.018505766410066436,1.2623802856001769e-05,0.5003885003885004
SM,201630,49614--sample_49614_k141_899836,0.02075998585349325,1.652682280447177e-05,0.5011673151750973
SM,201630,49614--sample_49614_k141_262877,0.016064145297305706,9.379188775481012e-06,0.49961210240496506
SM,201630,49614--sample_49614_k141_446802,0.019588064308813147,1.4610959634057432e-05,0.5007776049766719
SM,201630,49614--sample_49614_k141_861245,0.01835800902803113,1.2726362872649795e-05,0.5
SM,201630,49614--sample_49614_k141_1043592,0.018511880056319138,1.2623003146450273e-05,0.5003885003885004
SM,201630,49614--sample_49614_k141_373499,0.014753259601258962,7.944471696542352e-06,0.4988381099922541
SM,201630,49614--sample_49614_k141_1873429,0.01872477992693496,1.2389547628142325e-05,0.5003885003885004
SM,201630,49614--sample_49614_k141_941148,0.02105418871172182,1.6222569462931137e-05,0.5011673151750973
SM,201630,49614--sample_49614_k141_334906,0.018364573561163187,1.2699588823285405e-05,0.5003885003885004
SM,201630,49614--sample_49614_k141_317393,0.016129535225408585,9.283846057356514e-06,0.49961210240496506
SM,201630,49614--sample_49614_k141_1942210,0.016103657753919115,9.2955597976798e-06,0.49961210240496506
SM,201630,49614--sample_49614_k141_914702,0.019498953412028976,1.465377066800624e-05,0.5007776049766719
SM,201630,49614--sample_49614_k141_991415,0.016025679171762005,9.289858018380553e-06,0.49961210240496506
SM,201630,49614--sample_49614_k141_274775,0.022089498439430488,1.849726837149416e-05,0.5015576323987538
SM,201630,49614--sample_49614_k141_2255621,0.01962305061812164,1.447728569664616e-05,0.5007776049766719
SM,201630,49614--sample_49614_k141_52808,0.0184828071459483,1.2615713675564924e-05,0.5003885003885004
SM,201630,49614--sample_49614_k141_2244732,0.022124411389907176,1.8430015549800246e-05,0.5015576323987538
SM,201630,49614--sample_49614_k141_1578368,0.01860964432919602,1.2473044768616363e-05,0.5003885003885004
SM,201630,49614--sample_49614_k141_915233,0.019709119942564253,1.4442468964589672e-05,0.5007776049766719
SM,201630,49614--sample_49614_k141_199705,0.024431044846593752,2.3115238301582018e-05,0.5023400936037441
SM,201630,49614--sample_49614_k141_897184,0.016017724995425323,9.400541740567516e-06,0.49961210240496506
SM,201630,49614--sample_49614_k141_1964044,0.017192993758070204,1.1040799501815081e-05,0.5
SM,201630,49614--sample_49614_k141_802310,0.019819323558262526,1.4331524561775418e-05,0.5007776049766719
SM,201630,49614--sample_49614_k141_1636768,0.025816808816464008,2.5367645315830187e-05,0.5027322404371585
SM,201630,49614--sample_49614_k141_1410062,0.022174784680164872,1.837779826920557e-05,0.5015576323987538
SM,201630,49614--sample_49614_k141_2239437,0.0149025170534575,7.84664626120178e-06,0.4992248062015504
SM,201630,49614--sample_49614_k141_380558,0.017176353945254484,1.1058314572558941e-05,0.5
SM,201630,49614--sample_49614_k141_825477,0.01972197516247603,1.4421454513007966e-05,0.5007776049766719
SM,201630,49614--sample_49614_k141_1431426,0.01588806957283709,9.539942036036263e-06,0.49961210240496506
SM,201630,49614--sample_49614_k141_782554,0.023363399352150305,2.0648883859534796e-05,0.5019485580670304
SM,201630,49614--sample_49614_k141_1469720,0.024799026624153953,2.2627599375378697e-05,0.5023400936037441
SM,201630,49614--sample_49614_k141_1483598,0.014873911317770694,7.88872112297913e-06,0.4992248062015504
SM,201630,49614--sample_49614_k141_1641711,0.019812809824966773,1.4413189798246337e-05,0.5007776049766719
SM,201630,49614--sample_49614_k141_430119,0.0183275951212257,1.2752041868633166e-05,0.5003885003885004
SM,201630,49614--sample_49614_k141_1480657,0.024495987133308746,2.3035143959576894e-05,0.5023400936037441
SM,201630,49614--sample_49614_k141_1548523,0.02467915845410142,2.2759357764059182e-05,0.5023400936037441
SM,201630,49614--sample_49614_k141_1466444,0.018459086492621103,1.2633962493355574e-05,0.5003885003885004
SM,201630,49614--sample_49614_k141_997447,0.01965266288198348,1.4548821504671987e-05,0.5007776049766719
SM,201630,49614--sample_49614_k141_781022,0.014808353975799835,7.86752930845872e-06,0.4992248062015504
SM,201630,49614--sample_49614_k141_2199480,0.014749513979642468,7.949982664799209e-06,0.4988381099922541
SM,201630,49614--sample_49614_k141_1705538,0.015992680105579696,9.356155504029231e-06,0.49961210240496506
SM,201630,49614--sample_49614_k141_1802869,0.0185877383955042,1.2582691940719317e-05,0.5003885003885004
SM,201630,49614--sample_49614_k141_976496,0.014828586612711492,7.884460481721841e-06,0.4992248062015504
SM,201630,49614--sample_49614_k141_1998437,0.02092214069124251,1.643089043328981e-05,0.5011673151750973
SM,201630,49614--sample_49614_k141_802719,0.022019642744989257,1.8606590695493276e-05,0.5015576323987538
SM,201630,49614--sample_49614_k141_177839,0.017224832185001527,1.0968183290841859e-05,0.5
SM,201630,49614--sample_49614_k141_1735303,0.022282226017598297,1.828903890726567e-05,0.5015576323987538
SM,201630,49614--sample_49614_k141_1404475,0.022011345991842665,1.8572886759269337e-05,0.5015576323987538
SM,201630,49614--sample_49614_k141_730698,0.012182075376906354,5.516785264376964e-06,0.4984520123839009
SM,201630,49614--sample_49614_k141_154118,0.017195338096375,1.0914675187523859e-05,0.5
SM,201630,49614--sample_49614_k141_514814,0.011067333459737953,4.310001660479083e-06,0.4980665119876257
SM,201630,49614--sample_49614_k141_1898739,0.016123309874823175,9.320304337001747e-06,0.49961210240496506
SM,201630,49614--sample_49614_k141_470294,0.01854230856583753,1.2517575376092237e-05,0.5003885003885004
SM,201630,49614--sample_49614_k141_927748,0.0196916259052018,1.4466958077774668e-05,0.5007776049766719
SM,201630,49614--sample_49614_k141_204516,0.019732903338484584,1.4426131465325895e-05,0.5007776049766719
SM,201630,49614--sample_49614_k141_471890,0.01736032656105418,1.0895636879364006e-05,0.5
SM,201630,49614--sample_49614_k141_346409,0.021073230562598234,1.6241886379329068e-05,0.5011673151750973
SM,201630,49614--sample_49614_k141_1537708,0.02084000259142371,1.6516802846218125e-05,0.5011673151750973
SM,201630,49614--sample_49614_k141_1306799,0.019775815114757,1.434559274247414e-05,0.5007776049766719
SM,201630,49614--sample_49614_k141_66793,0.0257474157730585,2.543575514710098e-05,0.5027322404371585
SM,201630,49614--sample_49614_k141_989275,0.019596454931804286,1.4575665980546759e-05,0.5007776049766719
SM,201630,49614--sample_49614_k141_1514836,0.02084985390581743,1.6421655213111446e-05,0.5011673151750973
SM,201630,49614--sample_49614_k141_1277494,0.019629226324875033,1.4496843267195905e-05,0.5007776049766719
SM,201630,49614--sample_49614_k141_1991756,0.018386399000572377,1.2783704511764898e-05,0.5003885003885004
SM,201630,49614--sample_49614_k141_1765056,0.019623541079450624,1.4551827251073407e-05,0.5007776049766719
SM,201630,49614--sample_49614_k141_948677,0.0184336055336044,1.2607025824308632e-05,0.5003885003885004
SM,201630,49614--sample_49614_k141_1781326,0.024552725973827922,2.3020108063327004e-05,0.5023400936037441
SM,201630,49614--sample_49614_k141_14914,0.018309852330735475,1.2826174795514013e-05,0.5003885003885004
SM,201630,49614--sample_49614_k141_1024350,0.01980797336207584,1.4310625639442204e-05,0.5007776049766719
SM,201630,49614--sample_49614_k141_643060,0.018452773552615927,1.2685756516086313e-05,0.5003885003885004
SM,201630,49614--sample_49614_k141_347653,0.01718922674376427,1.0983608454956559e-05,0.5
SM,201630,49614--sample_49614_k141_826830,0.019706760898882993,1.4480420139888876e-05,0.5007776049766719
SM,201630,49614--sample_49614_k141_1543738,0.018478437713260736,1.2632396575051913e-05,0.5003885003885004
SM,201630,49614--sample_49614_k141_405254,0.01727945114639214,1.0900808498478524e-05,0.5
SM,201630,49614--sample_49614_k141_1562782,0.015895478773356404,9.468500219252804e-06,0.49961210240496506
SM,201630,49614--sample_49614_k141_1907383,0.022061954519779912,1.8540674633396912e-05,0.5015576323987538
SM,201630,49614--sample_49614_k141_841379,0.023374198000903363,2.0674081815145247e-05,0.5019485580670304
SM,201630,49614--sample_49614_k141_1233744,0.015971878410451463,9.428798953537415e-06,0.49961210240496506
SM,201630,49614--sample_49614_k141_769477,0.02100493806497749,1.6297015963017536e-05,0.5011673151750973
SM,201630,49614--sample_49614_k141_424750,0.018330118952219025,1.2769842180080705e-05,0.5003885003885004
SM,201630,49614--sample_49614_k141_94425,0.018472627995190227,1.2637598572419303e-05,0.5003885003885004
SM,201630,49614--sample_49614_k141_164102,0.019708822913420788,1.4462663402177635e-05,0.5007776049766719
SM,201630,49614--sample_49614_k141_345191,0.018530120234213604,1.2578655371537659e-05,0.5003885003885004
SM,201630,49614--sample_49614_k141_9421,0.021865274869863865,1.872470516621202e-05,0.5015576323987538
SM,201630,49614--sample_49614_k141_653688,0.01832289746784837,1.277721634723293e-05,0.5003885003885004
SM,201630,49614--sample_49614_k141_2023550,0.018576593803610205,1.2522118549832717e-05,0.5003885003885004
SM,201630,49614--sample_49614_k141_1060450,0.02076112144681814,1.6594470009504756e-05,0.5011673151750973
SM,201630,49614--sample_49614_k141_664059,0.019586564847839334,1.4617435602972813e-05,0.5007776049766719
SM,201630,49614--sample_49614_k141_1372677,0.02080119158189047,1.6517453728372512e-05,0.5011673151750973
SM,201630,49614--sample_49614_k141_1178417,0.018517934074901703,1.2573446590903616e-05,0.5003885003885004
SM,201630,49614--sample_49614_k141_1102734,0.021014173278582942,1.626285387040415e-05,0.5011673151750973
SM,201630,49614--sample_49614_k141_1537015,0.02209415216606533,1.853534420577462e-05,0.5015576323987538
SM,201630,49614--sample_49614_k141_1594800,0.02077363659156964,1.6530367479764106e-05,0.5011673151750973
SM,201630,49614--sample_49614_k141_715581,0.01600592655353169,9.419932683494961e-06,0.49961210240496506
SM,201630,49614--sample_49614_k141_569077,0.017102740489110757,1.1112711047472427e-05,0.5
SM,201630,49614--sample_49614_k141_155282,0.014797810178641606,7.905481639260218e-06,0.4992248062015504
SM,201630,49614--sample_49614_k141_1912022,0.023310005080041444,2.0730630695635433e-05,0.5019485580670304
SM,201630,49614--sample_49614_k141_1674154,0.017115744072204658,1.1074499030537938e-05,0.5
SM,201630,49614--sample_49614_k141_812294,0.016036280159637498,9.370692326538148e-06,0.49961210240496506
SM,201630,49614--sample_49614_k141_1135820,0.017302232383906768,1.0895087891208375e-05,0.5
SM,201630,49614--sample_49614_k141_1493257,0.017246725693393708,1.0904465489535908e-05,0.5
SM,201630,49614--sample_49614_k141_1744629,0.02454542760762152,2.2985874424271002e-05,0.5023400936037441
SM,201630,49614--sample_49614_k141_464736,0.01468989999243182,8.058568036485055e-06,0.4992248062015504
SM,201630,49614--sample_49614_k141_716258,0.023402270802161593,2.05502551584023e-05,0.5019485580670304
SM,201630,49614--sample_49614_k141_969590,0.01845733151503656,1.261712458237753e-05,0.5003885003885004
SM,201630,49614--sample_49614_k141_335903,0.01854190347214486,1.2537639717853633e-05,0.5003885003885004
SM,201630,49614--sample_49614_k141_795014,0.01853864555567089,1.2568564895257513e-05,0.5003885003885004
SM,201630,49614--sample_49614_k141_1901194,0.023308555654242145,2.0626248301898657e-05,0.5019485580670304
SM,201630,49614--sample_49614_k141_594973,0.023357955826020314,2.0665936709807477e-05,0.5019485580670304
SM,201630,49614--sample_49614_k141_603743,0.020841082244372162,1.6407243290130487e-05,0.5011673151750973
SM,201630,49614--sample_49614_k141_1208694,0.015954778637031975,9.388742671231927e-06,0.49961210240496506
SM,201630,49614--sample_49614_k141_1609013,0.019555333113133483,1.4603479107809247e-05,0.5007776049766719
SM,201630,49614--sample_49614_k141_67942,0.018453877858159065,1.2674309141785309e-05,0.5003885003885004
SM,201630,49614--sample_49614_k141_846583,0.02320976341668883,2.0799173287741865e-05,0.5019485580670304
SM,201630,49614--sample_49614_k141_325235,0.02214382977205028,1.8421671658914134e-05,0.5015576323987538
SM,201630,49614--sample_49614_k141_2305531,0.01953165428215667,1.4614834785976169e-05,0.5007776049766719
SM,201630,49614--sample_49614_k141_1792272,0.02577441417426608,2.5476916251475585e-05,0.5027322404371585
SM,201630,49614--sample_49614_k141_743960,0.020870729481542026,1.639854446230099e-05,0.5011673151750973
SM,201630,49614--sample_49614_k141_612250,0.018341507363945683,1.2718663178758117e-05,0.5003885003885004
SM,201630,49614--sample_49614_k141_412145,0.025848019124999667,2.5328692926133307e-05,0.5027322404371585
SM,201630,49620--sample_49620_k141_877568,0.013666951114705166,6.5379309856965395e-06,0.4988381099922541
SM,201630,49627--sample_49627_k141_882399,0.020749577972718074,1.652371687369607e-05,0.5011673151750973
SM,201630,49625--sample_49625_k141_420390,0.019645964522364577,1.4574705129929841e-05,0.5007776049766719
SM,201630,49623--sample_49623_k141_465025,0.01716049530499494,1.1025801943278192e-05,0.5
SM,201630,49626--sample_49626_k141_540134,0.0185881143181798,1.2508150187131282e-05,0.5003885003885004
SM,201630,49620--sample_49620_k141_767928,0.018249437899721985,1.2834225855646459e-05,0.5003885003885004
SM,201630,49620--sample_49620_k141_568710,0.013551594096368219,6.643830138184856e-06,0.4988381099922541
SM,201630,49620--sample_49620_k141_806973,0.020876678465993646,1.646202129060864e-05,0.5011673151750973
SM,201630,49620--sample_49620_k141_567263,0.012391199783207452,5.374299507689034e-06,0.4984520123839009
SM,201630,49628--sample_49628_k141_531267,0.019602886270447588,1.4564897935672657e-05,0.5007776049766719
SM,201630,49623--sample_49623_k141_1041969,0.017206654895383255,1.098212536601054e-05,0.5
SM,201630,49623--sample_49623_k141_608894,0.02094311850600165,1.643639005790362e-05,0.5011673151750973
SM,201630,49627--sample_49627_k141_597049,0.02327154024231542,2.077377576489416e-05,0.5019485580670304
SM,201630,49620--sample_49620_k141_602635,0.027019820182804955,2.798089424384535e-05,0.503125
SM,201630,49620--sample_49620_k141_662239,0.018365067228180588,1.2756177947638554e-05,0.5003885003885004
SM,201630,49624--sample_49624_k141_867497,0.025951398706552088,2.5173298802744193e-05,0.5027322404371585
SM,201630,49620--sample_49620_k141_684559,0.022209755339180227,1.833495886094369e-05,0.5015576323987538
SM,201630,49620--sample_49620_k141_520577,0.01608685895405576,9.327535212406186e-06,0.49961210240496506
SM,201630,49620--sample_49620_k141_366325,0.013346974585893245,6.707766340351571e-06,0.4988381099922541
SM,201630,49623--sample_49623_k141_1264227,0.021040909314484726,1.6226219660021966e-05,0.5011673151750973
SM,201630,49620--sample_49620_k141_375368,0.017194421925878323,1.0969167214951452e-05,0.5
SM,201630,49620--sample_49620_k141_593506,0.02340130729022887,2.064222287789399e-05,0.5019485580670304
SM,201630,49624--sample_49624_k141_995177,0.01246307115851806,5.347916391930748e-06,0.4984520123839009
SM,201630,49624--sample_49624_k141_206758,0.019667712350519072,1.4442237000347456e-05,0.5007776049766719
SM,201630,49620--sample_49620_k141_689599,0.025815238202493946,2.542476886988898e-05,0.5027322404371585
SM,201630,49623--sample_49623_k141_283004,0.018335551193393612,1.279238705019662e-05,0.5003885003885004
SM,201630,49621--sample_49621_k141_803927,0.02691372109407139,2.8082842967928394e-05,0.503125
SM,201630,49620--sample_49620_k141_756043,0.02216087506349174,1.842717001094539e-05,0.5015576323987538
SM,201630,49624--sample_49624_k141_477029,0.021050399560543904,1.622752874573102e-05,0.5011673151750973
SM,201630,49621--sample_49621_k141_972296,0.02082058555819593,1.649416252693049e-05,0.5011673151750973
SM,201630,49628--sample_49628_k141_401383,0.025748575265270763,2.5440090943148662e-05,0.5027322404371585
SM,201630,49623--sample_49623_k141_553477,0.016022949548245662,9.364234480349966e-06,0.49961210240496506
SM,201630,49620--sample_49620_k141_629507,0.022223219478102272,1.8403017293935957e-05,0.5015576323987538
SM,201630,49627--sample_49627_k141_620853,0.01830364298212094,1.2768792336257535e-05,0.5003885003885004
SM,201630,49620--sample_49620_k141_346511,0.023445967216660316,2.0588938226361145e-05,0.5019485580670304
SM,201630,49620--sample_49620_k141_863497,0.020927622465350574,1.6428262346104407e-05,0.5011673151750973
SM,201630,49623--sample_49623_k141_418215,0.01703552702142625,1.1162596141515098e-05,0.5
SM,201630,49620--sample_49620_k141_802567,0.020944168141027644,1.633240740817677e-05,0.5011673151750973
SM,201630,49628--sample_49628_k141_1208708,0.018257277036420667,1.2815635332568295e-05,0.5003885003885004
SM,201630,49621--sample_49621_k141_484589,0.019767680206442345,1.4400927744418455e-05,0.5007776049766719
SM,201630,49620--sample_49620_k141_809052,0.01361879511784788,6.5492497926603e-06,0.4988381099922541
SM,201630,49628--sample_49628_k141_1213396,0.020834774674593427,1.6459972525739783e-05,0.5011673151750973
SM,201630,49626--sample_49626_k141_546019,0.01956453377232342,1.4512898300330852e-05,0.5007776049766719
SM,201630,49620--sample_49620_k141_475529,0.019702897869737113,1.4490540762120751e-05,0.5007776049766719
SM,201630,49628--sample_49628_k141_1253647,0.013534679714998304,6.663335340942459e-06,0.4988381099922541
SM,201630,49627--sample_49627_k141_212427,0.016048118236057847,9.334160315239463e-06,0.49961210240496506
SM,201630,49628--sample_49628_k141_1537814,0.013426035269047705,6.711016183335384e-06,0.4988381099922541
SM,201630,49625--sample_49625_k141_10991,0.01476175546486176,7.979097959485678e-06,0.4992248062015504
SM,201630,49628--sample_49628_k141_820141,0.01975670469107071,1.4380850003069954e-05,0.5007776049766719
SM,201630,49628--sample_49628_k141_935385,0.02224381307362213,1.825781548913865e-05,0.5015576323987538
SM,201630,49622--sample_49622_k141_790072,0.01853585635522358,1.2585578829972858e-05,0.5003885003885004
SM,201630,49627--sample_49627_k141_866654,0.019596969835091342,1.450931533242862e-05,0.5007776049766719
SM,201630,49624--sample_49624_k141_512309,0.02095607045229677,1.635875753317954e-05,0.5011673151750973
SM,201630,49620--sample_49620_k141_863061,0.01972278352253486,1.44159018776674e-05,0.5007776049766719
SM,201630,49622--sample_49622_k141_1034107,0.016075077952269378,9.393481255120608e-06,0.49961210240496506
SM,201630,49628--sample_49628_k141_1268454,0.02102749326178811,1.6268736291630778e-05,0.5011673151750973
SM,201630,49620--sample_49620_k141_890514,0.01486630241846127,7.868555895969567e-06,0.4988381099922541
SM,201630,49623--sample_49623_k141_1191385,0.01968534754299303,1.4403993715504577e-05,0.5007776049766719
SM,201630,49620--sample_49620_k141_258666,0.0183413269650272,1.2799285883251465e-05,0.5003885003885004
SM,201630,49623--sample_49623_k141_181373,0.017201365141982675,1.0961207479324917e-05,0.5
SM,201630,49625--sample_49625_k141_492119,0.019742840908078155,1.4397026411474188e-05,0.5007776049766719
SM,201630,49620--sample_49620_k141_652095,0.017174685290365577,1.1015596468126513e-05,0.5
SM,201630,49626--sample_49626_k141_814437,0.019566830586997732,1.4602531487166613e-05,0.5007776049766719
SM,201630,49625--sample_49625_k141_135647,0.01842358011453606,1.2709977815570012e-05,0.5003885003885004
SM,201630,49627--sample_49627_k141_505944,0.019693491220722784,1.4498309492781306e-05,0.5007776049766719
SM,201630,49625--sample_49625_k141_178018,0.01712251855460668,1.1077857650137376e-05,0.5
SM,201630,49622--sample_49622_k141_1297772,0.02094618233907594,1.6337294774932016e-05,0.5011673151750973
SM,201630,49623--sample_49623_k141_1029786,0.02450538597590655,2.301601293539072e-05,0.5023400936037441
SM,201630,49623--sample_49623_k141_1276103,0.022105086909452343,1.850887596498164e-05,0.5015576323987538
SM,201630,49627--sample_49627_k141_357650,0.0209249098902528,1.640585989979882e-05,0.5011673151750973
SM,201630,49625--sample_49625_k141_191759,0.01595573801885647,9.447829392287198e-06,0.49961210240496506
SM,201630,49628--sample_49628_k141_1435203,0.019639100659537032,1.4580121181346798e-05,0.5007776049766719
SM,201630,49624--sample_49624_k141_949654,0.018384768656987214,1.2724402847903663e-05,0.5003885003885004
SM,201630,49620--sample_49620_k141_336548,0.025651004827336066,2.5494620096714174e-05,0.5027322404371585
SM,201630,49627--sample_49627_k141_712892,0.02707041769024751,2.7861631996411466e-05,0.503125
SM,201630,49625--sample_49625_k141_465783,0.024537239315073105,2.2933706583545422e-05,0.5023400936037441
SM,201630,49620--sample_49620_k141_347894,0.019760102765336376,1.4361165400300002e-05,0.5007776049766719
SM,201630,49623--sample_49623_k141_1338728,0.022168346103842277,1.8407160424447616e-05,0.5015576323987538
SM,201630,49620--sample_49620_k141_424640,0.017080778601753013,1.1113216323684043e-05,0.5
SM,201630,49623--sample_49623_k141_1065488,0.01596473526878718,9.430707663845137e-06,0.49961210240496506
SM,201630,49620--sample_49620_k141_573928,0.017199564779312525,1.0957649117242696e-05,0.5
SM,201630,49625--sample_49625_k141_399586,0.020833163470107607,1.651108037629282e-05,0.5011673151750973
SM,201630,49620--sample_49620_k141_818604,0.01716238790764979,1.1077166074658053e-05,0.5
SM,201630,49623--sample_49623_k141_1327989,0.01473033191179077,8.012016491359292e-06,0.4992248062015504
SM,201630,49623--sample_49623_k141_196496,0.017167347357948608,1.1000208866920222e-05,0.5
SM,201630,49623--sample_49623_k141_852831,0.01849566376965471,1.2651898481298118e-05,0.5003885003885004
SM,201630,49623--sample_49623_k141_882330,0.02443627406378441,2.3125579741715923e-05,0.5023400936037441
SM,201630,49628--sample_49628_k141_1659717,0.01711750818873292,1.1064959453273252e-05,0.5
SM,201630,49621--sample_49621_k141_1024002,0.020727886023079123,1.6650433055458902e-05,0.5011673151750973
SM,201630,49623--sample_49623_k141_568308,0.01978946635782888,1.4346940840897277e-05,0.5007776049766719
SM,201630,49623--sample_49623_k141_1126180,0.024558327972601535,2.2986583043374163e-05,0.5023400936037441
SM,201630,49624--sample_49624_k141_355515,0.02472323658002344,2.2692065119868318e-05,0.5023400936037441
SM,201630,49620--sample_49620_k141_765559,0.018482122051618755,1.2631549486306526e-05,0.5003885003885004
SM,201630,49620--sample_49620_k141_785383,0.014683548515167904,7.960930478911762e-06,0.4992248062015504
SM,201630,49620--sample_49620_k141_92767,0.02102288503536784,1.6280388820366156e-05,0.5011673151750973
SM,201630,49624--sample_49624_k141_928685,0.022013745019844842,1.8585330998564755e-05,0.5015576323987538
SM,201630,49620--sample_49620_k141_709303,0.020863148989926677,1.640768297716308e-05,0.5011673151750973
SM,201630,49623--sample_49623_k141_1060510,0.019572433339995,1.4609931144301355e-05,0.5007776049766719
SM,201630,49623--sample_49623_k141_524298,0.020877054068496444,1.6437858005268144e-05,0.5011673151750973
SM,201630,49621--sample_49621_k141_875236,0.01952827926367231,1.4630736614893728e-05,0.5007776049766719
SM,201630,49627--sample_49627_k141_272944,0.01838966567270166,1.2694450969840851e-05,0.5003885003885004
SM,201630,49621--sample_49621_k141_402365,0.01844837118718063,1.2628183712418892e-05,0.5003885003885004
SM,201630,49620--sample_49620_k141_88663,0.018472203636792445,1.266146654003854e-05,0.5003885003885004
SM,201630,49620--sample_49620_k141_486486,0.022121233356064262,1.844389079606549e-05,0.5015576323987538
SM,201630,49623--sample_49623_k141_1358298,0.02216065611798629,1.8383734494312437e-05,0.5015576323987538
SM,201630,49627--sample_49627_k141_218199,0.01975540777612948,1.4448803608567397e-05,0.5007776049766719
SM,201630,49623--sample_49623_k141_232736,0.02213718832625637,1.8514134340715994e-05,0.5015576323987538
SM,201630,49620--sample_49620_k141_901985,0.018646514224189024,1.247718085349209e-05,0.5003885003885004
SM,201630,49620--sample_49620_k141_646366,0.01974652978030852,1.4367086931919921e-05,0.5007776049766719
SM,201630,49623--sample_49623_k141_960129,0.021016502802037457,1.6304632823600035e-05,0.5011673151750973
SM,201630,49623--sample_49623_k141_241059,0.022120095066947055,1.850544924696704e-05,0.5015576323987538
SM,201630,49620--sample_49620_k141_853985,0.02077700784314116,1.6563264432407747e-05,0.5011673151750973
SM,201630,49622--sample_49622_k141_1306273,0.019515517630454206,1.4669367508671056e-05,0.5007776049766719
SM,201630,49620--sample_49620_k141_365374,0.022241141422781177,1.8300141929771132e-05,0.5015576323987538
SM,201630,49623--sample_49623_k141_564461,0.02211018560148869,1.8502605244747492e-05,0.5015576323987538
SM,201630,49628--sample_49628_k141_1640420,0.01963935941321098,1.4540297746141578e-05,0.5007776049766719
SM,201630,49628--sample_49628_k141_718209,0.023399421968243374,2.0579937386120525e-05,0.5019485580670304
SM,201630,49623--sample_49623_k141_760367,0.019604010237923044,1.4555150270677932e-05,0.5007776049766719
SM,201630,49620--sample_49620_k141_49753,0.017450556279743165,1.0752769376790277e-05,0.5
SM,201630,49623--sample_49623_k141_661486,0.017039632775239174,1.1143039812064025e-05,0.5
SM,201630,49627--sample_49627_k141_195166,0.013533481085061569,6.6398251350422785e-06,0.4988381099922541
SM,201630,49628--sample_49628_k141_1299248,0.01727691881942475,1.092548445738475e-05,0.5
SM,201630,49623--sample_49623_k141_938959,0.017291253029333122,1.0921788668012729e-05,0.5
SM,201630,49624--sample_49624_k141_533801,0.02087943689945959,1.6426834879030094e-05,0.5011673151750973
SM,201630,49621--sample_49621_k141_224055,0.020887345817862592,1.6473083658459435e-05,0.5011673151750973
SM,201630,49627--sample_49627_k141_323121,0.017204847130292782,1.1002257745736242e-05,0.5
SM,201630,49623--sample_49623_k141_457796,0.020927410514066852,1.63971933297117e-05,0.5011673151750973
SM,201630,49626--sample_49626_k141_755790,0.022245535773075104,1.8376290512563226e-05,0.5015576323987538
SM,201630,49625--sample_49625_k141_454481,0.016015895825025356,9.410388423369279e-06,0.49961210240496506
SM,201630,49620--sample_49620_k141_70641,0.008602453480448247,2.531601181097265e-06,0.49576597382602
SM,201630,49624--sample_49624_k141_97572,0.020885924320407492,1.6404056687284577e-05,0.5011673151750973
SM,201630,49620--sample_49620_k141_418151,0.020868677811079372,1.6436552585596004e-05,0.5011673151750973
SM,201630,49621--sample_49621_k141_1010389,0.014875759614977118,7.847524058261453e-06,0.4992248062015504
SM,201630,49620--sample_49620_k141_919365,0.019647237476045663,1.4538815765392037e-05,0.5007776049766719
SM,201630,49620--sample_49620_k141_259532,0.024695482558782303,2.2843940641162077e-05,0.5023400936037441
SM,201630,49622--sample_49622_k141_1244156,0.018314059950154223,1.2800538259282104e-05,0.5003885003885004
SM,201630,49628--sample_49628_k141_1125359,0.01975316647510466,1.4360270818895348e-05,0.5007776049766719
SM,201630,49623--sample_49623_k141_559190,0.0219907870315905,1.865023572327375e-05,0.5015576323987538
SM,201630,49623--sample_49623_k141_711938,0.01732266941840181,1.0907268483261786e-05,0.5
SM,201630,49620--sample_49620_k141_466066,0.015810074444596704,9.560134251879123e-06,0.49961210240496506
SM,201630,49620--sample_49620_k141_378483,0.017037325957674848,1.1092421829241416e-05,0.5
SM,201630,49628--sample_49628_k141_1675224,0.02334822911810031,2.0630277666328763e-05,0.5019485580670304
SM,201630,49624--sample_49624_k141_797817,0.022056452114508195,1.8550033055874597e-05,0.5015576323987538
SM,201630,49623--sample_49623_k141_1243082,0.02339167275712769,2.064529615973888e-05,0.5019485580670304
SM,201630,49623--sample_49623_k141_785898,0.022163914807092223,1.8437118354921858e-05,0.5015576323987538
SM,201630,49621--sample_49621_k141_1034486,0.017202037478487107,1.0962077481276396e-05,0.5
SM,201630,49620--sample_49620_k141_889730,0.01838625747550819,1.2726564690491486e-05,0.5003885003885004
SM,201630,49620--sample_49620_k141_671303,0.02450476308724173,2.3075425781113514e-05,0.5023400936037441
SM,201630,49624--sample_49624_k141_567864,0.022185902950382117,1.842632068641511e-05,0.5015576323987538
SM,201630,49620--sample_49620_k141_905364,0.019777695729554495,1.4403412103542706e-05,0.5007776049766719
SM,201630,49620--sample_49620_k141_878908,0.02321514297238438,2.0813650698678888e-05,0.5019485580670304
SM,201630,49620--sample_49620_k141_27744,0.018445077297888822,1.263265904655928e-05,0.5003885003885004
SM,201630,49624--sample_49624_k141_1056874,0.02096492849965372,1.6322236204580984e-05,0.5011673151750973
SM,201630,49627--sample_49627_k141_864816,0.020807920304427272,1.6443141166837295e-05,0.5011673151750973
SM,201630,49623--sample_49623_k141_677674,0.024701352637054527,2.278503801841573e-05,0.5023400936037441
SM,201630,49620--sample_49620_k141_389073,0.009831647623197454,3.3847787979062205e-06,0.49691358024691357
SM,201630,49627--sample_49627_k141_829165,0.016006721791576445,9.425361493585117e-06,0.49961210240496506
SM,201630,49627--sample_49627_k141_469894,0.019679534934847864,1.4512956538018538e-05,0.5007776049766719
SM,201630,49620--sample_49620_k141_882757,0.0206666907853866,1.6654115431457832e-05,0.5011673151750973
SM,201630,49621--sample_49621_k141_71256,0.020990633410918027,1.632907629041787e-05,0.5011673151750973
SM,201630,49620--sample_49620_k141_774058,0.01734880728077679,1.0861419227145894e-05,0.5
SM,201630,49623--sample_49623_k141_1064114,0.02330142416709635,2.078057815148e-05,0.5019485580670304
SM,201630,49623--sample_49623_k141_500018,0.02337490356646896,2.060710859155756e-05,0.5019485580670304
SM,201630,49620--sample_49620_k141_289863,0.018509121182970954,1.2616801205142393e-05,0.5003885003885004
SM,201630,49623--sample_49623_k141_1029074,0.019761368001690073,1.4409246388228195e-05,0.5007776049766719
SM,201630,49623--sample_49623_k141_767519,0.017241168036088952,1.0960110698243e-05,0.5
SM,201630,49621--sample_49621_k141_584922,0.01986060153783747,1.4266661607217998e-05,0.5007776049766719
SM,201630,49623--sample_49623_k141_779668,0.021905979508783636,1.8696645209359686e-05,0.5015576323987538
SM,201630,49620--sample_49620_k141_491955,0.01596133625168094,9.413690881067812e-06,0.49961210240496506
SM,201630,49628--sample_49628_k141_1420505,0.018347230531315484,1.273674940404399e-05,0.5003885003885004
SM,201630,49627--sample_49627_k141_787512,0.019794644935542005,1.4276820771792616e-05,0.5007776049766719
SM,201630,49622--sample_49622_k141_677407,0.01850155763349925,1.2642631616188007e-05,0.5003885003885004
SM,201630,49620--sample_49620_k141_660138,0.02336969729068976,2.0588404997850713e-05,0.5019485580670304
SM,201630,49623--sample_49623_k141_854348,0.014587698239289425,8.091758371292648e-06,0.4992248062015504
SM,201630,49624--sample_49624_k141_725260,0.02218230301663847,1.837546597267874e-05,0.5015576323987538
SM,201630,49627--sample_49627_k141_117580,0.024539819073174735,2.3013031969087125e-05,0.5023400936037441
SM,201630,49623--sample_49623_k141_1085947,0.016105554804879563,9.337919381542748e-06,0.49961210240496506
SM,201630,49623--sample_49623_k141_1306255,0.01599488192908972,9.337131609970747e-06,0.49961210240496506
SM,201630,49620--sample_49620_k141_894471,0.019792610392570437,1.4350342211279769e-05,0.5007776049766719
SM,201630,49620--sample_49620_k141_704684,0.017315457950132652,1.0884346683555503e-05,0.5
SM,201630,49628--sample_49628_k141_1721245,0.022015220883805392,1.8589776564908225e-05,0.5015576323987538
SM,201630,49628--sample_49628_k141_999266,0.017255603980742763,1.0937340529925053e-05,0.5
SM,201630,49628--sample_49628_k141_813340,0.020752581973465602,1.653350540435831e-05,0.5011673151750973
SM,201630,49620--sample_49620_k141_752177,0.02702960077642864,2.794131406924274e-05,0.503125
SM,201630,49620--sample_49620_k141_108148,0.017421013835225752,1.0789394812548532e-05,0.5
SM,201630,49620--sample_49620_k141_305001,0.02095090632857881,1.6372518467801906e-05,0.5011673151750973
SM,201630,49620--sample_49620_k141_809408,0.024564247279754394,2.2974492042219913e-05,0.5023400936037441
SM,201630,49620--sample_49620_k141_298856,0.012272053349938472,5.394163445992392e-06,0.4984520123839009
SM,201630,49620--sample_49620_k141_845971,0.02087937414044697,1.6435178857045203e-05,0.5011673151750973
SM,201630,49620--sample_49620_k141_473883,0.020925948542938447,1.6388046437170444e-05,0.5011673151750973
SM,201630,49623--sample_49623_k141_1322247,0.020920325822359708,1.6439032635200402e-05,0.5011673151750973
SM,201630,49623--sample_49623_k141_1050270,0.023517571719599135,2.0402793327264994e-05,0.5019485580670304
SM,201630,49627--sample_49627_k141_741011,0.017344198455496094,1.0847509173505477e-05,0.5
SM,201630,49620--sample_49620_k141_880152,0.014907593134363975,7.841776993865319e-06,0.4992248062015504
SM,201630,49620--sample_49620_k141_311412,0.014763309237670948,7.935007062820245e-06,0.4992248062015504
SM,201630,49627--sample_49627_k141_604251,0.019718982190522698,1.4463560285318727e-05,0.5007776049766719
SM,201630,49620--sample_49620_k141_862254,0.01970846200587951,1.448770810674873e-05,0.5007776049766719
SM,201630,49620--sample_49620_k141_858421,0.01852516224199761,1.2619887170977558e-05,0.5003885003885004
SM,201630,49628--sample_49628_k141_1354571,0.017376087076668607,1.0837564985108783e-05,0.5
SM,201630,49623--sample_49623_k141_974752,0.017165157212291466,1.1002393295152248e-05,0.5
SM,201630,49625--sample_49625_k141_104980,0.01715814210359746,1.1038634504791566e-05,0.5
SM,201630,49620--sample_49620_k141_897547,0.013462040340409764,6.7019145564205595e-06,0.4988381099922541
SM,201630,49623--sample_49623_k141_305095,0.024497913642557427,2.299293614864425e-05,0.5023400936037441
SM,201630,49620--sample_49620_k141_707658,0.022178225483605447,1.8417495920126718e-05,0.5015576323987538
SM,201630,49620--sample_49620_k141_464296,0.020873003951590068,1.6447931969534488e-05,0.5011673151750973
SM,201630,49620--sample_49620_k141_58738,0.021101508224108112,1.619688091459841e-05,0.5011673151750973
SM,201630,49620--sample_49620_k141_221339,0.019840850788717564,1.429057330512462e-05,0.5007776049766719
SM,201630,49620--sample_49620_k141_519009,0.01605423030943669,9.30105358560799e-06,0.49961210240496506
SM,201630,49620--sample_49620_k141_785591,0.023218891392228054,2.0824832037917943e-05,0.5019485580670304
SM,201630,49620--sample_49620_k141_545144,0.02102448112520905,1.6274556192414242e-05,0.5011673151750973
SM,201630,49627--sample_49627_k141_689341,0.013520687506068932,6.634403812876097e-06,0.4988381099922541
SM,201630,49628--sample_49628_k141_443953,0.023379030512883973,2.066773970376902e-05,0.5019485580670304
SM,201630,49623--sample_49623_k141_909731,0.022206604145865876,1.8425740988794528e-05,0.5015576323987538
SM,201630,49623--sample_49623_k141_745389,0.019641767980378668,1.4478637863093104e-05,0.5007776049766719
SM,201630,49620--sample_49620_k141_123959,0.015995586021611587,9.41429909191894e-06,0.49961210240496506
SM,201630,49621--sample_49621_k141_18954,0.02099566764915854,1.6326299744052657e-05,0.5011673151750973
SM,201630,49620--sample_49620_k141_611392,0.014650754233827418,8.00848735452603e-06,0.4992248062015504
SM,201630,49620--sample_49620_k141_34923,0.019579735790202776,1.4624770123030906e-05,0.5007776049766719
SM,201630,49627--sample_49627_k141_825498,0.019695001218477313,1.4508056558215784e-05,0.5007776049766719
SM,201630,49620--sample_49620_k141_426288,0.02578965198223364,2.5464169553281563e-05,0.5027322404371585
SM,201630,49620--sample_49620_k141_797190,0.024643270414551013,2.2925148630811277e-05,0.5023400936037441
SM,201630,49620--sample_49620_k141_878757,0.014685063211253476,7.975280218984866e-06,0.4992248062015504
SM,201630,49620--sample_49620_k141_612686,0.017342699696322763,1.0880840267199339e-05,0.5
SM,201630,49620--sample_49620_k141_336042,0.01962525646363847,1.4515190288636267e-05,0.5007776049766719
SM,201630,49628--sample_49628_k141_1344925,0.024674894392974232,2.2785645850091015e-05,0.5023400936037441
SM,201630,49621--sample_49621_k141_767634,0.019742963707691123,1.4422242037748834e-05,0.5007776049766719
SM,201630,49628--sample_49628_k141_1441280,0.020959696275052547,1.6347743492591472e-05,0.5011673151750973
SM,201630,49625--sample_49625_k141_424543,0.022143603140812023,1.8513304806229875e-05,0.5015576323987538
SM,201630,49627--sample_49627_k141_63191,0.02081497771245108,1.6453121650361012e-05,0.5011673151750973
SM,201630,49623--sample_49623_k141_142584,0.023287347834267454,2.068094220250996e-05,0.5019485580670304
SM,201630,49620--sample_49620_k141_634331,0.02581126475949186,2.5327049279743114e-05,0.5027322404371585
SM,201630,49622--sample_49622_k141_237199,0.018604027941209113,1.2486193983606798e-05,0.5003885003885004
SM,201630,49623--sample_49623_k141_447354,0.020911470866059927,1.643425307152269e-05,0.5011673151750973
SM,201630,49620--sample_49620_k141_400844,0.024566948937244936,2.2961995856304568e-05,0.5023400936037441
SM,201630,49620--sample_49620_k141_458278,0.017045222621213815,1.1142196879213024e-05,0.5
SM,201630,49623--sample_49623_k141_1350425,0.018438026311329327,1.2693242574722946e-05,0.5003885003885004
SM,201630,49620--sample_49620_k141_611969,0.022098781296235798,1.854641527863866e-05,0.5015576323987538
SM,201630,49620--sample_49620_k141_109507,0.016015539663492735,9.419261572487846e-06,0.49961210240496506
SM,201630,49623--sample_49623_k141_1060122,0.01345647412101644,6.672905292864839e-06,0.4988381099922541
SM,201630,49627--sample_49627_k141_875042,0.01593429381129567,9.445599496618014e-06,0.49961210240496506
SM,201630,49628--sample_49628_k141_169027,0.02207238017235235,1.853038321191023e-05,0.5015576323987538
SM,201630,49623--sample_49623_k141_604689,0.02223745094378807,1.8358030352535927e-05,0.5015576323987538
SM,201630,49623--sample_49623_k141_735064,0.01473667075706513,8.002972849913564e-06,0.4992248062015504
SM,201630,49623--sample_49623_k141_182928,0.020946906499799623,1.6383427535128904e-05,0.5011673151750973
SM,201630,49628--sample_49628_k141_544373,0.022044479194583758,1.856375796907593e-05,0.5015576323987538
SM,201630,49623--sample_49623_k141_629916,0.019676593780367332,1.447562929200937e-05,0.5007776049766719
SM,201630,49624--sample_49624_k141_503759,0.01854708556705611,1.2563332722197619e-05,0.5003885003885004
SM,201630,49623--sample_49623_k141_659201,0.0222217593888424,1.8286198164760538e-05,0.5015576323987538
SM,201630,49620--sample_49620_k141_106568,0.017130545024230875,1.108898562178292e-05,0.5
SM,201630,49623--sample_49623_k141_906484,0.01971333380594572,1.4492660723813272e-05,0.5007776049766719
SM,201630,49620--sample_49620_k141_378030,0.022119032378291117,1.8456395625165912e-05,0.5015576323987538
SM,201630,49623--sample_49623_k141_1305944,0.02096117968130645,1.6346854160103286e-05,0.5011673151750973
SM,201630,49623--sample_49623_k141_1375097,0.01854901551588757,1.2583739874414317e-05,0.5003885003885004
SM,201630,49625--sample_49625_k141_244511,0.01340094780953372,6.733240762192334e-06,0.4984520123839009
SM,201630,49620--sample_49620_k141_639941,0.022173443719219837,1.8377247442094375e-05,0.5015576323987538
SM,201630,49623--sample_49623_k141_435193,0.020826639658694104,1.650105166743066e-05,0.5011673151750973
SM,201630,49627--sample_49627_k141_356105,0.021044106044317373,1.6283750364464682e-05,0.5011673151750973
SM,201630,49623--sample_49623_k141_1038317,0.015918402631548985,9.439839952638935e-06,0.49961210240496506
SM,201630,49627--sample_49627_k141_663776,0.020744852383825407,1.6595839658268864e-05,0.5011673151750973
SM,201630,49620--sample_49620_k141_417201,0.02458777817765297,2.290349622033898e-05,0.5023400936037441
SM,201630,49620--sample_49620_k141_745399,0.02225086355778939,1.833261419384275e-05,0.5015576323987538
SM,201630,49621--sample_49621_k141_829693,0.01966220781653833,1.4497846075926759e-05,0.5007776049766719
SM,201630,49623--sample_49623_k141_649493,0.01959020048868897,1.4566593598016228e-05,0.5007776049766719
SM,201630,49620--sample_49620_k141_779465,0.01855287344219938,1.2634733513698457e-05,0.5003885003885004
SM,201630,49621--sample_49621_k141_1073290,0.019841961164620506,1.4301509851407223e-05,0.5007776049766719
SM,201630,49620--sample_49620_k141_370309,0.023206451046123226,2.084594828138789e-05,0.5019485580670304
SM,201630,49628--sample_49628_k141_1201807,0.02463699488763569,2.2836204334651673e-05,0.5023400936037441
SM,201630,49620--sample_49620_k141_436252,0.022076049792401912,1.8583725229499943e-05,0.5015576323987538
SM,201630,49620--sample_49620_k141_709318,0.021049129857644837,1.6250966319138895e-05,0.5011673151750973
SM,201630,49620--sample_49620_k141_838211,0.01607603951811739,9.330344640576703e-06,0.49961210240496506
SM,201630,49620--sample_49620_k141_336741,0.01972222903778988,1.4465412209491057e-05,0.5007776049766719
SM,201630,49627--sample_49627_k141_882587,0.02216106592386942,1.8466271907354897e-05,0.5015576323987538
SM,201630,49626--sample_49626_k141_299629,0.017167490905718386,1.102174582872019e-05,0.5
SM,201630,49620--sample_49620_k141_126210,0.018290993559407023,1.2804223037364956e-05,0.5003885003885004
SM,201630,49627--sample_49627_k141_340580,0.019792273740407686,1.4353461205541419e-05,0.5007776049766719
SM,201630,49621--sample_49621_k141_1098185,0.022163324768233957,1.8452297491340944e-05,0.5015576323987538
SM,201630,49620--sample_49620_k141_443929,0.02346568757663288,2.0493875661960763e-05,0.5019485580670304
SM,201630,49628--sample_49628_k141_1264346,0.020847824673675963,1.650079174843204e-05,0.5011673151750973
SM,201630,49624--sample_49624_k141_808763,0.016133769199945653,9.334051102465246e-06,0.49961210240496506
SM,201630,49623--sample_49623_k141_620155,0.010018037452248397,3.2962283824425782e-06,0.49768160741885625
SM,201630,49623--sample_49623_k141_504674,0.02096549996381716,1.641629408756583e-05,0.5011673151750973
SM,201630,49621--sample_49621_k141_806044,0.017277568974186537,1.0954924998512667e-05,0.5
SM,201630,49623--sample_49623_k141_955947,0.025871915257525017,2.5286459496252487e-05,0.5027322404371585
SM,201630,49623--sample_49623_k141_639263,0.018563469011012624,1.253799490916089e-05,0.5003885003885004
SM,201630,49620--sample_49620_k141_293767,0.022227418609844615,1.839877994042898e-05,0.5015576323987538
SM,201630,49620--sample_49620_k141_585705,0.017202159164041435,1.1016852991403555e-05,0.5
SM,201630,49620--sample_49620_k141_748976,0.019651232677000256,1.4533612616667191e-05,0.5007776049766719
SM,201630,49620--sample_49620_k141_25330,0.020952946389875732,1.630357190308383e-05,0.5011673151750973
SM,201630,49627--sample_49627_k141_661679,0.02217975803966155,1.8418843046826375e-05,0.5015576323987538
SM,201630,49620--sample_49620_k141_623844,0.02720488953081742,2.7694741645931215e-05,0.503125
SM,201630,49620--sample_49620_k141_122298,0.013602149138215277,6.558435671633731e-06,0.4988381099922541
SM,201630,49623--sample_49623_k141_832889,0.01579791787114883,9.520453702916342e-06,0.49961210240496506
SM,201630,49623--sample_49623_k141_1005056,0.015887445182904747,9.517833790388257e-06,0.49961210240496506
SM,201630,49620--sample_49620_k141_895151,0.021142959734739668,1.615795299762502e-05,0.5011673151750973
SM,201630,49620--sample_49620_k141_807767,0.020943138428453162,1.6403491193761313e-05,0.5011673151750973
SM,201630,49623--sample_49623_k141_941570,0.019755042911958003,1.4400961449366767e-05,0.5007776049766719
SM,201630,49628--sample_49628_k141_1852,0.019809848501682516,1.4392479349786871e-05,0.5007776049766719
SM,201630,49623--sample_49623_k141_1218155,0.01853981331030003,1.2566403518899597e-05,0.5003885003885004
SM,201630,49620--sample_49620_k141_531304,0.01708946162300331,1.109953404931893e-05,0.5
SM,201630,49620--sample_49620_k141_525399,0.020805446687534535,1.64838590730089e-05,0.5011673151750973
SM,201630,49627--sample_49627_k141_867888,0.02216883724277933,1.8455132595825486e-05,0.5015576323987538
SM,201630,49628--sample_49628_k141_1292410,0.01979753549222883,1.44033905260124e-05,0.5007776049766719
SM,201630,49624--sample_49624_k141_367618,0.015880990708331016,9.525404834657228e-06,0.49961210240496506
SM,201630,49620--sample_49620_k141_336437,0.02227060864766382,1.832805753601144e-05,0.5015576323987538
SM,201630,49620--sample_49620_k141_300555,0.0221184628288551,1.8497450095924852e-05,0.5015576323987538
SM,201630,49623--sample_49623_k141_932595,0.01580139388457794,9.536392597315783e-06,0.49961210240496506
SM,201630,49624--sample_49624_k141_886731,0.018443949776987923,1.2706049348752691e-05,0.5003885003885004
SM,201630,49628--sample_49628_k141_896519,0.01716567853096107,1.0989756925974079e-05,0.49961210240496506
SM,201630,49620--sample_49620_k141_537973,0.018341742632849822,1.2710710582946796e-05,0.5003885003885004
SM,201630,49620--sample_49620_k141_241114,0.017165210849770615,1.106545436241841e-05,0.5
SM,201630,49621--sample_49621_k141_675292,0.02201940874474273,1.8592185756734573e-05,0.5015576323987538
SM,201630,49620--sample_49620_k141_713240,0.01725874964173777,1.0901557694804264e-05,0.5
SM,201630,49628--sample_49628_k141_1335931,0.01728457081655979,1.090685669860415e-05,0.5
SM,201630,49628--sample_49628_k141_1578820,0.02451824532096171,2.290969605824956e-05,0.5023400936037441
SM,201630,49623--sample_49623_k141_595193,0.02103613164006525,1.6306867002745475e-05,0.5011673151750973
SM,201630,49620--sample_49620_k141_345775,0.022200381673111554,1.8414194766192212e-05,0.5015576323987538
SM,201630,49628--sample_49628_k141_1486095,0.018337950394786418,1.2710877047150434e-05,0.5003885003885004
SM,201630,49623--sample_49623_k141_635168,0.020833168460549785,1.6478984079643837e-05,0.5011673151750973
SM,201630,49624--sample_49624_k141_857349,0.023450886244126147,2.0528245453426956e-05,0.5019485580670304
SM,201630,49623--sample_49623_k141_921694,0.02228751143256952,1.8250256305033935e-05,0.5015576323987538
SM,201630,49628--sample_49628_k141_870812,0.022241847244490336,1.8373828138691257e-05,0.5015576323987538
SM,201630,49620--sample_49620_k141_810609,0.020932148279103155,1.64150508543259e-05,0.5011673151750973
SM,201630,49628--sample_49628_k141_729278,0.01845392477693019,1.267690928708514e-05,0.5003885003885004
SM,201630,49623--sample_49623_k141_805715,0.02213520710048055,1.8512467332839458e-05,0.5015576323987538
SM,201630,49623--sample_49623_k141_1004039,0.02107908959643788,1.6222711756626505e-05,0.5011673151750973
SM,201630,49623--sample_49623_k141_783197,0.02088144301424146,1.6474354046516922e-05,0.5011673151750973
SM,201630,49623--sample_49623_k141_375876,0.02206509867003036,1.858761399122184e-05,0.5015576323987538
SM,201630,49620--sample_49620_k141_409549,0.023616235811876357,2.0341297854305843e-05,0.5019485580670304
SM,201630,49628--sample_49628_k141_1401107,0.01614255551663918,9.251465264704002e-06,0.49961210240496506
SM,201630,49623--sample_49623_k141_544588,0.02335276577858376,2.065955845369669e-05,0.5019485580670304
SM,201630,49620--sample_49620_k141_402231,0.015990532561767166,9.43658395350208e-06,0.49961210240496506
SM,201630,49623--sample_49623_k141_985280,0.022195640812947632,1.8319954269157097e-05,0.5015576323987538
SM,201630,49623--sample_49623_k141_91927,0.018466194773007483,1.2673269855555072e-05,0.5003885003885004
SM,201630,49623--sample_49623_k141_1330012,0.020860848130232187,1.6454701278581682e-05,0.5011673151750973
SM,201630,49620--sample_49620_k141_596290,0.019674191338765575,1.4517175497164615e-05,0.5007776049766719
SM,201630,49628--sample_49628_k141_1712723,0.01958154430900751,1.4570393718695927e-05,0.5007776049766719
SM,201630,49623--sample_49623_k141_1131227,0.017327717034983734,1.0880589709496185e-05,0.5
SM,201630,49627--sample_49627_k141_313292,0.023447183899175755,2.061484701740571e-05,0.5019485580670304
SM,201630,49620--sample_49620_k141_209439,0.015999640514362222,9.372049549503641e-06,0.49961210240496506
SM,201630,49627--sample_49627_k141_512927,0.02209810156682413,1.8499396988054545e-05,0.5015576323987538
SM,201630,49620--sample_49620_k141_780576,0.01980081632906495,1.4305236722735702e-05,0.5007776049766719
SM,201630,49620--sample_49620_k141_680328,0.020897106422659815,1.647390098986433e-05,0.5011673151750973
SM,201630,49620--sample_49620_k141_471906,0.024733246761987845,2.2769907333848427e-05,0.5023400936037441
SM,201630,49620--sample_49620_k141_1427,0.022158578026215944,1.8414749625111785e-05,0.5015576323987538
SM,201630,49627--sample_49627_k141_576506,0.02081791825214252,1.6477268102684095e-05,0.5011673151750973
SM,201630,49624--sample_49624_k141_183073,0.02228486705299878,1.822227243829157e-05,0.5015576323987538
SM,201630,49623--sample_49623_k141_440584,0.020945899799604564,1.6354817513573614e-05,0.5011673151750973
SM,201630,49620--sample_49620_k141_596468,0.013443289868509062,6.694951691237153e-06,0.4988381099922541
SM,201630,49620--sample_49620_k141_180772,0.020869607639369184,1.648457491178596e-05,0.5011673151750973
SM,201630,49623--sample_49623_k141_450039,0.01725373892718974,1.0942446042543054e-05,0.5
SM,201630,49620--sample_49620_k141_267223,0.019678640645349344,1.4507130374999393e-05,0.5007776049766719
SM,201630,49627--sample_49627_k141_739479,0.01959568249777309,1.4529201230290063e-05,0.5007776049766719
SM,201630,49620--sample_49620_k141_400183,0.018324001470496416,1.2718565378318285e-05,0.5
SM,201630,49620--sample_49620_k141_670690,0.013769880235773793,6.4741907948860795e-06,0.4984520123839009
SM,201630,49623--sample_49623_k141_259650,0.02311862193242508,2.0941248745565522e-05,0.5019485580670304
SM,201630,49623--sample_49623_k141_549495,0.01225170623176428,5.481221166709648e-06,0.4984520123839009
SM,201630,49620--sample_49620_k141_776021,0.024602514499738107,2.2939905287655974e-05,0.5023400936037441
SM,201630,49620--sample_49620_k141_196964,0.0185484783768894,1.2535777509387542e-05,0.5003885003885004
SM,201630,49620--sample_49620_k141_840562,0.018655494525521843,1.2479177232864458e-05,0.5003885003885004
SM,201630,49623--sample_49623_k141_518176,0.01972529896800993,1.4466935959362063e-05,0.5007776049766719
SM,201630,49627--sample_49627_k141_654175,0.02095653280036058,1.633983203825477e-05,0.5011673151750973
SM,201630,49627--sample_49627_k141_414467,0.01485965943658353,7.864233649282554e-06,0.4992248062015504
SM,201630,49623--sample_49623_k141_1247076,0.018327882683653676,1.2804084790322814e-05,0.5003885003885004
SM,201630,49620--sample_49620_k141_374157,0.01847105743355118,1.264796711581882e-05,0.5003885003885004
SM,201630,49620--sample_49620_k141_275674,0.020790708825043146,1.6592329380843753e-05,0.5011673151750973
SM,201630,49620--sample_49620_k141_577314,0.0194689858086385,1.4653430581222495e-05,0.5007776049766719
SM,201630,49620--sample_49620_k141_378471,0.01843837727528018,1.2641568139716785e-05,0.5003885003885004
SM,201630,49624--sample_49624_k141_942387,0.01963007329680397,1.4535562581840262e-05,0.5007776049766719
SM,201630,49628--sample_49628_k141_1506561,0.017233086514482784,1.0945298767781502e-05,0.5
SM,201630,49624--sample_49624_k141_837100,0.02446145282163792,2.3030064900383822e-05,0.5023400936037441
SM,201630,49620--sample_49620_k141_697673,0.014662008428973082,8.00671256018641e-06,0.4992248062015504
SM,201630,49623--sample_49623_k141_837177,0.015840979140427734,9.562103583542511e-06,0.49961210240496506
SM,201630,49623--sample_49623_k141_274362,0.01844192983378802,1.270870571473605e-05,0.5
SM,201630,49623--sample_49623_k141_283253,0.020834029665173958,1.6500539489289733e-05,0.5011673151750973
SM,201630,49623--sample_49623_k141_379355,0.01965116202831569,1.4428466604931488e-05,0.5007776049766719
SM,201630,49623--sample_49623_k141_180157,0.021981794463431684,1.85828072390479e-05,0.5015576323987538
SM,201630,49620--sample_49620_k141_475809,0.025650505484714828,2.5548871184263916e-05,0.5027322404371585
SM,201630,49623--sample_49623_k141_739376,0.020773476744249,1.6561320047540776e-05,0.5011673151750973
SM,201630,49621--sample_49621_k141_178506,0.023362536189778068,2.0648457640279675e-05,0.5019485580670304
SM,201630,49620--sample_49620_k141_588205,0.02113419455657461,1.6194110926507798e-05,0.5011673151750973
SM,201630,49623--sample_49623_k141_762414,0.02325771703154912,2.0849690921542394e-05,0.5019485580670304
SM,201630,49620--sample_49620_k141_308469,0.018459352064658312,1.2656232930549503e-05,0.5003885003885004
SM,201630,49620--sample_49620_k141_344961,0.02205888690143486,1.8539317719885276e-05,0.5015576323987538
SM,201630,49628--sample_49628_k141_960275,0.02335809137865265,2.058869947870561e-05,0.5019485580670304
SM,201630,49628--sample_49628_k141_1438869,0.020924898437496564,1.6364136085574922e-05,0.5011673151750973
SM,201630,49620--sample_49620_k141_216516,0.023448021260634267,2.051265560677635e-05,0.5019485580670304
SM,201630,49620--sample_49620_k141_140542,0.02087327542042175,1.65292070051606e-05,0.5011673151750973
SM,201630,49620--sample_49620_k141_350606,0.015963211519120897,9.46803776152276e-06,0.49961210240496506
SM,201630,49622--sample_49622_k141_541922,0.016081015643617944,9.333072202949222e-06,0.49961210240496506
SM,201630,49620--sample_49620_k141_562938,0.023325670579758363,2.0685227948572703e-05,0.5019485580670304
SM,201630,49620--sample_49620_k141_345569,0.018569867237508884,1.2538335669875482e-05,0.5003885003885004
SM,201630,49620--sample_49620_k141_268279,0.018505525824863686,1.2642505024384447e-05,0.5003885003885004
SM,201630,49620--sample_49620_k141_280585,0.014752398542414646,7.96115851179753e-06,0.4992248062015504
SM,201630,49627--sample_49627_k141_725460,0.020751935051468794,1.657164610103611e-05,0.5011673151750973
SM,201630,49628--sample_49628_k141_884471,0.020789544903468436,1.655758621409133e-05,0.5011673151750973
SM,201630,49628--sample_49628_k141_389027,0.023313549757916985,2.0685156124588883e-05,0.5019485580670304
SM,201630,49620--sample_49620_k141_868983,0.021012188688618108,1.6268227952379226e-05,0.5011673151750973
SM,201630,49623--sample_49623_k141_441108,0.018426975530911712,1.2673431811384432e-05,0.5003885003885004
SM,201630,49620--sample_49620_k141_469999,0.020964308055331886,1.6384180992248127e-05,0.5011673151750973
SM,201630,49620--sample_49620_k141_853803,0.023351171913703762,2.06274876681252e-05,0.5019485580670304
SM,201630,49620--sample_49620_k141_848181,0.02210067096871588,1.8534003735833382e-05,0.5015576323987538
SM,201630,49627--sample_49627_k141_696542,0.0183410992576783,1.2753457941410319e-05,0.5003885003885004
SM,201630,49620--sample_49620_k141_794699,0.019932557261416857,1.4210485796388364e-05,0.5007776049766719
SM,201630,49620--sample_49620_k141_614701,0.019600539647283432,1.455180441454814e-05,0.5007776049766719
SM,201630,49620--sample_49620_k141_175692,0.022156957619606715,1.8459437116467002e-05,0.5015576323987538
SM,201630,49625--sample_49625_k141_399547,0.026027992792178885,2.5043093443220776e-05,0.5027322404371585
SM,201630,49620--sample_49620_k141_714399,0.020938251778425083,1.635204109481603e-05,0.5011673151750973
SM,201630,49628--sample_49628_k141_1350362,0.022086973786407546,1.8487492182055055e-05,0.5015576323987538
SM,201630,49620--sample_49620_k141_642954,0.018587331532591688,1.2559528864230032e-05,0.5003885003885004
SM,201630,49628--sample_49628_k141_1269653,0.01716191368456889,1.105461870253154e-05,0.5
SM,201630,49628--sample_49628_k141_1723366,0.01824402135045345,1.2860756709317347e-05,0.5003885003885004
SM,201630,49622--sample_49622_k141_970025,0.024659481045105954,2.2838182860585097e-05,0.5023400936037441
SM,201630,49627--sample_49627_k141_421323,0.020744989080256345,1.6625008005511656e-05,0.5011673151750973
SM,201630,49628--sample_49628_k141_1029201,0.019711067995967634,1.444889875918161e-05,0.5007776049766719
SM,201630,49628--sample_49628_k141_1211821,0.017116650836053477,1.1067170909927569e-05,0.5
SM,201630,49622--sample_49622_k141_822455,0.019881252727166204,1.4250802080177125e-05,0.5007776049766719
SM,201630,49620--sample_49620_k141_584834,0.02088728145915242,1.644621022929302e-05,0.5011673151750973
SM,201630,49620--sample_49620_k141_750463,0.01973774646280359,1.444019412905058e-05,0.5007776049766719
SM,201630,49623--sample_49623_k141_19062,0.0220060135867227,1.8656176839303403e-05,0.5015576323987538
SM,201630,49628--sample_49628_k141_1303741,0.015774071581967405,9.57412042653522e-06,0.49961210240496506
SM,201630,49627--sample_49627_k141_598482,0.02219489214452988,1.8340370807684316e-05,0.5015576323987538
SM,201630,49623--sample_49623_k141_1355655,0.017045603424328065,1.1124476453419231e-05,0.5
SM,201630,49623--sample_49623_k141_303771,0.01973406448806597,1.443091666333362e-05,0.5007776049766719
SM,201630,49620--sample_49620_k141_609283,0.01726386221662541,1.0942695480386053e-05,0.5
SM,201630,49628--sample_49628_k141_1400465,0.016005691652105688,9.366424765782228e-06,0.49961210240496506
SM,201630,49621--sample_49621_k141_1077144,0.024463686761375537,2.313425267338616e-05,0.5023400936037441
SM,201630,49620--sample_49620_k141_175085,0.01856297342124333,1.2605509044045721e-05,0.5003885003885004
SM,201630,49620--sample_49620_k141_473245,0.02464551341131028,2.2842887219500876e-05,0.5023400936037441
SM,201630,49628--sample_49628_k141_751758,0.018498066147003417,1.2573179742227253e-05,0.5003885003885004
SM,201630,49620--sample_49620_k141_529134,0.01718024184434873,1.1011298397636344e-05,0.5
SM,201630,49623--sample_49623_k141_854320,0.008633553177872833,2.5202116544986374e-06,0.4972972972972973
SM,201630,49620--sample_49620_k141_479378,0.017248640983494247,1.0883486967298209e-05,0.5
SM,201630,49623--sample_49623_k141_485845,0.014826695454219083,7.906972004500134e-06,0.4992248062015504
SM,201630,49623--sample_49623_k141_1104290,0.01700040518591597,1.112687206518783e-05,0.5
SM,201630,49620--sample_49620_k141_802175,0.01848739824745887,1.2611303157534798e-05,0.5003885003885004
SM,201630,49620--sample_49620_k141_708196,0.024450005716183016,2.311341423972389e-05,0.5023400936037441
SM,201630,49623--sample_49623_k141_239529,0.019655858684089193,1.4441556220570114e-05,0.5007776049766719
SM,201630,49627--sample_49627_k141_524154,0.017370683887491863,1.0852624742814961e-05,0.5
SM,201630,49627--sample_49627_k141_871592,0.028353060279832087,3.0417876821396763e-05,0.5035183737294762
SM,201630,49624--sample_49624_k141_462272,0.019631791005232116,1.4535948252229878e-05,0.5007776049766719
SM,201630,49620--sample_49620_k141_609029,0.01589423090152462,9.48583894334347e-06,0.49961210240496506
SM,201630,49627--sample_49627_k141_650344,0.01836854725976256,1.274514651439736e-05,0.5003885003885004
SM,201630,49620--sample_49620_k141_792699,0.020685802517516647,1.6651331907710904e-05,0.5011673151750973
SM,201630,49620--sample_49620_k141_882729,0.020745950396623823,1.656306193370207e-05,0.5011673151750973
SM,201630,49620--sample_49620_k141_510128,0.01974992918540189,1.4391411760822245e-05,0.5007776049766719
SM,201630,49620--sample_49620_k141_828425,0.01841842284796244,1.269229052792454e-05,0.5
SM,201630,49623--sample_49623_k141_973496,0.020800411511375516,1.6496432198020668e-05,0.5011673151750973
SM,201630,49623--sample_49623_k141_593582,0.02329975100748218,2.0726203874855536e-05,0.5019485580670304
SM,201630,49621--sample_49621_k141_409291,0.0256668354580054,2.5511737462633383e-05,0.5027322404371585
SM,201630,49620--sample_49620_k141_700704,0.01597886980646853,9.429554485137564e-06,0.49961210240496506
SM,201630,49623--sample_49623_k141_1317120,0.020711626198507666,1.6589683450732982e-05,0.5011673151750973
SM,201630,49623--sample_49623_k141_727605,0.01737128046576919,1.0870056120897442e-05,0.5
SM,201630,49628--sample_49628_k141_1487610,0.022056550655773544,1.8615391064306118e-05,0.5015576323987538
SM,201630,49627--sample_49627_k141_858468,0.023401614121736993,2.0615819740221285e-05,0.5019485580670304
SM,201630,49623--sample_49623_k141_170441,0.01957663008907577,1.4593449950071826e-05,0.5007776049766719
SM,201630,49628--sample_49628_k141_1767191,0.02576034756620199,2.541465278226898e-05,0.5027322404371585
SM,201630,49627--sample_49627_k141_190321,0.022038841198514986,1.8595620689727237e-05,0.5015576323987538
SM,201630,49627--sample_49627_k141_749238,0.018253778862911185,1.2854749592714998e-05,0.5003885003885004
SM,201630,49620--sample_49620_k141_552424,0.018408617881594723,1.2678879374013448e-05,0.5003885003885004
SM,201630,49623--sample_49623_k141_828017,0.024528774030267497,2.2984462284970956e-05,0.5023400936037441
SM,201630,49627--sample_49627_k141_462720,0.019690656885387497,1.4468885809889138e-05,0.5007776049766719
SM,201630,49621--sample_49621_k141_762393,0.0207337807610851,1.6657774405275003e-05,0.5011673151750973
SM,201630,49620--sample_49620_k141_900294,0.018258965386721622,1.2803582915723583e-05,0.5003885003885004
SM,201630,49621--sample_49621_k141_452052,0.017176427257058514,1.1006229554724787e-05,0.5
SM,201630,49621--sample_49621_k141_784926,0.020951505971545166,1.6387047213606076e-05,0.5011673151750973
SM,201630,49620--sample_49620_k141_464073,0.019632985954385045,1.4567704680623806e-05,0.5007776049766719
SM,201630,49623--sample_49623_k141_402753,0.020916158840298533,1.639394510243795e-05,0.5011673151750973
SM,201630,49626--sample_49626_k141_514911,0.014815946185965316,7.920915964620612e-06,0.4992248062015504
SM,201630,49620--sample_49620_k141_89916,0.013446744914165108,6.710061920474736e-06,0.4988381099922541
SM,201630,49621--sample_49621_k141_394250,0.02434805469159637,2.325956729659186e-05,0.5023400936037441
SM,201630,49621--sample_49621_k141_806897,0.01856020747365998,1.2607793277340785e-05,0.5003885003885004
SM,201630,49628--sample_49628_k141_934206,0.023400226720124494,2.055776025758813e-05,0.5019485580670304
SM,201630,49628--sample_49628_k141_1580996,0.019759316701413336,1.4428956269289887e-05,0.5007776049766719
SM,201630,49623--sample_49623_k141_731714,0.023269240705005186,2.0691434841972796e-05,0.5019485580670304
SM,201630,49623--sample_49623_k141_770561,0.019814867821167186,1.4302189679269148e-05,0.5007776049766719
SM,201630,49627--sample_49627_k141_829391,0.021019697229482468,1.629105542952039e-05,0.5011673151750973
SM,201630,49627--sample_49627_k141_571973,0.018394014816952343,1.2712639649482261e-05,0.5003885003885004
SM,201630,49620--sample_49620_k141_93113,0.024597732436510693,2.2950747842134185e-05,0.5023400936037441
SM,201630,49623--sample_49623_k141_687281,0.024590036338202788,2.2969031660297634e-05,0.5023400936037441
SM,201630,49626--sample_49626_k141_590008,0.017310866681913475,1.09150992951467e-05,0.5
SM,201630,49620--sample_49620_k141_895379,0.019704357710080334,1.4458825844857487e-05,0.5007776049766719
SM,201630,49620--sample_49620_k141_98203,0.01969251567350852,1.4453321073518338e-05,0.5007776049766719
SM,201630,49625--sample_49625_k141_188852,0.0220727798239497,1.8500962168771488e-05,0.5015576323987538
SM,201630,49620--sample_49620_k141_313162,0.01615357734247869,9.316419273096734e-06,0.49961210240496506
SM,201630,49627--sample_49627_k141_276556,0.020703056972971354,1.658054602154166e-05,0.5011673151750973
SM,201630,49628--sample_49628_k141_1632557,0.011141781179603884,4.323861815202792e-06,0.49768160741885625
SM,201630,49623--sample_49623_k141_1254467,0.023481769904884174,2.0504549069561782e-05,0.5019485580670304
SM,201630,49623--sample_49623_k141_824443,0.01965185767938256,1.4482530955913914e-05,0.5007776049766719
SM,201630,49620--sample_49620_k141_806638,0.020937135980398553,1.641771192373872e-05,0.5011673151750973
SM,201630,49620--sample_49620_k141_304248,0.018192448777122318,1.2897502019990442e-05,0.5003885003885004
SM,201630,49620--sample_49620_k141_174776,0.021022829904529288,1.6243572899223412e-05,0.5011673151750973
SM,201630,49620--sample_49620_k141_347387,0.01971359955656566,1.4437334298932928e-05,0.5007776049766719
SM,201630,49627--sample_49627_k141_177413,0.024579480909010378,2.2980170191081877e-05,0.5023400936037441
SM,201630,49620--sample_49620_k141_386392,0.01976463658350906,1.4412286143203796e-05,0.5007776049766719
SM,201630,49620--sample_49620_k141_822760,0.018290298580520947,1.287142385565778e-05,0.5003885003885004
SM,201630,49627--sample_49627_k141_319949,0.021958552542626467,1.862047763118063e-05,0.5015576323987538
SM,201630,49620--sample_49620_k141_343081,0.01839102035533006,1.2689310107298063e-05,0.5003885003885004
SM,201630,49620--sample_49620_k141_629202,0.014861699536756891,7.853787121454894e-06,0.4992248062015504
SM,201630,49620--sample_49620_k141_300959,0.02093638742606638,1.637697406128595e-05,0.5011673151750973
SM,201630,49628--sample_49628_k141_964811,0.014808387814299922,7.919970837191194e-06,0.4992248062015504
SM,201630,49620--sample_49620_k141_498807,0.022159898977100714,1.8371835573167478e-05,0.5015576323987538
SM,201630,49627--sample_49627_k141_729568,0.02441768503903318,2.3167208850662564e-05,0.5023400936037441
SM,201630,49623--sample_49623_k141_744433,0.02092549381927193,1.6433168627822375e-05,0.5011673151750973
SM,201630,49627--sample_49627_k141_633653,0.018278894187908228,1.2912256052988687e-05,0.5003885003885004
SM,201630,49620--sample_49620_k141_883152,0.02458218067714884,2.3002920031830954e-05,0.5023400936037441
SM,201630,49627--sample_49627_k141_515529,0.019495598313850015,1.4675400253784624e-05,0.5007776049766719
SM,201630,49620--sample_49620_k141_550159,0.017077402783948856,1.1117743445068676e-05,0.5
SM,201630,49624--sample_49624_k141_957901,0.018352924256275573,1.273634922876393e-05,0.5003885003885004
SM,201630,49623--sample_49623_k141_70638,0.0135584066103908,6.679090019662445e-06,0.4988381099922541
SM,201630,49620--sample_49620_k141_33066,0.015883856796270118,9.435772485333943e-06,0.49961210240496506
SM,201630,49620--sample_49620_k141_212651,0.02221434460022163,1.8417839371460436e-05,0.5015576323987538
SM,201630,49623--sample_49623_k141_825568,0.020951827151558997,1.634504247815037e-05,0.5011673151750973
SM,201630,49620--sample_49620_k141_349419,0.010944373101096486,4.453564300582418e-06,0.4980665119876257
SM,201630,49625--sample_49625_k141_389451,0.02217058880986788,1.842971719221149e-05,0.5015576323987538
SM,201630,49623--sample_49623_k141_638582,0.013450862072695201,6.64692078129986e-06,0.4988381099922541
SM,201630,49623--sample_49623_k141_1032962,0.014692957830278625,7.961491315513746e-06,0.4988381099922541
SM,201630,49620--sample_49620_k141_772901,0.018410562800652876,1.2736134086035144e-05,0.5003885003885004
SM,201630,49623--sample_49623_k141_341484,0.023426028607069965,2.04892528920178e-05,0.5019485580670304
SM,201630,49627--sample_49627_k141_837948,0.014729521890213211,7.958495142288228e-06,0.4992248062015504
SM,201630,49622--sample_49622_k141_625868,0.018399553276221548,1.2700212926940569e-05,0.5003885003885004
SM,201630,49621--sample_49621_k141_998779,0.020916979066164996,1.6406526430279185e-05,0.5011673151750973
SM,201630,49627--sample_49627_k141_754865,0.020952345668134094,1.631681867047863e-05,0.5011673151750973
SM,201630,49620--sample_49620_k141_315313,0.01716161011038942,1.1053557050242992e-05,0.5
SM,201630,49623--sample_49623_k141_728033,0.022362491021141878,1.82271234494226e-05,0.5015576323987538
SM,201630,49620--sample_49620_k141_92586,0.01969699683825381,1.4476266001122894e-05,0.5007776049766719
SM,201630,49625--sample_49625_k141_364346,0.02223621594850726,1.837851159233856e-05,0.5015576323987538
SM,201630,49627--sample_49627_k141_490345,0.018546119056609574,1.2566958235895396e-05,0.5003885003885004
SM,201630,49628--sample_49628_k141_1593967,0.018513058944432656,1.2605323969854695e-05,0.5003885003885004
SM,201630,49623--sample_49623_k141_540693,0.01597638459232647,9.404308949752524e-06,0.49961210240496506
SM,201630,49627--sample_49627_k141_593011,0.017103411338292344,1.1061522420503995e-05,0.5
SM,201630,49623--sample_49623_k141_100166,0.018546899886601378,1.2618602019497232e-05,0.5003885003885004
SM,201630,49620--sample_49620_k141_188761,0.02220639271546853,1.833534446200878e-05,0.5015576323987538
SM,201630,49620--sample_49620_k141_852859,0.0209577075837098,1.6366776539159397e-05,0.5011673151750973
SM,201630,49620--sample_49620_k141_891883,0.02099235831852559,1.62819312850125e-05,0.5011673151750973
SM,201630,49620--sample_49620_k141_165300,0.018315615726047632,1.2792878497823114e-05,0.5003885003885004
SM,201630,49623--sample_49623_k141_942149,0.02083154325391813,1.649829783173609e-05,0.5011673151750973
SM,201630,49620--sample_49620_k141_749019,0.025880300705759557,2.5304417946248506e-05,0.5027322404371585
SM,201630,49620--sample_49620_k141_34612,0.02096960083495284,1.6308186719027403e-05,0.5011673151750973
SM,201630,49620--sample_49620_k141_619265,0.022051617748633148,1.8619843322740846e-05,0.5015576323987538
SM,201630,49620--sample_49620_k141_163204,0.01951305908249337,1.4684603376824694e-05,0.5007776049766719
SM,201630,49627--sample_49627_k141_894207,0.016086763650948764,9.29235641388598e-06,0.49961210240496506
SM,201630,49620--sample_49620_k141_892610,0.017336515564715875,1.0829077557965073e-05,0.5
SM,201630,49620--sample_49620_k141_879678,0.020856246554464903,1.6419808059982394e-05,0.5011673151750973
SM,201630,49628--sample_49628_k141_549400,0.02208191916651771,1.8524853536831492e-05,0.5015576323987538
SM,201630,49628--sample_49628_k141_983346,0.015968462585443936,9.38671374511863e-06,0.49961210240496506
SM,201630,49623--sample_49623_k141_702128,0.018405605977196725,1.2709478070263572e-05,0.5003885003885004
SM,201630,49623--sample_49623_k141_470609,0.014616693730311558,7.999790768567083e-06,0.4992248062015504
SM,201630,49623--sample_49623_k141_1036475,0.022070855411747504,1.8565344415515536e-05,0.5015576323987538
SM,201630,49620--sample_49620_k141_755103,0.018490656866488268,1.2645168041971551e-05,0.5003885003885004
SM,201630,49621--sample_49621_k141_68092,0.02202493587854366,1.859497743315801e-05,0.5015576323987538
SM,201630,49623--sample_49623_k141_42735,0.020814815017278956,1.6515189119689907e-05,0.5011673151750973
SM,201630,49628--sample_49628_k141_231843,0.021083809621914577,1.621299616318474e-05,0.5011673151750973
SM,201630,49620--sample_49620_k141_345812,0.019734282883053265,1.4435479174678275e-05,0.5007776049766719
SM,201630,49625--sample_49625_k141_25563,0.0182674383730438,1.2819935025843222e-05,0.5003885003885004
SM,201630,49628--sample_49628_k141_1257336,0.02068719885129268,1.6610137676346603e-05,0.5011673151750973
SM,201630,49625--sample_49625_k141_223344,0.019591671534712165,1.4572911608972082e-05,0.5007776049766719
SM,201630,49620--sample_49620_k141_493131,0.024652575940643847,2.2896687287779313e-05,0.5023400936037441
SM,201630,49620--sample_49620_k141_848030,0.01851554328097161,1.2611145943586536e-05,0.5003885003885004
SM,201630,49623--sample_49623_k141_905837,0.02213591217490462,1.8369753103507548e-05,0.5015576323987538
SM,201630,49620--sample_49620_k141_524665,0.030823049534753077,3.607115412180293e-05,0.5043069694596711
SM,201630,49627--sample_49627_k141_606222,0.019590016750007083,1.4570174972110298e-05,0.5007776049766719
SM,201630,49627--sample_49627_k141_152302,0.019533956552384244,1.4619213538392764e-05,0.5007776049766719
SM,201630,49627--sample_49627_k141_381781,0.023303930218508455,2.0755612247768668e-05,0.5019485580670304
SM,201630,49623--sample_49623_k141_1320380,0.01840483378044651,1.271290646112142e-05,0.5003885003885004
SM,201630,49620--sample_49620_k141_237655,0.015844714699179877,9.534426243527137e-06,0.49961210240496506
SM,201630,49628--sample_49628_k141_1318930,0.022207325812322737,1.838485416345722e-05,0.5015576323987538
SM,201630,49623--sample_49623_k141_1239734,0.01823176559429888,1.2856046848318853e-05,0.5003885003885004
SM,201630,49620--sample_49620_k141_729130,0.020764133840402946,1.6590926440041817e-05,0.5011673151750973
SM,201630,49628--sample_49628_k141_430758,0.022122985831204905,1.8470701587472476e-05,0.5015576323987538
SM,201630,49625--sample_49625_k141_170109,0.024437374030529695,2.310773786048255e-05,0.5023400936037441
SM,201630,49623--sample_49623_k141_1074520,0.017328447937741916,1.0896853954133794e-05,0.5
SM,201630,49620--sample_49620_k141_696406,0.018407003220058497,1.2702885563796606e-05,0.5003885003885004
SM,201630,49621--sample_49621_k141_304846,0.020794178187194288,1.6535959593063793e-05,0.5011673151750973
SM,201630,49620--sample_49620_k141_164103,0.019493210495854407,1.4647005510823406e-05,0.5007776049766719
SM,201630,49625--sample_49625_k141_39986,0.012429879715219213,5.369969751615427e-06,0.4984520123839009
SM,201630,49620--sample_49620_k141_379858,0.022260023879638036,1.8331081347864898e-05,0.5015576323987538
SM,201630,49623--sample_49623_k141_787874,0.01859534346407307,1.2577156519686147e-05,0.5003885003885004
SM,201630,49627--sample_49627_k141_488743,0.015919479785829534,9.466616335734084e-06,0.49961210240496506
SM,201630,49620--sample_49620_k141_845769,0.02446316236869437,2.3106095668486336e-05,0.5023400936037441
SM,201630,49624--sample_49624_k141_823890,0.01724461079973433,1.0951256770811254e-05,0.5
SM,201630,49623--sample_49623_k141_1142358,0.020943002742648154,1.6321479961311524e-05,0.5011673151750973
SM,201630,49623--sample_49623_k141_1351314,0.013534137019817165,6.646369792599696e-06,0.4988381099922541
SM,201630,49623--sample_49623_k141_397605,0.02210858236139801,1.8413905159172467e-05,0.5015576323987538
SM,201630,49628--sample_49628_k141_513653,0.02334822517798438,2.0687639043700386e-05,0.5019485580670304
SM,201630,49620--sample_49620_k141_880376,0.022211801710388904,1.8356400632245208e-05,0.5015576323987538
SM,201630,49621--sample_49621_k141_1049905,0.015938829331667292,9.465439723184702e-06,0.49961210240496506
SM,201630,49620--sample_49620_k141_42888,0.022026844208265853,1.8621130048142086e-05,0.5015576323987538
SM,201630,49628--sample_49628_k141_1150711,0.018501743502197195,1.26139853959819e-05,0.5003885003885004
SM,201630,49628--sample_49628_k141_1295079,0.020955505186200048,1.6345268769245734e-05,0.5011673151750973
SM,201630,49628--sample_49628_k141_1557966,0.017044212443902945,1.1130807982961506e-05,0.5
SM,201630,49623--sample_49623_k141_459679,0.020962497123836448,1.6380094760310637e-05,0.5011673151750973
SM,201630,49621--sample_49621_k141_253982,0.01710506251617491,1.1119448027682973e-05,0.5
SM,201630,49627--sample_49627_k141_718220,0.01955568586438753,1.4531232494699952e-05,0.5007776049766719
SM,201630,49620--sample_49620_k141_367257,0.02081595490289502,1.6570804335689564e-05,0.5011673151750973
SM,201630,49621--sample_49621_k141_1078957,0.014834259385852174,7.9388623049491e-06,0.4992248062015504
SM,201630,49620--sample_49620_k141_350880,0.02230333705325126,1.8269246975210794e-05,0.5015576323987538
SM,201630,49623--sample_49623_k141_1156595,0.016105475195258522,9.237483443250326e-06,0.49961210240496506
SM,201630,49625--sample_49625_k141_264927,0.016025520742958082,9.384781786399483e-06,0.49961210240496506
SM,201630,49628--sample_49628_k141_609789,0.019676209345231607,1.4498537242324821e-05,0.5007776049766719
SM,201630,49620--sample_49620_k141_108508,0.024515932849274575,2.308556832969845e-05,0.5023400936037441
SM,201630,49624--sample_49624_k141_930198,0.017159851513476293,1.1062167217365473e-05,0.5
SM,201630,49626--sample_49626_k141_577843,0.01836017170411119,1.2706726931312091e-05,0.5
SM,201630,49624--sample_49624_k141_404074,0.01728691862398374,1.091072588574699e-05,0.5
SM,201630,49620--sample_49620_k141_557772,0.020868461714515583,1.64635431040408e-05,0.5011673151750973
SM,201630,49628--sample_49628_k141_1571541,0.020913236205804476,1.6400983212899405e-05,0.5011673151750973
SM,201630,49623--sample_49623_k141_469107,0.014837901553141415,7.91121990734187e-06,0.4992248062015504
SM,201630,49626--sample_49626_k141_793367,0.02091653962862648,1.649946463372642e-05,0.5011673151750973
SM,201630,49621--sample_49621_k141_679065,0.016116510286949604,9.246903036193843e-06,0.49961210240496506
SM,201630,49623--sample_49623_k141_721938,0.019640322605684,1.449532566738924e-05,0.5007776049766719
SM,201630,49624--sample_49624_k141_904286,0.0198683120437311,1.4283314583967896e-05,0.5007776049766719
SM,201630,49624--sample_49624_k141_1055872,0.017167295010517645,1.095158340410145e-05,0.5
SM,201630,49624--sample_49624_k141_683558,0.01592571697619652,9.443348114412897e-06,0.49961210240496506
SM,201630,49620--sample_49620_k141_710837,0.019556531936500452,1.4521446630795169e-05,0.5007776049766719
SM,201630,49624--sample_49624_k141_853813,0.02083371846220747,1.647819785278117e-05,0.5011673151750973
SM,201630,49620--sample_49620_k141_726559,0.010950479768128463,4.409539610828169e-06,0.49768160741885625
SM,201630,49622--sample_49622_k141_1283027,0.022136389170857845,1.847901185177799e-05,0.5015576323987538
SM,201630,49628--sample_49628_k141_1606068,0.018553358186611427,1.2587176806862203e-05,0.5003885003885004
SM,201630,49620--sample_49620_k141_832586,0.016087024363355247,9.304007990060349e-06,0.49961210240496506
SM,201630,49627--sample_49627_k141_376887,0.016112431236689338,9.33864860989598e-06,0.49961210240496506
SM,201630,49620--sample_49620_k141_290753,0.016073941354218777,9.36713232939607e-06,0.49961210240496506
SM,201630,49621--sample_49621_k141_716554,0.025858245953347504,2.530609956864481e-05,0.5027322404371585
SM,201630,49623--sample_49623_k141_844041,0.02328519624656207,2.0747188360694887e-05,0.5019485580670304
SM,201630,49623--sample_49623_k141_611020,0.013557598214067537,6.613900411174068e-06,0.4988381099922541
SM,201630,49620--sample_49620_k141_112955,0.0159813913286543,9.358492976093995e-06,0.49961210240496506
SM,201630,49620--sample_49620_k141_463131,0.022210430102481235,1.8398155626903917e-05,0.5015576323987538
SM,201630,49621--sample_49621_k141_990772,0.01950537353199294,1.4682405810066717e-05,0.5007776049766719
SM,201630,49620--sample_49620_k141_790877,0.014700619278226166,7.97447226847474e-06,0.4992248062015504
SM,201630,49620--sample_49620_k141_448102,0.02566200903031887,2.557416584096655e-05,0.5027322404371585
SM,201630,49620--sample_49620_k141_748451,0.02567444939212069,2.5512288161307108e-05,0.5027322404371585
SM,201630,49620--sample_49620_k141_868481,0.017052156415891973,1.1137664683266613e-05,0.5
SM,201630,49625--sample_49625_k141_231859,0.02821957637704638,3.06278215664085e-05,0.5035183737294762
SM,201630,49623--sample_49623_k141_562214,0.01722896436069675,1.0941459629628018e-05,0.5
SM,201630,49623--sample_49623_k141_1002962,0.02703866513848435,2.797526814405073e-05,0.503125
SM,201630,49620--sample_49620_k141_214413,0.01725805333322305,1.0940642075741837e-05,0.5
SM,201630,49623--sample_49623_k141_673444,0.023569841950116785,2.0362424759790955e-05,0.5019485580670304
SM,201630,49620--sample_49620_k141_230781,0.020860753276068622,1.6402525277688204e-05,0.5011673151750973
SM,201630,49627--sample_49627_k141_405880,0.022112649653156055,1.8450460054816438e-05,0.5015576323987538
SM,201630,49623--sample_49623_k141_207193,0.024656567366892392,2.2813324662966846e-05,0.5023400936037441
SM,201630,49623--sample_49623_k141_1169751,0.017231700264321238,1.0990239099811361e-05,0.5
SM,201630,49624--sample_49624_k141_468988,0.02086302708180652,1.6509679898661772e-05,0.5011673151750973
SM,201630,49620--sample_49620_k141_33513,0.01834607360973322,1.2773439177797229e-05,0.5003885003885004
SM,201630,49623--sample_49623_k141_449686,0.024555537865594577,2.2997433671102217e-05,0.5023400936037441
SM,201630,49627--sample_49627_k141_808611,0.019509265923119627,1.4673118323320956e-05,0.5007776049766719
SM,201630,49641--sample_49641_k141_362688,0.019728653605583558,1.4405356589992321e-05,0.5007776049766719
SM,201630,49617--sample_49617_k141_39355,0.006187833682240098,1.2037104945380984e-06,0.49122807017543857
SM,201630,49617--sample_49617_k141_35967,0.018444796868362284,1.2649215057004111e-05,0.5003885003885004
SM,201630,49640--sample_49640_k141_205688,0.022122997185883637,1.8459851852096624e-05,0.5015576323987538
SM,201630,49617--sample_49617_k141_209877,0.019697218489009113,1.4424384318380767e-05,0.5007776049766719
SM,201630,49617--sample_49617_k141_139293,0.01846152209384565,1.2718144534169532e-05,0.5003885003885004
SM,201630,49642--sample_49642_k141_460602,0.024521300716580777,2.3009268488719223e-05,0.5023400936037441
SM,201630,49642--sample_49642_k141_46529,0.022119439181855154,1.8449463188288152e-05,0.5015576323987538
SM,201630,49631--sample_49631_k141_943460,0.020892987215542645,1.6406307243272015e-05,0.5011673151750973
SM,201630,49617--sample_49617_k141_181765,0.017217843511608603,1.0937351692551164e-05,0.5
SM,201630,53600--sample_53600_k141_319847,0.01957330155609354,1.4596380420394497e-05,0.5007776049766719
SM,201630,49641--sample_49641_k141_517007,0.020934317262248987,1.6340419280357195e-05,0.5011673151750973
SM,201630,49617--sample_49617_k141_231031,0.02341036488871148,2.0566030801709042e-05,0.5019485580670304
SM,201630,49617--sample_49617_k141_157639,0.015885789034190422,9.48593598096394e-06,0.49961210240496506
SM,201630,49640--sample_49640_k141_443474,0.019627205063891793,1.44877250761289e-05,0.5007776049766719
SM,201630,49641--sample_49641_k141_569411,0.022085218693214462,1.859115229794979e-05,0.5015576323987538
SM,201630,49617--sample_49617_k141_244635,0.021026946466163408,1.6209216402009024e-05,0.5011673151750973
SM,201630,49633--sample_49633_k141_1364744,0.020890809590480373,1.644119883474633e-05,0.5011673151750973
SM,201630,49638--sample_49638_k141_334434,0.017085251157106466,1.1057371596414995e-05,0.5
SM,201630,49631--sample_49631_k141_788735,0.017217520582725902,1.0956911567743262e-05,0.5
SM,201630,49631--sample_49631_k141_901628,0.02100973206816057,1.630251965685042e-05,0.5011673151750973
SM,201630,49615--sample_49615_k141_45890,0.01853085393669601,1.2562187794309379e-05,0.5003885003885004
SM,201630,49633--sample_49633_k141_1000571,0.02599370757971004,2.5113345380303294e-05,0.5027322404371585
SM,201630,53600--sample_53600_k141_432760,0.017305855331741185,1.0910281792025971e-05,0.5
SM,201630,49631--sample_49631_k141_1063072,0.022022095472351167,1.8616318567577217e-05,0.5015576323987538
SM,201630,49617--sample_49617_k141_126624,0.024695151320328283,2.2829377615111504e-05,0.5023400936037441
SM,201630,49617--sample_49617_k141_63436,0.008533716798866098,2.5665810171728745e-06,0.49691358024691357
SM,201630,49613--sample_49613_k141_516056,0.022164434023337322,1.8456117849170002e-05,0.5015576323987538
SM,201630,49638--sample_49638_k141_849125,0.02209654835426278,1.8490632664227462e-05,0.5015576323987538
SM,201630,49633--sample_49633_k141_1105803,0.01859642485102288,1.2480139214699116e-05,0.5003885003885004
SM,201630,49631--sample_49631_k141_713683,0.017265847173863983,1.094574608077841e-05,0.5
SM,201630,49618--sample_49618_k141_24979,0.016018188101577572,9.338620071334904e-06,0.49961210240496506
SM,201630,49641--sample_49641_k141_526586,0.01945981382012061,1.4681560413314235e-05,0.5007776049766719
SM,201630,49641--sample_49641_k141_594405,0.023479832056675642,2.05450228690639e-05,0.5019485580670304
SM,201630,49630--sample_49630_k141_653913,0.021033741981607634,1.6284378995425445e-05,0.5011673151750973
SM,201630,49617--sample_49617_k141_71919,0.01844963093822655,1.2662254056710499e-05,0.5003885003885004
SM,201630,49617--sample_49617_k141_269743,0.01350483825649496,6.617360955288732e-06,0.4988381099922541
SM,201630,49631--sample_49631_k141_327282,0.018681044912768542,1.2459884186687985e-05,0.5003885003885004
SM,201630,49613--sample_49613_k141_428032,0.01576055621393725,9.605680453738474e-06,0.49961210240496506
SM,201630,49617--sample_49617_k141_32695,0.020737068011831283,1.655523208008219e-05,0.5011673151750973
SM,201630,49618--sample_49618_k141_231410,0.016077564572956036,9.341841536279447e-06,0.49961210240496506
SM,201630,49618--sample_49618_k141_106535,0.023286486999193712,2.0786111940313688e-05,0.5019485580670304
SM,201630,49631--sample_49631_k141_478760,0.022048738610917187,1.8529172428637485e-05,0.5015576323987538
SM,201630,49631--sample_49631_k141_269696,0.018505350297802124,1.259039054567238e-05,0.5003885003885004
SM,201630,49633--sample_49633_k141_1125289,0.021052481439486695,1.6273656621812402e-05,0.5011673151750973
SM,201630,49641--sample_49641_k141_479465,0.025679393949949968,2.5581826051039245e-05,0.5027322404371585
SM,201630,49631--sample_49631_k141_1077431,0.021943063333212838,1.8687103649772537e-05,0.5015576323987538
SM,201630,53598--sample_53598_k141_177344,0.015868418087210335,9.518421193243375e-06,0.49961210240496506
SM,201630,49631--sample_49631_k141_406326,0.017153673438682005,1.1014465995675495e-05,0.5
SM,201630,49617--sample_49617_k141_153159,0.014744733355222148,8.040926210472963e-06,0.4992248062015504
SM,201630,49641--sample_49641_k141_335608,0.026967749682769635,2.79679870313531e-05,0.503125
SM,201630,49633--sample_49633_k141_461652,0.019728210417249415,1.4440875955067345e-05,0.5007776049766719
SM,201630,49641--sample_49641_k141_610039,0.017120979142578707,1.1061223698482726e-05,0.5
SM,201630,49641--sample_49641_k141_63970,0.0209805095953185,1.6300396410311345e-05,0.5011673151750973
SM,201630,49617--sample_49617_k141_196642,0.019696293152049175,1.4484141525596356e-05,0.5007776049766719
SM,201630,49638--sample_49638_k141_293188,0.020834013248928467,1.6502147423870934e-05,0.5011673151750973
SM,201630,49631--sample_49631_k141_1047950,0.017280260015257187,1.0863962769512415e-05,0.5
SM,201630,49631--sample_49631_k141_1078132,0.019666795205671952,1.4478912766357444e-05,0.5007776049766719
SM,201630,49617--sample_49617_k141_221011,0.019602250382828718,1.4569606901474496e-05,0.5007776049766719
SM,201630,49641--sample_49641_k141_90630,0.015907690293828256,9.453713836466104e-06,0.49961210240496506
SM,201630,49631--sample_49631_k141_758348,0.020710414091170665,1.6618424882277357e-05,0.5011673151750973
SM,201630,49617--sample_49617_k141_246435,0.024522234114791434,2.304569405177271e-05,0.5023400936037441
SM,201630,49618--sample_49618_k141_187803,0.023412571776587565,2.06023008441621e-05,0.5019485580670304
SM,201630,49616--sample_49616_k141_109171,0.02076796219808065,1.6555909923719502e-05,0.5011673151750973
SM,201630,49641--sample_49641_k141_532511,0.025689746465661124,2.5577894423530312e-05,0.5027322404371585
SM,201630,49617--sample_49617_k141_87747,0.014824367817793118,7.88946648380222e-06,0.4992248062015504
SM,201630,49617--sample_49617_k141_135022,0.015940383240211638,9.491266886603391e-06,0.49961210240496506
SM,201630,49640--sample_49640_k141_411990,0.015839363112884714,9.550978816256673e-06,0.49961210240496506
SM,201630,49617--sample_49617_k141_280219,0.018540070423752684,1.2608801475059014e-05,0.5003885003885004
SM,201630,53600--sample_53600_k141_381646,0.023283796819885533,2.0750311027038495e-05,0.5019485580670304
SM,201630,49631--sample_49631_k141_946880,0.015961530814991402,9.421888764926253e-06,0.49961210240496506
SM,201630,49640--sample_49640_k141_150614,0.012273352341526976,5.400119207569779e-06,0.4980665119876257
SM,201630,49630--sample_49630_k141_766537,0.015945458347172217,9.468457428475965e-06,0.49961210240496506
SM,201630,49631--sample_49631_k141_161535,0.019808071903341194,1.4356154242590877e-05,0.5007776049766719
SM,201630,49619--sample_49619_k141_276398,0.016057503410669638,9.3837969320485e-06,0.49961210240496506
SM,201630,49635--sample_49635_k141_178072,0.02096140427881286,1.6348153961095568e-05,0.5011673151750973
SM,201630,49617--sample_49617_k141_20012,0.02099556459356538,1.630715086739472e-05,0.5011673151750973
SM,201630,49641--sample_49641_k141_266781,0.020779274303047716,1.65897602336751e-05,0.5011673151750973
SM,201630,49640--sample_49640_k141_295713,0.017240497433028024,1.1005356366029589e-05,0.5
SM,201630,49638--sample_49638_k141_940541,0.017012471012043416,1.1171153151998974e-05,0.5
SM,201630,49631--sample_49631_k141_125937,0.022174313993037837,1.8437662212073906e-05,0.5015576323987538
SM,201630,49617--sample_49617_k141_187462,0.012268984912855276,5.463495342318212e-06,0.4984520123839009
SM,201630,49618--sample_49618_k141_287800,0.015950961320769418,9.44123411095694e-06,0.49961210240496506
SM,201630,49631--sample_49631_k141_908461,0.024698105444114247,2.2811469111034407e-05,0.5023400936037441
SM,201630,49642--sample_49642_k141_530007,0.01972962931646309,1.4338610868749553e-05,0.5007776049766719
SM,201630,49613--sample_49613_k141_537521,0.019719591558382255,1.4448059816233353e-05,0.5007776049766719
SM,201630,49613--sample_49613_k141_11082,0.019517646660874775,1.47045495842555e-05,0.5007776049766719
SM,201630,49631--sample_49631_k141_548732,0.013435158575429379,6.68033692845148e-06,0.4988381099922541
SM,201630,49617--sample_49617_k141_179032,0.023155180013662745,2.0868224845319762e-05,0.5019485580670304
SM,201630,49631--sample_49631_k141_862124,0.014642809768901185,8.046110126127891e-06,0.4992248062015504
SM,201630,49641--sample_49641_k141_611231,0.02463237087722848,2.2883072516088926e-05,0.5023400936037441
SM,201630,49613--sample_49613_k141_620984,0.019639627181886443,1.4539186305297737e-05,0.5007776049766719
SM,201630,49631--sample_49631_k141_944793,0.023344730033972038,2.0686020282915245e-05,0.5019485580670304
SM,201630,49631--sample_49631_k141_692523,0.018366387957930594,1.2749816085076574e-05,0.5003885003885004
SM,201630,49631--sample_49631_k141_593099,0.01960211578973212,1.4528759316820517e-05,0.5007776049766719
SM,201630,49631--sample_49631_k141_707422,0.02223048663269414,1.8340106011852594e-05,0.5015576323987538
SM,201630,49617--sample_49617_k141_196780,0.022154410030182436,1.844452456278724e-05,0.5015576323987538
SM,201630,49617--sample_49617_k141_216564,0.0172834027010921,1.0911585804613413e-05,0.5
SM,201630,49618--sample_49618_k141_38856,0.01954320265220091,1.4632172884831081e-05,0.5007776049766719
SM,201630,49631--sample_49631_k141_553074,0.014663014186772775,8.04671510122272e-06,0.4992248062015504
SM,201630,49641--sample_49641_k141_305580,0.022158715472975495,1.8393590849536172e-05,0.5015576323987538
SM,201630,49636--sample_49636_k141_952298,0.022151265811873124,1.8455876280666876e-05,0.5015576323987538
SM,201630,49617--sample_49617_k141_68029,0.018469230017943247,1.2662670807109672e-05,0.5003885003885004
SM,201630,49631--sample_49631_k141_644005,0.01712193487073959,1.106849143780436e-05,0.49961210240496506
SM,201630,49617--sample_49617_k141_127714,0.01837685961890513,1.2733164278156536e-05,0.5003885003885004
SM,201630,49615--sample_49615_k141_95272,0.019586846075006818,1.4597710876507315e-05,0.5007776049766719
SM,201630,49617--sample_49617_k141_122223,0.019528860678703318,1.4652118549183841e-05,0.5007776049766719
SM,201630,49640--sample_49640_k141_463518,0.02212235641395343,1.8499888734846187e-05,0.5015576323987538
SM,201630,49617--sample_49617_k141_226029,0.02461390008414002,2.288434823496611e-05,0.5023400936037441
SM,201630,49617--sample_49617_k141_239445,0.020826225391796894,1.6529255386790702e-05,0.5011673151750973
SM,201630,49639--sample_49639_k141_455759,0.018461406483849564,1.2626607870312563e-05,0.5003885003885004
SM,201630,49617--sample_49617_k141_136377,0.020900585916403366,1.6411273322669462e-05,0.5011673151750973
SM,201630,49619--sample_49619_k141_252582,0.018619260898885878,1.2529188900184696e-05,0.5003885003885004
SM,201630,49636--sample_49636_k141_1048953,0.018586153213707962,1.2555107534884578e-05,0.5003885003885004
SM,201630,49631--sample_49631_k141_226575,0.014737400163180998,7.99347944059867e-06,0.4992248062015504
SM,201630,49617--sample_49617_k141_27324,0.01711415676864119,1.1079173524834401e-05,0.5
SM,201630,49617--sample_49617_k141_96456,0.018286124593595368,1.28051709402265e-05,0.5003885003885004
SM,201630,49616--sample_49616_k141_70342,0.02233072457041815,1.823353079795551e-05,0.5015576323987538
SM,201630,49616--sample_49616_k141_23312,0.012232912821034104,5.482319921121351e-06,0.4984520123839009
SM,201630,49617--sample_49617_k141_118412,0.02205313743664154,1.859987971556121e-05,0.5015576323987538
SM,201630,49617--sample_49617_k141_33665,0.022170100378457805,1.8389450032203837e-05,0.5015576323987538
SM,201630,49617--sample_49617_k141_295889,0.023296766507287337,2.0655738543039677e-05,0.5019485580670304
SM,201630,49631--sample_49631_k141_810649,0.02109334705201516,1.620926812158342e-05,0.5011673151750973
SM,201630,53601--sample_53601_k141_171030,0.022014570502853662,1.8592177183162227e-05,0.5015576323987538
SM,201630,49630--sample_49630_k141_707921,0.022148259977081735,1.8439755511444646e-05,0.5015576323987538
SM,201630,49638--sample_49638_k141_729881,0.013523595910251892,6.610303239773291e-06,0.4988381099922541
SM,201630,49617--sample_49617_k141_188936,0.018456727204567893,1.269323425957619e-05,0.5003885003885004
SM,201630,49617--sample_49617_k141_242716,0.022241869621922948,1.834304989733207e-05,0.5015576323987538
SM,201630,49618--sample_49618_k141_228596,0.020818469046710867,1.6497386186439206e-05,0.5011673151750973
SM,201630,49633--sample_49633_k141_851659,0.02085119443546999,1.6390787718376896e-05,0.5011673151750973
SM,201630,49640--sample_49640_k141_182877,0.015900233796875045,9.488858618151558e-06,0.49961210240496506
SM,201630,49631--sample_49631_k141_825232,0.02335247426326554,2.0633338460785624e-05,0.5019485580670304
SM,201630,49617--sample_49617_k141_262021,0.021959533665708506,1.86307207558756e-05,0.5015576323987538
SM,201630,49636--sample_49636_k141_1215698,0.020909435478505434,1.633146897265453e-05,0.5011673151750973
SM,201630,49617--sample_49617_k141_189712,0.024578345230234663,2.295705935764494e-05,0.5023400936037441
SM,201630,49640--sample_49640_k141_235960,0.018668419382810077,1.2472065212534005e-05,0.5003885003885004
SM,201630,49618--sample_49618_k141_257690,0.020921968222302852,1.6379798116809174e-05,0.5011673151750973
SM,201630,49640--sample_49640_k141_178191,0.017183318390164307,1.101345712000761e-05,0.5
SM,201630,49631--sample_49631_k141_902653,0.020924032517025352,1.641968725113628e-05,0.5011673151750973
SM,201630,49617--sample_49617_k141_225320,0.02086585657350997,1.6533006110800877e-05,0.5011673151750973
SM,201630,49641--sample_49641_k141_83077,0.013514165133252444,6.629492376179859e-06,0.4988381099922541
SM,201630,49613--sample_49613_k141_22565,0.017296210014138086,1.0875005122707936e-05,0.5
SM,201630,49617--sample_49617_k141_184740,0.015958984444017534,9.429056156808906e-06,0.49961210240496506
SM,201630,49617--sample_49617_k141_227961,0.01846802451513791,1.2645122143321885e-05,0.5003885003885004
SM,201630,49618--sample_49618_k141_119045,0.01839660562566192,1.2692675989050001e-05,0.5003885003885004
SM,201630,49630--sample_49630_k141_199862,0.012372586110260392,5.3853971208780715e-06,0.4984520123839009
SM,201630,49617--sample_49617_k141_245533,0.020799736439322706,1.651460694157178e-05,0.5011673151750973
SM,201630,49618--sample_49618_k141_171794,0.017286544095495657,1.0975068519427488e-05,0.5
SM,201630,49631--sample_49631_k141_1072308,0.015958130173093183,9.42062924046033e-06,0.49961210240496506
SM,201630,49631--sample_49631_k141_496773,0.023424602269344903,2.0552504977628966e-05,0.5019485580670304
SM,201630,49617--sample_49617_k141_179071,0.018550636502171966,1.2605492204675396e-05,0.5003885003885004
SM,201630,49642--sample_49642_k141_462958,0.014823863475891182,7.936317744880852e-06,0.4992248062015504
SM,201630,49613--sample_49613_k141_592411,0.023464356990047147,2.0512814200717938e-05,0.5019485580670304
SM,201630,49616--sample_49616_k141_116937,0.01839158795233624,1.2714941792722683e-05,0.5003885003885004
SM,201630,49617--sample_49617_k141_269609,0.01595276056584024,9.416340653015217e-06,0.49961210240496506
SM,201630,49618--sample_49618_k141_46916,0.023194964996138337,2.0879592173113088e-05,0.5019485580670304
SM,201630,49617--sample_49617_k141_191897,0.021063199234837945,1.6176253838394222e-05,0.5011673151750973
SM,201630,49635--sample_49635_k141_654849,0.017323080812435263,1.0926880005140615e-05,0.5
SM,201630,49617--sample_49617_k141_87358,0.01962354429465594,1.4503515950838733e-05,0.5007776049766719
SM,201630,49617--sample_49617_k141_35964,0.02199451063799335,1.8636298647889668e-05,0.5015576323987538
SM,201630,49617--sample_49617_k141_93901,0.018446548399919806,1.2672577027561393e-05,0.5003885003885004
SM,201630,49613--sample_49613_k141_91953,0.019804762522285857,1.4383726155145821e-05,0.5007776049766719
SM,201630,49631--sample_49631_k141_940378,0.01957911552742551,1.4592229712886677e-05,0.5007776049766719
SM,201630,49617--sample_49617_k141_123358,0.02466464440956066,2.284599551528034e-05,0.5023400936037441
SM,201630,49631--sample_49631_k141_957429,0.011061029641794043,4.357894958195106e-06,0.4980665119876257
SM,201630,49631--sample_49631_k141_1029560,0.0157659703073733,9.575646946046465e-06,0.49961210240496506
SM,201630,49635--sample_49635_k141_447707,0.028183572864871036,3.0655372885450656e-05,0.5035183737294762
SM,201630,49617--sample_49617_k141_144175,0.018504113527606,1.2643440176440135e-05,0.5003885003885004
SM,201630,49631--sample_49631_k141_253438,0.019581045187847364,1.4540230690562395e-05,0.5007776049766719
SM,201630,49631--sample_49631_k141_20889,0.014680471968919553,7.990962331931493e-06,0.4992248062015504
SM,201630,49631--sample_49631_k141_655218,0.017346567343880664,1.0863100268572724e-05,0.5
SM,201630,49631--sample_49631_k141_816750,0.018556856651169535,1.2560291820495355e-05,0.5003885003885004
SM,201630,49633--sample_49633_k141_192674,0.02324727997329364,2.0796776600490098e-05,0.5019485580670304
SM,201630,49631--sample_49631_k141_334345,0.023274301204434453,2.0736021586034022e-05,0.5019485580670304
SM,201630,49638--sample_49638_k141_15595,0.016228511673374135,9.221110184974956e-06,0.49961210240496506
SM,201630,49638--sample_49638_k141_770173,0.02340672641858782,2.053073509243008e-05,0.5019485580670304
SM,201630,49631--sample_49631_k141_324547,0.015927942968854587,9.481527516657276e-06,0.49961210240496506
SM,201630,49630--sample_49630_k141_887611,0.023568267229118808,2.0355634450673145e-05,0.5019485580670304
SM,201630,49618--sample_49618_k141_331372,0.014889225364134766,7.80871132363415e-06,0.4992248062015504
SM,201630,49617--sample_49617_k141_251555,0.024565224163734783,2.294751431944799e-05,0.5023400936037441
SM,201630,49639--sample_49639_k141_508481,0.025773229108878273,2.537474567762156e-05,0.5027322404371585
SM,201630,49618--sample_49618_k141_213627,0.019579193856046773,1.4579886761756681e-05,0.5007776049766719
SM,201630,49631--sample_49631_k141_664989,0.019671355311502225,1.4491041735793236e-05,0.5007776049766719
SM,201630,49613--sample_49613_k141_104397,0.018472249045496623,1.2675264608592361e-05,0.5003885003885004
SM,201630,49641--sample_49641_k141_373091,0.01970309244543036,1.4466350606591799e-05,0.5007776049766719
SM,201630,49613--sample_49613_k141_36228,0.024584623665800654,2.3003516881435483e-05,0.5023400936037441
SM,201630,49640--sample_49640_k141_106204,0.018524611159062853,1.2566538196494503e-05,0.5003885003885004
SM,201630,49617--sample_49617_k141_184962,0.020825890265702772,1.6518904354655842e-05,0.5011673151750973
SM,201630,49631--sample_49631_k141_269963,0.024711699664417285,2.2821654079652213e-05,0.5023400936037441
SM,201630,49632--sample_49632_k141_266809,0.0184220794283926,1.2666865357120234e-05,0.5003885003885004
SM,201630,49613--sample_49613_k141_594659,0.022051435793289834,1.8577127795536525e-05,0.5015576323987538
SM,201630,53598--sample_53598_k141_349839,0.01718779961058248,1.0981962216934037e-05,0.5
SM,201630,49617--sample_49617_k141_291128,0.02208459894468543,1.8550522298036845e-05,0.5015576323987538
SM,201630,49631--sample_49631_k141_846808,0.01733824475178103,1.0820497618417556e-05,0.5
SM,201630,49631--sample_49631_k141_766424,0.019670725174383244,1.448491255400571e-05,0.5007776049766719
SM,201630,49617--sample_49617_k141_283587,0.019558375137359644,1.4598356636963212e-05,0.5007776049766719
SM,201630,53602--sample_53602_k141_377025,0.014710199618030977,7.984741581929052e-06,0.4992248062015504
SM,201630,49631--sample_49631_k141_730297,0.019673116773177665,1.4464670608688703e-05,0.5007776049766719
SM,201630,49615--sample_49615_k141_91147,0.020991834082457844,1.6353226573340443e-05,0.5011673151750973
SM,201630,49617--sample_49617_k141_299297,0.016143050146473846,9.294099588505045e-06,0.49961210240496506
SM,201630,49631--sample_49631_k141_866898,0.02334793632713534,2.0714656967745364e-05,0.5019485580670304
SM,201630,49638--sample_49638_k141_452047,0.020918763437818677,1.6277287686132227e-05,0.5011673151750973
SM,201630,49615--sample_49615_k141_133391,0.01848958993738933,1.2628660086009432e-05,0.5003885003885004
SM,201630,49617--sample_49617_k141_63508,0.021966388635361742,1.8690215731405717e-05,0.5015576323987538
SM,201630,53600--sample_53600_k141_59809,0.017111742112943754,1.1097742346085535e-05,0.5
SM,201630,53600--sample_53600_k141_22783,0.022138285524988553,1.8461348175932907e-05,0.5015576323987538
SM,201630,49640--sample_49640_k141_328655,0.01703046527767711,1.109957956596204e-05,0.5
SM,201630,49633--sample_49633_k141_938818,0.020764675078655922,1.659386726581033e-05,0.5011673151750973
SM,201630,49630--sample_49630_k141_419823,0.02090857784518341,1.6459361999969547e-05,0.5011673151750973
SM,201630,49630--sample_49630_k141_177312,0.019501637724440066,1.4633003554971986e-05,0.5007776049766719
SM,201630,49641--sample_49641_k141_614314,0.02325399824948434,2.0766426776729127e-05,0.5019485580670304
SM,201630,49642--sample_49642_k141_410126,0.01941191700130461,1.4704006887826372e-05,0.5007776049766719
SM,201630,49617--sample_49617_k141_201511,0.02083833577145453,1.6458886296296646e-05,0.5011673151750973
SM,201630,49617--sample_49617_k141_298815,0.019823348040208678,1.4319239917988174e-05,0.5007776049766719
SM,201630,49617--sample_49617_k141_61959,0.022155238881937697,1.8422693086122576e-05,0.5015576323987538
SM,201630,49617--sample_49617_k141_66360,0.0195418820027665,1.4590284859439459e-05,0.5007776049766719
SM,201630,49631--sample_49631_k141_138255,0.016078328203569376,9.301772988040527e-06,0.4992248062015504
SM,201630,49617--sample_49617_k141_30728,0.01589679249219966,9.460713860837424e-06,0.49961210240496506
SM,201630,49617--sample_49617_k141_262468,0.019540054314025432,1.459753632425469e-05,0.5007776049766719
SM,201630,49613--sample_49613_k141_620399,0.018345802779927336,1.2778014105168156e-05,0.5003885003885004
SM,201630,49631--sample_49631_k141_875953,0.014710782174020064,8.004710942336967e-06,0.4992248062015504
SM,201630,49617--sample_49617_k141_295732,0.01839622865071859,1.2694302251893203e-05,0.5003885003885004
SM,201630,49617--sample_49617_k141_178119,0.01740884805929886,1.0817362678001433e-05,0.5
SM,201630,49631--sample_49631_k141_30093,0.019680124838051653,1.447747935070432e-05,0.5007776049766719
SM,201630,49631--sample_49631_k141_269216,0.01577158238259339,9.51947224948624e-06,0.49961210240496506
SM,201630,49631--sample_49631_k141_1008652,0.01963996292389241,1.4555476583507849e-05,0.5007776049766719
SM,201630,49617--sample_49617_k141_280480,0.025941327915654205,2.513334840327832e-05,0.5027322404371585
SM,201630,49630--sample_49630_k141_409200,0.017093168564219285,1.1028952399887215e-05,0.5
SM,201630,49617--sample_49617_k141_276013,0.016048753560004233,9.386516415411774e-06,0.49961210240496506
SM,201630,49631--sample_49631_k141_709042,0.023449366321858386,2.054500859481962e-05,0.5019485580670304
SM,201630,53600--sample_53600_k141_348427,0.018388011261616547,1.272436895649025e-05,0.5003885003885004
SM,201630,49617--sample_49617_k141_26213,0.02211767966160725,1.8445307021968928e-05,0.5015576323987538
SM,201630,49617--sample_49617_k141_195700,0.018385604684290346,1.2775380384087144e-05,0.5003885003885004
SM,201630,49631--sample_49631_k141_581899,0.02453467878664711,2.3034702634066425e-05,0.5023400936037441
SM,201630,49642--sample_49642_k141_628483,0.017182845345122356,1.1011069938374164e-05,0.5
SM,201630,49613--sample_49613_k141_532078,0.02089372870654027,1.640477198425654e-05,0.5011673151750973
SM,201630,49638--sample_49638_k141_599206,0.021019914101351303,1.6248634534795202e-05,0.5011673151750973
SM,201630,49617--sample_49617_k141_150679,0.016088702893144097,9.350406230206564e-06,0.49961210240496506
SM,201630,49631--sample_49631_k141_1053996,0.022144865679973178,1.841504776021412e-05,0.5015576323987538
SM,201630,49617--sample_49617_k141_167811,0.022307067643187933,1.8209157258388774e-05,0.5015576323987538
SM,201630,49616--sample_49616_k141_193497,0.016151879069268817,9.286948611038916e-06,0.49961210240496506
SM,201630,49617--sample_49617_k141_24004,0.018480990576422097,1.2667293300995085e-05,0.5003885003885004
SM,201630,49617--sample_49617_k141_77130,0.016032762459556548,9.328645875576842e-06,0.49961210240496506
SM,201630,49631--sample_49631_k141_743481,0.015994799861460293,9.428828291044705e-06,0.49961210240496506
SM,201630,49640--sample_49640_k141_592906,0.020987366874195765,1.6310397885326793e-05,0.5011673151750973
SM,201630,49639--sample_49639_k141_495848,0.02202540604681939,1.859924994184716e-05,0.5015576323987538
SM,201630,49631--sample_49631_k141_862268,0.024637580859536618,2.288042185911547e-05,0.5023400936037441
SM,201630,49642--sample_49642_k141_581549,0.017294992711090276,1.0848016421762098e-05,0.5
SM,201630,49631--sample_49631_k141_1007009,0.023380880854505535,2.054701040056823e-05,0.5019485580670304
SM,201630,49619--sample_49619_k141_441181,0.02081181171159968,1.6520884318047383e-05,0.5011673151750973
SM,201630,49631--sample_49631_k141_292675,0.023334078559185022,2.0602545596257176e-05,0.5019485580670304
SM,201630,49630--sample_49630_k141_849450,0.01963195224319174,1.4499360539593021e-05,0.5007776049766719
SM,201630,49617--sample_49617_k141_278168,0.019682686719891443,1.4480991791948048e-05,0.5007776049766719
SM,201630,49613--sample_49613_k141_231441,0.018346203933371334,1.2794146759875599e-05,0.5003885003885004
SM,201630,49631--sample_49631_k141_702721,0.015801334013835877,9.543466033273954e-06,0.49961210240496506
SM,201630,49640--sample_49640_k141_152891,0.02218042152487778,1.838107777890632e-05,0.5015576323987538
SM,201630,49641--sample_49641_k141_488055,0.021978864797052196,1.8609176047169763e-05,0.5015576323987538
SM,201630,49640--sample_49640_k141_323313,0.02319912352099197,2.0867077223808594e-05,0.5019485580670304
SM,201630,49631--sample_49631_k141_1041242,0.01738050602266196,1.083320876795942e-05,0.5
SM,201630,49618--sample_49618_k141_137535,0.013474424541082834,6.6829375631624795e-06,0.4988381099922541
SM,201630,49633--sample_49633_k141_1083728,0.017378491640298296,1.0799671789362955e-05,0.5
SM,201630,49632--sample_49632_k141_1004910,0.014617637762916384,8.054498061505698e-06,0.4992248062015504
SM,201630,49618--sample_49618_k141_23248,0.01728647964820689,1.090365307566948e-05,0.5
SM,201630,49617--sample_49617_k141_72135,0.023400299905297295,2.056761335720472e-05,0.5019485580670304
SM,201630,49613--sample_49613_k141_461896,0.01973804809473941,1.4412833423929594e-05,0.5007776049766719
SM,201630,49617--sample_49617_k141_86405,0.02470045033761972,2.280641615326075e-05,0.5023400936037441
SM,201630,49613--sample_49613_k141_165938,0.018346286529703017,1.2782720060831552e-05,0.5003885003885004
SM,201630,49631--sample_49631_k141_563528,0.018352740717362922,1.275040516010245e-05,0.5003885003885004
SM,201630,49617--sample_49617_k141_160378,0.019742110834532714,1.444419986373905e-05,0.5007776049766719
SM,201630,49613--sample_49613_k141_682459,0.018394516602886903,1.2761708023909675e-05,0.5003885003885004
SM,201630,49617--sample_49617_k141_61118,0.02198729010326875,1.8606259135332083e-05,0.5015576323987538
SM,201630,49630--sample_49630_k141_343998,0.01985209563070664,1.4291232515798588e-05,0.5007776049766719
SM,201630,49617--sample_49617_k141_127335,0.015845655576139508,9.493029745424393e-06,0.49961210240496506
SM,201630,49630--sample_49630_k141_90873,0.014812034838922567,7.934916891755968e-06,0.4992248062015504
SM,201630,49618--sample_49618_k141_299160,0.02102427210825616,1.6254144397985763e-05,0.5011673151750973
SM,201630,49631--sample_49631_k141_167697,0.021064506727762587,1.6235092568568743e-05,0.5011673151750973
SM,201630,49631--sample_49631_k141_569685,0.017212506331557888,1.0871777385160508e-05,0.5
SM,201630,49631--sample_49631_k141_148696,0.018564094358481494,1.253793680376987e-05,0.5003885003885004
SM,201630,49617--sample_49617_k141_282111,0.01958880529672421,1.458864177311703e-05,0.5007776049766719
SM,201630,49617--sample_49617_k141_285407,0.0196530973023589,1.4456067054413852e-05,0.5007776049766719
SM,201630,49641--sample_49641_k141_284676,0.01848004494095624,1.2663773308467172e-05,0.5003885003885004
SM,201630,49617--sample_49617_k141_41126,0.01972657257218934,1.4435526752185456e-05,0.5007776049766719
SM,201630,49618--sample_49618_k141_58082,0.022058326541906842,1.8548760218388782e-05,0.5015576323987538
SM,201630,Sample_49638_5,0.1349617434768447,0.03478540914701503,0.5386867419489754
SM,201630,Sample_49629_9.1,0.13487674626796403,0.035074719038301914,0.5395894428152492
SM,201630,Sample_49628_42,0.13613377081012265,0.035564054266441776,0.5423157894736842
SM,201630,Sample_49624_11,0.13634104628657873,0.036525259930264016,0.5446088794926004
SM,201630,Sample_49615_24,0.1315818659291527,0.033242893890523886,0.5315724308708213
SM,201630,Sample_49624_46,0.13037048645221358,0.033234928432817355,0.5302593659942363
SM,201630,49622_ma_contigs,0.13588239605594196,0.036910117210545164,0.5450698264917477
SM,201630,Sample_49625_12,0.13176024681524395,0.03365236781384298,0.5324514262091773
SM,201630,Sample_49613_26,0.13676806283706955,0.038046590055187644,0.5483184333759047
SM,201630,Sample_49613_25,0.13272725644316763,0.034011498161852546,0.5346616853466168
SM,201630,Sample_49628_25.1,0.12288138999688877,0.029922271274225958,0.5137614678899083
SM,201630,Sample_49625_10,0.13229019647062393,0.03408551084375223,0.5342181667357943
SM,201630,Sample_49615_26.2,0.13552127553591037,0.036662392498065875,0.5436893203883495
SM,201630,Sample_49628_33.1,0.12895158804356183,0.03288401352348797,0.5276526013928717
SM,201630,Sample_49615_13,0.13246078121998434,0.03387437547748126,0.5337753833402403
SM,201630,Sample_49625_6,0.13495950072341023,0.035306296695238736,0.5404951741502309
SM,201630,Sample_49618_9,0.12516050600919978,0.030895287411092605,0.5183098591549296
SM,201630,Sample_49618_42,0.1401247884740649,0.0391291030684239,0.5549332184403274
SM,201630,Sample_49618_8,0.12943799290744706,0.03325984085364103,0.5285186704965121
SM,201630,Sample_49625_17,0.13769890134230836,0.037107676515009416,0.5473863153421165
SM,201630,Sample_49618_50,0.14016465167514403,0.038667799667011546,0.5539784946236559
SM,201630,Sample_49613_28,0.12930885618054025,0.032459990002790484,0.5272206303724928
SM,201630,Sample_49628_55,0.13722511966223358,0.03717450586219555,0.5469214437367304
SM,201630,Sample_49624_8,0.1328129837401378,0.03395755562655402,0.5346616853466168
SM,201630,Sample_49628_40,0.13381709096846364,0.03402974981662058,0.5355509355509356
SM,201630,Sample_49615_5.1,0.13721488757377553,0.036483702878037066,0.5455315544260907
SM,201630,Sample_49615_20,0.1325355567355078,0.03370796646201688,0.5337753833402403
SM,201630,Sample_49618_39.1,0.13596016540623265,0.03614148080970237,0.5436893203883495
