Method,Number of Swaps,Node,Eigenvector Centrality,Betweenness Centrality,Closeness Centrality
SM,201630,49614--sample_49614_k141_1366290,0.022232716840112448,1.8327240677159652e-05,0.5015576323987538
SM,201630,49614--sample_49614_k141_1673869,0.01850412570180649,1.267573890362173e-05,0.5003885003885004
SM,201630,49614--sample_49614_k141_361656,0.020882096067608526,1.644469817753501e-05,0.5011673151750973
SM,201630,49614--sample_49614_k141_1427871,0.021038382147336526,1.6281997246101556e-05,0.5011673151750973
SM,201630,49614--sample_49614_k141_1684910,0.013449762633964024,6.707902551543619e-06,0.4988381099922541
SM,201630,49614--sample_49614_k141_1888333,0.019608312584952308,1.4543137162373784e-05,0.5007776049766719
SM,201630,49614--sample_49614_k141_1420726,0.02082614751977467,1.6501443494878967e-05,0.5011673151750973
SM,201630,49614--sample_49614_k141_1263971,0.019639442913069877,1.450818180506687e-05,0.5007776049766719
SM,201630,49614--sample_49614_k141_1030954,0.015986029268425895,9.427868828151488e-06,0.49961210240496506
SM,201630,49614--sample_49614_k141_1613401,0.019749599542947947,1.4424269930741558e-05,0.5007776049766719
SM,201630,49614--sample_49614_k141_1358288,0.018450880246662894,1.2651902291347506e-05,0.5003885003885004
SM,201630,49614--sample_49614_k141_1030670,0.015949505380971642,9.447423108411481e-06,0.49961210240496506
SM,201630,49614--sample_49614_k141_1820688,0.015895951600245456,9.487249665048542e-06,0.49961210240496506
SM,201630,49614--sample_49614_k141_1487501,0.017223342509624637,1.0957417519096003e-05,0.5
SM,201630,49614--sample_49614_k141_1651093,0.017301333895018315,1.0873579524373494e-05,0.5
SM,201630,49614--sample_49614_k141_1675793,0.01716740001807713,1.1043177024515497e-05,0.5
SM,201630,49614--sample_49614_k141_942127,0.017080827383383537,1.1083686031103184e-05,0.5
SM,201630,49614--sample_49614_k141_656736,0.01479579179690533,7.912004202010845e-06,0.4992248062015504
SM,201630,49614--sample_49614_k141_1678667,0.022132416429825934,1.8464808399537406e-05,0.5015576323987538
SM,201630,49614--sample_49614_k141_1943765,0.015938270378255986,9.468683222248865e-06,0.49961210240496506
SM,201630,49614--sample_49614_k141_1816064,0.018507417853281707,1.2606877027650218e-05,0.5003885003885004
SM,201630,49614--sample_49614_k141_149411,0.016037507034750983,9.339992288559488e-06,0.49961210240496506
SM,201630,49614--sample_49614_k141_1996265,0.023290045461495063,2.07052467975582e-05,0.5019485580670304
SM,201630,49614--sample_49614_k141_1502755,0.015959704194414916,9.424616835790165e-06,0.49961210240496506
SM,201630,49614--sample_49614_k141_259366,0.0258563730029335,2.5272357105005937e-05,0.5027322404371585
SM,201630,49614--sample_49614_k141_75054,0.017383467216106948,1.0823225106912306e-05,0.5
SM,201630,49614--sample_49614_k141_2139,0.02224132744568901,1.8356688636866282e-05,0.5015576323987538
SM,201630,49614--sample_49614_k141_823274,0.01969432075827681,1.4467747104623416e-05,0.5007776049766719
SM,201630,49614--sample_49614_k141_1735709,0.016001523720683572,9.385730586682974e-06,0.49961210240496506
SM,201630,49614--sample_49614_k141_762662,0.01987041195966044,1.4310490097472561e-05,0.5007776049766719
SM,201630,49614--sample_49614_k141_1698348,0.018413036697888862,1.2725704025504142e-05,0.5003885003885004
SM,201630,49614--sample_49614_k141_1641869,0.018449884795496287,1.2660784083583743e-05,0.5003885003885004
SM,201630,49614--sample_49614_k141_262368,0.016058787153612638,9.359995902258436e-06,0.49961210240496506
SM,201630,49614--sample_49614_k141_611934,0.021026063398281336,1.6244532730139996e-05,0.5011673151750973
SM,201630,49614--sample_49614_k141_405366,0.020902884715348683,1.6390955343806685e-05,0.5011673151750973
SM,201630,49614--sample_49614_k141_1298515,0.013551060811317331,6.573976919271358e-06,0.4988381099922541
SM,201630,49614--sample_49614_k141_1081030,0.02212266769215322,1.845843005286957e-05,0.5015576323987538
SM,201630,49614--sample_49614_k141_1494757,0.017242756373143407,1.0933437413511848e-05,0.5
SM,201630,49614--sample_49614_k141_228945,0.019707120945931644,1.445944273896342e-05,0.5007776049766719
SM,201630,49614--sample_49614_k141_651585,0.024550575936471895,2.2986184481069916e-05,0.5023400936037441
SM,201630,49614--sample_49614_k141_1667848,0.02094610850823901,1.6332948318496696e-05,0.5011673151750973
SM,201630,49614--sample_49614_k141_1582181,0.01709718865841307,1.11298775778997e-05,0.5
SM,201630,49614--sample_49614_k141_888599,0.022109087241618194,1.8507753684493387e-05,0.5015576323987538
SM,201630,49614--sample_49614_k141_589501,0.017179605746901697,1.0974881977015772e-05,0.49961210240496506
SM,201630,49614--sample_49614_k141_1751193,0.023333928754838418,2.0708339138421013e-05,0.5019485580670304
SM,201630,49614--sample_49614_k141_1297148,0.017144442162492775,1.103857989866492e-05,0.5
SM,201630,49614--sample_49614_k141_2279922,0.020861933019833398,1.6442299274588126e-05,0.5011673151750973
SM,201630,49614--sample_49614_k141_311416,0.02209815629158177,1.8551266950656126e-05,0.5015576323987538
SM,201630,49614--sample_49614_k141_401001,0.02334595312890559,2.0684261125022203e-05,0.5019485580670304
SM,201630,49614--sample_49614_k141_1969311,0.018524188268429543,1.2615175857799167e-05,0.5003885003885004
SM,201630,49614--sample_49614_k141_239722,0.014749690289408753,7.981376255096156e-06,0.4992248062015504
SM,201630,49614--sample_49614_k141_714468,0.022108897229018033,1.844636478971567e-05,0.5015576323987538
SM,201630,49614--sample_49614_k141_1994231,0.02336807077874144,2.0683148906994193e-05,0.5019485580670304
SM,201630,49614--sample_49614_k141_2178769,0.02459667704055205,2.2866665378708173e-05,0.5023400936037441
SM,201630,49614--sample_49614_k141_461285,0.023254973856581273,2.077915483697828e-05,0.5019485580670304
SM,201630,49614--sample_49614_k141_872999,0.018357447486520437,1.2763359073932568e-05,0.5003885003885004
SM,201630,49614--sample_49614_k141_60460,0.018537466956857387,1.2595326224257469e-05,0.5003885003885004
SM,201630,49614--sample_49614_k141_2173118,0.018516029380965398,1.2606100479682759e-05,0.5003885003885004
SM,201630,49614--sample_49614_k141_1230032,0.02216595256374987,1.840053561755261e-05,0.5015576323987538
SM,201630,49614--sample_49614_k141_2164689,0.02587545978173518,2.5322077650092837e-05,0.5027322404371585
SM,201630,49614--sample_49614_k141_153009,0.022088374547229755,1.8526567957135216e-05,0.5015576323987538
SM,201630,49614--sample_49614_k141_38739,0.02082590825586888,1.655602246329452e-05,0.5011673151750973
SM,201630,49614--sample_49614_k141_978190,0.017312366096430824,1.0921336406487281e-05,0.5
SM,201630,49614--sample_49614_k141_1331948,0.017055169644639,1.1081114232083966e-05,0.5
SM,201630,49614--sample_49614_k141_736090,0.018356979315521115,1.2783598931791115e-05,0.5003885003885004
SM,201630,49614--sample_49614_k141_693752,0.01978948521038851,1.4349505841600556e-05,0.5007776049766719
SM,201630,49614--sample_49614_k141_768537,0.02086497442293201,1.6440980647517822e-05,0.5011673151750973
SM,201630,49614--sample_49614_k141_1297508,0.02088402951750423,1.6422196038327762e-05,0.5011673151750973
SM,201630,49614--sample_49614_k141_1820469,0.02090278493734611,1.645426409687643e-05,0.5011673151750973
SM,201630,49614--sample_49614_k141_983271,0.02089109446710501,1.6396489522305802e-05,0.5011673151750973
SM,201630,49614--sample_49614_k141_1706254,0.015966786086734287,9.448313333828896e-06,0.49961210240496506
SM,201630,49614--sample_49614_k141_2143008,0.012252458866701689,5.4757236723868055e-06,0.4984520123839009
SM,201630,49614--sample_49614_k141_917802,0.01583371057718368,9.56898474105808e-06,0.49961210240496506
SM,201630,49614--sample_49614_k141_1082226,0.019649639947357692,1.454039823417747e-05,0.5007776049766719
SM,201630,49614--sample_49614_k141_2049411,0.024618047139912783,2.2944174216087366e-05,0.5023400936037441
SM,201630,49614--sample_49614_k141_1581344,0.02096385263834801,1.635498698972026e-05,0.5011673151750973
SM,201630,49614--sample_49614_k141_625148,0.019652059650638144,1.4514370769964473e-05,0.5007776049766719
SM,201630,49614--sample_49614_k141_1609489,0.01720171122222057,1.0982481576257609e-05,0.5
SM,201630,49614--sample_49614_k141_65000,0.019690116257123826,1.4446066257916939e-05,0.5007776049766719
SM,201630,49614--sample_49614_k141_301897,0.022248198815085555,1.8296894809013678e-05,0.5015576323987538
SM,201630,49614--sample_49614_k141_1808202,0.019627242420771032,1.4509546484363314e-05,0.5007776049766719
SM,201630,49614--sample_49614_k141_455871,0.02575524708170976,2.5404040589051606e-05,0.5027322404371585
SM,201630,49614--sample_49614_k141_1432154,0.016033675958209398,9.356580106395766e-06,0.49961210240496506
SM,201630,49614--sample_49614_k141_974705,0.01358574466316853,6.595208487369908e-06,0.4988381099922541
SM,201630,49614--sample_49614_k141_945712,0.019641306500563206,1.4522607323242458e-05,0.5007776049766719
SM,201630,49614--sample_49614_k141_82393,0.018480634311917352,1.2627185940991394e-05,0.5003885003885004
SM,201630,49614--sample_49614_k141_1302202,0.01985170683175579,1.4304601782659729e-05,0.5007776049766719
SM,201630,49614--sample_49614_k141_290227,0.023364619867694766,2.0623186908957718e-05,0.5019485580670304
SM,201630,49614--sample_49614_k141_2198304,0.02215451935597238,1.8489989710984556e-05,0.5015576323987538
SM,201630,49614--sample_49614_k141_1239175,0.014745965970883762,8.0045232162756e-06,0.4992248062015504
SM,201630,49614--sample_49614_k141_581161,0.02078953085001949,1.655937381307077e-05,0.5011673151750973
SM,201630,49614--sample_49614_k141_1129144,0.019712023467676847,1.4460593110730694e-05,0.5007776049766719
SM,201630,49614--sample_49614_k141_517086,0.023377679293033388,2.064121954202433e-05,0.5019485580670304
SM,201630,49614--sample_49614_k141_734937,0.019666141139475814,1.4464941352263788e-05,0.5007776049766719
SM,201630,49614--sample_49614_k141_1636650,0.01857188131198878,1.2555940071947642e-05,0.5003885003885004
SM,201630,49614--sample_49614_k141_1173914,0.024717287144706966,2.2777051762875066e-05,0.5023400936037441
SM,201630,49614--sample_49614_k141_945388,0.02696925341388535,2.804431057530939e-05,0.503125
SM,201630,49614--sample_49614_k141_518814,0.016044019688763865,9.363774478893892e-06,0.49961210240496506
SM,201630,49614--sample_49614_k141_1499111,0.017286654683054785,1.0898522007664036e-05,0.5
SM,201630,49614--sample_49614_k141_1431,0.021056033983132282,1.6276169574388675e-05,0.5011673151750973
SM,201630,49614--sample_49614_k141_2129664,0.020811057588542344,1.653433696206156e-05,0.5011673151750973
SM,201630,49614--sample_49614_k141_1838286,0.023245056147925203,2.075015302176406e-05,0.5019485580670304
SM,201630,49614--sample_49614_k141_533429,0.024527068509227444,2.2976577516415917e-05,0.5023400936037441
SM,201630,49614--sample_49614_k141_1809878,0.016079081435840952,9.338686506241802e-06,0.49961210240496506
SM,201630,49614--sample_49614_k141_924335,0.01600748955682314,9.402897492562259e-06,0.49961210240496506
SM,201630,49614--sample_49614_k141_575385,0.02092911887294012,1.6360855948660053e-05,0.5011673151750973
SM,201630,49614--sample_49614_k141_1317799,0.023451243070480608,2.0568100732259133e-05,0.5019485580670304
SM,201630,49614--sample_49614_k141_1611182,0.013553517855940474,6.621389180131376e-06,0.4988381099922541
SM,201630,49614--sample_49614_k141_330023,0.015984541945476015,9.392146015384937e-06,0.49961210240496506
SM,201630,49614--sample_49614_k141_918242,0.022167255203185892,1.8446917519832937e-05,0.5015576323987538
SM,201630,49614--sample_49614_k141_2021145,0.022298601667631694,1.8279878263029115e-05,0.5015576323987538
SM,201630,49614--sample_49614_k141_1050375,0.016112204291144096,9.32864250990672e-06,0.49961210240496506
SM,201630,49614--sample_49614_k141_248429,0.02213269346543876,1.8417726053173143e-05,0.5015576323987538
SM,201630,49614--sample_49614_k141_2013565,0.020714216193681398,1.6604014913600593e-05,0.5011673151750973
SM,201630,49614--sample_49614_k141_1607582,0.017367169862601128,1.0810595526064978e-05,0.5
SM,201630,49614--sample_49614_k141_3196,0.018401001027941278,1.2672767061995207e-05,0.5003885003885004
SM,201630,49614--sample_49614_k141_134781,0.014735913799449768,8.000192195492067e-06,0.4992248062015504
SM,201630,49614--sample_49614_k141_519892,0.023423540029686687,2.0551864691086535e-05,0.5019485580670304
SM,201630,49614--sample_49614_k141_1887436,0.01858874193196568,1.2487291348207928e-05,0.5003885003885004
SM,201630,49614--sample_49614_k141_1615394,0.024595731151866074,2.2919301069090352e-05,0.5023400936037441
SM,201630,49614--sample_49614_k141_4744,0.01963729881346543,1.4478503734215752e-05,0.5007776049766719
SM,201630,49614--sample_49614_k141_1820321,0.01971840447614622,1.4478563668033446e-05,0.5007776049766719
SM,201630,49614--sample_49614_k141_806895,0.022154209051053836,1.8445906089303248e-05,0.5015576323987538
SM,201630,49614--sample_49614_k141_541379,0.022027630939078318,1.855832397188737e-05,0.5015576323987538
SM,201630,49614--sample_49614_k141_1890593,0.01719239980654769,1.0963756390731123e-05,0.5
SM,201630,49614--sample_49614_k141_590446,0.018397202298012328,1.2762532240149247e-05,0.5003885003885004
SM,201630,49614--sample_49614_k141_1777190,0.015907269861453906,9.451972281843226e-06,0.49961210240496506
SM,201630,49614--sample_49614_k141_1243219,0.018459553735158757,1.2667481569191175e-05,0.5003885003885004
SM,201630,49614--sample_49614_k141_2043775,0.01843894839405941,1.2707661425227189e-05,0.5003885003885004
SM,201630,49614--sample_49614_k141_1387687,0.018351699338713116,1.276101576979862e-05,0.5003885003885004
SM,201630,49614--sample_49614_k141_2306863,0.018522692732968093,1.2593521083061623e-05,0.5003885003885004
SM,201630,49614--sample_49614_k141_1359850,0.019726028527585173,1.4416048293349997e-05,0.5007776049766719
SM,201630,49614--sample_49614_k141_559284,0.022100050710322706,1.8506536958741182e-05,0.5015576323987538
SM,201630,49614--sample_49614_k141_2091805,0.017105271443232175,1.1093257874673772e-05,0.5
SM,201630,49614--sample_49614_k141_834841,0.02337285416790675,2.0686089427784498e-05,0.5019485580670304
SM,201630,49614--sample_49614_k141_135183,0.020964265223443235,1.6357650925189366e-05,0.5011673151750973
SM,201630,49614--sample_49614_k141_271904,0.019634552033953603,1.4496876374869407e-05,0.5007776049766719
SM,201630,49614--sample_49614_k141_2240088,0.01353887822173056,6.640705651297687e-06,0.4988381099922541
SM,201630,49614--sample_49614_k141_838838,0.022167798091268773,1.8467196600527804e-05,0.5015576323987538
SM,201630,49614--sample_49614_k141_331421,0.02092008323798245,1.6404180147730938e-05,0.5011673151750973
SM,201630,49614--sample_49614_k141_1716839,0.020887402853786482,1.6446168799035877e-05,0.5011673151750973
SM,201630,49614--sample_49614_k141_1819997,0.015928526221026144,9.470726162381912e-06,0.49961210240496506
SM,201630,49614--sample_49614_k141_1586341,0.017233532057531753,1.0951170074601592e-05,0.5
SM,201630,49614--sample_49614_k141_2131776,0.023374012829861037,2.0603834196161054e-05,0.5019485580670304
SM,201630,49614--sample_49614_k141_1339374,0.01484950056950377,7.940742596363968e-06,0.4992248062015504
SM,201630,49614--sample_49614_k141_31048,0.018502582671960966,1.2636531762404e-05,0.5003885003885004
SM,201630,49614--sample_49614_k141_1871025,0.024548714222110808,2.3020243519966992e-05,0.5023400936037441
SM,201630,49614--sample_49614_k141_995602,0.019746360114607862,1.4357163225009609e-05,0.5007776049766719
SM,201630,49614--sample_49614_k141_459191,0.0234590484895101,2.0567142259069333e-05,0.5019485580670304
SM,201630,49614--sample_49614_k141_1160020,0.02334194243342543,2.0672712496130683e-05,0.5019485580670304
SM,201630,49614--sample_49614_k141_871051,0.019665472093376133,1.4531009406101085e-05,0.5007776049766719
SM,201630,49614--sample_49614_k141_1387103,0.022155140976214436,1.844685531232551e-05,0.5015576323987538
SM,201630,49614--sample_49614_k141_70929,0.014741450508357425,7.976478975257232e-06,0.4992248062015504
SM,201630,49614--sample_49614_k141_674158,0.019696163599111118,1.4478273190645659e-05,0.5007776049766719
SM,201630,49614--sample_49614_k141_148117,0.01724135067941328,1.0957769026264346e-05,0.5
SM,201630,49614--sample_49614_k141_2202806,0.022127771648325235,1.844665774740681e-05,0.5015576323987538
SM,201630,49614--sample_49614_k141_2190878,0.02332060066600204,2.0756130021230967e-05,0.5019485580670304
SM,201630,49614--sample_49614_k141_1326880,0.017272303749411445,1.089725826004082e-05,0.5
SM,201630,49614--sample_49614_k141_2097207,0.020917069238640472,1.6425200745603703e-05,0.5011673151750973
SM,201630,49614--sample_49614_k141_325554,0.01842661147276458,1.2709699326864704e-05,0.5003885003885004
SM,201630,49614--sample_49614_k141_658929,0.019680923178639655,1.4537697521945381e-05,0.5007776049766719
SM,201630,49614--sample_49614_k141_844689,0.022208573581004067,1.8315002813992254e-05,0.5015576323987538
SM,201630,49614--sample_49614_k141_1178427,0.020835794907203088,1.6469620525742973e-05,0.5011673151750973
SM,201630,49614--sample_49614_k141_924455,0.017331137562881214,1.0921686081165635e-05,0.5
SM,201630,49614--sample_49614_k141_548218,0.024531181145005757,2.301937893067915e-05,0.5023400936037441
SM,201630,49614--sample_49614_k141_157529,0.018508714972258842,1.2594111672444761e-05,0.5003885003885004
SM,201630,49614--sample_49614_k141_1043792,0.017217965327948347,1.0938986849802084e-05,0.5
SM,201630,49614--sample_49614_k141_282500,0.020992259196315016,1.6311762208511405e-05,0.5011673151750973
SM,201630,49614--sample_49614_k141_1047512,0.023427478519716664,2.058466947527507e-05,0.5019485580670304
SM,201630,49614--sample_49614_k141_1812456,0.019618625345059152,1.4597132453877039e-05,0.5007776049766719
SM,201630,49614--sample_49614_k141_991277,0.013556875641073792,6.584684102912687e-06,0.4988381099922541
SM,201630,49614--sample_49614_k141_2155159,0.019779991134840687,1.4363509450640722e-05,0.5007776049766719
SM,201630,49614--sample_49614_k141_1515117,0.02334468799805212,2.064382580576224e-05,0.5019485580670304
SM,201630,49614--sample_49614_k141_1610034,0.022148985677198026,1.8497508591794075e-05,0.5015576323987538
SM,201630,49614--sample_49614_k141_438690,0.02077175577252526,1.649011560934959e-05,0.5011673151750973
SM,201630,49614--sample_49614_k141_2037150,0.018297003087605738,1.2798599578214479e-05,0.5003885003885004
SM,201630,49614--sample_49614_k141_67510,0.018451597492705057,1.2669392552466922e-05,0.5003885003885004
SM,201630,49614--sample_49614_k141_1822828,0.023445219128531668,2.0572074641450585e-05,0.5019485580670304
SM,201630,49614--sample_49614_k141_2097969,0.020929825637632377,1.6395193643838572e-05,0.5011673151750973
SM,201630,49614--sample_49614_k141_2301029,0.025848286381047768,2.532949123557258e-05,0.5027322404371585
SM,201630,49614--sample_49614_k141_2118289,0.023406288443251617,2.0554824009063904e-05,0.5019485580670304
SM,201630,49614--sample_49614_k141_1139755,0.023367091399519115,2.06603582419307e-05,0.5019485580670304
SM,201630,49614--sample_49614_k141_1080344,0.014690131348939373,7.976349598818552e-06,0.4992248062015504
SM,201630,49614--sample_49614_k141_1880545,0.018407012751119868,1.2719180421537466e-05,0.5003885003885004
SM,201630,49614--sample_49614_k141_326091,0.020989484616491968,1.6341598801539415e-05,0.5011673151750973
SM,201630,49614--sample_49614_k141_1735259,0.018348450782158174,1.2791427882820426e-05,0.5003885003885004
SM,201630,49614--sample_49614_k141_2139246,0.020884584730062064,1.649021598978421e-05,0.5011673151750973
SM,201630,49614--sample_49614_k141_178616,0.01957324659553936,1.461613504006811e-05,0.5007776049766719
SM,201630,49614--sample_49614_k141_759014,0.0183687891675162,1.2732796468719209e-05,0.5003885003885004
SM,201630,49614--sample_49614_k141_2133054,0.02093205133395228,1.6386176874713262e-05,0.5011673151750973
SM,201630,49614--sample_49614_k141_31529,0.02342202078478473,2.0555387405597452e-05,0.5019485580670304
SM,201630,49614--sample_49614_k141_2215540,0.019746778048438565,1.4382634353346673e-05,0.5007776049766719
SM,201630,49614--sample_49614_k141_1884003,0.013534725144263767,6.624858490711708e-06,0.4988381099922541
SM,201630,49614--sample_49614_k141_1264935,0.016092206598490675,9.312559332228288e-06,0.49961210240496506
SM,201630,49614--sample_49614_k141_2180922,0.018526077938859114,1.2566956719725013e-05,0.5003885003885004
SM,201630,49614--sample_49614_k141_111426,0.01976817942495253,1.4414144033830183e-05,0.5007776049766719
SM,201630,49614--sample_49614_k141_1220811,0.02080663794251062,1.6562702548363487e-05,0.5011673151750973
SM,201630,49614--sample_49614_k141_1429385,0.017320655411044186,1.0862861604740827e-05,0.5
SM,201630,49614--sample_49614_k141_1044103,0.02217577871130466,1.8369595687327552e-05,0.5015576323987538
SM,201630,49614--sample_49614_k141_382567,0.015817275791857825,9.549275978494235e-06,0.49961210240496506
SM,201630,49614--sample_49614_k141_1960330,0.017305861680195773,1.0860195260136847e-05,0.5
SM,201630,49614--sample_49614_k141_1204302,0.022052740243563827,1.8626720768253178e-05,0.5015576323987538
SM,201630,49614--sample_49614_k141_1362863,0.022209209515138717,1.835580272832479e-05,0.5015576323987538
SM,201630,49614--sample_49614_k141_562944,0.02339639843345893,2.060719889762785e-05,0.5019485580670304
SM,201630,49614--sample_49614_k141_267755,0.022131989649921826,1.8488109273561503e-05,0.5015576323987538
SM,201630,49614--sample_49614_k141_1049069,0.023414838599953653,2.0616502921001475e-05,0.5019485580670304
SM,201630,49614--sample_49614_k141_2236854,0.014739028314896378,7.995948543147145e-06,0.4992248062015504
SM,201630,49614--sample_49614_k141_345881,0.01964374807101615,1.4552732893066218e-05,0.5007776049766719
SM,201630,49614--sample_49614_k141_1709526,0.02590760637417118,2.5253823029664105e-05,0.5027322404371585
SM,201630,49614--sample_49614_k141_1273134,0.02072636734854527,1.6587982364015684e-05,0.5011673151750973
SM,201630,49614--sample_49614_k141_1003738,0.01845043455298341,1.2691213979653237e-05,0.5003885003885004
SM,201630,49614--sample_49614_k141_155685,0.021063609817169423,1.625717682546173e-05,0.5011673151750973
SM,201630,49614--sample_49614_k141_799411,0.017158796736416293,1.1018517696592621e-05,0.5
SM,201630,49614--sample_49614_k141_1876905,0.018488410757405937,1.2625898377354818e-05,0.5003885003885004
SM,201630,49614--sample_49614_k141_6229,0.01950200602563454,1.4694798078116765e-05,0.5007776049766719
SM,201630,49614--sample_49614_k141_899836,0.018384894863564608,1.2721597627805254e-05,0.5003885003885004
SM,201630,49614--sample_49614_k141_262877,0.018413414894884884,1.2701765620993163e-05,0.5003885003885004
SM,201630,49614--sample_49614_k141_446802,0.02097504814686712,1.632477798899202e-05,0.5011673151750973
SM,201630,49614--sample_49614_k141_861245,0.01713613566497595,1.102625763383974e-05,0.5
SM,201630,49614--sample_49614_k141_1043592,0.019674412709806587,1.447546852919652e-05,0.5007776049766719
SM,201630,49614--sample_49614_k141_373499,0.01845841819478883,1.2676033599890977e-05,0.5003885003885004
SM,201630,49614--sample_49614_k141_1873429,0.014792869419873265,7.927654232081245e-06,0.4992248062015504
SM,201630,49614--sample_49614_k141_941148,0.01835183719095919,1.2794811009024548e-05,0.5003885003885004
SM,201630,49614--sample_49614_k141_334906,0.01720719238658401,1.101787263291561e-05,0.5
SM,201630,49614--sample_49614_k141_317393,0.02456100629699811,2.294371802697752e-05,0.5023400936037441
SM,201630,49614--sample_49614_k141_1942210,0.018584050980307576,1.252540019031944e-05,0.5003885003885004
SM,201630,49614--sample_49614_k141_914702,0.02086605491107937,1.6470309479543707e-05,0.5011673151750973
SM,201630,49614--sample_49614_k141_991415,0.019719167739306882,1.4478136012727546e-05,0.5007776049766719
SM,201630,49614--sample_49614_k141_274775,0.022056816072708596,1.8537307692224014e-05,0.5015576323987538
SM,201630,49614--sample_49614_k141_2255621,0.020918172919653553,1.6387751662381633e-05,0.5011673151750973
SM,201630,49614--sample_49614_k141_52808,0.01968280006230792,1.4457239818306715e-05,0.5007776049766719
SM,201630,49614--sample_49614_k141_2244732,0.024583480212844455,2.29601617041309e-05,0.5023400936037441
SM,201630,49614--sample_49614_k141_1578368,0.018572471616297426,1.2512751871899997e-05,0.5003885003885004
SM,201630,49614--sample_49614_k141_915233,0.019780964287506708,1.435616945115759e-05,0.5007776049766719
SM,201630,49614--sample_49614_k141_199705,0.01589722847097021,9.509402580607036e-06,0.49961210240496506
SM,201630,49614--sample_49614_k141_897184,0.017108525040724843,1.1090679841826952e-05,0.5
SM,201630,49614--sample_49614_k141_1964044,0.021007630642517303,1.6291245476461668e-05,0.5011673151750973
SM,201630,49614--sample_49614_k141_802310,0.023275302571932527,2.0763935185704827e-05,0.5019485580670304
SM,201630,49614--sample_49614_k141_1636768,0.023306439394460816,2.0624568416003655e-05,0.5019485580670304
SM,201630,49614--sample_49614_k141_1410062,0.02214153515048392,1.8425459811375252e-05,0.5015576323987538
SM,201630,49614--sample_49614_k141_2239437,0.02223486525146197,1.8359057614815796e-05,0.5015576323987538
SM,201630,49614--sample_49614_k141_380558,0.014810298477840255,7.909154715380718e-06,0.4992248062015504
SM,201630,49614--sample_49614_k141_825477,0.02339837757464008,2.0619849800843874e-05,0.5019485580670304
SM,201630,49614--sample_49614_k141_1431426,0.01962316818394755,1.4578688042959375e-05,0.5007776049766719
SM,201630,49614--sample_49614_k141_782554,0.018272811405910618,1.2869376028641621e-05,0.5003885003885004
SM,201630,49614--sample_49614_k141_1469720,0.013478764869228646,6.673101833712666e-06,0.4988381099922541
SM,201630,49614--sample_49614_k141_1483598,0.018401529020487088,1.2691247428727766e-05,0.5003885003885004
SM,201630,49614--sample_49614_k141_1641711,0.017293106905448566,1.0902489617401713e-05,0.5
SM,201630,49614--sample_49614_k141_430119,0.01839980878528068,1.2717500136247004e-05,0.5003885003885004
SM,201630,49614--sample_49614_k141_1480657,0.024679447739737154,2.2836972249951235e-05,0.5023400936037441
SM,201630,49614--sample_49614_k141_1548523,0.018374286984595842,1.271526071718668e-05,0.5003885003885004
SM,201630,49614--sample_49614_k141_1466444,0.018388065107843406,1.2673036693123522e-05,0.5003885003885004
SM,201630,49614--sample_49614_k141_997447,0.023295198489565346,2.0739649669713438e-05,0.5019485580670304
SM,201630,49614--sample_49614_k141_781022,0.020896709054457174,1.6384876204726363e-05,0.5011673151750973
SM,201630,49614--sample_49614_k141_2199480,0.0232132798570613,2.0857807857926223e-05,0.5019485580670304
SM,201630,49614--sample_49614_k141_1705538,0.01718370922114944,1.0969588783172377e-05,0.5
SM,201630,49614--sample_49614_k141_1802869,0.022264980669940437,1.83379659011053e-05,0.5015576323987538
SM,201630,49614--sample_49614_k141_976496,0.02201365715660551,1.8584607936638673e-05,0.5015576323987538
SM,201630,49614--sample_49614_k141_1998437,0.020885945541349465,1.6436492039215307e-05,0.5011673151750973
SM,201630,49614--sample_49614_k141_802719,0.022204066493388783,1.8417817912249536e-05,0.5015576323987538
SM,201630,49614--sample_49614_k141_177839,0.025738689195360105,2.5447326194391616e-05,0.5027322404371585
SM,201630,49614--sample_49614_k141_1735303,0.01708556749552408,1.1107100613087422e-05,0.5
SM,201630,49614--sample_49614_k141_1404475,0.02585717553101252,2.528887330264698e-05,0.5027322404371585
SM,201630,49614--sample_49614_k141_730698,0.018438949293682564,1.2659374684593365e-05,0.5003885003885004
SM,201630,49614--sample_49614_k141_154118,0.02079746429790228,1.653869425340417e-05,0.5011673151750973
SM,201630,49614--sample_49614_k141_514814,0.014721855146640534,7.969898011406994e-06,0.4992248062015504
SM,201630,49614--sample_49614_k141_1898739,0.018435700871234056,1.2652398282860817e-05,0.5003885003885004
SM,201630,49614--sample_49614_k141_470294,0.024666014046727018,2.2841608075186155e-05,0.5023400936037441
SM,201630,49614--sample_49614_k141_927748,0.018556989550485403,1.2570456498139858e-05,0.5003885003885004
SM,201630,49614--sample_49614_k141_204516,0.01235821489128722,5.388111770301828e-06,0.49768160741885625
SM,201630,49614--sample_49614_k141_471890,0.01607399085283887,9.360481106857295e-06,0.49961210240496506
SM,201630,49614--sample_49614_k141_346409,0.01969459485573584,1.4480935300021267e-05,0.5007776049766719
SM,201630,49614--sample_49614_k141_1537708,0.020969588039132972,1.6343779925946067e-05,0.5011673151750973
SM,201630,49614--sample_49614_k141_1306799,0.01840257938370808,1.2747895220286444e-05,0.5003885003885004
SM,201630,49614--sample_49614_k141_66793,0.01836625630714549,1.2746600884934056e-05,0.5003885003885004
SM,201630,49614--sample_49614_k141_989275,0.021013533283223577,1.62898955658359e-05,0.5011673151750973
SM,201630,49614--sample_49614_k141_1514836,0.020957678314740578,1.6301121795221422e-05,0.5011673151750973
SM,201630,49614--sample_49614_k141_1277494,0.017149538513676683,1.107897277831966e-05,0.5
SM,201630,49614--sample_49614_k141_1991756,0.022135360706288718,1.849521654646146e-05,0.5015576323987538
SM,201630,49614--sample_49614_k141_1765056,0.016001972566835245,9.380807600000036e-06,0.49961210240496506
SM,201630,49614--sample_49614_k141_948677,0.02207891795121457,1.857548130355281e-05,0.5015576323987538
SM,201630,49614--sample_49614_k141_1781326,0.014701647538690802,7.985836522906472e-06,0.4992248062015504
SM,201630,49614--sample_49614_k141_14914,0.020832320697394494,1.645990894904626e-05,0.5011673151750973
SM,201630,49614--sample_49614_k141_1024350,0.018554448089021947,1.259102631610628e-05,0.5003885003885004
SM,201630,49614--sample_49614_k141_643060,0.01845106139632109,1.2667330535060144e-05,0.5003885003885004
SM,201630,49614--sample_49614_k141_347653,0.02086019810233421,1.6502845810113597e-05,0.5011673151750973
SM,201630,49614--sample_49614_k141_826830,0.01970179455382096,1.444578272732339e-05,0.5007776049766719
SM,201630,49614--sample_49614_k141_1543738,0.02212237593408444,1.843717114254481e-05,0.5015576323987538
SM,201630,49614--sample_49614_k141_405254,0.01843236643335276,1.265165120610096e-05,0.5003885003885004
SM,201630,49614--sample_49614_k141_1562782,0.02571588861966829,2.5546886136579085e-05,0.5027322404371585
SM,201630,49614--sample_49614_k141_1907383,0.019805990395543552,1.4363428443847328e-05,0.5007776049766719
SM,201630,49614--sample_49614_k141_841379,0.01732295102080933,1.091132398527767e-05,0.5
SM,201630,49614--sample_49614_k141_1233744,0.015945180887928293,9.476590486629755e-06,0.49961210240496506
SM,201630,49614--sample_49614_k141_769477,0.020853079169227417,1.6488481371925287e-05,0.5011673151750973
SM,201630,49614--sample_49614_k141_424750,0.01842968373985004,1.2687114878043556e-05,0.5003885003885004
SM,201630,49614--sample_49614_k141_94425,0.018479305968067655,1.2654672972545018e-05,0.5003885003885004
SM,201630,49614--sample_49614_k141_164102,0.01958833677031586,1.4590631017845043e-05,0.5007776049766719
SM,201630,49614--sample_49614_k141_345191,0.023423236965216008,2.0591506501445603e-05,0.5019485580670304
SM,201630,49614--sample_49614_k141_9421,0.01591388952875408,9.474772220528927e-06,0.49961210240496506
SM,201630,49614--sample_49614_k141_653688,0.017070816985140503,1.1120350961716964e-05,0.5
SM,201630,49614--sample_49614_k141_2023550,0.022069091191886218,1.8507792587015175e-05,0.5015576323987538
SM,201630,49614--sample_49614_k141_1060450,0.022143480421402822,1.843275466785807e-05,0.5015576323987538
SM,201630,49614--sample_49614_k141_664059,0.022161185548500002,1.842836115900481e-05,0.5015576323987538
SM,201630,49614--sample_49614_k141_1372677,0.01105928495375408,4.345690150831732e-06,0.4980665119876257
SM,201630,49614--sample_49614_k141_1178417,0.020842693546728523,1.645539670957054e-05,0.5011673151750973
SM,201630,49614--sample_49614_k141_1102734,0.019488261103537005,1.4697554871560083e-05,0.5007776049766719
SM,201630,49614--sample_49614_k141_1537015,0.018402019533332748,1.2703059352242261e-05,0.5003885003885004
SM,201630,49614--sample_49614_k141_1594800,0.022162872757625705,1.8415596930771518e-05,0.5015576323987538
SM,201630,49614--sample_49614_k141_715581,0.024555994952038824,2.296591842634959e-05,0.5023400936037441
SM,201630,49614--sample_49614_k141_569077,0.018441845104304955,1.2644838809683938e-05,0.5003885003885004
SM,201630,49614--sample_49614_k141_155282,0.01575733015246992,9.609615905258817e-06,0.49961210240496506
SM,201630,49614--sample_49614_k141_1912022,0.01853299383272832,1.2585303156507792e-05,0.5003885003885004
SM,201630,49614--sample_49614_k141_1674154,0.017150761565915905,1.1060807930413478e-05,0.5
SM,201630,49614--sample_49614_k141_812294,0.019743153171869157,1.437072649345366e-05,0.5007776049766719
SM,201630,49614--sample_49614_k141_1135820,0.023322901696682555,2.069446661438487e-05,0.5019485580670304
SM,201630,49614--sample_49614_k141_1493257,0.018343520921212206,1.2768038132943398e-05,0.5003885003885004
SM,201630,49614--sample_49614_k141_1744629,0.017216765568539037,1.1002424418750286e-05,0.5
SM,201630,49614--sample_49614_k141_464736,0.01968511178863942,1.4465811491766109e-05,0.5007776049766719
SM,201630,49614--sample_49614_k141_716258,0.020881072554296286,1.644008307817864e-05,0.5011673151750973
SM,201630,49614--sample_49614_k141_969590,0.018497543476400802,1.2609800773579565e-05,0.5003885003885004
SM,201630,49614--sample_49614_k141_335903,0.02227240165461253,1.830383878937543e-05,0.5015576323987538
SM,201630,49614--sample_49614_k141_795014,0.017350201875865178,1.087780287388212e-05,0.5
SM,201630,49614--sample_49614_k141_1901194,0.018566353058771565,1.2577690907406583e-05,0.5003885003885004
SM,201630,49614--sample_49614_k141_594973,0.02094068025855362,1.634539074897348e-05,0.5011673151750973
SM,201630,49614--sample_49614_k141_603743,0.01973114366467181,1.4441230400586352e-05,0.5007776049766719
SM,201630,49614--sample_49614_k141_1208694,0.020908372750118583,1.6429419753743413e-05,0.5011673151750973
SM,201630,49614--sample_49614_k141_1609013,0.022166580506360233,1.8444486400277956e-05,0.5015576323987538
SM,201630,49614--sample_49614_k141_67942,0.015976221232704677,9.407644682780106e-06,0.49961210240496506
SM,201630,49614--sample_49614_k141_846583,0.024611656098426443,2.2938554140513186e-05,0.5023400936037441
SM,201630,49614--sample_49614_k141_325235,0.01852996950320577,1.2612430631279422e-05,0.5003885003885004
SM,201630,49614--sample_49614_k141_2305531,0.01607455473061139,9.37966694884444e-06,0.49961210240496506
SM,201630,49614--sample_49614_k141_1792272,0.020851840507208008,1.647463683216738e-05,0.5011673151750973
SM,201630,49614--sample_49614_k141_743960,0.015825458139272715,9.579985236723146e-06,0.49961210240496506
SM,201630,49614--sample_49614_k141_612250,0.024600427254999127,2.290385655052656e-05,0.5023400936037441
SM,201630,49614--sample_49614_k141_412145,0.023366837639070565,2.0657655254500506e-05,0.5019485580670304
SM,201630,49620--sample_49620_k141_877568,0.025835060186721864,2.5375583516250445e-05,0.5027322404371585
SM,201630,49627--sample_49627_k141_882399,0.015941323658332535,9.469905205588672e-06,0.49961210240496506
SM,201630,49625--sample_49625_k141_420390,0.012206695699129027,5.472353749608446e-06,0.4984520123839009
SM,201630,49623--sample_49623_k141_465025,0.020958187610023767,1.6389063576496615e-05,0.5011673151750973
SM,201630,49626--sample_49626_k141_540134,0.026981656090979123,2.801663674705682e-05,0.503125
SM,201630,49620--sample_49620_k141_767928,0.01966616161381069,1.446676072906966e-05,0.5007776049766719
SM,201630,49620--sample_49620_k141_568710,0.018412541869448646,1.2722535021929012e-05,0.5003885003885004
SM,201630,49620--sample_49620_k141_806973,0.02212660732292693,1.8522249275648768e-05,0.5015576323987538
SM,201630,49620--sample_49620_k141_567263,0.02081224362490283,1.65282384472904e-05,0.5011673151750973
SM,201630,49628--sample_49628_k141_531267,0.020903631040671854,1.6419595087899795e-05,0.5011673151750973
SM,201630,49623--sample_49623_k141_1041969,0.02709507173682853,2.7831829670418635e-05,0.503125
SM,201630,49623--sample_49623_k141_608894,0.02089518367930269,1.6435704193375382e-05,0.5011673151750973
SM,201630,49627--sample_49627_k141_597049,0.013567218002293215,6.608081971715399e-06,0.4988381099922541
SM,201630,49620--sample_49620_k141_602635,0.021995499404304276,1.8670816084238407e-05,0.5015576323987538
SM,201630,49620--sample_49620_k141_662239,0.018448360587010215,1.2689923831105392e-05,0.5003885003885004
SM,201630,49624--sample_49624_k141_867497,0.01728485454635659,1.090467036105009e-05,0.5
SM,201630,49620--sample_49620_k141_684559,0.02221030602301889,1.829332450662251e-05,0.5015576323987538
SM,201630,49620--sample_49620_k141_520577,0.022126784694731533,1.845665093398769e-05,0.5015576323987538
SM,201630,49620--sample_49620_k141_366325,0.01844922790580838,1.266575013483522e-05,0.5003885003885004
SM,201630,49623--sample_49623_k141_1264227,0.013521899461062092,6.618562580744358e-06,0.4984520123839009
SM,201630,49620--sample_49620_k141_375368,0.015975650264666342,9.45810465213864e-06,0.49961210240496506
SM,201630,49620--sample_49620_k141_593506,0.02090830238102496,1.639031551517816e-05,0.5011673151750973
SM,201630,49624--sample_49624_k141_995177,0.014733853377038248,7.941463907586696e-06,0.4992248062015504
SM,201630,49624--sample_49624_k141_206758,0.0197927674688525,1.432557293860443e-05,0.5007776049766719
SM,201630,49620--sample_49620_k141_689599,0.01713515023796037,1.1086585182163848e-05,0.5
SM,201630,49623--sample_49623_k141_283004,0.019498001549216423,1.4619268794120945e-05,0.5007776049766719
SM,201630,49621--sample_49621_k141_803927,0.01953382188086414,1.4652221242040386e-05,0.5007776049766719
SM,201630,49620--sample_49620_k141_756043,0.01843398823081055,1.267132952597242e-05,0.5003885003885004
SM,201630,49624--sample_49624_k141_477029,0.018421936378156735,1.2711306947873293e-05,0.5003885003885004
SM,201630,49621--sample_49621_k141_972296,0.015856291519558183,9.515705355029809e-06,0.49961210240496506
SM,201630,49628--sample_49628_k141_401383,0.024623517852625062,2.2941178370610413e-05,0.5023400936037441
SM,201630,49623--sample_49623_k141_553477,0.015948609615374906,9.42199411397465e-06,0.49961210240496506
SM,201630,49620--sample_49620_k141_629507,0.022227134506368845,1.8421130556269966e-05,0.5015576323987538
SM,201630,49627--sample_49627_k141_620853,0.01350468756136359,6.607402816563057e-06,0.4988381099922541
SM,201630,49620--sample_49620_k141_346511,0.010056920259036754,3.2642598647163636e-06,0.49768160741885625
SM,201630,49620--sample_49620_k141_863497,0.020911171374100576,1.642747432356097e-05,0.5011673151750973
SM,201630,49623--sample_49623_k141_418215,0.024665083761903413,2.288280534561705e-05,0.5023400936037441
SM,201630,49620--sample_49620_k141_802567,0.02333136477461576,2.0599639433887855e-05,0.5019485580670304
SM,201630,49628--sample_49628_k141_1208708,0.01961149543295681,1.4614095328463128e-05,0.5007776049766719
SM,201630,49621--sample_49621_k141_484589,0.018544619055706243,1.2567351515869018e-05,0.5003885003885004
SM,201630,49620--sample_49620_k141_809052,0.018446815689229557,1.2626403201559611e-05,0.5003885003885004
SM,201630,49628--sample_49628_k141_1213396,0.023478815023524696,2.0539908269090158e-05,0.5019485580670304
SM,201630,49626--sample_49626_k141_546019,0.02834570940635384,3.0401504694756055e-05,0.5035183737294762
SM,201630,49620--sample_49620_k141_475529,0.022185858680884733,1.8455503173986383e-05,0.5015576323987538
SM,201630,49628--sample_49628_k141_1253647,0.020902910575747894,1.6419472655592904e-05,0.5011673151750973
SM,201630,49627--sample_49627_k141_212427,0.019755033708594837,1.4382936982008412e-05,0.5007776049766719
SM,201630,49628--sample_49628_k141_1537814,0.02086521642918334,1.6449859307028397e-05,0.5011673151750973
SM,201630,49625--sample_49625_k141_10991,0.023331411071273053,2.0709508186639255e-05,0.5019485580670304
SM,201630,49628--sample_49628_k141_820141,0.017209589988191363,1.099181762355283e-05,0.5
SM,201630,49628--sample_49628_k141_935385,0.023335800559466973,2.0662890546780866e-05,0.5019485580670304
SM,201630,49622--sample_49622_k141_790072,0.022145538629279485,1.8438243563915844e-05,0.5015576323987538
SM,201630,49627--sample_49627_k141_866654,0.018347171835039963,1.2796401404257305e-05,0.5003885003885004
SM,201630,49624--sample_49624_k141_512309,0.020907855139629727,1.6460125927493237e-05,0.5011673151750973
SM,201630,49620--sample_49620_k141_863061,0.015939653813338523,9.457277763729085e-06,0.49961210240496506
SM,201630,49622--sample_49622_k141_1034107,0.017366263862341167,1.0793634952312057e-05,0.5
SM,201630,49628--sample_49628_k141_1268454,0.021102078493074324,1.6227190691649285e-05,0.5011673151750973
SM,201630,49620--sample_49620_k141_890514,0.01852923068647,1.2590445131376735e-05,0.5003885003885004
SM,201630,49623--sample_49623_k141_1191385,0.018440250772693727,1.2661336783940484e-05,0.5003885003885004
SM,201630,49620--sample_49620_k141_258666,0.0197040454768659,1.4464368697686066e-05,0.5007776049766719
SM,201630,49623--sample_49623_k141_181373,0.017416284443932926,1.078417204154075e-05,0.5
SM,201630,49625--sample_49625_k141_492119,0.01975213856966234,1.4399926179243822e-05,0.5007776049766719
SM,201630,49620--sample_49620_k141_652095,0.01957709161117642,1.4565326014763536e-05,0.5007776049766719
SM,201630,49626--sample_49626_k141_814437,0.01846309583447857,1.265652946935576e-05,0.5003885003885004
SM,201630,49625--sample_49625_k141_135647,0.022147579062445605,1.84482994649224e-05,0.5015576323987538
SM,201630,49627--sample_49627_k141_505944,0.021058713114540998,1.6257840385342892e-05,0.5011673151750973
SM,201630,49625--sample_49625_k141_178018,0.020848405525950468,1.648251827153125e-05,0.5011673151750973
SM,201630,49622--sample_49622_k141_1297772,0.02343673852583512,2.052558105243292e-05,0.5019485580670304
SM,201630,49623--sample_49623_k141_1029786,0.018461930686593547,1.2657656121094424e-05,0.5003885003885004
SM,201630,49623--sample_49623_k141_1276103,0.019618630176653634,1.4524802039633674e-05,0.5007776049766719
SM,201630,49627--sample_49627_k141_357650,0.020810668923220622,1.6437582887182716e-05,0.5011673151750973
SM,201630,49625--sample_49625_k141_191759,0.023388028905008386,2.057266371609112e-05,0.5019485580670304
SM,201630,49628--sample_49628_k141_1435203,0.01976109430381252,1.4371415027590989e-05,0.5007776049766719
SM,201630,49624--sample_49624_k141_949654,0.020844433625468808,1.648757787327196e-05,0.5011673151750973
SM,201630,49620--sample_49620_k141_336548,0.02214138830514308,1.8499614398414303e-05,0.5015576323987538
SM,201630,49627--sample_49627_k141_712892,0.017160869665675794,1.1021279258265648e-05,0.5
SM,201630,49625--sample_49625_k141_465783,0.02330473270317501,2.071651827952929e-05,0.5019485580670304
SM,201630,49620--sample_49620_k141_347894,0.02835741553021966,3.043286240253357e-05,0.5035183737294762
SM,201630,49623--sample_49623_k141_1338728,0.027013182564890294,2.800292559651612e-05,0.503125
SM,201630,49620--sample_49620_k141_424640,0.01969126974607219,1.4437211987173078e-05,0.5007776049766719
SM,201630,49623--sample_49623_k141_1065488,0.022067401191203415,1.8586107804255768e-05,0.5015576323987538
SM,201630,49620--sample_49620_k141_573928,0.023439590346617706,2.0517136441141063e-05,0.5019485580670304
SM,201630,49625--sample_49625_k141_399586,0.0159028549383049,9.469501545438814e-06,0.49961210240496506
SM,201630,49620--sample_49620_k141_818604,0.026959475703068458,2.8065510703510436e-05,0.503125
SM,201630,49623--sample_49623_k141_1327989,0.016034554775258926,9.409379416493711e-06,0.49961210240496506
SM,201630,49623--sample_49623_k141_196496,0.01728837467865917,1.0878923710059947e-05,0.5
SM,201630,49623--sample_49623_k141_852831,0.02211789601448948,1.8492906281779757e-05,0.5015576323987538
SM,201630,49623--sample_49623_k141_882330,0.0207839453261776,1.6538069931586665e-05,0.5011673151750973
SM,201630,49628--sample_49628_k141_1659717,0.02209843942475591,1.8521870766654356e-05,0.5015576323987538
SM,201630,49621--sample_49621_k141_1024002,0.017266073698105348,1.0954900329549189e-05,0.5
SM,201630,49623--sample_49623_k141_568308,0.019703111297962723,1.440938589636927e-05,0.5007776049766719
SM,201630,49623--sample_49623_k141_1126180,0.02216108453628249,1.8445607351479643e-05,0.5015576323987538
SM,201630,49624--sample_49624_k141_355515,0.013515954338491988,6.684816313908241e-06,0.4988381099922541
SM,201630,49620--sample_49620_k141_765559,0.023437278590208957,2.057972007975907e-05,0.5019485580670304
SM,201630,49620--sample_49620_k141_785383,0.023368304175109007,2.0613778143352302e-05,0.5019485580670304
SM,201630,49620--sample_49620_k141_92767,0.02456592304935203,2.3032641076201048e-05,0.5023400936037441
SM,201630,49624--sample_49624_k141_928685,0.01847079628276441,1.2700877997401925e-05,0.5003885003885004
SM,201630,49620--sample_49620_k141_709303,0.01965644094648117,1.4542150254170836e-05,0.5007776049766719
SM,201630,49623--sample_49623_k141_1060510,0.023293371476722804,2.0734797394861124e-05,0.5019485580670304
SM,201630,49623--sample_49623_k141_524298,0.019613698529839303,1.4514696768664443e-05,0.5007776049766719
SM,201630,49621--sample_49621_k141_875236,0.022094036210285353,1.8467003960359667e-05,0.5015576323987538
SM,201630,49627--sample_49627_k141_272944,0.014778761358551874,7.947471286703223e-06,0.4992248062015504
SM,201630,49621--sample_49621_k141_402365,0.022080929518820215,1.853300491825549e-05,0.5015576323987538
SM,201630,49620--sample_49620_k141_88663,0.019637960835379553,1.4526589479004307e-05,0.5007776049766719
SM,201630,49620--sample_49620_k141_486486,0.022129741383160356,1.8467328990516505e-05,0.5015576323987538
SM,201630,49623--sample_49623_k141_1358298,0.019747341575612896,1.4386569394809772e-05,0.5007776049766719
SM,201630,49627--sample_49627_k141_218199,0.014704594247844724,8.01433630524331e-06,0.4992248062015504
SM,201630,49623--sample_49623_k141_232736,0.01588196413877926,9.500466597162194e-06,0.49961210240496506
SM,201630,49620--sample_49620_k141_901985,0.019691313051334838,1.4475078247485901e-05,0.5007776049766719
SM,201630,49620--sample_49620_k141_646366,0.02216570964137389,1.841789338808539e-05,0.5015576323987538
SM,201630,49623--sample_49623_k141_960129,0.01473710394085177,8.000671392456653e-06,0.4992248062015504
SM,201630,49623--sample_49623_k141_241059,0.018363280573590247,1.2739630952136303e-05,0.5003885003885004
SM,201630,49620--sample_49620_k141_853985,0.017286871132985868,1.0947656642461309e-05,0.5
SM,201630,49622--sample_49622_k141_1306273,0.023384104931529575,2.057700227140755e-05,0.5019485580670304
SM,201630,49620--sample_49620_k141_365374,0.015991937217745413,9.433099215999985e-06,0.49961210240496506
SM,201630,49623--sample_49623_k141_564461,0.01964304243728893,1.4489968715581571e-05,0.5007776049766719
SM,201630,49628--sample_49628_k141_1640420,0.013534091764876901,6.6250297182030725e-06,0.4988381099922541
SM,201630,49628--sample_49628_k141_718209,0.019729421161092952,1.441361497034702e-05,0.5007776049766719
SM,201630,49623--sample_49623_k141_760367,0.027006539232786484,2.7966453525106904e-05,0.503125
SM,201630,49620--sample_49620_k141_49753,0.022231352102433977,1.8344185752848693e-05,0.5015576323987538
SM,201630,49623--sample_49623_k141_661486,0.01845837449040409,1.2682619739072284e-05,0.5003885003885004
SM,201630,49627--sample_49627_k141_195166,0.02223688913992443,1.8306026964147014e-05,0.5015576323987538
SM,201630,49628--sample_49628_k141_1299248,0.02223720118476175,1.8356048008425575e-05,0.5015576323987538
SM,201630,49623--sample_49623_k141_938959,0.02332689427199496,2.0744982693777097e-05,0.5019485580670304
SM,201630,49624--sample_49624_k141_533801,0.023289277661878292,2.0678780162642917e-05,0.5019485580670304
SM,201630,49621--sample_49621_k141_224055,0.015977134970444395,9.415244142006129e-06,0.49961210240496506
SM,201630,49627--sample_49627_k141_323121,0.02456730020298204,2.2984001830113035e-05,0.5023400936037441
SM,201630,49623--sample_49623_k141_457796,0.019667459148859215,1.4499117207204264e-05,0.5007776049766719
SM,201630,49626--sample_49626_k141_755790,0.020816958499883312,1.6512529079521124e-05,0.5011673151750973
SM,201630,49625--sample_49625_k141_454481,0.011082850202551193,4.344862787971391e-06,0.49768160741885625
SM,201630,49620--sample_49620_k141_70641,0.024672112184618653,2.2807484802051365e-05,0.5023400936037441
SM,201630,49624--sample_49624_k141_97572,0.017169480362974242,1.1007357867425155e-05,0.5
SM,201630,49620--sample_49620_k141_418151,0.01584816817292761,9.545897188689487e-06,0.49961210240496506
SM,201630,49621--sample_49621_k141_1010389,0.023452400760741718,2.0543203458233242e-05,0.5019485580670304
SM,201630,49620--sample_49620_k141_919365,0.020879876766534508,1.648162045180544e-05,0.5011673151750973
SM,201630,49620--sample_49620_k141_259532,0.0221103540227688,1.8527274307081783e-05,0.5015576323987538
SM,201630,49622--sample_49622_k141_1244156,0.018537400795511926,1.256192462556953e-05,0.5003885003885004
SM,201630,49628--sample_49628_k141_1125359,0.018524656245548388,1.2625809079578127e-05,0.5003885003885004
SM,201630,49623--sample_49623_k141_559190,0.020897520796158028,1.6439496082779178e-05,0.5011673151750973
SM,201630,49623--sample_49623_k141_711938,0.018423509532244087,1.2672586561185165e-05,0.5003885003885004
SM,201630,49620--sample_49620_k141_466066,0.014828418272155993,7.919200187626634e-06,0.4992248062015504
SM,201630,49620--sample_49620_k141_378483,0.02207910707198611,1.8544427853370514e-05,0.5015576323987538
SM,201630,49628--sample_49628_k141_1675224,0.027043555599543762,2.7900101411675526e-05,0.503125
SM,201630,49624--sample_49624_k141_797817,0.024705508160086296,2.2811509610418757e-05,0.5023400936037441
SM,201630,49623--sample_49623_k141_1243082,0.019606254362357786,1.4547330136506492e-05,0.5007776049766719
SM,201630,49623--sample_49623_k141_785898,0.013572990784455202,6.59143131720971e-06,0.4988381099922541
SM,201630,49621--sample_49621_k141_1034486,0.020776643120547833,1.6545024185066315e-05,0.5011673151750973
SM,201630,49620--sample_49620_k141_889730,0.01586644609221285,9.515041134998732e-06,0.49961210240496506
SM,201630,49620--sample_49620_k141_671303,0.022193037933346982,1.838815433256569e-05,0.5015576323987538
SM,201630,49624--sample_49624_k141_567864,0.015854414010063163,9.456081438674396e-06,0.49961210240496506
SM,201630,49620--sample_49620_k141_905364,0.022082752856568872,1.8502158112483047e-05,0.5015576323987538
SM,201630,49620--sample_49620_k141_878908,0.019682601614642276,1.4461086501863328e-05,0.5007776049766719
SM,201630,49620--sample_49620_k141_27744,0.023452619091795083,2.054208932675721e-05,0.5019485580670304
SM,201630,49624--sample_49624_k141_1056874,0.02701062423570607,2.7958880596768443e-05,0.503125
SM,201630,49627--sample_49627_k141_864816,0.02096687305451412,1.6373730133188078e-05,0.5011673151750973
SM,201630,49623--sample_49623_k141_677674,0.02228219485125919,1.8315600173960284e-05,0.5015576323987538
SM,201630,49620--sample_49620_k141_389073,0.018543695205930816,1.2558206860218749e-05,0.5003885003885004
SM,201630,49627--sample_49627_k141_829165,0.020972102640907226,1.6355761572300176e-05,0.5011673151750973
SM,201630,49627--sample_49627_k141_469894,0.013479115710572281,6.65626838905043e-06,0.4988381099922541
SM,201630,49620--sample_49620_k141_882757,0.01599790695954421,9.45132986681105e-06,0.49961210240496506
SM,201630,49621--sample_49621_k141_71256,0.018364996904393215,1.2717246852020765e-05,0.5003885003885004
SM,201630,49620--sample_49620_k141_774058,0.015996322449777393,9.403425434421966e-06,0.49961210240496506
SM,201630,49623--sample_49623_k141_1064114,0.014635051041423796,8.091843011918474e-06,0.4992248062015504
SM,201630,49623--sample_49623_k141_500018,0.018496417731648857,1.2644003051167527e-05,0.5003885003885004
SM,201630,49620--sample_49620_k141_289863,0.018473181822386373,1.2580681096799655e-05,0.5003885003885004
SM,201630,49623--sample_49623_k141_1029074,0.02110478637772052,1.616459541108141e-05,0.5011673151750973
SM,201630,49623--sample_49623_k141_767519,0.01964939543245942,1.453251163042603e-05,0.5007776049766719
SM,201630,49621--sample_49621_k141_584922,0.0222566047207899,1.8350003579604907e-05,0.5015576323987538
SM,201630,49623--sample_49623_k141_779668,0.023261039233343012,2.0757452927888986e-05,0.5019485580670304
SM,201630,49620--sample_49620_k141_491955,0.023249357060755423,2.0805322346117038e-05,0.5019485580670304
SM,201630,49628--sample_49628_k141_1420505,0.023280938422144473,2.0747721700666815e-05,0.5019485580670304
SM,201630,49627--sample_49627_k141_787512,0.017216632325662295,1.104065859328693e-05,0.5
SM,201630,49622--sample_49622_k141_677407,0.017298793286951972,1.0920887023261832e-05,0.5
SM,201630,49620--sample_49620_k141_660138,0.01725872353597936,1.0954172375157607e-05,0.5
SM,201630,49623--sample_49623_k141_854348,0.02587145581983007,2.5297172539218907e-05,0.5027322404371585
SM,201630,49624--sample_49624_k141_725260,0.018617985051476067,1.2514189337749459e-05,0.5003885003885004
SM,201630,49627--sample_49627_k141_117580,0.019697045123162858,1.4429981408896521e-05,0.5007776049766719
SM,201630,49623--sample_49623_k141_1085947,0.01846597031160572,1.268728146408682e-05,0.5003885003885004
SM,201630,49623--sample_49623_k141_1306255,0.018455041063319456,1.2683694425068274e-05,0.5003885003885004
SM,201630,49620--sample_49620_k141_894471,0.020921148725456216,1.6421539806508992e-05,0.5011673151750973
SM,201630,49620--sample_49620_k141_704684,0.019642202918965575,1.4472792401407246e-05,0.5007776049766719
SM,201630,49628--sample_49628_k141_1721245,0.02091422148566383,1.639447488149616e-05,0.5011673151750973
SM,201630,49628--sample_49628_k141_999266,0.019522519055741223,1.4658282317590588e-05,0.5007776049766719
SM,201630,49628--sample_49628_k141_813340,0.020889416970617383,1.6448150974339224e-05,0.5011673151750973
SM,201630,49620--sample_49620_k141_752177,0.018521444071494766,1.2621314340809236e-05,0.5003885003885004
SM,201630,49620--sample_49620_k141_108148,0.023399836961906288,2.0596616880322266e-05,0.5019485580670304
SM,201630,49620--sample_49620_k141_305001,0.01962914060299832,1.4532750802690404e-05,0.5007776049766719
SM,201630,49620--sample_49620_k141_809408,0.022174057692457463,1.8426038059607098e-05,0.5015576323987538
SM,201630,49620--sample_49620_k141_298856,0.015875379889269847,9.510036661627465e-06,0.49961210240496506
SM,201630,49620--sample_49620_k141_845971,0.019598670870677175,1.4565781524161103e-05,0.5007776049766719
SM,201630,49620--sample_49620_k141_473883,0.017166312478079777,1.107282270465514e-05,0.5
SM,201630,49623--sample_49623_k141_1322247,0.022115862191962644,1.848980061522217e-05,0.5015576323987538
SM,201630,49623--sample_49623_k141_1050270,0.019698968965587652,1.4423061865706064e-05,0.5007776049766719
SM,201630,49627--sample_49627_k141_741011,0.02345256523748099,2.0528019095905606e-05,0.5019485580670304
SM,201630,49620--sample_49620_k141_880152,0.01604601526907309,9.385572124178815e-06,0.49961210240496506
SM,201630,49620--sample_49620_k141_311412,0.02094118555261467,1.6365542719951723e-05,0.5011673151750973
SM,201630,49627--sample_49627_k141_604251,0.018451960260643527,1.2679377242985394e-05,0.5003885003885004
SM,201630,49620--sample_49620_k141_862254,0.013502592937628238,6.697524891803211e-06,0.4988381099922541
SM,201630,49620--sample_49620_k141_858421,0.018532611368651024,1.2599184172992662e-05,0.5003885003885004
SM,201630,49628--sample_49628_k141_1354571,0.01842633147439496,1.2743902090053694e-05,0.5003885003885004
SM,201630,49623--sample_49623_k141_974752,0.014739377623566616,8.000326094407992e-06,0.4992248062015504
SM,201630,49625--sample_49625_k141_104980,0.021068025700052954,1.62126205329267e-05,0.5011673151750973
SM,201630,49620--sample_49620_k141_897547,0.022186910156521224,1.837747895402877e-05,0.5015576323987538
SM,201630,49623--sample_49623_k141_305095,0.021030604698295367,1.6285372806163538e-05,0.5011673151750973
SM,201630,49620--sample_49620_k141_707658,0.020876892523838467,1.644802498139149e-05,0.5011673151750973
SM,201630,49620--sample_49620_k141_464296,0.022202891988003796,1.834190648735759e-05,0.5015576323987538
SM,201630,49620--sample_49620_k141_58738,0.018394042713486394,1.2737929715026882e-05,0.5003885003885004
SM,201630,49620--sample_49620_k141_221339,0.013487218089017854,6.643291064508955e-06,0.4988381099922541
SM,201630,49620--sample_49620_k141_519009,0.018392895409262644,1.272457391413056e-05,0.5003885003885004
SM,201630,49620--sample_49620_k141_785591,0.022265112497094074,1.8327258670401995e-05,0.5015576323987538
SM,201630,49620--sample_49620_k141_545144,0.020919808464527123,1.6418385868052196e-05,0.5011673151750973
SM,201630,49627--sample_49627_k141_689341,0.022069820554588976,1.8511997906080824e-05,0.5015576323987538
SM,201630,49628--sample_49628_k141_443953,0.022133295824279645,1.8432528841734556e-05,0.5015576323987538
SM,201630,49623--sample_49623_k141_909731,0.022164513126670955,1.8409471766068583e-05,0.5015576323987538
SM,201630,49623--sample_49623_k141_745389,0.023251842936710208,2.0746178924821483e-05,0.5019485580670304
SM,201630,49620--sample_49620_k141_123959,0.02472537754897621,2.28135948494907e-05,0.5023400936037441
SM,201630,49621--sample_49621_k141_18954,0.01718773751902128,1.1028224359257632e-05,0.5
SM,201630,49620--sample_49620_k141_611392,0.020835360995651454,1.6450945841980015e-05,0.5011673151750973
SM,201630,49620--sample_49620_k141_34923,0.020835481980322475,1.6504055639934632e-05,0.5011673151750973
SM,201630,49627--sample_49627_k141_825498,0.017143357867189173,1.1100839500804714e-05,0.5
SM,201630,49620--sample_49620_k141_426288,0.013597229727838028,6.590843864946543e-06,0.4988381099922541
SM,201630,49620--sample_49620_k141_797190,0.020886616972717063,1.639969432271646e-05,0.5011673151750973
SM,201630,49620--sample_49620_k141_878757,0.025826709717478327,2.5409566228905028e-05,0.5027322404371585
SM,201630,49620--sample_49620_k141_612686,0.017115716268832418,1.1085559760403748e-05,0.5
SM,201630,49620--sample_49620_k141_336042,0.01729740500284459,1.0917892154140595e-05,0.5
SM,201630,49628--sample_49628_k141_1344925,0.014861886829066974,7.880554008826639e-06,0.4992248062015504
SM,201630,49621--sample_49621_k141_767634,0.014685729172610051,8.03195489919128e-06,0.4992248062015504
SM,201630,49628--sample_49628_k141_1441280,0.01960278246347318,1.4526406706557215e-05,0.5007776049766719
SM,201630,49625--sample_49625_k141_424543,0.018391997489273098,1.2714242808111268e-05,0.5003885003885004
SM,201630,49627--sample_49627_k141_63191,0.01950663336764168,1.4671793623588303e-05,0.5007776049766719
SM,201630,49623--sample_49623_k141_142584,0.01729804316779631,1.0924501831574e-05,0.5
SM,201630,49620--sample_49620_k141_634331,0.018477708540768016,1.2675795500401818e-05,0.5003885003885004
SM,201630,49622--sample_49622_k141_237199,0.022179260541124634,1.8403109297207074e-05,0.5015576323987538
SM,201630,49623--sample_49623_k141_447354,0.019599575278828846,1.4609468988230406e-05,0.5007776049766719
SM,201630,49620--sample_49620_k141_400844,0.0182657618337228,1.2833098710359174e-05,0.5003885003885004
SM,201630,49620--sample_49620_k141_458278,0.020740358192060323,1.6605390230700958e-05,0.5011673151750973
SM,201630,49623--sample_49623_k141_1350425,0.01734550452589226,1.0903137313991929e-05,0.5
SM,201630,49620--sample_49620_k141_611969,0.014790844855878706,7.972646328400625e-06,0.4992248062015504
SM,201630,49620--sample_49620_k141_109507,0.01725203167832159,1.0915015873885949e-05,0.5
SM,201630,49623--sample_49623_k141_1060122,0.018420698654130457,1.2686127250747093e-05,0.5003885003885004
SM,201630,49627--sample_49627_k141_875042,0.024581235188904878,2.2958400989963815e-05,0.5023400936037441
SM,201630,49628--sample_49628_k141_169027,0.02094986658974217,1.6382254882827707e-05,0.5011673151750973
SM,201630,49623--sample_49623_k141_604689,0.018434187553997776,1.270846347821687e-05,0.5003885003885004
SM,201630,49623--sample_49623_k141_735064,0.018487420509285868,1.2681218112379386e-05,0.5003885003885004
SM,201630,49623--sample_49623_k141_182928,0.02340989043907266,2.059853658021195e-05,0.5019485580670304
SM,201630,49628--sample_49628_k141_544373,0.016022240785933138,9.398621973521515e-06,0.49961210240496506
SM,201630,49623--sample_49623_k141_629916,0.019799489286932103,1.4377249830947708e-05,0.5007776049766719
SM,201630,49624--sample_49624_k141_503759,0.020839409259277446,1.6524960833110456e-05,0.5011673151750973
SM,201630,49623--sample_49623_k141_659201,0.017112436121136644,1.1073162667846556e-05,0.5
SM,201630,49620--sample_49620_k141_106568,0.022163247053296198,1.8463235164342832e-05,0.5015576323987538
SM,201630,49623--sample_49623_k141_906484,0.013454414635129402,6.698943439046076e-06,0.4988381099922541
SM,201630,49620--sample_49620_k141_378030,0.023491587373681507,2.0496002009504913e-05,0.5019485580670304
SM,201630,49623--sample_49623_k141_1305944,0.01844118000670074,1.2697239765967284e-05,0.5003885003885004
SM,201630,49623--sample_49623_k141_1375097,0.016037982605201194,9.323450936816166e-06,0.49961210240496506
SM,201630,49625--sample_49625_k141_244511,0.020963515747154646,1.629883991363323e-05,0.5011673151750973
SM,201630,49620--sample_49620_k141_639941,0.018599858315677963,1.254070396576476e-05,0.5003885003885004
SM,201630,49623--sample_49623_k141_435193,0.020870976798057463,1.6445649461813298e-05,0.5011673151750973
SM,201630,49627--sample_49627_k141_356105,0.022200536463183432,1.8343797036051746e-05,0.5015576323987538
SM,201630,49623--sample_49623_k141_1038317,0.015918473830954464,9.427691571643e-06,0.49961210240496506
SM,201630,49627--sample_49627_k141_663776,0.01710037551090247,1.1111750456756395e-05,0.5
SM,201630,49620--sample_49620_k141_417201,0.023407611013133007,2.0618946223657782e-05,0.5019485580670304
SM,201630,49620--sample_49620_k141_745399,0.01713548323832824,1.1071378719779529e-05,0.5
SM,201630,49621--sample_49621_k141_829693,0.019651844675302226,1.451623111748187e-05,0.5007776049766719
SM,201630,49623--sample_49623_k141_649493,0.023419124664397016,2.0593035161776273e-05,0.5019485580670304
SM,201630,49620--sample_49620_k141_779465,0.01587490515092157,9.49117801161215e-06,0.49961210240496506
SM,201630,49621--sample_49621_k141_1073290,0.017185409672011907,1.1006478742852372e-05,0.5
SM,201630,49620--sample_49620_k141_370309,0.018364062165843503,1.2761624491059164e-05,0.5003885003885004
SM,201630,49628--sample_49628_k141_1201807,0.017226198252338416,1.0948112586065434e-05,0.5
SM,201630,49620--sample_49620_k141_436252,0.013425731524781416,6.70842040824054e-06,0.4988381099922541
SM,201630,49620--sample_49620_k141_709318,0.024665344428802527,2.2793159990471795e-05,0.5023400936037441
SM,201630,49620--sample_49620_k141_838211,0.015979778423535217,9.40797028190938e-06,0.49961210240496506
SM,201630,49620--sample_49620_k141_336741,0.017103005860180938,1.1096033961234178e-05,0.5
SM,201630,49627--sample_49627_k141_882587,0.01844641114262556,1.267828677395348e-05,0.5003885003885004
SM,201630,49626--sample_49626_k141_299629,0.021031705796829725,1.627751345879316e-05,0.5011673151750973
SM,201630,49620--sample_49620_k141_126210,0.017103256024934597,1.1047610717702695e-05,0.5
SM,201630,49627--sample_49627_k141_340580,0.020872103111621153,1.6430619004638065e-05,0.5011673151750973
SM,201630,49621--sample_49621_k141_1098185,0.019707509805111552,1.4442340062124905e-05,0.5007776049766719
SM,201630,49620--sample_49620_k141_443929,0.0123076528831081,5.400339820101983e-06,0.4984520123839009
SM,201630,49628--sample_49628_k141_1264346,0.023337708821478276,2.0685823647496512e-05,0.5019485580670304
SM,201630,49624--sample_49624_k141_808763,0.017228984707323185,1.0947624120581715e-05,0.5
SM,201630,49623--sample_49623_k141_620155,0.018519055449734464,1.2579863351436367e-05,0.5003885003885004
SM,201630,49623--sample_49623_k141_504674,0.01470867366994367,7.976273746746689e-06,0.4992248062015504
SM,201630,49621--sample_49621_k141_806044,0.019712269463354047,1.4423281975748656e-05,0.5007776049766719
SM,201630,49623--sample_49623_k141_955947,0.023303772058480308,2.068137530802397e-05,0.5019485580670304
SM,201630,49623--sample_49623_k141_639263,0.0209349238725008,1.6381391059654512e-05,0.5011673151750973
SM,201630,49620--sample_49620_k141_293767,0.013505822515340195,6.645174454885475e-06,0.4988381099922541
SM,201630,49620--sample_49620_k141_585705,0.015874973106450363,9.53706404893611e-06,0.49961210240496506
SM,201630,49620--sample_49620_k141_748976,0.019634057527419587,1.4529946351843199e-05,0.5007776049766719
SM,201630,49620--sample_49620_k141_25330,0.01842007275298376,1.266354244558621e-05,0.5003885003885004
SM,201630,49627--sample_49627_k141_661679,0.021989228140418964,1.859064937621394e-05,0.5015576323987538
SM,201630,49620--sample_49620_k141_623844,0.014828993741420394,7.912094061873223e-06,0.4992248062015504
SM,201630,49620--sample_49620_k141_122298,0.01847140441006628,1.2640049000177128e-05,0.5003885003885004
SM,201630,49623--sample_49623_k141_832889,0.020867378881242557,1.639973199965901e-05,0.5011673151750973
SM,201630,49623--sample_49623_k141_1005056,0.01847239115202792,1.2622715405224792e-05,0.5003885003885004
SM,201630,49620--sample_49620_k141_895151,0.021024141792049065,1.626894953965053e-05,0.5011673151750973
SM,201630,49620--sample_49620_k141_807767,0.019813273201244947,1.4373262143266056e-05,0.5007776049766719
SM,201630,49623--sample_49623_k141_941570,0.016128029956354643,9.333716559741285e-06,0.49961210240496506
SM,201630,49628--sample_49628_k141_1852,0.022239397424612152,1.8342358677118898e-05,0.5015576323987538
SM,201630,49623--sample_49623_k141_1218155,0.018456568757272133,1.2672022187738998e-05,0.5003885003885004
SM,201630,49620--sample_49620_k141_531304,0.023230874961146068,2.0798614220236006e-05,0.5019485580670304
SM,201630,49620--sample_49620_k141_525399,0.013655741369243808,6.580202016656212e-06,0.4988381099922541
SM,201630,49627--sample_49627_k141_867888,0.018456397869842163,1.267942102197754e-05,0.5003885003885004
SM,201630,49628--sample_49628_k141_1292410,0.019751024613400368,1.4424805980402718e-05,0.5007776049766719
SM,201630,49624--sample_49624_k141_367618,0.02209198471929864,1.8522504514325123e-05,0.5015576323987538
SM,201630,49620--sample_49620_k141_336437,0.023487692430699196,2.053430433556197e-05,0.5019485580670304
SM,201630,49620--sample_49620_k141_300555,0.020885297618777755,1.646506113319156e-05,0.5011673151750973
SM,201630,49623--sample_49623_k141_932595,0.01965614544549313,1.4483573892495458e-05,0.5007776049766719
SM,201630,49624--sample_49624_k141_886731,0.022060172948431114,1.855634927393882e-05,0.5015576323987538
SM,201630,49628--sample_49628_k141_896519,0.02345507991008241,2.0488108287293423e-05,0.5019485580670304
SM,201630,49620--sample_49620_k141_537973,0.01845655239792822,1.2646175341077555e-05,0.5003885003885004
SM,201630,49620--sample_49620_k141_241114,0.013592148184783538,6.58295907606933e-06,0.4988381099922541
SM,201630,49621--sample_49621_k141_675292,0.019703007054084596,1.4438832763280282e-05,0.5007776049766719
SM,201630,49620--sample_49620_k141_713240,0.018443259320541597,1.2681499201221406e-05,0.5003885003885004
SM,201630,49628--sample_49628_k141_1335931,0.02330988021952178,2.0765424689605052e-05,0.5019485580670304
SM,201630,49628--sample_49628_k141_1578820,0.01846502784753621,1.2638336180399355e-05,0.5003885003885004
SM,201630,49623--sample_49623_k141_595193,0.019633391210521926,1.4509354554780258e-05,0.5007776049766719
SM,201630,49620--sample_49620_k141_345775,0.018563248276229596,1.2580114543539651e-05,0.5003885003885004
SM,201630,49628--sample_49628_k141_1486095,0.019775077617227747,1.4374467915189058e-05,0.5007776049766719
SM,201630,49623--sample_49623_k141_635168,0.015938248120201472,9.404513668246227e-06,0.49961210240496506
SM,201630,49624--sample_49624_k141_857349,0.022182611273882224,1.8436225870716873e-05,0.5015576323987538
SM,201630,49623--sample_49623_k141_921694,0.016031477348240765,9.361862712825752e-06,0.49961210240496506
SM,201630,49628--sample_49628_k141_870812,0.018256651113246574,1.2836313908511175e-05,0.5003885003885004
SM,201630,49620--sample_49620_k141_810609,0.018447350900677492,1.2633164445087846e-05,0.5003885003885004
SM,201630,49628--sample_49628_k141_729278,0.024666751760490994,2.285864758732396e-05,0.5023400936037441
SM,201630,49623--sample_49623_k141_805715,0.019645658662293737,1.4552902746106633e-05,0.5007776049766719
SM,201630,49623--sample_49623_k141_1004039,0.01848121515160188,1.266186889202943e-05,0.5003885003885004
SM,201630,49623--sample_49623_k141_783197,0.01608857875281272,9.341299430913045e-06,0.49961210240496506
SM,201630,49623--sample_49623_k141_375876,0.019668266239412407,1.448823603102438e-05,0.5007776049766719
SM,201630,49620--sample_49620_k141_409549,0.0196674899096104,1.4437412492554012e-05,0.5007776049766719
SM,201630,49628--sample_49628_k141_1401107,0.022006140914380502,1.858754488951051e-05,0.5015576323987538
SM,201630,49623--sample_49623_k141_544588,0.017156733638936564,1.106616175069911e-05,0.5
SM,201630,49620--sample_49620_k141_402231,0.020959127611065387,1.6386970632194972e-05,0.5011673151750973
SM,201630,49623--sample_49623_k141_985280,0.016052562044592034,9.363498173789101e-06,0.49961210240496506
SM,201630,49623--sample_49623_k141_91927,0.023433642295743542,2.0526865208705506e-05,0.5019485580670304
SM,201630,49623--sample_49623_k141_1330012,0.024550186823806705,2.2947404147564186e-05,0.5023400936037441
SM,201630,49620--sample_49620_k141_596290,0.019699204223065894,1.450245917332876e-05,0.5007776049766719
SM,201630,49628--sample_49628_k141_1712723,0.019582769194544443,1.4579206847852373e-05,0.5007776049766719
SM,201630,49623--sample_49623_k141_1131227,0.020879858760854207,1.6402330173626486e-05,0.5011673151750973
SM,201630,49627--sample_49627_k141_313292,0.019693999650213272,1.4475932059649652e-05,0.5007776049766719
SM,201630,49620--sample_49620_k141_209439,0.023366927676799022,2.069036238200611e-05,0.5019485580670304
SM,201630,49627--sample_49627_k141_512927,0.020906019298306867,1.6425685346524482e-05,0.5011673151750973
SM,201630,49620--sample_49620_k141_780576,0.01608489425101795,9.349360654885901e-06,0.49961210240496506
SM,201630,49620--sample_49620_k141_680328,0.01702708191167467,1.113902981417629e-05,0.5
SM,201630,49620--sample_49620_k141_471906,0.020927000890978518,1.641709443855515e-05,0.5011673151750973
SM,201630,49620--sample_49620_k141_1427,0.016096871729258055,9.308807021873346e-06,0.49961210240496506
SM,201630,49627--sample_49627_k141_576506,0.017313010866995486,1.0946114814086942e-05,0.5
SM,201630,49624--sample_49624_k141_183073,0.018404560678715848,1.2697178931927459e-05,0.5003885003885004
SM,201630,49623--sample_49623_k141_440584,0.017316178762477572,1.0916208251745083e-05,0.5
SM,201630,49620--sample_49620_k141_596468,0.019581826561258155,1.4585283289981027e-05,0.5007776049766719
SM,201630,49620--sample_49620_k141_180772,0.0172095796861578,1.097041083094829e-05,0.5
SM,201630,49623--sample_49623_k141_450039,0.017080669218943474,1.1062358392851443e-05,0.5
SM,201630,49620--sample_49620_k141_267223,0.017283349499694203,1.0902800073504525e-05,0.5
SM,201630,49627--sample_49627_k141_739479,0.0160723452376766,9.305906671230265e-06,0.49961210240496506
SM,201630,49620--sample_49620_k141_400183,0.017247707707616775,1.1017089291686105e-05,0.5
SM,201630,49620--sample_49620_k141_670690,0.018590704902898676,1.2525744804311355e-05,0.5003885003885004
SM,201630,49623--sample_49623_k141_259650,0.019764731400907946,1.4401513346856385e-05,0.5007776049766719
SM,201630,49623--sample_49623_k141_549495,0.020815226833329644,1.644105821727435e-05,0.5011673151750973
SM,201630,49620--sample_49620_k141_776021,0.01963984301208036,1.4505830725770065e-05,0.5007776049766719
SM,201630,49620--sample_49620_k141_196964,0.024678395230819754,2.2868147446615727e-05,0.5023400936037441
SM,201630,49620--sample_49620_k141_840562,0.02221246972396382,1.8362604714880612e-05,0.5015576323987538
SM,201630,49623--sample_49623_k141_518176,0.018494568679901582,1.2660185932502124e-05,0.5003885003885004
SM,201630,49627--sample_49627_k141_654175,0.01850887843031359,1.2596185517328766e-05,0.5003885003885004
SM,201630,49627--sample_49627_k141_414467,0.023376564160769907,2.060285082424455e-05,0.5019485580670304
SM,201630,49623--sample_49623_k141_1247076,0.0196266836776932,1.448936931757595e-05,0.5007776049766719
SM,201630,49620--sample_49620_k141_374157,0.01831351546388607,1.2843185447528836e-05,0.5003885003885004
SM,201630,49620--sample_49620_k141_275674,0.012193285273973797,5.49378433176436e-06,0.4984520123839009
SM,201630,49620--sample_49620_k141_577314,0.016069456147208717,9.356673995335043e-06,0.49961210240496506
SM,201630,49620--sample_49620_k141_378471,0.02194337274537317,1.8654172956901528e-05,0.5015576323987538
SM,201630,49624--sample_49624_k141_942387,0.0221554815005566,1.8493625746170107e-05,0.5015576323987538
SM,201630,49628--sample_49628_k141_1506561,0.018557994682160243,1.2565599477629708e-05,0.5003885003885004
SM,201630,49624--sample_49624_k141_837100,0.019520945214455132,1.4654862663131053e-05,0.5007776049766719
SM,201630,49620--sample_49620_k141_697673,0.014711687425793221,8.01014351926515e-06,0.4992248062015504
SM,201630,49623--sample_49623_k141_837177,0.023335192944416442,2.0715214180910414e-05,0.5019485580670304
SM,201630,49623--sample_49623_k141_274362,0.02212747408318134,1.850678806103808e-05,0.5015576323987538
SM,201630,49623--sample_49623_k141_283253,0.018499754894460634,1.2602941810117191e-05,0.5003885003885004
SM,201630,49623--sample_49623_k141_379355,0.019590627062147262,1.4586162693399132e-05,0.5007776049766719
SM,201630,49623--sample_49623_k141_180157,0.02340337647988993,2.0616722564752792e-05,0.5019485580670304
SM,201630,49620--sample_49620_k141_475809,0.019820210420234484,1.4299441807816097e-05,0.5007776049766719
SM,201630,49623--sample_49623_k141_739376,0.023373811970588406,2.0675871244359797e-05,0.5019485580670304
SM,201630,49621--sample_49621_k141_178506,0.011149202298635329,4.323397269110883e-06,0.49768160741885625
SM,201630,49620--sample_49620_k141_588205,0.019731455539301956,1.448734969380148e-05,0.5007776049766719
SM,201630,49623--sample_49623_k141_762414,0.013494060759386839,6.659963099868235e-06,0.4984520123839009
SM,201630,49620--sample_49620_k141_308469,0.017275877441437135,1.0913344746562813e-05,0.5
SM,201630,49620--sample_49620_k141_344961,0.017168056163146112,1.1015421724133154e-05,0.5
SM,201630,49628--sample_49628_k141_960275,0.016139714263427044,9.321168843606744e-06,0.49961210240496506
SM,201630,49628--sample_49628_k141_1438869,0.023420898555803156,2.057778185759382e-05,0.5019485580670304
SM,201630,49620--sample_49620_k141_216516,0.0148027253717621,7.941627802693643e-06,0.4992248062015504
SM,201630,49620--sample_49620_k141_140542,0.016030820228883965,9.420814223393632e-06,0.49961210240496506
SM,201630,49620--sample_49620_k141_350606,0.01721437809702019,1.0961375495225383e-05,0.5
SM,201630,49622--sample_49622_k141_541922,0.017252425181547862,1.0930941857415528e-05,0.5
SM,201630,49620--sample_49620_k141_562938,0.028303967663363464,3.0500654017764183e-05,0.5035183737294762
SM,201630,49620--sample_49620_k141_345569,0.018387184901687174,1.2711790407040053e-05,0.5003885003885004
SM,201630,49620--sample_49620_k141_268279,0.023411241051674622,2.0613106124321334e-05,0.5019485580670304
SM,201630,49620--sample_49620_k141_280585,0.013378442198311913,6.711504936736416e-06,0.4988381099922541
SM,201630,49627--sample_49627_k141_725460,0.0245693756489968,2.295338862005755e-05,0.5023400936037441
SM,201630,49628--sample_49628_k141_884471,0.017226508390811145,1.0932908661351418e-05,0.5
SM,201630,49628--sample_49628_k141_389027,0.013509437812910554,6.628329373146289e-06,0.4984520123839009
SM,201630,49620--sample_49620_k141_868983,0.01732955800062807,1.0882993866937457e-05,0.5
SM,201630,49623--sample_49623_k141_441108,0.017184930212596258,1.100474999796759e-05,0.5
SM,201630,49620--sample_49620_k141_469999,0.019683978187777253,1.442258216443354e-05,0.5007776049766719
SM,201630,49620--sample_49620_k141_853803,0.018380400390292335,1.2756652057186306e-05,0.5003885003885004
SM,201630,49620--sample_49620_k141_848181,0.019599192964438333,1.4543962334068013e-05,0.5007776049766719
SM,201630,49627--sample_49627_k141_696542,0.016010506317519012,9.38294014960223e-06,0.49961210240496506
SM,201630,49620--sample_49620_k141_794699,0.018403471334433638,1.2693333695360488e-05,0.5003885003885004
SM,201630,49620--sample_49620_k141_614701,0.02219661363066872,1.8435845269451603e-05,0.5015576323987538
SM,201630,49620--sample_49620_k141_175692,0.019706800250721777,1.4487750702367391e-05,0.5007776049766719
SM,201630,49625--sample_49625_k141_399547,0.02075127276337876,1.659872162212254e-05,0.5011673151750973
SM,201630,49620--sample_49620_k141_714399,0.024449225957936114,2.315437362689301e-05,0.5023400936037441
SM,201630,49628--sample_49628_k141_1350362,0.020950754516146412,1.6366386235896414e-05,0.5011673151750973
SM,201630,49620--sample_49620_k141_642954,0.02100938698400262,1.638706140128653e-05,0.5011673151750973
SM,201630,49628--sample_49628_k141_1269653,0.01723561390198656,1.0965415511590337e-05,0.5
SM,201630,49628--sample_49628_k141_1723366,0.01838510497365899,1.2720976794032056e-05,0.5003885003885004
SM,201630,49622--sample_49622_k141_970025,0.01718837481174268,1.1013067041577667e-05,0.5
SM,201630,49627--sample_49627_k141_421323,0.012389306372021422,5.37261030678832e-06,0.4980665119876257
SM,201630,49628--sample_49628_k141_1029201,0.01607400390389837,9.362116251050035e-06,0.49961210240496506
SM,201630,49628--sample_49628_k141_1211821,0.019786160615819892,1.4355266992043233e-05,0.5007776049766719
SM,201630,49622--sample_49622_k141_822455,0.019766652771242565,1.437206098694935e-05,0.5007776049766719
SM,201630,49620--sample_49620_k141_584834,0.01580262787878534,9.511543433487813e-06,0.49961210240496506
SM,201630,49620--sample_49620_k141_750463,0.018313082712729523,1.2811943603036599e-05,0.5003885003885004
SM,201630,49623--sample_49623_k141_19062,0.020914340528500587,1.6448456922111904e-05,0.5011673151750973
SM,201630,49628--sample_49628_k141_1303741,0.018427780841223134,1.2647904120475353e-05,0.5003885003885004
SM,201630,49627--sample_49627_k141_598482,0.014817427570754082,7.865563796365852e-06,0.4992248062015504
SM,201630,49623--sample_49623_k141_1355655,0.024557028395434426,2.2994590037782925e-05,0.5023400936037441
SM,201630,49623--sample_49623_k141_303771,0.019577605130434165,1.457354359217798e-05,0.5007776049766719
SM,201630,49620--sample_49620_k141_609283,0.02218183720663792,1.8382779675204496e-05,0.5015576323987538
SM,201630,49628--sample_49628_k141_1400465,0.02319396091213135,2.0842177831860035e-05,0.5019485580670304
SM,201630,49621--sample_49621_k141_1077144,0.02088278788331605,1.639431807396008e-05,0.5011673151750973
SM,201630,49620--sample_49620_k141_175085,0.020965472280814683,1.6381907477985004e-05,0.5011673151750973
SM,201630,49620--sample_49620_k141_473245,0.021021396622329987,1.6253382668240528e-05,0.5011673151750973
SM,201630,49628--sample_49628_k141_751758,0.01728726642706302,1.0946308481904498e-05,0.5
SM,201630,49620--sample_49620_k141_529134,0.02342334917132035,2.0581510529980638e-05,0.5019485580670304
SM,201630,49623--sample_49623_k141_854320,0.019766326117532138,1.4370453709221905e-05,0.5007776049766719
SM,201630,49620--sample_49620_k141_479378,0.02090763376896121,1.6464099986706635e-05,0.5011673151750973
SM,201630,49623--sample_49623_k141_485845,0.019604644957973157,1.4553690456998514e-05,0.5007776049766719
SM,201630,49623--sample_49623_k141_1104290,0.01859183284214945,1.2510972490298702e-05,0.5003885003885004
SM,201630,49620--sample_49620_k141_802175,0.022121146280433563,1.85241881329959e-05,0.5015576323987538
SM,201630,49620--sample_49620_k141_708196,0.019691859669012955,1.4421314838753053e-05,0.5007776049766719
SM,201630,49623--sample_49623_k141_239529,0.018345213152504578,1.2763071425337341e-05,0.5003885003885004
SM,201630,49627--sample_49627_k141_524154,0.019664776622870764,1.4530452543809565e-05,0.5007776049766719
SM,201630,49627--sample_49627_k141_871592,0.020904571993828253,1.64593316340386e-05,0.5011673151750973
SM,201630,49624--sample_49624_k141_462272,0.01850251880420327,1.260551432329297e-05,0.5003885003885004
SM,201630,49620--sample_49620_k141_609029,0.02704201841350457,2.7903921238661406e-05,0.503125
SM,201630,49627--sample_49627_k141_650344,0.017231896203863607,1.099732221115393e-05,0.5
SM,201630,49620--sample_49620_k141_792699,0.015988795384174113,9.402410627968508e-06,0.49961210240496506
SM,201630,49620--sample_49620_k141_882729,0.022074068752220254,1.8477480203548406e-05,0.5015576323987538
SM,201630,49620--sample_49620_k141_510128,0.01854112263808331,1.2552679598510696e-05,0.5003885003885004
SM,201630,49620--sample_49620_k141_828425,0.019641794918432452,1.459661420105635e-05,0.5007776049766719
SM,201630,49623--sample_49623_k141_973496,0.016023739466808934,9.360712915643683e-06,0.49961210240496506
SM,201630,49623--sample_49623_k141_593582,0.018490073504435416,1.2620738172958304e-05,0.5003885003885004
SM,201630,49621--sample_49621_k141_409291,0.020872075363869216,1.6493868993997684e-05,0.5011673151750973
SM,201630,49620--sample_49620_k141_700704,0.022197747559389573,1.8424756601116362e-05,0.5015576323987538
SM,201630,49623--sample_49623_k141_1317120,0.018424248571373963,1.2677434798136843e-05,0.5003885003885004
SM,201630,49623--sample_49623_k141_727605,0.023368079985121252,2.060537072995417e-05,0.5019485580670304
SM,201630,49628--sample_49628_k141_1487610,0.018463839368671197,1.2682833423878611e-05,0.5003885003885004
SM,201630,49627--sample_49627_k141_858468,0.018429439542501008,1.2657208876472148e-05,0.5003885003885004
SM,201630,49623--sample_49623_k141_170441,0.017336945479255003,1.0850358600938641e-05,0.5
SM,201630,49628--sample_49628_k141_1767191,0.017108511887803116,1.1058658191713752e-05,0.5
SM,201630,49627--sample_49627_k141_190321,0.019778813927327787,1.434508368755209e-05,0.5007776049766719
SM,201630,49627--sample_49627_k141_749238,0.0210286486768596,1.6281430050459465e-05,0.5011673151750973
SM,201630,49620--sample_49620_k141_552424,0.01838027320663476,1.272801836620806e-05,0.5003885003885004
SM,201630,49623--sample_49623_k141_828017,0.0221455614839765,1.8435181760284048e-05,0.5015576323987538
SM,201630,49627--sample_49627_k141_462720,0.01827785088219559,1.2830993103540437e-05,0.5003885003885004
SM,201630,49621--sample_49621_k141_762393,0.013539489431371714,6.609767978258164e-06,0.4988381099922541
SM,201630,49620--sample_49620_k141_900294,0.02223705644369348,1.8361065389942866e-05,0.5015576323987538
SM,201630,49621--sample_49621_k141_452052,0.016017481136151705,9.383443135656709e-06,0.49961210240496506
SM,201630,49621--sample_49621_k141_784926,0.01964012585893847,1.4510789507738355e-05,0.5007776049766719
SM,201630,49620--sample_49620_k141_464073,0.02470972359116628,2.2797598433955173e-05,0.5023400936037441
SM,201630,49623--sample_49623_k141_402753,0.022145058761275916,1.8478575235671496e-05,0.5015576323987538
SM,201630,49626--sample_49626_k141_514911,0.023308792229716848,2.0736807122132722e-05,0.5019485580670304
SM,201630,49620--sample_49620_k141_89916,0.01483591616625783,7.895561884024749e-06,0.4992248062015504
SM,201630,49621--sample_49621_k141_394250,0.022237977570181654,1.8336610510181524e-05,0.5015576323987538
SM,201630,49621--sample_49621_k141_806897,0.016093996982890442,9.320575149276542e-06,0.49961210240496506
SM,201630,49628--sample_49628_k141_934206,0.017106588356280324,1.1103373296090106e-05,0.5
SM,201630,49628--sample_49628_k141_1580996,0.024499618398628176,2.3048996366816107e-05,0.5023400936037441
SM,201630,49623--sample_49623_k141_731714,0.018372662788991564,1.2764741728520321e-05,0.5003885003885004
SM,201630,49623--sample_49623_k141_770561,0.02466294584705085,2.2861465427004835e-05,0.5023400936037441
SM,201630,49627--sample_49627_k141_829391,0.01603422244504497,9.325725637433162e-06,0.49961210240496506
SM,201630,49627--sample_49627_k141_571973,0.020768028130590224,1.657612183585558e-05,0.5011673151750973
SM,201630,49620--sample_49620_k141_93113,0.019759916617765452,1.4432133214984782e-05,0.5007776049766719
SM,201630,49623--sample_49623_k141_687281,0.021963130014839204,1.86344037265665e-05,0.5015576323987538
SM,201630,49626--sample_49626_k141_590008,0.014828779925026963,7.875034156103657e-06,0.4992248062015504
SM,201630,49620--sample_49620_k141_895379,0.01730039247737436,1.0918354819910728e-05,0.5
SM,201630,49620--sample_49620_k141_98203,0.02330864144305198,2.06613672544763e-05,0.5019485580670304
SM,201630,49625--sample_49625_k141_188852,0.019621876632045742,1.4527913467584138e-05,0.5007776049766719
SM,201630,49620--sample_49620_k141_313162,0.019637149609098306,1.4511178278608355e-05,0.5007776049766719
SM,201630,49627--sample_49627_k141_276556,0.02092224495259023,1.6381975560940663e-05,0.5011673151750973
SM,201630,49628--sample_49628_k141_1632557,0.015896313272986268,9.463031661768324e-06,0.49961210240496506
SM,201630,49623--sample_49623_k141_1254467,0.023357456022805836,2.066909568318588e-05,0.5019485580670304
SM,201630,49623--sample_49623_k141_824443,0.024577023370311916,2.2936137813869595e-05,0.5023400936037441
SM,201630,49620--sample_49620_k141_806638,0.024668427519973987,2.28732671272964e-05,0.5023400936037441
SM,201630,49620--sample_49620_k141_304248,0.014756245743067919,7.917512128216832e-06,0.4992248062015504
SM,201630,49620--sample_49620_k141_174776,0.017205602857930064,1.1013571450294341e-05,0.5
SM,201630,49620--sample_49620_k141_347387,0.02086941111667999,1.6464399906629174e-05,0.5011673151750973
SM,201630,49627--sample_49627_k141_177413,0.01973611721047401,1.4470472064137331e-05,0.5007776049766719
SM,201630,49620--sample_49620_k141_386392,0.018554481753260806,1.2563334348506799e-05,0.5003885003885004
SM,201630,49620--sample_49620_k141_822760,0.019651585322099225,1.4498995615390649e-05,0.5007776049766719
SM,201630,49627--sample_49627_k141_319949,0.017043681569811737,1.1177308360196242e-05,0.5
SM,201630,49620--sample_49620_k141_343081,0.022239586443650976,1.8346140883017966e-05,0.5015576323987538
SM,201630,49620--sample_49620_k141_629202,0.01962729979532707,1.4470528736248913e-05,0.5007776049766719
SM,201630,49620--sample_49620_k141_300959,0.023451743170423655,2.052555388592861e-05,0.5019485580670304
SM,201630,49628--sample_49628_k141_964811,0.019583973724466578,1.4581330674662743e-05,0.5007776049766719
SM,201630,49620--sample_49620_k141_498807,0.018435617689754085,1.2702137819080338e-05,0.5003885003885004
SM,201630,49627--sample_49627_k141_729568,0.019762547608692258,1.4404132449525685e-05,0.5007776049766719
SM,201630,49623--sample_49623_k141_744433,0.02472653591987929,2.276918389252467e-05,0.5023400936037441
SM,201630,49627--sample_49627_k141_633653,0.01964205453064012,1.453796377344121e-05,0.5007776049766719
SM,201630,49620--sample_49620_k141_883152,0.020829306799085574,1.652126070585336e-05,0.5011673151750973
SM,201630,49627--sample_49627_k141_515529,0.022132551115540043,1.8539450715066265e-05,0.5015576323987538
SM,201630,49620--sample_49620_k141_550159,0.020858656743398964,1.645247454829373e-05,0.5011673151750973
SM,201630,49624--sample_49624_k141_957901,0.020973763406853637,1.628875436696146e-05,0.5011673151750973
SM,201630,49623--sample_49623_k141_70638,0.016003865059972193,9.34776024774895e-06,0.49961210240496506
SM,201630,49620--sample_49620_k141_33066,0.015967217761612945,9.409964528193759e-06,0.49961210240496506
SM,201630,49620--sample_49620_k141_212651,0.020958897469240557,1.6353530312823546e-05,0.5011673151750973
SM,201630,49623--sample_49623_k141_825568,0.01839025423280474,1.271251973772738e-05,0.5003885003885004
SM,201630,49620--sample_49620_k141_349419,0.021998244438194994,1.865298403481792e-05,0.5015576323987538
SM,201630,49625--sample_49625_k141_389451,0.025906913765708327,2.5272690451995716e-05,0.5027322404371585
SM,201630,49623--sample_49623_k141_638582,0.020875492216511866,1.6446099581695806e-05,0.5011673151750973
SM,201630,49623--sample_49623_k141_1032962,0.019745559030106056,1.4407576812393916e-05,0.5007776049766719
SM,201630,49620--sample_49620_k141_772901,0.02087391528081802,1.646014990869152e-05,0.5011673151750973
SM,201630,49623--sample_49623_k141_341484,0.0271455648565603,2.7772367334660232e-05,0.503125
SM,201630,49627--sample_49627_k141_837948,0.016097432833546414,9.338317824121729e-06,0.49961210240496506
SM,201630,49622--sample_49622_k141_625868,0.020973242592669514,1.6305824378668716e-05,0.5011673151750973
SM,201630,49621--sample_49621_k141_998779,0.02346901332406365,2.049381287042972e-05,0.5019485580670304
SM,201630,49627--sample_49627_k141_754865,0.0196705016684746,1.4545812517718794e-05,0.5007776049766719
SM,201630,49620--sample_49620_k141_315313,0.01852568958816235,1.2589162566416304e-05,0.5003885003885004
SM,201630,49623--sample_49623_k141_728033,0.016061096248199697,9.37203123370578e-06,0.49961210240496506
SM,201630,49620--sample_49620_k141_92586,0.01959556828164706,1.4543471978301698e-05,0.5007776049766719
SM,201630,49625--sample_49625_k141_364346,0.01967215661673867,1.4554200096977317e-05,0.5007776049766719
SM,201630,49627--sample_49627_k141_490345,0.018346743260102005,1.2801078005438763e-05,0.5003885003885004
SM,201630,49628--sample_49628_k141_1593967,0.02343637498844422,2.0599173882120234e-05,0.5019485580670304
SM,201630,49623--sample_49623_k141_540693,0.018524589960500496,1.2609751006344131e-05,0.5003885003885004
SM,201630,49627--sample_49627_k141_593011,0.022060984988331908,1.859805253992641e-05,0.5015576323987538
SM,201630,49623--sample_49623_k141_100166,0.019693835978957432,1.4474020467207418e-05,0.5007776049766719
SM,201630,49620--sample_49620_k141_188761,0.01837960244697758,1.2749690606109855e-05,0.5003885003885004
SM,201630,49620--sample_49620_k141_852859,0.023533358163817273,2.0440734839153524e-05,0.5019485580670304
SM,201630,49620--sample_49620_k141_891883,0.02704640486336945,2.7927270598107068e-05,0.503125
SM,201630,49620--sample_49620_k141_165300,0.020808521402744813,1.651302610203744e-05,0.5011673151750973
SM,201630,49623--sample_49623_k141_942149,0.029495696932867015,3.337165758289235e-05,0.5039123630672926
SM,201630,49620--sample_49620_k141_749019,0.025816042983253205,2.5413907113936814e-05,0.5027322404371585
SM,201630,49620--sample_49620_k141_34612,0.01845136327484781,1.2659776587920833e-05,0.5003885003885004
SM,201630,49620--sample_49620_k141_619265,0.020799221400666052,1.6482969078816094e-05,0.5011673151750973
SM,201630,49620--sample_49620_k141_163204,0.024709707894407525,2.2749080626068276e-05,0.5023400936037441
SM,201630,49627--sample_49627_k141_894207,0.019699743440925958,1.4431880068250827e-05,0.5007776049766719
SM,201630,49620--sample_49620_k141_892610,0.022104079364468537,1.8494643953356502e-05,0.5015576323987538
SM,201630,49620--sample_49620_k141_879678,0.020792230388187657,1.6550534966336182e-05,0.5011673151750973
SM,201630,49628--sample_49628_k141_549400,0.01956194381527343,1.4620332852301139e-05,0.5007776049766719
SM,201630,49628--sample_49628_k141_983346,0.021005810213226547,1.632794119395126e-05,0.5011673151750973
SM,201630,49623--sample_49623_k141_702128,0.022074998774563828,1.8519536327166415e-05,0.5015576323987538
SM,201630,49623--sample_49623_k141_470609,0.00986400870193346,3.382219773876692e-06,0.4972972972972973
SM,201630,49623--sample_49623_k141_1036475,0.020906216702322945,1.6439302647905404e-05,0.5011673151750973
SM,201630,49620--sample_49620_k141_755103,0.020837166815727642,1.6452829298113692e-05,0.5011673151750973
SM,201630,49621--sample_49621_k141_68092,0.019603814424802357,1.463232068136997e-05,0.5007776049766719
SM,201630,49623--sample_49623_k141_42735,0.019566108920608186,1.4580470924734437e-05,0.5007776049766719
SM,201630,49628--sample_49628_k141_231843,0.0172427319202541,1.0978885584403135e-05,0.5
SM,201630,49620--sample_49620_k141_345812,0.014719487544887742,7.977809905616465e-06,0.4992248062015504
SM,201630,49625--sample_49625_k141_25563,0.02219107214156588,1.8409006123817375e-05,0.5015576323987538
SM,201630,49628--sample_49628_k141_1257336,0.018295667584549685,1.2815048997096895e-05,0.5003885003885004
SM,201630,49625--sample_49625_k141_223344,0.015898617301719736,9.476035751933066e-06,0.49961210240496506
SM,201630,49620--sample_49620_k141_493131,0.020908310566969495,1.638711203137187e-05,0.5011673151750973
SM,201630,49620--sample_49620_k141_848030,0.023324702340635058,2.069659732785695e-05,0.5019485580670304
SM,201630,49623--sample_49623_k141_905837,0.020849538993648987,1.643750241095307e-05,0.5011673151750973
SM,201630,49620--sample_49620_k141_524665,0.01848187896898563,1.2585706689251873e-05,0.5003885003885004
SM,201630,49627--sample_49627_k141_606222,0.018275291302963893,1.279097676724992e-05,0.5003885003885004
SM,201630,49627--sample_49627_k141_152302,0.02331818560267659,2.0744874260199788e-05,0.5019485580670304
SM,201630,49627--sample_49627_k141_381781,0.018559607801832915,1.2538750441293097e-05,0.5003885003885004
SM,201630,49623--sample_49623_k141_1320380,0.017244237380660644,1.0961161217286661e-05,0.5
SM,201630,49620--sample_49620_k141_237655,0.018445948754984256,1.26113365141482e-05,0.5003885003885004
SM,201630,49628--sample_49628_k141_1318930,0.019615815596466368,1.4613058569280489e-05,0.5007776049766719
SM,201630,49623--sample_49623_k141_1239734,0.020908385772376237,1.6433299137561428e-05,0.5011673151750973
SM,201630,49620--sample_49620_k141_729130,0.022187878558350166,1.8386235367526812e-05,0.5015576323987538
SM,201630,49628--sample_49628_k141_430758,0.015984628235694916,9.388227677233838e-06,0.49961210240496506
SM,201630,49625--sample_49625_k141_170109,0.02217185787243363,1.843182335957281e-05,0.5015576323987538
SM,201630,49623--sample_49623_k141_1074520,0.01216706368658509,5.526722046992724e-06,0.4984520123839009
SM,201630,49620--sample_49620_k141_696406,0.01965214779704335,1.446313366173591e-05,0.5007776049766719
SM,201630,49621--sample_49621_k141_304846,0.019534753861086787,1.4661478171364294e-05,0.5007776049766719
SM,201630,49620--sample_49620_k141_164103,0.018600551043934762,1.2535032781082918e-05,0.5003885003885004
SM,201630,49625--sample_49625_k141_39986,0.01713535700117242,1.1083610638011603e-05,0.5
SM,201630,49620--sample_49620_k141_379858,0.01964521554898244,1.4523197188056299e-05,0.5007776049766719
SM,201630,49623--sample_49623_k141_787874,0.0222351342987319,1.8386385237428248e-05,0.5015576323987538
SM,201630,49627--sample_49627_k141_488743,0.02086043773757313,1.6471160300247813e-05,0.5011673151750973
SM,201630,49620--sample_49620_k141_845769,0.02092641823827213,1.6412600750538757e-05,0.5011673151750973
SM,201630,49624--sample_49624_k141_823890,0.016067542872363536,9.339100049862038e-06,0.49961210240496506
SM,201630,49623--sample_49623_k141_1142358,0.02221907359717759,1.8400184840328458e-05,0.5015576323987538
SM,201630,49623--sample_49623_k141_1351314,0.023314264589821204,2.0715764403312343e-05,0.5019485580670304
SM,201630,49623--sample_49623_k141_397605,0.020862608366135283,1.6424031218948688e-05,0.5011673151750973
SM,201630,49628--sample_49628_k141_513653,0.019598649430465253,1.4602637244351019e-05,0.5007776049766719
SM,201630,49620--sample_49620_k141_880376,0.024665894916960474,2.2895014850092686e-05,0.5023400936037441
SM,201630,49621--sample_49621_k141_1049905,0.022216413453948536,1.8411484307569133e-05,0.5015576323987538
SM,201630,49620--sample_49620_k141_42888,0.023333133947425103,2.070820759687704e-05,0.5019485580670304
SM,201630,49628--sample_49628_k141_1150711,0.022268589150194352,1.8340479401682642e-05,0.5015576323987538
SM,201630,49628--sample_49628_k141_1295079,0.022188828508278614,1.8427769995555924e-05,0.5015576323987538
SM,201630,49628--sample_49628_k141_1557966,0.0160373844413981,9.363548498010843e-06,0.49961210240496506
SM,201630,49623--sample_49623_k141_459679,0.014748147058753117,7.95960142132035e-06,0.4992248062015504
SM,201630,49621--sample_49621_k141_253982,0.014740623257471457,7.979176276340063e-06,0.4992248062015504
SM,201630,49627--sample_49627_k141_718220,0.02210191756934842,1.853776635183515e-05,0.5015576323987538
SM,201630,49620--sample_49620_k141_367257,0.017122232091228155,1.10937867331563e-05,0.5
SM,201630,49621--sample_49621_k141_1078957,0.020827788772024795,1.6463583936244527e-05,0.5011673151750973
SM,201630,49620--sample_49620_k141_350880,0.01849857248203488,1.2648987001834028e-05,0.5003885003885004
SM,201630,49623--sample_49623_k141_1156595,0.01847168970593406,1.2625687963900561e-05,0.5003885003885004
SM,201630,49625--sample_49625_k141_264927,0.017160699141113327,1.0997443520503688e-05,0.5
SM,201630,49628--sample_49628_k141_609789,0.016078352976638212,9.321561669625336e-06,0.49961210240496506
SM,201630,49620--sample_49620_k141_108508,0.02213259694045427,1.8486586582920778e-05,0.5015576323987538
SM,201630,49624--sample_49624_k141_930198,0.018303713215429465,1.2787890134537817e-05,0.5003885003885004
SM,201630,49626--sample_49626_k141_577843,0.01839357167193508,1.2717278486600422e-05,0.5003885003885004
SM,201630,49624--sample_49624_k141_404074,0.022043640230300022,1.855986106747148e-05,0.5015576323987538
SM,201630,49620--sample_49620_k141_557772,0.014600742281094141,8.103326012294468e-06,0.4992248062015504
SM,201630,49628--sample_49628_k141_1571541,0.01976848907454662,1.4399411264003625e-05,0.5007776049766719
SM,201630,49623--sample_49623_k141_469107,0.020969442261149787,1.6324652015209583e-05,0.5011673151750973
SM,201630,49626--sample_49626_k141_793367,0.01969828293692144,1.4498953567471157e-05,0.5007776049766719
SM,201630,49621--sample_49621_k141_679065,0.01853929231667827,1.2560256155760137e-05,0.5003885003885004
SM,201630,49623--sample_49623_k141_721938,0.018376604351723672,1.2701876803632423e-05,0.5003885003885004
SM,201630,49624--sample_49624_k141_904286,0.014971399476751692,7.808036412084921e-06,0.4992248062015504
SM,201630,49624--sample_49624_k141_1055872,0.022163152982041932,1.8430597803173403e-05,0.5015576323987538
SM,201630,49624--sample_49624_k141_683558,0.01595712356886286,9.494261065936505e-06,0.49961210240496506
SM,201630,49620--sample_49620_k141_710837,0.014643475574063085,8.038750642342963e-06,0.4992248062015504
SM,201630,49624--sample_49624_k141_853813,0.024595534981900927,2.2927899563327232e-05,0.5023400936037441
SM,201630,49620--sample_49620_k141_726559,0.018326076340661916,1.2812016474313198e-05,0.5003885003885004
SM,201630,49622--sample_49622_k141_1283027,0.024569896077317355,2.30123062790446e-05,0.5023400936037441
SM,201630,49628--sample_49628_k141_1606068,0.018443961461237644,1.2630043863376553e-05,0.5003885003885004
SM,201630,49620--sample_49620_k141_832586,0.020975028144746038,1.6334029708213008e-05,0.5011673151750973
SM,201630,49627--sample_49627_k141_376887,0.022140690386408705,1.848381238639617e-05,0.5015576323987538
SM,201630,49620--sample_49620_k141_290753,0.022197006504303306,1.8395918475643952e-05,0.5015576323987538
SM,201630,49621--sample_49621_k141_716554,0.012246671583045833,5.409154541510828e-06,0.4984520123839009
SM,201630,49623--sample_49623_k141_844041,0.019617996926735028,1.4555036570625651e-05,0.5007776049766719
SM,201630,49623--sample_49623_k141_611020,0.020805618377176385,1.6458217760134425e-05,0.5011673151750973
SM,201630,49620--sample_49620_k141_112955,0.020903577941312767,1.63987965217998e-05,0.5011673151750973
SM,201630,49620--sample_49620_k141_463131,0.020846920043391864,1.650677522628161e-05,0.5011673151750973
SM,201630,49621--sample_49621_k141_990772,0.022119514015459286,1.8470372658248567e-05,0.5015576323987538
SM,201630,49620--sample_49620_k141_790877,0.028289582106581345,3.0498002365268515e-05,0.5035183737294762
SM,201630,49620--sample_49620_k141_448102,0.018423651246625584,1.2722736388581373e-05,0.5003885003885004
SM,201630,49620--sample_49620_k141_748451,0.021019708563334304,1.6330131473302095e-05,0.5011673151750973
SM,201630,49620--sample_49620_k141_868481,0.019711281902663733,1.4437363576677282e-05,0.5007776049766719
SM,201630,49625--sample_49625_k141_231859,0.019682518613653024,1.4523709587589216e-05,0.5007776049766719
SM,201630,49623--sample_49623_k141_562214,0.022028326904228193,1.8543887713031422e-05,0.5015576323987538
SM,201630,49623--sample_49623_k141_1002962,0.019662169235792313,1.4514880944742966e-05,0.5007776049766719
SM,201630,49620--sample_49620_k141_214413,0.011036607972428699,4.341784656618726e-06,0.4980665119876257
SM,201630,49623--sample_49623_k141_673444,0.017166227163271906,1.1027661471706852e-05,0.5
SM,201630,49620--sample_49620_k141_230781,0.02338104563349343,2.0606302751960714e-05,0.5019485580670304
SM,201630,49627--sample_49627_k141_405880,0.018496188074792905,1.2616223604899007e-05,0.5003885003885004
SM,201630,49623--sample_49623_k141_207193,0.015961395772959824,9.446763999362707e-06,0.49961210240496506
SM,201630,49623--sample_49623_k141_1169751,0.023440989295895293,2.0561004694773055e-05,0.5019485580670304
SM,201630,49624--sample_49624_k141_468988,0.020893886193107385,1.6425213619111687e-05,0.5011673151750973
SM,201630,49620--sample_49620_k141_33513,0.02083937709107868,1.651832928834468e-05,0.5011673151750973
SM,201630,49623--sample_49623_k141_449686,0.020699301133622557,1.6671789915311465e-05,0.5011673151750973
SM,201630,49627--sample_49627_k141_808611,0.023354503623091445,2.0661675127031615e-05,0.5019485580670304
SM,201630,49641--sample_49641_k141_362688,0.017251241030699135,1.0930714957129777e-05,0.5
SM,201630,49617--sample_49617_k141_39355,0.014691403850130869,8.06438058751265e-06,0.4992248062015504
SM,201630,49617--sample_49617_k141_35967,0.02100944329429656,1.629327065300891e-05,0.5011673151750973
SM,201630,49640--sample_49640_k141_205688,0.019807598766855197,1.4339255965010487e-05,0.5007776049766719
SM,201630,49617--sample_49617_k141_209877,0.02082892373325732,1.6492836247829065e-05,0.5011673151750973
SM,201630,49617--sample_49617_k141_139293,0.019703250103412496,1.4435120504820984e-05,0.5007776049766719
SM,201630,49642--sample_49642_k141_460602,0.016026971006895912,9.348169252857392e-06,0.49961210240496506
SM,201630,49642--sample_49642_k141_46529,0.01973631136319202,1.4421379209483074e-05,0.5007776049766719
SM,201630,49631--sample_49631_k141_943460,0.020772053090011212,1.6561885238505044e-05,0.5011673151750973
SM,201630,49617--sample_49617_k141_181765,0.02464665761513417,2.2924168963347185e-05,0.5023400936037441
SM,201630,53600--sample_53600_k141_319847,0.014786908251624615,7.937435883623133e-06,0.4992248062015504
SM,201630,49641--sample_49641_k141_517007,0.020923461389307417,1.6425445245708754e-05,0.5011673151750973
SM,201630,49617--sample_49617_k141_231031,0.01845076036741567,1.264407056309457e-05,0.5003885003885004
SM,201630,49617--sample_49617_k141_157639,0.0221273542803011,1.847907124531242e-05,0.5015576323987538
SM,201630,49640--sample_49640_k141_443474,0.024662087059882796,2.2863242098639545e-05,0.5023400936037441
SM,201630,49641--sample_49641_k141_569411,0.01607793466937266,9.29551325828685e-06,0.49961210240496506
SM,201630,49617--sample_49617_k141_244635,0.013432410850456735,6.7078491748454476e-06,0.4988381099922541
SM,201630,49633--sample_49633_k141_1364744,0.02078818468996316,1.6498113255299623e-05,0.5011673151750973
SM,201630,49638--sample_49638_k141_334434,0.02336950876971025,2.0691903636135515e-05,0.5019485580670304
SM,201630,49631--sample_49631_k141_788735,0.023329069256080293,2.0704658481238354e-05,0.5019485580670304
SM,201630,49631--sample_49631_k141_901628,0.017225512955458978,1.0973144207116192e-05,0.5
SM,201630,49615--sample_49615_k141_45890,0.01593594227777472,9.491449597535235e-06,0.49961210240496506
SM,201630,49633--sample_49633_k141_1000571,0.017287456103997817,1.0909296309283011e-05,0.5
SM,201630,53600--sample_53600_k141_432760,0.018524487609218876,1.2576911944001104e-05,0.5003885003885004
SM,201630,49631--sample_49631_k141_1063072,0.01841440789890732,1.2681344068100182e-05,0.5003885003885004
SM,201630,49617--sample_49617_k141_126624,0.020884163460059744,1.6393427788395853e-05,0.5011673151750973
SM,201630,49617--sample_49617_k141_63436,0.017374359213996177,1.0866906400965518e-05,0.5
SM,201630,49613--sample_49613_k141_516056,0.02207242187656882,1.8522925860263755e-05,0.5015576323987538
SM,201630,49638--sample_49638_k141_849125,0.017116415943492252,1.1087962339470879e-05,0.5
SM,201630,49633--sample_49633_k141_1105803,0.01720246618981515,1.0943796443541867e-05,0.5
SM,201630,49631--sample_49631_k141_713683,0.017255359995257055,1.090051662625784e-05,0.5
SM,201630,49618--sample_49618_k141_24979,0.014757217421991636,7.987274803583746e-06,0.4992248062015504
SM,201630,49641--sample_49641_k141_526586,0.014778854828775043,7.946950219127027e-06,0.4992248062015504
SM,201630,49641--sample_49641_k141_594405,0.017136533822620318,1.1028872261654963e-05,0.5
SM,201630,49630--sample_49630_k141_653913,0.017330654731993713,1.0883693265759038e-05,0.5
SM,201630,49617--sample_49617_k141_71919,0.020838675024413486,1.652312915477551e-05,0.5011673151750973
SM,201630,49617--sample_49617_k141_269743,0.018272652507324055,1.2809570480330173e-05,0.5003885003885004
SM,201630,49631--sample_49631_k141_327282,0.023439605239346573,2.0559926162149744e-05,0.5019485580670304
SM,201630,49613--sample_49613_k141_428032,0.02586629271693461,2.5347363430195443e-05,0.5027322404371585
SM,201630,49617--sample_49617_k141_32695,0.020892888052062592,1.6455792670638408e-05,0.5011673151750973
SM,201630,49618--sample_49618_k141_231410,0.023344344451445575,2.0589478592041837e-05,0.5019485580670304
SM,201630,49618--sample_49618_k141_106535,0.01852641775701146,1.2613053349501855e-05,0.5003885003885004
SM,201630,49631--sample_49631_k141_478760,0.02210664134391949,1.8566986032242416e-05,0.5015576323987538
SM,201630,49631--sample_49631_k141_269696,0.01713964790495809,1.1077540096624575e-05,0.5
SM,201630,49633--sample_49633_k141_1125289,0.017106393615144204,1.1073030079146575e-05,0.5
SM,201630,49641--sample_49641_k141_479465,0.02345787117885501,2.0534435000570853e-05,0.5019485580670304
SM,201630,49631--sample_49631_k141_1077431,0.022129163115540747,1.8469347446754848e-05,0.5015576323987538
SM,201630,53598--sample_53598_k141_177344,0.022238991562434186,1.8315109762597964e-05,0.5015576323987538
SM,201630,49631--sample_49631_k141_406326,0.019801453180859425,1.4361509683114658e-05,0.5007776049766719
SM,201630,49617--sample_49617_k141_153159,0.017141697001881968,1.1029275021749602e-05,0.5
SM,201630,49641--sample_49641_k141_335608,0.023385474465463768,2.0669192350331546e-05,0.5019485580670304
SM,201630,49633--sample_49633_k141_461652,0.020929696081313384,1.639803802630634e-05,0.5011673151750973
SM,201630,49641--sample_49641_k141_610039,0.01842627045480261,1.2706970807439936e-05,0.5003885003885004
SM,201630,49641--sample_49641_k141_63970,0.014769839332122631,7.964654721635145e-06,0.4992248062015504
SM,201630,49617--sample_49617_k141_196642,0.020961311299219364,1.6361587913143375e-05,0.5011673151750973
SM,201630,49638--sample_49638_k141_293188,0.019734546078523856,1.4440066374372406e-05,0.5007776049766719
SM,201630,49631--sample_49631_k141_1047950,0.018385194066070285,1.271716312199602e-05,0.5003885003885004
SM,201630,49631--sample_49631_k141_1078132,0.024612598278877938,2.2919668951270125e-05,0.5023400936037441
SM,201630,49617--sample_49617_k141_221011,0.018458817037566758,1.2648593316801749e-05,0.5003885003885004
SM,201630,49641--sample_49641_k141_90630,0.014729503324416747,7.960628833014192e-06,0.4992248062015504
SM,201630,49631--sample_49631_k141_758348,0.017360295266201305,1.0848025957593707e-05,0.5
SM,201630,49617--sample_49617_k141_246435,0.01344851059674348,6.696137002873588e-06,0.4988381099922541
SM,201630,49618--sample_49618_k141_187803,0.018398755420337125,1.2727795533282682e-05,0.5003885003885004
SM,201630,49616--sample_49616_k141_109171,0.023522939686688567,2.0440304628145887e-05,0.5019485580670304
SM,201630,49641--sample_49641_k141_532511,0.01595163192046597,9.473364008644462e-06,0.49961210240496506
SM,201630,49617--sample_49617_k141_87747,0.017187433624891627,1.1002868222993013e-05,0.5
SM,201630,49617--sample_49617_k141_135022,0.022257062126145727,1.82882360335009e-05,0.5015576323987538
SM,201630,49640--sample_49640_k141_411990,0.017199958907812587,1.0938889066910173e-05,0.5
SM,201630,49617--sample_49617_k141_280219,0.020976016174239373,1.6326984188888535e-05,0.5011673151750973
SM,201630,53600--sample_53600_k141_381646,0.018371854735496535,1.2764365334047917e-05,0.5003885003885004
SM,201630,49631--sample_49631_k141_946880,0.014767368364861293,7.927515945143172e-06,0.4992248062015504
SM,201630,49640--sample_49640_k141_150614,0.018586214120621395,1.249503486145892e-05,0.5003885003885004
SM,201630,49630--sample_49630_k141_766537,0.02211118869224731,1.8482049043828196e-05,0.5015576323987538
SM,201630,49631--sample_49631_k141_161535,0.017315495975399716,1.0848657209733361e-05,0.5
SM,201630,49619--sample_49619_k141_276398,0.02205709458896255,1.8569078301284332e-05,0.5015576323987538
SM,201630,49635--sample_49635_k141_178072,0.024643577062144782,2.2887788623100677e-05,0.5023400936037441
SM,201630,49617--sample_49617_k141_20012,0.024748047609438283,2.2755629734596963e-05,0.5023400936037441
SM,201630,49641--sample_49641_k141_266781,0.016160174834012712,9.253923695200187e-06,0.49961210240496506
SM,201630,49640--sample_49640_k141_295713,0.020965596370036227,1.6343132463751518e-05,0.5011673151750973
SM,201630,49638--sample_49638_k141_940541,0.02201605170515034,1.8615927031400802e-05,0.5015576323987538
SM,201630,49631--sample_49631_k141_125937,0.017130545194225296,1.1012749376324102e-05,0.5
SM,201630,49617--sample_49617_k141_187462,0.019685497797038636,1.4502269098970472e-05,0.5007776049766719
SM,201630,49618--sample_49618_k141_287800,0.022217981623063522,1.839188551262468e-05,0.5015576323987538
SM,201630,49631--sample_49631_k141_908461,0.02204480634131353,1.8557762698277827e-05,0.5015576323987538
SM,201630,49642--sample_49642_k141_530007,0.02350570245658056,2.045958827253688e-05,0.5019485580670304
SM,201630,49613--sample_49613_k141_537521,0.012195337657922516,5.4799124025044485e-06,0.4980665119876257
SM,201630,49613--sample_49613_k141_11082,0.02076304824990887,1.6553892681290957e-05,0.5011673151750973
SM,201630,49631--sample_49631_k141_548732,0.017206579906656184,1.0962227709312121e-05,0.5
SM,201630,49617--sample_49617_k141_179032,0.01838694736190516,1.2726486510937485e-05,0.5003885003885004
SM,201630,49631--sample_49631_k141_862124,0.012412461966381762,5.3631785120747826e-06,0.4984520123839009
SM,201630,49641--sample_49641_k141_611231,0.017104087815844153,1.1113080496365783e-05,0.5
SM,201630,49613--sample_49613_k141_620984,0.02212882503624409,1.847094358137033e-05,0.5015576323987538
SM,201630,49631--sample_49631_k141_944793,0.0220952677630222,1.8539798908150694e-05,0.5015576323987538
SM,201630,49631--sample_49631_k141_692523,0.01970714731480354,1.439823933444663e-05,0.5007776049766719
SM,201630,49631--sample_49631_k141_593099,0.017323377520781575,1.0859840591851079e-05,0.5
SM,201630,49631--sample_49631_k141_707422,0.01972417047750185,1.4409546778451094e-05,0.5007776049766719
SM,201630,49617--sample_49617_k141_196780,0.018394639043225122,1.272312387920148e-05,0.5003885003885004
SM,201630,49617--sample_49617_k141_216564,0.011125035869056193,4.332192060827927e-06,0.4980665119876257
SM,201630,49618--sample_49618_k141_38856,0.020938286240321704,1.6389521979587986e-05,0.5011673151750973
SM,201630,49631--sample_49631_k141_553074,0.025840303125408026,2.5344089889499378e-05,0.5027322404371585
SM,201630,49641--sample_49641_k141_305580,0.02705771550222948,2.7897315871921868e-05,0.503125
SM,201630,49636--sample_49636_k141_952298,0.017170151961981257,1.102480350078468e-05,0.5
SM,201630,49617--sample_49617_k141_68029,0.0184323523390966,1.2702413666666569e-05,0.5003885003885004
SM,201630,49631--sample_49631_k141_644005,0.019610104620332042,1.4563323877334895e-05,0.5007776049766719
SM,201630,49617--sample_49617_k141_127714,0.01489862431819994,7.838850681183653e-06,0.4992248062015504
SM,201630,49615--sample_49615_k141_95272,0.018471244125844496,1.2636183913458382e-05,0.5003885003885004
SM,201630,49617--sample_49617_k141_122223,0.024508242108908482,2.3066913450170405e-05,0.5023400936037441
SM,201630,49640--sample_49640_k141_463518,0.023259523831872787,2.071688791399999e-05,0.5019485580670304
SM,201630,49617--sample_49617_k141_226029,0.017270324769959072,1.0968013064353014e-05,0.5
SM,201630,49617--sample_49617_k141_239445,0.01611075858684129,9.29884939717575e-06,0.49961210240496506
SM,201630,49639--sample_49639_k141_455759,0.01722551399244743,1.0940335848828762e-05,0.5
SM,201630,49617--sample_49617_k141_136377,0.02075536174381738,1.655752329050691e-05,0.5011673151750973
SM,201630,49619--sample_49619_k141_252582,0.026990520814711573,2.800793786717578e-05,0.503125
SM,201630,49636--sample_49636_k141_1048953,0.02456239337452606,2.2963735537686304e-05,0.5023400936037441
SM,201630,49631--sample_49631_k141_226575,0.01832772649746488,1.280503870228853e-05,0.5003885003885004
SM,201630,49617--sample_49617_k141_27324,0.024593582378258785,2.293586308240682e-05,0.5023400936037441
SM,201630,49617--sample_49617_k141_96456,0.015987616533900344,9.406750689401203e-06,0.49961210240496506
SM,201630,49616--sample_49616_k141_70342,0.017152873077894325,1.1033847232019862e-05,0.5
SM,201630,49616--sample_49616_k141_23312,0.027182086636990663,2.7720838589255693e-05,0.503125
SM,201630,49617--sample_49617_k141_118412,0.01956114849688781,1.4616117470334548e-05,0.5007776049766719
SM,201630,49617--sample_49617_k141_33665,0.017219773540543055,1.0997572137950547e-05,0.5
SM,201630,49617--sample_49617_k141_295889,0.0247438060314338,2.2770215920198896e-05,0.5023400936037441
SM,201630,49631--sample_49631_k141_810649,0.02094467129231412,1.6378681075310344e-05,0.5011673151750973
SM,201630,53601--sample_53601_k141_171030,0.022042069321688777,1.855858900624321e-05,0.5015576323987538
SM,201630,49630--sample_49630_k141_707921,0.01974386034710969,1.4370849554556655e-05,0.5007776049766719
SM,201630,49638--sample_49638_k141_729881,0.01487243249697465,7.844814708894865e-06,0.4992248062015504
SM,201630,49617--sample_49617_k141_188936,0.022089395571722816,1.8520540721247832e-05,0.5015576323987538
SM,201630,49617--sample_49617_k141_242716,0.017241473834643636,1.0975124836035509e-05,0.5
SM,201630,49618--sample_49618_k141_228596,0.017134653447008017,1.1024224615178736e-05,0.5
SM,201630,49633--sample_49633_k141_851659,0.023229457262877198,2.0758072425270734e-05,0.5019485580670304
SM,201630,49640--sample_49640_k141_182877,0.019705338294490338,1.444785912328737e-05,0.5007776049766719
SM,201630,49631--sample_49631_k141_825232,0.024674596689159473,2.285344811452216e-05,0.5023400936037441
SM,201630,49617--sample_49617_k141_262021,0.01718414069128715,1.0978191674357832e-05,0.5
SM,201630,49636--sample_49636_k141_1215698,0.023401204756176693,2.0615706119017107e-05,0.5019485580670304
SM,201630,49617--sample_49617_k141_189712,0.01722513978197044,1.1004366816571323e-05,0.5
SM,201630,49640--sample_49640_k141_235960,0.0160403246633397,9.36285332915199e-06,0.49961210240496506
SM,201630,49618--sample_49618_k141_257690,0.017229852713442108,1.0989359905597586e-05,0.5
SM,201630,49640--sample_49640_k141_178191,0.01982777221429536,1.4333777655796769e-05,0.5007776049766719
SM,201630,49631--sample_49631_k141_902653,0.025699835808510364,2.555967146189107e-05,0.5027322404371585
SM,201630,49617--sample_49617_k141_225320,0.018450683498183296,1.268706812115983e-05,0.5003885003885004
SM,201630,49641--sample_49641_k141_83077,0.016018445108587513,9.402306062189892e-06,0.49961210240496506
SM,201630,49613--sample_49613_k141_22565,0.022158178660501585,1.849335327685338e-05,0.5015576323987538
SM,201630,49617--sample_49617_k141_184740,0.014671149436552833,8.02742899884035e-06,0.4992248062015504
SM,201630,49617--sample_49617_k141_227961,0.009873639545464314,3.3664858035006936e-06,0.49768160741885625
SM,201630,49618--sample_49618_k141_119045,0.020873624691287028,1.6421063285037466e-05,0.5011673151750973
SM,201630,49630--sample_49630_k141_199862,0.023427006548024227,2.054682553805061e-05,0.5019485580670304
SM,201630,49617--sample_49617_k141_245533,0.012260690316657713,5.467465105256182e-06,0.4984520123839009
SM,201630,49618--sample_49618_k141_171794,0.018607084697089802,1.2511562968808655e-05,0.5003885003885004
SM,201630,49631--sample_49631_k141_1072308,0.013590400906553578,6.6201831450544345e-06,0.4988381099922541
SM,201630,49631--sample_49631_k141_496773,0.019564505603874422,1.46194312963514e-05,0.5007776049766719
SM,201630,49617--sample_49617_k141_179071,0.018417353511935287,1.2639882543218251e-05,0.5003885003885004
SM,201630,49642--sample_49642_k141_462958,0.018424881598945758,1.269781235195186e-05,0.5003885003885004
SM,201630,49613--sample_49613_k141_592411,0.02590073200910326,2.5203708306283793e-05,0.5027322404371585
SM,201630,49616--sample_49616_k141_116937,0.01708303298619235,1.1129232128551821e-05,0.5
SM,201630,49617--sample_49617_k141_269609,0.01591292638795701,9.477736049798318e-06,0.49961210240496506
SM,201630,49618--sample_49618_k141_46916,0.023283605629554744,2.0735235015748192e-05,0.5019485580670304
SM,201630,49617--sample_49617_k141_191897,0.023329502251754137,2.0701007275250305e-05,0.5019485580670304
SM,201630,49635--sample_49635_k141_654849,0.01831072007378887,1.278868428735136e-05,0.5003885003885004
SM,201630,49617--sample_49617_k141_87358,0.022209666317345608,1.8403281210939222e-05,0.5015576323987538
SM,201630,49617--sample_49617_k141_35964,0.02070348525496707,1.660442109195025e-05,0.5011673151750973
SM,201630,49617--sample_49617_k141_93901,0.022089816119082107,1.8511957138715242e-05,0.5015576323987538
SM,201630,49613--sample_49613_k141_91953,0.024648561899185056,2.2873115387748912e-05,0.5023400936037441
SM,201630,49631--sample_49631_k141_940378,0.020889624037746714,1.6458308828011687e-05,0.5011673151750973
SM,201630,49617--sample_49617_k141_123358,0.01970549611113491,1.4441648722185031e-05,0.5007776049766719
SM,201630,49631--sample_49631_k141_957429,0.022135134103258427,1.8473538870828135e-05,0.5015576323987538
SM,201630,49631--sample_49631_k141_1029560,0.018474406637348267,1.2665422298294703e-05,0.5003885003885004
SM,201630,49635--sample_49635_k141_447707,0.018275317195304334,1.2842533489190436e-05,0.5003885003885004
SM,201630,49617--sample_49617_k141_144175,0.01832782660697894,1.2768421677271751e-05,0.5003885003885004
SM,201630,49631--sample_49631_k141_253438,0.017207285337975005,1.1002261880401937e-05,0.5
SM,201630,49631--sample_49631_k141_20889,0.022141042646688303,1.8476005453127354e-05,0.5015576323987538
SM,201630,49631--sample_49631_k141_655218,0.023394494622893922,2.0618250100798515e-05,0.5019485580670304
SM,201630,49631--sample_49631_k141_816750,0.01949192394069287,1.4678151348586628e-05,0.5007776049766719
SM,201630,49633--sample_49633_k141_192674,0.01855926923385209,1.2545653591706389e-05,0.5003885003885004
SM,201630,49631--sample_49631_k141_334345,0.017347733766669576,1.0865502784672711e-05,0.5
SM,201630,49638--sample_49638_k141_15595,0.022078810277044926,1.8513425317057768e-05,0.5015576323987538
SM,201630,49638--sample_49638_k141_770173,0.018555415533185574,1.2590291152385378e-05,0.5003885003885004
SM,201630,49631--sample_49631_k141_324547,0.017101794422632235,1.10538479276106e-05,0.5
SM,201630,49630--sample_49630_k141_887611,0.023385115333399896,2.066821223773741e-05,0.5019485580670304
SM,201630,49618--sample_49618_k141_331372,0.019797886586107195,1.4327987917514171e-05,0.5007776049766719
SM,201630,49617--sample_49617_k141_251555,0.022240821079599994,1.8394402755387245e-05,0.5015576323987538
SM,201630,49639--sample_49639_k141_508481,0.01858524712673793,1.2578626692428426e-05,0.5003885003885004
SM,201630,49618--sample_49618_k141_213627,0.01974410667222411,1.4389893666839342e-05,0.5007776049766719
SM,201630,49631--sample_49631_k141_664989,0.014701523642002709,8.011518303155926e-06,0.4992248062015504
SM,201630,49613--sample_49613_k141_104397,0.02093030111934277,1.639738281556293e-05,0.5011673151750973
SM,201630,49641--sample_49641_k141_373091,0.017274572898864055,1.0959867126587224e-05,0.5
SM,201630,49613--sample_49613_k141_36228,0.024664833190144245,2.2824546557013776e-05,0.5023400936037441
SM,201630,49640--sample_49640_k141_106204,0.020878823767298372,1.641593669276859e-05,0.5011673151750973
SM,201630,49617--sample_49617_k141_184962,0.02099472671120305,1.636805792915715e-05,0.5011673151750973
SM,201630,49631--sample_49631_k141_269963,0.02204495198910011,1.8538403554236416e-05,0.5015576323987538
SM,201630,49632--sample_49632_k141_266809,0.019689670418580975,1.4441555306164759e-05,0.5007776049766719
SM,201630,49613--sample_49613_k141_594659,0.02085011160094743,1.6488462354369246e-05,0.5011673151750973
SM,201630,53598--sample_53598_k141_349839,0.022054934987664882,1.8566931095055804e-05,0.5015576323987538
SM,201630,49617--sample_49617_k141_291128,0.023379310466327324,2.0585292499912766e-05,0.5019485580670304
SM,201630,49631--sample_49631_k141_846808,0.015880081062391433,9.555446683085515e-06,0.49961210240496506
SM,201630,49631--sample_49631_k141_766424,0.017219467274968533,1.1048620030893339e-05,0.5
SM,201630,49617--sample_49617_k141_283587,0.02335979583004115,2.0636265271017643e-05,0.5019485580670304
SM,201630,53602--sample_53602_k141_377025,0.02341955737387261,2.0609794340166013e-05,0.5019485580670304
SM,201630,49631--sample_49631_k141_730297,0.023335761830522567,2.070561297737582e-05,0.5019485580670304
SM,201630,49615--sample_49615_k141_91147,0.024349732222600857,2.3242416172471077e-05,0.5023400936037441
SM,201630,49617--sample_49617_k141_299297,0.023269037418147023,2.0750495462818545e-05,0.5019485580670304
SM,201630,49631--sample_49631_k141_866898,0.02452680229685091,2.3032797431938125e-05,0.5023400936037441
SM,201630,49638--sample_49638_k141_452047,0.018488133386885087,1.2633379323487538e-05,0.5003885003885004
SM,201630,49615--sample_49615_k141_133391,0.01707359926806153,1.1072052872714878e-05,0.5
SM,201630,49617--sample_49617_k141_63508,0.017048224665735138,1.1169323463361498e-05,0.5
SM,201630,53600--sample_53600_k141_59809,0.01480399372098184,7.952772919620379e-06,0.4992248062015504
SM,201630,53600--sample_53600_k141_22783,0.01596309577131038,9.461285512209398e-06,0.49961210240496506
SM,201630,49640--sample_49640_k141_328655,0.02574062366105461,2.5545178557843136e-05,0.5027322404371585
SM,201630,49633--sample_49633_k141_938818,0.01722457286028305,1.0961579493543563e-05,0.5
SM,201630,49630--sample_49630_k141_419823,0.01720319584036408,1.1054443260387606e-05,0.5
SM,201630,49630--sample_49630_k141_177312,0.018424588772479978,1.2693890370311478e-05,0.5003885003885004
SM,201630,49641--sample_49641_k141_614314,0.019821493486608457,1.4349061898775088e-05,0.5007776049766719
SM,201630,49642--sample_49642_k141_410126,0.023418633685679837,2.0584959370668358e-05,0.5019485580670304
SM,201630,49617--sample_49617_k141_201511,0.019547462120864053,1.4678580719140944e-05,0.5007776049766719
SM,201630,49617--sample_49617_k141_298815,0.022190718932016497,1.8414858750786742e-05,0.5015576323987538
SM,201630,49617--sample_49617_k141_61959,0.018397613687101348,1.2669757683731698e-05,0.5003885003885004
SM,201630,49617--sample_49617_k141_66360,0.024539921980903608,2.2978932183844604e-05,0.5023400936037441
SM,201630,49631--sample_49631_k141_138255,0.02219887505967364,1.840756160187122e-05,0.5015576323987538
SM,201630,49617--sample_49617_k141_30728,0.014758304803986653,8.004559071188951e-06,0.4992248062015504
SM,201630,49617--sample_49617_k141_262468,0.02209286745502281,1.853666116640061e-05,0.5015576323987538
SM,201630,49613--sample_49613_k141_620399,0.01977441655091146,1.4380418232751977e-05,0.5007776049766719
SM,201630,49631--sample_49631_k141_875953,0.019722495366810824,1.4457446063372082e-05,0.5007776049766719
SM,201630,49617--sample_49617_k141_295732,0.022261025067814633,1.836630481515687e-05,0.5015576323987538
SM,201630,49617--sample_49617_k141_178119,0.01721979664528749,1.0999233662337049e-05,0.5
SM,201630,49631--sample_49631_k141_30093,0.019517313677792074,1.4667765999792246e-05,0.5007776049766719
SM,201630,49631--sample_49631_k141_269216,0.02201001989989449,1.861907683137944e-05,0.5015576323987538
SM,201630,49631--sample_49631_k141_1008652,0.017204124795807577,1.0999800077816488e-05,0.5
SM,201630,49617--sample_49617_k141_280480,0.020923463218941965,1.639784503377294e-05,0.5011673151750973
SM,201630,49630--sample_49630_k141_409200,0.020804095519245263,1.6560495375831668e-05,0.5011673151750973
SM,201630,49617--sample_49617_k141_276013,0.014840857922870264,7.94504221465088e-06,0.4992248062015504
SM,201630,49631--sample_49631_k141_709042,0.01344395522821553,6.707317594238316e-06,0.4988381099922541
SM,201630,53600--sample_53600_k141_348427,0.028265929533407196,3.057916367921308e-05,0.5035183737294762
SM,201630,49617--sample_49617_k141_26213,0.022153219444111718,1.8460478323705293e-05,0.5015576323987538
SM,201630,49617--sample_49617_k141_195700,0.023367888777381583,2.0640419587133307e-05,0.5019485580670304
SM,201630,49631--sample_49631_k141_581899,0.023352847048262466,2.0632573206550654e-05,0.5019485580670304
SM,201630,49642--sample_49642_k141_628483,0.02582621531869201,2.538752507628439e-05,0.5027322404371585
SM,201630,49613--sample_49613_k141_532078,0.019703027234766076,1.4405113197843194e-05,0.5007776049766719
SM,201630,49638--sample_49638_k141_599206,0.023188476348455552,2.088178799082836e-05,0.5019485580670304
SM,201630,49617--sample_49617_k141_150679,0.0220420934753487,1.857686446066194e-05,0.5015576323987538
SM,201630,49631--sample_49631_k141_1053996,0.021033676484775207,1.628724795389097e-05,0.5011673151750973
SM,201630,49617--sample_49617_k141_167811,0.014648503411801602,8.066836026414084e-06,0.4992248062015504
SM,201630,49616--sample_49616_k141_193497,0.018410322868349947,1.268527852056097e-05,0.5003885003885004
SM,201630,49617--sample_49617_k141_24004,0.018561644952092594,1.2579096537462512e-05,0.5003885003885004
SM,201630,49617--sample_49617_k141_77130,0.014783146838493312,7.951261269490017e-06,0.4992248062015504
SM,201630,49631--sample_49631_k141_743481,0.023209638235151434,2.081811458747594e-05,0.5019485580670304
SM,201630,49640--sample_49640_k141_592906,0.022227208723282002,1.8346200263673466e-05,0.5015576323987538
SM,201630,49639--sample_49639_k141_495848,0.020842413851500975,1.646811255463368e-05,0.5011673151750973
SM,201630,49631--sample_49631_k141_862268,0.022128683735029884,1.848544141932861e-05,0.5015576323987538
SM,201630,49642--sample_49642_k141_581549,0.019715004541433996,1.44350022197719e-05,0.5007776049766719
SM,201630,49631--sample_49631_k141_1007009,0.018538205351004276,1.2567824894645754e-05,0.5003885003885004
SM,201630,49619--sample_49619_k141_441181,0.009840477653157547,3.3597236383194248e-06,0.49653045489591363
SM,201630,49631--sample_49631_k141_292675,0.018377953750663024,1.276424453959861e-05,0.5003885003885004
SM,201630,49630--sample_49630_k141_849450,0.019672635990543218,1.4533019346554652e-05,0.5007776049766719
SM,201630,49617--sample_49617_k141_278168,0.018541689647468978,1.260736887511466e-05,0.5003885003885004
SM,201630,49613--sample_49613_k141_231441,0.015864272971909423,9.515684879179019e-06,0.49961210240496506
SM,201630,49631--sample_49631_k141_702721,0.01840337465993099,1.2757232644804835e-05,0.5003885003885004
SM,201630,49640--sample_49640_k141_152891,0.01966854754832973,1.448853952290065e-05,0.5007776049766719
SM,201630,49641--sample_49641_k141_488055,0.01596537339669552,9.418023468331816e-06,0.49961210240496506
SM,201630,49640--sample_49640_k141_323313,0.017183422316576664,1.105757919776088e-05,0.5
SM,201630,49631--sample_49631_k141_1041242,0.023426647049010513,2.0521819504861424e-05,0.5019485580670304
SM,201630,49618--sample_49618_k141_137535,0.019634707283492255,1.4586132307648882e-05,0.5007776049766719
SM,201630,49633--sample_49633_k141_1083728,0.019722426704377027,1.446763337256204e-05,0.5007776049766719
SM,201630,49632--sample_49632_k141_1004910,0.022217828700644416,1.839204720983434e-05,0.5015576323987538
SM,201630,49618--sample_49618_k141_23248,0.015974270680387183,9.428029828393026e-06,0.49961210240496506
SM,201630,49617--sample_49617_k141_72135,0.01725007393663457,1.0967895874435188e-05,0.5
SM,201630,49613--sample_49613_k141_461896,0.022050676964169326,1.85783426280966e-05,0.5015576323987538
SM,201630,49617--sample_49617_k141_86405,0.019787644661479052,1.4408578740208584e-05,0.5007776049766719
SM,201630,49613--sample_49613_k141_165938,0.02094975652102745,1.6407526753128753e-05,0.5011673151750973
SM,201630,49631--sample_49631_k141_563528,0.014670923948676678,8.047347802794314e-06,0.4992248062015504
SM,201630,49617--sample_49617_k141_160378,0.01842918333575683,1.2687073891716714e-05,0.5003885003885004
SM,201630,49613--sample_49613_k141_682459,0.018482427547376168,1.2678910504158752e-05,0.5003885003885004
SM,201630,49617--sample_49617_k141_61118,0.02082545091141462,1.6488839594429464e-05,0.5011673151750973
SM,201630,49630--sample_49630_k141_343998,0.01963989531270031,1.456780491966841e-05,0.5007776049766719
SM,201630,49617--sample_49617_k141_127335,0.020812934491367074,1.6494089966544036e-05,0.5011673151750973
SM,201630,49630--sample_49630_k141_90873,0.018472525131656738,1.2678421739994135e-05,0.5003885003885004
SM,201630,49618--sample_49618_k141_299160,0.019732604454048928,1.4463713510725111e-05,0.5007776049766719
SM,201630,49631--sample_49631_k141_167697,0.017267981056493083,1.0943487976142968e-05,0.5
SM,201630,49631--sample_49631_k141_569685,0.013516048640120537,6.634254946819897e-06,0.4988381099922541
SM,201630,49631--sample_49631_k141_148696,0.022147881726786913,1.850713050320286e-05,0.5015576323987538
SM,201630,49617--sample_49617_k141_282111,0.015968228048925233,9.411981062196403e-06,0.49961210240496506
SM,201630,49617--sample_49617_k141_285407,0.02206479233765231,1.8537400897763617e-05,0.5015576323987538
SM,201630,49641--sample_49641_k141_284676,0.013587068520660337,6.586681142038649e-06,0.4988381099922541
SM,201630,49617--sample_49617_k141_41126,0.020933986421730777,1.6385108659661977e-05,0.5011673151750973
SM,201630,49618--sample_49618_k141_58082,0.020781951978109857,1.6525632530574683e-05,0.5011673151750973
SM,201630,Sample_49638_5,0.1372522825101955,0.03604056440434675,0.5446088794926004
SM,201630,Sample_49629_9.1,0.1411456821652706,0.0395776577857776,0.5573344872349633
SM,201630,Sample_49628_42,0.13082247302402367,0.03383402122907284,0.5315724308708213
SM,201630,Sample_49624_11,0.13894393876660138,0.037437432579001034,0.549722577891592
SM,201630,Sample_49615_24,0.13363169028708866,0.035880573329104284,0.5395894428152492
SM,201630,Sample_49624_46,0.13618952951839913,0.03628855549126285,0.5436893203883495
SM,201630,49622_ma_contigs,0.1287643465403467,0.032471351543552,0.5263588067020842
SM,201630,Sample_49625_12,0.13446168879287723,0.03524734200171686,0.5391377145249058
SM,201630,Sample_49613_26,0.13462547124570778,0.0353832954900405,0.540041928721174
SM,201630,Sample_49613_25,0.13391121291236,0.03458626344879929,0.5373383395911556
SM,201630,Sample_49628_25.1,0.13205019373836294,0.03369232199489252,0.5328920148944973
SM,201630,Sample_49625_10,0.1364757809511499,0.03564610640264341,0.5427728613569321
SM,201630,Sample_49615_26.2,0.12758454557863255,0.03141815657968772,0.5229395046691028
SM,201630,Sample_49628_33.1,0.13284592099548256,0.03457097674426262,0.5355509355509356
SM,201630,Sample_49615_13,0.13693181839868965,0.03600982455667103,0.5436893203883495
SM,201630,Sample_49625_6,0.1343506723254667,0.03527985623368356,0.5391377145249058
SM,201630,Sample_49618_9,0.13366022452604362,0.034663064231317216,0.5373383395911556
SM,201630,Sample_49618_42,0.1310386901961344,0.03402965781522042,0.5324514262091773
SM,201630,Sample_49618_8,0.12723258217272082,0.03238258533922539,0.5242165242165242
SM,201630,Sample_49625_17,0.1284859781224736,0.03225912343932173,0.525499796001632
SM,201630,Sample_49618_50,0.13350623176209822,0.03421462240279195,0.5359966708281315
SM,201630,Sample_49613_28,0.1343304216294202,0.03452451213541701,0.5377870563674322
SM,201630,Sample_49628_55,0.1326552746155917,0.03401478549041449,0.5346616853466168
SM,201630,Sample_49624_8,0.13135849293935417,0.03426300689866323,0.5333333333333333
SM,201630,Sample_49628_40,0.13580935080195525,0.036470912016701544,0.5436893203883495
SM,201630,Sample_49615_5.1,0.13291896695298502,0.03553931009558372,0.5377870563674322
SM,201630,Sample_49615_20,0.13608509254228726,0.03569939437777599,0.5423157894736842
SM,201630,Sample_49618_39.1,0.1334249347866932,0.035353985331007455,0.5382365231926453
