Method,Number of Swaps,Node,Eigenvector Centrality,Betweenness Centrality,Closeness Centrality
SM,201630,49614--sample_49614_k141_1366290,0.013398172661083783,6.680485358514761e-06,0.4988381099922541
SM,201630,49614--sample_49614_k141_1673869,0.02340822390999563,2.055393710435224e-05,0.5019485580670304
SM,201630,49614--sample_49614_k141_361656,0.020704364217178056,1.65398137965712e-05,0.5011673151750973
SM,201630,49614--sample_49614_k141_1427871,0.01831727473338375,1.2726953667178284e-05,0.5003885003885004
SM,201630,49614--sample_49614_k141_1684910,0.022083643293551905,1.8438900786852226e-05,0.5015576323987538
SM,201630,49614--sample_49614_k141_1888333,0.025859568749304274,2.519404735536725e-05,0.5027322404371585
SM,201630,49614--sample_49614_k141_1420726,0.024344105572897175,2.3188139204822195e-05,0.5023400936037441
SM,201630,49614--sample_49614_k141_1263971,0.01845723563836848,1.2614336022132279e-05,0.5003885003885004
SM,201630,49614--sample_49614_k141_1030954,0.01599068944515813,9.346007146408304e-06,0.49961210240496506
SM,201630,49614--sample_49614_k141_1613401,0.018307622623918902,1.2704345926374055e-05,0.5003885003885004
SM,201630,49614--sample_49614_k141_1358288,0.019567831283950166,1.450877622988672e-05,0.5007776049766719
SM,201630,49614--sample_49614_k141_1030670,0.0160293471103132,9.365096655924346e-06,0.49961210240496506
SM,201630,49614--sample_49614_k141_1820688,0.01841611775629682,1.2596526659292131e-05,0.5003885003885004
SM,201630,49614--sample_49614_k141_1487501,0.01596607276307265,9.346814512578654e-06,0.49961210240496506
SM,201630,49614--sample_49614_k141_1651093,0.02333317189391003,2.0584266991500192e-05,0.5019485580670304
SM,201630,49614--sample_49614_k141_1675793,0.016089506248792983,9.275038516829778e-06,0.49961210240496506
SM,201630,49614--sample_49614_k141_942127,0.017252060479303485,1.0884585384636016e-05,0.5
SM,201630,49614--sample_49614_k141_656736,0.00977538907637364,3.3536336753445826e-06,0.4972972972972973
SM,201630,49614--sample_49614_k141_1678667,0.01851553631254587,1.2548627882428663e-05,0.5003885003885004
SM,201630,49614--sample_49614_k141_1943765,0.024485623508462964,2.2996182834010496e-05,0.5023400936037441
SM,201630,49614--sample_49614_k141_1816064,0.015860296005450147,9.498269413044204e-06,0.49961210240496506
SM,201630,49614--sample_49614_k141_149411,0.028153172907412385,3.063323086787752e-05,0.5035183737294762
SM,201630,49614--sample_49614_k141_1996265,0.01969520761149253,1.4368673306187648e-05,0.5007776049766719
SM,201630,49614--sample_49614_k141_1502755,0.023500953899629307,2.039575239104829e-05,0.5019485580670304
SM,201630,49614--sample_49614_k141_259366,0.014612577137343171,8.01467849329828e-06,0.4992248062015504
SM,201630,49614--sample_49614_k141_75054,0.01705325047751944,1.1081588095279727e-05,0.5
SM,201630,49614--sample_49614_k141_2139,0.020920518897141735,1.6324193567808695e-05,0.5011673151750973
SM,201630,49614--sample_49614_k141_823274,0.01972949160717135,1.4371102964272278e-05,0.5007776049766719
SM,201630,49614--sample_49614_k141_1735709,0.017221637844535127,1.0924098549542591e-05,0.5
SM,201630,49614--sample_49614_k141_762662,0.01599223279977397,9.350804187685885e-06,0.49961210240496506
SM,201630,49614--sample_49614_k141_1698348,0.016072872748863237,9.333745930488766e-06,0.49961210240496506
SM,201630,49614--sample_49614_k141_1641869,0.020760253980587225,1.6503097314413453e-05,0.5011673151750973
SM,201630,49614--sample_49614_k141_262368,0.017145719229236647,1.0996769353082731e-05,0.5
SM,201630,49614--sample_49614_k141_611934,0.019604050819050593,1.4468770657902177e-05,0.5007776049766719
SM,201630,49614--sample_49614_k141_405366,0.020817809453609174,1.6422878869309305e-05,0.5011673151750973
SM,201630,49614--sample_49614_k141_1298515,0.020823861135195222,1.639202113879198e-05,0.5011673151750973
SM,201630,49614--sample_49614_k141_1081030,0.01606312596125947,9.360748835704864e-06,0.49961210240496506
SM,201630,49614--sample_49614_k141_1494757,0.022129774242051876,1.8362879321732796e-05,0.5015576323987538
SM,201630,49614--sample_49614_k141_228945,0.020898289400158157,1.635835422933156e-05,0.5011673151750973
SM,201630,49614--sample_49614_k141_651585,0.019742374238965667,1.4344722452725173e-05,0.5007776049766719
SM,201630,49614--sample_49614_k141_1667848,0.022146987215168484,1.8368328289136318e-05,0.5015576323987538
SM,201630,49614--sample_49614_k141_1582181,0.020835146980220095,1.6439749636840124e-05,0.5011673151750973
SM,201630,49614--sample_49614_k141_888599,0.018569076392058435,1.2527808464118631e-05,0.5003885003885004
SM,201630,49614--sample_49614_k141_589501,0.020863895602464575,1.6381096996192448e-05,0.5011673151750973
SM,201630,49614--sample_49614_k141_1751193,0.02076801822904916,1.6516620309736556e-05,0.5011673151750973
SM,201630,49614--sample_49614_k141_1297148,0.017203685642460432,1.0892581840407972e-05,0.5
SM,201630,49614--sample_49614_k141_2279922,0.017251860223614447,1.0946134484911136e-05,0.5
SM,201630,49614--sample_49614_k141_311416,0.01962890530399573,1.445705477514649e-05,0.5007776049766719
SM,201630,49614--sample_49614_k141_401001,0.020962452311871806,1.625266555809209e-05,0.5011673151750973
SM,201630,49614--sample_49614_k141_1969311,0.014713196866125725,7.921046173114763e-06,0.4992248062015504
SM,201630,49614--sample_49614_k141_239722,0.0243965030744151,2.3085536319351302e-05,0.5023400936037441
SM,201630,49614--sample_49614_k141_714468,0.02449812699911005,2.294562145611168e-05,0.5023400936037441
SM,201630,49614--sample_49614_k141_1994231,0.022350693611885766,1.815380988023633e-05,0.5015576323987538
SM,201630,49614--sample_49614_k141_2178769,0.025789078060307363,2.529232010400646e-05,0.5027322404371585
SM,201630,49614--sample_49614_k141_461285,0.014842246222958818,7.903816810724908e-06,0.4992248062015504
SM,201630,49614--sample_49614_k141_872999,0.023406101850197404,2.0452134869975058e-05,0.5019485580670304
SM,201630,49614--sample_49614_k141_60460,0.02463406570538888,2.2750637622386843e-05,0.5023400936037441
SM,201630,49614--sample_49614_k141_2173118,0.01359342396710765,6.531773689434929e-06,0.4988381099922541
SM,201630,49614--sample_49614_k141_1230032,0.014706553973794787,7.979116277944456e-06,0.4992248062015504
SM,201630,49614--sample_49614_k141_2164689,0.017063535254939626,1.1066724060874355e-05,0.5
SM,201630,49614--sample_49614_k141_153009,0.017164565886989273,1.0998389542149277e-05,0.5
SM,201630,49614--sample_49614_k141_38739,0.01712518738416492,1.1029905919495543e-05,0.5
SM,201630,49614--sample_49614_k141_978190,0.022197195289465083,1.8310939345654757e-05,0.5015576323987538
SM,201630,49614--sample_49614_k141_1331948,0.013564567999810005,6.581735016938254e-06,0.4988381099922541
SM,201630,49614--sample_49614_k141_736090,0.02320056507029324,2.0822377398001537e-05,0.5019485580670304
SM,201630,49614--sample_49614_k141_693752,0.020912324453453923,1.6300419028546548e-05,0.5011673151750973
SM,201630,49614--sample_49614_k141_768537,0.026974613873461527,2.7915448117045806e-05,0.503125
SM,201630,49614--sample_49614_k141_1297508,0.025843377718290476,2.5222116142191852e-05,0.5027322404371585
SM,201630,49614--sample_49614_k141_1820469,0.014739022143163532,7.979503491028054e-06,0.4992248062015504
SM,201630,49614--sample_49614_k141_983271,0.019645408253351825,1.4475842488398433e-05,0.5007776049766719
SM,201630,49614--sample_49614_k141_1706254,0.01965870147291445,1.4409826762423272e-05,0.5007776049766719
SM,201630,49614--sample_49614_k141_2143008,0.018297764733443602,1.2793992345264022e-05,0.5003885003885004
SM,201630,49614--sample_49614_k141_917802,0.014816050765768399,7.870989055653549e-06,0.4992248062015504
SM,201630,49614--sample_49614_k141_1082226,0.015802741718261577,9.476343170072712e-06,0.49961210240496506
SM,201630,49614--sample_49614_k141_2049411,0.01597447507376475,9.37560394667693e-06,0.49961210240496506
SM,201630,49614--sample_49614_k141_1581344,0.014830315797192921,7.89603869128432e-06,0.4992248062015504
SM,201630,49614--sample_49614_k141_625148,0.016048036162269297,9.296335616186117e-06,0.49961210240496506
SM,201630,49614--sample_49614_k141_1609489,0.020847890564584255,1.641572907146365e-05,0.5011673151750973
SM,201630,49614--sample_49614_k141_65000,0.01841078419723971,1.2635265501454108e-05,0.5003885003885004
SM,201630,49614--sample_49614_k141_301897,0.018333769308605505,1.2718624316258526e-05,0.5003885003885004
SM,201630,49614--sample_49614_k141_1808202,0.0222113773677407,1.830664588055127e-05,0.5015576323987538
SM,201630,49614--sample_49614_k141_455871,0.01726373736134749,1.0863747376912612e-05,0.5
SM,201630,49614--sample_49614_k141_1432154,0.018471852809679425,1.2624780542358307e-05,0.5003885003885004
SM,201630,49614--sample_49614_k141_974705,0.014861837628823212,7.844578827489303e-06,0.4992248062015504
SM,201630,49614--sample_49614_k141_945712,0.01455443669961687,8.082118017276622e-06,0.4992248062015504
SM,201630,49614--sample_49614_k141_82393,0.01839061884945531,1.2679858584810622e-05,0.5003885003885004
SM,201630,49614--sample_49614_k141_1302202,0.01600084697145561,9.366677328304261e-06,0.49961210240496506
SM,201630,49614--sample_49614_k141_290227,0.013658600976887009,6.556219524329285e-06,0.4988381099922541
SM,201630,49614--sample_49614_k141_2198304,0.017162943020360918,1.098933608702153e-05,0.5
SM,201630,49614--sample_49614_k141_1239175,0.024361035763117437,2.3136323957995287e-05,0.5023400936037441
SM,201630,49614--sample_49614_k141_581161,0.02338537367922428,2.051490903985029e-05,0.5019485580670304
SM,201630,49614--sample_49614_k141_1129144,0.024453241612376272,2.299774810781246e-05,0.5023400936037441
SM,201630,49614--sample_49614_k141_517086,0.024626325933350412,2.2778306405273276e-05,0.5023400936037441
SM,201630,49614--sample_49614_k141_734937,0.02459443510236292,2.282419038795253e-05,0.5023400936037441
SM,201630,49614--sample_49614_k141_1636650,0.017218635902460453,1.0900952086798185e-05,0.5
SM,201630,49614--sample_49614_k141_1173914,0.020808745522866604,1.6504082007982534e-05,0.5011673151750973
SM,201630,49614--sample_49614_k141_945388,0.015764052948774362,9.532427809503802e-06,0.49961210240496506
SM,201630,49614--sample_49614_k141_518814,0.01587768756233463,9.439774468504482e-06,0.49961210240496506
SM,201630,49614--sample_49614_k141_1499111,0.02096078474953219,1.632258923131406e-05,0.5011673151750973
SM,201630,49614--sample_49614_k141_1431,0.018181503524027677,1.2855276182805573e-05,0.5003885003885004
SM,201630,49614--sample_49614_k141_2129664,0.019638133186818098,1.4519136719427425e-05,0.5007776049766719
SM,201630,49614--sample_49614_k141_1838286,0.0221497265027058,1.83865041510235e-05,0.5015576323987538
SM,201630,49614--sample_49614_k141_533429,0.02228015950507734,1.825781099716347e-05,0.5015576323987538
SM,201630,49614--sample_49614_k141_1809878,0.022196667369007106,1.835802168029365e-05,0.5015576323987538
SM,201630,49614--sample_49614_k141_924335,0.015904372879112876,9.44444101326056e-06,0.49961210240496506
SM,201630,49614--sample_49614_k141_575385,0.019679257740317528,1.447085233551669e-05,0.5007776049766719
SM,201630,49614--sample_49614_k141_1317799,0.019778449319769378,1.4356841366966723e-05,0.5007776049766719
SM,201630,49614--sample_49614_k141_1611182,0.022065208726108405,1.8424998934462003e-05,0.5015576323987538
SM,201630,49614--sample_49614_k141_330023,0.023428071529533058,2.0506435886216488e-05,0.5019485580670304
SM,201630,49614--sample_49614_k141_918242,0.019574448386763706,1.4523999758286077e-05,0.5007776049766719
SM,201630,49614--sample_49614_k141_2021145,0.01711811633951077,1.1014520475197991e-05,0.5
SM,201630,49614--sample_49614_k141_1050375,0.022350729734604644,1.81598844200248e-05,0.5015576323987538
SM,201630,49614--sample_49614_k141_248429,0.021013685258922464,1.6260390819128287e-05,0.5011673151750973
SM,201630,49614--sample_49614_k141_2013565,0.014622476412132716,7.975249137295372e-06,0.4992248062015504
SM,201630,49614--sample_49614_k141_1607582,0.015955608132270815,9.359276281823592e-06,0.49961210240496506
SM,201630,49614--sample_49614_k141_3196,0.018460730405725413,1.2596807644071565e-05,0.5003885003885004
SM,201630,49614--sample_49614_k141_134781,0.018374199659693315,1.2668566244694128e-05,0.5003885003885004
SM,201630,49614--sample_49614_k141_519892,0.0209931252400361,1.6209150002897253e-05,0.5011673151750973
SM,201630,49614--sample_49614_k141_1887436,0.022175474396680862,1.8375362704801007e-05,0.5015576323987538
SM,201630,49614--sample_49614_k141_1615394,0.016026494446371203,9.34434831492049e-06,0.49961210240496506
SM,201630,49614--sample_49614_k141_4744,0.018526210654617178,1.2518669615491349e-05,0.5003885003885004
SM,201630,49614--sample_49614_k141_1820321,0.022142581941580038,1.8452535863484494e-05,0.5015576323987538
SM,201630,49614--sample_49614_k141_806895,0.019622654443281793,1.4510703096585864e-05,0.5007776049766719
SM,201630,49614--sample_49614_k141_541379,0.022032150266204288,1.8505881297081007e-05,0.5015576323987538
SM,201630,49614--sample_49614_k141_1890593,0.013440547005494645,6.665932879812953e-06,0.4988381099922541
SM,201630,49614--sample_49614_k141_590446,0.024613991924918206,2.2859008025539698e-05,0.5023400936037441
SM,201630,49614--sample_49614_k141_1777190,0.017106030842987716,1.1011607026185646e-05,0.5
SM,201630,49614--sample_49614_k141_1243219,0.019707504961972742,1.4378022078400897e-05,0.5007776049766719
SM,201630,49614--sample_49614_k141_2043775,0.014752779436356835,7.920079653778931e-06,0.4992248062015504
SM,201630,49614--sample_49614_k141_1387687,0.02088235961699662,1.6333611265749373e-05,0.5011673151750973
SM,201630,49614--sample_49614_k141_2306863,0.01834838806018171,1.2684082821700936e-05,0.5003885003885004
SM,201630,49614--sample_49614_k141_1359850,0.013737134053668595,6.488507795209915e-06,0.4988381099922541
SM,201630,49614--sample_49614_k141_559284,0.022158561281356254,1.8401450175284263e-05,0.5015576323987538
SM,201630,49614--sample_49614_k141_2091805,0.01464948003412151,7.971904437383065e-06,0.4992248062015504
SM,201630,49614--sample_49614_k141_834841,0.02214592676868543,1.8417442449267135e-05,0.5015576323987538
SM,201630,49614--sample_49614_k141_135183,0.023323690277642913,2.05346411591926e-05,0.5019485580670304
SM,201630,49614--sample_49614_k141_271904,0.023325458244456546,2.0619162808180105e-05,0.5019485580670304
SM,201630,49614--sample_49614_k141_2240088,0.02443335852693446,2.3014405493605226e-05,0.5023400936037441
SM,201630,49614--sample_49614_k141_838838,0.019585242821830703,1.4522859351225277e-05,0.5007776049766719
SM,201630,49614--sample_49614_k141_331421,0.017237861168168018,1.0883498986048348e-05,0.5
SM,201630,49614--sample_49614_k141_1716839,0.024610567702101856,2.278937765754292e-05,0.5023400936037441
SM,201630,49614--sample_49614_k141_1819997,0.02453103298218811,2.2955867548641148e-05,0.5023400936037441
SM,201630,49614--sample_49614_k141_1586341,0.019648313123248058,1.4459485156010201e-05,0.5007776049766719
SM,201630,49614--sample_49614_k141_2131776,0.021019604992272137,1.6267556576294562e-05,0.5011673151750973
SM,201630,49614--sample_49614_k141_1339374,0.01966552184014198,1.4428873182312896e-05,0.5007776049766719
SM,201630,49614--sample_49614_k141_31048,0.016051545464987986,9.321577654084682e-06,0.49961210240496506
SM,201630,49614--sample_49614_k141_1871025,0.020872058520941553,1.6385075032230236e-05,0.5011673151750973
SM,201630,49614--sample_49614_k141_995602,0.017119534081255876,1.1026971117003092e-05,0.5
SM,201630,49614--sample_49614_k141_459191,0.019480310213007,1.4644980292118199e-05,0.5007776049766719
SM,201630,49614--sample_49614_k141_1160020,0.024679794998304114,2.2687990609841668e-05,0.5023400936037441
SM,201630,49614--sample_49614_k141_871051,0.022057142853450718,1.844135872077057e-05,0.5015576323987538
SM,201630,49614--sample_49614_k141_1387103,0.024673913244520635,2.2779555803013497e-05,0.5023400936037441
SM,201630,49614--sample_49614_k141_70929,0.023263551206527715,2.0691852947232276e-05,0.5019485580670304
SM,201630,49614--sample_49614_k141_674158,0.01607579395617859,9.267387908286245e-06,0.49961210240496506
SM,201630,49614--sample_49614_k141_148117,0.013563889732837377,6.5884164128614945e-06,0.4988381099922541
SM,201630,49614--sample_49614_k141_2202806,0.018532334492953148,1.2556544791706645e-05,0.5003885003885004
SM,201630,49614--sample_49614_k141_2190878,0.02685605576924724,2.8040134964583034e-05,0.503125
SM,201630,49614--sample_49614_k141_1326880,0.020931796736617214,1.6383687421239396e-05,0.5011673151750973
SM,201630,49614--sample_49614_k141_2097207,0.02087428232128534,1.638863758046782e-05,0.5011673151750973
SM,201630,49614--sample_49614_k141_325554,0.018539647083741728,1.2520891154566202e-05,0.5003885003885004
SM,201630,49614--sample_49614_k141_658929,0.015817030339098606,9.478907726190938e-06,0.49961210240496506
SM,201630,49614--sample_49614_k141_844689,0.023376109585080414,2.0575556764101117e-05,0.5019485580670304
SM,201630,49614--sample_49614_k141_1178427,0.018345587989903368,1.2661298273044379e-05,0.5003885003885004
SM,201630,49614--sample_49614_k141_924455,0.02460641105512425,2.287711933242511e-05,0.5023400936037441
SM,201630,49614--sample_49614_k141_548218,0.025942083238890974,2.507733163797672e-05,0.5027322404371585
SM,201630,49614--sample_49614_k141_157529,0.014839474577047169,7.839014680932098e-06,0.4992248062015504
SM,201630,49614--sample_49614_k141_1043792,0.02222091281712904,1.831908183517179e-05,0.5015576323987538
SM,201630,49614--sample_49614_k141_282500,0.0256803386297747,2.5392356142014835e-05,0.5027322404371585
SM,201630,49614--sample_49614_k141_1047512,0.022173593909600033,1.8370600065309066e-05,0.5015576323987538
SM,201630,49614--sample_49614_k141_1812456,0.02089177075551906,1.638315730272859e-05,0.5011673151750973
SM,201630,49614--sample_49614_k141_991277,0.019610133320267314,1.4517867383583927e-05,0.5007776049766719
SM,201630,49614--sample_49614_k141_2155159,0.020732946453275704,1.6469241191335012e-05,0.5011673151750973
SM,201630,49614--sample_49614_k141_1515117,0.019610500519378734,1.4489286324880126e-05,0.5007776049766719
SM,201630,49614--sample_49614_k141_1610034,0.023375677795309895,2.054118254799929e-05,0.5019485580670304
SM,201630,49614--sample_49614_k141_438690,0.020820823242961847,1.639402140636025e-05,0.5011673151750973
SM,201630,49614--sample_49614_k141_2037150,0.020798883208139378,1.649759171546395e-05,0.5011673151750973
SM,201630,49614--sample_49614_k141_67510,0.019538718192710358,1.457535059755136e-05,0.5007776049766719
SM,201630,49614--sample_49614_k141_1822828,0.023207326453277412,2.0723743564035655e-05,0.5019485580670304
SM,201630,49614--sample_49614_k141_2097969,0.018436673694891464,1.2610309107938674e-05,0.5003885003885004
SM,201630,49614--sample_49614_k141_2301029,0.023334195282820634,2.0580841214104335e-05,0.5019485580670304
SM,201630,49614--sample_49614_k141_2118289,0.02454699913163686,2.2873815891818515e-05,0.5023400936037441
SM,201630,49614--sample_49614_k141_1139755,0.02098011418793868,1.623929037755498e-05,0.5011673151750973
SM,201630,49614--sample_49614_k141_1080344,0.02458833287605044,2.2901471312601617e-05,0.5023400936037441
SM,201630,49614--sample_49614_k141_1880545,0.01950907975004571,1.4600965958210816e-05,0.5007776049766719
SM,201630,49614--sample_49614_k141_326091,0.02084079003029198,1.6449828132753915e-05,0.5011673151750973
SM,201630,49614--sample_49614_k141_1735259,0.02076755962101146,1.646098657856653e-05,0.5011673151750973
SM,201630,49614--sample_49614_k141_2139246,0.02215675737010734,1.8368023312323325e-05,0.5015576323987538
SM,201630,49614--sample_49614_k141_178616,0.020898661211602068,1.636273351276607e-05,0.5011673151750973
SM,201630,49614--sample_49614_k141_759014,0.013399740543243256,6.66147420097016e-06,0.4988381099922541
SM,201630,49614--sample_49614_k141_2133054,0.01472503442329435,7.922721075368069e-06,0.4992248062015504
SM,201630,49614--sample_49614_k141_31529,0.02213950522736798,1.8430387079839652e-05,0.5015576323987538
SM,201630,49614--sample_49614_k141_2215540,0.025731977951726163,2.5340139899480653e-05,0.5027322404371585
SM,201630,49614--sample_49614_k141_1884003,0.01717584808507239,1.0982578675818836e-05,0.5
SM,201630,49614--sample_49614_k141_1264935,0.01957361289608284,1.4590737464913627e-05,0.5007776049766719
SM,201630,49614--sample_49614_k141_2180922,0.01843100676829791,1.26504547792269e-05,0.5003885003885004
SM,201630,49614--sample_49614_k141_111426,0.016045723782826597,9.324183191298396e-06,0.49961210240496506
SM,201630,49614--sample_49614_k141_1220811,0.019704890213439238,1.4382429264786639e-05,0.5007776049766719
SM,201630,49614--sample_49614_k141_1429385,0.01474754909537335,7.943788989353502e-06,0.4992248062015504
SM,201630,49614--sample_49614_k141_1044103,0.018282946132035183,1.278085115419461e-05,0.5003885003885004
SM,201630,49614--sample_49614_k141_382567,0.017161156310824016,1.0940690942566882e-05,0.5
SM,201630,49614--sample_49614_k141_1960330,0.018283246570184004,1.277404860873557e-05,0.5003885003885004
SM,201630,49614--sample_49614_k141_1204302,0.020806262764248466,1.642204543971677e-05,0.5011673151750973
SM,201630,49614--sample_49614_k141_1362863,0.018301265838725725,1.2707662117069472e-05,0.5003885003885004
SM,201630,49614--sample_49614_k141_562944,0.01955997473158395,1.4537334038497544e-05,0.5007776049766719
SM,201630,49614--sample_49614_k141_267755,0.01706935947754246,1.1076411865947328e-05,0.5
SM,201630,49614--sample_49614_k141_1049069,0.024455130444783695,2.2956877578155915e-05,0.5023400936037441
SM,201630,49614--sample_49614_k141_2236854,0.013470582507461543,6.6393118737222916e-06,0.4984520123839009
SM,201630,49614--sample_49614_k141_345881,0.020831105398877694,1.6413709758907978e-05,0.5011673151750973
SM,201630,49614--sample_49614_k141_1709526,0.014506419688274597,8.144981628624445e-06,0.4992248062015504
SM,201630,49614--sample_49614_k141_1273134,0.01705445043520531,1.1041682789667877e-05,0.5
SM,201630,49614--sample_49614_k141_1003738,0.018340329833261577,1.2734770255006765e-05,0.5003885003885004
SM,201630,49614--sample_49614_k141_155685,0.024554235254030762,2.2879835427210723e-05,0.5023400936037441
SM,201630,49614--sample_49614_k141_799411,0.017214421672732193,1.092195930899558e-05,0.5
SM,201630,49614--sample_49614_k141_1876905,0.024408836083344446,2.31033398358e-05,0.5023400936037441
SM,201630,49614--sample_49614_k141_6229,0.01862009045390221,1.2469010198107189e-05,0.5003885003885004
SM,201630,49614--sample_49614_k141_899836,0.012334208886038735,5.37786877930919e-06,0.4984520123839009
SM,201630,49614--sample_49614_k141_262877,0.0207712567749634,1.646807589625585e-05,0.5011673151750973
SM,201630,49614--sample_49614_k141_446802,0.020993953904822355,1.62505539026461e-05,0.5011673151750973
SM,201630,49614--sample_49614_k141_861245,0.01974229199230757,1.4350834879310132e-05,0.5007776049766719
SM,201630,49614--sample_49614_k141_1043592,0.015886929448998267,9.506181493933564e-06,0.49961210240496506
SM,201630,49614--sample_49614_k141_373499,0.023339066278648565,2.0554521897467032e-05,0.5019485580670304
SM,201630,49614--sample_49614_k141_1873429,0.01971424847579347,1.4417745340427665e-05,0.5007776049766719
SM,201630,49614--sample_49614_k141_941148,0.01837054300578898,1.2690043195193738e-05,0.5003885003885004
SM,201630,49614--sample_49614_k141_334906,0.02209522877177696,1.8438605806138973e-05,0.5015576323987538
SM,201630,49614--sample_49614_k141_317393,0.019684255657269206,1.4445316115095222e-05,0.5007776049766719
SM,201630,49614--sample_49614_k141_1942210,0.02334277628163314,2.0576646073066466e-05,0.5019485580670304
SM,201630,49614--sample_49614_k141_914702,0.014733907340299392,7.960904378121863e-06,0.4992248062015504
SM,201630,49614--sample_49614_k141_991415,0.020893320323839806,1.6373336478001624e-05,0.5011673151750973
SM,201630,49614--sample_49614_k141_274775,0.022041657809504477,1.8473758980887112e-05,0.5015576323987538
SM,201630,49614--sample_49614_k141_2255621,0.020816688181175894,1.6411051571142345e-05,0.5011673151750973
SM,201630,49614--sample_49614_k141_52808,0.02330545290983754,2.0585771318626902e-05,0.5019485580670304
SM,201630,49614--sample_49614_k141_2244732,0.017218626803097287,1.0897680907872936e-05,0.5
SM,201630,49614--sample_49614_k141_1578368,0.02451262474360253,2.289440947692273e-05,0.5023400936037441
SM,201630,49614--sample_49614_k141_915233,0.015931063039874103,9.438331662496898e-06,0.49961210240496506
SM,201630,49614--sample_49614_k141_199705,0.015992273649704403,9.386424443444463e-06,0.49961210240496506
SM,201630,49614--sample_49614_k141_897184,0.015855966141396453,9.474466879883285e-06,0.49961210240496506
SM,201630,49614--sample_49614_k141_1964044,0.017342668033877306,1.0829863037981708e-05,0.5
SM,201630,49614--sample_49614_k141_802310,0.023396090881466956,2.0533195650356513e-05,0.5019485580670304
SM,201630,49614--sample_49614_k141_1636768,0.019762730718744643,1.4337665634584884e-05,0.5007776049766719
SM,201630,49614--sample_49614_k141_1410062,0.017160236259081703,1.0956876726515825e-05,0.5
SM,201630,49614--sample_49614_k141_2239437,0.02575603397942354,2.5377758264834132e-05,0.5027322404371585
SM,201630,49614--sample_49614_k141_380558,0.019726468084433405,1.4360199574485835e-05,0.5007776049766719
SM,201630,49614--sample_49614_k141_825477,0.018468075101043032,1.2597660715996768e-05,0.5003885003885004
SM,201630,49614--sample_49614_k141_1431426,0.022111926913279064,1.8450666234709072e-05,0.5015576323987538
SM,201630,49614--sample_49614_k141_782554,0.02078955874065122,1.6419939878202813e-05,0.5011673151750973
SM,201630,49614--sample_49614_k141_1469720,0.021954622592115773,1.8573789202121595e-05,0.5015576323987538
SM,201630,49614--sample_49614_k141_1483598,0.018467531911853022,1.2611456155035748e-05,0.5003885003885004
SM,201630,49614--sample_49614_k141_1641711,0.0210183872095777,1.6237118772244773e-05,0.5011673151750973
SM,201630,49614--sample_49614_k141_430119,0.017028372744354692,1.113956637914476e-05,0.5
SM,201630,49614--sample_49614_k141_1480657,0.016028662817641808,9.363949115148208e-06,0.49961210240496506
SM,201630,49614--sample_49614_k141_1548523,0.02323034288896493,2.067933306825914e-05,0.5019485580670304
SM,201630,49614--sample_49614_k141_1466444,0.01946305235463376,1.4667256704722448e-05,0.5007776049766719
SM,201630,49614--sample_49614_k141_997447,0.01951412399025706,1.4554115378025449e-05,0.5007776049766719
SM,201630,49614--sample_49614_k141_781022,0.017312943772578616,1.0853468834124932e-05,0.5
SM,201630,49614--sample_49614_k141_2199480,0.022129432886825076,1.8441676245877464e-05,0.5015576323987538
SM,201630,49614--sample_49614_k141_1705538,0.020846681214815335,1.636992921077236e-05,0.5011673151750973
SM,201630,49614--sample_49614_k141_1802869,0.02093892908292342,1.6372761947683687e-05,0.5011673151750973
SM,201630,49614--sample_49614_k141_976496,0.02469719891116438,2.2713190492940548e-05,0.5023400936037441
SM,201630,49614--sample_49614_k141_1998437,0.014671651916111042,8.024013610955499e-06,0.4992248062015504
SM,201630,49614--sample_49614_k141_802719,0.019703205582259308,1.435092015580942e-05,0.5007776049766719
SM,201630,49614--sample_49614_k141_177839,0.02194064128234448,1.8598264652452602e-05,0.5015576323987538
SM,201630,49614--sample_49614_k141_1735303,0.013377326830805048,6.7208358851371225e-06,0.4988381099922541
SM,201630,49614--sample_49614_k141_1404475,0.022028513298381923,1.8488327041406485e-05,0.5015576323987538
SM,201630,49614--sample_49614_k141_730698,0.01966664200950274,1.4408830404590151e-05,0.5007776049766719
SM,201630,49614--sample_49614_k141_154118,0.02208558031193282,1.84537825964009e-05,0.5015576323987538
SM,201630,49614--sample_49614_k141_514814,0.0197762390053155,1.4316792297959894e-05,0.5007776049766719
SM,201630,49614--sample_49614_k141_1898739,0.018554459161507546,1.2510894720622717e-05,0.5003885003885004
SM,201630,49614--sample_49614_k141_470294,0.025711776100306897,2.5383231549541775e-05,0.5027322404371585
SM,201630,49614--sample_49614_k141_927748,0.0172829541753936,1.0871268203765684e-05,0.5
SM,201630,49614--sample_49614_k141_204516,0.01468366808652704,7.949499962448616e-06,0.4992248062015504
SM,201630,49614--sample_49614_k141_471890,0.02201896017870456,1.8502822724909196e-05,0.5015576323987538
SM,201630,49614--sample_49614_k141_346409,0.01607577271795215,9.284883346956045e-06,0.49961210240496506
SM,201630,49614--sample_49614_k141_1537708,0.022254671110415545,1.823144626969652e-05,0.5015576323987538
SM,201630,49614--sample_49614_k141_1306799,0.022174984157021956,1.8358216931035346e-05,0.5015576323987538
SM,201630,49614--sample_49614_k141_66793,0.016094666676714296,9.28645890532762e-06,0.49961210240496506
SM,201630,49614--sample_49614_k141_989275,0.01712015624776387,1.098689620932186e-05,0.5
SM,201630,49614--sample_49614_k141_1514836,0.022092024338863075,1.8489900067057454e-05,0.5015576323987538
SM,201630,49614--sample_49614_k141_1277494,0.020911939380100806,1.6356351862937692e-05,0.5011673151750973
SM,201630,49614--sample_49614_k141_1991756,0.02223141595898955,1.8256635131518514e-05,0.5015576323987538
SM,201630,49614--sample_49614_k141_1765056,0.01841998985480966,1.2623281205260332e-05,0.5003885003885004
SM,201630,49614--sample_49614_k141_948677,0.022142683549096077,1.8362206942771992e-05,0.5015576323987538
SM,201630,49614--sample_49614_k141_1781326,0.018382968187912505,1.2704702187535694e-05,0.5003885003885004
SM,201630,49614--sample_49614_k141_14914,0.019713282291148174,1.4400311657841296e-05,0.5007776049766719
SM,201630,49614--sample_49614_k141_1024350,0.023311815163656286,2.064971548028801e-05,0.5019485580670304
SM,201630,49614--sample_49614_k141_643060,0.019768463743802322,1.4372384614059235e-05,0.5007776049766719
SM,201630,49614--sample_49614_k141_347653,0.020899135174935433,1.6336309559343373e-05,0.5011673151750973
SM,201630,49614--sample_49614_k141_826830,0.020948853373156835,1.627712023275094e-05,0.5011673151750973
SM,201630,49614--sample_49614_k141_1543738,0.012293560405839368,5.406020813685482e-06,0.4984520123839009
SM,201630,49614--sample_49614_k141_405254,0.016111321436720828,9.279196820112256e-06,0.49961210240496506
SM,201630,49614--sample_49614_k141_1562782,0.023327157333695506,2.0581532624353383e-05,0.5019485580670304
SM,201630,49614--sample_49614_k141_1907383,0.014741437857147644,7.966320948412522e-06,0.4992248062015504
SM,201630,49614--sample_49614_k141_841379,0.020880599935026573,1.6435056169595343e-05,0.5011673151750973
SM,201630,49614--sample_49614_k141_1233744,0.017156218283818716,1.100015037233851e-05,0.5
SM,201630,49614--sample_49614_k141_769477,0.022103916233277735,1.841858368110927e-05,0.5015576323987538
SM,201630,49614--sample_49614_k141_424750,0.016004106923610355,9.351847056500663e-06,0.49961210240496506
SM,201630,49614--sample_49614_k141_94425,0.018401664110993223,1.2663133067637439e-05,0.5003885003885004
SM,201630,49614--sample_49614_k141_164102,0.017276685651981757,1.0883707020525419e-05,0.5
SM,201630,49614--sample_49614_k141_345191,0.020893644850161597,1.6360885771199375e-05,0.5011673151750973
SM,201630,49614--sample_49614_k141_9421,0.023414738523568995,2.0484198840223877e-05,0.5019485580670304
SM,201630,49614--sample_49614_k141_653688,0.018398715413789568,1.2723767088334679e-05,0.5003885003885004
SM,201630,49614--sample_49614_k141_2023550,0.01825733299707065,1.276831923104182e-05,0.5003885003885004
SM,201630,49614--sample_49614_k141_1060450,0.018308514019459897,1.2705342127914118e-05,0.5003885003885004
SM,201630,49614--sample_49614_k141_664059,0.01977370393097325,1.4308167969827493e-05,0.5007776049766719
SM,201630,49614--sample_49614_k141_1372677,0.0221811270902492,1.834890361559426e-05,0.5015576323987538
SM,201630,49614--sample_49614_k141_1178417,0.02078069326371773,1.6453562698264563e-05,0.5011673151750973
SM,201630,49614--sample_49614_k141_1102734,0.020896408520159976,1.6361256529803098e-05,0.5011673151750973
SM,201630,49614--sample_49614_k141_1537015,0.021024249706678204,1.623031316530028e-05,0.5011673151750973
SM,201630,49614--sample_49614_k141_1594800,0.024485599232959475,2.294781752122112e-05,0.5023400936037441
SM,201630,49614--sample_49614_k141_715581,0.02444011371867752,2.3065659138514013e-05,0.5023400936037441
SM,201630,49614--sample_49614_k141_569077,0.023385369227461036,2.0535537629234987e-05,0.5019485580670304
SM,201630,49614--sample_49614_k141_155282,0.019706724566752525,1.4374830786943272e-05,0.5007776049766719
SM,201630,49614--sample_49614_k141_1912022,0.016051198876994223,9.329370757819113e-06,0.49961210240496506
SM,201630,49614--sample_49614_k141_1674154,0.017209255863099553,1.0956395313947302e-05,0.5
SM,201630,49614--sample_49614_k141_812294,0.02087388586170683,1.6347774985141193e-05,0.5011673151750973
SM,201630,49614--sample_49614_k141_1135820,0.01705570996769899,1.1080420731212657e-05,0.5
SM,201630,49614--sample_49614_k141_1493257,0.02584344394449305,2.519842240146346e-05,0.5027322404371585
SM,201630,49614--sample_49614_k141_1744629,0.01852742843197274,1.2556102721953286e-05,0.5003885003885004
SM,201630,49614--sample_49614_k141_464736,0.01722902671729548,1.0984505355691555e-05,0.5
SM,201630,49614--sample_49614_k141_716258,0.018348362795395697,1.2711449448303232e-05,0.5003885003885004
SM,201630,49614--sample_49614_k141_969590,0.017416892660248883,1.077823723957779e-05,0.5
SM,201630,49614--sample_49614_k141_335903,0.01708681980073897,1.1007771490327682e-05,0.5
SM,201630,49614--sample_49614_k141_795014,0.020791611456376993,1.6478171202105332e-05,0.5011673151750973
SM,201630,49614--sample_49614_k141_1901194,0.02087900944248072,1.6351278859071793e-05,0.5011673151750973
SM,201630,49614--sample_49614_k141_594973,0.020863777277620395,1.6361465867602773e-05,0.5011673151750973
SM,201630,49614--sample_49614_k141_603743,0.021006284077433175,1.620940931933448e-05,0.5011673151750973
SM,201630,49614--sample_49614_k141_1208694,0.024584949189688097,2.2816499400987445e-05,0.5023400936037441
SM,201630,49614--sample_49614_k141_1609013,0.020886910098271916,1.636340985345674e-05,0.5011673151750973
SM,201630,49614--sample_49614_k141_67942,0.02340082803000119,2.0488247747454826e-05,0.5019485580670304
SM,201630,49614--sample_49614_k141_846583,0.017374421092714636,1.0768425363868002e-05,0.5
SM,201630,49614--sample_49614_k141_325235,0.023382342156440843,2.0512472181459527e-05,0.5019485580670304
SM,201630,49614--sample_49614_k141_2305531,0.01334966988642149,6.690010026926743e-06,0.4988381099922541
SM,201630,49614--sample_49614_k141_1792272,0.02447926212616757,2.2945562219444514e-05,0.5023400936037441
SM,201630,49614--sample_49614_k141_743960,0.014738529345591713,7.930195861421466e-06,0.4992248062015504
SM,201630,49614--sample_49614_k141_612250,0.020956883602366118,1.6282323056736298e-05,0.5011673151750973
SM,201630,49614--sample_49614_k141_412145,0.019599357545978514,1.4534129789387622e-05,0.5007776049766719
SM,201630,49620--sample_49620_k141_877568,0.01835223407705284,1.273555433765051e-05,0.5003885003885004
SM,201630,49627--sample_49627_k141_882399,0.0183767789155265,1.2698629278417284e-05,0.5003885003885004
SM,201630,49625--sample_49625_k141_420390,0.017127904508365824,1.1006735878533264e-05,0.5
SM,201630,49623--sample_49623_k141_465025,0.019640652569224808,1.4397899373989136e-05,0.5007776049766719
SM,201630,49626--sample_49626_k141_540134,0.013547972574946198,6.561943495707927e-06,0.4988381099922541
SM,201630,49620--sample_49620_k141_767928,0.01465462703391403,7.996678629049327e-06,0.4992248062015504
SM,201630,49620--sample_49620_k141_568710,0.024596746357817383,2.2801824031377022e-05,0.5023400936037441
SM,201630,49620--sample_49620_k141_806973,0.02470133726080779,2.2695636809127625e-05,0.5023400936037441
SM,201630,49620--sample_49620_k141_567263,0.009895246490218381,3.345111269023507e-06,0.49691358024691357
SM,201630,49628--sample_49628_k141_531267,0.018509789099037513,1.2524317829456888e-05,0.5003885003885004
SM,201630,49623--sample_49623_k141_1041969,0.018449864724685114,1.262346773218698e-05,0.5003885003885004
SM,201630,49623--sample_49623_k141_608894,0.017222196491865256,1.0978133772665075e-05,0.5
SM,201630,49627--sample_49627_k141_597049,0.02339782962219141,2.0479769632898043e-05,0.5019485580670304
SM,201630,49620--sample_49620_k141_602635,0.024530276675302977,2.2885441163264525e-05,0.5023400936037441
SM,201630,49620--sample_49620_k141_662239,0.019644421736148727,1.4449181115087415e-05,0.5007776049766719
SM,201630,49624--sample_49624_k141_867497,0.011070438180611703,4.35066767726941e-06,0.4980665119876257
SM,201630,49620--sample_49620_k141_684559,0.02207121718291038,1.8464738091809163e-05,0.5015576323987538
SM,201630,49620--sample_49620_k141_520577,0.01825952442694279,1.2829195925897888e-05,0.5003885003885004
SM,201630,49620--sample_49620_k141_366325,0.018334632146505294,1.2717014330544735e-05,0.5003885003885004
SM,201630,49623--sample_49623_k141_1264227,0.019662149118651495,1.4395264352207147e-05,0.5007776049766719
SM,201630,49620--sample_49620_k141_375368,0.0197533043929327,1.4393755177123125e-05,0.5007776049766719
SM,201630,49620--sample_49620_k141_593506,0.02091011621630054,1.6336984464856793e-05,0.5011673151750973
SM,201630,49624--sample_49624_k141_995177,0.01592525368162004,9.367270825589147e-06,0.49961210240496506
SM,201630,49624--sample_49624_k141_206758,0.019633288797651895,1.4423993401498401e-05,0.5007776049766719
SM,201630,49620--sample_49620_k141_689599,0.022028792831194792,1.849031675234543e-05,0.5015576323987538
SM,201630,49623--sample_49623_k141_283004,0.017246628206371316,1.0893984680646244e-05,0.5
SM,201630,49621--sample_49621_k141_803927,0.02089712246870153,1.6317004287491738e-05,0.5011673151750973
SM,201630,49620--sample_49620_k141_756043,0.017171902928320062,1.0947475765870399e-05,0.5
SM,201630,49624--sample_49624_k141_477029,0.02447535718446579,2.2970934716645622e-05,0.5023400936037441
SM,201630,49621--sample_49621_k141_972296,0.019582502839832337,1.4543430173076145e-05,0.5007776049766719
SM,201630,49628--sample_49628_k141_401383,0.01598271237030928,9.402959929263364e-06,0.49961210240496506
SM,201630,49623--sample_49623_k141_553477,0.020741113126126753,1.6491153870745855e-05,0.5011673151750973
SM,201630,49620--sample_49620_k141_629507,0.019592959859400565,1.4500787897831188e-05,0.5007776049766719
SM,201630,49627--sample_49627_k141_620853,0.017221326419119838,1.092723593694625e-05,0.5
SM,201630,49620--sample_49620_k141_346511,0.01965935168161359,1.4442809655077173e-05,0.5007776049766719
SM,201630,49620--sample_49620_k141_863497,0.01845748584248093,1.2589646297582791e-05,0.5003885003885004
SM,201630,49623--sample_49623_k141_418215,0.013469403537726165,6.64069058101232e-06,0.4988381099922541
SM,201630,49620--sample_49620_k141_802567,0.020975123591302068,1.6290777276231204e-05,0.5011673151750973
SM,201630,49628--sample_49628_k141_1208708,0.014853839571752766,7.854240758884218e-06,0.4992248062015504
SM,201630,49621--sample_49621_k141_484589,0.019774378628970923,1.433441702800812e-05,0.5007776049766719
SM,201630,49620--sample_49620_k141_809052,0.017214187141769432,1.0900504747437008e-05,0.5
SM,201630,49628--sample_49628_k141_1213396,0.018517887046791037,1.2519010704861232e-05,0.5003885003885004
SM,201630,49626--sample_49626_k141_546019,0.014684297355779261,7.98244663956453e-06,0.4988381099922541
SM,201630,49620--sample_49620_k141_475529,0.02088817233957647,1.6361160973388165e-05,0.5011673151750973
SM,201630,49628--sample_49628_k141_1253647,0.01712842323422113,1.0987861560873109e-05,0.5
SM,201630,49627--sample_49627_k141_212427,0.020914842607940617,1.6288883598536126e-05,0.5011673151750973
SM,201630,49628--sample_49628_k141_1537814,0.01714929761033624,1.101858252594418e-05,0.5
SM,201630,49625--sample_49625_k141_10991,0.024576009178788005,2.2813683306036868e-05,0.5023400936037441
SM,201630,49628--sample_49628_k141_820141,0.020965614513054533,1.6287144864937373e-05,0.5011673151750973
SM,201630,49628--sample_49628_k141_935385,0.018371620738120424,1.2694066433014857e-05,0.5003885003885004
SM,201630,49622--sample_49622_k141_790072,0.018333777921571637,1.269271024532182e-05,0.5003885003885004
SM,201630,49627--sample_49627_k141_866654,0.016076375442203226,9.279599980095124e-06,0.49961210240496506
SM,201630,49624--sample_49624_k141_512309,0.020716133647775057,1.6557641295890144e-05,0.5011673151750973
SM,201630,49620--sample_49620_k141_863061,0.018455399073074547,1.2575470499927188e-05,0.5003885003885004
SM,201630,49622--sample_49622_k141_1034107,0.02334031133465569,2.0582809846091152e-05,0.5019485580670304
SM,201630,49628--sample_49628_k141_1268454,0.018543745133174118,1.25209354635271e-05,0.5003885003885004
SM,201630,49620--sample_49620_k141_890514,0.016040073790079594,9.285603785166722e-06,0.49961210240496506
SM,201630,49623--sample_49623_k141_1191385,0.013449966573842951,6.7191242499516465e-06,0.4988381099922541
SM,201630,49620--sample_49620_k141_258666,0.022125786007401036,1.8376000988511666e-05,0.5015576323987538
SM,201630,49623--sample_49623_k141_181373,0.016052204478725362,9.304580777730078e-06,0.49961210240496506
SM,201630,49625--sample_49625_k141_492119,0.022114215676503252,1.839739121895892e-05,0.5015576323987538
SM,201630,49620--sample_49620_k141_652095,0.018437558864845473,1.2584274394384035e-05,0.5003885003885004
SM,201630,49626--sample_49626_k141_814437,0.023354523245741044,2.057536713771995e-05,0.5019485580670304
SM,201630,49625--sample_49625_k141_135647,0.020870223720610346,1.6409813868430194e-05,0.5011673151750973
SM,201630,49627--sample_49627_k141_505944,0.024613083890951962,2.2818307744104262e-05,0.5023400936037441
SM,201630,49625--sample_49625_k141_178018,0.023402899359056435,2.0529393816151594e-05,0.5019485580670304
SM,201630,49622--sample_49622_k141_1297772,0.014682712395033704,7.95987406035521e-06,0.4992248062015504
SM,201630,49623--sample_49623_k141_1029786,0.02091993383176673,1.6349249934345022e-05,0.5011673151750973
SM,201630,49623--sample_49623_k141_1276103,0.021984233470929215,1.854398491667386e-05,0.5015576323987538
SM,201630,49627--sample_49627_k141_357650,0.02695409636779402,2.787992489255477e-05,0.503125
SM,201630,49625--sample_49625_k141_191759,0.019681804883404742,1.4410673795356335e-05,0.5007776049766719
SM,201630,49628--sample_49628_k141_1435203,0.020961542841051978,1.6242866413837588e-05,0.5011673151750973
SM,201630,49624--sample_49624_k141_949654,0.016092257894312255,9.284451037994684e-06,0.49961210240496506
SM,201630,49620--sample_49620_k141_336548,0.022188112481697567,1.8369721415143626e-05,0.5015576323987538
SM,201630,49627--sample_49627_k141_712892,0.01840929125473205,1.2669464857426085e-05,0.5003885003885004
SM,201630,49625--sample_49625_k141_465783,0.01476698080344547,7.940668978484355e-06,0.4992248062015504
SM,201630,49620--sample_49620_k141_347894,0.020796924778650815,1.6496343823407156e-05,0.5011673151750973
SM,201630,49623--sample_49623_k141_1338728,0.020990820940163347,1.6293182463148585e-05,0.5011673151750973
SM,201630,49620--sample_49620_k141_424640,0.014713334005350957,7.937023984616756e-06,0.4992248062015504
SM,201630,49623--sample_49623_k141_1065488,0.019648735506783324,1.4404530653928725e-05,0.5007776049766719
SM,201630,49620--sample_49620_k141_573928,0.019733008022251544,1.4317077661314759e-05,0.5007776049766719
SM,201630,49625--sample_49625_k141_399586,0.019519409165931322,1.4556609352468445e-05,0.5007776049766719
SM,201630,49620--sample_49620_k141_818604,0.018543152892023913,1.2497278687831027e-05,0.5003885003885004
SM,201630,49623--sample_49623_k141_1327989,0.01952691085895692,1.4561431874605122e-05,0.5007776049766719
SM,201630,49623--sample_49623_k141_196496,0.02082082278051492,1.6457162904514546e-05,0.5011673151750973
SM,201630,49623--sample_49623_k141_852831,0.018318009359945226,1.2695851944162546e-05,0.5003885003885004
SM,201630,49623--sample_49623_k141_882330,0.020965028246573394,1.6302355396232917e-05,0.5011673151750973
SM,201630,49628--sample_49628_k141_1659717,0.02458651803404513,2.2878282359096933e-05,0.5023400936037441
SM,201630,49621--sample_49621_k141_1024002,0.019608118528452786,1.4503325301865606e-05,0.5007776049766719
SM,201630,49623--sample_49623_k141_568308,0.013719553332491452,6.472651553897436e-06,0.4988381099922541
SM,201630,49623--sample_49623_k141_1126180,0.0158921102277986,9.464143034015953e-06,0.49961210240496506
SM,201630,49624--sample_49624_k141_355515,0.01843566181716695,1.2631660373719488e-05,0.5003885003885004
SM,201630,49620--sample_49620_k141_765559,0.018458222058105416,1.260733704283047e-05,0.5003885003885004
SM,201630,49620--sample_49620_k141_785383,0.014884981196182723,7.836097840822737e-06,0.4992248062015504
SM,201630,49620--sample_49620_k141_92767,0.022139538708226162,1.8372217099037874e-05,0.5015576323987538
SM,201630,49624--sample_49624_k141_928685,0.02092793253940757,1.6328002795018994e-05,0.5011673151750973
SM,201630,49620--sample_49620_k141_709303,0.023232964704214994,2.0702912383242836e-05,0.5019485580670304
SM,201630,49623--sample_49623_k141_1060510,0.018378777904347603,1.2693856541732219e-05,0.5003885003885004
SM,201630,49623--sample_49623_k141_524298,0.019536377741912473,1.4513056099716718e-05,0.5007776049766719
SM,201630,49621--sample_49621_k141_875236,0.015907310682893666,9.43112298666576e-06,0.49961210240496506
SM,201630,49627--sample_49627_k141_272944,0.018466307237136995,1.2593460295768653e-05,0.5003885003885004
SM,201630,49621--sample_49621_k141_402365,0.01605454071979744,9.272096676580473e-06,0.49961210240496506
SM,201630,49620--sample_49620_k141_88663,0.022165285621621234,1.834494281482697e-05,0.5015576323987538
SM,201630,49620--sample_49620_k141_486486,0.019529499326194785,1.4579491661443013e-05,0.5007776049766719
SM,201630,49623--sample_49623_k141_1358298,0.016032913236394303,9.339670075296404e-06,0.49961210240496506
SM,201630,49627--sample_49627_k141_218199,0.024494906439359285,2.2971595812156123e-05,0.5023400936037441
SM,201630,49623--sample_49623_k141_232736,0.020811345411027755,1.642078593849696e-05,0.5011673151750973
SM,201630,49620--sample_49620_k141_901985,0.02325327148073543,2.0694351903193944e-05,0.5019485580670304
SM,201630,49620--sample_49620_k141_646366,0.017118213431217357,1.1022475761825278e-05,0.5
SM,201630,49623--sample_49623_k141_960129,0.018501502351116902,1.2585243261462618e-05,0.5003885003885004
SM,201630,49623--sample_49623_k141_241059,0.02582808368916069,2.523341621649234e-05,0.5027322404371585
SM,201630,49620--sample_49620_k141_853985,0.018425669458934698,1.2607101575624198e-05,0.5003885003885004
SM,201630,49622--sample_49622_k141_1306273,0.014633041010627214,8.01320695661378e-06,0.4992248062015504
SM,201630,49620--sample_49620_k141_365374,0.0233781279723835,2.0501645880626667e-05,0.5019485580670304
SM,201630,49623--sample_49623_k141_564461,0.018511154853517304,1.2581768612465275e-05,0.5003885003885004
SM,201630,49628--sample_49628_k141_1640420,0.017116349088343415,1.0989521150364192e-05,0.5
SM,201630,49628--sample_49628_k141_718209,0.019527411248268622,1.4568175724290118e-05,0.5007776049766719
SM,201630,49623--sample_49623_k141_760367,0.01720859774766757,1.0909084767861252e-05,0.5
SM,201630,49620--sample_49620_k141_49753,0.018423719007938988,1.2678425353765415e-05,0.5003885003885004
SM,201630,49623--sample_49623_k141_661486,0.020869803368578622,1.63405758783676e-05,0.5011673151750973
SM,201630,49627--sample_49627_k141_195166,0.024625572231698686,2.277644702998002e-05,0.5023400936037441
SM,201630,49628--sample_49628_k141_1299248,0.015924431884454037,9.433380503654878e-06,0.49961210240496506
SM,201630,49623--sample_49623_k141_938959,0.01956199008578432,1.4534157152651091e-05,0.5007776049766719
SM,201630,49624--sample_49624_k141_533801,0.01713148662289492,1.1013052947648728e-05,0.5
SM,201630,49621--sample_49621_k141_224055,0.02079291219438768,1.6508794768566008e-05,0.5011673151750973
SM,201630,49627--sample_49627_k141_323121,0.02451801696728829,2.2880221670116898e-05,0.5023400936037441
SM,201630,49623--sample_49623_k141_457796,0.01828268632472171,1.2732683434729443e-05,0.5003885003885004
SM,201630,49626--sample_49626_k141_755790,0.01959073915904978,1.4490542451270062e-05,0.5007776049766719
SM,201630,49625--sample_49625_k141_454481,0.018320234620621864,1.2774024066388886e-05,0.5003885003885004
SM,201630,49620--sample_49620_k141_70641,0.015861261483462185,9.475639726526748e-06,0.49961210240496506
SM,201630,49624--sample_49624_k141_97572,0.01844348095751548,1.2621367512616509e-05,0.5003885003885004
SM,201630,49620--sample_49620_k141_418151,0.012316589548163805,5.3886923224881e-06,0.4984520123839009
SM,201630,49621--sample_49621_k141_1010389,0.017249750279538966,1.092947592218277e-05,0.5
SM,201630,49620--sample_49620_k141_919365,0.02080859760842892,1.6466119743522465e-05,0.5011673151750973
SM,201630,49620--sample_49620_k141_259532,0.01843687581338726,1.2615714817016053e-05,0.5003885003885004
SM,201630,49622--sample_49622_k141_1244156,0.020948836249054616,1.6353100196020847e-05,0.5011673151750973
SM,201630,49628--sample_49628_k141_1125359,0.019637095767186953,1.444172520579196e-05,0.5007776049766719
SM,201630,49623--sample_49623_k141_559190,0.02462496877209033,2.2775610969321554e-05,0.5023400936037441
SM,201630,49623--sample_49623_k141_711938,0.027089139177040457,2.7700152983369593e-05,0.503125
SM,201630,49620--sample_49620_k141_466066,0.0170983295633693,1.1057674998062698e-05,0.5
SM,201630,49620--sample_49620_k141_378483,0.017219345990265783,1.0902959856746098e-05,0.5
SM,201630,49628--sample_49628_k141_1675224,0.02329975239608512,2.059846579712974e-05,0.5019485580670304
SM,201630,49624--sample_49624_k141_797817,0.01729341612134616,1.0868736689874717e-05,0.5
SM,201630,49623--sample_49623_k141_1243082,0.017126029908364714,1.1008150366300723e-05,0.5
SM,201630,49623--sample_49623_k141_785898,0.023287987378562695,2.0640121506358095e-05,0.5019485580670304
SM,201630,49621--sample_49621_k141_1034486,0.019596802525828686,1.4536888456189408e-05,0.5007776049766719
SM,201630,49620--sample_49620_k141_889730,0.018360477796905222,1.2707954760378983e-05,0.5003885003885004
SM,201630,49620--sample_49620_k141_671303,0.02092633500114294,1.632892246034371e-05,0.5011673151750973
SM,201630,49624--sample_49624_k141_567864,0.018406164238436808,1.2667737458326597e-05,0.5003885003885004
SM,201630,49620--sample_49620_k141_905364,0.019630692748038803,1.4467202239044602e-05,0.5007776049766719
SM,201630,49620--sample_49620_k141_878908,0.023305017328732098,2.0598768310322585e-05,0.5019485580670304
SM,201630,49620--sample_49620_k141_27744,0.02097574173304327,1.6266889109584486e-05,0.5011673151750973
SM,201630,49624--sample_49624_k141_1056874,0.01596146694271772,9.38713952381259e-06,0.49961210240496506
SM,201630,49627--sample_49627_k141_864816,0.02219545340274755,1.8356550130913502e-05,0.5015576323987538
SM,201630,49623--sample_49623_k141_677674,0.024631354817814456,2.282407007248469e-05,0.5023400936037441
SM,201630,49620--sample_49620_k141_389073,0.018330409406319182,1.2671232974627513e-05,0.5003885003885004
SM,201630,49627--sample_49627_k141_829165,0.01592593726583162,9.426415670143546e-06,0.49961210240496506
SM,201630,49627--sample_49627_k141_469894,0.01954058412408526,1.4563243556120255e-05,0.5007776049766719
SM,201630,49620--sample_49620_k141_882757,0.022252006458527072,1.8276392757270418e-05,0.5015576323987538
SM,201630,49621--sample_49621_k141_71256,0.019611900826825207,1.4524146066728808e-05,0.5007776049766719
SM,201630,49620--sample_49620_k141_774058,0.022099005683595015,1.8447780620788148e-05,0.5015576323987538
SM,201630,49623--sample_49623_k141_1064114,0.014660000815140297,8.02033811591042e-06,0.4992248062015504
SM,201630,49623--sample_49623_k141_500018,0.020833575089791802,1.638729911709259e-05,0.5011673151750973
SM,201630,49620--sample_49620_k141_289863,0.025758012486172127,2.5331671562013476e-05,0.5027322404371585
SM,201630,49623--sample_49623_k141_1029074,0.020935905102894413,1.6299129933414777e-05,0.5011673151750973
SM,201630,49623--sample_49623_k141_767519,0.01957345679403193,1.4461466093955982e-05,0.5007776049766719
SM,201630,49621--sample_49621_k141_584922,0.016041525218505173,9.30936702163739e-06,0.49961210240496506
SM,201630,49623--sample_49623_k141_779668,0.02077189197406217,1.6486844836252095e-05,0.5011673151750973
SM,201630,49620--sample_49620_k141_491955,0.01720354593800345,1.094887952695573e-05,0.5
SM,201630,49628--sample_49628_k141_1420505,0.022136939472116306,1.83829743077523e-05,0.5015576323987538
SM,201630,49627--sample_49627_k141_787512,0.01956620854476072,1.4534687012039363e-05,0.5007776049766719
SM,201630,49622--sample_49622_k141_677407,0.018384432295711916,1.2622460711553094e-05,0.5003885003885004
SM,201630,49620--sample_49620_k141_660138,0.02082540423742417,1.6458335207368472e-05,0.5011673151750973
SM,201630,49623--sample_49623_k141_854348,0.01579378288966896,9.490631547342636e-06,0.49961210240496506
SM,201630,49624--sample_49624_k141_725260,0.01969254551441131,1.4444412566714806e-05,0.5007776049766719
SM,201630,49627--sample_49627_k141_117580,0.022005530039782444,1.8517326487973544e-05,0.5015576323987538
SM,201630,49623--sample_49623_k141_1085947,0.020759561947927736,1.644586561719593e-05,0.5011673151750973
SM,201630,49623--sample_49623_k141_1306255,0.016055362136854674,9.334724765801976e-06,0.49961210240496506
SM,201630,49620--sample_49620_k141_894471,0.025785618405729113,2.5322587388795758e-05,0.5027322404371585
SM,201630,49620--sample_49620_k141_704684,0.01720720452964095,1.0939552552144195e-05,0.5
SM,201630,49628--sample_49628_k141_1721245,0.02334631015391786,2.0576069635082e-05,0.5019485580670304
SM,201630,49628--sample_49628_k141_999266,0.016061098291908413,9.29536578017924e-06,0.49961210240496506
SM,201630,49628--sample_49628_k141_813340,0.015977011358544704,9.392971463158297e-06,0.49961210240496506
SM,201630,49620--sample_49620_k141_752177,0.019744783132312496,1.4335403557814022e-05,0.5007776049766719
SM,201630,49620--sample_49620_k141_108148,0.016107163314452663,9.284873939426611e-06,0.49961210240496506
SM,201630,49620--sample_49620_k141_305001,0.01718133482480699,1.1004316426509112e-05,0.5
SM,201630,49620--sample_49620_k141_809408,0.021043052363868754,1.6191596693350472e-05,0.5011673151750973
SM,201630,49620--sample_49620_k141_298856,0.020997856940621843,1.6271186166994676e-05,0.5011673151750973
SM,201630,49620--sample_49620_k141_845971,0.014701815926030362,7.94742820249887e-06,0.4992248062015504
SM,201630,49620--sample_49620_k141_473883,0.014958126514860134,7.762631994454992e-06,0.4992248062015504
SM,201630,49623--sample_49623_k141_1322247,0.02097675912262577,1.6239406460854786e-05,0.5011673151750973
SM,201630,49623--sample_49623_k141_1050270,0.018584594217459005,1.2506073316795452e-05,0.5003885003885004
SM,201630,49627--sample_49627_k141_741011,0.023284608852267772,2.065681162435332e-05,0.5019485580670304
SM,201630,49620--sample_49620_k141_880152,0.021011245209833388,1.6274000649184577e-05,0.5011673151750973
SM,201630,49620--sample_49620_k141_311412,0.020811154811485662,1.6437359596800154e-05,0.5011673151750973
SM,201630,49627--sample_49627_k141_604251,0.022093571665541392,1.848067546163122e-05,0.5015576323987538
SM,201630,49620--sample_49620_k141_862254,0.01978397017468926,1.431909620442291e-05,0.5007776049766719
SM,201630,49620--sample_49620_k141_858421,0.014646482079456458,8.00266336891106e-06,0.4992248062015504
SM,201630,49628--sample_49628_k141_1354571,0.022143441646470783,1.8366431111092466e-05,0.5015576323987538
SM,201630,49623--sample_49623_k141_974752,0.02322519781972829,2.072209748295469e-05,0.5019485580670304
SM,201630,49625--sample_49625_k141_104980,0.02450668687369905,2.2989556034835094e-05,0.5023400936037441
SM,201630,49620--sample_49620_k141_897547,0.018255912609326318,1.2751035846188609e-05,0.5003885003885004
SM,201630,49623--sample_49623_k141_305095,0.01601496173656151,9.33203473669294e-06,0.49961210240496506
SM,201630,49620--sample_49620_k141_707658,0.018479125916771606,1.2580526736642513e-05,0.5003885003885004
SM,201630,49620--sample_49620_k141_464296,0.01842816756085047,1.262432559420168e-05,0.5003885003885004
SM,201630,49620--sample_49620_k141_58738,0.02215137567234805,1.836243911236447e-05,0.5015576323987538
SM,201630,49620--sample_49620_k141_221339,0.018466839859634376,1.2556346918507718e-05,0.5003885003885004
SM,201630,49620--sample_49620_k141_519009,0.020820214896913058,1.640810273759317e-05,0.5011673151750973
SM,201630,49620--sample_49620_k141_785591,0.01948230895049803,1.4610299440756113e-05,0.5007776049766719
SM,201630,49620--sample_49620_k141_545144,0.022153742602973585,1.8366571026848355e-05,0.5015576323987538
SM,201630,49627--sample_49627_k141_689341,0.02577514253482081,2.5297815125368887e-05,0.5027322404371585
SM,201630,49628--sample_49628_k141_443953,0.017196664289819363,1.0996369692568509e-05,0.5
SM,201630,49623--sample_49623_k141_909731,0.017220005070569377,1.091780585703168e-05,0.5
SM,201630,49623--sample_49623_k141_745389,0.02066473636787946,1.6570683201307396e-05,0.5011673151750973
SM,201630,49620--sample_49620_k141_123959,0.015923821939362065,9.428772356126814e-06,0.49961210240496506
SM,201630,49621--sample_49621_k141_18954,0.014752909901398591,7.95678819153461e-06,0.4992248062015504
SM,201630,49620--sample_49620_k141_611392,0.024419774320057017,2.3034410837758765e-05,0.5023400936037441
SM,201630,49620--sample_49620_k141_34923,0.02076430858373867,1.6491535312569783e-05,0.5011673151750973
SM,201630,49627--sample_49627_k141_825498,0.02583175720030917,2.5218506178601317e-05,0.5027322404371585
SM,201630,49620--sample_49620_k141_426288,0.022100957216652756,1.8415798881536437e-05,0.5015576323987538
SM,201630,49620--sample_49620_k141_797190,0.019802976157595492,1.4240446398549038e-05,0.5007776049766719
SM,201630,49620--sample_49620_k141_878757,0.013530743426379253,6.624632528575052e-06,0.4988381099922541
SM,201630,49620--sample_49620_k141_612686,0.02204854438963229,1.8441089779388786e-05,0.5015576323987538
SM,201630,49620--sample_49620_k141_336042,0.011007813560866333,4.373166657426167e-06,0.4980665119876257
SM,201630,49628--sample_49628_k141_1344925,0.02090210250396197,1.6354526535354352e-05,0.5011673151750973
SM,201630,49621--sample_49621_k141_767634,0.019713722885457835,1.434995609112048e-05,0.5007776049766719
SM,201630,49628--sample_49628_k141_1441280,0.022169599580366923,1.838458785289746e-05,0.5015576323987538
SM,201630,49625--sample_49625_k141_424543,0.013502674980859213,6.644194332155027e-06,0.4988381099922541
SM,201630,49627--sample_49627_k141_63191,0.02195615734006405,1.862237717765678e-05,0.5015576323987538
SM,201630,49623--sample_49623_k141_142584,0.014865409019871038,7.826251792915478e-06,0.4992248062015504
SM,201630,49620--sample_49620_k141_634331,0.023397029532213953,2.0571312365807157e-05,0.5019485580670304
SM,201630,49622--sample_49622_k141_237199,0.012173124007745248,5.469872164171053e-06,0.4984520123839009
SM,201630,49623--sample_49623_k141_447354,0.024644798314887025,2.283299181669948e-05,0.5023400936037441
SM,201630,49620--sample_49620_k141_400844,0.015969790524604788,9.421143429554488e-06,0.49961210240496506
SM,201630,49620--sample_49620_k141_458278,0.020837501882734578,1.6378753183029767e-05,0.5011673151750973
SM,201630,49623--sample_49623_k141_1350425,0.017291342294140838,1.08496304666506e-05,0.5
SM,201630,49620--sample_49620_k141_611969,0.020798112938203567,1.647126629266792e-05,0.5011673151750973
SM,201630,49620--sample_49620_k141_109507,0.025713258058917745,2.539115232604942e-05,0.5027322404371585
SM,201630,49623--sample_49623_k141_1060122,0.028274789283411834,3.0432064186314873e-05,0.5035183737294762
SM,201630,49627--sample_49627_k141_875042,0.020938817087918483,1.62860448504095e-05,0.5011673151750973
SM,201630,49628--sample_49628_k141_169027,0.014713157162842952,7.950190074870967e-06,0.4992248062015504
SM,201630,49623--sample_49623_k141_604689,0.022135473127527592,1.8401155379058502e-05,0.5015576323987538
SM,201630,49623--sample_49623_k141_735064,0.02088698866541001,1.6384542043572022e-05,0.5011673151750973
SM,201630,49623--sample_49623_k141_182928,0.017187395525836886,1.0949168181299973e-05,0.5
SM,201630,49628--sample_49628_k141_544373,0.01957332487052078,1.4505483978844081e-05,0.5007776049766719
SM,201630,49623--sample_49623_k141_629916,0.024591349391008696,2.280977778864516e-05,0.5023400936037441
SM,201630,49624--sample_49624_k141_503759,0.019736402779416,1.4374544035167158e-05,0.5007776049766719
SM,201630,49623--sample_49623_k141_659201,0.02348995891615909,2.040801136509481e-05,0.5019485580670304
SM,201630,49620--sample_49620_k141_106568,0.01852079997477797,1.2541347804794331e-05,0.5003885003885004
SM,201630,49623--sample_49623_k141_906484,0.016103084652812148,9.306864269783567e-06,0.49961210240496506
SM,201630,49620--sample_49620_k141_378030,0.024534863128275134,2.2898431631264086e-05,0.5023400936037441
SM,201630,49623--sample_49623_k141_1305944,0.018474465077385618,1.2611924583206778e-05,0.5003885003885004
SM,201630,49623--sample_49623_k141_1375097,0.016004139096283072,9.373467852347848e-06,0.49961210240496506
SM,201630,49625--sample_49625_k141_244511,0.01971518349989097,1.4399420454496427e-05,0.5007776049766719
SM,201630,49620--sample_49620_k141_639941,0.01610701294854623,9.326603857674877e-06,0.49961210240496506
SM,201630,49623--sample_49623_k141_435193,0.022162306781874242,1.830833249300759e-05,0.5015576323987538
SM,201630,49627--sample_49627_k141_356105,0.0233869511850414,2.054285945198458e-05,0.5019485580670304
SM,201630,49623--sample_49623_k141_1038317,0.021993564747292572,1.85155743811762e-05,0.5015576323987538
SM,201630,49627--sample_49627_k141_663776,0.02099412831452089,1.6254159498200628e-05,0.5011673151750973
SM,201630,49620--sample_49620_k141_417201,0.020967381195384858,1.6324202679213536e-05,0.5011673151750973
SM,201630,49620--sample_49620_k141_745399,0.019506513941256735,1.455831543227687e-05,0.5007776049766719
SM,201630,49621--sample_49621_k141_829693,0.020934594388137183,1.630632624769268e-05,0.5011673151750973
SM,201630,49623--sample_49623_k141_649493,0.019769417023857212,1.433228567664014e-05,0.5007776049766719
SM,201630,49620--sample_49620_k141_779465,0.013491334765969898,6.6381969980720475e-06,0.4988381099922541
SM,201630,49621--sample_49621_k141_1073290,0.0196932761241123,1.4439234411964732e-05,0.5007776049766719
SM,201630,49620--sample_49620_k141_370309,0.01844683486925674,1.2614890581098455e-05,0.5003885003885004
SM,201630,49628--sample_49628_k141_1201807,0.018379743055838723,1.2672141275308614e-05,0.5003885003885004
SM,201630,49620--sample_49620_k141_436252,0.015950987589003398,9.38764526563773e-06,0.49961210240496506
SM,201630,49620--sample_49620_k141_709318,0.022134887604827375,1.8354769618468134e-05,0.5015576323987538
SM,201630,49620--sample_49620_k141_838211,0.01596501086738559,9.41682206580515e-06,0.49961210240496506
SM,201630,49620--sample_49620_k141_336741,0.012326107806853425,5.386640884984052e-06,0.4980665119876257
SM,201630,49627--sample_49627_k141_882587,0.018395579539118447,1.2646667448621436e-05,0.5003885003885004
SM,201630,49626--sample_49626_k141_299629,0.019668450522481746,1.4366498099344567e-05,0.5007776049766719
SM,201630,49620--sample_49620_k141_126210,0.0196799515960863,1.4389751367491417e-05,0.5007776049766719
SM,201630,49627--sample_49627_k141_340580,0.0159349740451068,9.411059023302593e-06,0.49961210240496506
SM,201630,49621--sample_49621_k141_1098185,0.01723858443480217,1.0922845584379582e-05,0.5
SM,201630,49620--sample_49620_k141_443929,0.021045383736160744,1.6195218891057654e-05,0.5011673151750973
SM,201630,49628--sample_49628_k141_1264346,0.0147022609008462,7.942862829174681e-06,0.4992248062015504
SM,201630,49624--sample_49624_k141_808763,0.02202920615694129,1.845911622845757e-05,0.5015576323987538
SM,201630,49623--sample_49623_k141_620155,0.019589867131147666,1.4539603510363635e-05,0.5007776049766719
SM,201630,49623--sample_49623_k141_504674,0.01963776148548905,1.4433875440840541e-05,0.5007776049766719
SM,201630,49621--sample_49621_k141_806044,0.018442338121032815,1.2625362436448121e-05,0.5003885003885004
SM,201630,49623--sample_49623_k141_955947,0.024558708308744653,2.2923380434401545e-05,0.5023400936037441
SM,201630,49623--sample_49623_k141_639263,0.020970485519541848,1.6316957184984368e-05,0.5011673151750973
SM,201630,49620--sample_49620_k141_293767,0.019800674208267696,1.4304451798301891e-05,0.5007776049766719
SM,201630,49620--sample_49620_k141_585705,0.014591961676376924,8.086312269711425e-06,0.4992248062015504
SM,201630,49620--sample_49620_k141_748976,0.020960216387527816,1.6275834019317885e-05,0.5011673151750973
SM,201630,49620--sample_49620_k141_25330,0.020858016297657576,1.641795155492759e-05,0.5011673151750973
SM,201630,49627--sample_49627_k141_661679,0.018377301438264226,1.2638526171124593e-05,0.5003885003885004
SM,201630,49620--sample_49620_k141_623844,0.025850545990385148,2.523104435717416e-05,0.5027322404371585
SM,201630,49620--sample_49620_k141_122298,0.027079066219296153,2.7788560895310407e-05,0.503125
SM,201630,49623--sample_49623_k141_832889,0.02345993460395857,2.044506285691117e-05,0.5019485580670304
SM,201630,49623--sample_49623_k141_1005056,0.01604622350864278,9.33741199655894e-06,0.49961210240496506
SM,201630,49620--sample_49620_k141_895151,0.02094329743051904,1.631102245798062e-05,0.5011673151750973
SM,201630,49620--sample_49620_k141_807767,0.02086463069425825,1.6397985063732155e-05,0.5011673151750973
SM,201630,49623--sample_49623_k141_941570,0.019716052175215538,1.440306086229505e-05,0.5007776049766719
SM,201630,49628--sample_49628_k141_1852,0.0159365091962488,9.403304217910706e-06,0.49961210240496506
SM,201630,49623--sample_49623_k141_1218155,0.022065868858320643,1.852603301226261e-05,0.5015576323987538
SM,201630,49620--sample_49620_k141_531304,0.024612395721069467,2.2842489972460367e-05,0.5023400936037441
SM,201630,49620--sample_49620_k141_525399,0.01962989671247519,1.448324755024964e-05,0.5007776049766719
SM,201630,49627--sample_49627_k141_867888,0.015851126030152284,9.522113248139302e-06,0.49961210240496506
SM,201630,49628--sample_49628_k141_1292410,0.023337698632506905,2.0582739878079228e-05,0.5019485580670304
SM,201630,49624--sample_49624_k141_367618,0.02205555107244026,1.8443845228303627e-05,0.5015576323987538
SM,201630,49620--sample_49620_k141_336437,0.02333588736447721,2.057088674789077e-05,0.5019485580670304
SM,201630,49620--sample_49620_k141_300555,0.020971332840236598,1.6328955588398443e-05,0.5011673151750973
SM,201630,49623--sample_49623_k141_932595,0.019582758247518883,1.4519434871036436e-05,0.5007776049766719
SM,201630,49624--sample_49624_k141_886731,0.02219973972644783,1.8314412691993027e-05,0.5015576323987538
SM,201630,49628--sample_49628_k141_896519,0.019647241071293862,1.4498879787639309e-05,0.5007776049766719
SM,201630,49620--sample_49620_k141_537973,0.022175543133335765,1.8333602504843887e-05,0.5015576323987538
SM,201630,49620--sample_49620_k141_241114,0.0160672555660908,9.30850786352143e-06,0.49961210240496506
SM,201630,49621--sample_49621_k141_675292,0.018359498616398056,1.2713915686717252e-05,0.5003885003885004
SM,201630,49620--sample_49620_k141_713240,0.019592092204449345,1.4497217496558612e-05,0.5007776049766719
SM,201630,49628--sample_49628_k141_1335931,0.018483447835480588,1.2540994627939916e-05,0.5003885003885004
SM,201630,49628--sample_49628_k141_1578820,0.019715278505798718,1.4403737630161976e-05,0.5007776049766719
SM,201630,49623--sample_49623_k141_595193,0.01840354093372429,1.265076900738216e-05,0.5003885003885004
SM,201630,49620--sample_49620_k141_345775,0.017092028260932254,1.1015605774424545e-05,0.5
SM,201630,49628--sample_49628_k141_1486095,0.010954087099849885,4.397154433371755e-06,0.4980665119876257
SM,201630,49623--sample_49623_k141_635168,0.012175972738389246,5.451466205406212e-06,0.4984520123839009
SM,201630,49624--sample_49624_k141_857349,0.016160346361644724,9.203525131023101e-06,0.49961210240496506
SM,201630,49623--sample_49623_k141_921694,0.019725182539227677,1.436613711454073e-05,0.5007776049766719
SM,201630,49628--sample_49628_k141_870812,0.019684747832544886,1.4414122027828446e-05,0.5007776049766719
SM,201630,49620--sample_49620_k141_810609,0.01706776389399119,1.1035194684977407e-05,0.5
SM,201630,49628--sample_49628_k141_729278,0.02458647925062792,2.2831145201882617e-05,0.5023400936037441
SM,201630,49623--sample_49623_k141_805715,0.020775793935507304,1.6464248801213285e-05,0.5011673151750973
SM,201630,49623--sample_49623_k141_1004039,0.021940982525101186,1.858366544276843e-05,0.5015576323987538
SM,201630,49623--sample_49623_k141_783197,0.01968965704726501,1.4463758651511299e-05,0.5007776049766719
SM,201630,49623--sample_49623_k141_375876,0.02091729319565372,1.6336393591576365e-05,0.5011673151750973
SM,201630,49620--sample_49620_k141_409549,0.022121549553959553,1.8380314914822094e-05,0.5015576323987538
SM,201630,49628--sample_49628_k141_1401107,0.024444018394196767,2.2988819504821914e-05,0.5023400936037441
SM,201630,49623--sample_49623_k141_544588,0.017215238748708027,1.0929901139169735e-05,0.5
SM,201630,49620--sample_49620_k141_402231,0.019698392141750155,1.4394263258826866e-05,0.5007776049766719
SM,201630,49623--sample_49623_k141_985280,0.018321901522162714,1.2726556462650577e-05,0.5003885003885004
SM,201630,49623--sample_49623_k141_91927,0.015849139786091572,9.507051153620753e-06,0.49961210240496506
SM,201630,49623--sample_49623_k141_1330012,0.017349422317298222,1.0811430335925267e-05,0.5
SM,201630,49620--sample_49620_k141_596290,0.016191079321184455,9.206875950324935e-06,0.49961210240496506
SM,201630,49628--sample_49628_k141_1712723,0.020733851944604954,1.6529421818599632e-05,0.5011673151750973
SM,201630,49623--sample_49623_k141_1131227,0.02311191339428024,2.0815767459892223e-05,0.5019485580670304
SM,201630,49627--sample_49627_k141_313292,0.02587102821172477,2.5150650151332217e-05,0.5027322404371585
SM,201630,49620--sample_49620_k141_209439,0.024615573760332674,2.2773574484620662e-05,0.5023400936037441
SM,201630,49627--sample_49627_k141_512927,0.01610880069644475,9.264324404755666e-06,0.49961210240496506
SM,201630,49620--sample_49620_k141_780576,0.019697801937513717,1.4425323738525432e-05,0.5007776049766719
SM,201630,49620--sample_49620_k141_680328,0.014880843119987898,7.877528324840295e-06,0.4992248062015504
SM,201630,49620--sample_49620_k141_471906,0.016031265986243753,9.374746788831014e-06,0.49961210240496506
SM,201630,49620--sample_49620_k141_1427,0.022218002550144614,1.8292495126783076e-05,0.5015576323987538
SM,201630,49627--sample_49627_k141_576506,0.017069585686398957,1.1094491851647356e-05,0.5
SM,201630,49624--sample_49624_k141_183073,0.02205536631678786,1.8457478945912437e-05,0.5015576323987538
SM,201630,49623--sample_49623_k141_440584,0.022283899615816262,1.8231279666465037e-05,0.5015576323987538
SM,201630,49620--sample_49620_k141_596468,0.018516896815760166,1.2550705100035372e-05,0.5003885003885004
SM,201630,49620--sample_49620_k141_180772,0.02201275434127228,1.852102999387966e-05,0.5015576323987538
SM,201630,49623--sample_49623_k141_450039,0.020914731995186137,1.6335420368509464e-05,0.5011673151750973
SM,201630,49620--sample_49620_k141_267223,0.027005826003661797,2.7825878914354493e-05,0.503125
SM,201630,49627--sample_49627_k141_739479,0.027031808444656538,2.7749574326990173e-05,0.503125
SM,201630,49620--sample_49620_k141_400183,0.020812798914845426,1.6446584995453417e-05,0.5011673151750973
SM,201630,49620--sample_49620_k141_670690,0.019628032724273554,1.449836434001149e-05,0.5007776049766719
SM,201630,49623--sample_49623_k141_259650,0.018344080453262256,1.2749876751387028e-05,0.5003885003885004
SM,201630,49623--sample_49623_k141_549495,0.0269818373895555,2.7855369653068528e-05,0.503125
SM,201630,49620--sample_49620_k141_776021,0.020771103043490106,1.649606785375938e-05,0.5011673151750973
SM,201630,49620--sample_49620_k141_196964,0.020838309433030385,1.6436704216613e-05,0.5011673151750973
SM,201630,49620--sample_49620_k141_840562,0.023386185177596594,2.0521999890908493e-05,0.5019485580670304
SM,201630,49623--sample_49623_k141_518176,0.014773059762756282,7.929623546641519e-06,0.4992248062015504
SM,201630,49627--sample_49627_k141_654175,0.023338632738885253,2.056050626986533e-05,0.5019485580670304
SM,201630,49627--sample_49627_k141_414467,0.018371338270510237,1.2705998101632866e-05,0.5003885003885004
SM,201630,49623--sample_49623_k141_1247076,0.020796183041863477,1.6451070185606535e-05,0.5011673151750973
SM,201630,49620--sample_49620_k141_374157,0.013521190492262901,6.587557309477994e-06,0.4988381099922541
SM,201630,49620--sample_49620_k141_275674,0.022080232079218123,1.8443176607782248e-05,0.5015576323987538
SM,201630,49620--sample_49620_k141_577314,0.022228204374588348,1.8251131360856534e-05,0.5015576323987538
SM,201630,49620--sample_49620_k141_378471,0.013661726116273323,6.509446326570832e-06,0.4988381099922541
SM,201630,49624--sample_49624_k141_942387,0.022052838976907675,1.8440188031704698e-05,0.5015576323987538
SM,201630,49628--sample_49628_k141_1506561,0.02199488176240485,1.8514621898794844e-05,0.5015576323987538
SM,201630,49624--sample_49624_k141_837100,0.01958222303522643,1.4467946410359863e-05,0.5007776049766719
SM,201630,49620--sample_49620_k141_697673,0.022058948430435148,1.8420680454534837e-05,0.5015576323987538
SM,201630,49623--sample_49623_k141_837177,0.019683549383358857,1.4422000190952751e-05,0.5007776049766719
SM,201630,49623--sample_49623_k141_274362,0.01709208505946132,1.1013961608639773e-05,0.5
SM,201630,49623--sample_49623_k141_283253,0.01698974421066971,1.1084316062956397e-05,0.5
SM,201630,49623--sample_49623_k141_379355,0.018279831293736254,1.273084193748359e-05,0.5003885003885004
SM,201630,49623--sample_49623_k141_180157,0.022141416349768482,1.833536214624005e-05,0.5015576323987538
SM,201630,49620--sample_49620_k141_475809,0.023346635446601566,2.0514794885314756e-05,0.5019485580670304
SM,201630,49623--sample_49623_k141_739376,0.01600706588556571,9.353773438187052e-06,0.49961210240496506
SM,201630,49621--sample_49621_k141_178506,0.027101034646399014,2.77243679887846e-05,0.503125
SM,201630,49620--sample_49620_k141_588205,0.017236091987403862,1.089537051067622e-05,0.5
SM,201630,49623--sample_49623_k141_762414,0.015900043722626253,9.430709760341187e-06,0.49961210240496506
SM,201630,49620--sample_49620_k141_308469,0.019626385382296087,1.446805239093779e-05,0.5007776049766719
SM,201630,49620--sample_49620_k141_344961,0.019605797035525622,1.4440699206768714e-05,0.5007776049766719
SM,201630,49628--sample_49628_k141_960275,0.02221977196786027,1.8308095568290784e-05,0.5015576323987538
SM,201630,49628--sample_49628_k141_1438869,0.020975473376604433,1.6243365567035245e-05,0.5011673151750973
SM,201630,49620--sample_49620_k141_216516,0.021902682081717573,1.8676919826124687e-05,0.5015576323987538
SM,201630,49620--sample_49620_k141_140542,0.02213327841419855,1.842820742573096e-05,0.5015576323987538
SM,201630,49620--sample_49620_k141_350606,0.020862865950507025,1.640692106104585e-05,0.5011673151750973
SM,201630,49622--sample_49622_k141_541922,0.02205140062388751,1.8508577060788337e-05,0.5015576323987538
SM,201630,49620--sample_49620_k141_562938,0.01953373893928034,1.4528107483809866e-05,0.5007776049766719
SM,201630,49620--sample_49620_k141_345569,0.01843591479474162,1.2632858144670965e-05,0.5003885003885004
SM,201630,49620--sample_49620_k141_268279,0.018366183311198398,1.2668725309103405e-05,0.5003885003885004
SM,201630,49620--sample_49620_k141_280585,0.017079689683967284,1.1005027419571602e-05,0.5
SM,201630,49627--sample_49627_k141_725460,0.019640927728619712,1.4483653105363585e-05,0.5007776049766719
SM,201630,49628--sample_49628_k141_884471,0.013532821280393336,6.5861480506771494e-06,0.4988381099922541
SM,201630,49628--sample_49628_k141_389027,0.01961344465968641,1.4457443633731875e-05,0.5007776049766719
SM,201630,49620--sample_49620_k141_868983,0.028182435686226467,3.0544906442318765e-05,0.5035183737294762
SM,201630,49623--sample_49623_k141_441108,0.01968540381148217,1.438510687079531e-05,0.5007776049766719
SM,201630,49620--sample_49620_k141_469999,0.023352906116349086,2.0554368521148246e-05,0.5019485580670304
SM,201630,49620--sample_49620_k141_853803,0.01843157638969549,1.2633144182598816e-05,0.5003885003885004
SM,201630,49620--sample_49620_k141_848181,0.01838210521832464,1.2679926468452784e-05,0.5003885003885004
SM,201630,49627--sample_49627_k141_696542,0.020958110096063878,1.6269955982372582e-05,0.5011673151750973
SM,201630,49620--sample_49620_k141_794699,0.022137742582414317,1.8383588001286452e-05,0.5015576323987538
SM,201630,49620--sample_49620_k141_614701,0.024550236965053984,2.2872181143116617e-05,0.5023400936037441
SM,201630,49620--sample_49620_k141_175692,0.014684996315434972,7.983289280083518e-06,0.4992248062015504
SM,201630,49625--sample_49625_k141_399547,0.01978577100821648,1.4306844656757848e-05,0.5007776049766719
SM,201630,49620--sample_49620_k141_714399,0.020938427580541312,1.631257451883436e-05,0.5011673151750973
SM,201630,49628--sample_49628_k141_1350362,0.020867249253935616,1.6336533613813564e-05,0.5011673151750973
SM,201630,49620--sample_49620_k141_642954,0.014791995510853972,7.878967522620441e-06,0.4988381099922541
SM,201630,49628--sample_49628_k141_1269653,0.018582479311949698,1.2527512217856873e-05,0.5003885003885004
SM,201630,49628--sample_49628_k141_1723366,0.017164977743989625,1.0991140162627248e-05,0.5
SM,201630,49622--sample_49622_k141_970025,0.01837630667721617,1.2681213553362349e-05,0.5003885003885004
SM,201630,49627--sample_49627_k141_421323,0.01955726733717716,1.4481015433941911e-05,0.5007776049766719
SM,201630,49628--sample_49628_k141_1029201,0.01475130245357067,7.914930473355572e-06,0.4992248062015504
SM,201630,49628--sample_49628_k141_1211821,0.01963777486706701,1.4449799818959801e-05,0.5007776049766719
SM,201630,49622--sample_49622_k141_822455,0.01960899803935406,1.450007361393669e-05,0.5007776049766719
SM,201630,49620--sample_49620_k141_584834,0.01970981446081188,1.4380607539868011e-05,0.5007776049766719
SM,201630,49620--sample_49620_k141_750463,0.01707859562030864,1.1085913059263615e-05,0.5
SM,201630,49623--sample_49623_k141_19062,0.02225139717790693,1.826847281293888e-05,0.5015576323987538
SM,201630,49628--sample_49628_k141_1303741,0.013598258910726913,6.575602187356323e-06,0.4988381099922541
SM,201630,49627--sample_49627_k141_598482,0.02097125553576538,1.6281748321388876e-05,0.5011673151750973
SM,201630,49623--sample_49623_k141_1355655,0.015968133484974424,9.363675339555483e-06,0.49961210240496506
SM,201630,49623--sample_49623_k141_303771,0.019739895855253115,1.4367631939929942e-05,0.5007776049766719
SM,201630,49620--sample_49620_k141_609283,0.018333499880803624,1.2700702464905914e-05,0.5003885003885004
SM,201630,49628--sample_49628_k141_1400465,0.015945807873296483,9.391750261316412e-06,0.49961210240496506
SM,201630,49621--sample_49621_k141_1077144,0.014699739423638437,7.957026908790983e-06,0.4992248062015504
SM,201630,49620--sample_49620_k141_175085,0.020895115793202915,1.6302945443299744e-05,0.5011673151750973
SM,201630,49620--sample_49620_k141_473245,0.01852632173400178,1.2535181765977405e-05,0.5003885003885004
SM,201630,49628--sample_49628_k141_751758,0.014793466421940014,7.89737385229123e-06,0.4992248062015504
SM,201630,49620--sample_49620_k141_529134,0.019604929933590375,1.4460618178415382e-05,0.5007776049766719
SM,201630,49623--sample_49623_k141_854320,0.020925936251918097,1.637924760255946e-05,0.5011673151750973
SM,201630,49620--sample_49620_k141_479378,0.02095720389257423,1.6345103001929614e-05,0.5011673151750973
SM,201630,49623--sample_49623_k141_485845,0.023267087210440233,2.060475952606523e-05,0.5019485580670304
SM,201630,49623--sample_49623_k141_1104290,0.022001433839017814,1.8535588421396634e-05,0.5015576323987538
SM,201630,49620--sample_49620_k141_802175,0.014765484643355373,7.919673027049542e-06,0.4992248062015504
SM,201630,49620--sample_49620_k141_708196,0.020779432997001468,1.646134677141687e-05,0.5011673151750973
SM,201630,49623--sample_49623_k141_239529,0.01719006944668141,1.0941846797017512e-05,0.5
SM,201630,49627--sample_49627_k141_524154,0.02458969207769896,2.2861298305173864e-05,0.5023400936037441
SM,201630,49627--sample_49627_k141_871592,0.0233535747831712,2.0606195446257447e-05,0.5019485580670304
SM,201630,49624--sample_49624_k141_462272,0.01962286102859149,1.4449952220147632e-05,0.5007776049766719
SM,201630,49620--sample_49620_k141_609029,0.019619360801463336,1.448173245746621e-05,0.5007776049766719
SM,201630,49627--sample_49627_k141_650344,0.020901491169546038,1.6318479278389263e-05,0.5011673151750973
SM,201630,49620--sample_49620_k141_792699,0.017228916064204583,1.0875274347481199e-05,0.5
SM,201630,49620--sample_49620_k141_882729,0.013587518455824673,6.570067634049635e-06,0.4988381099922541
SM,201630,49620--sample_49620_k141_510128,0.023421607547174473,2.052398181054128e-05,0.5019485580670304
SM,201630,49620--sample_49620_k141_828425,0.019762940229613175,1.4324550953529344e-05,0.5007776049766719
SM,201630,49623--sample_49623_k141_973496,0.013550007164559747,6.623840510003312e-06,0.4988381099922541
SM,201630,49623--sample_49623_k141_593582,0.023200784297188595,2.077903607824871e-05,0.5019485580670304
SM,201630,49621--sample_49621_k141_409291,0.022230125174867065,1.832962772961465e-05,0.5015576323987538
SM,201630,49620--sample_49620_k141_700704,0.014705540069054328,7.97566571068357e-06,0.4992248062015504
SM,201630,49623--sample_49623_k141_1317120,0.020888398983706546,1.6348507567998102e-05,0.5011673151750973
SM,201630,49623--sample_49623_k141_727605,0.01728299924999594,1.088501108619955e-05,0.5
SM,201630,49628--sample_49628_k141_1487610,0.014697321807967706,7.989971383071301e-06,0.4992248062015504
SM,201630,49627--sample_49627_k141_858468,0.023345456495573017,2.0600273405630627e-05,0.5019485580670304
SM,201630,49623--sample_49623_k141_170441,0.02453959669961032,2.2840340591244686e-05,0.5023400936037441
SM,201630,49628--sample_49628_k141_1767191,0.024572800192682633,2.2908721728591446e-05,0.5023400936037441
SM,201630,49627--sample_49627_k141_190321,0.01857163160168268,1.2498703570571743e-05,0.5003885003885004
SM,201630,49627--sample_49627_k141_749238,0.020855423634074506,1.6448567014965544e-05,0.5011673151750973
SM,201630,49620--sample_49620_k141_552424,0.014650047094403294,8.009061783694477e-06,0.4992248062015504
SM,201630,49623--sample_49623_k141_828017,0.02219552135289874,1.830591934932901e-05,0.5015576323987538
SM,201630,49627--sample_49627_k141_462720,0.02571634073944973,2.5378891290792134e-05,0.5027322404371585
SM,201630,49621--sample_49621_k141_762393,0.015996996341849413,9.401797231596872e-06,0.49961210240496506
SM,201630,49620--sample_49620_k141_900294,0.025826810955013445,2.5296145833274513e-05,0.5027322404371585
SM,201630,49621--sample_49621_k141_452052,0.014785660950530815,7.93873119357744e-06,0.4992248062015504
SM,201630,49621--sample_49621_k141_784926,0.020991504887546867,1.6288280076774138e-05,0.5011673151750973
SM,201630,49620--sample_49620_k141_464073,0.01350809835056596,6.5946640309148455e-06,0.4988381099922541
SM,201630,49623--sample_49623_k141_402753,0.01703023839577684,1.1080802677008523e-05,0.5
SM,201630,49626--sample_49626_k141_514911,0.025651756127944503,2.552798156472434e-05,0.5027322404371585
SM,201630,49620--sample_49620_k141_89916,0.01835842192182113,1.2719677011984203e-05,0.5003885003885004
SM,201630,49621--sample_49621_k141_394250,0.018271659949454167,1.2746779202568704e-05,0.5003885003885004
SM,201630,49621--sample_49621_k141_806897,0.0220125780119537,1.850411021834392e-05,0.5015576323987538
SM,201630,49628--sample_49628_k141_934206,0.012134035054037448,5.510223291853097e-06,0.4984520123839009
SM,201630,49628--sample_49628_k141_1580996,0.023385046243445336,2.0515066414354555e-05,0.5019485580670304
SM,201630,49623--sample_49623_k141_731714,0.02217456954323,1.837859879591778e-05,0.5015576323987538
SM,201630,49623--sample_49623_k141_770561,0.014813520299292079,7.874297636688924e-06,0.4992248062015504
SM,201630,49627--sample_49627_k141_829391,0.014620097785054438,8.00582367082641e-06,0.4992248062015504
SM,201630,49627--sample_49627_k141_571973,0.02217285547242443,1.8360091540647076e-05,0.5015576323987538
SM,201630,49620--sample_49620_k141_93113,0.020854606429403705,1.6475770113131452e-05,0.5011673151750973
SM,201630,49623--sample_49623_k141_687281,0.022072457310935358,1.8435576780359983e-05,0.5015576323987538
SM,201630,49626--sample_49626_k141_590008,0.01588155149881126,9.388781300609222e-06,0.49961210240496506
SM,201630,49620--sample_49620_k141_895379,0.019777033595096118,1.4305808643261604e-05,0.5007776049766719
SM,201630,49620--sample_49620_k141_98203,0.015815075945436352,9.478738621364446e-06,0.49961210240496506
SM,201630,49625--sample_49625_k141_188852,0.017263303497890882,1.094362665539042e-05,0.5
SM,201630,49620--sample_49620_k141_313162,0.018285396550776295,1.2812546376913455e-05,0.5003885003885004
SM,201630,49627--sample_49627_k141_276556,0.020798826946702525,1.6464361692954457e-05,0.5011673151750973
SM,201630,49628--sample_49628_k141_1632557,0.02335678049579023,2.0553448246885862e-05,0.5019485580670304
SM,201630,49623--sample_49623_k141_1254467,0.01579398627805787,9.51638074818872e-06,0.49961210240496506
SM,201630,49623--sample_49623_k141_824443,0.016007250812258744,9.349866744785822e-06,0.49961210240496506
SM,201630,49620--sample_49620_k141_806638,0.020835491113319966,1.6434603760681884e-05,0.5011673151750973
SM,201630,49620--sample_49620_k141_304248,0.015924774807266426,9.450924034913487e-06,0.49961210240496506
SM,201630,49620--sample_49620_k141_174776,0.023324549596002563,2.063225689937369e-05,0.5019485580670304
SM,201630,49620--sample_49620_k141_347387,0.019742717693484606,1.4322636859509664e-05,0.5007776049766719
SM,201630,49627--sample_49627_k141_177413,0.023398906652498355,2.045739011254657e-05,0.5019485580670304
SM,201630,49620--sample_49620_k141_386392,0.017201427042798666,1.0973548008232746e-05,0.5
SM,201630,49620--sample_49620_k141_822760,0.014713694027692409,7.967970287739537e-06,0.4992248062015504
SM,201630,49627--sample_49627_k141_319949,0.02336975112510029,2.05115463980724e-05,0.5019485580670304
SM,201630,49620--sample_49620_k141_343081,0.01975940805524127,1.4330870172863819e-05,0.5007776049766719
SM,201630,49620--sample_49620_k141_629202,0.021997154152406544,1.856037697959955e-05,0.5015576323987538
SM,201630,49620--sample_49620_k141_300959,0.017145634153774316,1.0967194609760071e-05,0.5
SM,201630,49628--sample_49628_k141_964811,0.023328686816437443,2.0580236691196468e-05,0.5019485580670304
SM,201630,49620--sample_49620_k141_498807,0.020847820312775427,1.6405779925652052e-05,0.5011673151750973
SM,201630,49627--sample_49627_k141_729568,0.019761896434726853,1.4302949826265748e-05,0.5007776049766719
SM,201630,49623--sample_49623_k141_744433,0.01590870104170253,9.409923127544889e-06,0.49961210240496506
SM,201630,49627--sample_49627_k141_633653,0.022169673651521928,1.8373485125400028e-05,0.5015576323987538
SM,201630,49620--sample_49620_k141_883152,0.02437428921812022,2.3088472477966615e-05,0.5023400936037441
SM,201630,49627--sample_49627_k141_515529,0.015873437549418896,9.421289169366071e-06,0.49961210240496506
SM,201630,49620--sample_49620_k141_550159,0.02217784289098728,1.8341343326526967e-05,0.5015576323987538
SM,201630,49624--sample_49624_k141_957901,0.01952725301399571,1.4558755549676336e-05,0.5007776049766719
SM,201630,49623--sample_49623_k141_70638,0.024510718987422436,2.2897337005431537e-05,0.5023400936037441
SM,201630,49620--sample_49620_k141_33066,0.01719716939007136,1.0947679768239718e-05,0.5
SM,201630,49620--sample_49620_k141_212651,0.01974426488345819,1.434516421043634e-05,0.5007776049766719
SM,201630,49623--sample_49623_k141_825568,0.023223251950003174,2.070101884948932e-05,0.5019485580670304
SM,201630,49620--sample_49620_k141_349419,0.014870148953632513,7.858481508076282e-06,0.4992248062015504
SM,201630,49625--sample_49625_k141_389451,0.021009900136292604,1.6248611735580483e-05,0.5011673151750973
SM,201630,49623--sample_49623_k141_638582,0.017240105411499815,1.0896835020166124e-05,0.5
SM,201630,49623--sample_49623_k141_1032962,0.023189008242537393,2.076284763448648e-05,0.5019485580670304
SM,201630,49620--sample_49620_k141_772901,0.02581820573354818,2.5273819381219962e-05,0.5027322404371585
SM,201630,49623--sample_49623_k141_341484,0.0134803843729346,6.617536974448685e-06,0.4988381099922541
SM,201630,49627--sample_49627_k141_837948,0.022249205997320956,1.8240471043270085e-05,0.5015576323987538
SM,201630,49622--sample_49622_k141_625868,0.01704076995206419,1.1116198889796103e-05,0.5
SM,201630,49621--sample_49621_k141_998779,0.017283529449521755,1.084087372070541e-05,0.5
SM,201630,49627--sample_49627_k141_754865,0.022126206594701252,1.8402966513208173e-05,0.5015576323987538
SM,201630,49620--sample_49620_k141_315313,0.01853126188158342,1.256037526308598e-05,0.5003885003885004
SM,201630,49623--sample_49623_k141_728033,0.020795370422191574,1.6428600916037913e-05,0.5011673151750973
SM,201630,49620--sample_49620_k141_92586,0.01703524394500192,1.1065128305352992e-05,0.5
SM,201630,49625--sample_49625_k141_364346,0.015995624046427934,9.324252948421048e-06,0.49961210240496506
SM,201630,49627--sample_49627_k141_490345,0.025809539022624436,2.527723686199682e-05,0.5027322404371585
SM,201630,49628--sample_49628_k141_1593967,0.02344478430597138,2.0472402243592753e-05,0.5019485580670304
SM,201630,49623--sample_49623_k141_540693,0.02219761017015941,1.832763323952236e-05,0.5015576323987538
SM,201630,49627--sample_49627_k141_593011,0.022076142954618422,1.8424677214898774e-05,0.5015576323987538
SM,201630,49623--sample_49623_k141_100166,0.023233709726405784,2.06900546983756e-05,0.5019485580670304
SM,201630,49620--sample_49620_k141_188761,0.018359888324227566,1.2716225350457985e-05,0.5003885003885004
SM,201630,49620--sample_49620_k141_852859,0.023293575706256623,2.0637481603237998e-05,0.5019485580670304
SM,201630,49620--sample_49620_k141_891883,0.01958490796702428,1.45532815043486e-05,0.5007776049766719
SM,201630,49620--sample_49620_k141_165300,0.021041557133993832,1.6225081128784054e-05,0.5011673151750973
SM,201630,49623--sample_49623_k141_942149,0.025706127009621726,2.542393188890283e-05,0.5027322404371585
SM,201630,49620--sample_49620_k141_749019,0.013574740291865025,6.5702449737758955e-06,0.4988381099922541
SM,201630,49620--sample_49620_k141_34612,0.01472110453302727,7.954030164068543e-06,0.4988381099922541
SM,201630,49620--sample_49620_k141_619265,0.022034531691603833,1.8486261444501057e-05,0.5015576323987538
SM,201630,49620--sample_49620_k141_163204,0.01612816480971497,9.234346798790252e-06,0.49961210240496506
SM,201630,49627--sample_49627_k141_894207,0.014805916766132552,7.925840622083515e-06,0.4992248062015504
SM,201630,49620--sample_49620_k141_892610,0.02330963592630332,2.0589279464755603e-05,0.5019485580670304
SM,201630,49620--sample_49620_k141_879678,0.02193379495052957,1.8581312147583318e-05,0.5015576323987538
SM,201630,49628--sample_49628_k141_549400,0.025818096443343153,2.5240888015471312e-05,0.5027322404371585
SM,201630,49628--sample_49628_k141_983346,0.019617515505595932,1.4506929179603597e-05,0.5007776049766719
SM,201630,49623--sample_49623_k141_702128,0.01487112400145894,7.82774948644569e-06,0.4992248062015504
SM,201630,49623--sample_49623_k141_470609,0.013502115931156538,6.575939829454143e-06,0.4988381099922541
SM,201630,49623--sample_49623_k141_1036475,0.02691216635897278,2.7929237794271866e-05,0.503125
SM,201630,49620--sample_49620_k141_755103,0.015868463315891392,9.475052459364137e-06,0.49961210240496506
SM,201630,49621--sample_49621_k141_68092,0.020790159891429485,1.646668812955252e-05,0.5011673151750973
SM,201630,49623--sample_49623_k141_42735,0.019672071488326393,1.4403079514482624e-05,0.5007776049766719
SM,201630,49628--sample_49628_k141_231843,0.019629349699718388,1.4466596332210161e-05,0.5007776049766719
SM,201630,49620--sample_49620_k141_345812,0.02079999326707746,1.6402233686757055e-05,0.5011673151750973
SM,201630,49625--sample_49625_k141_25563,0.019719011630791858,1.4384444323702678e-05,0.5007776049766719
SM,201630,49628--sample_49628_k141_1257336,0.017129520811609556,1.0973470542574404e-05,0.5
SM,201630,49625--sample_49625_k141_223344,0.02088964640222304,1.6328224846601516e-05,0.5011673151750973
SM,201630,49620--sample_49620_k141_493131,0.014799489627925943,7.928358277843632e-06,0.4992248062015504
SM,201630,49620--sample_49620_k141_848030,0.023116861420133115,2.0869029244272842e-05,0.5019485580670304
SM,201630,49623--sample_49623_k141_905837,0.026945997400147897,2.7909611007617026e-05,0.503125
SM,201630,49620--sample_49620_k141_524665,0.017425183912364174,1.0788048463438509e-05,0.5
SM,201630,49627--sample_49627_k141_606222,0.025888417168066842,2.5169874745687305e-05,0.5027322404371585
SM,201630,49627--sample_49627_k141_152302,0.01593688799963711,9.414201401239807e-06,0.49961210240496506
SM,201630,49627--sample_49627_k141_381781,0.01705148893155034,1.1054881060894448e-05,0.5
SM,201630,49623--sample_49623_k141_1320380,0.017204005861191023,1.0940887725384054e-05,0.5
SM,201630,49620--sample_49620_k141_237655,0.02214160116849045,1.8382547252604213e-05,0.5015576323987538
SM,201630,49628--sample_49628_k141_1318930,0.014803860647581001,7.905591077090359e-06,0.4992248062015504
SM,201630,49623--sample_49623_k141_1239734,0.013439516111998452,6.675736021676383e-06,0.4988381099922541
SM,201630,49620--sample_49620_k141_729130,0.014818236785553987,7.910487371350355e-06,0.4992248062015504
SM,201630,49628--sample_49628_k141_430758,0.017166157162614708,1.094919295558331e-05,0.5
SM,201630,49625--sample_49625_k141_170109,0.022013734992075668,1.852312041735232e-05,0.5015576323987538
SM,201630,49623--sample_49623_k141_1074520,0.01850580842393424,1.2570292647453081e-05,0.5003885003885004
SM,201630,49620--sample_49620_k141_696406,0.016125991414910345,9.272208623529824e-06,0.49961210240496506
SM,201630,49621--sample_49621_k141_304846,0.024390231405818998,2.3085367009437117e-05,0.5023400936037441
SM,201630,49620--sample_49620_k141_164103,0.018282696412227236,1.2721925738677173e-05,0.5003885003885004
SM,201630,49625--sample_49625_k141_39986,0.019730030031433324,1.435411165631016e-05,0.5007776049766719
SM,201630,49620--sample_49620_k141_379858,0.023400647931531102,2.0475224407181713e-05,0.5019485580670304
SM,201630,49623--sample_49623_k141_787874,0.01720505719894064,1.0934871184679617e-05,0.5
SM,201630,49627--sample_49627_k141_488743,0.01848742810495138,1.2568422757915012e-05,0.5003885003885004
SM,201630,49620--sample_49620_k141_845769,0.02084324250191401,1.6463699994239098e-05,0.5011673151750973
SM,201630,49624--sample_49624_k141_823890,0.019586238412652553,1.4531836267418798e-05,0.5007776049766719
SM,201630,49623--sample_49623_k141_1142358,0.025784938224838176,2.5346820879219123e-05,0.5027322404371585
SM,201630,49623--sample_49623_k141_1351314,0.01857510004317935,1.2470952023276687e-05,0.5003885003885004
SM,201630,49623--sample_49623_k141_397605,0.020915647347953776,1.6298939845747186e-05,0.5011673151750973
SM,201630,49628--sample_49628_k141_513653,0.015996709400510217,9.359799155794196e-06,0.49961210240496506
SM,201630,49620--sample_49620_k141_880376,0.02096376028567066,1.6262015600850677e-05,0.5011673151750973
SM,201630,49621--sample_49621_k141_1049905,0.017278580096198353,1.0890871320131535e-05,0.5
SM,201630,49620--sample_49620_k141_42888,0.017148080641329454,1.096503844410464e-05,0.5
SM,201630,49628--sample_49628_k141_1150711,0.023390394564084024,2.0504632526612978e-05,0.5019485580670304
SM,201630,49628--sample_49628_k141_1295079,0.01367162204960688,6.494417641068377e-06,0.4988381099922541
SM,201630,49628--sample_49628_k141_1557966,0.019594973294706355,1.4523943536582281e-05,0.5007776049766719
SM,201630,49623--sample_49623_k141_459679,0.01725529169446838,1.0877391901502091e-05,0.5
SM,201630,49621--sample_49621_k141_253982,0.019615912356619185,1.4409494484073287e-05,0.5007776049766719
SM,201630,49627--sample_49627_k141_718220,0.01854000243493888,1.2588974636955423e-05,0.5003885003885004
SM,201630,49620--sample_49620_k141_367257,0.018349747561763618,1.2668871344095697e-05,0.5003885003885004
SM,201630,49621--sample_49621_k141_1078957,0.01968819085690792,1.440980659786612e-05,0.5007776049766719
SM,201630,49620--sample_49620_k141_350880,0.01978722464479364,1.4331725884847522e-05,0.5007776049766719
SM,201630,49623--sample_49623_k141_1156595,0.020923193131641343,1.631543030892356e-05,0.5011673151750973
SM,201630,49625--sample_49625_k141_264927,0.023444445509814657,2.0491575249299554e-05,0.5019485580670304
SM,201630,49628--sample_49628_k141_609789,0.017135452663205878,1.1029274165923724e-05,0.5
SM,201630,49620--sample_49620_k141_108508,0.01953383132486733,1.4534980246139132e-05,0.5007776049766719
SM,201630,49624--sample_49624_k141_930198,0.023316170132032153,2.0655433591764182e-05,0.5019485580670304
SM,201630,49626--sample_49626_k141_577843,0.017365110889596625,1.081354151393763e-05,0.5
SM,201630,49624--sample_49624_k141_404074,0.018537834338570862,1.2541453749399207e-05,0.5003885003885004
SM,201630,49620--sample_49620_k141_557772,0.01348461579332029,6.640957079292547e-06,0.4988381099922541
SM,201630,49628--sample_49628_k141_1571541,0.020927068943254738,1.631151076222452e-05,0.5011673151750973
SM,201630,49623--sample_49623_k141_469107,0.025673017353298775,2.544333664229351e-05,0.5027322404371585
SM,201630,49626--sample_49626_k141_793367,0.016015055320282974,9.367138589932874e-06,0.49961210240496506
SM,201630,49621--sample_49621_k141_679065,0.022126665728150415,1.8426338539661974e-05,0.5015576323987538
SM,201630,49623--sample_49623_k141_721938,0.017254897668094377,1.0919379584255776e-05,0.5
SM,201630,49624--sample_49624_k141_904286,0.02093687717401884,1.6272578792299898e-05,0.5011673151750973
SM,201630,49624--sample_49624_k141_1055872,0.01834149250462476,1.26711287742064e-05,0.5003885003885004
SM,201630,49624--sample_49624_k141_683558,0.017287922374004373,1.0921411956495063e-05,0.5
SM,201630,49620--sample_49620_k141_710837,0.020838601093221113,1.639182021992759e-05,0.5011673151750973
SM,201630,49624--sample_49624_k141_853813,0.023297045410853912,2.0641593086346356e-05,0.5019485580670304
SM,201630,49620--sample_49620_k141_726559,0.02093225075007921,1.6295533695556484e-05,0.5011673151750973
SM,201630,49622--sample_49622_k141_1283027,0.019693870331664583,1.4407755804624162e-05,0.5007776049766719
SM,201630,49628--sample_49628_k141_1606068,0.015977679770599093,9.356339890651721e-06,0.49961210240496506
SM,201630,49620--sample_49620_k141_832586,0.023373508833569978,2.0563124938365717e-05,0.5019485580670304
SM,201630,49627--sample_49627_k141_376887,0.0208651637057621,1.6408083555184994e-05,0.5011673151750973
SM,201630,49620--sample_49620_k141_290753,0.015971152672016747,9.407993404258268e-06,0.49961210240496506
SM,201630,49621--sample_49621_k141_716554,0.01840481759274709,1.268863413971783e-05,0.5003885003885004
SM,201630,49623--sample_49623_k141_844041,0.01830920088172042,1.2764617930872073e-05,0.5003885003885004
SM,201630,49623--sample_49623_k141_611020,0.023353774297376933,2.061096202690378e-05,0.5019485580670304
SM,201630,49620--sample_49620_k141_112955,0.024646053520577742,2.278481154796922e-05,0.5023400936037441
SM,201630,49620--sample_49620_k141_463131,0.01601078404090794,9.349644914020482e-06,0.49961210240496506
SM,201630,49621--sample_49621_k141_990772,0.01827822009000645,1.2768412176049236e-05,0.5003885003885004
SM,201630,49620--sample_49620_k141_790877,0.019545655060932664,1.4549999449672595e-05,0.5007776049766719
SM,201630,49620--sample_49620_k141_448102,0.02578242997366893,2.5298323006649484e-05,0.5027322404371585
SM,201630,49620--sample_49620_k141_748451,0.01583957979317994,9.461627092128751e-06,0.49961210240496506
SM,201630,49620--sample_49620_k141_868481,0.023451351458400067,2.0432254275155463e-05,0.5019485580670304
SM,201630,49625--sample_49625_k141_231859,0.022078587276577615,1.845754306048668e-05,0.5015576323987538
SM,201630,49623--sample_49623_k141_562214,0.020860195330836724,1.6328075743549972e-05,0.5011673151750973
SM,201630,49623--sample_49623_k141_1002962,0.02213236970225483,1.8358690166182982e-05,0.5015576323987538
SM,201630,49620--sample_49620_k141_214413,0.022022655473158303,1.851314272158107e-05,0.5015576323987538
SM,201630,49623--sample_49623_k141_673444,0.02470485285024741,2.2737895648866612e-05,0.5023400936037441
SM,201630,49620--sample_49620_k141_230781,0.022086453102244333,1.8406068169194146e-05,0.5015576323987538
SM,201630,49627--sample_49627_k141_405880,0.015964599727873615,9.366450613232657e-06,0.49961210240496506
SM,201630,49623--sample_49623_k141_207193,0.018463681134800552,1.256240782053453e-05,0.5003885003885004
SM,201630,49623--sample_49623_k141_1169751,0.025769910072232626,2.531247600436709e-05,0.5027322404371585
SM,201630,49624--sample_49624_k141_468988,0.022199877972723738,1.83015134272083e-05,0.5015576323987538
SM,201630,49620--sample_49620_k141_33513,0.018365851252848474,1.2705151334964404e-05,0.5003885003885004
SM,201630,49623--sample_49623_k141_449686,0.022055710160826067,1.845743290406942e-05,0.5015576323987538
SM,201630,49627--sample_49627_k141_808611,0.018399682177388906,1.2717430112333035e-05,0.5003885003885004
SM,201630,49641--sample_49641_k141_362688,0.019641448267066958,1.4529551060816823e-05,0.5007776049766719
SM,201630,49617--sample_49617_k141_39355,0.018438896932954293,1.263621159625564e-05,0.5003885003885004
SM,201630,49617--sample_49617_k141_35967,0.023274446459693083,2.06501060246167e-05,0.5019485580670304
SM,201630,49640--sample_49640_k141_205688,0.02079537521335781,1.6512620752977335e-05,0.5011673151750973
SM,201630,49617--sample_49617_k141_209877,0.021003139707548784,1.6288023735220312e-05,0.5011673151750973
SM,201630,49617--sample_49617_k141_139293,0.01959992834526101,1.45277585712012e-05,0.5007776049766719
SM,201630,49642--sample_49642_k141_460602,0.02088338567172557,1.6399286921272335e-05,0.5011673151750973
SM,201630,49642--sample_49642_k141_46529,0.02087227695107342,1.6362868174015914e-05,0.5011673151750973
SM,201630,49631--sample_49631_k141_943460,0.02088646956886211,1.6343613763700443e-05,0.5011673151750973
SM,201630,49617--sample_49617_k141_181765,0.019598110360610845,1.4532594160850509e-05,0.5007776049766719
SM,201630,53600--sample_53600_k141_319847,0.02100165356140887,1.621721123536607e-05,0.5011673151750973
SM,201630,49641--sample_49641_k141_517007,0.014730539337998396,7.974810587135723e-06,0.4992248062015504
SM,201630,49617--sample_49617_k141_231031,0.017317668741932475,1.0843566551099186e-05,0.5
SM,201630,49617--sample_49617_k141_157639,0.01717223585605148,1.0942077521219944e-05,0.5
SM,201630,49640--sample_49640_k141_443474,0.020865682714352143,1.6396231619209754e-05,0.5011673151750973
SM,201630,49641--sample_49641_k141_569411,0.025838718321484794,2.5211891601389347e-05,0.5027322404371585
SM,201630,49617--sample_49617_k141_244635,0.023217939323217106,2.073119126705468e-05,0.5019485580670304
SM,201630,49633--sample_49633_k141_1364744,0.014671922958580375,7.983524308088519e-06,0.4992248062015504
SM,201630,49638--sample_49638_k141_334434,0.020902941531153543,1.6352917961754863e-05,0.5011673151750973
SM,201630,49631--sample_49631_k141_788735,0.0234261281897635,2.0474012487421054e-05,0.5019485580670304
SM,201630,49631--sample_49631_k141_901628,0.013597858156011201,6.572763598090122e-06,0.4988381099922541
SM,201630,49615--sample_49615_k141_45890,0.02074973799362506,1.6460989475435423e-05,0.5011673151750973
SM,201630,49633--sample_49633_k141_1000571,0.01600860274685793,9.350715549807673e-06,0.49961210240496506
SM,201630,53600--sample_53600_k141_432760,0.01587282880344447,9.456426337416207e-06,0.49961210240496506
SM,201630,49631--sample_49631_k141_1063072,0.015962006867256514,9.39589350767936e-06,0.49961210240496506
SM,201630,49617--sample_49617_k141_126624,0.017237015647448593,1.0908843036315047e-05,0.5
SM,201630,49617--sample_49617_k141_63436,0.02466042339292795,2.275013008267419e-05,0.5023400936037441
SM,201630,49613--sample_49613_k141_516056,0.018434054325206953,1.2650465821425072e-05,0.5003885003885004
SM,201630,49638--sample_49638_k141_849125,0.009898518812277334,3.3585711838499794e-06,0.4972972972972973
SM,201630,49633--sample_49633_k141_1105803,0.019572434879919165,1.4493570817101546e-05,0.5007776049766719
SM,201630,49631--sample_49631_k141_713683,0.019589239919829676,1.4425801394235442e-05,0.5007776049766719
SM,201630,49618--sample_49618_k141_24979,0.023338996320396013,2.054989329759351e-05,0.5019485580670304
SM,201630,49641--sample_49641_k141_526586,0.022058169042479533,1.843565497450597e-05,0.5015576323987538
SM,201630,49641--sample_49641_k141_594405,0.01965912935444091,1.4416311686233905e-05,0.5007776049766719
SM,201630,49630--sample_49630_k141_653913,0.022191475008356776,1.833788850006014e-05,0.5015576323987538
SM,201630,49617--sample_49617_k141_71919,0.022040173322023956,1.8466740506692775e-05,0.5015576323987538
SM,201630,49617--sample_49617_k141_269743,0.01846523074240999,1.2581231172837943e-05,0.5003885003885004
SM,201630,49631--sample_49631_k141_327282,0.02091474332266662,1.6362098537310727e-05,0.5011673151750973
SM,201630,49613--sample_49613_k141_428032,0.022054613415915615,1.8427163568595813e-05,0.5015576323987538
SM,201630,49617--sample_49617_k141_32695,0.0196004990782841,1.4475593251329709e-05,0.5007776049766719
SM,201630,49618--sample_49618_k141_231410,0.023319287262203062,2.0661685031695568e-05,0.5019485580670304
SM,201630,49618--sample_49618_k141_106535,0.0208594820411627,1.6413590027219154e-05,0.5011673151750973
SM,201630,49631--sample_49631_k141_478760,0.020838215232309557,1.640065678825052e-05,0.5011673151750973
SM,201630,49631--sample_49631_k141_269696,0.01714560415536567,1.1013079631167069e-05,0.5
SM,201630,49633--sample_49633_k141_1125289,0.018529030360055872,1.2595274066536044e-05,0.5003885003885004
SM,201630,49641--sample_49641_k141_479465,0.01846795299983335,1.26214440423851e-05,0.5003885003885004
SM,201630,49631--sample_49631_k141_1077431,0.023448096202234824,2.047953000340065e-05,0.5019485580670304
SM,201630,53598--sample_53598_k141_177344,0.01711123019030093,1.1002790197414515e-05,0.5
SM,201630,49631--sample_49631_k141_406326,0.020673133662059796,1.6558432001024095e-05,0.5011673151750973
SM,201630,49617--sample_49617_k141_153159,0.023406285767503785,2.051645100416519e-05,0.5019485580670304
SM,201630,49641--sample_49641_k141_335608,0.01591946653065595,9.40122095203097e-06,0.49961210240496506
SM,201630,49633--sample_49633_k141_461652,0.016022240039515266,9.31541713629737e-06,0.49961210240496506
SM,201630,49641--sample_49641_k141_610039,0.0246208541544054,2.275673982449755e-05,0.5023400936037441
SM,201630,49641--sample_49641_k141_63970,0.017052891725120804,1.113763663253442e-05,0.5
SM,201630,49617--sample_49617_k141_196642,0.020897112318886663,1.6387907259280382e-05,0.5011673151750973
SM,201630,49638--sample_49638_k141_293188,0.02564189918089418,2.5508086704091454e-05,0.5027322404371585
SM,201630,49631--sample_49631_k141_1047950,0.018452709889627373,1.267355719260676e-05,0.5003885003885004
SM,201630,49631--sample_49631_k141_1078132,0.01830095775491064,1.2744987265177668e-05,0.5003885003885004
SM,201630,49617--sample_49617_k141_221011,0.016054135435993728,9.321089639737833e-06,0.4992248062015504
SM,201630,49641--sample_49641_k141_90630,0.01108072701071283,4.321333837921105e-06,0.4980665119876257
SM,201630,49631--sample_49631_k141_758348,0.023326670364240007,2.0555112116216436e-05,0.5019485580670304
SM,201630,49617--sample_49617_k141_246435,0.023273804156757276,2.0672048809294478e-05,0.5019485580670304
SM,201630,49618--sample_49618_k141_187803,0.020937742967384702,1.6296419640318975e-05,0.5011673151750973
SM,201630,49616--sample_49616_k141_109171,0.022146811808590395,1.8352715487016862e-05,0.5015576323987538
SM,201630,49641--sample_49641_k141_532511,0.020997957322106322,1.622274342785922e-05,0.5011673151750973
SM,201630,49617--sample_49617_k141_87747,0.024596919453372227,2.284112629958002e-05,0.5023400936037441
SM,201630,49617--sample_49617_k141_135022,0.020897555706432248,1.6351451599474806e-05,0.5011673151750973
SM,201630,49640--sample_49640_k141_411990,0.020811513995138756,1.6474866631766504e-05,0.5011673151750973
SM,201630,49617--sample_49617_k141_280219,0.014545772651455513,8.06309016023591e-06,0.4988381099922541
SM,201630,53600--sample_53600_k141_381646,0.01853783705080321,1.2542925645236751e-05,0.5003885003885004
SM,201630,49631--sample_49631_k141_946880,0.027012231391057635,2.776399575626503e-05,0.503125
SM,201630,49640--sample_49640_k141_150614,0.020848426272436202,1.6409591918271672e-05,0.5011673151750973
SM,201630,49630--sample_49630_k141_766537,0.02213610141304958,1.8367839664662516e-05,0.5015576323987538
SM,201630,49631--sample_49631_k141_161535,0.02092567398303846,1.6395356513298963e-05,0.5011673151750973
SM,201630,49619--sample_49619_k141_276398,0.0160462762247396,9.30271290909122e-06,0.49961210240496506
SM,201630,49635--sample_49635_k141_178072,0.02450767001278864,2.2988805257646677e-05,0.5023400936037441
SM,201630,49617--sample_49617_k141_20012,0.018514960928030483,1.2600431118555417e-05,0.5003885003885004
SM,201630,49641--sample_49641_k141_266781,0.01959808756853703,1.4554238577298654e-05,0.5007776049766719
SM,201630,49640--sample_49640_k141_295713,0.020892577957448685,1.6361769078266188e-05,0.5011673151750973
SM,201630,49638--sample_49638_k141_940541,0.02577156967872279,2.5309890868927593e-05,0.5027322404371585
SM,201630,49631--sample_49631_k141_125937,0.023411384335066555,2.0460431775205556e-05,0.5019485580670304
SM,201630,49617--sample_49617_k141_187462,0.025668887092610223,2.54297317638931e-05,0.5027322404371585
SM,201630,49618--sample_49618_k141_287800,0.01363850544259467,6.498578896970063e-06,0.4984520123839009
SM,201630,49631--sample_49631_k141_908461,0.02068862857820108,1.6560360908785666e-05,0.5011673151750973
SM,201630,49642--sample_49642_k141_530007,0.015955255468675232,9.398702226274099e-06,0.49961210240496506
SM,201630,49613--sample_49613_k141_537521,0.019582350449895113,1.4503268820587653e-05,0.5007776049766719
SM,201630,49613--sample_49613_k141_11082,0.023432776541925843,2.0466277889810027e-05,0.5019485580670304
SM,201630,49631--sample_49631_k141_548732,0.020923180165269187,1.631676970355195e-05,0.5011673151750973
SM,201630,49617--sample_49617_k141_179032,0.019716215863565693,1.4421716567242018e-05,0.5007776049766719
SM,201630,49631--sample_49631_k141_862124,0.01338467680889974,6.6816669360261905e-06,0.4988381099922541
SM,201630,49641--sample_49641_k141_611231,0.017243635912790337,1.0959703576150406e-05,0.5
SM,201630,49613--sample_49613_k141_620984,0.02095153495750384,1.6313316628093388e-05,0.5011673151750973
SM,201630,49631--sample_49631_k141_944793,0.020927784954493336,1.6346058599736387e-05,0.5011673151750973
SM,201630,49631--sample_49631_k141_692523,0.020886033628622822,1.633468438693128e-05,0.5011673151750973
SM,201630,49631--sample_49631_k141_593099,0.01706088569486864,1.102726603838126e-05,0.5
SM,201630,49631--sample_49631_k141_707422,0.024644349409645785,2.2772563996921236e-05,0.5023400936037441
SM,201630,49617--sample_49617_k141_196780,0.020985554151826985,1.6284540662058267e-05,0.5011673151750973
SM,201630,49617--sample_49617_k141_216564,0.01955028817079223,1.4531039272445719e-05,0.5007776049766719
SM,201630,49618--sample_49618_k141_38856,0.022173061983708452,1.8374659066993655e-05,0.5015576323987538
SM,201630,49631--sample_49631_k141_553074,0.022074474700968332,1.8459287186800688e-05,0.5015576323987538
SM,201630,49641--sample_49641_k141_305580,0.020812917540736775,1.6444681297579385e-05,0.5011673151750973
SM,201630,49636--sample_49636_k141_952298,0.012189814050593047,5.476841519085966e-06,0.4984520123839009
SM,201630,49617--sample_49617_k141_68029,0.02468490318763234,2.2741236405230655e-05,0.5023400936037441
SM,201630,49631--sample_49631_k141_644005,0.021961791304987766,1.8629066044662578e-05,0.5015576323987538
SM,201630,49617--sample_49617_k141_127714,0.014734704885389225,7.934832040141625e-06,0.4988381099922541
SM,201630,49615--sample_49615_k141_95272,0.01841041794660788,1.2632588690956776e-05,0.5003885003885004
SM,201630,49617--sample_49617_k141_122223,0.020887811058847072,1.6350065075379358e-05,0.5011673151750973
SM,201630,49640--sample_49640_k141_463518,0.018351351970748695,1.2727097198243776e-05,0.5003885003885004
SM,201630,49617--sample_49617_k141_226029,0.013581573300664979,6.587239191153355e-06,0.4988381099922541
SM,201630,49617--sample_49617_k141_239445,0.020975985897203658,1.627782754032721e-05,0.5011673151750973
SM,201630,49639--sample_49639_k141_455759,0.013560867777002139,6.5855686306909765e-06,0.4988381099922541
SM,201630,49617--sample_49617_k141_136377,0.022348974894745514,1.8142538028836164e-05,0.5015576323987538
SM,201630,49619--sample_49619_k141_252582,0.016088885282084943,9.30625264661199e-06,0.49961210240496506
SM,201630,49636--sample_49636_k141_1048953,0.02334696915588261,2.060484477675582e-05,0.5019485580670304
SM,201630,49631--sample_49631_k141_226575,0.018427583143049615,1.265335856565559e-05,0.5003885003885004
SM,201630,49617--sample_49617_k141_27324,0.018414037434598574,1.2659176923392242e-05,0.5003885003885004
SM,201630,49617--sample_49617_k141_96456,0.01961798029466073,1.4453764204171377e-05,0.5007776049766719
SM,201630,49616--sample_49616_k141_70342,0.015801151021171172,9.50738482831163e-06,0.49961210240496506
SM,201630,49616--sample_49616_k141_23312,0.019674372919611872,1.4430069359872664e-05,0.5007776049766719
SM,201630,49617--sample_49617_k141_118412,0.012378275781555268,5.362433299903517e-06,0.4984520123839009
SM,201630,49617--sample_49617_k141_33665,0.021004966806999516,1.6241904720338776e-05,0.5011673151750973
SM,201630,49617--sample_49617_k141_295889,0.0221662825840695,1.833529120680978e-05,0.5015576323987538
SM,201630,49631--sample_49631_k141_810649,0.01968304294070711,1.438833232974471e-05,0.5007776049766719
SM,201630,53601--sample_53601_k141_171030,0.0195939606298007,1.4542108802667638e-05,0.5007776049766719
SM,201630,49630--sample_49630_k141_707921,0.01584460862674776,9.46489660290682e-06,0.49961210240496506
SM,201630,49638--sample_49638_k141_729881,0.017088265208925514,1.0996870155741533e-05,0.5
SM,201630,49617--sample_49617_k141_188936,0.015885408058012144,9.451184195344549e-06,0.49961210240496506
SM,201630,49617--sample_49617_k141_242716,0.018486393582955268,1.2564577781166004e-05,0.5003885003885004
SM,201630,49618--sample_49618_k141_228596,0.023371070303173,2.0484969711530437e-05,0.5019485580670304
SM,201630,49633--sample_49633_k141_851659,0.020887859760621803,1.6385473887454752e-05,0.5011673151750973
SM,201630,49640--sample_49640_k141_182877,0.028150924154384565,3.065557420804706e-05,0.5035183737294762
SM,201630,49631--sample_49631_k141_825232,0.020992815979162093,1.622955556814198e-05,0.5011673151750973
SM,201630,49617--sample_49617_k141_262021,0.020842666827059677,1.642762060367315e-05,0.5011673151750973
SM,201630,49636--sample_49636_k141_1215698,0.019764528319744342,1.4308620357231484e-05,0.5007776049766719
SM,201630,49617--sample_49617_k141_189712,0.0184780716821424,1.2600369168027704e-05,0.5003885003885004
SM,201630,49640--sample_49640_k141_235960,0.019518048251982993,1.4556158898327661e-05,0.5007776049766719
SM,201630,49618--sample_49618_k141_257690,0.018245072975930296,1.2765762267128779e-05,0.5003885003885004
SM,201630,49640--sample_49640_k141_178191,0.022037312425071433,1.8477089881590834e-05,0.5015576323987538
SM,201630,49631--sample_49631_k141_902653,0.014738252905875616,7.955110152958355e-06,0.4992248062015504
SM,201630,49617--sample_49617_k141_225320,0.018494830345287365,1.2545225138455587e-05,0.5003885003885004
SM,201630,49641--sample_49641_k141_83077,0.02696823580015901,2.7894921133708047e-05,0.503125
SM,201630,49613--sample_49613_k141_22565,0.023245933321614388,2.069067222984058e-05,0.5019485580670304
SM,201630,49617--sample_49617_k141_184740,0.021980644742153853,1.852343081050655e-05,0.5015576323987538
SM,201630,49617--sample_49617_k141_227961,0.025769018759330194,2.53271956237823e-05,0.5027322404371585
SM,201630,49618--sample_49618_k141_119045,0.02205431784011831,1.8410682772280444e-05,0.5015576323987538
SM,201630,49630--sample_49630_k141_199862,0.013447079475948674,6.678690362568652e-06,0.4988381099922541
SM,201630,49617--sample_49617_k141_245533,0.019791598695362077,1.4337306701103813e-05,0.5007776049766719
SM,201630,49618--sample_49618_k141_171794,0.020903276362909038,1.6409009768174013e-05,0.5011673151750973
SM,201630,49631--sample_49631_k141_1072308,0.019658550787932015,1.4416409224727657e-05,0.5007776049766719
SM,201630,49631--sample_49631_k141_496773,0.01975248286160584,1.4335493242980453e-05,0.5007776049766719
SM,201630,49617--sample_49617_k141_179071,0.01714918619464486,1.0948526580420084e-05,0.5
SM,201630,49642--sample_49642_k141_462958,0.028167712152846268,3.0604391110730046e-05,0.5035183737294762
SM,201630,49613--sample_49613_k141_592411,0.02213041285479904,1.8413856967024153e-05,0.5015576323987538
SM,201630,49616--sample_49616_k141_116937,0.02345184676614006,2.046832994711531e-05,0.5019485580670304
SM,201630,49617--sample_49617_k141_269609,0.013612232041689518,6.571207470087199e-06,0.4988381099922541
SM,201630,49618--sample_49618_k141_46916,0.017175731043904383,1.097216490573998e-05,0.5
SM,201630,49617--sample_49617_k141_191897,0.01846795338017173,1.2567413404661883e-05,0.5003885003885004
SM,201630,49635--sample_49635_k141_654849,0.017189622787198523,1.1011674715266202e-05,0.5
SM,201630,49617--sample_49617_k141_87358,0.020903190541475825,1.6333752744450086e-05,0.5011673151750973
SM,201630,49617--sample_49617_k141_35964,0.019554391839999054,1.4565960139689267e-05,0.5007776049766719
SM,201630,49617--sample_49617_k141_93901,0.017065423984647596,1.106767814839475e-05,0.5
SM,201630,49613--sample_49613_k141_91953,0.019621608413976102,1.4447048909365059e-05,0.5007776049766719
SM,201630,49631--sample_49631_k141_940378,0.013604429452078034,6.5814507274089815e-06,0.4988381099922541
SM,201630,49617--sample_49617_k141_123358,0.022095646329078046,1.8425641996641613e-05,0.5015576323987538
SM,201630,49631--sample_49631_k141_957429,0.02216563913220431,1.83847004910188e-05,0.5015576323987538
SM,201630,49631--sample_49631_k141_1029560,0.024467268835760565,2.296921326372599e-05,0.5023400936037441
SM,201630,49635--sample_49635_k141_447707,0.014758422587276897,7.955658317846309e-06,0.4992248062015504
SM,201630,49617--sample_49617_k141_144175,0.020812998910364776,1.6379183816252564e-05,0.5011673151750973
SM,201630,49631--sample_49631_k141_253438,0.02598164890545251,2.5018305485523664e-05,0.5027322404371585
SM,201630,49631--sample_49631_k141_20889,0.015849923594689706,9.504604303229946e-06,0.49961210240496506
SM,201630,49631--sample_49631_k141_655218,0.020906944853010083,1.636316182574596e-05,0.5011673151750973
SM,201630,49631--sample_49631_k141_816750,0.023220122408540676,2.0671793988833288e-05,0.5019485580670304
SM,201630,49633--sample_49633_k141_192674,0.020861586938950454,1.6393466103493198e-05,0.5011673151750973
SM,201630,49631--sample_49631_k141_334345,0.020939699795318695,1.6277379121008618e-05,0.5011673151750973
SM,201630,49638--sample_49638_k141_15595,0.0147538516919356,7.93097827015217e-06,0.4992248062015504
SM,201630,49638--sample_49638_k141_770173,0.016165987753144494,9.239163139813433e-06,0.49961210240496506
SM,201630,49631--sample_49631_k141_324547,0.018261051973645123,1.2711472664115896e-05,0.5003885003885004
SM,201630,49630--sample_49630_k141_887611,0.019581344666393073,1.4487832606544897e-05,0.5007776049766719
SM,201630,49618--sample_49618_k141_331372,0.015835359052948587,9.4551017432878e-06,0.49961210240496506
SM,201630,49617--sample_49617_k141_251555,0.017314357256427645,1.0840566289109099e-05,0.5
SM,201630,49639--sample_49639_k141_508481,0.024453321160138725,2.300810395114993e-05,0.5023400936037441
SM,201630,49618--sample_49618_k141_213627,0.019691774043583618,1.4398896293071585e-05,0.5007776049766719
SM,201630,49631--sample_49631_k141_664989,0.019576891645967525,1.4529568885156358e-05,0.5007776049766719
SM,201630,49613--sample_49613_k141_104397,0.021056650513224737,1.6174976521793157e-05,0.5011673151750973
SM,201630,49641--sample_49641_k141_373091,0.01973480586231087,1.4411425147408162e-05,0.5007776049766719
SM,201630,49613--sample_49613_k141_36228,0.018530042868568495,1.2550176618349745e-05,0.5003885003885004
SM,201630,49640--sample_49640_k141_106204,0.019664578718918108,1.4417165847572118e-05,0.5007776049766719
SM,201630,49617--sample_49617_k141_184962,0.01987440465810797,1.4225855859066442e-05,0.5007776049766719
SM,201630,49631--sample_49631_k141_269963,0.019540828007507723,1.4523458783332704e-05,0.5007776049766719
SM,201630,49632--sample_49632_k141_266809,0.017161122727466723,1.101023796732312e-05,0.5
SM,201630,49613--sample_49613_k141_594659,0.019775108666087185,1.4315782063845618e-05,0.5007776049766719
SM,201630,53598--sample_53598_k141_349839,0.019573901310041247,1.4539874094566182e-05,0.5007776049766719
SM,201630,49617--sample_49617_k141_291128,0.020918605485215035,1.6305179221490046e-05,0.5011673151750973
SM,201630,49631--sample_49631_k141_846808,0.023240620735987663,2.067725175295103e-05,0.5019485580670304
SM,201630,49631--sample_49631_k141_766424,0.019661708158287505,1.4416317870943457e-05,0.5007776049766719
SM,201630,49617--sample_49617_k141_283587,0.015949980802705516,9.387154331089609e-06,0.49961210240496506
SM,201630,53602--sample_53602_k141_377025,0.01972965126258331,1.433934854924936e-05,0.5007776049766719
SM,201630,49631--sample_49631_k141_730297,0.013528943175099674,6.570524285439769e-06,0.4984520123839009
SM,201630,49615--sample_49615_k141_91147,0.019511665602798735,1.4576982537950359e-05,0.5007776049766719
SM,201630,49617--sample_49617_k141_299297,0.029483882959237304,3.322792268538051e-05,0.5039123630672926
SM,201630,49631--sample_49631_k141_866898,0.01960246961849099,1.4484822561160435e-05,0.5007776049766719
SM,201630,49638--sample_49638_k141_452047,0.016106983961421087,9.297978921737072e-06,0.49961210240496506
SM,201630,49615--sample_49615_k141_133391,0.020674166665342816,1.6541504676280648e-05,0.5011673151750973
SM,201630,49617--sample_49617_k141_63508,0.022000730709631038,1.856846385411569e-05,0.5015576323987538
SM,201630,53600--sample_53600_k141_59809,0.017171886635909107,1.0956293228447267e-05,0.5
SM,201630,53600--sample_53600_k141_22783,0.01613831166773136,9.23576568693998e-06,0.49961210240496506
SM,201630,49640--sample_49640_k141_328655,0.02086396878578114,1.637507312084123e-05,0.5011673151750973
SM,201630,49633--sample_49633_k141_938818,0.02218518855596363,1.831289378648457e-05,0.5015576323987538
SM,201630,49630--sample_49630_k141_419823,0.018471746611444014,1.2587304838542895e-05,0.5003885003885004
SM,201630,49630--sample_49630_k141_177312,0.01593752843764348,9.420767344576333e-06,0.49961210240496506
SM,201630,49641--sample_49641_k141_614314,0.014728795559782907,7.98208598206496e-06,0.4992248062015504
SM,201630,49642--sample_49642_k141_410126,0.01230282094546612,5.381829124961075e-06,0.4984520123839009
SM,201630,49617--sample_49617_k141_201511,0.025762911009687924,2.530023019427902e-05,0.5027322404371585
SM,201630,49617--sample_49617_k141_298815,0.023286668654087572,2.0629953947153873e-05,0.5019485580670304
SM,201630,49617--sample_49617_k141_61959,0.017153257941471652,1.1008813648255684e-05,0.5
SM,201630,49617--sample_49617_k141_66360,0.019708170726689244,1.4383528633646454e-05,0.5007776049766719
SM,201630,49631--sample_49631_k141_138255,0.01593477446858961,9.427652250496889e-06,0.49961210240496506
SM,201630,49617--sample_49617_k141_30728,0.023328649690113806,2.0619050469300797e-05,0.5019485580670304
SM,201630,49617--sample_49617_k141_262468,0.017236249830002996,1.0931395233735443e-05,0.5
SM,201630,49613--sample_49613_k141_620399,0.016047268573046426,9.324136231457077e-06,0.49961210240496506
SM,201630,49631--sample_49631_k141_875953,0.01705951854355302,1.107003596308729e-05,0.5
SM,201630,49617--sample_49617_k141_295732,0.01716764944697796,1.0942425262365281e-05,0.5
SM,201630,49617--sample_49617_k141_178119,0.022197295544739655,1.831192511485379e-05,0.5015576323987538
SM,201630,49631--sample_49631_k141_30093,0.018289056298381314,1.2789236193447622e-05,0.5003885003885004
SM,201630,49631--sample_49631_k141_269216,0.01838691048543581,1.265385699813684e-05,0.5003885003885004
SM,201630,49631--sample_49631_k141_1008652,0.02334694933230838,2.062765526544788e-05,0.5019485580670304
SM,201630,49617--sample_49617_k141_280480,0.015832052068896735,9.451883409410719e-06,0.49961210240496506
SM,201630,49630--sample_49630_k141_409200,0.01986682721784145,1.425654872555674e-05,0.5007776049766719
SM,201630,49617--sample_49617_k141_276013,0.0232467858035465,2.0660546759241234e-05,0.5019485580670304
SM,201630,49631--sample_49631_k141_709042,0.023256957442057354,2.0696869543547856e-05,0.5019485580670304
SM,201630,53600--sample_53600_k141_348427,0.020877164330022673,1.6373599843727614e-05,0.5011673151750973
SM,201630,49617--sample_49617_k141_26213,0.01597273454509401,9.340702389645187e-06,0.49961210240496506
SM,201630,49617--sample_49617_k141_195700,0.015894634767497456,9.500748000417023e-06,0.49961210240496506
SM,201630,49631--sample_49631_k141_581899,0.01586771603799628,9.474340555550604e-06,0.49961210240496506
SM,201630,49642--sample_49642_k141_628483,0.024648538554892307,2.2813281116273197e-05,0.5023400936037441
SM,201630,49613--sample_49613_k141_532078,0.018433054220651914,1.2620343022438282e-05,0.5003885003885004
SM,201630,49638--sample_49638_k141_599206,0.02080079140691261,1.6458691190617752e-05,0.5011673151750973
SM,201630,49617--sample_49617_k141_150679,0.015963851498430257,9.374035569652555e-06,0.49961210240496506
SM,201630,49631--sample_49631_k141_1053996,0.022166232341105242,1.8385496254267823e-05,0.5015576323987538
SM,201630,49617--sample_49617_k141_167811,0.019551101574261247,1.4526307166219355e-05,0.5007776049766719
SM,201630,49616--sample_49616_k141_193497,0.015938716113615525,9.470329833105331e-06,0.49961210240496506
SM,201630,49617--sample_49617_k141_24004,0.020725830121842665,1.656858133246883e-05,0.5011673151750973
SM,201630,49617--sample_49617_k141_77130,0.016977266470427087,1.1189084121849376e-05,0.5
SM,201630,49631--sample_49631_k141_743481,0.019730767955790547,1.4394346214814926e-05,0.5007776049766719
SM,201630,49640--sample_49640_k141_592906,0.021032502401132205,1.6202768531056016e-05,0.5011673151750973
SM,201630,49639--sample_49639_k141_495848,0.022281794692963253,1.8248463071933587e-05,0.5015576323987538
SM,201630,49631--sample_49631_k141_862268,0.018557968165075326,1.2477846727008314e-05,0.5003885003885004
SM,201630,49642--sample_49642_k141_581549,0.02209009078374065,1.843014813592741e-05,0.5015576323987538
SM,201630,49631--sample_49631_k141_1007009,0.023433760542244875,2.0485756734822264e-05,0.5019485580670304
SM,201630,49619--sample_49619_k141_441181,0.01849465846022297,1.2622280337073717e-05,0.5003885003885004
SM,201630,49631--sample_49631_k141_292675,0.018331024498745185,1.274763276171149e-05,0.5003885003885004
SM,201630,49630--sample_49630_k141_849450,0.023376305860085156,2.0547345161140834e-05,0.5019485580670304
SM,201630,49617--sample_49617_k141_278168,0.021013082109308575,1.6205618026361436e-05,0.5011673151750973
SM,201630,49613--sample_49613_k141_231441,0.01474848171904086,7.975988274340528e-06,0.4992248062015504
SM,201630,49631--sample_49631_k141_702721,0.021020177285965225,1.619921773313848e-05,0.5011673151750973
SM,201630,49640--sample_49640_k141_152891,0.01951849267441984,1.4566742021958728e-05,0.5007776049766719
SM,201630,49641--sample_49641_k141_488055,0.01599106899873536,9.357107114460799e-06,0.49961210240496506
SM,201630,49640--sample_49640_k141_323313,0.019600773562749328,1.4440643778899612e-05,0.5007776049766719
SM,201630,49631--sample_49631_k141_1041242,0.013383916496979674,6.674163370405772e-06,0.4988381099922541
SM,201630,49618--sample_49618_k141_137535,0.019470650583567627,1.4590895098540361e-05,0.5007776049766719
SM,201630,49633--sample_49633_k141_1083728,0.022111819258636697,1.844563465978397e-05,0.5015576323987538
SM,201630,49632--sample_49632_k141_1004910,0.019674186837397047,1.4429866307267979e-05,0.5007776049766719
SM,201630,49618--sample_49618_k141_23248,0.019675004216847675,1.4427029639218943e-05,0.5007776049766719
SM,201630,49617--sample_49617_k141_72135,0.019546594564536286,1.4570412409967089e-05,0.5007776049766719
SM,201630,49613--sample_49613_k141_461896,0.019782584600138053,1.4342886831156825e-05,0.5007776049766719
SM,201630,49617--sample_49617_k141_86405,0.019610947261134087,1.4454084037940461e-05,0.5007776049766719
SM,201630,49613--sample_49613_k141_165938,0.020824246485667105,1.6480683737971793e-05,0.5011673151750973
SM,201630,49631--sample_49631_k141_563528,0.019579359257149813,1.4540745116751631e-05,0.5007776049766719
SM,201630,49617--sample_49617_k141_160378,0.021000820669952996,1.6294595816614047e-05,0.5011673151750973
SM,201630,49613--sample_49613_k141_682459,0.023436643230120634,2.046604460476422e-05,0.5019485580670304
SM,201630,49617--sample_49617_k141_61118,0.019488027320571387,1.4633672993899892e-05,0.5007776049766719
SM,201630,49630--sample_49630_k141_343998,0.0196568536814957,1.4426199131153448e-05,0.5007776049766719
SM,201630,49617--sample_49617_k141_127335,0.018357055433375638,1.2688842445495508e-05,0.5003885003885004
SM,201630,49630--sample_49630_k141_90873,0.023349215500236085,2.0532291242800973e-05,0.5019485580670304
SM,201630,49618--sample_49618_k141_299160,0.0159210322280256,9.401666574826828e-06,0.49961210240496506
SM,201630,49631--sample_49631_k141_167697,0.019624523615363414,1.4424773742021222e-05,0.5007776049766719
SM,201630,49631--sample_49631_k141_569685,0.01971982059288049,1.4396908154778908e-05,0.5007776049766719
SM,201630,49631--sample_49631_k141_148696,0.016001139160535843,9.363042304355638e-06,0.49961210240496506
SM,201630,49617--sample_49617_k141_282111,0.022106849816732478,1.8449649503804895e-05,0.5015576323987538
SM,201630,49617--sample_49617_k141_285407,0.018443238321371413,1.2570363637034573e-05,0.5003885003885004
SM,201630,49641--sample_49641_k141_284676,0.014692893357199269,7.98730985418765e-06,0.4992248062015504
SM,201630,49617--sample_49617_k141_41126,0.01126287674424833,4.225668020674258e-06,0.4980665119876257
SM,201630,49618--sample_49618_k141_58082,0.022075516299508394,1.8457673356465932e-05,0.5015576323987538
SM,201630,Sample_49638_5,0.14148033198990406,0.03819473360625147,0.5549332184403274
SM,201630,Sample_49629_9.1,0.13176871254402844,0.03428085481186411,0.5337753833402403
SM,201630,Sample_49628_42,0.12589360728702997,0.030088877537237494,0.5178930438279051
SM,201630,Sample_49624_11,0.1340447740433922,0.03549825198099418,0.5395894428152492
SM,201630,Sample_49615_24,0.13099940113893763,0.033092552884057165,0.5302593659942363
SM,201630,Sample_49624_46,0.14205522178320315,0.039719631280349825,0.5587852494577007
SM,201630,49622_ma_contigs,0.1346641028618337,0.03502092039559371,0.5391377145249058
SM,201630,Sample_49625_12,0.1334736082619441,0.033615593067966736,0.5346616853466168
SM,201630,Sample_49613_26,0.13496082884132604,0.0361054178226878,0.5418594867480017
SM,201630,Sample_49613_25,0.13411019236250615,0.0350892818670256,0.5386867419489754
SM,201630,Sample_49628_25.1,0.1316379980386848,0.03324566882041306,0.5315724308708213
SM,201630,Sample_49625_10,0.1287420751973269,0.032168322246988124,0.525499796001632
SM,201630,Sample_49615_26.2,0.13504883679703378,0.034902560422177334,0.5391377145249058
SM,201630,Sample_49628_33.1,0.13181205921819963,0.035152086490521685,0.5355509355509356
SM,201630,Sample_49615_13,0.1322407931840524,0.03495228017763927,0.5359966708281315
SM,201630,Sample_49625_6,0.13468578716943674,0.034497921370802626,0.5382365231926453
SM,201630,Sample_49618_9,0.13561624737576664,0.03653829304082044,0.5436893203883495
SM,201630,Sample_49618_42,0.1371176445801168,0.03725660212417411,0.5469214437367304
SM,201630,Sample_49618_8,0.13425586948365162,0.035030841182258604,0.5386867419489754
SM,201630,Sample_49625_17,0.1329891205495276,0.03522211126852014,0.5373383395911556
SM,201630,Sample_49618_50,0.13673036794422264,0.03611015719466367,0.5441487114490917
SM,201630,Sample_49613_28,0.13194514039556926,0.03476483015195123,0.5351059410054009
SM,201630,Sample_49628_55,0.1335957736231445,0.034997838092333734,0.5377870563674322
SM,201630,Sample_49624_8,0.12680366115221156,0.031015683524138304,0.5208249090173878
SM,201630,Sample_49628_40,0.12904375637404075,0.03278584811386403,0.5272206303724928
SM,201630,Sample_49615_5.1,0.13183426602496134,0.03424036083061444,0.5337753833402403
SM,201630,Sample_49615_20,0.13811751741538766,0.03765478100915909,0.5492537313432836
SM,201630,Sample_49618_39.1,0.13471062724312508,0.035536958072886995,0.5404951741502309
