Method,Number of Swaps,Node,Eigenvector Centrality,Betweenness Centrality,Closeness Centrality
SM,201630,49614--sample_49614_k141_1366290,0.018395565895374763,1.267341360211529e-05,0.5003885003885004
SM,201630,49614--sample_49614_k141_1673869,0.01610172178772855,9.298407228298512e-06,0.49961210240496506
SM,201630,49614--sample_49614_k141_361656,0.013521440929073971,6.614447986219193e-06,0.4988381099922541
SM,201630,49614--sample_49614_k141_1427871,0.02347438206436293,2.0443955945016207e-05,0.5019485580670304
SM,201630,49614--sample_49614_k141_1684910,0.01239871988185608,5.335583808647798e-06,0.4984520123839009
SM,201630,49614--sample_49614_k141_1888333,0.015864125687388216,9.502161792467453e-06,0.49961210240496506
SM,201630,49614--sample_49614_k141_1420726,0.01824660512007407,1.2796911247972015e-05,0.5003885003885004
SM,201630,49614--sample_49614_k141_1263971,0.02321179228484632,2.0731038104585187e-05,0.5019485580670304
SM,201630,49614--sample_49614_k141_1030954,0.023212988256609668,2.0772398424771762e-05,0.5019485580670304
SM,201630,49614--sample_49614_k141_1613401,0.01961035809153479,1.4522353982621214e-05,0.5007776049766719
SM,201630,49614--sample_49614_k141_1358288,0.018376574770052768,1.2707447169498372e-05,0.5003885003885004
SM,201630,49614--sample_49614_k141_1030670,0.01850449106677773,1.254781844382029e-05,0.5003885003885004
SM,201630,49614--sample_49614_k141_1820688,0.01841763503207575,1.2663019056478947e-05,0.5003885003885004
SM,201630,49614--sample_49614_k141_1487501,0.017255547611789424,1.0893423756669807e-05,0.5
SM,201630,49614--sample_49614_k141_1651093,0.023166348843133025,2.081379831333406e-05,0.5019485580670304
SM,201630,49614--sample_49614_k141_1675793,0.0196234656324812,1.450103807045848e-05,0.5007776049766719
SM,201630,49614--sample_49614_k141_942127,0.02213545661735532,1.840818320501772e-05,0.5015576323987538
SM,201630,49614--sample_49614_k141_656736,0.021969743186814328,1.8553138213510505e-05,0.5015576323987538
SM,201630,49614--sample_49614_k141_1678667,0.024475042226862365,2.2989846379556643e-05,0.5023400936037441
SM,201630,49614--sample_49614_k141_1943765,0.01848728828543692,1.2563154399102646e-05,0.5003885003885004
SM,201630,49614--sample_49614_k141_1816064,0.01710538470200454,1.102126315798415e-05,0.5
SM,201630,49614--sample_49614_k141_149411,0.02090723258152908,1.636764137445653e-05,0.5011673151750973
SM,201630,49614--sample_49614_k141_1996265,0.024557620921041304,2.29115229212799e-05,0.5023400936037441
SM,201630,49614--sample_49614_k141_1502755,0.023254809403233198,2.0753673000934376e-05,0.5019485580670304
SM,201630,49614--sample_49614_k141_259366,0.025767876486025874,2.5346022690726567e-05,0.5027322404371585
SM,201630,49614--sample_49614_k141_75054,0.01836887706596881,1.2692377047343347e-05,0.5003885003885004
SM,201630,49614--sample_49614_k141_2139,0.018556635027581713,1.2575838180589284e-05,0.5003885003885004
SM,201630,49614--sample_49614_k141_823274,0.01477838614539043,7.971088210570068e-06,0.4992248062015504
SM,201630,49614--sample_49614_k141_1735709,0.019709982734848145,1.4444229519947403e-05,0.5007776049766719
SM,201630,49614--sample_49614_k141_762662,0.01978975693000332,1.4293561723734688e-05,0.5007776049766719
SM,201630,49614--sample_49614_k141_1698348,0.0183587166808599,1.2711936885410097e-05,0.5003885003885004
SM,201630,49614--sample_49614_k141_1641869,0.02453139242177574,2.291598749785145e-05,0.5023400936037441
SM,201630,49614--sample_49614_k141_262368,0.022081004435003337,1.846987049785908e-05,0.5015576323987538
SM,201630,49614--sample_49614_k141_611934,0.01967199790832423,1.4442212588803074e-05,0.5007776049766719
SM,201630,49614--sample_49614_k141_405366,0.01594923372420894,9.401675067861818e-06,0.49961210240496506
SM,201630,49614--sample_49614_k141_1298515,0.020936870435478486,1.6333384172349834e-05,0.5011673151750973
SM,201630,49614--sample_49614_k141_1081030,0.014879869858821091,7.894336614602145e-06,0.4992248062015504
SM,201630,49614--sample_49614_k141_1494757,0.023326423250518636,2.0595229440795236e-05,0.5019485580670304
SM,201630,49614--sample_49614_k141_228945,0.019710935799222538,1.439460687096074e-05,0.5007776049766719
SM,201630,49614--sample_49614_k141_651585,0.019607607153367096,1.4529157479229212e-05,0.5007776049766719
SM,201630,49614--sample_49614_k141_1667848,0.018322956767357648,1.2787816388554501e-05,0.5003885003885004
SM,201630,49614--sample_49614_k141_1582181,0.022138999298373017,1.843677164686838e-05,0.5015576323987538
SM,201630,49614--sample_49614_k141_888599,0.017196360659732842,1.093145571760681e-05,0.5
SM,201630,49614--sample_49614_k141_589501,0.021945179239351662,1.862819373398219e-05,0.5015576323987538
SM,201630,49614--sample_49614_k141_1751193,0.020854901145779734,1.6407671496514972e-05,0.5011673151750973
SM,201630,49614--sample_49614_k141_1297148,0.02219249647018059,1.830422676740322e-05,0.5015576323987538
SM,201630,49614--sample_49614_k141_2279922,0.014678738553934268,7.983915046191015e-06,0.4992248062015504
SM,201630,49614--sample_49614_k141_311416,0.02084310512302255,1.6405330900852874e-05,0.5011673151750973
SM,201630,49614--sample_49614_k141_401001,0.01603741570358463,9.354096989843967e-06,0.49961210240496506
SM,201630,49614--sample_49614_k141_1969311,0.02457675806713219,2.2833706652962996e-05,0.5023400936037441
SM,201630,49614--sample_49614_k141_239722,0.025837717627318457,2.5307252159860833e-05,0.5027322404371585
SM,201630,49614--sample_49614_k141_714468,0.013536798801553934,6.611249506947945e-06,0.4988381099922541
SM,201630,49614--sample_49614_k141_1994231,0.018367606035135084,1.2693941499472026e-05,0.5003885003885004
SM,201630,49614--sample_49614_k141_2178769,0.017235224362952058,1.0937809081634327e-05,0.5
SM,201630,49614--sample_49614_k141_461285,0.017108042191392635,1.0998120493960559e-05,0.5
SM,201630,49614--sample_49614_k141_872999,0.018325282500787635,1.2710167665371274e-05,0.5003885003885004
SM,201630,49614--sample_49614_k141_60460,0.019569850758633295,1.4560685021604514e-05,0.5007776049766719
SM,201630,49614--sample_49614_k141_2173118,0.015884663672916,9.443072846150708e-06,0.49961210240496506
SM,201630,49614--sample_49614_k141_1230032,0.015826814227897813,9.449953166008762e-06,0.49961210240496506
SM,201630,49614--sample_49614_k141_2164689,0.023442536100391154,2.0496965382152414e-05,0.5019485580670304
SM,201630,49614--sample_49614_k141_153009,0.018399730533363353,1.2697463278720498e-05,0.5003885003885004
SM,201630,49614--sample_49614_k141_38739,0.0207130491045395,1.6600610456450354e-05,0.5011673151750973
SM,201630,49614--sample_49614_k141_978190,0.01716780214808344,1.0992872098329627e-05,0.5
SM,201630,49614--sample_49614_k141_1331948,0.019668742010916746,1.4441824577279742e-05,0.5007776049766719
SM,201630,49614--sample_49614_k141_736090,0.02094611596219255,1.6335020089053602e-05,0.5011673151750973
SM,201630,49614--sample_49614_k141_693752,0.019637675984763268,1.4446312695104375e-05,0.5007776049766719
SM,201630,49614--sample_49614_k141_768537,0.01722480158968269,1.0948094794125284e-05,0.5
SM,201630,49614--sample_49614_k141_1297508,0.014759521935776204,7.909576898299476e-06,0.4992248062015504
SM,201630,49614--sample_49614_k141_1820469,0.014735118027676998,7.982534578631142e-06,0.4992248062015504
SM,201630,49614--sample_49614_k141_983271,0.023397450110210355,2.058972415600155e-05,0.5019485580670304
SM,201630,49614--sample_49614_k141_1706254,0.017225027671224073,1.0898341037847078e-05,0.5
SM,201630,49614--sample_49614_k141_2143008,0.020750189511489145,1.6533616657262396e-05,0.5011673151750973
SM,201630,49614--sample_49614_k141_917802,0.022302034489762448,1.821202266840852e-05,0.5015576323987538
SM,201630,49614--sample_49614_k141_1082226,0.019590776585831752,1.4543272195375144e-05,0.5007776049766719
SM,201630,49614--sample_49614_k141_2049411,0.018494823968624407,1.255785913499666e-05,0.5003885003885004
SM,201630,49614--sample_49614_k141_1581344,0.02084373082218145,1.6487100792405665e-05,0.5011673151750973
SM,201630,49614--sample_49614_k141_625148,0.01850813779324247,1.2571433228162529e-05,0.5003885003885004
SM,201630,49614--sample_49614_k141_1609489,0.020869429443225236,1.6393698617375396e-05,0.5011673151750973
SM,201630,49614--sample_49614_k141_65000,0.026978489679631956,2.792044783408458e-05,0.503125
SM,201630,49614--sample_49614_k141_301897,0.02225105386354478,1.8282035837496476e-05,0.5015576323987538
SM,201630,49614--sample_49614_k141_1808202,0.018544214708006636,1.2550812450927894e-05,0.5003885003885004
SM,201630,49614--sample_49614_k141_455871,0.023331479451948012,2.0651722046960738e-05,0.5019485580670304
SM,201630,49614--sample_49614_k141_1432154,0.022042593741276647,1.8556256818676182e-05,0.5015576323987538
SM,201630,49614--sample_49614_k141_974705,0.023424335471109944,2.0501754691106245e-05,0.5019485580670304
SM,201630,49614--sample_49614_k141_945712,0.025836961280828723,2.5235715860652323e-05,0.5027322404371585
SM,201630,49614--sample_49614_k141_82393,0.0159464614843316,9.39764328418704e-06,0.4992248062015504
SM,201630,49614--sample_49614_k141_1302202,0.018275312111964193,1.2806160564804642e-05,0.5003885003885004
SM,201630,49614--sample_49614_k141_290227,0.023365805804946013,2.0622731794583827e-05,0.5019485580670304
SM,201630,49614--sample_49614_k141_2198304,0.01839759390606187,1.266669569213944e-05,0.5003885003885004
SM,201630,49614--sample_49614_k141_1239175,0.020890073864437544,1.6458496183786994e-05,0.5011673151750973
SM,201630,49614--sample_49614_k141_581161,0.023393841528428837,2.054061921136748e-05,0.5019485580670304
SM,201630,49614--sample_49614_k141_1129144,0.019550774668618487,1.4621472943471411e-05,0.5007776049766719
SM,201630,49614--sample_49614_k141_517086,0.020932429435905373,1.6317064886522502e-05,0.5011673151750973
SM,201630,49614--sample_49614_k141_734937,0.021004476102893896,1.628443129575361e-05,0.5011673151750973
SM,201630,49614--sample_49614_k141_1636650,0.02088475351082753,1.637601119386915e-05,0.5011673151750973
SM,201630,49614--sample_49614_k141_1173914,0.01840540062202825,1.270188376630483e-05,0.5003885003885004
SM,201630,49614--sample_49614_k141_945388,0.0171691315694593,1.0954662312183149e-05,0.5
SM,201630,49614--sample_49614_k141_518814,0.017140552634676325,1.0991210042301794e-05,0.5
SM,201630,49614--sample_49614_k141_1499111,0.018249873609235804,1.2833279239340706e-05,0.5003885003885004
SM,201630,49614--sample_49614_k141_1431,0.01574133929077791,9.584469243421224e-06,0.49961210240496506
SM,201630,49614--sample_49614_k141_2129664,0.022212667779765948,1.835064972730085e-05,0.5015576323987538
SM,201630,49614--sample_49614_k141_1838286,0.014686021992853033,8.009841280883594e-06,0.4992248062015504
SM,201630,49614--sample_49614_k141_533429,0.022169943526323305,1.838558132431854e-05,0.5015576323987538
SM,201630,49614--sample_49614_k141_1809878,0.02094200469499182,1.6326675409308857e-05,0.5011673151750973
SM,201630,49614--sample_49614_k141_924335,0.02077173853141635,1.6487053658571584e-05,0.5011673151750973
SM,201630,49614--sample_49614_k141_575385,0.02214329177766664,1.8381662040480064e-05,0.5015576323987538
SM,201630,49614--sample_49614_k141_1317799,0.01713840578061089,1.1055215311845235e-05,0.5
SM,201630,49614--sample_49614_k141_1611182,0.017120903479443627,1.0990776397420863e-05,0.5
SM,201630,49614--sample_49614_k141_330023,0.020898143268759033,1.6359348977071264e-05,0.5011673151750973
SM,201630,49614--sample_49614_k141_918242,0.017298633349449966,1.0873206198488945e-05,0.5
SM,201630,49614--sample_49614_k141_2021145,0.022204758069921622,1.8339575903342703e-05,0.5015576323987538
SM,201630,49614--sample_49614_k141_1050375,0.020803929052323766,1.6470233811548745e-05,0.5011673151750973
SM,201630,49614--sample_49614_k141_248429,0.021077763095875602,1.6174982016243897e-05,0.5011673151750973
SM,201630,49614--sample_49614_k141_2013565,0.01724663545307731,1.0942579903567043e-05,0.5
SM,201630,49614--sample_49614_k141_1607582,0.018355434371034648,1.2725853608709248e-05,0.5003885003885004
SM,201630,49614--sample_49614_k141_3196,0.018515827238856503,1.254829831700856e-05,0.5003885003885004
SM,201630,49614--sample_49614_k141_134781,0.01973469318919863,1.437285223106732e-05,0.5007776049766719
SM,201630,49614--sample_49614_k141_519892,0.01969959294639059,1.44714355111015e-05,0.5007776049766719
SM,201630,49614--sample_49614_k141_1887436,0.01600804215274544,9.387305316512022e-06,0.49961210240496506
SM,201630,49614--sample_49614_k141_1615394,0.018439483240919978,1.2615472507803534e-05,0.5003885003885004
SM,201630,49614--sample_49614_k141_4744,0.013522146473860264,6.644504213002643e-06,0.4988381099922541
SM,201630,49614--sample_49614_k141_1820321,0.017184632166798292,1.0949729980345588e-05,0.5
SM,201630,49614--sample_49614_k141_806895,0.019777804127428033,1.4336760241668773e-05,0.5007776049766719
SM,201630,49614--sample_49614_k141_541379,0.024682571321823617,2.2757344643821995e-05,0.5023400936037441
SM,201630,49614--sample_49614_k141_1890593,0.023294649197372404,2.0708697565132636e-05,0.5019485580670304
SM,201630,49614--sample_49614_k141_590446,0.013537923106580725,6.6062348382052944e-06,0.4988381099922541
SM,201630,49614--sample_49614_k141_1777190,0.018388419743613257,1.2688666511990606e-05,0.5003885003885004
SM,201630,49614--sample_49614_k141_1243219,0.017242994293371044,1.0982285625138932e-05,0.5
SM,201630,49614--sample_49614_k141_2043775,0.02202507260692757,1.8495742286923064e-05,0.5015576323987538
SM,201630,49614--sample_49614_k141_1387687,0.02324901871810582,2.0709625171600002e-05,0.5019485580670304
SM,201630,49614--sample_49614_k141_2306863,0.018372582899587993,1.2676378328758978e-05,0.5003885003885004
SM,201630,49614--sample_49614_k141_1359850,0.019728583625523637,1.4401969361104723e-05,0.5007776049766719
SM,201630,49614--sample_49614_k141_559284,0.018388236408889452,1.2666819788124734e-05,0.5003885003885004
SM,201630,49614--sample_49614_k141_2091805,0.02454624259586507,2.289114545106902e-05,0.5023400936037441
SM,201630,49614--sample_49614_k141_834841,0.024612562323065423,2.289533621408199e-05,0.5023400936037441
SM,201630,49614--sample_49614_k141_135183,0.0245515612933618,2.2942473558016387e-05,0.5023400936037441
SM,201630,49614--sample_49614_k141_271904,0.024523093525363648,2.2904681180564042e-05,0.5023400936037441
SM,201630,49614--sample_49614_k141_2240088,0.020885510449349387,1.641910452934245e-05,0.5011673151750973
SM,201630,49614--sample_49614_k141_838838,0.014673559609691699,8.00085915008139e-06,0.4992248062015504
SM,201630,49614--sample_49614_k141_331421,0.021009130927224593,1.626622496722001e-05,0.5011673151750973
SM,201630,49614--sample_49614_k141_1716839,0.02195828143568087,1.8610737984018743e-05,0.5015576323987538
SM,201630,49614--sample_49614_k141_1819997,0.013608536699051533,6.600598895410322e-06,0.4988381099922541
SM,201630,49614--sample_49614_k141_1586341,0.01838042135329858,1.2684678187740018e-05,0.5003885003885004
SM,201630,49614--sample_49614_k141_2131776,0.024577618989346142,2.2843568373292816e-05,0.5023400936037441
SM,201630,49614--sample_49614_k141_1339374,0.018292567886286363,1.2849820833221042e-05,0.5003885003885004
SM,201630,49614--sample_49614_k141_31048,0.01975166020670616,1.435364698558567e-05,0.5007776049766719
SM,201630,49614--sample_49614_k141_1871025,0.023375274119960144,2.0520970546524858e-05,0.5019485580670304
SM,201630,49614--sample_49614_k141_995602,0.022089073762877744,1.8483574816280944e-05,0.5015576323987538
SM,201630,49614--sample_49614_k141_459191,0.018509818195611136,1.2541781771344865e-05,0.5003885003885004
SM,201630,49614--sample_49614_k141_1160020,0.020867110092691588,1.640086743530077e-05,0.5011673151750973
SM,201630,49614--sample_49614_k141_871051,0.013567189102136414,6.606412750725227e-06,0.4988381099922541
SM,201630,49614--sample_49614_k141_1387103,0.020899089989950447,1.6370694629507394e-05,0.5011673151750973
SM,201630,49614--sample_49614_k141_70929,0.018464414903916967,1.2636377245204314e-05,0.5003885003885004
SM,201630,49614--sample_49614_k141_674158,0.023498356653302615,2.0418609462655463e-05,0.5019485580670304
SM,201630,49614--sample_49614_k141_148117,0.016003168256948072,9.357443607648167e-06,0.49961210240496506
SM,201630,49614--sample_49614_k141_2202806,0.02566546365288592,2.5517785838666546e-05,0.5027322404371585
SM,201630,49614--sample_49614_k141_2190878,0.01969039603469809,1.4444830811752385e-05,0.5007776049766719
SM,201630,49614--sample_49614_k141_1326880,0.02579208164828051,2.5258180114792626e-05,0.5027322404371585
SM,201630,49614--sample_49614_k141_2097207,0.02089684295461268,1.63756255610737e-05,0.5011673151750973
SM,201630,49614--sample_49614_k141_325554,0.020999610730942676,1.626845321855254e-05,0.5011673151750973
SM,201630,49614--sample_49614_k141_658929,0.01713586443971558,1.1025016626419063e-05,0.5
SM,201630,49614--sample_49614_k141_844689,0.0208149100884951,1.6481215136901536e-05,0.5011673151750973
SM,201630,49614--sample_49614_k141_1178427,0.02203891853099097,1.8535077275391416e-05,0.5015576323987538
SM,201630,49614--sample_49614_k141_924455,0.0207884406472023,1.646615006890158e-05,0.5011673151750973
SM,201630,49614--sample_49614_k141_548218,0.02578093702963275,2.5346279356088908e-05,0.5027322404371585
SM,201630,49614--sample_49614_k141_157529,0.014867931859485931,7.836994955114568e-06,0.4992248062015504
SM,201630,49614--sample_49614_k141_1043792,0.013599892853865965,6.547685922059913e-06,0.4988381099922541
SM,201630,49614--sample_49614_k141_282500,0.0195915224098951,1.4535254301466431e-05,0.5007776049766719
SM,201630,49614--sample_49614_k141_1047512,0.018380063472490816,1.27043401395587e-05,0.5003885003885004
SM,201630,49614--sample_49614_k141_1812456,0.01846636527965001,1.2600301872356073e-05,0.5003885003885004
SM,201630,49614--sample_49614_k141_991277,0.024520098887643314,2.2972596043922985e-05,0.5023400936037441
SM,201630,49614--sample_49614_k141_2155159,0.01962842325358228,1.4464079331635974e-05,0.5007776049766719
SM,201630,49614--sample_49614_k141_1515117,0.02208933752208204,1.8483438865686236e-05,0.5015576323987538
SM,201630,49614--sample_49614_k141_1610034,0.014620636442540821,8.050758571182132e-06,0.4992248062015504
SM,201630,49614--sample_49614_k141_438690,0.01967309764120646,1.4395555034638737e-05,0.5007776049766719
SM,201630,49614--sample_49614_k141_2037150,0.014710256075593852,7.990910147108958e-06,0.4992248062015504
SM,201630,49614--sample_49614_k141_67510,0.01595677279046616,9.403990020755825e-06,0.49961210240496506
SM,201630,49614--sample_49614_k141_1822828,0.017121534236622268,1.1004810077517761e-05,0.5
SM,201630,49614--sample_49614_k141_2097969,0.020850281111455433,1.644326192732959e-05,0.5011673151750973
SM,201630,49614--sample_49614_k141_2301029,0.01588361722691785,9.448320162615706e-06,0.49961210240496506
SM,201630,49614--sample_49614_k141_2118289,0.027021706241073733,2.7860375365170764e-05,0.503125
SM,201630,49614--sample_49614_k141_1139755,0.01972782061259148,1.442676446743251e-05,0.5007776049766719
SM,201630,49614--sample_49614_k141_1080344,0.014856423291507055,7.906445133005166e-06,0.4992248062015504
SM,201630,49614--sample_49614_k141_1880545,0.018374077632420893,1.2655086034734589e-05,0.5003885003885004
SM,201630,49614--sample_49614_k141_326091,0.017026008807840685,1.1149529881108285e-05,0.5
SM,201630,49614--sample_49614_k141_1735259,0.015938844079888586,9.39776990431047e-06,0.49961210240496506
SM,201630,49614--sample_49614_k141_2139246,0.022065780792140752,1.849231863196041e-05,0.5015576323987538
SM,201630,49614--sample_49614_k141_178616,0.01219148260153138,5.4747232046735955e-06,0.4984520123839009
SM,201630,49614--sample_49614_k141_759014,0.01607893282263108,9.254683285118136e-06,0.49961210240496506
SM,201630,49614--sample_49614_k141_2133054,0.019637049987892657,1.4415393982148555e-05,0.5007776049766719
SM,201630,49614--sample_49614_k141_31529,0.02089733443707777,1.6373646754625608e-05,0.5011673151750973
SM,201630,49614--sample_49614_k141_2215540,0.020936569841265823,1.6338634540117707e-05,0.5011673151750973
SM,201630,49614--sample_49614_k141_1884003,0.01605661045863012,9.310154813553396e-06,0.49961210240496506
SM,201630,49614--sample_49614_k141_1264935,0.02462515378519718,2.2821118025071016e-05,0.5023400936037441
SM,201630,49614--sample_49614_k141_2180922,0.018341639727868415,1.275719845762885e-05,0.5003885003885004
SM,201630,49614--sample_49614_k141_111426,0.017268057123768516,1.0864972799119328e-05,0.5
SM,201630,49614--sample_49614_k141_1220811,0.024495659551394138,2.3015267792631605e-05,0.5023400936037441
SM,201630,49614--sample_49614_k141_1429385,0.018470325108822547,1.2680485187442639e-05,0.5003885003885004
SM,201630,49614--sample_49614_k141_1044103,0.017307409732532072,1.0848060829405142e-05,0.5
SM,201630,49614--sample_49614_k141_382567,0.024680665551529656,2.2822164703803685e-05,0.5023400936037441
SM,201630,49614--sample_49614_k141_1960330,0.025786699691870932,2.5316025635018576e-05,0.5027322404371585
SM,201630,49614--sample_49614_k141_1204302,0.025780010628263624,2.527570872537829e-05,0.5027322404371585
SM,201630,49614--sample_49614_k141_1362863,0.018544387111498216,1.2568530914503377e-05,0.5003885003885004
SM,201630,49614--sample_49614_k141_562944,0.02085107996984047,1.6479599770958504e-05,0.5011673151750973
SM,201630,49614--sample_49614_k141_267755,0.024534602891981228,2.2961985960309415e-05,0.5023400936037441
SM,201630,49614--sample_49614_k141_1049069,0.020875686028998034,1.642710698117015e-05,0.5011673151750973
SM,201630,49614--sample_49614_k141_2236854,0.023420805704376043,2.0520923097623544e-05,0.5019485580670304
SM,201630,49614--sample_49614_k141_345881,0.01970020507490771,1.4427632491859679e-05,0.5007776049766719
SM,201630,49614--sample_49614_k141_1709526,0.014710199616493214,7.993377664635062e-06,0.4992248062015504
SM,201630,49614--sample_49614_k141_1273134,0.01606653989844733,9.311144298024258e-06,0.49961210240496506
SM,201630,49614--sample_49614_k141_1003738,0.019743791381035436,1.4397772632946006e-05,0.5007776049766719
SM,201630,49614--sample_49614_k141_155685,0.019596005847836512,1.4545043322071323e-05,0.5007776049766719
SM,201630,49614--sample_49614_k141_799411,0.020811362157325135,1.643757832167543e-05,0.5011673151750973
SM,201630,49614--sample_49614_k141_1876905,0.02087530396242801,1.635977227337489e-05,0.5011673151750973
SM,201630,49614--sample_49614_k141_6229,0.02329700782892148,2.0643576112484472e-05,0.5019485580670304
SM,201630,49614--sample_49614_k141_899836,0.023517832086689724,2.038707397526197e-05,0.5019485580670304
SM,201630,49614--sample_49614_k141_262877,0.017163702878935407,1.1006513664733684e-05,0.5
SM,201630,49614--sample_49614_k141_446802,0.01974124433551589,1.4430329347275183e-05,0.5007776049766719
SM,201630,49614--sample_49614_k141_861245,0.018468795632670863,1.2560976334650962e-05,0.5003885003885004
SM,201630,49614--sample_49614_k141_1043592,0.019582449878003793,1.4504051859349584e-05,0.5007776049766719
SM,201630,49614--sample_49614_k141_373499,0.015983793035384112,9.348140767243447e-06,0.49961210240496506
SM,201630,49614--sample_49614_k141_1873429,0.020883033375849323,1.642884203034558e-05,0.5011673151750973
SM,201630,49614--sample_49614_k141_941148,0.025887489190048237,2.522806732851594e-05,0.5027322404371585
SM,201630,49614--sample_49614_k141_334906,0.02338557618565713,2.0497259200635938e-05,0.5019485580670304
SM,201630,49614--sample_49614_k141_317393,0.022133477573571304,1.8395730991043733e-05,0.5015576323987538
SM,201630,49614--sample_49614_k141_1942210,0.015989892088184427,9.387867298887403e-06,0.49961210240496506
SM,201630,49614--sample_49614_k141_914702,0.018455529350322315,1.2664170400045193e-05,0.5003885003885004
SM,201630,49614--sample_49614_k141_991415,0.01976362889246871,1.4408664784947544e-05,0.5007776049766719
SM,201630,49614--sample_49614_k141_274775,0.019519921889009882,1.4623953904467415e-05,0.5007776049766719
SM,201630,49614--sample_49614_k141_2255621,0.01706784604629553,1.1053176072165342e-05,0.5
SM,201630,49614--sample_49614_k141_52808,0.020932270176971107,1.6380581478652035e-05,0.5011673151750973
SM,201630,49614--sample_49614_k141_2244732,0.01592986813726688,9.442488115426437e-06,0.49961210240496506
SM,201630,49614--sample_49614_k141_1578368,0.015959814157852283,9.414065266041047e-06,0.49961210240496506
SM,201630,49614--sample_49614_k141_915233,0.015869483071591462,9.46960259993015e-06,0.49961210240496506
SM,201630,49614--sample_49614_k141_199705,0.018515866081564077,1.2580513037276983e-05,0.5003885003885004
SM,201630,49614--sample_49614_k141_897184,0.024465372007058478,2.3056739435564286e-05,0.5023400936037441
SM,201630,49614--sample_49614_k141_1964044,0.014847284733358257,7.885113500189033e-06,0.4992248062015504
SM,201630,49614--sample_49614_k141_802310,0.015938766912514637,9.407215926555888e-06,0.49961210240496506
SM,201630,49614--sample_49614_k141_1636768,0.014754911501769741,7.9641496413403e-06,0.4992248062015504
SM,201630,49614--sample_49614_k141_1410062,0.0219700828880029,1.855277478778207e-05,0.5015576323987538
SM,201630,49614--sample_49614_k141_2239437,0.012383239252829529,5.35732074949492e-06,0.4984520123839009
SM,201630,49614--sample_49614_k141_380558,0.025796897429275545,2.531401316806354e-05,0.5027322404371585
SM,201630,49614--sample_49614_k141_825477,0.01716096702610747,1.1040032995295904e-05,0.5
SM,201630,49614--sample_49614_k141_1431426,0.015931149448786718,9.443481104865745e-06,0.49961210240496506
SM,201630,49614--sample_49614_k141_782554,0.013451186722009931,6.666738827487575e-06,0.4988381099922541
SM,201630,49614--sample_49614_k141_1469720,0.017350138957169275,1.0846108386569248e-05,0.5
SM,201630,49614--sample_49614_k141_1483598,0.019657876688726178,1.4499654125170487e-05,0.5007776049766719
SM,201630,49614--sample_49614_k141_1641711,0.02217055323152929,1.8413413121517736e-05,0.5015576323987538
SM,201630,49614--sample_49614_k141_430119,0.024611793722372207,2.284714490847698e-05,0.5023400936037441
SM,201630,49614--sample_49614_k141_1480657,0.022040429071412935,1.857366146071127e-05,0.5015576323987538
SM,201630,49614--sample_49614_k141_1548523,0.019713693253401804,1.435443517149229e-05,0.5007776049766719
SM,201630,49614--sample_49614_k141_1466444,0.020809312883964436,1.6454881317464607e-05,0.5011673151750973
SM,201630,49614--sample_49614_k141_997447,0.025829188473189844,2.532094476538773e-05,0.5027322404371585
SM,201630,49614--sample_49614_k141_781022,0.01971867512247657,1.4403160579877765e-05,0.5007776049766719
SM,201630,49614--sample_49614_k141_2199480,0.026938811214606336,2.7980980661295265e-05,0.503125
SM,201630,49614--sample_49614_k141_1705538,0.018523797597202022,1.2572647581087672e-05,0.5003885003885004
SM,201630,49614--sample_49614_k141_1802869,0.01713439271927015,1.1030877135697563e-05,0.5
SM,201630,49614--sample_49614_k141_976496,0.01833964188587122,1.2711024780906215e-05,0.5003885003885004
SM,201630,49614--sample_49614_k141_1998437,0.019706393753858843,1.439745319190773e-05,0.5007776049766719
SM,201630,49614--sample_49614_k141_802719,0.013437487822041886,6.649845521013218e-06,0.4988381099922541
SM,201630,49614--sample_49614_k141_177839,0.025841419400380997,2.5210444911583917e-05,0.5027322404371585
SM,201630,49614--sample_49614_k141_1735303,0.020969562896538837,1.633627136869977e-05,0.5011673151750973
SM,201630,49614--sample_49614_k141_1404475,0.01829040441723534,1.2802918148199768e-05,0.5003885003885004
SM,201630,49614--sample_49614_k141_730698,0.021011825393233242,1.6285717065371234e-05,0.5011673151750973
SM,201630,49614--sample_49614_k141_154118,0.01843347267214483,1.2606921078649142e-05,0.5003885003885004
SM,201630,49614--sample_49614_k141_514814,0.020884699760658466,1.639731219493748e-05,0.5011673151750973
SM,201630,49614--sample_49614_k141_1898739,0.019748051276773627,1.436041147574027e-05,0.5007776049766719
SM,201630,49614--sample_49614_k141_470294,0.023330151832264893,2.0601169607358643e-05,0.5019485580670304
SM,201630,49614--sample_49614_k141_927748,0.017123937101008825,1.1030389284941543e-05,0.5
SM,201630,49614--sample_49614_k141_204516,0.020994425556085314,1.6277031891357143e-05,0.5011673151750973
SM,201630,49614--sample_49614_k141_471890,0.01716642154464093,1.0980814738336831e-05,0.5
SM,201630,49614--sample_49614_k141_346409,0.01962209515197731,1.4468016575935351e-05,0.5007776049766719
SM,201630,49614--sample_49614_k141_1537708,0.021026234406372014,1.6263614800403055e-05,0.5011673151750973
SM,201630,49614--sample_49614_k141_1306799,0.01840275995599058,1.266492135485798e-05,0.5003885003885004
SM,201630,49614--sample_49614_k141_66793,0.018581552307988046,1.248306300223439e-05,0.5003885003885004
SM,201630,49614--sample_49614_k141_989275,0.020821757276909658,1.646866193413163e-05,0.5011673151750973
SM,201630,49614--sample_49614_k141_1514836,0.01967657161355628,1.4435493860736912e-05,0.5007776049766719
SM,201630,49614--sample_49614_k141_1277494,0.018390952153271377,1.2724028597814448e-05,0.5003885003885004
SM,201630,49614--sample_49614_k141_1991756,0.01964132537647884,1.4527877080382841e-05,0.5007776049766719
SM,201630,49614--sample_49614_k141_1765056,0.02215291563097949,1.8406976561797736e-05,0.5015576323987538
SM,201630,49614--sample_49614_k141_948677,0.01471425950432404,7.966832345024465e-06,0.4992248062015504
SM,201630,49614--sample_49614_k141_1781326,0.01967492309410225,1.4458016327143321e-05,0.5007776049766719
SM,201630,49614--sample_49614_k141_14914,0.02090253883625538,1.6348841794777737e-05,0.5011673151750973
SM,201630,49614--sample_49614_k141_1024350,0.015932816520429098,9.427460182618055e-06,0.49961210240496506
SM,201630,49614--sample_49614_k141_643060,0.01840860034709255,1.2681951710425936e-05,0.5003885003885004
SM,201630,49614--sample_49614_k141_347653,0.017152341554029008,1.097842806481639e-05,0.5
SM,201630,49614--sample_49614_k141_826830,0.014704823937274568,8.029695973561213e-06,0.4992248062015504
SM,201630,49614--sample_49614_k141_1543738,0.024622767859352933,2.281357570467029e-05,0.5023400936037441
SM,201630,49614--sample_49614_k141_405254,0.022059378352757904,1.8493633387574645e-05,0.5015576323987538
SM,201630,49614--sample_49614_k141_1562782,0.017125256697043723,1.1028511936641672e-05,0.5
SM,201630,49614--sample_49614_k141_1907383,0.017259948054148013,1.0901514848320036e-05,0.5
SM,201630,49614--sample_49614_k141_841379,0.02342352199197827,2.050434324569742e-05,0.5019485580670304
SM,201630,49614--sample_49614_k141_1233744,0.016086859206760937,9.307950334892974e-06,0.49961210240496506
SM,201630,49614--sample_49614_k141_769477,0.018444841261261242,1.2610384338921254e-05,0.5003885003885004
SM,201630,49614--sample_49614_k141_424750,0.015937319412505053,9.44976230918759e-06,0.49961210240496506
SM,201630,49614--sample_49614_k141_94425,0.02080510527019913,1.645420538029439e-05,0.5011673151750973
SM,201630,49614--sample_49614_k141_164102,0.022062424489072252,1.851965315957329e-05,0.5015576323987538
SM,201630,49614--sample_49614_k141_345191,0.018426797315190386,1.2693212164186868e-05,0.5003885003885004
SM,201630,49614--sample_49614_k141_9421,0.018407817105530806,1.2629357315717569e-05,0.5003885003885004
SM,201630,49614--sample_49614_k141_653688,0.02200056558519297,1.8527816017405876e-05,0.5015576323987538
SM,201630,49614--sample_49614_k141_2023550,0.01837984317300938,1.2716352113975672e-05,0.5003885003885004
SM,201630,49614--sample_49614_k141_1060450,0.02098978508459169,1.6298515230982972e-05,0.5011673151750973
SM,201630,49614--sample_49614_k141_664059,0.024698373066031964,2.2759115968398126e-05,0.5023400936037441
SM,201630,49614--sample_49614_k141_1372677,0.022021891698970942,1.8536828626616043e-05,0.5015576323987538
SM,201630,49614--sample_49614_k141_1178417,0.027091865216965636,2.77789375340754e-05,0.503125
SM,201630,49614--sample_49614_k141_1102734,0.02332417682375001,2.057395763945977e-05,0.5019485580670304
SM,201630,49614--sample_49614_k141_1537015,0.027089844713588423,2.773427680935952e-05,0.503125
SM,201630,49614--sample_49614_k141_1594800,0.019680665109025972,1.4405351572373705e-05,0.5007776049766719
SM,201630,49614--sample_49614_k141_715581,0.02212180475518305,1.841735120086382e-05,0.5015576323987538
SM,201630,49614--sample_49614_k141_569077,0.020827183472051772,1.640773277539216e-05,0.5011673151750973
SM,201630,49614--sample_49614_k141_155282,0.018382060323333466,1.2738022904202251e-05,0.5003885003885004
SM,201630,49614--sample_49614_k141_1912022,0.01847673558490832,1.2638130386807696e-05,0.5003885003885004
SM,201630,49614--sample_49614_k141_1674154,0.02081917823684363,1.6477262098448012e-05,0.5011673151750973
SM,201630,49614--sample_49614_k141_812294,0.022043528820747966,1.851580966911491e-05,0.5015576323987538
SM,201630,49614--sample_49614_k141_1135820,0.01724299123895922,1.0924180700161793e-05,0.5
SM,201630,49614--sample_49614_k141_1493257,0.01719336678809537,1.1015524603369802e-05,0.5
SM,201630,49614--sample_49614_k141_1744629,0.02578214917077786,2.532087208583346e-05,0.5027322404371585
SM,201630,49614--sample_49614_k141_464736,0.013468478450106078,6.643992458630718e-06,0.4988381099922541
SM,201630,49614--sample_49614_k141_716258,0.01598993718013604,9.375835735618514e-06,0.49961210240496506
SM,201630,49614--sample_49614_k141_969590,0.02085336695889477,1.647032723448897e-05,0.5011673151750973
SM,201630,49614--sample_49614_k141_335903,0.019646099475991472,1.4462733630808899e-05,0.5007776049766719
SM,201630,49614--sample_49614_k141_795014,0.01958290684486014,1.4505943493311967e-05,0.5007776049766719
SM,201630,49614--sample_49614_k141_1901194,0.022179099079621116,1.833021402979317e-05,0.5015576323987538
SM,201630,49614--sample_49614_k141_594973,0.02079324347797969,1.6453036558695097e-05,0.5011673151750973
SM,201630,49614--sample_49614_k141_603743,0.019571762108888474,1.4530961450096071e-05,0.5007776049766719
SM,201630,49614--sample_49614_k141_1208694,0.017149639868649855,1.0974029677087387e-05,0.5
SM,201630,49614--sample_49614_k141_1609013,0.01611970880693541,9.278174962219073e-06,0.49961210240496506
SM,201630,49614--sample_49614_k141_67942,0.02079870093978773,1.649332411622234e-05,0.5011673151750973
SM,201630,49614--sample_49614_k141_846583,0.01237830197695031,5.336530568238437e-06,0.49768160741885625
SM,201630,49614--sample_49614_k141_325235,0.01721010618122498,1.0940813514330084e-05,0.5
SM,201630,49614--sample_49614_k141_2305531,0.013614183757857827,6.550398575017318e-06,0.4984520123839009
SM,201630,49614--sample_49614_k141_1792272,0.01478999335329488,7.91314036301454e-06,0.4992248062015504
SM,201630,49614--sample_49614_k141_743960,0.016054741502912435,9.360485885256897e-06,0.49961210240496506
SM,201630,49614--sample_49614_k141_612250,0.015904742195980072,9.466241568176545e-06,0.49961210240496506
SM,201630,49614--sample_49614_k141_412145,0.018524449603003725,1.2533366186871782e-05,0.5003885003885004
SM,201630,49620--sample_49620_k141_877568,0.018419223384422367,1.2606373134388836e-05,0.5003885003885004
SM,201630,49627--sample_49627_k141_882399,0.018578548532366294,1.2524960388880519e-05,0.5003885003885004
SM,201630,49625--sample_49625_k141_420390,0.020953552143623686,1.6305994009132912e-05,0.5011673151750973
SM,201630,49623--sample_49623_k141_465025,0.013420820828504744,6.687287310499002e-06,0.4988381099922541
SM,201630,49626--sample_49626_k141_540134,0.015990332409672573,9.381591948702695e-06,0.49961210240496506
SM,201630,49620--sample_49620_k141_767928,0.023377853400604467,2.059057831072692e-05,0.5019485580670304
SM,201630,49620--sample_49620_k141_568710,0.013397664805778968,6.707472200753265e-06,0.4988381099922541
SM,201630,49620--sample_49620_k141_806973,0.022136930286410658,1.8376108087256818e-05,0.5015576323987538
SM,201630,49620--sample_49620_k141_567263,0.01854883172743097,1.2541689901191565e-05,0.5003885003885004
SM,201630,49628--sample_49628_k141_531267,0.020787488640906758,1.648629873235511e-05,0.5011673151750973
SM,201630,49623--sample_49623_k141_1041969,0.02096756548880623,1.633179535729695e-05,0.5011673151750973
SM,201630,49623--sample_49623_k141_608894,0.020882973433961716,1.6443603381391724e-05,0.5011673151750973
SM,201630,49627--sample_49627_k141_597049,0.019713121682140778,1.4422517185621178e-05,0.5007776049766719
SM,201630,49620--sample_49620_k141_602635,0.01605217494701778,9.42066978919235e-06,0.49961210240496506
SM,201630,49620--sample_49620_k141_662239,0.01962802275569151,1.4476865037697238e-05,0.5007776049766719
SM,201630,49624--sample_49624_k141_867497,0.025744115956425454,2.5346413365771697e-05,0.5027322404371585
SM,201630,49620--sample_49620_k141_684559,0.013528671701750648,6.628279899781581e-06,0.4988381099922541
SM,201630,49620--sample_49620_k141_520577,0.023369322838489897,2.056385216963612e-05,0.5019485580670304
SM,201630,49620--sample_49620_k141_366325,0.020932647296678614,1.6352326838886293e-05,0.5011673151750973
SM,201630,49623--sample_49623_k141_1264227,0.022127980202293382,1.8420383697834027e-05,0.5015576323987538
SM,201630,49620--sample_49620_k141_375368,0.017177002623701716,1.1002198432323518e-05,0.5
SM,201630,49620--sample_49620_k141_593506,0.020807326154579323,1.6480352520806157e-05,0.5011673151750973
SM,201630,49624--sample_49624_k141_995177,0.020948540296248576,1.6271453468801423e-05,0.5011673151750973
SM,201630,49624--sample_49624_k141_206758,0.02095306363863495,1.6272530766330083e-05,0.5011673151750973
SM,201630,49620--sample_49620_k141_689599,0.022195347576952365,1.8348412949251323e-05,0.5015576323987538
SM,201630,49623--sample_49623_k141_283004,0.020914542639398747,1.6375211508603046e-05,0.5011673151750973
SM,201630,49621--sample_49621_k141_803927,0.0221857410847856,1.8409494593981225e-05,0.5015576323987538
SM,201630,49620--sample_49620_k141_756043,0.023468075058758118,2.04796777588733e-05,0.5019485580670304
SM,201630,49624--sample_49624_k141_477029,0.018452359281603235,1.2661211058268692e-05,0.5003885003885004
SM,201630,49621--sample_49621_k141_972296,0.020797578356203727,1.643311658540799e-05,0.5011673151750973
SM,201630,49628--sample_49628_k141_401383,0.015998926783489416,9.384095788728077e-06,0.49961210240496506
SM,201630,49623--sample_49623_k141_553477,0.01968075380790359,1.444430588880355e-05,0.5007776049766719
SM,201630,49620--sample_49620_k141_629507,0.018488840904875424,1.2536633682210927e-05,0.5003885003885004
SM,201630,49627--sample_49627_k141_620853,0.015908745771293538,9.45657391712519e-06,0.49961210240496506
SM,201630,49620--sample_49620_k141_346511,0.014738968193476705,7.95324830492308e-06,0.4992248062015504
SM,201630,49620--sample_49620_k141_863497,0.025796310369528716,2.529968705143142e-05,0.5027322404371585
SM,201630,49623--sample_49623_k141_418215,0.020827172804519935,1.6473569045033336e-05,0.5011673151750973
SM,201630,49620--sample_49620_k141_802567,0.01965828802782625,1.4477451131997048e-05,0.5007776049766719
SM,201630,49628--sample_49628_k141_1208708,0.01596685152261379,9.370466461621475e-06,0.49961210240496506
SM,201630,49621--sample_49621_k141_484589,0.024540278770416975,2.2942155799236622e-05,0.5023400936037441
SM,201630,49620--sample_49620_k141_809052,0.02583518218742236,2.5300202419241374e-05,0.5027322404371585
SM,201630,49628--sample_49628_k141_1213396,0.02328553898495555,2.0721031486855258e-05,0.5019485580670304
SM,201630,49626--sample_49626_k141_546019,0.01595349825780769,9.428475751947012e-06,0.49961210240496506
SM,201630,49620--sample_49620_k141_475529,0.023352483828636895,2.0643776591850477e-05,0.5019485580670304
SM,201630,49628--sample_49628_k141_1253647,0.022140413377677522,1.8406769926044147e-05,0.5015576323987538
SM,201630,49627--sample_49627_k141_212427,0.023292161388457328,2.0713546747191832e-05,0.5019485580670304
SM,201630,49628--sample_49628_k141_1537814,0.016055248141516324,9.3001194964493e-06,0.49961210240496506
SM,201630,49625--sample_49625_k141_10991,0.020695572501656007,1.6543712418708205e-05,0.5011673151750973
SM,201630,49628--sample_49628_k141_820141,0.01720605001498274,1.0960110320300258e-05,0.5
SM,201630,49628--sample_49628_k141_935385,0.017167115542880057,1.100305392626567e-05,0.5
SM,201630,49622--sample_49622_k141_790072,0.01842365104620493,1.264489976346576e-05,0.5003885003885004
SM,201630,49627--sample_49627_k141_866654,0.017268556983930164,1.0911772706611737e-05,0.5
SM,201630,49624--sample_49624_k141_512309,0.012348445843121092,5.364677911484998e-06,0.4984520123839009
SM,201630,49620--sample_49620_k141_863061,0.01970772754908283,1.4416646138945598e-05,0.5007776049766719
SM,201630,49622--sample_49622_k141_1034107,0.017170304156846384,1.0946888550386475e-05,0.5
SM,201630,49628--sample_49628_k141_1268454,0.023391536543658956,2.055751165309196e-05,0.5019485580670304
SM,201630,49620--sample_49620_k141_890514,0.018383156146915564,1.2696171249976133e-05,0.5003885003885004
SM,201630,49623--sample_49623_k141_1191385,0.018471713276430168,1.2618375544675088e-05,0.5003885003885004
SM,201630,49620--sample_49620_k141_258666,0.018513099608031533,1.2586858944001403e-05,0.5003885003885004
SM,201630,49623--sample_49623_k141_181373,0.015900960852021917,9.466673207102324e-06,0.49961210240496506
SM,201630,49625--sample_49625_k141_492119,0.018454559272473272,1.2624884845435133e-05,0.5003885003885004
SM,201630,49620--sample_49620_k141_652095,0.011187078427807993,4.286290764482198e-06,0.4980665119876257
SM,201630,49626--sample_49626_k141_814437,0.02093450582978443,1.6355830085320777e-05,0.5011673151750973
SM,201630,49625--sample_49625_k141_135647,0.012199225731382431,5.461245590654236e-06,0.4984520123839009
SM,201630,49627--sample_49627_k141_505944,0.023423569898735314,2.050668428595155e-05,0.5019485580670304
SM,201630,49625--sample_49625_k141_178018,0.020892271187949254,1.6416877554843293e-05,0.5011673151750973
SM,201630,49622--sample_49622_k141_1297772,0.023419572324058804,2.046307691988536e-05,0.5019485580670304
SM,201630,49623--sample_49623_k141_1029786,0.020860576178884486,1.6451311603556867e-05,0.5011673151750973
SM,201630,49623--sample_49623_k141_1276103,0.017199592935206738,1.097854266554366e-05,0.5
SM,201630,49627--sample_49627_k141_357650,0.014780546992026989,7.90301221851902e-06,0.4992248062015504
SM,201630,49625--sample_49625_k141_191759,0.020862371253366683,1.6400571140973958e-05,0.5011673151750973
SM,201630,49628--sample_49628_k141_1435203,0.01344631137677121,6.648595674102228e-06,0.4988381099922541
SM,201630,49624--sample_49624_k141_949654,0.01851268618466253,1.2624950309545994e-05,0.5003885003885004
SM,201630,49620--sample_49620_k141_336548,0.022050704409784756,1.8520690611176043e-05,0.5015576323987538
SM,201630,49627--sample_49627_k141_712892,0.015936645099179147,9.470191954317663e-06,0.49961210240496506
SM,201630,49625--sample_49625_k141_465783,0.024624168371081934,2.286782920298286e-05,0.5023400936037441
SM,201630,49620--sample_49620_k141_347894,0.019634550328442916,1.4484412687242495e-05,0.5007776049766719
SM,201630,49623--sample_49623_k141_1338728,0.0196913203674267,1.4415266805070225e-05,0.5007776049766719
SM,201630,49620--sample_49620_k141_424640,0.017256707505639977,1.0906804317124022e-05,0.5
SM,201630,49623--sample_49623_k141_1065488,0.02216279828350878,1.8395829388216125e-05,0.5015576323987538
SM,201630,49620--sample_49620_k141_573928,0.018522783380277436,1.2555022816392546e-05,0.5003885003885004
SM,201630,49625--sample_49625_k141_399586,0.017242477608241685,1.0928688794249144e-05,0.5
SM,201630,49620--sample_49620_k141_818604,0.020855836914820913,1.6427873116864413e-05,0.5011673151750973
SM,201630,49623--sample_49623_k141_1327989,0.016041687418618892,9.307458579849833e-06,0.49961210240496506
SM,201630,49623--sample_49623_k141_196496,0.024662719069271342,2.2759148624327784e-05,0.5023400936037441
SM,201630,49623--sample_49623_k141_852831,0.02199464987715279,1.8565546751944645e-05,0.5015576323987538
SM,201630,49623--sample_49623_k141_882330,0.01969679371799091,1.4424042576096626e-05,0.5007776049766719
SM,201630,49628--sample_49628_k141_1659717,0.015972071108518206,9.437437448694804e-06,0.49961210240496506
SM,201630,49621--sample_49621_k141_1024002,0.01964356830652416,1.4443805618072794e-05,0.5007776049766719
SM,201630,49623--sample_49623_k141_568308,0.016004099101213237,9.35917948332694e-06,0.49961210240496506
SM,201630,49623--sample_49623_k141_1126180,0.016069409563159612,9.328492760920666e-06,0.49961210240496506
SM,201630,49624--sample_49624_k141_355515,0.015951541315834292,9.439641835746939e-06,0.49961210240496506
SM,201630,49620--sample_49620_k141_765559,0.020993742121565417,1.6319156783110712e-05,0.5011673151750973
SM,201630,49620--sample_49620_k141_785383,0.022101838787064027,1.8488608814190983e-05,0.5015576323987538
SM,201630,49620--sample_49620_k141_92767,0.02073654854450667,1.6558764502706624e-05,0.5011673151750973
SM,201630,49624--sample_49624_k141_928685,0.02334736528341483,2.0623653561765724e-05,0.5019485580670304
SM,201630,49620--sample_49620_k141_709303,0.017318680765686337,1.0880757956755447e-05,0.5
SM,201630,49623--sample_49623_k141_1060510,0.022160387177050697,1.828960952693506e-05,0.5015576323987538
SM,201630,49623--sample_49623_k141_524298,0.019826129827159547,1.4296259826867517e-05,0.5007776049766719
SM,201630,49621--sample_49621_k141_875236,0.01721971771613595,1.0944723566469923e-05,0.5
SM,201630,49627--sample_49627_k141_272944,0.02207698588322512,1.849921036713758e-05,0.5015576323987538
SM,201630,49621--sample_49621_k141_402365,0.02332309656771675,2.0674673846866207e-05,0.5019485580670304
SM,201630,49620--sample_49620_k141_88663,0.020816258399437945,1.6488075099455946e-05,0.5011673151750973
SM,201630,49620--sample_49620_k141_486486,0.027054739988034805,2.781368424931916e-05,0.503125
SM,201630,49623--sample_49623_k141_1358298,0.015858443328860935,9.459205405273306e-06,0.49961210240496506
SM,201630,49627--sample_49627_k141_218199,0.023443438039347602,2.0508350304743913e-05,0.5019485580670304
SM,201630,49623--sample_49623_k141_232736,0.020922023875701284,1.6334535720266833e-05,0.5011673151750973
SM,201630,49620--sample_49620_k141_901985,0.017204362291616933,1.0949845134576576e-05,0.5
SM,201630,49620--sample_49620_k141_646366,0.016122835033241002,9.23821554539384e-06,0.49961210240496506
SM,201630,49623--sample_49623_k141_960129,0.024565961716829225,2.2858500358856667e-05,0.5023400936037441
SM,201630,49623--sample_49623_k141_241059,0.016008604925487117,9.377566662286183e-06,0.49961210240496506
SM,201630,49620--sample_49620_k141_853985,0.024551621958494765,2.295101795586858e-05,0.5023400936037441
SM,201630,49622--sample_49622_k141_1306273,0.019838664148561492,1.42665882796099e-05,0.5007776049766719
SM,201630,49620--sample_49620_k141_365374,0.018456978647779884,1.2572274448034082e-05,0.5003885003885004
SM,201630,49623--sample_49623_k141_564461,0.02468015010597702,2.273270114584064e-05,0.5023400936037441
SM,201630,49628--sample_49628_k141_1640420,0.023382470827747717,2.0539422174707852e-05,0.5019485580670304
SM,201630,49628--sample_49628_k141_718209,0.024598939437057106,2.284396721556456e-05,0.5023400936037441
SM,201630,49623--sample_49623_k141_760367,0.014709181127105463,7.99383530956396e-06,0.4992248062015504
SM,201630,49620--sample_49620_k141_49753,0.019570835831313815,1.4537774144146168e-05,0.5007776049766719
SM,201630,49623--sample_49623_k141_661486,0.019630048335073435,1.444681977632753e-05,0.5007776049766719
SM,201630,49627--sample_49627_k141_195166,0.022100361070424245,1.8463583918933496e-05,0.5015576323987538
SM,201630,49628--sample_49628_k141_1299248,0.019605316951855224,1.4469626213238573e-05,0.5007776049766719
SM,201630,49623--sample_49623_k141_938959,0.017207023657963314,1.0939396486400679e-05,0.5
SM,201630,49624--sample_49624_k141_533801,0.020927264732345706,1.63079493795956e-05,0.5011673151750973
SM,201630,49621--sample_49621_k141_224055,0.0246538975246355,2.2810153731023178e-05,0.5023400936037441
SM,201630,49627--sample_49627_k141_323121,0.018324695277222892,1.2721901870917383e-05,0.5003885003885004
SM,201630,49623--sample_49623_k141_457796,0.021007133196810426,1.6268779047856462e-05,0.5011673151750973
SM,201630,49626--sample_49626_k141_755790,0.025690064113687544,2.540633044865822e-05,0.5027322404371585
SM,201630,49625--sample_49625_k141_454481,0.018566528302148916,1.2526137776584556e-05,0.5003885003885004
SM,201630,49620--sample_49620_k141_70641,0.01724786095936318,1.0943647251743118e-05,0.5
SM,201630,49624--sample_49624_k141_97572,0.015940557865095066,9.435817679724055e-06,0.49961210240496506
SM,201630,49620--sample_49620_k141_418151,0.020962217060682124,1.630754151476059e-05,0.5011673151750973
SM,201630,49621--sample_49621_k141_1010389,0.012338795706807409,5.380632504606037e-06,0.4984520123839009
SM,201630,49620--sample_49620_k141_919365,0.0256241305641355,2.5537144459045735e-05,0.5027322404371585
SM,201630,49620--sample_49620_k141_259532,0.013486840448302749,6.658922183546446e-06,0.4988381099922541
SM,201630,49622--sample_49622_k141_1244156,0.02337805190284684,2.0637103385271155e-05,0.5019485580670304
SM,201630,49628--sample_49628_k141_1125359,0.019741223896060422,1.4348460758228774e-05,0.5007776049766719
SM,201630,49623--sample_49623_k141_559190,0.020928637467805655,1.6325089569496297e-05,0.5011673151750973
SM,201630,49623--sample_49623_k141_711938,0.025775663543562526,2.5330243237240774e-05,0.5027322404371585
SM,201630,49620--sample_49620_k141_466066,0.022085282034997884,1.8466171374986355e-05,0.5015576323987538
SM,201630,49620--sample_49620_k141_378483,0.018407089624224122,1.2679195133906688e-05,0.5003885003885004
SM,201630,49628--sample_49628_k141_1675224,0.021007193395687497,1.6288022735235282e-05,0.5011673151750973
SM,201630,49624--sample_49624_k141_797817,0.015792820902321276,9.504158759858096e-06,0.49961210240496506
SM,201630,49623--sample_49623_k141_1243082,0.019639985340152443,1.4552447598060108e-05,0.5007776049766719
SM,201630,49623--sample_49623_k141_785898,0.020958489576925338,1.6248353481688846e-05,0.5011673151750973
SM,201630,49621--sample_49621_k141_1034486,0.020876642212036705,1.639581841427694e-05,0.5011673151750973
SM,201630,49620--sample_49620_k141_889730,0.022026532477999267,1.8509734507830804e-05,0.5015576323987538
SM,201630,49620--sample_49620_k141_671303,0.01717355013368287,1.1037321562661143e-05,0.5
SM,201630,49624--sample_49624_k141_567864,0.0197079405393602,1.4374782631074671e-05,0.5007776049766719
SM,201630,49620--sample_49620_k141_905364,0.020919730381381008,1.637698436998747e-05,0.5011673151750973
SM,201630,49620--sample_49620_k141_878908,0.01839428544822807,1.2712525140542072e-05,0.5003885003885004
SM,201630,49620--sample_49620_k141_27744,0.02096424326450279,1.6343286039599652e-05,0.5011673151750973
SM,201630,49624--sample_49624_k141_1056874,0.018410199204373593,1.2665643097436191e-05,0.5003885003885004
SM,201630,49627--sample_49627_k141_864816,0.012202804589439401,5.455086721951122e-06,0.4984520123839009
SM,201630,49623--sample_49623_k141_677674,0.022112415127234344,1.847169417019765e-05,0.5015576323987538
SM,201630,49620--sample_49620_k141_389073,0.02214519247506674,1.8426836691026446e-05,0.5015576323987538
SM,201630,49627--sample_49627_k141_829165,0.02709809369312336,2.773326654586701e-05,0.503125
SM,201630,49627--sample_49627_k141_469894,0.020839191328979403,1.6403233775693995e-05,0.5011673151750973
SM,201630,49620--sample_49620_k141_882757,0.022034303883313105,1.858162549043034e-05,0.5015576323987538
SM,201630,49621--sample_49621_k141_71256,0.022061752687434606,1.8460083744679336e-05,0.5015576323987538
SM,201630,49620--sample_49620_k141_774058,0.017180741769641638,1.1004327502656288e-05,0.5
SM,201630,49623--sample_49623_k141_1064114,0.018557154075492615,1.2510664406995049e-05,0.5003885003885004
SM,201630,49623--sample_49623_k141_500018,0.019678213107887872,1.4459152192006053e-05,0.5007776049766719
SM,201630,49620--sample_49620_k141_289863,0.018422945364501103,1.2630942732072703e-05,0.5003885003885004
SM,201630,49623--sample_49623_k141_1029074,0.0185882098024486,1.2489938285241026e-05,0.5003885003885004
SM,201630,49623--sample_49623_k141_767519,0.022072303366189098,1.852645343831001e-05,0.5015576323987538
SM,201630,49621--sample_49621_k141_584922,0.013792223677815118,6.4509802859364145e-06,0.4988381099922541
SM,201630,49623--sample_49623_k141_779668,0.01950359166888906,1.4618437679250071e-05,0.5007776049766719
SM,201630,49620--sample_49620_k141_491955,0.017154754404779926,1.1016632909792525e-05,0.5
SM,201630,49628--sample_49628_k141_1420505,0.023414297272580795,2.053646281405346e-05,0.5019485580670304
SM,201630,49627--sample_49627_k141_787512,0.022016647391349852,1.8516276359291266e-05,0.5015576323987538
SM,201630,49622--sample_49622_k141_677407,0.02332756654153382,2.0669632585950342e-05,0.5019485580670304
SM,201630,49620--sample_49620_k141_660138,0.018470134973525003,1.2611213732128836e-05,0.5003885003885004
SM,201630,49623--sample_49623_k141_854348,0.013539939925717472,6.60098541956091e-06,0.4988381099922541
SM,201630,49624--sample_49624_k141_725260,0.02078135625365457,1.6541551191160656e-05,0.5011673151750973
SM,201630,49627--sample_49627_k141_117580,0.00979483001565244,3.4088025758399585e-06,0.49768160741885625
SM,201630,49623--sample_49623_k141_1085947,0.01971430133936923,1.4413551236624922e-05,0.5007776049766719
SM,201630,49623--sample_49623_k141_1306255,0.017184117109055326,1.097449312800857e-05,0.5
SM,201630,49620--sample_49620_k141_894471,0.019817139140375403,1.4302182431723705e-05,0.5007776049766719
SM,201630,49620--sample_49620_k141_704684,0.019756728155627405,1.4328791527956105e-05,0.5007776049766719
SM,201630,49628--sample_49628_k141_1721245,0.02091759542812787,1.6370816817656967e-05,0.5011673151750973
SM,201630,49628--sample_49628_k141_999266,0.01966177257475992,1.4452165909533507e-05,0.5007776049766719
SM,201630,49628--sample_49628_k141_813340,0.024561377563714074,2.289343889503834e-05,0.5023400936037441
SM,201630,49620--sample_49620_k141_752177,0.018495814065544923,1.262762207282946e-05,0.5003885003885004
SM,201630,49620--sample_49620_k141_108148,0.022055230236648498,1.8503200458488583e-05,0.5015576323987538
SM,201630,49620--sample_49620_k141_305001,0.014648260001052796,7.980455509568739e-06,0.4992248062015504
SM,201630,49620--sample_49620_k141_809408,0.01724637029947667,1.0934090749519735e-05,0.5
SM,201630,49620--sample_49620_k141_298856,0.018390366936506638,1.2710148590822134e-05,0.5003885003885004
SM,201630,49620--sample_49620_k141_845971,0.023429797654030547,2.056071108951495e-05,0.5019485580670304
SM,201630,49620--sample_49620_k141_473883,0.025854191622568228,2.5284533641343463e-05,0.5027322404371585
SM,201630,49623--sample_49623_k141_1322247,0.023353497815907096,2.0575057123562816e-05,0.5019485580670304
SM,201630,49623--sample_49623_k141_1050270,0.020797152661489113,1.6431800274816446e-05,0.5011673151750973
SM,201630,49627--sample_49627_k141_741011,0.022120148558870397,1.8453901553848216e-05,0.5015576323987538
SM,201630,49620--sample_49620_k141_880152,0.013576046793042328,6.5958524518823655e-06,0.4988381099922541
SM,201630,49620--sample_49620_k141_311412,0.025846338785421568,2.526767167488847e-05,0.5027322404371585
SM,201630,49627--sample_49627_k141_604251,0.0234575042741025,2.0496286766210033e-05,0.5019485580670304
SM,201630,49620--sample_49620_k141_862254,0.01723534915152831,1.0960411846962807e-05,0.5
SM,201630,49620--sample_49620_k141_858421,0.022193011265566005,1.832852811740301e-05,0.5015576323987538
SM,201630,49628--sample_49628_k141_1354571,0.020866892548599702,1.641910038874872e-05,0.5011673151750973
SM,201630,49623--sample_49623_k141_974752,0.020975331969615926,1.6242596771219787e-05,0.5011673151750973
SM,201630,49625--sample_49625_k141_104980,0.01858180904984515,1.2549659735894424e-05,0.5003885003885004
SM,201630,49620--sample_49620_k141_897547,0.02072166880370919,1.6545556635469324e-05,0.5011673151750973
SM,201630,49623--sample_49623_k141_305095,0.024617628235583822,2.2837039577854935e-05,0.5023400936037441
SM,201630,49620--sample_49620_k141_707658,0.014889969072691425,7.829102941073211e-06,0.4992248062015504
SM,201630,49620--sample_49620_k141_464296,0.024588986177675434,2.292428037123332e-05,0.5023400936037441
SM,201630,49620--sample_49620_k141_58738,0.02212802685870565,1.8366580172555807e-05,0.5015576323987538
SM,201630,49620--sample_49620_k141_221339,0.018342666541717442,1.2725487305601501e-05,0.5003885003885004
SM,201630,49620--sample_49620_k141_519009,0.019650347819148442,1.4451174102869706e-05,0.5007776049766719
SM,201630,49620--sample_49620_k141_785591,0.018431861942141217,1.2695210168237022e-05,0.5003885003885004
SM,201630,49620--sample_49620_k141_545144,0.025806702752893186,2.5310960526356576e-05,0.5027322404371585
SM,201630,49627--sample_49627_k141_689341,0.018463237784851455,1.259832349382487e-05,0.5003885003885004
SM,201630,49628--sample_49628_k141_443953,0.02219281156086702,1.8301528457825283e-05,0.5015576323987538
SM,201630,49623--sample_49623_k141_909731,0.025752334411268993,2.540403334521741e-05,0.5027322404371585
SM,201630,49623--sample_49623_k141_745389,0.01960153896320814,1.4496005117555564e-05,0.5007776049766719
SM,201630,49620--sample_49620_k141_123959,0.022190000574515117,1.831410520590332e-05,0.5015576323987538
SM,201630,49621--sample_49621_k141_18954,0.022210215540324308,1.8340502054577203e-05,0.5015576323987538
SM,201630,49620--sample_49620_k141_611392,0.01599594518395513,9.403513589909338e-06,0.49961210240496506
SM,201630,49620--sample_49620_k141_34923,0.0245361436752394,2.296721191505599e-05,0.5023400936037441
SM,201630,49627--sample_49627_k141_825498,0.020892212782239024,1.6417977447783014e-05,0.5011673151750973
SM,201630,49620--sample_49620_k141_426288,0.019699383559962973,1.4433055214220405e-05,0.5007776049766719
SM,201630,49620--sample_49620_k141_797190,0.016027341450624264,9.309350474814433e-06,0.49961210240496506
SM,201630,49620--sample_49620_k141_878757,0.02088865630418067,1.640615524897522e-05,0.5011673151750973
SM,201630,49620--sample_49620_k141_612686,0.025849817863052533,2.520542016032278e-05,0.5027322404371585
SM,201630,49620--sample_49620_k141_336042,0.019481703786687725,1.457712710274901e-05,0.5007776049766719
SM,201630,49628--sample_49628_k141_1344925,0.019580299277845825,1.454661048065867e-05,0.5007776049766719
SM,201630,49621--sample_49621_k141_767634,0.017161167428774344,1.0991407107349646e-05,0.5
SM,201630,49628--sample_49628_k141_1441280,0.01718984463257984,1.0889418344310255e-05,0.5
SM,201630,49625--sample_49625_k141_424543,0.024566527560312607,2.2992006062227224e-05,0.5023400936037441
SM,201630,49627--sample_49627_k141_63191,0.017143753247834327,1.1091119349822239e-05,0.5
SM,201630,49623--sample_49623_k141_142584,0.02081766848026974,1.6443237922596455e-05,0.5011673151750973
SM,201630,49620--sample_49620_k141_634331,0.018451578407994596,1.2598321135849828e-05,0.5003885003885004
SM,201630,49622--sample_49622_k141_237199,0.013587342950414976,6.571210149011562e-06,0.4984520123839009
SM,201630,49623--sample_49623_k141_447354,0.02073272642043676,1.6575353534458422e-05,0.5011673151750973
SM,201630,49620--sample_49620_k141_400844,0.02344832880710534,2.0447109662177325e-05,0.5019485580670304
SM,201630,49620--sample_49620_k141_458278,0.018541834373924086,1.2542173725624579e-05,0.5003885003885004
SM,201630,49623--sample_49623_k141_1350425,0.022045064914130646,1.8579277934597516e-05,0.5015576323987538
SM,201630,49620--sample_49620_k141_611969,0.022138189217376942,1.841508532827398e-05,0.5015576323987538
SM,201630,49620--sample_49620_k141_109507,0.01349764679185898,6.633468842675637e-06,0.4988381099922541
SM,201630,49623--sample_49623_k141_1060122,0.019651499062242724,1.4484659086735095e-05,0.5007776049766719
SM,201630,49627--sample_49627_k141_875042,0.022102846058586995,1.8405309221381577e-05,0.5015576323987538
SM,201630,49628--sample_49628_k141_169027,0.02570746040511863,2.5385068505361345e-05,0.5027322404371585
SM,201630,49623--sample_49623_k141_604689,0.01823774082670603,1.2862078690969957e-05,0.5003885003885004
SM,201630,49623--sample_49623_k141_735064,0.022293861695249603,1.827180274651016e-05,0.5015576323987538
SM,201630,49623--sample_49623_k141_182928,0.019836144336327292,1.4299079738937226e-05,0.5007776049766719
SM,201630,49628--sample_49628_k141_544373,0.014771843682055598,7.902952594476007e-06,0.4992248062015504
SM,201630,49623--sample_49623_k141_629916,0.02092378957041304,1.6306403130750108e-05,0.5011673151750973
SM,201630,49624--sample_49624_k141_503759,0.022273063264801492,1.8188622598032617e-05,0.5015576323987538
SM,201630,49623--sample_49623_k141_659201,0.020883876912119403,1.642471238063516e-05,0.5011673151750973
SM,201630,49620--sample_49620_k141_106568,0.02096870120952923,1.624268053970998e-05,0.5011673151750973
SM,201630,49623--sample_49623_k141_906484,0.018403538944944377,1.2659427021296075e-05,0.5003885003885004
SM,201630,49620--sample_49620_k141_378030,0.01849283272208976,1.2629025661843395e-05,0.5003885003885004
SM,201630,49623--sample_49623_k141_1305944,0.01834093814224081,1.2723657964627723e-05,0.5003885003885004
SM,201630,49623--sample_49623_k141_1375097,0.01967856554688322,1.4405288840016477e-05,0.5007776049766719
SM,201630,49625--sample_49625_k141_244511,0.014728664195467676,7.9335685629281e-06,0.4992248062015504
SM,201630,49620--sample_49620_k141_639941,0.024631984436923885,2.2820814151060562e-05,0.5023400936037441
SM,201630,49623--sample_49623_k141_435193,0.025819555549727608,2.5313343063300024e-05,0.5027322404371585
SM,201630,49627--sample_49627_k141_356105,0.018369886572745697,1.271827873286486e-05,0.5003885003885004
SM,201630,49623--sample_49623_k141_1038317,0.018494361495157517,1.2573001467577954e-05,0.5003885003885004
SM,201630,49627--sample_49627_k141_663776,0.020861622356610748,1.649564332148998e-05,0.5011673151750973
SM,201630,49620--sample_49620_k141_417201,0.01729160531614775,1.0948283387489721e-05,0.5
SM,201630,49620--sample_49620_k141_745399,0.01847127922202571,1.2573540595528655e-05,0.5003885003885004
SM,201630,49621--sample_49621_k141_829693,0.019640347732181148,1.4485703351101719e-05,0.5007776049766719
SM,201630,49623--sample_49623_k141_649493,0.020938049368012024,1.630471309583046e-05,0.5011673151750973
SM,201630,49620--sample_49620_k141_779465,0.019700871705125654,1.4406644627176044e-05,0.5007776049766719
SM,201630,49621--sample_49621_k141_1073290,0.019719697763109577,1.4455501344429531e-05,0.5007776049766719
SM,201630,49620--sample_49620_k141_370309,0.01965038474309944,1.4470538696508127e-05,0.5007776049766719
SM,201630,49628--sample_49628_k141_1201807,0.009782556876059325,3.4138757666621015e-06,0.4972972972972973
SM,201630,49620--sample_49620_k141_436252,0.01976662672054362,1.4331723911075428e-05,0.5007776049766719
SM,201630,49620--sample_49620_k141_709318,0.023431814883491046,2.0487116815723055e-05,0.5019485580670304
SM,201630,49620--sample_49620_k141_838211,0.015903856177658892,9.470805476003054e-06,0.49961210240496506
SM,201630,49620--sample_49620_k141_336741,0.013588507728847406,6.544295496054466e-06,0.4988381099922541
SM,201630,49627--sample_49627_k141_882587,0.022155798681688533,1.8379045086221616e-05,0.5015576323987538
SM,201630,49626--sample_49626_k141_299629,0.02202859223360695,1.8592436627259895e-05,0.5015576323987538
SM,201630,49620--sample_49620_k141_126210,0.022142369598581194,1.8443899641722527e-05,0.5015576323987538
SM,201630,49627--sample_49627_k141_340580,0.017129811219768844,1.105083055548588e-05,0.5
SM,201630,49621--sample_49621_k141_1098185,0.014785732117798425,7.931635994897378e-06,0.4992248062015504
SM,201630,49620--sample_49620_k141_443929,0.022098994888486687,1.8437738750921554e-05,0.5015576323987538
SM,201630,49628--sample_49628_k141_1264346,0.018467498651145768,1.2619858804065818e-05,0.5003885003885004
SM,201630,49624--sample_49624_k141_808763,0.014730030531439457,7.934869922301123e-06,0.4992248062015504
SM,201630,49623--sample_49623_k141_620155,0.015959010651599402,9.370704191724479e-06,0.49961210240496506
SM,201630,49623--sample_49623_k141_504674,0.019652180358247524,1.4442142293419633e-05,0.5007776049766719
SM,201630,49621--sample_49621_k141_806044,0.013592249206088735,6.560768239730372e-06,0.4988381099922541
SM,201630,49623--sample_49623_k141_955947,0.02096838241041865,1.6288412128526344e-05,0.5011673151750973
SM,201630,49623--sample_49623_k141_639263,0.013500833966884054,6.655576600250979e-06,0.4988381099922541
SM,201630,49620--sample_49620_k141_293767,0.020824697520104764,1.6429289422904145e-05,0.5011673151750973
SM,201630,49620--sample_49620_k141_585705,0.022211404068359693,1.832552108585424e-05,0.5015576323987538
SM,201630,49620--sample_49620_k141_748976,0.017253431770001312,1.0906068838953818e-05,0.5
SM,201630,49620--sample_49620_k141_25330,0.022171544628956503,1.8335431448836086e-05,0.5015576323987538
SM,201630,49627--sample_49627_k141_661679,0.018332480813384844,1.2754381027064167e-05,0.5003885003885004
SM,201630,49620--sample_49620_k141_623844,0.019608772544893936,1.4533290096810795e-05,0.5007776049766719
SM,201630,49620--sample_49620_k141_122298,0.019795192320010507,1.4313996201900203e-05,0.5007776049766719
SM,201630,49623--sample_49623_k141_832889,0.017104747479721624,1.1010722915419866e-05,0.5
SM,201630,49623--sample_49623_k141_1005056,0.017083975054898535,1.1060513479783457e-05,0.5
SM,201630,49620--sample_49620_k141_895151,0.023241372269681673,2.0757729020338015e-05,0.5019485580670304
SM,201630,49620--sample_49620_k141_807767,0.02090683222472461,1.6370233607656793e-05,0.5011673151750973
SM,201630,49623--sample_49623_k141_941570,0.01968554425888927,1.438443962964878e-05,0.5007776049766719
SM,201630,49628--sample_49628_k141_1852,0.019671230923021667,1.442537113008845e-05,0.5007776049766719
SM,201630,49623--sample_49623_k141_1218155,0.016026139544188096,9.33826359440135e-06,0.49961210240496506
SM,201630,49620--sample_49620_k141_531304,0.017158333822862085,1.1006979426461384e-05,0.5
SM,201630,49620--sample_49620_k141_525399,0.018404099674168607,1.2702760638146654e-05,0.5003885003885004
SM,201630,49627--sample_49627_k141_867888,0.01226594270457193,5.447135444303696e-06,0.4980665119876257
SM,201630,49628--sample_49628_k141_1292410,0.01966757340367187,1.4377642591156362e-05,0.5007776049766719
SM,201630,49624--sample_49624_k141_367618,0.01729673099290366,1.093640426243924e-05,0.5
SM,201630,49620--sample_49620_k141_336437,0.019675786884522446,1.4505708562814787e-05,0.5007776049766719
SM,201630,49620--sample_49620_k141_300555,0.01465155564952,7.991389759646455e-06,0.4992248062015504
SM,201630,49623--sample_49623_k141_932595,0.01835548005417378,1.272502234974319e-05,0.5003885003885004
SM,201630,49624--sample_49624_k141_886731,0.0172550192670557,1.0949638050955085e-05,0.5
SM,201630,49628--sample_49628_k141_896519,0.027045855009724937,2.7807613431121437e-05,0.503125
SM,201630,49620--sample_49620_k141_537973,0.021977229263661323,1.858745854063579e-05,0.5015576323987538
SM,201630,49620--sample_49620_k141_241114,0.019502676294877473,1.459433656525569e-05,0.5007776049766719
SM,201630,49621--sample_49621_k141_675292,0.02329172848911685,2.075155686050069e-05,0.5019485580670304
SM,201630,49620--sample_49620_k141_713240,0.017115609766100787,1.1061147786956244e-05,0.5
SM,201630,49628--sample_49628_k141_1335931,0.01226546153369174,5.458894177974751e-06,0.4984520123839009
SM,201630,49628--sample_49628_k141_1578820,0.017140356902932672,1.1003665059848226e-05,0.5
SM,201630,49623--sample_49623_k141_595193,0.015893834068172047,9.497854100783848e-06,0.49961210240496506
SM,201630,49620--sample_49620_k141_345775,0.015835069136728042,9.509853358518436e-06,0.49961210240496506
SM,201630,49628--sample_49628_k141_1486095,0.020843113176481156,1.648201359503396e-05,0.5011673151750973
SM,201630,49623--sample_49623_k141_635168,0.02341665394300957,2.0486591465242106e-05,0.5019485580670304
SM,201630,49624--sample_49624_k141_857349,0.023315443963320862,2.063672599039723e-05,0.5019485580670304
SM,201630,49623--sample_49623_k141_921694,0.020857174160292345,1.6392857407886116e-05,0.5011673151750973
SM,201630,49628--sample_49628_k141_870812,0.02462560098804396,2.2830429324062253e-05,0.5023400936037441
SM,201630,49620--sample_49620_k141_810609,0.017251866285127804,1.092205031958885e-05,0.5
SM,201630,49628--sample_49628_k141_729278,0.01598874647029288,9.434068807027013e-06,0.49961210240496506
SM,201630,49623--sample_49623_k141_805715,0.01953563033329654,1.4574224293662456e-05,0.5007776049766719
SM,201630,49623--sample_49623_k141_1004039,0.02091321477933636,1.637847784530097e-05,0.5011673151750973
SM,201630,49623--sample_49623_k141_783197,0.019782187658222865,1.4333537448627858e-05,0.5007776049766719
SM,201630,49623--sample_49623_k141_375876,0.025879622149374556,2.520501227298423e-05,0.5027322404371585
SM,201630,49620--sample_49620_k141_409549,0.018297269043605915,1.2805219067962548e-05,0.5003885003885004
SM,201630,49628--sample_49628_k141_1401107,0.01855075801193304,1.2544446331181535e-05,0.5003885003885004
SM,201630,49623--sample_49623_k141_544588,0.019829875421390645,1.4324967128002151e-05,0.5007776049766719
SM,201630,49620--sample_49620_k141_402231,0.013498290951878657,6.659837452484302e-06,0.4988381099922541
SM,201630,49623--sample_49623_k141_985280,0.019612960508799637,1.4455017063122577e-05,0.5007776049766719
SM,201630,49623--sample_49623_k141_91927,0.02451663658659285,2.2929637217160995e-05,0.5023400936037441
SM,201630,49623--sample_49623_k141_1330012,0.01716002173561914,1.1021478068552703e-05,0.5
SM,201630,49620--sample_49620_k141_596290,0.020937379506881217,1.6335088615118826e-05,0.5011673151750973
SM,201630,49628--sample_49628_k141_1712723,0.017255232630095475,1.09428945849843e-05,0.5
SM,201630,49623--sample_49623_k141_1131227,0.018469275509041084,1.263606160561558e-05,0.5003885003885004
SM,201630,49627--sample_49627_k141_313292,0.020974326620046693,1.62722774095555e-05,0.5011673151750973
SM,201630,49620--sample_49620_k141_209439,0.019747123883205424,1.4351569383730098e-05,0.5007776049766719
SM,201630,49627--sample_49627_k141_512927,0.022121185007772083,1.8429405850779845e-05,0.5015576323987538
SM,201630,49620--sample_49620_k141_780576,0.02462161808027711,2.2914648992277475e-05,0.5023400936037441
SM,201630,49620--sample_49620_k141_680328,0.01980737634621305,1.4339584493510181e-05,0.5007776049766719
SM,201630,49620--sample_49620_k141_471906,0.019621331492046628,1.447257017020686e-05,0.5007776049766719
SM,201630,49620--sample_49620_k141_1427,0.023395107013383213,2.0575790203168255e-05,0.5019485580670304
SM,201630,49627--sample_49627_k141_576506,0.018327676474445585,1.2684227247364368e-05,0.5003885003885004
SM,201630,49624--sample_49624_k141_183073,0.019573568952867833,1.4548753603883866e-05,0.5007776049766719
SM,201630,49623--sample_49623_k141_440584,0.018436830212913726,1.2657116613761595e-05,0.5003885003885004
SM,201630,49620--sample_49620_k141_596468,0.018458994170225035,1.263195018116965e-05,0.5003885003885004
SM,201630,49620--sample_49620_k141_180772,0.02195428750606774,1.8622633291885985e-05,0.5015576323987538
SM,201630,49623--sample_49623_k141_450039,0.019710755665165395,1.4405333579251209e-05,0.5007776049766719
SM,201630,49620--sample_49620_k141_267223,0.022168655302995603,1.8407863404043914e-05,0.5015576323987538
SM,201630,49627--sample_49627_k141_739479,0.024528059345688018,2.297656019728419e-05,0.5023400936037441
SM,201630,49620--sample_49620_k141_400183,0.020756994177129937,1.652329032552437e-05,0.5011673151750973
SM,201630,49620--sample_49620_k141_670690,0.022083943782767887,1.8433090265459303e-05,0.5015576323987538
SM,201630,49623--sample_49623_k141_259650,0.01965256429721911,1.4478498463754916e-05,0.5007776049766719
SM,201630,49623--sample_49623_k141_549495,0.0198164745109206,1.4275319876569434e-05,0.5007776049766719
SM,201630,49620--sample_49620_k141_776021,0.01719177773547086,1.0992171262530317e-05,0.5
SM,201630,49620--sample_49620_k141_196964,0.023282351277360024,2.0669265723098766e-05,0.5019485580670304
SM,201630,49620--sample_49620_k141_840562,0.02078328490673975,1.6533495285526292e-05,0.5011673151750973
SM,201630,49623--sample_49623_k141_518176,0.018330515012223155,1.2764012017637543e-05,0.5003885003885004
SM,201630,49627--sample_49627_k141_654175,0.019634449645091145,1.4488675231706233e-05,0.5007776049766719
SM,201630,49627--sample_49627_k141_414467,0.018471787139736,1.2600476928919532e-05,0.5003885003885004
SM,201630,49623--sample_49623_k141_1247076,0.02581945657795884,2.5362990509140846e-05,0.5027322404371585
SM,201630,49620--sample_49620_k141_374157,0.018502063093206622,1.2548808420092854e-05,0.5003885003885004
SM,201630,49620--sample_49620_k141_275674,0.017090756689768456,1.1098728987202656e-05,0.5
SM,201630,49620--sample_49620_k141_577314,0.020986166512129232,1.631589431138391e-05,0.5011673151750973
SM,201630,49620--sample_49620_k141_378471,0.019578917295205753,1.4534566844623677e-05,0.5007776049766719
SM,201630,49624--sample_49624_k141_942387,0.0195119865569706,1.4556100705479828e-05,0.5007776049766719
SM,201630,49628--sample_49628_k141_1506561,0.018326090651105926,1.2710903969202187e-05,0.5003885003885004
SM,201630,49624--sample_49624_k141_837100,0.02091742229594623,1.6390976232681472e-05,0.5011673151750973
SM,201630,49620--sample_49620_k141_697673,0.020955687704900507,1.6318305873376386e-05,0.5011673151750973
SM,201630,49623--sample_49623_k141_837177,0.027006949946736282,2.789323930632062e-05,0.503125
SM,201630,49623--sample_49623_k141_274362,0.02206893230245654,1.8473830968072842e-05,0.5015576323987538
SM,201630,49623--sample_49623_k141_283253,0.019813015553712572,1.429282709249509e-05,0.5007776049766719
SM,201630,49623--sample_49623_k141_379355,0.017124715410106146,1.101784240568667e-05,0.5
SM,201630,49623--sample_49623_k141_180157,0.013601162672643672,6.567985829044046e-06,0.4988381099922541
SM,201630,49620--sample_49620_k141_475809,0.02698751428012096,2.7921413215165087e-05,0.503125
SM,201630,49623--sample_49623_k141_739376,0.02206753486469462,1.8493194200274433e-05,0.5015576323987538
SM,201630,49621--sample_49621_k141_178506,0.018360523282343978,1.266703666030378e-05,0.5003885003885004
SM,201630,49620--sample_49620_k141_588205,0.01703403980127171,1.1107106188689695e-05,0.5
SM,201630,49623--sample_49623_k141_762414,0.023222157168554195,2.077439115184192e-05,0.5019485580670304
SM,201630,49620--sample_49620_k141_308469,0.019664225546215938,1.4420006424426638e-05,0.5007776049766719
SM,201630,49620--sample_49620_k141_344961,0.013438952657129936,6.659748150275057e-06,0.4988381099922541
SM,201630,49628--sample_49628_k141_960275,0.023306057843252466,2.064721500115742e-05,0.5019485580670304
SM,201630,49628--sample_49628_k141_1438869,0.01964899218743176,1.4538851122727009e-05,0.5007776049766719
SM,201630,49620--sample_49620_k141_216516,0.020850389782371397,1.6399579761178854e-05,0.5011673151750973
SM,201630,49620--sample_49620_k141_140542,0.022108150096220584,1.8451975522649744e-05,0.5015576323987538
SM,201630,49620--sample_49620_k141_350606,0.019691620267956882,1.4457305761802647e-05,0.5007776049766719
SM,201630,49622--sample_49622_k141_541922,0.01722486481010739,1.0957424371936143e-05,0.5
SM,201630,49620--sample_49620_k141_562938,0.025620038987921704,2.5558270079994276e-05,0.5027322404371585
SM,201630,49620--sample_49620_k141_345569,0.023365526211079738,2.0637938749323785e-05,0.5019485580670304
SM,201630,49620--sample_49620_k141_268279,0.022179383303818214,1.8369536743665352e-05,0.5015576323987538
SM,201630,49620--sample_49620_k141_280585,0.02083218725968354,1.6467815928477394e-05,0.5011673151750973
SM,201630,49627--sample_49627_k141_725460,0.020971094687033953,1.627211095144036e-05,0.5011673151750973
SM,201630,49628--sample_49628_k141_884471,0.018420991403070568,1.2663980044878546e-05,0.5003885003885004
SM,201630,49628--sample_49628_k141_389027,0.024619248486198862,2.2884702982384367e-05,0.5023400936037441
SM,201630,49620--sample_49620_k141_868983,0.023362198462637082,2.0615761976060812e-05,0.5019485580670304
SM,201630,49623--sample_49623_k141_441108,0.022121258260007267,1.8447059871713867e-05,0.5015576323987538
SM,201630,49620--sample_49620_k141_469999,0.0185754682065937,1.2495000562300387e-05,0.5003885003885004
SM,201630,49620--sample_49620_k141_853803,0.021923471797421178,1.8658799648048322e-05,0.5015576323987538
SM,201630,49620--sample_49620_k141_848181,0.014743607844362946,7.942668654726844e-06,0.4992248062015504
SM,201630,49627--sample_49627_k141_696542,0.015817844583764,9.528581852552324e-06,0.49961210240496506
SM,201630,49620--sample_49620_k141_794699,0.014673770236327493,8.004533535827357e-06,0.4992248062015504
SM,201630,49620--sample_49620_k141_614701,0.018528561907932065,1.2525188997155465e-05,0.5003885003885004
SM,201630,49620--sample_49620_k141_175692,0.017275052080618292,1.08870794730858e-05,0.5
SM,201630,49625--sample_49625_k141_399547,0.018481139009423053,1.2556961889848295e-05,0.5003885003885004
SM,201630,49620--sample_49620_k141_714399,0.023344956186203993,2.0635222227652063e-05,0.5019485580670304
SM,201630,49628--sample_49628_k141_1350362,0.02094129306871855,1.631496036444876e-05,0.5011673151750973
SM,201630,49620--sample_49620_k141_642954,0.02344308403808495,2.0489918694189404e-05,0.5019485580670304
SM,201630,49628--sample_49628_k141_1269653,0.0160861607518587,9.328938339741715e-06,0.49961210240496506
SM,201630,49628--sample_49628_k141_1723366,0.022073118597016276,1.849324337181097e-05,0.5015576323987538
SM,201630,49622--sample_49622_k141_970025,0.013473099125079538,6.631769615587902e-06,0.4988381099922541
SM,201630,49627--sample_49627_k141_421323,0.0196472257522838,1.4472423675628993e-05,0.5007776049766719
SM,201630,49628--sample_49628_k141_1029201,0.017286446855280295,1.0913886223466484e-05,0.5
SM,201630,49628--sample_49628_k141_1211821,0.022161593389584292,1.8424316188243406e-05,0.5015576323987538
SM,201630,49622--sample_49622_k141_822455,0.017086082915727347,1.1045205985840384e-05,0.5
SM,201630,49620--sample_49620_k141_584834,0.017133545959034595,1.1005033889856225e-05,0.5
SM,201630,49620--sample_49620_k141_750463,0.02201562723383776,1.8568064469487365e-05,0.5015576323987538
SM,201630,49623--sample_49623_k141_19062,0.020934587262934023,1.631593651391879e-05,0.5011673151750973
SM,201630,49628--sample_49628_k141_1303741,0.02313603470301756,2.085496563608372e-05,0.5019485580670304
SM,201630,49627--sample_49627_k141_598482,0.019634244390726894,1.445605320291123e-05,0.5007776049766719
SM,201630,49623--sample_49623_k141_1355655,0.01706536352323759,1.1086555292743933e-05,0.5
SM,201630,49623--sample_49623_k141_303771,0.017250552137952558,1.0902098188595843e-05,0.5
SM,201630,49620--sample_49620_k141_609283,0.018443436572475186,1.268019972880682e-05,0.5003885003885004
SM,201630,49628--sample_49628_k141_1400465,0.01972993556450054,1.440590969029658e-05,0.5007776049766719
SM,201630,49621--sample_49621_k141_1077144,0.028224450486139672,3.05596358938981e-05,0.5035183737294762
SM,201630,49620--sample_49620_k141_175085,0.019685944038694933,1.4433229014403743e-05,0.5007776049766719
SM,201630,49620--sample_49620_k141_473245,0.02213768398219697,1.8456207924334923e-05,0.5015576323987538
SM,201630,49628--sample_49628_k141_751758,0.015985093434622115,9.358085058006419e-06,0.4992248062015504
SM,201630,49620--sample_49620_k141_529134,0.019589652414753366,1.4556098008240913e-05,0.5007776049766719
SM,201630,49623--sample_49623_k141_854320,0.020940680811478925,1.6328442579897983e-05,0.5011673151750973
SM,201630,49620--sample_49620_k141_479378,0.020855102389793125,1.644060783204781e-05,0.5011673151750973
SM,201630,49623--sample_49623_k141_485845,0.017153074326502756,1.103883288691213e-05,0.5
SM,201630,49623--sample_49623_k141_1104290,0.016049049031321577,9.355967031651537e-06,0.49961210240496506
SM,201630,49620--sample_49620_k141_802175,0.02581900688464858,2.5308196094967466e-05,0.5027322404371585
SM,201630,49620--sample_49620_k141_708196,0.019761692686415703,1.4359403621852965e-05,0.5007776049766719
SM,201630,49623--sample_49623_k141_239529,0.01840594262087363,1.262321249126267e-05,0.5003885003885004
SM,201630,49627--sample_49627_k141_524154,0.022084753248346103,1.8456001400998903e-05,0.5015576323987538
SM,201630,49627--sample_49627_k141_871592,0.01723875366460263,1.0920866531102442e-05,0.5
SM,201630,49624--sample_49624_k141_462272,0.023383054402317152,2.056311968682183e-05,0.5019485580670304
SM,201630,49620--sample_49620_k141_609029,0.023314553758207124,2.063619782912478e-05,0.5019485580670304
SM,201630,49627--sample_49627_k141_650344,0.017232806720890555,1.0919926153271857e-05,0.5
SM,201630,49620--sample_49620_k141_792699,0.015892915550420137,9.480109247697098e-06,0.49961210240496506
SM,201630,49620--sample_49620_k141_882729,0.01723849638813759,1.0979539440178119e-05,0.5
SM,201630,49620--sample_49620_k141_510128,0.019635556841669805,1.4451328126652688e-05,0.5007776049766719
SM,201630,49620--sample_49620_k141_828425,0.025671178271964048,2.542998728909481e-05,0.5027322404371585
SM,201630,49623--sample_49623_k141_973496,0.017214902068177402,1.0963062014513694e-05,0.5
SM,201630,49623--sample_49623_k141_593582,0.018463767025255155,1.262313972885972e-05,0.5003885003885004
SM,201630,49621--sample_49621_k141_409291,0.019725624779878156,1.4443586173170807e-05,0.5007776049766719
SM,201630,49620--sample_49620_k141_700704,0.014783025826401348,7.91959013854193e-06,0.4992248062015504
SM,201630,49623--sample_49623_k141_1317120,0.02073621107867449,1.6527111075161e-05,0.5011673151750973
SM,201630,49623--sample_49623_k141_727605,0.018574933004800405,1.2539686166592102e-05,0.5003885003885004
SM,201630,49628--sample_49628_k141_1487610,0.01976592082492048,1.4356204370461627e-05,0.5007776049766719
SM,201630,49627--sample_49627_k141_858468,0.018442876271050557,1.2654151340450882e-05,0.5003885003885004
SM,201630,49623--sample_49623_k141_170441,0.018389928191042956,1.2663823074994234e-05,0.5003885003885004
SM,201630,49628--sample_49628_k141_1767191,0.022039044853986833,1.858529068624921e-05,0.5015576323987538
SM,201630,49627--sample_49627_k141_190321,0.021060876324148492,1.6227398954525126e-05,0.5011673151750973
SM,201630,49627--sample_49627_k141_749238,0.017327402850616194,1.0871628809971718e-05,0.5
SM,201630,49620--sample_49620_k141_552424,0.019623015675291375,1.4504036036659192e-05,0.5007776049766719
SM,201630,49623--sample_49623_k141_828017,0.019780143307756494,1.4316885817524436e-05,0.5007776049766719
SM,201630,49627--sample_49627_k141_462720,0.02088541205250099,1.6395855813705925e-05,0.5011673151750973
SM,201630,49621--sample_49621_k141_762393,0.020911070706849916,1.639108331042107e-05,0.5011673151750973
SM,201630,49620--sample_49620_k141_900294,0.019753085206412627,1.4351691598666325e-05,0.5007776049766719
SM,201630,49621--sample_49621_k141_452052,0.015907386291508452,9.492266373174792e-06,0.49961210240496506
SM,201630,49621--sample_49621_k141_784926,0.02216453213954375,1.8414737878361606e-05,0.5015576323987538
SM,201630,49620--sample_49620_k141_464073,0.018349869354572165,1.2714987970186216e-05,0.5003885003885004
SM,201630,49623--sample_49623_k141_402753,0.022197841477855453,1.8345191730586548e-05,0.5015576323987538
SM,201630,49626--sample_49626_k141_514911,0.023431264129219892,2.0516680819347796e-05,0.5019485580670304
SM,201630,49620--sample_49620_k141_89916,0.013429325120667414,6.674617942569971e-06,0.4988381099922541
SM,201630,49621--sample_49621_k141_394250,0.01964137842087096,1.4440082511239512e-05,0.5007776049766719
SM,201630,49621--sample_49621_k141_806897,0.01718947501391022,1.0997220648915294e-05,0.5
SM,201630,49628--sample_49628_k141_934206,0.01851473300097038,1.2552178164770202e-05,0.5003885003885004
SM,201630,49628--sample_49628_k141_1580996,0.0159243086350277,9.423796475758291e-06,0.49961210240496506
SM,201630,49623--sample_49623_k141_731714,0.015892835919743543,9.406265292028623e-06,0.49961210240496506
SM,201630,49623--sample_49623_k141_770561,0.019754038588069314,1.4417702778010058e-05,0.5007776049766719
SM,201630,49627--sample_49627_k141_829391,0.017035768528627815,1.1036673297241356e-05,0.5
SM,201630,49627--sample_49627_k141_571973,0.020819017325283334,1.6500909971075428e-05,0.5011673151750973
SM,201630,49620--sample_49620_k141_93113,0.018516045309545197,1.2573549097090272e-05,0.5003885003885004
SM,201630,49623--sample_49623_k141_687281,0.0184634024858735,1.2688003510861392e-05,0.5003885003885004
SM,201630,49626--sample_49626_k141_590008,0.020866115702318826,1.641191143436108e-05,0.5011673151750973
SM,201630,49620--sample_49620_k141_895379,0.022147944355029075,1.8409269062559372e-05,0.5015576323987538
SM,201630,49620--sample_49620_k141_98203,0.017152985494929076,1.1002249607818512e-05,0.5
SM,201630,49625--sample_49625_k141_188852,0.013389763005223938,6.745414404320181e-06,0.4988381099922541
SM,201630,49620--sample_49620_k141_313162,0.01838079951272897,1.2702798206111779e-05,0.5003885003885004
SM,201630,49627--sample_49627_k141_276556,0.01715680257498732,1.0971255044049558e-05,0.5
SM,201630,49628--sample_49628_k141_1632557,0.01978466030759448,1.4379992932877391e-05,0.5007776049766719
SM,201630,49623--sample_49623_k141_1254467,0.020986875974140874,1.6300087555622057e-05,0.5011673151750973
SM,201630,49623--sample_49623_k141_824443,0.019582228099312027,1.4501307682107859e-05,0.5007776049766719
SM,201630,49620--sample_49620_k141_806638,0.017221921469533222,1.0959062184578567e-05,0.5
SM,201630,49620--sample_49620_k141_304248,0.023425972300290945,2.054101944936445e-05,0.5019485580670304
SM,201630,49620--sample_49620_k141_174776,0.01711343385104751,1.1041865428669903e-05,0.5
SM,201630,49620--sample_49620_k141_347387,0.018224416181978478,1.2819523214613259e-05,0.5003885003885004
SM,201630,49627--sample_49627_k141_177413,0.024541285575448133,2.2941880772026364e-05,0.5023400936037441
SM,201630,49620--sample_49620_k141_386392,0.019551244393158213,1.453244759998445e-05,0.5007776049766719
SM,201630,49620--sample_49620_k141_822760,0.017300046584558266,1.0874555482016858e-05,0.5
SM,201630,49627--sample_49627_k141_319949,0.023299292352226164,2.0662034607126406e-05,0.5019485580670304
SM,201630,49620--sample_49620_k141_343081,0.020859007768409692,1.6471181648587653e-05,0.5011673151750973
SM,201630,49620--sample_49620_k141_629202,0.01847772786931566,1.2622513317573711e-05,0.5003885003885004
SM,201630,49620--sample_49620_k141_300959,0.015967654231946106,9.407602959462033e-06,0.49961210240496506
SM,201630,49628--sample_49628_k141_964811,0.014723656353236773,7.981946075088588e-06,0.4988381099922541
SM,201630,49620--sample_49620_k141_498807,0.019701255895086894,1.435551756634155e-05,0.5007776049766719
SM,201630,49627--sample_49627_k141_729568,0.024666544004675828,2.2802852017310914e-05,0.5023400936037441
SM,201630,49623--sample_49623_k141_744433,0.014798545590644835,7.877781463889988e-06,0.4992248062015504
SM,201630,49627--sample_49627_k141_633653,0.022094758637932685,1.8506094299314107e-05,0.5015576323987538
SM,201630,49620--sample_49620_k141_883152,0.014673950591605917,8.044874291522239e-06,0.4992248062015504
SM,201630,49627--sample_49627_k141_515529,0.01593284154955307,9.392114234906935e-06,0.49961210240496506
SM,201630,49620--sample_49620_k141_550159,0.020974627308786825,1.6277115737363886e-05,0.5011673151750973
SM,201630,49624--sample_49624_k141_957901,0.01717594779289104,1.1019339639726065e-05,0.5
SM,201630,49623--sample_49623_k141_70638,0.016010976547547472,9.374046769616268e-06,0.49961210240496506
SM,201630,49620--sample_49620_k141_33066,0.014920584470901934,7.815002605162443e-06,0.4992248062015504
SM,201630,49620--sample_49620_k141_212651,0.019674159545263522,1.4511965927144089e-05,0.5007776049766719
SM,201630,49623--sample_49623_k141_825568,0.019462949173349536,1.4646215929101044e-05,0.5007776049766719
SM,201630,49620--sample_49620_k141_349419,0.022182791074327333,1.836425340628953e-05,0.5015576323987538
SM,201630,49625--sample_49625_k141_389451,0.019703636627775415,1.4398051987048733e-05,0.5007776049766719
SM,201630,49623--sample_49623_k141_638582,0.020885631129286063,1.640761356345842e-05,0.5011673151750973
SM,201630,49623--sample_49623_k141_1032962,0.02201753565661682,1.853392888003288e-05,0.5015576323987538
SM,201630,49620--sample_49620_k141_772901,0.020897322765989754,1.6329157477929116e-05,0.5011673151750973
SM,201630,49623--sample_49623_k141_341484,0.025870216392307237,2.5185275714406706e-05,0.5027322404371585
SM,201630,49627--sample_49627_k141_837948,0.020893569478949395,1.6353450417213368e-05,0.5011673151750973
SM,201630,49622--sample_49622_k141_625868,0.01849683713841108,1.256617091892148e-05,0.5003885003885004
SM,201630,49621--sample_49621_k141_998779,0.024530218761377405,2.2885346635233563e-05,0.5023400936037441
SM,201630,49627--sample_49627_k141_754865,0.019642973183215097,1.4488925122662505e-05,0.5007776049766719
SM,201630,49620--sample_49620_k141_315313,0.015918385483307863,9.37223976942015e-06,0.4992248062015504
SM,201630,49623--sample_49623_k141_728033,0.01982409844166134,1.4334015596717533e-05,0.5007776049766719
SM,201630,49620--sample_49620_k141_92586,0.020929710435162854,1.6396666435120695e-05,0.5011673151750973
SM,201630,49625--sample_49625_k141_364346,0.013470592791925893,6.682533883575648e-06,0.4988381099922541
SM,201630,49627--sample_49627_k141_490345,0.01611179360968063,9.282613520391148e-06,0.49961210240496506
SM,201630,49628--sample_49628_k141_1593967,0.020712191853035404,1.6531872718517304e-05,0.5011673151750973
SM,201630,49623--sample_49623_k141_540693,0.014782471320659978,8.005832292314256e-06,0.4992248062015504
SM,201630,49627--sample_49627_k141_593011,0.01842275568803386,1.268991484533113e-05,0.5003885003885004
SM,201630,49623--sample_49623_k141_100166,0.025729621113002702,2.5421696668681727e-05,0.5027322404371585
SM,201630,49620--sample_49620_k141_188761,0.016080910743939587,9.2627381321997e-06,0.49961210240496506
SM,201630,49620--sample_49620_k141_852859,0.02095325737115484,1.6333496451597585e-05,0.5011673151750973
SM,201630,49620--sample_49620_k141_891883,0.01845851618087287,1.2676813819738048e-05,0.5003885003885004
SM,201630,49620--sample_49620_k141_165300,0.020915475877544266,1.6356058862022512e-05,0.5011673151750973
SM,201630,49623--sample_49623_k141_942149,0.015852058074055344,9.44172254234469e-06,0.49961210240496506
SM,201630,49620--sample_49620_k141_749019,0.027081027937878838,2.780059077517552e-05,0.503125
SM,201630,49620--sample_49620_k141_34612,0.017260752750106335,1.090094680018666e-05,0.5
SM,201630,49620--sample_49620_k141_619265,0.012351907350895627,5.392553274061599e-06,0.4984520123839009
SM,201630,49620--sample_49620_k141_163204,0.02694998444363202,2.7980211686023324e-05,0.503125
SM,201630,49627--sample_49627_k141_894207,0.02327500142511651,2.068555452560676e-05,0.5019485580670304
SM,201630,49620--sample_49620_k141_892610,0.01844991461617071,1.260262794170273e-05,0.5003885003885004
SM,201630,49620--sample_49620_k141_879678,0.02328512733363943,2.0673442129624033e-05,0.5019485580670304
SM,201630,49628--sample_49628_k141_549400,0.020867485969190008,1.645139702751581e-05,0.5011673151750973
SM,201630,49628--sample_49628_k141_983346,0.017158071984568223,1.1015757397336904e-05,0.5
SM,201630,49623--sample_49623_k141_702128,0.01963544280268412,1.4484446187315231e-05,0.5007776049766719
SM,201630,49623--sample_49623_k141_470609,0.017349011307796414,1.0885046058987638e-05,0.5
SM,201630,49623--sample_49623_k141_1036475,0.016070846479284837,9.313551936129901e-06,0.49961210240496506
SM,201630,49620--sample_49620_k141_755103,0.012288339117887941,5.393021091329843e-06,0.4984520123839009
SM,201630,49621--sample_49621_k141_68092,0.017326073091731287,1.0835795815480664e-05,0.5
SM,201630,49623--sample_49623_k141_42735,0.015996474641975362,9.407008198363925e-06,0.49961210240496506
SM,201630,49628--sample_49628_k141_231843,0.019512410275473843,1.4545894604109711e-05,0.5007776049766719
SM,201630,49620--sample_49620_k141_345812,0.014867633851858925,7.900575554874538e-06,0.4992248062015504
SM,201630,49625--sample_49625_k141_25563,0.017233869562075607,1.0885049617271966e-05,0.5
SM,201630,49628--sample_49628_k141_1257336,0.023305290041723603,2.0603511554117052e-05,0.5019485580670304
SM,201630,49625--sample_49625_k141_223344,0.020936033494392523,1.6362990002215013e-05,0.5011673151750973
SM,201630,49620--sample_49620_k141_493131,0.01964892823004706,1.452469806498654e-05,0.5007776049766719
SM,201630,49620--sample_49620_k141_848030,0.02210382602261213,1.8453688008517468e-05,0.5015576323987538
SM,201630,49623--sample_49623_k141_905837,0.020880957226224885,1.6343114575850278e-05,0.5011673151750973
SM,201630,49620--sample_49620_k141_524665,0.012252335820644618,5.497947135986084e-06,0.4984520123839009
SM,201630,49627--sample_49627_k141_606222,0.018377084794269964,1.268342344395505e-05,0.5003885003885004
SM,201630,49627--sample_49627_k141_152302,0.01842199565612231,1.264474412569936e-05,0.5003885003885004
SM,201630,49627--sample_49627_k141_381781,0.01461363219356263,8.034018314322531e-06,0.4992248062015504
SM,201630,49623--sample_49623_k141_1320380,0.013512337199022399,6.625345296398487e-06,0.4988381099922541
SM,201630,49620--sample_49620_k141_237655,0.020891429867786755,1.637835191855367e-05,0.5011673151750973
SM,201630,49628--sample_49628_k141_1318930,0.019699840782921606,1.4421602845328344e-05,0.5007776049766719
SM,201630,49623--sample_49623_k141_1239734,0.014821719040130209,7.876517725310023e-06,0.4992248062015504
SM,201630,49620--sample_49620_k141_729130,0.019724702899465058,1.4403251933794086e-05,0.5007776049766719
SM,201630,49628--sample_49628_k141_430758,0.018494081830199918,1.2570096094475056e-05,0.5003885003885004
SM,201630,49625--sample_49625_k141_170109,0.015916481393022246,9.439126734664195e-06,0.49961210240496506
SM,201630,49623--sample_49623_k141_1074520,0.023256951751432418,2.074182388723826e-05,0.5019485580670304
SM,201630,49620--sample_49620_k141_696406,0.017218222933046434,1.0964486666533928e-05,0.5
SM,201630,49621--sample_49621_k141_304846,0.01969334021916559,1.4461973504711342e-05,0.5007776049766719
SM,201630,49620--sample_49620_k141_164103,0.01983594897195355,1.4271757145496262e-05,0.5007776049766719
SM,201630,49625--sample_49625_k141_39986,0.024600651268644743,2.2848123001830447e-05,0.5023400936037441
SM,201630,49620--sample_49620_k141_379858,0.01718573338743316,1.103441680997596e-05,0.5
SM,201630,49623--sample_49623_k141_787874,0.015891150344493524,9.461549455381438e-06,0.49961210240496506
SM,201630,49627--sample_49627_k141_488743,0.023384337508589658,2.057615281701822e-05,0.5019485580670304
SM,201630,49620--sample_49620_k141_845769,0.022191210003521453,1.8305790023524622e-05,0.5015576323987538
SM,201630,49624--sample_49624_k141_823890,0.019638377313644477,1.4456565810741039e-05,0.5007776049766719
SM,201630,49623--sample_49623_k141_1142358,0.01849559657267212,1.2560912908583204e-05,0.5003885003885004
SM,201630,49623--sample_49623_k141_1351314,0.020853357112626276,1.642639712542946e-05,0.5011673151750973
SM,201630,49623--sample_49623_k141_397605,0.01851359676082394,1.2573270973189203e-05,0.5003885003885004
SM,201630,49628--sample_49628_k141_513653,0.019745783797452173,1.435851662558579e-05,0.5007776049766719
SM,201630,49620--sample_49620_k141_880376,0.01850756783598808,1.2558681042145625e-05,0.5003885003885004
SM,201630,49621--sample_49621_k141_1049905,0.01965606763861596,1.4555697031402986e-05,0.5007776049766719
SM,201630,49620--sample_49620_k141_42888,0.02340841129273003,2.048571585637744e-05,0.5019485580670304
SM,201630,49628--sample_49628_k141_1150711,0.017200927631200128,1.099460091330999e-05,0.5
SM,201630,49628--sample_49628_k141_1295079,0.02101827851363927,1.6265055894934915e-05,0.5011673151750973
SM,201630,49628--sample_49628_k141_1557966,0.022045112829221426,1.8523773241360046e-05,0.5015576323987538
SM,201630,49623--sample_49623_k141_459679,0.019543027203262286,1.4543989150382771e-05,0.5007776049766719
SM,201630,49621--sample_49621_k141_253982,0.0159505348866555,9.405276383810487e-06,0.49961210240496506
SM,201630,49627--sample_49627_k141_718220,0.018441547500464464,1.2688480736595949e-05,0.5003885003885004
SM,201630,49620--sample_49620_k141_367257,0.017054988668517596,1.111295686265097e-05,0.5
SM,201630,49621--sample_49621_k141_1078957,0.020955558517068602,1.6284049186796612e-05,0.5011673151750973
SM,201630,49620--sample_49620_k141_350880,0.025910219041851326,2.519047479853523e-05,0.5027322404371585
SM,201630,49623--sample_49623_k141_1156595,0.016091324868709903,9.29682486006708e-06,0.49961210240496506
SM,201630,49625--sample_49625_k141_264927,0.018496302797023752,1.2526262812237278e-05,0.5003885003885004
SM,201630,49628--sample_49628_k141_609789,0.018567459459708505,1.2527277225295131e-05,0.5003885003885004
SM,201630,49620--sample_49620_k141_108508,0.02206471097380299,1.8452975187576824e-05,0.5015576323987538
SM,201630,49624--sample_49624_k141_930198,0.02092752374531724,1.6289030675349118e-05,0.5011673151750973
SM,201630,49626--sample_49626_k141_577843,0.01862490595741811,1.2453568580666921e-05,0.5003885003885004
SM,201630,49624--sample_49624_k141_404074,0.01844483122201164,1.2628777302006493e-05,0.5003885003885004
SM,201630,49620--sample_49620_k141_557772,0.014699667997819747,8.001324450433844e-06,0.4992248062015504
SM,201630,49628--sample_49628_k141_1571541,0.018451569173664993,1.2638851635867021e-05,0.5003885003885004
SM,201630,49623--sample_49623_k141_469107,0.01963353752334691,1.4485698061841463e-05,0.5007776049766719
SM,201630,49626--sample_49626_k141_793367,0.020868712523584385,1.6378203405491402e-05,0.5011673151750973
SM,201630,49621--sample_49621_k141_679065,0.019544407054853274,1.4558544934783584e-05,0.5007776049766719
SM,201630,49623--sample_49623_k141_721938,0.0170673814471183,1.1065816784542945e-05,0.5
SM,201630,49624--sample_49624_k141_904286,0.024662556070425525,2.2807708642327978e-05,0.5023400936037441
SM,201630,49624--sample_49624_k141_1055872,0.015870635464916932,9.510263836713987e-06,0.49961210240496506
SM,201630,49624--sample_49624_k141_683558,0.018511607374113153,1.2542106352958586e-05,0.5003885003885004
SM,201630,49620--sample_49620_k141_710837,0.013470966273174702,6.634792651971612e-06,0.4984520123839009
SM,201630,49624--sample_49624_k141_853813,0.023352949329318674,2.0622561608855615e-05,0.5019485580670304
SM,201630,49620--sample_49620_k141_726559,0.017001632169270434,1.1153716956398945e-05,0.5
SM,201630,49622--sample_49622_k141_1283027,0.018585329059010957,1.2528852621458687e-05,0.5003885003885004
SM,201630,49628--sample_49628_k141_1606068,0.024542188092300753,2.2937873691944574e-05,0.5023400936037441
SM,201630,49620--sample_49620_k141_832586,0.02204164869414797,1.847840722902589e-05,0.5015576323987538
SM,201630,49627--sample_49627_k141_376887,0.013585880687732923,6.601094131989812e-06,0.4988381099922541
SM,201630,49620--sample_49620_k141_290753,0.02343448568148754,2.0503546690280187e-05,0.5019485580670304
SM,201630,49621--sample_49621_k141_716554,0.01977954156069398,1.433422315831145e-05,0.5007776049766719
SM,201630,49623--sample_49623_k141_844041,0.01838622380564206,1.2745613468564328e-05,0.5003885003885004
SM,201630,49623--sample_49623_k141_611020,0.020940318337205163,1.6339243359541856e-05,0.5011673151750973
SM,201630,49620--sample_49620_k141_112955,0.019627539557963484,1.4484314921893685e-05,0.5007776049766719
SM,201630,49620--sample_49620_k141_463131,0.01711260028575619,1.1015744434942991e-05,0.5
SM,201630,49621--sample_49621_k141_990772,0.01713322158822972,1.1058985985565581e-05,0.5
SM,201630,49620--sample_49620_k141_790877,0.020801234119279845,1.6498885920178567e-05,0.5011673151750973
SM,201630,49620--sample_49620_k141_448102,0.019766462616408353,1.4379349734529161e-05,0.5007776049766719
SM,201630,49620--sample_49620_k141_748451,0.01960933897470165,1.4547657686009899e-05,0.5007776049766719
SM,201630,49620--sample_49620_k141_868481,0.020836395728143123,1.641086037122042e-05,0.5011673151750973
SM,201630,49625--sample_49625_k141_231859,0.01968980326493274,1.4451421507661041e-05,0.5007776049766719
SM,201630,49623--sample_49623_k141_562214,0.01970130830150339,1.4445668748138595e-05,0.5007776049766719
SM,201630,49623--sample_49623_k141_1002962,0.023415780135703244,2.056677819845303e-05,0.5019485580670304
SM,201630,49620--sample_49620_k141_214413,0.015967972847305247,9.40643469510982e-06,0.49961210240496506
SM,201630,49623--sample_49623_k141_673444,0.01720400933819745,1.0904139247984826e-05,0.5
SM,201630,49620--sample_49620_k141_230781,0.017062877916527813,1.1074078470646852e-05,0.5
SM,201630,49627--sample_49627_k141_405880,0.023379284567378717,2.0565813583242186e-05,0.5019485580670304
SM,201630,49623--sample_49623_k141_207193,0.018356002746283448,1.2737294617641762e-05,0.5003885003885004
SM,201630,49623--sample_49623_k141_1169751,0.020918879409892902,1.634317910899587e-05,0.5011673151750973
SM,201630,49624--sample_49624_k141_468988,0.02577976436756321,2.539760879246188e-05,0.5027322404371585
SM,201630,49620--sample_49620_k141_33513,0.029476557700482787,3.329199630333486e-05,0.5039123630672926
SM,201630,49623--sample_49623_k141_449686,0.019664770555372343,1.4444186320655362e-05,0.5007776049766719
SM,201630,49627--sample_49627_k141_808611,0.01966179730657551,1.4461162816258518e-05,0.5007776049766719
SM,201630,49641--sample_49641_k141_362688,0.025838333667997954,2.5277252433561378e-05,0.5027322404371585
SM,201630,49617--sample_49617_k141_39355,0.020950084518311533,1.635387112861384e-05,0.5011673151750973
SM,201630,49617--sample_49617_k141_35967,0.018564754820694987,1.2505726446754037e-05,0.5003885003885004
SM,201630,49640--sample_49640_k141_205688,0.028244070089084253,3.049697670913737e-05,0.5035183737294762
SM,201630,49617--sample_49617_k141_209877,0.018452253279370192,1.2581098128452318e-05,0.5003885003885004
SM,201630,49617--sample_49617_k141_139293,0.01356207389712797,6.62507033079712e-06,0.4988381099922541
SM,201630,49642--sample_49642_k141_460602,0.027080888988169783,2.7793603435027444e-05,0.503125
SM,201630,49642--sample_49642_k141_46529,0.02217980830839626,1.8349213828339573e-05,0.5015576323987538
SM,201630,49631--sample_49631_k141_943460,0.023342218382168135,2.0629109509935484e-05,0.5019485580670304
SM,201630,49617--sample_49617_k141_181765,0.023241743478064125,2.0730901134640526e-05,0.5019485580670304
SM,201630,53600--sample_53600_k141_319847,0.02083199923935633,1.6436580152071474e-05,0.5011673151750973
SM,201630,49641--sample_49641_k141_517007,0.014783810720734356,7.955014220099386e-06,0.4992248062015504
SM,201630,49617--sample_49617_k141_231031,0.018375936048904945,1.2737162342234777e-05,0.5003885003885004
SM,201630,49617--sample_49617_k141_157639,0.02217257710114135,1.838276568745063e-05,0.5015576323987538
SM,201630,49640--sample_49640_k141_443474,0.020873653093926456,1.6400143687979804e-05,0.5011673151750973
SM,201630,49641--sample_49641_k141_569411,0.024736843113501706,2.2651128109052084e-05,0.5023400936037441
SM,201630,49617--sample_49617_k141_244635,0.024535343241592244,2.2975409856536692e-05,0.5023400936037441
SM,201630,49633--sample_49633_k141_1364744,0.02347693369414233,2.046271510113543e-05,0.5019485580670304
SM,201630,49638--sample_49638_k141_334434,0.021039847512999366,1.618464077746573e-05,0.5011673151750973
SM,201630,49631--sample_49631_k141_788735,0.017120519413777468,1.109052878674451e-05,0.5
SM,201630,49631--sample_49631_k141_901628,0.022129732539071783,1.8429107903861193e-05,0.5015576323987538
SM,201630,49615--sample_49615_k141_45890,0.018551283485903642,1.2542092309385971e-05,0.5003885003885004
SM,201630,49633--sample_49633_k141_1000571,0.019643940380013315,1.4463497021855691e-05,0.5007776049766719
SM,201630,53600--sample_53600_k141_432760,0.018461438878844192,1.259834304667587e-05,0.5003885003885004
SM,201630,49631--sample_49631_k141_1063072,0.020885621667981368,1.6331584952840028e-05,0.5011673151750973
SM,201630,49617--sample_49617_k141_126624,0.02084871168628768,1.64521447981792e-05,0.5011673151750973
SM,201630,49617--sample_49617_k141_63436,0.01843829977607212,1.2699340533684972e-05,0.5003885003885004
SM,201630,49613--sample_49613_k141_516056,0.018288890052221608,1.2791349563162159e-05,0.5003885003885004
SM,201630,49638--sample_49638_k141_849125,0.01838067590080102,1.2720756401763924e-05,0.5003885003885004
SM,201630,49633--sample_49633_k141_1105803,0.017154630012931625,1.1001924207838315e-05,0.5
SM,201630,49631--sample_49631_k141_713683,0.01717807235356603,1.1012133565695519e-05,0.5
SM,201630,49618--sample_49618_k141_24979,0.022107767052100814,1.8430212398678786e-05,0.5015576323987538
SM,201630,49641--sample_49641_k141_526586,0.02344232946351822,2.0476245390094392e-05,0.5019485580670304
SM,201630,49641--sample_49641_k141_594405,0.0172166619128787,1.0919075234857478e-05,0.5
SM,201630,49630--sample_49630_k141_653913,0.022119728184481154,1.8464595165358184e-05,0.5015576323987538
SM,201630,49617--sample_49617_k141_71919,0.022003484076194024,1.8553751223016705e-05,0.5015576323987538
SM,201630,49617--sample_49617_k141_269743,0.017137195535134243,1.1012421695328517e-05,0.5
SM,201630,49631--sample_49631_k141_327282,0.019602948156626103,1.4493403053419047e-05,0.5007776049766719
SM,201630,49613--sample_49613_k141_428032,0.020838672002718394,1.6444999193250733e-05,0.5011673151750973
SM,201630,49617--sample_49617_k141_32695,0.017169131099463872,1.0994409634649043e-05,0.5
SM,201630,49618--sample_49618_k141_231410,0.022168836048099407,1.8412941869468485e-05,0.5015576323987538
SM,201630,49618--sample_49618_k141_106535,0.014554247965459498,8.098747278019155e-06,0.4992248062015504
SM,201630,49631--sample_49631_k141_478760,0.020893512125784965,1.632385723021735e-05,0.5011673151750973
SM,201630,49631--sample_49631_k141_269696,0.020882286742070773,1.6431362209418795e-05,0.5011673151750973
SM,201630,49633--sample_49633_k141_1125289,0.022146978205464705,1.8421353974552474e-05,0.5015576323987538
SM,201630,49641--sample_49641_k141_479465,0.017201169138699998,1.0950357714668737e-05,0.5
SM,201630,49631--sample_49631_k141_1077431,0.017088855738062434,1.100287445120963e-05,0.5
SM,201630,53598--sample_53598_k141_177344,0.02087559519476459,1.6431731852946686e-05,0.5011673151750973
SM,201630,49631--sample_49631_k141_406326,0.019786928434726136,1.4274844568022014e-05,0.5007776049766719
SM,201630,49617--sample_49617_k141_153159,0.02104662645971603,1.623896862107001e-05,0.5011673151750973
SM,201630,49641--sample_49641_k141_335608,0.018312757105421924,1.2766055767003316e-05,0.5003885003885004
SM,201630,49633--sample_49633_k141_461652,0.017148277040046213,1.1020892301999976e-05,0.5
SM,201630,49641--sample_49641_k141_610039,0.019751963846616167,1.439141602578875e-05,0.5007776049766719
SM,201630,49641--sample_49641_k141_63970,0.020825904292123994,1.643521091060174e-05,0.5011673151750973
SM,201630,49617--sample_49617_k141_196642,0.01726580978402427,1.0897350890068462e-05,0.5
SM,201630,49638--sample_49638_k141_293188,0.023331575811583342,2.0609767375375028e-05,0.5019485580670304
SM,201630,49631--sample_49631_k141_1047950,0.02207001314892349,1.844078102791341e-05,0.5015576323987538
SM,201630,49631--sample_49631_k141_1078132,0.022096168065175555,1.8518793854638087e-05,0.5015576323987538
SM,201630,49617--sample_49617_k141_221011,0.02086224399389326,1.6421336431173767e-05,0.5011673151750973
SM,201630,49641--sample_49641_k141_90630,0.018408976528921518,1.2686965946880234e-05,0.5003885003885004
SM,201630,49631--sample_49631_k141_758348,0.01977054916915129,1.4311372901475182e-05,0.5007776049766719
SM,201630,49617--sample_49617_k141_246435,0.01970093599500592,1.447692945949497e-05,0.5007776049766719
SM,201630,49618--sample_49618_k141_187803,0.023373740553329723,2.056658591658892e-05,0.5019485580670304
SM,201630,49616--sample_49616_k141_109171,0.020817807181351945,1.6470353460983257e-05,0.5011673151750973
SM,201630,49641--sample_49641_k141_532511,0.018416133484441224,1.2626579458818362e-05,0.5003885003885004
SM,201630,49617--sample_49617_k141_87747,0.020729359270051997,1.655902223979285e-05,0.5011673151750973
SM,201630,49617--sample_49617_k141_135022,0.02219643360871829,1.8341518918530158e-05,0.5015576323987538
SM,201630,49640--sample_49640_k141_411990,0.018422092741452956,1.260634476333108e-05,0.5003885003885004
SM,201630,49617--sample_49617_k141_280219,0.022134411766516544,1.8395513420891745e-05,0.5015576323987538
SM,201630,53600--sample_53600_k141_381646,0.020922532982643176,1.63684691071622e-05,0.5011673151750973
SM,201630,49631--sample_49631_k141_946880,0.02576092871581248,2.5397305091347047e-05,0.5027322404371585
SM,201630,49640--sample_49640_k141_150614,0.023283136804326903,2.071528300566388e-05,0.5019485580670304
SM,201630,49630--sample_49630_k141_766537,0.019629485699275088,1.4508717659549413e-05,0.5007776049766719
SM,201630,49631--sample_49631_k141_161535,0.015802463429827884,9.498166382660394e-06,0.49961210240496506
SM,201630,49619--sample_49619_k141_276398,0.01856525150799727,1.2467033943283672e-05,0.5003885003885004
SM,201630,49635--sample_49635_k141_178072,0.02092075509559034,1.637951972629075e-05,0.5011673151750973
SM,201630,49617--sample_49617_k141_20012,0.019770172966882677,1.4360473059258396e-05,0.5007776049766719
SM,201630,49641--sample_49641_k141_266781,0.023374190204993813,2.054481126298896e-05,0.5019485580670304
SM,201630,49640--sample_49640_k141_295713,0.020922878029616447,1.6321123352851352e-05,0.5011673151750973
SM,201630,49638--sample_49638_k141_940541,0.022071922534661326,1.8489957717716776e-05,0.5015576323987538
SM,201630,49631--sample_49631_k141_125937,0.017125900942282644,1.1021074659623598e-05,0.5
SM,201630,49617--sample_49617_k141_187462,0.02328382546111636,2.0679481802932535e-05,0.5019485580670304
SM,201630,49618--sample_49618_k141_287800,0.01961105647029744,1.4485881996676834e-05,0.5007776049766719
SM,201630,49631--sample_49631_k141_908461,0.01978601173083833,1.43649362738536e-05,0.5007776049766719
SM,201630,49642--sample_49642_k141_530007,0.02101607720790641,1.6245892058637826e-05,0.5011673151750973
SM,201630,49613--sample_49613_k141_537521,0.020770597184630816,1.6469303599296928e-05,0.5011673151750973
SM,201630,49613--sample_49613_k141_11082,0.020970711774003982,1.630335479717042e-05,0.5011673151750973
SM,201630,49631--sample_49631_k141_548732,0.026928408312125358,2.8039463357319494e-05,0.503125
SM,201630,49617--sample_49617_k141_179032,0.019581011480962113,1.448265167363066e-05,0.5007776049766719
SM,201630,49631--sample_49631_k141_862124,0.019634836435649804,1.4477191746358316e-05,0.5007776049766719
SM,201630,49641--sample_49641_k141_611231,0.023232751990455252,2.077049602959882e-05,0.5019485580670304
SM,201630,49613--sample_49613_k141_620984,0.021032374053394493,1.621117915584509e-05,0.5011673151750973
SM,201630,49631--sample_49631_k141_944793,0.017210261458071818,1.094691511804539e-05,0.5
SM,201630,49631--sample_49631_k141_692523,0.013535477032507376,6.602538618506569e-06,0.4988381099922541
SM,201630,49631--sample_49631_k141_593099,0.02078661284539951,1.6433720009747977e-05,0.5011673151750973
SM,201630,49631--sample_49631_k141_707422,0.02332287550689481,2.0608254982835095e-05,0.5019485580670304
SM,201630,49617--sample_49617_k141_196780,0.019716717826037032,1.4424017703478199e-05,0.5007776049766719
SM,201630,49617--sample_49617_k141_216564,0.023347246774897013,2.063815890749153e-05,0.5019485580670304
SM,201630,49618--sample_49618_k141_38856,0.02095318960717667,1.63027778702538e-05,0.5011673151750973
SM,201630,49631--sample_49631_k141_553074,0.020877573592805097,1.6387308789371467e-05,0.5011673151750973
SM,201630,49641--sample_49641_k141_305580,0.01960346236838656,1.4506630353770725e-05,0.5007776049766719
SM,201630,49636--sample_49636_k141_952298,0.01592141631620497,9.374708445816597e-06,0.49961210240496506
SM,201630,49617--sample_49617_k141_68029,0.024540132268170613,2.290538666519182e-05,0.5023400936037441
SM,201630,49631--sample_49631_k141_644005,0.015985945350279564,9.39906458123541e-06,0.49961210240496506
SM,201630,49617--sample_49617_k141_127714,0.025719731713662087,2.540548902432303e-05,0.5027322404371585
SM,201630,49615--sample_49615_k141_95272,0.01971345624022106,1.4393647730507201e-05,0.5007776049766719
SM,201630,49617--sample_49617_k141_122223,0.014879333467653626,7.8553444206107e-06,0.4992248062015504
SM,201630,49640--sample_49640_k141_463518,0.025848028995855424,2.5186013950231845e-05,0.5027322404371585
SM,201630,49617--sample_49617_k141_226029,0.023230496281358357,2.0751394809813726e-05,0.5019485580670304
SM,201630,49617--sample_49617_k141_239445,0.0246038109214544,2.2883038536417324e-05,0.5023400936037441
SM,201630,49639--sample_49639_k141_455759,0.019676978617260737,1.4464378333901541e-05,0.5007776049766719
SM,201630,49617--sample_49617_k141_136377,0.017259234498609232,1.096515768687771e-05,0.5
SM,201630,49619--sample_49619_k141_252582,0.020998697398411065,1.6328324092187024e-05,0.5011673151750973
SM,201630,49636--sample_49636_k141_1048953,0.01598971614349762,9.407950053453539e-06,0.49961210240496506
SM,201630,49631--sample_49631_k141_226575,0.009858707197130083,3.3618269074467193e-06,0.49691358024691357
SM,201630,49617--sample_49617_k141_27324,0.024522612827484285,2.290402478360061e-05,0.5023400936037441
SM,201630,49617--sample_49617_k141_96456,0.01841780377364691,1.2644677476091207e-05,0.5003885003885004
SM,201630,49616--sample_49616_k141_70342,0.017142197063040123,1.1045574419030108e-05,0.5
SM,201630,49616--sample_49616_k141_23312,0.01851813141757551,1.2561814907973682e-05,0.5003885003885004
SM,201630,49617--sample_49617_k141_118412,0.012254941102963775,5.474679470896551e-06,0.4984520123839009
SM,201630,49617--sample_49617_k141_33665,0.019718669983539196,1.4421011192658087e-05,0.5007776049766719
SM,201630,49617--sample_49617_k141_295889,0.023300218672467014,2.0680344653196884e-05,0.5019485580670304
SM,201630,49631--sample_49631_k141_810649,0.012217871559276916,5.4473731656624735e-06,0.4984520123839009
SM,201630,53601--sample_53601_k141_171030,0.01852766856331839,1.2585801243498628e-05,0.5003885003885004
SM,201630,49630--sample_49630_k141_707921,0.013491129890573295,6.6198268683838755e-06,0.4988381099922541
SM,201630,49638--sample_49638_k141_729881,0.01967659503060755,1.4484730209644755e-05,0.5007776049766719
SM,201630,49617--sample_49617_k141_188936,0.020842552409326694,1.6499415918589008e-05,0.5011673151750973
SM,201630,49617--sample_49617_k141_242716,0.02575065792905436,2.5375324036218983e-05,0.5027322404371585
SM,201630,49618--sample_49618_k141_228596,0.01599246107681024,9.414324030805888e-06,0.49961210240496506
SM,201630,49633--sample_49633_k141_851659,0.020764400676397284,1.649940898048886e-05,0.5011673151750973
SM,201630,49640--sample_49640_k141_182877,0.02580850184130804,2.5324666602278934e-05,0.5027322404371585
SM,201630,49631--sample_49631_k141_825232,0.02202981466497412,1.8576181143268045e-05,0.5015576323987538
SM,201630,49617--sample_49617_k141_262021,0.019818371846871147,1.4307872980317216e-05,0.5007776049766719
SM,201630,49636--sample_49636_k141_1215698,0.014789774065199504,7.920775278003493e-06,0.4992248062015504
SM,201630,49617--sample_49617_k141_189712,0.02087460198466051,1.6419643749220847e-05,0.5011673151750973
SM,201630,49640--sample_49640_k141_235960,0.022208862570041968,1.8348452949797388e-05,0.5015576323987538
SM,201630,49618--sample_49618_k141_257690,0.020959638470777885,1.6308500113044263e-05,0.5011673151750973
SM,201630,49640--sample_49640_k141_178191,0.019736336394983255,1.4396815661067469e-05,0.5007776049766719
SM,201630,49631--sample_49631_k141_902653,0.01724972341039928,1.0959258314440192e-05,0.5
SM,201630,49617--sample_49617_k141_225320,0.02091228781632167,1.636505815131472e-05,0.5011673151750973
SM,201630,49641--sample_49641_k141_83077,0.019730417557892725,1.4434658680499676e-05,0.5007776049766719
SM,201630,49613--sample_49613_k141_22565,0.014656108630483135,8.030936916060108e-06,0.4992248062015504
SM,201630,49617--sample_49617_k141_184740,0.013529227440963376,6.609518022784222e-06,0.4988381099922541
SM,201630,49617--sample_49617_k141_227961,0.02207735313392575,1.8492212889849194e-05,0.5015576323987538
SM,201630,49618--sample_49618_k141_119045,0.0234417698433477,2.0515241418894752e-05,0.5019485580670304
SM,201630,49630--sample_49630_k141_199862,0.020898784609873197,1.6361847666162954e-05,0.5011673151750973
SM,201630,49617--sample_49617_k141_245533,0.018408877338016848,1.2660809843741456e-05,0.5003885003885004
SM,201630,49618--sample_49618_k141_171794,0.017243909970889763,1.0956076080589685e-05,0.5
SM,201630,49631--sample_49631_k141_1072308,0.022144599701215028,1.8385395352570686e-05,0.5015576323987538
SM,201630,49631--sample_49631_k141_496773,0.018377948258948687,1.2710016709625944e-05,0.5003885003885004
SM,201630,49617--sample_49617_k141_179071,0.019709284708401685,1.4442331255105308e-05,0.5007776049766719
SM,201630,49642--sample_49642_k141_462958,0.018326009820666726,1.2778949854181004e-05,0.5003885003885004
SM,201630,49613--sample_49613_k141_592411,0.017162723575418724,1.0994008010454144e-05,0.5
SM,201630,49616--sample_49616_k141_116937,0.02451717739072734,2.2916451110910737e-05,0.5023400936037441
SM,201630,49617--sample_49617_k141_269609,0.011073707526023099,4.319347186052748e-06,0.4980665119876257
SM,201630,49618--sample_49618_k141_46916,0.01844784287097781,1.265378990185533e-05,0.5003885003885004
SM,201630,49617--sample_49617_k141_191897,0.019629273603654625,1.4493341017921926e-05,0.5007776049766719
SM,201630,49635--sample_49635_k141_654849,0.017295418221348693,1.0904925168298313e-05,0.5
SM,201630,49617--sample_49617_k141_87358,0.02693715491297893,2.8029946100817656e-05,0.503125
SM,201630,49617--sample_49617_k141_35964,0.02449010146143801,2.297710479265031e-05,0.5023400936037441
SM,201630,49617--sample_49617_k141_93901,0.009878910300238465,3.3760622942804056e-06,0.4972972972972973
SM,201630,49613--sample_49613_k141_91953,0.017234550632059167,1.0940933672577553e-05,0.5
SM,201630,49631--sample_49631_k141_940378,0.023405143815230848,2.056039595899324e-05,0.5019485580670304
SM,201630,49617--sample_49617_k141_123358,0.019587294752996445,1.454690857134697e-05,0.5007776049766719
SM,201630,49631--sample_49631_k141_957429,0.022049307102613075,1.85716185119072e-05,0.5015576323987538
SM,201630,49631--sample_49631_k141_1029560,0.009812893300113921,3.3691305937382277e-06,0.49768160741885625
SM,201630,49635--sample_49635_k141_447707,0.013517610203374992,6.596202631308204e-06,0.4988381099922541
SM,201630,49617--sample_49617_k141_144175,0.02455064923879513,2.2901010263748537e-05,0.5023400936037441
SM,201630,49631--sample_49631_k141_253438,0.020847770072938036,1.6445240877282095e-05,0.5011673151750973
SM,201630,49631--sample_49631_k141_20889,0.018323705166269362,1.272299440372839e-05,0.5003885003885004
SM,201630,49631--sample_49631_k141_655218,0.020787726120154105,1.6538947424956342e-05,0.5011673151750973
SM,201630,49631--sample_49631_k141_816750,0.01733303055021259,1.082657765800222e-05,0.5
SM,201630,49633--sample_49633_k141_192674,0.017092602323000604,1.1088896511091395e-05,0.5
SM,201630,49631--sample_49631_k141_334345,0.014761069213567644,7.911463375185118e-06,0.4992248062015504
SM,201630,49638--sample_49638_k141_15595,0.019592787514741493,1.455247049771559e-05,0.5007776049766719
SM,201630,49638--sample_49638_k141_770173,0.022116089891486685,1.843200931452529e-05,0.5015576323987538
SM,201630,49631--sample_49631_k141_324547,0.018393035825813742,1.2660085596898619e-05,0.5003885003885004
SM,201630,49630--sample_49630_k141_887611,0.020847831033326138,1.6452689567298815e-05,0.5011673151750973
SM,201630,49618--sample_49618_k141_331372,0.018416479462128515,1.2674558712666807e-05,0.5003885003885004
SM,201630,49617--sample_49617_k141_251555,0.013479994926872144,6.676403899895777e-06,0.4988381099922541
SM,201630,49639--sample_49639_k141_508481,0.018562139544579106,1.255870493641605e-05,0.5003885003885004
SM,201630,49618--sample_49618_k141_213627,0.014756462416542658,7.925526809427647e-06,0.4992248062015504
SM,201630,49631--sample_49631_k141_664989,0.013430029967113972,6.6853045554802176e-06,0.4988381099922541
SM,201630,49613--sample_49613_k141_104397,0.01979156306672955,1.4321358047342293e-05,0.5007776049766719
SM,201630,49641--sample_49641_k141_373091,0.022063722639525586,1.8528463200437658e-05,0.5015576323987538
SM,201630,49613--sample_49613_k141_36228,0.018339395234826705,1.2720941391914815e-05,0.5003885003885004
SM,201630,49640--sample_49640_k141_106204,0.01599931403860105,9.362063567392721e-06,0.49961210240496506
SM,201630,49617--sample_49617_k141_184962,0.01979718607947355,1.4297510303095857e-05,0.5007776049766719
SM,201630,49631--sample_49631_k141_269963,0.01849429254260437,1.2602724040920395e-05,0.5003885003885004
SM,201630,49632--sample_49632_k141_266809,0.019765426572040137,1.4401140884829363e-05,0.5007776049766719
SM,201630,49613--sample_49613_k141_594659,0.01589418614687119,9.482526234991782e-06,0.49961210240496506
SM,201630,53598--sample_53598_k141_349839,0.01835808746899902,1.269948176311884e-05,0.5003885003885004
SM,201630,49617--sample_49617_k141_291128,0.020893558941174756,1.6352453383676395e-05,0.5011673151750973
SM,201630,49631--sample_49631_k141_846808,0.015956446784561165,9.407039832306724e-06,0.49961210240496506
SM,201630,49631--sample_49631_k141_766424,0.024488937462785517,2.3024490589709805e-05,0.5023400936037441
SM,201630,49617--sample_49617_k141_283587,0.020922647212523453,1.6345319697926346e-05,0.5011673151750973
SM,201630,53602--sample_53602_k141_377025,0.01710243651703323,1.1052118932942916e-05,0.5
SM,201630,49631--sample_49631_k141_730297,0.02339743457464947,2.0605022792268036e-05,0.5019485580670304
SM,201630,49615--sample_49615_k141_91147,0.019523222336570015,1.4603798862195794e-05,0.5007776049766719
SM,201630,49617--sample_49617_k141_299297,0.018595238832565246,1.2479551472192847e-05,0.5003885003885004
SM,201630,49631--sample_49631_k141_866898,0.020893138752782387,1.6344703595157852e-05,0.5011673151750973
SM,201630,49638--sample_49638_k141_452047,0.02084430227793471,1.644678760696108e-05,0.5011673151750973
SM,201630,49615--sample_49615_k141_133391,0.019729630365112796,1.4387894970664243e-05,0.5007776049766719
SM,201630,49617--sample_49617_k141_63508,0.022066626382105353,1.8458497494863537e-05,0.5015576323987538
SM,201630,53600--sample_53600_k141_59809,0.020686364787167063,1.6575628237754743e-05,0.5011673151750973
SM,201630,53600--sample_53600_k141_22783,0.02331712072045733,2.064582998966604e-05,0.5019485580670304
SM,201630,49640--sample_49640_k141_328655,0.01475447596262158,7.973253806841649e-06,0.4992248062015504
SM,201630,49633--sample_49633_k141_938818,0.02081233720452105,1.645727163778576e-05,0.5011673151750973
SM,201630,49630--sample_49630_k141_419823,0.02201311251524742,1.8588645981687733e-05,0.5015576323987538
SM,201630,49630--sample_49630_k141_177312,0.02210197031155208,1.847039532343843e-05,0.5015576323987538
SM,201630,49641--sample_49641_k141_614314,0.023269017406914727,2.0716053531411156e-05,0.5019485580670304
SM,201630,49642--sample_49642_k141_410126,0.014863441023601334,7.844438028944288e-06,0.4992248062015504
SM,201630,49617--sample_49617_k141_201511,0.018377105224749068,1.269134835060199e-05,0.5003885003885004
SM,201630,49617--sample_49617_k141_298815,0.02335843525653703,2.0606735301583478e-05,0.5019485580670304
SM,201630,49617--sample_49617_k141_61959,0.016013037278497698,9.336259063068732e-06,0.49961210240496506
SM,201630,49617--sample_49617_k141_66360,0.020918572913724072,1.6378842379081594e-05,0.5011673151750973
SM,201630,49631--sample_49631_k141_138255,0.01967316319571964,1.4541112249994881e-05,0.5007776049766719
SM,201630,49617--sample_49617_k141_30728,0.017195425704959508,1.0910143608205808e-05,0.5
SM,201630,49617--sample_49617_k141_262468,0.01964169971618908,1.446752355833283e-05,0.5007776049766719
SM,201630,49613--sample_49613_k141_620399,0.027127260666490256,2.7739147385215045e-05,0.503125
SM,201630,49631--sample_49631_k141_875953,0.01958773268134998,1.452362496602065e-05,0.5007776049766719
SM,201630,49617--sample_49617_k141_295732,0.0185244194142398,1.2539049236833706e-05,0.5003885003885004
SM,201630,49617--sample_49617_k141_178119,0.015999367218624515,9.391835502052877e-06,0.49961210240496506
SM,201630,49631--sample_49631_k141_30093,0.020787698754427274,1.6462916994668535e-05,0.5011673151750973
SM,201630,49631--sample_49631_k141_269216,0.019617861861551462,1.4454533199697611e-05,0.5007776049766719
SM,201630,49631--sample_49631_k141_1008652,0.0169762371102076,1.1157782138079727e-05,0.5
SM,201630,49617--sample_49617_k141_280480,0.02077861684154483,1.65002113459282e-05,0.5011673151750973
SM,201630,49630--sample_49630_k141_409200,0.018559630071489346,1.254546823611591e-05,0.5003885003885004
SM,201630,49617--sample_49617_k141_276013,0.01847747424716322,1.2650411725527365e-05,0.5003885003885004
SM,201630,49631--sample_49631_k141_709042,0.01726850088892248,1.0855534915131956e-05,0.5
SM,201630,53600--sample_53600_k141_348427,0.015901652606455964,9.38940199657698e-06,0.49961210240496506
SM,201630,49617--sample_49617_k141_26213,0.023511779875623567,2.041509083762124e-05,0.5019485580670304
SM,201630,49617--sample_49617_k141_195700,0.01727224915660122,1.0918695206123988e-05,0.5
SM,201630,49631--sample_49631_k141_581899,0.01832159500635315,1.2761317663210486e-05,0.5003885003885004
SM,201630,49642--sample_49642_k141_628483,0.024602055867960475,2.280927695855319e-05,0.5023400936037441
SM,201630,49613--sample_49613_k141_532078,0.017116039178886475,1.106153497859495e-05,0.5
SM,201630,49638--sample_49638_k141_599206,0.022191997363799808,1.8292280914278642e-05,0.5015576323987538
SM,201630,49617--sample_49617_k141_150679,0.01713386296589604,1.1030030836158348e-05,0.5
SM,201630,49631--sample_49631_k141_1053996,0.02196412194999489,1.8652045457269632e-05,0.5015576323987538
SM,201630,49617--sample_49617_k141_167811,0.01840989436194825,1.2630535939561132e-05,0.5003885003885004
SM,201630,49616--sample_49616_k141_193497,0.0160210435376391,9.348709911111539e-06,0.49961210240496506
SM,201630,49617--sample_49617_k141_24004,0.025786206423535404,2.5337063600047868e-05,0.5027322404371585
SM,201630,49617--sample_49617_k141_77130,0.01845348568901892,1.2585059491461656e-05,0.5003885003885004
SM,201630,49631--sample_49631_k141_743481,0.020951948665330223,1.6284277661574934e-05,0.5011673151750973
SM,201630,49640--sample_49640_k141_592906,0.012324566014983315,5.3648849876631226e-06,0.4984520123839009
SM,201630,49639--sample_49639_k141_495848,0.01853038036110275,1.2610561586020335e-05,0.5003885003885004
SM,201630,49631--sample_49631_k141_862268,0.017203726964674634,1.0928157790899556e-05,0.5
SM,201630,49642--sample_49642_k141_581549,0.02098893091097855,1.6268331610825223e-05,0.5011673151750973
SM,201630,49631--sample_49631_k141_1007009,0.01723108907179243,1.0952252670972537e-05,0.5
SM,201630,49619--sample_49619_k141_441181,0.014746217054817835,7.963566198181066e-06,0.4992248062015504
SM,201630,49631--sample_49631_k141_292675,0.025796894873091118,2.5291025057102727e-05,0.5027322404371585
SM,201630,49630--sample_49630_k141_849450,0.02218340737055391,1.835436163963869e-05,0.5015576323987538
SM,201630,49617--sample_49617_k141_278168,0.02084684758786031,1.6460249395573032e-05,0.5011673151750973
SM,201630,49613--sample_49613_k141_231441,0.01823305225159098,1.2794881439515393e-05,0.5003885003885004
SM,201630,49631--sample_49631_k141_702721,0.020911354134111923,1.630244058600016e-05,0.5011673151750973
SM,201630,49640--sample_49640_k141_152891,0.015842726881008788,9.43996930443159e-06,0.49961210240496506
SM,201630,49641--sample_49641_k141_488055,0.018449116125625036,1.2609328783607786e-05,0.5003885003885004
SM,201630,49640--sample_49640_k141_323313,0.018382051146603132,1.2708678625255224e-05,0.5003885003885004
SM,201630,49631--sample_49631_k141_1041242,0.02084945748464889,1.640810554104677e-05,0.5011673151750973
SM,201630,49618--sample_49618_k141_137535,0.017194877425649364,1.0992856126207087e-05,0.5
SM,201630,49633--sample_49633_k141_1083728,0.023320218899790357,2.0612529723076596e-05,0.5019485580670304
SM,201630,49632--sample_49632_k141_1004910,0.017202350370911324,1.0980092327807556e-05,0.5
SM,201630,49618--sample_49618_k141_23248,0.019734777619063903,1.4392931020549343e-05,0.5007776049766719
SM,201630,49617--sample_49617_k141_72135,0.02581202892865398,2.5337147987643832e-05,0.5027322404371585
SM,201630,49613--sample_49613_k141_461896,0.016057250500717317,9.342987388240848e-06,0.49961210240496506
SM,201630,49617--sample_49617_k141_86405,0.014759662535776779,7.970338999587177e-06,0.4992248062015504
SM,201630,49613--sample_49613_k141_165938,0.020888759184634304,1.6389005955520462e-05,0.5011673151750973
SM,201630,49631--sample_49631_k141_563528,0.018556875035420736,1.2536249849342438e-05,0.5003885003885004
SM,201630,49617--sample_49617_k141_160378,0.02086603145615937,1.641204676245886e-05,0.5011673151750973
SM,201630,49613--sample_49613_k141_682459,0.023377727536800126,2.055946432211864e-05,0.5019485580670304
SM,201630,49617--sample_49617_k141_61118,0.02200684445134383,1.8575928320385963e-05,0.5015576323987538
SM,201630,49630--sample_49630_k141_343998,0.025790341197996842,2.5342096553964404e-05,0.5027322404371585
SM,201630,49617--sample_49617_k141_127335,0.020955679987790753,1.6288345319056997e-05,0.5011673151750973
SM,201630,49630--sample_49630_k141_90873,0.020972069940155387,1.6281248726582183e-05,0.5011673151750973
SM,201630,49618--sample_49618_k141_299160,0.02457257509878573,2.289887136974571e-05,0.5023400936037441
SM,201630,49631--sample_49631_k141_167697,0.019664440117704518,1.4418628647145594e-05,0.5007776049766719
SM,201630,49631--sample_49631_k141_569685,0.019598471543284188,1.45115741898478e-05,0.5007776049766719
SM,201630,49631--sample_49631_k141_148696,0.012265524299406192,5.455793678810536e-06,0.4984520123839009
SM,201630,49617--sample_49617_k141_282111,0.022267388747938346,1.8279996198251612e-05,0.5015576323987538
SM,201630,49617--sample_49617_k141_285407,0.015928110653965127,9.42288083060973e-06,0.49961210240496506
SM,201630,49641--sample_49641_k141_284676,0.01838645438015417,1.2692186706135639e-05,0.5003885003885004
SM,201630,49617--sample_49617_k141_41126,0.02462691151771079,2.2807336754494e-05,0.5023400936037441
SM,201630,49618--sample_49618_k141_58082,0.020794500645774063,1.6526499658616837e-05,0.5011673151750973
SM,201630,Sample_49638_5,0.13278291925407953,0.033502107714552025,0.5333333333333333
SM,201630,Sample_49629_9.1,0.13508382551015224,0.035182677779959454,0.540041928721174
SM,201630,Sample_49628_42,0.13094759739652542,0.03455379783703028,0.5333333333333333
SM,201630,Sample_49624_11,0.1343173425175559,0.035575857565330035,0.540041928721174
SM,201630,Sample_49615_24,0.1390851190375874,0.03773589458854553,0.5506626763574177
SM,201630,Sample_49624_46,0.13062788064826938,0.03341480810448264,0.530696332921302
SM,201630,49622_ma_contigs,0.13572727458310477,0.03612478892543955,0.5427728613569321
SM,201630,Sample_49625_12,0.13423304631945676,0.034330264059324885,0.5368903709879116
SM,201630,Sample_49613_26,0.13226392536865644,0.03461469806801503,0.5351059410054009
SM,201630,Sample_49613_25,0.13545353488170933,0.0354039578245152,0.5409491810163797
SM,201630,Sample_49628_25.1,0.13236385286205982,0.03347740674110501,0.5328920148944973
SM,201630,Sample_49625_10,0.13971950163324293,0.03831407779410827,0.5530270502361528
SM,201630,Sample_49615_26.2,0.13017305561651732,0.03267452890160002,0.5285186704965121
SM,201630,Sample_49628_33.1,0.13215287499313183,0.03431162101971949,0.5342181667357943
SM,201630,Sample_49615_13,0.12927649063084617,0.03172148141379859,0.525499796001632
SM,201630,Sample_49625_6,0.12919862454223943,0.0326007992586169,0.5272206303724928
SM,201630,Sample_49618_9,0.13191716674745851,0.033632094198796425,0.5328920148944973
SM,201630,Sample_49618_42,0.13126090300777712,0.033504648181588444,0.5315724308708213
SM,201630,Sample_49618_8,0.1278261833413768,0.032102338378672705,0.5246435845213849
SM,201630,Sample_49625_17,0.13431588623724647,0.03595496257887996,0.5404951741502309
SM,201630,Sample_49618_50,0.13728155281788817,0.03632965072885984,0.5450698264917477
SM,201630,Sample_49613_28,0.1355195398502306,0.03596060624097284,0.5423157894736842
SM,201630,Sample_49628_55,0.1403410964896197,0.03862233887200858,0.5544554455445545
SM,201630,Sample_49624_8,0.13181584873444208,0.03527569380478277,0.5355509355509356
SM,201630,Sample_49628_40,0.13760212027882984,0.03630257814380496,0.5459940652818991
SM,201630,Sample_49615_5.1,0.13348904797772906,0.03534495130038512,0.5377870563674322
SM,201630,Sample_49615_20,0.13314816454662093,0.03493679297467387,0.5368903709879116
SM,201630,Sample_49618_39.1,0.13261825636674024,0.035273836388386604,0.5368903709879116
