Method,Number of Swaps,Node,Eigenvector Centrality,Betweenness Centrality,Closeness Centrality
SM,201630,49614--sample_49614_k141_1366290,0.01847269822126431,1.2628731199022668e-05,0.5003885003885004
SM,201630,49614--sample_49614_k141_1673869,0.022114109883852717,1.8470924007638704e-05,0.5015576323987538
SM,201630,49614--sample_49614_k141_361656,0.01962468143396214,1.4485058299635687e-05,0.5007776049766719
SM,201630,49614--sample_49614_k141_1427871,0.018499306864215095,1.2625708378484311e-05,0.5003885003885004
SM,201630,49614--sample_49614_k141_1684910,0.017253591179225383,1.0922256262665603e-05,0.5
SM,201630,49614--sample_49614_k141_1888333,0.022194010629797353,1.839358249128067e-05,0.5015576323987538
SM,201630,49614--sample_49614_k141_1420726,0.022079573073703875,1.8505330775281317e-05,0.5015576323987538
SM,201630,49614--sample_49614_k141_1263971,0.019569710891499465,1.4545730386695425e-05,0.5007776049766719
SM,201630,49614--sample_49614_k141_1030954,0.022240566512472772,1.8289420725975625e-05,0.5015576323987538
SM,201630,49614--sample_49614_k141_1613401,0.01716227118511411,1.098452605617323e-05,0.5
SM,201630,49614--sample_49614_k141_1358288,0.01964336624163271,1.447424418591049e-05,0.5007776049766719
SM,201630,49614--sample_49614_k141_1030670,0.013616019887234198,6.549769741036568e-06,0.4988381099922541
SM,201630,49614--sample_49614_k141_1820688,0.020876560817219135,1.640871156752572e-05,0.5011673151750973
SM,201630,49614--sample_49614_k141_1487501,0.02462909152037331,2.2844786407934778e-05,0.5023400936037441
SM,201630,49614--sample_49614_k141_1651093,0.017177292524116046,1.1028642170675707e-05,0.5
SM,201630,49614--sample_49614_k141_1675793,0.02101585532905583,1.624433278807795e-05,0.5011673151750973
SM,201630,49614--sample_49614_k141_942127,0.024556397103051974,2.2957122846010935e-05,0.5023400936037441
SM,201630,49614--sample_49614_k141_656736,0.015814535543666422,9.521383107520677e-06,0.49961210240496506
SM,201630,49614--sample_49614_k141_1678667,0.013449063015575524,6.686631504909995e-06,0.4988381099922541
SM,201630,49614--sample_49614_k141_1943765,0.015898624708211708,9.466915506195455e-06,0.49961210240496506
SM,201630,49614--sample_49614_k141_1816064,0.023239002116607548,2.0794012485509904e-05,0.5019485580670304
SM,201630,49614--sample_49614_k141_149411,0.01959057083179219,1.4509829949214545e-05,0.5007776049766719
SM,201630,49614--sample_49614_k141_1996265,0.01835556947835589,1.2737107561263485e-05,0.5003885003885004
SM,201630,49614--sample_49614_k141_1502755,0.01470962249575358,7.985475080750946e-06,0.4992248062015504
SM,201630,49614--sample_49614_k141_259366,0.01845439019564749,1.260542631043746e-05,0.5003885003885004
SM,201630,49614--sample_49614_k141_75054,0.01828623132983261,1.2768504748526457e-05,0.5003885003885004
SM,201630,49614--sample_49614_k141_2139,0.020957352731419406,1.6337668447548096e-05,0.5011673151750973
SM,201630,49614--sample_49614_k141_823274,0.019691282367544718,1.4486561722123927e-05,0.5007776049766719
SM,201630,49614--sample_49614_k141_1735709,0.01597879002429303,9.42033750015868e-06,0.49961210240496506
SM,201630,49614--sample_49614_k141_762662,0.014829490362207506,7.901338682722265e-06,0.4992248062015504
SM,201630,49614--sample_49614_k141_1698348,0.018487928246266203,1.263120269789326e-05,0.5003885003885004
SM,201630,49614--sample_49614_k141_1641869,0.02069252067672402,1.6614104354981837e-05,0.5011673151750973
SM,201630,49614--sample_49614_k141_262368,0.022141894835641548,1.8448199028889785e-05,0.5015576323987538
SM,201630,49614--sample_49614_k141_611934,0.02094864830634187,1.6343341817029782e-05,0.5011673151750973
SM,201630,49614--sample_49614_k141_405366,0.016081226062785652,9.334724389695329e-06,0.49961210240496506
SM,201630,49614--sample_49614_k141_1298515,0.014743014036811242,7.996523874253994e-06,0.4992248062015504
SM,201630,49614--sample_49614_k141_1081030,0.024621117652293353,2.2844050087548103e-05,0.5023400936037441
SM,201630,49614--sample_49614_k141_1494757,0.014808964363442912,7.884310740825559e-06,0.4992248062015504
SM,201630,49614--sample_49614_k141_228945,0.016030593816611486,9.408504844741629e-06,0.49961210240496506
SM,201630,49614--sample_49614_k141_651585,0.020894121263515884,1.6402145689451754e-05,0.5011673151750973
SM,201630,49614--sample_49614_k141_1667848,0.017109023850306705,1.1103603377518453e-05,0.5
SM,201630,49614--sample_49614_k141_1582181,0.019629076945698314,1.4514833027356607e-05,0.5007776049766719
SM,201630,49614--sample_49614_k141_888599,0.0184506942334215,1.2648590972588802e-05,0.5003885003885004
SM,201630,49614--sample_49614_k141_589501,0.017170896502947376,1.1006792175464113e-05,0.5
SM,201630,49614--sample_49614_k141_1751193,0.017239669147385586,1.0964218081931246e-05,0.5
SM,201630,49614--sample_49614_k141_1297148,0.01964419973960399,1.4507294610009967e-05,0.5007776049766719
SM,201630,49614--sample_49614_k141_2279922,0.025950029797066006,2.5181642816516892e-05,0.5027322404371585
SM,201630,49614--sample_49614_k141_311416,0.018454249309612692,1.2700090576508139e-05,0.5003885003885004
SM,201630,49614--sample_49614_k141_401001,0.01727956654390571,1.0940471894191893e-05,0.5
SM,201630,49614--sample_49614_k141_1969311,0.01605221358827536,9.353225665855153e-06,0.49961210240496506
SM,201630,49614--sample_49614_k141_239722,0.02090562841319072,1.6382169907771622e-05,0.5011673151750973
SM,201630,49614--sample_49614_k141_714468,0.017204394663951232,1.0927098548083648e-05,0.5
SM,201630,49614--sample_49614_k141_1994231,0.017270939067669033,1.0947933418368717e-05,0.5
SM,201630,49614--sample_49614_k141_2178769,0.024669822872655303,2.2823355289434952e-05,0.5023400936037441
SM,201630,49614--sample_49614_k141_461285,0.02447091902835951,2.305927041876299e-05,0.5023400936037441
SM,201630,49614--sample_49614_k141_872999,0.019610506591153674,1.455603646564525e-05,0.5007776049766719
SM,201630,49614--sample_49614_k141_60460,0.019594447824613108,1.4526816153049363e-05,0.5007776049766719
SM,201630,49614--sample_49614_k141_2173118,0.014560045064224338,8.110326105491247e-06,0.4992248062015504
SM,201630,49614--sample_49614_k141_1230032,0.020989189819144424,1.629885460288529e-05,0.5011673151750973
SM,201630,49614--sample_49614_k141_2164689,0.018449942800837754,1.2641750648922527e-05,0.5003885003885004
SM,201630,49614--sample_49614_k141_153009,0.019466158631585868,1.467899540379674e-05,0.5007776049766719
SM,201630,49614--sample_49614_k141_38739,0.017029310670047555,1.1105332995694895e-05,0.5
SM,201630,49614--sample_49614_k141_978190,0.01734151489126086,1.086570927253093e-05,0.5
SM,201630,49614--sample_49614_k141_1331948,0.017296014854713885,1.087289968945033e-05,0.5
SM,201630,49614--sample_49614_k141_736090,0.01483725316467561,7.903522828464135e-06,0.4992248062015504
SM,201630,49614--sample_49614_k141_693752,0.012241837960427692,5.483482635287571e-06,0.4984520123839009
SM,201630,49614--sample_49614_k141_768537,0.022148769674806307,1.8424395754321314e-05,0.5015576323987538
SM,201630,49614--sample_49614_k141_1297508,0.024590285562550124,2.2915434839905592e-05,0.5023400936037441
SM,201630,49614--sample_49614_k141_1820469,0.019646171541054604,1.4493133969194769e-05,0.5007776049766719
SM,201630,49614--sample_49614_k141_983271,0.014599594853115676,8.092594606803695e-06,0.4992248062015504
SM,201630,49614--sample_49614_k141_1706254,0.02698795485345444,2.7987705480693312e-05,0.503125
SM,201630,49614--sample_49614_k141_2143008,0.01854069506630221,1.2573886122143625e-05,0.5003885003885004
SM,201630,49614--sample_49614_k141_917802,0.019670797035740834,1.4468519997276818e-05,0.5007776049766719
SM,201630,49614--sample_49614_k141_1082226,0.018380909275580445,1.2758357295600802e-05,0.5003885003885004
SM,201630,49614--sample_49614_k141_2049411,0.01364620932756615,6.564882566723488e-06,0.4988381099922541
SM,201630,49614--sample_49614_k141_1581344,0.023272533311396438,2.0702156376820583e-05,0.5019485580670304
SM,201630,49614--sample_49614_k141_625148,0.023344082330228905,2.0640356463900026e-05,0.5019485580670304
SM,201630,49614--sample_49614_k141_1609489,0.018546818482538703,1.2554866407186072e-05,0.5003885003885004
SM,201630,49614--sample_49614_k141_65000,0.02078910892752634,1.6527538425516333e-05,0.5011673151750973
SM,201630,49614--sample_49614_k141_301897,0.016104065798991346,9.326427360189283e-06,0.49961210240496506
SM,201630,49614--sample_49614_k141_1808202,0.01613228201538466,9.310721852792668e-06,0.49961210240496506
SM,201630,49614--sample_49614_k141_455871,0.022088657563417775,1.8519989081434268e-05,0.5015576323987538
SM,201630,49614--sample_49614_k141_1432154,0.01953968729330455,1.4584256074056766e-05,0.5007776049766719
SM,201630,49614--sample_49614_k141_974705,0.01853842982629054,1.2585980898470966e-05,0.5003885003885004
SM,201630,49614--sample_49614_k141_945712,0.02465696182545948,2.2895303540745575e-05,0.5023400936037441
SM,201630,49614--sample_49614_k141_82393,0.02344007628321478,2.0502448009149545e-05,0.5019485580670304
SM,201630,49614--sample_49614_k141_1302202,0.01853174103361701,1.255600177255523e-05,0.5003885003885004
SM,201630,49614--sample_49614_k141_290227,0.02221407701868762,1.8303165418028444e-05,0.5015576323987538
SM,201630,49614--sample_49614_k141_2198304,0.020842157918579175,1.6464339629166316e-05,0.5011673151750973
SM,201630,49614--sample_49614_k141_1239175,0.027013365955879023,2.7924160365152366e-05,0.503125
SM,201630,49614--sample_49614_k141_581161,0.023394966560236898,2.0604156678257663e-05,0.5019485580670304
SM,201630,49614--sample_49614_k141_1129144,0.020785488019199556,1.6564278444364522e-05,0.5011673151750973
SM,201630,49614--sample_49614_k141_517086,0.014851579572755954,7.836015773087857e-06,0.4992248062015504
SM,201630,49614--sample_49614_k141_734937,0.021084173470930844,1.6244120042985727e-05,0.5011673151750973
SM,201630,49614--sample_49614_k141_1636650,0.01957617202808113,1.450481711703653e-05,0.5007776049766719
SM,201630,49614--sample_49614_k141_1173914,0.018379594856348935,1.2699477009926884e-05,0.5003885003885004
SM,201630,49614--sample_49614_k141_945388,0.01475643709632035,7.98286734685945e-06,0.4992248062015504
SM,201630,49614--sample_49614_k141_518814,0.020790760422861657,1.6436490264017293e-05,0.5011673151750973
SM,201630,49614--sample_49614_k141_1499111,0.01713957205611717,1.1090876786862895e-05,0.5
SM,201630,49614--sample_49614_k141_1431,0.012177991480069662,5.481739565740657e-06,0.4980665119876257
SM,201630,49614--sample_49614_k141_2129664,0.018326304648381298,1.2747384847037844e-05,0.5003885003885004
SM,201630,49614--sample_49614_k141_1838286,0.01601149188209764,9.38017952934212e-06,0.49961210240496506
SM,201630,49614--sample_49614_k141_533429,0.026931799470524775,2.7985702355581525e-05,0.503125
SM,201630,49614--sample_49614_k141_1809878,0.018377329816228027,1.2740823342336802e-05,0.5003885003885004
SM,201630,49614--sample_49614_k141_924335,0.012270145589924645,5.438777044821427e-06,0.4984520123839009
SM,201630,49614--sample_49614_k141_575385,0.023367791879083794,2.0634207048025998e-05,0.5019485580670304
SM,201630,49614--sample_49614_k141_1317799,0.014801229663412812,7.924680860861017e-06,0.4992248062015504
SM,201630,49614--sample_49614_k141_1611182,0.01730490196972732,1.090524708134815e-05,0.5
SM,201630,49614--sample_49614_k141_330023,0.020978936998952733,1.635440920038343e-05,0.5011673151750973
SM,201630,49614--sample_49614_k141_918242,0.017137373763007408,1.1039703167936745e-05,0.5
SM,201630,49614--sample_49614_k141_2021145,0.021017899505734926,1.6219032014065666e-05,0.5011673151750973
SM,201630,49614--sample_49614_k141_1050375,0.022149458947664055,1.8461052038842733e-05,0.5015576323987538
SM,201630,49614--sample_49614_k141_248429,0.016086516183567264,9.34493584634357e-06,0.49961210240496506
SM,201630,49614--sample_49614_k141_2013565,0.012105816840931306,5.515146371567e-06,0.4984520123839009
SM,201630,49614--sample_49614_k141_1607582,0.0196712753020045,1.4420907735194947e-05,0.5007776049766719
SM,201630,49614--sample_49614_k141_3196,0.018548701584814507,1.2602827628282672e-05,0.5003885003885004
SM,201630,49614--sample_49614_k141_134781,0.017253215935198685,1.0968226708437682e-05,0.5
SM,201630,49614--sample_49614_k141_519892,0.017246934864708838,1.0953714409293184e-05,0.5
SM,201630,49614--sample_49614_k141_1887436,0.026911484754673427,2.802187908315297e-05,0.503125
SM,201630,49614--sample_49614_k141_1615394,0.02210836885717109,1.8452454485570023e-05,0.5015576323987538
SM,201630,49614--sample_49614_k141_4744,0.012315475822502604,5.436371451476239e-06,0.4984520123839009
SM,201630,49614--sample_49614_k141_1820321,0.02221765496254678,1.8374292023970276e-05,0.5015576323987538
SM,201630,49614--sample_49614_k141_806895,0.01730743898774942,1.0864413334966498e-05,0.5
SM,201630,49614--sample_49614_k141_541379,0.019642528310692034,1.4532113131973154e-05,0.5007776049766719
SM,201630,49614--sample_49614_k141_1890593,0.025860108539083475,2.5272020446358793e-05,0.5027322404371585
SM,201630,49614--sample_49614_k141_590446,0.023325073787117224,2.0609581612710398e-05,0.5019485580670304
SM,201630,49614--sample_49614_k141_1777190,0.01707906946788113,1.1053183793297526e-05,0.5
SM,201630,49614--sample_49614_k141_1243219,0.023420885694140272,2.0576493505034548e-05,0.5019485580670304
SM,201630,49614--sample_49614_k141_2043775,0.022042985287463793,1.85172478315291e-05,0.5015576323987538
SM,201630,49614--sample_49614_k141_1387687,0.019616958850584003,1.448657510504987e-05,0.5007776049766719
SM,201630,49614--sample_49614_k141_2306863,0.01600209914519659,9.36941023757231e-06,0.49961210240496506
SM,201630,49614--sample_49614_k141_1359850,0.01715273393615119,1.1069902567271964e-05,0.5
SM,201630,49614--sample_49614_k141_559284,0.01845647146490631,1.2704152284236916e-05,0.5003885003885004
SM,201630,49614--sample_49614_k141_2091805,0.016054176210613953,9.364444290721393e-06,0.49961210240496506
SM,201630,49614--sample_49614_k141_834841,0.01241622283975877,5.363737700113473e-06,0.4984520123839009
SM,201630,49614--sample_49614_k141_135183,0.019527841315560915,1.456388122326388e-05,0.5007776049766719
SM,201630,49614--sample_49614_k141_271904,0.020965395954354916,1.6373955054542274e-05,0.5011673151750973
SM,201630,49614--sample_49614_k141_2240088,0.0221171146928583,1.8462870109099528e-05,0.5015576323987538
SM,201630,49614--sample_49614_k141_838838,0.014773748137720847,7.975221570217571e-06,0.4992248062015504
SM,201630,49614--sample_49614_k141_331421,0.020869081574240726,1.6429848325252552e-05,0.5011673151750973
SM,201630,49614--sample_49614_k141_1716839,0.0246000504656133,2.2931008788660183e-05,0.5023400936037441
SM,201630,49614--sample_49614_k141_1819997,0.023288774900117912,2.0721547823387226e-05,0.5019485580670304
SM,201630,49614--sample_49614_k141_1586341,0.01960952761568433,1.4533483553506249e-05,0.5007776049766719
SM,201630,49614--sample_49614_k141_2131776,0.013612813213002183,6.554506235191103e-06,0.4984520123839009
SM,201630,49614--sample_49614_k141_1339374,0.018453850541652862,1.2632775935932818e-05,0.5003885003885004
SM,201630,49614--sample_49614_k141_31048,0.02952181259052642,3.331656984988935e-05,0.5039123630672926
SM,201630,49614--sample_49614_k141_1871025,0.021017009402640157,1.6266266407954734e-05,0.5011673151750973
SM,201630,49614--sample_49614_k141_995602,0.021007871955237133,1.6300565244000036e-05,0.5011673151750973
SM,201630,49614--sample_49614_k141_459191,0.022229405563468654,1.8390954502822103e-05,0.5015576323987538
SM,201630,49614--sample_49614_k141_1160020,0.020870367777145113,1.6410933928989998e-05,0.5011673151750973
SM,201630,49614--sample_49614_k141_871051,0.02585955460905341,2.5282418242426613e-05,0.5027322404371585
SM,201630,49614--sample_49614_k141_1387103,0.01835574024683274,1.2724791206090922e-05,0.5003885003885004
SM,201630,49614--sample_49614_k141_70929,0.01602499949176487,9.347597598051114e-06,0.49961210240496506
SM,201630,49614--sample_49614_k141_674158,0.013607405932831926,6.606350516837421e-06,0.4988381099922541
SM,201630,49614--sample_49614_k141_148117,0.018491926703921614,1.2575352948202212e-05,0.5003885003885004
SM,201630,49614--sample_49614_k141_2202806,0.018358945340911256,1.27205508985007e-05,0.5003885003885004
SM,201630,49614--sample_49614_k141_2190878,0.016123544208202705,9.293671038569138e-06,0.49961210240496506
SM,201630,49614--sample_49614_k141_1326880,0.014791970200198219,7.940466350012984e-06,0.4992248062015504
SM,201630,49614--sample_49614_k141_2097207,0.02340461865396757,2.060040721026737e-05,0.5019485580670304
SM,201630,49614--sample_49614_k141_325554,0.02087812453910076,1.6441131379661765e-05,0.5011673151750973
SM,201630,49614--sample_49614_k141_658929,0.021035735230335494,1.6248335251910198e-05,0.5011673151750973
SM,201630,49614--sample_49614_k141_844689,0.018368497658360187,1.2722864901830576e-05,0.5003885003885004
SM,201630,49614--sample_49614_k141_1178427,0.018380849481529408,1.2764243127117812e-05,0.5003885003885004
SM,201630,49614--sample_49614_k141_924455,0.02084181341660309,1.6435198063619733e-05,0.5011673151750973
SM,201630,49614--sample_49614_k141_548218,0.019606419096288862,1.4483642342122651e-05,0.5007776049766719
SM,201630,49614--sample_49614_k141_157529,0.016114021243333693,9.339541775034159e-06,0.49961210240496506
SM,201630,49614--sample_49614_k141_1043792,0.020836106503454823,1.6516365683004533e-05,0.5011673151750973
SM,201630,49614--sample_49614_k141_282500,0.015983801421278247,9.450555536783721e-06,0.49961210240496506
SM,201630,49614--sample_49614_k141_1047512,0.014750000828998456,7.952716366878968e-06,0.4992248062015504
SM,201630,49614--sample_49614_k141_1812456,0.020808287103852935,1.649880078881375e-05,0.5011673151750973
SM,201630,49614--sample_49614_k141_991277,0.011140125093433354,4.273004705646507e-06,0.49768160741885625
SM,201630,49614--sample_49614_k141_2155159,0.014755300201118746,7.952507635369776e-06,0.4992248062015504
SM,201630,49614--sample_49614_k141_1515117,0.024444925407395127,2.3108706199327226e-05,0.5023400936037441
SM,201630,49614--sample_49614_k141_1610034,0.01590672679823186,9.470882017589244e-06,0.49961210240496506
SM,201630,49614--sample_49614_k141_438690,0.020783328019538826,1.6498339803200325e-05,0.5011673151750973
SM,201630,49614--sample_49614_k141_2037150,0.013479136527119549,6.658040255243972e-06,0.4988381099922541
SM,201630,49614--sample_49614_k141_67510,0.016033604946806387,9.329952046912545e-06,0.49961210240496506
SM,201630,49614--sample_49614_k141_1822828,0.02215330437505956,1.842820700259293e-05,0.5015576323987538
SM,201630,49614--sample_49614_k141_2097969,0.019632317817020694,1.4537635411738532e-05,0.5007776049766719
SM,201630,49614--sample_49614_k141_2301029,0.022121426712296274,1.8452099385754525e-05,0.5015576323987538
SM,201630,49614--sample_49614_k141_2118289,0.01965995637414061,1.4442150667903506e-05,0.5007776049766719
SM,201630,49614--sample_49614_k141_1139755,0.02091586662006093,1.637431256837206e-05,0.5011673151750973
SM,201630,49614--sample_49614_k141_1080344,0.01848472903266462,1.2627257916137692e-05,0.5003885003885004
SM,201630,49614--sample_49614_k141_1880545,0.019646923627107318,1.453157380379929e-05,0.5007776049766719
SM,201630,49614--sample_49614_k141_326091,0.014814205112328048,7.886790513851284e-06,0.4992248062015504
SM,201630,49614--sample_49614_k141_1735259,0.01967915814097156,1.4418849406202274e-05,0.5007776049766719
SM,201630,49614--sample_49614_k141_2139246,0.01727752713851667,1.0946528927032511e-05,0.5
SM,201630,49614--sample_49614_k141_178616,0.022226797352666878,1.833736582132603e-05,0.5015576323987538
SM,201630,49614--sample_49614_k141_759014,0.019631164995555145,1.4505426362222762e-05,0.5007776049766719
SM,201630,49614--sample_49614_k141_2133054,0.02333564681982784,2.0719517807565403e-05,0.5019485580670304
SM,201630,49614--sample_49614_k141_31529,0.024582916691899194,2.2971472013594962e-05,0.5023400936037441
SM,201630,49614--sample_49614_k141_2215540,0.020890337482827,1.6442711931603584e-05,0.5011673151750973
SM,201630,49614--sample_49614_k141_1884003,0.016027960961372625,9.347023814895193e-06,0.49961210240496506
SM,201630,49614--sample_49614_k141_1264935,0.01606063646925613,9.360056079320868e-06,0.49961210240496506
SM,201630,49614--sample_49614_k141_2180922,0.019643646959646727,1.4469263455987284e-05,0.5007776049766719
SM,201630,49614--sample_49614_k141_111426,0.02086725151564036,1.649962062593366e-05,0.5011673151750973
SM,201630,49614--sample_49614_k141_1220811,0.020953196745574405,1.6347512715458046e-05,0.5011673151750973
SM,201630,49614--sample_49614_k141_1429385,0.019718954070648345,1.444622801748677e-05,0.5007776049766719
SM,201630,49614--sample_49614_k141_1044103,0.02087505705431796,1.642351713588763e-05,0.5011673151750973
SM,201630,49614--sample_49614_k141_382567,0.025755774251057285,2.54211307805785e-05,0.5027322404371585
SM,201630,49614--sample_49614_k141_1960330,0.018590215626487383,1.2531125508997344e-05,0.5003885003885004
SM,201630,49614--sample_49614_k141_1204302,0.02085535859467184,1.6469416694000656e-05,0.5011673151750973
SM,201630,49614--sample_49614_k141_1362863,0.01721693225713633,1.091474454819247e-05,0.5
SM,201630,49614--sample_49614_k141_562944,0.019669532514341982,1.4434926050660545e-05,0.5007776049766719
SM,201630,49614--sample_49614_k141_267755,0.018329425872299587,1.2731426633684322e-05,0.5003885003885004
SM,201630,49614--sample_49614_k141_1049069,0.014758522420292262,7.931432011348118e-06,0.4992248062015504
SM,201630,49614--sample_49614_k141_2236854,0.018411041888241983,1.2657308284409054e-05,0.5003885003885004
SM,201630,49614--sample_49614_k141_345881,0.018243900365415,1.2809517526871539e-05,0.5003885003885004
SM,201630,49614--sample_49614_k141_1709526,0.023330015302156858,2.061326310377217e-05,0.5019485580670304
SM,201630,49614--sample_49614_k141_1273134,0.019671295602170378,1.4514976414741436e-05,0.5007776049766719
SM,201630,49614--sample_49614_k141_1003738,0.023361628072056856,2.0595316099612348e-05,0.5019485580670304
SM,201630,49614--sample_49614_k141_155685,0.018493211316866022,1.2564125407640581e-05,0.5003885003885004
SM,201630,49614--sample_49614_k141_799411,0.017343447898017728,1.0862706792798237e-05,0.5
SM,201630,49614--sample_49614_k141_1876905,0.022201193475738075,1.835650602013239e-05,0.5015576323987538
SM,201630,49614--sample_49614_k141_6229,0.0234447045135725,2.0525850978543407e-05,0.5019485580670304
SM,201630,49614--sample_49614_k141_899836,0.013570491462808613,6.642905426459907e-06,0.4988381099922541
SM,201630,49614--sample_49614_k141_262877,0.01607393852401529,9.32477161421363e-06,0.49961210240496506
SM,201630,49614--sample_49614_k141_446802,0.022126720663079254,1.8468701711615934e-05,0.5015576323987538
SM,201630,49614--sample_49614_k141_861245,0.019614542562485734,1.4481380376856842e-05,0.5007776049766719
SM,201630,49614--sample_49614_k141_1043592,0.018539734039814848,1.2615308613500723e-05,0.5003885003885004
SM,201630,49614--sample_49614_k141_373499,0.014871477403418827,7.914694889911713e-06,0.4992248062015504
SM,201630,49614--sample_49614_k141_1873429,0.018625895938686396,1.2514901114360307e-05,0.5003885003885004
SM,201630,49614--sample_49614_k141_941148,0.01959151794684597,1.4542395640362171e-05,0.5007776049766719
SM,201630,49614--sample_49614_k141_334906,0.013601048963579235,6.610722973263024e-06,0.4988381099922541
SM,201630,49614--sample_49614_k141_317393,0.019647157254942246,1.45089090353128e-05,0.5007776049766719
SM,201630,49614--sample_49614_k141_1942210,0.01828756504248163,1.275784389966613e-05,0.5003885003885004
SM,201630,49614--sample_49614_k141_914702,0.01851248868514708,1.2629046526857973e-05,0.5003885003885004
SM,201630,49614--sample_49614_k141_991415,0.022114302421549527,1.8475027704925344e-05,0.5015576323987538
SM,201630,49614--sample_49614_k141_274775,0.020709783349650266,1.6590347214314624e-05,0.5011673151750973
SM,201630,49614--sample_49614_k141_2255621,0.022170527609999973,1.837864878408236e-05,0.5015576323987538
SM,201630,49614--sample_49614_k141_52808,0.02214264513180326,1.8456547521082398e-05,0.5015576323987538
SM,201630,49614--sample_49614_k141_2244732,0.02210606962181991,1.8512453342497895e-05,0.5015576323987538
SM,201630,49614--sample_49614_k141_1578368,0.015963433803660883,9.415807712735912e-06,0.49961210240496506
SM,201630,49614--sample_49614_k141_915233,0.020821987024485927,1.6497364681348875e-05,0.5011673151750973
SM,201630,49614--sample_49614_k141_199705,0.01837150956928447,1.2761935745922737e-05,0.5003885003885004
SM,201630,49614--sample_49614_k141_897184,0.023335306017804983,2.0707352102147416e-05,0.5019485580670304
SM,201630,49614--sample_49614_k141_1964044,0.01858238611418387,1.2518423391443695e-05,0.5003885003885004
SM,201630,49614--sample_49614_k141_802310,0.022072758314425674,1.8561802019980628e-05,0.5015576323987538
SM,201630,49614--sample_49614_k141_1636768,0.023216532236294198,2.0791150032684662e-05,0.5019485580670304
SM,201630,49614--sample_49614_k141_1410062,0.017091886274913183,1.111869879528219e-05,0.5
SM,201630,49614--sample_49614_k141_2239437,0.020798922238005103,1.646114582852749e-05,0.5011673151750973
SM,201630,49614--sample_49614_k141_380558,0.017238345052809287,1.1011237426516344e-05,0.5
SM,201630,49614--sample_49614_k141_825477,0.02086275023551926,1.6403727873811705e-05,0.5011673151750973
SM,201630,49614--sample_49614_k141_1431426,0.020811871535872283,1.6495268779463378e-05,0.5011673151750973
SM,201630,49614--sample_49614_k141_782554,0.021069488721904808,1.6229272070071543e-05,0.5011673151750973
SM,201630,49614--sample_49614_k141_1469720,0.013598900031193241,6.5527979983075965e-06,0.4988381099922541
SM,201630,49614--sample_49614_k141_1483598,0.023441497302283464,2.0516455599401008e-05,0.5019485580670304
SM,201630,49614--sample_49614_k141_1641711,0.02223355214919443,1.8294546363880087e-05,0.5015576323987538
SM,201630,49614--sample_49614_k141_430119,0.025890581601361946,2.5246354934647654e-05,0.5027322404371585
SM,201630,49614--sample_49614_k141_1480657,0.016064936464928563,9.347227198678645e-06,0.49961210240496506
SM,201630,49614--sample_49614_k141_1548523,0.018452353397544266,1.2641389722425341e-05,0.5003885003885004
SM,201630,49614--sample_49614_k141_1466444,0.01839515217552273,1.270286067877048e-05,0.5003885003885004
SM,201630,49614--sample_49614_k141_997447,0.020830467614626626,1.646493164119317e-05,0.5011673151750973
SM,201630,49614--sample_49614_k141_781022,0.01580122665094041,9.547455891289343e-06,0.49961210240496506
SM,201630,49614--sample_49614_k141_2199480,0.020924868783823092,1.6339166813001106e-05,0.5011673151750973
SM,201630,49614--sample_49614_k141_1705538,0.01488731576864346,7.87588597513423e-06,0.4992248062015504
SM,201630,49614--sample_49614_k141_1802869,0.013482147555363993,6.658234714007829e-06,0.4988381099922541
SM,201630,49614--sample_49614_k141_976496,0.022146662321683427,1.8420219944424547e-05,0.5015576323987538
SM,201630,49614--sample_49614_k141_1998437,0.020855244833202797,1.6400748150437038e-05,0.5011673151750973
SM,201630,49614--sample_49614_k141_802719,0.025731538093293038,2.542631710140237e-05,0.5027322404371585
SM,201630,49614--sample_49614_k141_177839,0.023269425411545294,2.075530444156913e-05,0.5019485580670304
SM,201630,49614--sample_49614_k141_1735303,0.014847459355014792,7.906485763600697e-06,0.4992248062015504
SM,201630,49614--sample_49614_k141_1404475,0.02468242592926262,2.281841290944534e-05,0.5023400936037441
SM,201630,49614--sample_49614_k141_730698,0.012307574655095343,5.418708713618082e-06,0.4984520123839009
SM,201630,49614--sample_49614_k141_154118,0.017194615490880378,1.0922945765365107e-05,0.5
SM,201630,49614--sample_49614_k141_514814,0.02342353628877335,2.0528879676612095e-05,0.5019485580670304
SM,201630,49614--sample_49614_k141_1898739,0.019733994945026385,1.4432026578269504e-05,0.5007776049766719
SM,201630,49614--sample_49614_k141_470294,0.016143334479686397,9.296341018348882e-06,0.49961210240496506
SM,201630,49614--sample_49614_k141_927748,0.02211678118881906,1.8521230932807204e-05,0.5015576323987538
SM,201630,49614--sample_49614_k141_204516,0.022014056036205907,1.8544704085667343e-05,0.5015576323987538
SM,201630,49614--sample_49614_k141_471890,0.018435169193194132,1.2682068978146684e-05,0.5003885003885004
SM,201630,49614--sample_49614_k141_346409,0.019809667064324743,1.4344685780997673e-05,0.5007776049766719
SM,201630,49614--sample_49614_k141_1537708,0.017180089342572074,1.098806256913294e-05,0.5
SM,201630,49614--sample_49614_k141_1306799,0.02453206193243457,2.2927230731449506e-05,0.5023400936037441
SM,201630,49614--sample_49614_k141_66793,0.017244437559855993,1.0898366115381636e-05,0.5
SM,201630,49614--sample_49614_k141_989275,0.0210202572020779,1.6291691044622008e-05,0.5011673151750973
SM,201630,49614--sample_49614_k141_1514836,0.024545622994227745,2.2979203110950898e-05,0.5023400936037441
SM,201630,49614--sample_49614_k141_1277494,0.020776096395892226,1.652525399332362e-05,0.5011673151750973
SM,201630,49614--sample_49614_k141_1991756,0.02346899263480731,2.0496537057844013e-05,0.5019485580670304
SM,201630,49614--sample_49614_k141_1765056,0.014764682431131841,7.954532611378468e-06,0.4992248062015504
SM,201630,49614--sample_49614_k141_948677,0.017253374987819276,1.092840126452993e-05,0.5
SM,201630,49614--sample_49614_k141_1781326,0.02332985388863152,2.0700866065397392e-05,0.5019485580670304
SM,201630,49614--sample_49614_k141_14914,0.023268383258712243,2.075402300175249e-05,0.5019485580670304
SM,201630,49614--sample_49614_k141_1024350,0.022156815903048604,1.843208825791004e-05,0.5015576323987538
SM,201630,49614--sample_49614_k141_643060,0.022233579317989645,1.8353857942378726e-05,0.5015576323987538
SM,201630,49614--sample_49614_k141_347653,0.017022198343297393,1.1167606304342895e-05,0.5
SM,201630,49614--sample_49614_k141_826830,0.01728210883908246,1.0928874505780925e-05,0.5
SM,201630,49614--sample_49614_k141_1543738,0.01599177718185331,9.42027241228385e-06,0.49961210240496506
SM,201630,49614--sample_49614_k141_405254,0.0196591248963483,1.4471126578699908e-05,0.5007776049766719
SM,201630,49614--sample_49614_k141_1562782,0.018407883822516846,1.2692225183722637e-05,0.5003885003885004
SM,201630,49614--sample_49614_k141_1907383,0.019757458279222647,1.4396663431339368e-05,0.5007776049766719
SM,201630,49614--sample_49614_k141_841379,0.020915554366292197,1.636120377036821e-05,0.5011673151750973
SM,201630,49614--sample_49614_k141_1233744,0.019593887760979995,1.4572164961286474e-05,0.5007776049766719
SM,201630,49614--sample_49614_k141_769477,0.01956187211204167,1.4546684377466074e-05,0.5007776049766719
SM,201630,49614--sample_49614_k141_424750,0.021008389633973806,1.626681884829709e-05,0.5011673151750973
SM,201630,49614--sample_49614_k141_94425,0.01716909131393571,1.1048777521096276e-05,0.5
SM,201630,49614--sample_49614_k141_164102,0.02078008572632656,1.6543526264871542e-05,0.5011673151750973
SM,201630,49614--sample_49614_k141_345191,0.019785509602470577,1.4332566212074181e-05,0.5007776049766719
SM,201630,49614--sample_49614_k141_9421,0.02091749631844731,1.6367693808095863e-05,0.5011673151750973
SM,201630,49614--sample_49614_k141_653688,0.02099487112786078,1.632556659858662e-05,0.5011673151750973
SM,201630,49614--sample_49614_k141_2023550,0.028244099301778923,3.059922930340115e-05,0.5035183737294762
SM,201630,49614--sample_49614_k141_1060450,0.019719654825123126,1.442048420181174e-05,0.5007776049766719
SM,201630,49614--sample_49614_k141_664059,0.01585620513045192,9.495509469338976e-06,0.49961210240496506
SM,201630,49614--sample_49614_k141_1372677,0.022095520974343537,1.845122956681166e-05,0.5015576323987538
SM,201630,49614--sample_49614_k141_1178417,0.0221276349216015,1.840359945977029e-05,0.5015576323987538
SM,201630,49614--sample_49614_k141_1102734,0.020950671141812614,1.6380464246142694e-05,0.5011673151750973
SM,201630,49614--sample_49614_k141_1537015,0.019658199124065356,1.4487425598133818e-05,0.5007776049766719
SM,201630,49614--sample_49614_k141_1594800,0.01725726412615353,1.0922671606277539e-05,0.5
SM,201630,49614--sample_49614_k141_715581,0.019634056082228846,1.4434825263480651e-05,0.5007776049766719
SM,201630,49614--sample_49614_k141_569077,0.020775186226368494,1.6517603045694813e-05,0.5011673151750973
SM,201630,49614--sample_49614_k141_155282,0.01614790230317947,9.280177458905724e-06,0.49961210240496506
SM,201630,49614--sample_49614_k141_1912022,0.015965872835049875,9.377471530787166e-06,0.49961210240496506
SM,201630,49614--sample_49614_k141_1674154,0.02225927161024715,1.8322446576450534e-05,0.5015576323987538
SM,201630,49614--sample_49614_k141_812294,0.022185828960122576,1.8359301539471843e-05,0.5015576323987538
SM,201630,49614--sample_49614_k141_1135820,0.01958077317927562,1.45559401028391e-05,0.5007776049766719
SM,201630,49614--sample_49614_k141_1493257,0.01852788661443764,1.2578430772221945e-05,0.5003885003885004
SM,201630,49614--sample_49614_k141_1744629,0.02337376452877063,2.0602544640225515e-05,0.5019485580670304
SM,201630,49614--sample_49614_k141_464736,0.023292134905535233,2.0715822836587448e-05,0.5019485580670304
SM,201630,49614--sample_49614_k141_716258,0.019677489175166443,1.4489618966222684e-05,0.5007776049766719
SM,201630,49614--sample_49614_k141_969590,0.019853851758315142,1.4308319609883365e-05,0.5007776049766719
SM,201630,49614--sample_49614_k141_335903,0.02220144842639252,1.8378280718414303e-05,0.5015576323987538
SM,201630,49614--sample_49614_k141_795014,0.023419710261755496,2.054232696582708e-05,0.5019485580670304
SM,201630,49614--sample_49614_k141_1901194,0.0158298999308921,9.51493149982897e-06,0.49961210240496506
SM,201630,49614--sample_49614_k141_594973,0.018358989545094594,1.2753804331078986e-05,0.5003885003885004
SM,201630,49614--sample_49614_k141_603743,0.014677733837434943,7.986191459878641e-06,0.4992248062015504
SM,201630,49614--sample_49614_k141_1208694,0.018340101766598785,1.2741293699510925e-05,0.5003885003885004
SM,201630,49614--sample_49614_k141_1609013,0.023400625780864864,2.060638978533186e-05,0.5019485580670304
SM,201630,49614--sample_49614_k141_67942,0.014785662692974832,7.935934060113098e-06,0.4992248062015504
SM,201630,49614--sample_49614_k141_846583,0.020994323008890262,1.627638078609166e-05,0.5011673151750973
SM,201630,49614--sample_49614_k141_325235,0.019522514720680523,1.4596994588918028e-05,0.5007776049766719
SM,201630,49614--sample_49614_k141_2305531,0.01588690109392378,9.454622090200011e-06,0.49961210240496506
SM,201630,49614--sample_49614_k141_1792272,0.0209109567213514,1.643201738376976e-05,0.5011673151750973
SM,201630,49614--sample_49614_k141_743960,0.020927465249313933,1.6355986517672702e-05,0.5011673151750973
SM,201630,49614--sample_49614_k141_612250,0.020921223269393115,1.6387849390448e-05,0.5011673151750973
SM,201630,49614--sample_49614_k141_412145,0.018490380094218068,1.2665049390729867e-05,0.5003885003885004
SM,201630,49620--sample_49620_k141_877568,0.018321782896959113,1.2770436600263809e-05,0.5003885003885004
SM,201630,49627--sample_49627_k141_882399,0.02222799589668307,1.8360390620842357e-05,0.5015576323987538
SM,201630,49625--sample_49625_k141_420390,0.014862260942588483,7.893344039200258e-06,0.4992248062015504
SM,201630,49623--sample_49623_k141_465025,0.015991319879666944,9.402930789871291e-06,0.49961210240496506
SM,201630,49626--sample_49626_k141_540134,0.02340565164643997,2.056360846733095e-05,0.5019485580670304
SM,201630,49620--sample_49620_k141_767928,0.017125297833624015,1.1036024433694548e-05,0.5
SM,201630,49620--sample_49620_k141_568710,0.017308011959854652,1.0859713965276273e-05,0.5
SM,201630,49620--sample_49620_k141_806973,0.02205575844464761,1.857450332980788e-05,0.5015576323987538
SM,201630,49620--sample_49620_k141_567263,0.017053110531714974,1.1093075005128123e-05,0.5
SM,201630,49628--sample_49628_k141_531267,0.018592394303761927,1.2545684706130172e-05,0.5003885003885004
SM,201630,49623--sample_49623_k141_1041969,0.022149528548798036,1.841953649874901e-05,0.5015576323987538
SM,201630,49623--sample_49623_k141_608894,0.01837704249486258,1.266567552224492e-05,0.5003885003885004
SM,201630,49627--sample_49627_k141_597049,0.0220859848924351,1.8500630662080565e-05,0.5015576323987538
SM,201630,49620--sample_49620_k141_602635,0.018337384617440944,1.275262531139398e-05,0.5003885003885004
SM,201630,49620--sample_49620_k141_662239,0.019690271541047834,1.4448117835046455e-05,0.5007776049766719
SM,201630,49624--sample_49624_k141_867497,0.017245332854071278,1.0976086928850099e-05,0.5
SM,201630,49620--sample_49620_k141_684559,0.019752548909150867,1.4406511041734186e-05,0.5007776049766719
SM,201630,49620--sample_49620_k141_520577,0.019626546426771092,1.455679435868218e-05,0.5007776049766719
SM,201630,49620--sample_49620_k141_366325,0.017217699444815823,1.0920851105787388e-05,0.5
SM,201630,49623--sample_49623_k141_1264227,0.020836323027333334,1.6497797973108006e-05,0.5011673151750973
SM,201630,49620--sample_49620_k141_375368,0.01956821291612492,1.4592406251766257e-05,0.5007776049766719
SM,201630,49620--sample_49620_k141_593506,0.021989684538189926,1.8565678103732297e-05,0.5015576323987538
SM,201630,49624--sample_49624_k141_995177,0.020743670653363536,1.656184677389791e-05,0.5011673151750973
SM,201630,49624--sample_49624_k141_206758,0.022097498711765345,1.847351553113108e-05,0.5015576323987538
SM,201630,49620--sample_49620_k141_689599,0.020894907554895717,1.6422674109726928e-05,0.5011673151750973
SM,201630,49623--sample_49623_k141_283004,0.013490203799178474,6.625310870162744e-06,0.4988381099922541
SM,201630,49621--sample_49621_k141_803927,0.01737021910107438,1.0855431117205913e-05,0.5
SM,201630,49620--sample_49620_k141_756043,0.02086338757335154,1.6464931192799465e-05,0.5011673151750973
SM,201630,49624--sample_49624_k141_477029,0.017254254278805368,1.093874734978749e-05,0.5
SM,201630,49621--sample_49621_k141_972296,0.017259287002442572,1.0971891460771462e-05,0.5
SM,201630,49628--sample_49628_k141_401383,0.020987063653039588,1.630313433259912e-05,0.5011673151750973
SM,201630,49623--sample_49623_k141_553477,0.022109353011126872,1.8491629412819623e-05,0.5015576323987538
SM,201630,49620--sample_49620_k141_629507,0.01849097162438173,1.2601934396386744e-05,0.5003885003885004
SM,201630,49627--sample_49627_k141_620853,0.020940427041976493,1.6393655962655996e-05,0.5011673151750973
SM,201630,49620--sample_49620_k141_346511,0.021008784244691655,1.632238797307366e-05,0.5011673151750973
SM,201630,49620--sample_49620_k141_863497,0.020766279681867165,1.6552897437521015e-05,0.5011673151750973
SM,201630,49623--sample_49623_k141_418215,0.018451171911077674,1.2638413960673606e-05,0.5003885003885004
SM,201630,49620--sample_49620_k141_802567,0.01738587577510839,1.0805737167022714e-05,0.5
SM,201630,49628--sample_49628_k141_1208708,0.0173100404603117,1.0907891667950715e-05,0.5
SM,201630,49621--sample_49621_k141_484589,0.02208283317843723,1.85334419736027e-05,0.5015576323987538
SM,201630,49620--sample_49620_k141_809052,0.018334776190361574,1.2735019115996352e-05,0.5003885003885004
SM,201630,49628--sample_49628_k141_1213396,0.021069166572933774,1.6236052763121487e-05,0.5011673151750973
SM,201630,49626--sample_49626_k141_546019,0.017171821843201256,1.099910513460097e-05,0.5
SM,201630,49620--sample_49620_k141_475529,0.019674457499811858,1.4467334980872104e-05,0.5007776049766719
SM,201630,49628--sample_49628_k141_1253647,0.017148087312663648,1.1005959269587789e-05,0.5
SM,201630,49627--sample_49627_k141_212427,0.015922604520979745,9.475575317236317e-06,0.49961210240496506
SM,201630,49628--sample_49628_k141_1537814,0.017298620042256106,1.0891700344349213e-05,0.5
SM,201630,49625--sample_49625_k141_10991,0.018470826614671264,1.2623743065311714e-05,0.5003885003885004
SM,201630,49628--sample_49628_k141_820141,0.019599688269169545,1.4530418214572246e-05,0.5007776049766719
SM,201630,49628--sample_49628_k141_935385,0.024586529580749285,2.296792191598515e-05,0.5023400936037441
SM,201630,49622--sample_49622_k141_790072,0.019618387088561305,1.4518378798008704e-05,0.5007776049766719
SM,201630,49627--sample_49627_k141_866654,0.023363234154289925,2.0655637974960405e-05,0.5019485580670304
SM,201630,49624--sample_49624_k141_512309,0.023298196080946177,2.0691624314107846e-05,0.5019485580670304
SM,201630,49620--sample_49620_k141_863061,0.019653172683237605,1.4510861231016925e-05,0.5007776049766719
SM,201630,49622--sample_49622_k141_1034107,0.020826771793357568,1.6495436549513275e-05,0.5011673151750973
SM,201630,49628--sample_49628_k141_1268454,0.023382747140882593,2.0569020174906236e-05,0.5019485580670304
SM,201630,49620--sample_49620_k141_890514,0.02575149210188005,2.543470905405544e-05,0.5027322404371585
SM,201630,49623--sample_49623_k141_1191385,0.01738674067787093,1.0814091924047716e-05,0.5
SM,201630,49620--sample_49620_k141_258666,0.019830772031816213,1.43209126281926e-05,0.5007776049766719
SM,201630,49623--sample_49623_k141_181373,0.014697545526418597,7.984409290912269e-06,0.4992248062015504
SM,201630,49625--sample_49625_k141_492119,0.020966710209204223,1.6325936847882332e-05,0.5011673151750973
SM,201630,49620--sample_49620_k141_652095,0.020824885387452304,1.647272153311279e-05,0.5011673151750973
SM,201630,49626--sample_49626_k141_814437,0.012294371561548778,5.442430300136491e-06,0.4984520123839009
SM,201630,49625--sample_49625_k141_135647,0.012301047810846556,5.408212740282951e-06,0.4984520123839009
SM,201630,49627--sample_49627_k141_505944,0.018348706100913305,1.27212679089589e-05,0.5003885003885004
SM,201630,49625--sample_49625_k141_178018,0.01962355432441647,1.4493434052662495e-05,0.5007776049766719
SM,201630,49622--sample_49622_k141_1297772,0.017362883084847097,1.0823979086687079e-05,0.5
SM,201630,49623--sample_49623_k141_1029786,0.02213485746418924,1.844896331017017e-05,0.5015576323987538
SM,201630,49623--sample_49623_k141_1276103,0.023346728449135212,2.0597530187216734e-05,0.5019485580670304
SM,201630,49627--sample_49627_k141_357650,0.01962608467849565,1.4508704888267993e-05,0.5007776049766719
SM,201630,49625--sample_49625_k141_191759,0.018389724349126734,1.2741206573791561e-05,0.5003885003885004
SM,201630,49628--sample_49628_k141_1435203,0.019650506956847003,1.4510280572078954e-05,0.5007776049766719
SM,201630,49624--sample_49624_k141_949654,0.016023064238342353,9.364861286181485e-06,0.49961210240496506
SM,201630,49620--sample_49620_k141_336548,0.017323934138204634,1.0837262245616573e-05,0.5
SM,201630,49627--sample_49627_k141_712892,0.020866810527571118,1.643921534425218e-05,0.5011673151750973
SM,201630,49625--sample_49625_k141_465783,0.023319513618415978,2.0640733928181743e-05,0.5019485580670304
SM,201630,49620--sample_49620_k141_347894,0.01831585789748411,1.2776565722803102e-05,0.5003885003885004
SM,201630,49623--sample_49623_k141_1338728,0.02333737658582836,2.064941904043553e-05,0.5019485580670304
SM,201630,49620--sample_49620_k141_424640,0.01954387603282857,1.4573435479268693e-05,0.5007776049766719
SM,201630,49623--sample_49623_k141_1065488,0.017146627573566036,1.1009528666492796e-05,0.5
SM,201630,49620--sample_49620_k141_573928,0.019650275122723836,1.4497321416147871e-05,0.5007776049766719
SM,201630,49625--sample_49625_k141_399586,0.024503523070662833,2.3046585142121045e-05,0.5023400936037441
SM,201630,49620--sample_49620_k141_818604,0.023438909008303505,2.0548279733030465e-05,0.5019485580670304
SM,201630,49623--sample_49623_k141_1327989,0.013501401152462763,6.64967474929829e-06,0.4988381099922541
SM,201630,49623--sample_49623_k141_196496,0.02210433850579002,1.846752121024275e-05,0.5015576323987538
SM,201630,49623--sample_49623_k141_852831,0.020961032580950518,1.6336863522026912e-05,0.5011673151750973
SM,201630,49623--sample_49623_k141_882330,0.015855832615032525,9.462867281372399e-06,0.49961210240496506
SM,201630,49628--sample_49628_k141_1659717,0.02216185946317737,1.8378139661584133e-05,0.5015576323987538
SM,201630,49621--sample_49621_k141_1024002,0.022212933098759366,1.836091749976972e-05,0.5015576323987538
SM,201630,49623--sample_49623_k141_568308,0.020969269165552733,1.6322392466742984e-05,0.5011673151750973
SM,201630,49623--sample_49623_k141_1126180,0.02339353719168591,2.0607611678752707e-05,0.5019485580670304
SM,201630,49624--sample_49624_k141_355515,0.018509057462024393,1.2578348287713947e-05,0.5003885003885004
SM,201630,49620--sample_49620_k141_765559,0.016074506052752444,9.333609186301637e-06,0.49961210240496506
SM,201630,49620--sample_49620_k141_785383,0.023293040978299394,2.0712742090440595e-05,0.5019485580670304
SM,201630,49620--sample_49620_k141_92767,0.016001161923961064,9.428145556952722e-06,0.49961210240496506
SM,201630,49624--sample_49624_k141_928685,0.0161064234620165,9.301351857401731e-06,0.49961210240496506
SM,201630,49620--sample_49620_k141_709303,0.010987833669627797,4.376244436971684e-06,0.4980665119876257
SM,201630,49623--sample_49623_k141_1060510,0.018419726085973562,1.2678515592783043e-05,0.5003885003885004
SM,201630,49623--sample_49623_k141_524298,0.02211552526218271,1.849382043367457e-05,0.5015576323987538
SM,201630,49621--sample_49621_k141_875236,0.016076977448691843,9.362481705634497e-06,0.49961210240496506
SM,201630,49627--sample_49627_k141_272944,0.024455675950181725,2.3067670817539593e-05,0.5023400936037441
SM,201630,49621--sample_49621_k141_402365,0.023495774652425614,2.047748818391077e-05,0.5019485580670304
SM,201630,49620--sample_49620_k141_88663,0.017228813334879866,1.097888896014445e-05,0.5
SM,201630,49620--sample_49620_k141_486486,0.0183266060007934,1.273958721852024e-05,0.5003885003885004
SM,201630,49623--sample_49623_k141_1358298,0.018414094792976395,1.2688275743300337e-05,0.5003885003885004
SM,201630,49627--sample_49627_k141_218199,0.028358408254267914,3.0435350787678503e-05,0.5035183737294762
SM,201630,49623--sample_49623_k141_232736,0.020908426438073495,1.6390774091466034e-05,0.5011673151750973
SM,201630,49620--sample_49620_k141_901985,0.014566477861913302,8.072173075983976e-06,0.4992248062015504
SM,201630,49620--sample_49620_k141_646366,0.01231532641842962,5.417771242651046e-06,0.4980665119876257
SM,201630,49623--sample_49623_k141_960129,0.013390183338151868,6.72819268727065e-06,0.4984520123839009
SM,201630,49623--sample_49623_k141_241059,0.018532043588234046,1.2577664361611706e-05,0.5003885003885004
SM,201630,49620--sample_49620_k141_853985,0.01971671547011427,1.4388632663227674e-05,0.5007776049766719
SM,201630,49622--sample_49622_k141_1306273,0.02330272704511946,2.0629047603122746e-05,0.5019485580670304
SM,201630,49620--sample_49620_k141_365374,0.019742268035500648,1.4361570487985438e-05,0.5007776049766719
SM,201630,49623--sample_49623_k141_564461,0.01970092359662257,1.4409902704080408e-05,0.5007776049766719
SM,201630,49628--sample_49628_k141_1640420,0.022198396751128852,1.8363027910819686e-05,0.5015576323987538
SM,201630,49628--sample_49628_k141_718209,0.01718855516791449,1.0962628933619412e-05,0.5
SM,201630,49623--sample_49623_k141_760367,0.025707829517916687,2.5483400978026288e-05,0.5027322404371585
SM,201630,49620--sample_49620_k141_49753,0.022108904644832526,1.8481005741131117e-05,0.5015576323987538
SM,201630,49623--sample_49623_k141_661486,0.017218954608641614,1.0998927292502982e-05,0.5
SM,201630,49627--sample_49627_k141_195166,0.01967784735684149,1.4466526802465987e-05,0.5007776049766719
SM,201630,49628--sample_49628_k141_1299248,0.01969636895175826,1.4451515124478217e-05,0.5007776049766719
SM,201630,49623--sample_49623_k141_938959,0.01723477306241559,1.095667172871511e-05,0.5
SM,201630,49624--sample_49624_k141_533801,0.019586770658111267,1.4532345898126113e-05,0.5007776049766719
SM,201630,49621--sample_49621_k141_224055,0.020864990199468737,1.647387143332145e-05,0.5011673151750973
SM,201630,49627--sample_49627_k141_323121,0.0183192644509625,1.2797233162364138e-05,0.5003885003885004
SM,201630,49623--sample_49623_k141_457796,0.015980600910626454,9.439976209108698e-06,0.49961210240496506
SM,201630,49626--sample_49626_k141_755790,0.02459065648998663,2.2874502739772343e-05,0.5023400936037441
SM,201630,49625--sample_49625_k141_454481,0.024504919363313123,2.3035934052073624e-05,0.5023400936037441
SM,201630,49620--sample_49620_k141_70641,0.022013898101319342,1.8604168620678106e-05,0.5015576323987538
SM,201630,49624--sample_49624_k141_97572,0.023378800038327402,2.064066856807985e-05,0.5019485580670304
SM,201630,49620--sample_49620_k141_418151,0.018400568009462846,1.2679963586728206e-05,0.5003885003885004
SM,201630,49621--sample_49621_k141_1010389,0.018530677972800214,1.2559882696848172e-05,0.5003885003885004
SM,201630,49620--sample_49620_k141_919365,0.017093188237116495,1.1031899855380222e-05,0.5
SM,201630,49620--sample_49620_k141_259532,0.01835648333140685,1.274412168946812e-05,0.5003885003885004
SM,201630,49622--sample_49622_k141_1244156,0.013717767191772676,6.5599565051997684e-06,0.4988381099922541
SM,201630,49628--sample_49628_k141_1125359,0.020817365246564176,1.6463603473861277e-05,0.5011673151750973
SM,201630,49623--sample_49623_k141_559190,0.017175289875713647,1.1011311825287759e-05,0.5
SM,201630,49623--sample_49623_k141_711938,0.017293545366356657,1.0884248701748573e-05,0.5
SM,201630,49620--sample_49620_k141_466066,0.022076589439413034,1.8486838109752235e-05,0.5015576323987538
SM,201630,49620--sample_49620_k141_378483,0.02456729484822094,2.295295059617814e-05,0.5023400936037441
SM,201630,49628--sample_49628_k141_1675224,0.02328226127694013,2.0759414364882957e-05,0.5019485580670304
SM,201630,49624--sample_49624_k141_797817,0.01965195328350974,1.4519883708335176e-05,0.5007776049766719
SM,201630,49623--sample_49623_k141_1243082,0.01716583922554285,1.10447548464514e-05,0.5
SM,201630,49623--sample_49623_k141_785898,0.018443287498731708,1.2642796495558241e-05,0.5003885003885004
SM,201630,49621--sample_49621_k141_1034486,0.02076338173048991,1.6526477278737915e-05,0.5011673151750973
SM,201630,49620--sample_49620_k141_889730,0.01978587853732466,1.4368662840215812e-05,0.5007776049766719
SM,201630,49620--sample_49620_k141_671303,0.017223200783206192,1.0999319958623684e-05,0.5
SM,201630,49624--sample_49624_k141_567864,0.022150459881815424,1.8441320794726763e-05,0.5015576323987538
SM,201630,49620--sample_49620_k141_905364,0.023246465570746135,2.0749399384021176e-05,0.5019485580670304
SM,201630,49620--sample_49620_k141_878908,0.01711039485526053,1.103210314479848e-05,0.5
SM,201630,49620--sample_49620_k141_27744,0.02080570046557911,1.6487550745692988e-05,0.5011673151750973
SM,201630,49624--sample_49624_k141_1056874,0.018313503818913834,1.2681078311254118e-05,0.5003885003885004
SM,201630,49627--sample_49627_k141_864816,0.01976018142718847,1.4359273713866872e-05,0.5007776049766719
SM,201630,49623--sample_49623_k141_677674,0.023321697667970723,2.066928788624398e-05,0.5019485580670304
SM,201630,49620--sample_49620_k141_389073,0.019646293123125585,1.4530103402759052e-05,0.5007776049766719
SM,201630,49627--sample_49627_k141_829165,0.016002927022515115,9.400423149262854e-06,0.49961210240496506
SM,201630,49627--sample_49627_k141_469894,0.019646772793085344,1.4519435310142348e-05,0.5007776049766719
SM,201630,49620--sample_49620_k141_882757,0.022115009655423117,1.8444604757688753e-05,0.5015576323987538
SM,201630,49621--sample_49621_k141_71256,0.017085650618684924,1.1063876078577126e-05,0.5
SM,201630,49620--sample_49620_k141_774058,0.019655447168729027,1.4524488808622304e-05,0.5007776049766719
SM,201630,49623--sample_49623_k141_1064114,0.018402996927698707,1.2725008865941992e-05,0.5003885003885004
SM,201630,49623--sample_49623_k141_500018,0.01965134065530761,1.4490699647929004e-05,0.5007776049766719
SM,201630,49620--sample_49620_k141_289863,0.016087469825288865,9.303320879707876e-06,0.49961210240496506
SM,201630,49623--sample_49623_k141_1029074,0.024752103613717012,2.277764864501849e-05,0.5023400936037441
SM,201630,49623--sample_49623_k141_767519,0.025885217392926846,2.5290091926303958e-05,0.5027322404371585
SM,201630,49621--sample_49621_k141_584922,0.01474345537277448,7.984773787878134e-06,0.4992248062015504
SM,201630,49623--sample_49623_k141_779668,0.020895020867312958,1.639112925014377e-05,0.5011673151750973
SM,201630,49620--sample_49620_k141_491955,0.023501383428055633,2.0452614098543033e-05,0.5019485580670304
SM,201630,49628--sample_49628_k141_1420505,0.022223997351987455,1.8341618342706356e-05,0.5015576323987538
SM,201630,49627--sample_49627_k141_787512,0.024580071819020763,2.2938617068303372e-05,0.5023400936037441
SM,201630,49622--sample_49622_k141_677407,0.0220442713210796,1.8553363587182314e-05,0.5015576323987538
SM,201630,49620--sample_49620_k141_660138,0.024421668766416074,2.315286083704841e-05,0.5023400936037441
SM,201630,49623--sample_49623_k141_854348,0.024697420708588477,2.2830949541264373e-05,0.5023400936037441
SM,201630,49624--sample_49624_k141_725260,0.020919030050663097,1.6359280006708423e-05,0.5011673151750973
SM,201630,49627--sample_49627_k141_117580,0.016035168904205168,9.389543990587157e-06,0.49961210240496506
SM,201630,49623--sample_49623_k141_1085947,0.0197310607367336,1.4434775404996392e-05,0.5007776049766719
SM,201630,49623--sample_49623_k141_1306255,0.0161407190428365,9.302115152909855e-06,0.49961210240496506
SM,201630,49620--sample_49620_k141_894471,0.01713149045689977,1.1057364533373098e-05,0.5
SM,201630,49620--sample_49620_k141_704684,0.02463932746582064,2.2876088863906555e-05,0.5023400936037441
SM,201630,49628--sample_49628_k141_1721245,0.020991105595560285,1.6319742093695607e-05,0.5011673151750973
SM,201630,49628--sample_49628_k141_999266,0.01596878865636563,9.39555297873382e-06,0.49961210240496506
SM,201630,49628--sample_49628_k141_813340,0.016023933567547,9.360047411228054e-06,0.49961210240496506
SM,201630,49620--sample_49620_k141_752177,0.018296994990775094,1.2815671674712402e-05,0.5003885003885004
SM,201630,49620--sample_49620_k141_108148,0.022097659846541044,1.8449789636252607e-05,0.5015576323987538
SM,201630,49620--sample_49620_k141_305001,0.024553802876162246,2.2959282995941403e-05,0.5023400936037441
SM,201630,49620--sample_49620_k141_809408,0.022180774419799775,1.839158328463288e-05,0.5015576323987538
SM,201630,49620--sample_49620_k141_298856,0.02217714842588839,1.838602350089972e-05,0.5015576323987538
SM,201630,49620--sample_49620_k141_845971,0.01973008868277424,1.4390331737513334e-05,0.5007776049766719
SM,201630,49620--sample_49620_k141_473883,0.020743074109387017,1.655962679062909e-05,0.5011673151750973
SM,201630,49623--sample_49623_k141_1322247,0.023442996011813405,2.054738685459931e-05,0.5019485580670304
SM,201630,49623--sample_49623_k141_1050270,0.018578669429237797,1.2551217680072717e-05,0.5003885003885004
SM,201630,49627--sample_49627_k141_741011,0.02458356506157732,2.2878777990964295e-05,0.5023400936037441
SM,201630,49620--sample_49620_k141_880152,0.024503110342871552,2.3016147658953276e-05,0.5023400936037441
SM,201630,49620--sample_49620_k141_311412,0.01841026019067747,1.2690083051600692e-05,0.5003885003885004
SM,201630,49627--sample_49627_k141_604251,0.020986315201860586,1.6331100111932704e-05,0.5011673151750973
SM,201630,49620--sample_49620_k141_862254,0.01840115919054807,1.2685923228477644e-05,0.5003885003885004
SM,201630,49620--sample_49620_k141_858421,0.015984079598241763,9.389525667528604e-06,0.49961210240496506
SM,201630,49628--sample_49628_k141_1354571,0.01950293552909763,1.4648049726295184e-05,0.5007776049766719
SM,201630,49623--sample_49623_k141_974752,0.017131627054570907,1.1045849661608945e-05,0.5
SM,201630,49625--sample_49625_k141_104980,0.013590654923300468,6.5695792062479485e-06,0.4988381099922541
SM,201630,49620--sample_49620_k141_897547,0.01837910418628632,1.2719632209294838e-05,0.5003885003885004
SM,201630,49623--sample_49623_k141_305095,0.023340027041223822,2.0592304650413907e-05,0.5019485580670304
SM,201630,49620--sample_49620_k141_707658,0.01845347346723837,1.2662891754665921e-05,0.5003885003885004
SM,201630,49620--sample_49620_k141_464296,0.019640301967489695,1.4515930569315982e-05,0.5007776049766719
SM,201630,49620--sample_49620_k141_58738,0.018449268197174722,1.2605531124548742e-05,0.5003885003885004
SM,201630,49620--sample_49620_k141_221339,0.023234727244241405,2.0766290798321425e-05,0.5019485580670304
SM,201630,49620--sample_49620_k141_519009,0.015958991250823094,9.376649426393614e-06,0.49961210240496506
SM,201630,49620--sample_49620_k141_785591,0.020964456116439514,1.6358739733872096e-05,0.5011673151750973
SM,201630,49620--sample_49620_k141_545144,0.023413237842831162,2.0507195722721334e-05,0.5019485580670304
SM,201630,49627--sample_49627_k141_689341,0.01592319366821599,9.430476976879817e-06,0.49961210240496506
SM,201630,49628--sample_49628_k141_443953,0.023428168017170025,2.054437073172226e-05,0.5019485580670304
SM,201630,49623--sample_49623_k141_909731,0.01728050147872895,1.0953540666503466e-05,0.5
SM,201630,49623--sample_49623_k141_745389,0.01957054312146336,1.4609811922276814e-05,0.5007776049766719
SM,201630,49620--sample_49620_k141_123959,0.018398010455287175,1.2684782343044496e-05,0.5003885003885004
SM,201630,49621--sample_49621_k141_18954,0.027050927234576624,2.783058537749e-05,0.503125
SM,201630,49620--sample_49620_k141_611392,0.0233588866812358,2.0637513963537192e-05,0.5019485580670304
SM,201630,49620--sample_49620_k141_34923,0.012223606449777437,5.450226624128996e-06,0.4984520123839009
SM,201630,49627--sample_49627_k141_825498,0.020850295562566377,1.642085983425365e-05,0.5011673151750973
SM,201630,49620--sample_49620_k141_426288,0.014690975776049428,8.01120224220635e-06,0.4992248062015504
SM,201630,49620--sample_49620_k141_797190,0.020925928420016084,1.6393720954544745e-05,0.5011673151750973
SM,201630,49620--sample_49620_k141_878757,0.018399692514069848,1.2698356012603942e-05,0.5003885003885004
SM,201630,49620--sample_49620_k141_612686,0.019643935875482913,1.4571508896066124e-05,0.5007776049766719
SM,201630,49620--sample_49620_k141_336042,0.02218438748028094,1.8392431015955822e-05,0.5015576323987538
SM,201630,49628--sample_49628_k141_1344925,0.024541783807606476,2.2978608070493235e-05,0.5023400936037441
SM,201630,49621--sample_49621_k141_767634,0.01979442563556784,1.4334836202678796e-05,0.5007776049766719
SM,201630,49628--sample_49628_k141_1441280,0.02577442735189045,2.5395513677846664e-05,0.5027322404371585
SM,201630,49625--sample_49625_k141_424543,0.01712894216113659,1.1036255906790637e-05,0.5
SM,201630,49627--sample_49627_k141_63191,0.01846094462059613,1.263577752430508e-05,0.5003885003885004
SM,201630,49623--sample_49623_k141_142584,0.018431458903064163,1.2697715267149575e-05,0.5003885003885004
SM,201630,49620--sample_49620_k141_634331,0.02088875205557516,1.6446650862963167e-05,0.5011673151750973
SM,201630,49622--sample_49622_k141_237199,0.018528385181265344,1.2586657998978628e-05,0.5003885003885004
SM,201630,49623--sample_49623_k141_447354,0.02222033745424015,1.83285095675225e-05,0.5015576323987538
SM,201630,49620--sample_49620_k141_400844,0.022022008153772445,1.8557220534770975e-05,0.5015576323987538
SM,201630,49620--sample_49620_k141_458278,0.017367097512684063,1.0881217036539726e-05,0.5
SM,201630,49623--sample_49623_k141_1350425,0.020971658267779282,1.631919478875911e-05,0.5011673151750973
SM,201630,49620--sample_49620_k141_611969,0.024676061855578545,2.2831789349182086e-05,0.5023400936037441
SM,201630,49620--sample_49620_k141_109507,0.021015202247164983,1.6294053001852985e-05,0.5011673151750973
SM,201630,49623--sample_49623_k141_1060122,0.020941256743824115,1.6404914029938106e-05,0.5011673151750973
SM,201630,49627--sample_49627_k141_875042,0.01469337659424448,8.016684008256037e-06,0.4992248062015504
SM,201630,49628--sample_49628_k141_169027,0.025658205251037756,2.5495396918401804e-05,0.5027322404371585
SM,201630,49623--sample_49623_k141_604689,0.01969061640949299,1.4420192249963049e-05,0.5007776049766719
SM,201630,49623--sample_49623_k141_735064,0.01973145549912386,1.4459893714319884e-05,0.5007776049766719
SM,201630,49623--sample_49623_k141_182928,0.019658457953784216,1.4460248691297634e-05,0.5007776049766719
SM,201630,49628--sample_49628_k141_544373,0.024629388556362784,2.2910476576626537e-05,0.5023400936037441
SM,201630,49623--sample_49623_k141_629916,0.022150267848694092,1.8422876215927344e-05,0.5015576323987538
SM,201630,49624--sample_49624_k141_503759,0.022182602618104345,1.8403187872684105e-05,0.5015576323987538
SM,201630,49623--sample_49623_k141_659201,0.020989936702890045,1.6358694724011203e-05,0.5011673151750973
SM,201630,49620--sample_49620_k141_106568,0.018526209703243642,1.2613091799444473e-05,0.5003885003885004
SM,201630,49623--sample_49623_k141_906484,0.017130290211144827,1.1068422629042976e-05,0.5
SM,201630,49620--sample_49620_k141_378030,0.017398674057246797,1.0868478789509638e-05,0.5
SM,201630,49623--sample_49623_k141_1305944,0.021984357495589357,1.857664955682345e-05,0.5015576323987538
SM,201630,49623--sample_49623_k141_1375097,0.013699768243050641,6.542340563145006e-06,0.4988381099922541
SM,201630,49625--sample_49625_k141_244511,0.01850976622842755,1.260504841990513e-05,0.5003885003885004
SM,201630,49620--sample_49620_k141_639941,0.014784942651726724,7.951785594901744e-06,0.4992248062015504
SM,201630,49623--sample_49623_k141_435193,0.025764627531370144,2.5422906472370305e-05,0.5027322404371585
SM,201630,49627--sample_49627_k141_356105,0.017227217214079302,1.0966294294396544e-05,0.5
SM,201630,49623--sample_49623_k141_1038317,0.014702562379262844,7.973109512852452e-06,0.4992248062015504
SM,201630,49627--sample_49627_k141_663776,0.018308644645867924,1.2747719381037604e-05,0.5003885003885004
SM,201630,49620--sample_49620_k141_417201,0.020963959896931988,1.6402847883891864e-05,0.5011673151750973
SM,201630,49620--sample_49620_k141_745399,0.019711188866833696,1.4423637832997221e-05,0.5007776049766719
SM,201630,49621--sample_49621_k141_829693,0.0198214142736055,1.432998910954134e-05,0.5007776049766719
SM,201630,49623--sample_49623_k141_649493,0.022111348626899476,1.8457894620874434e-05,0.5015576323987538
SM,201630,49620--sample_49620_k141_779465,0.02336079532819798,2.0610056647002756e-05,0.5019485580670304
SM,201630,49621--sample_49621_k141_1073290,0.014575967318250031,8.082097446835736e-06,0.4992248062015504
SM,201630,49620--sample_49620_k141_370309,0.025734361612915875,2.54585771970454e-05,0.5027322404371585
SM,201630,49628--sample_49628_k141_1201807,0.017195698401348665,1.0966638878264035e-05,0.5
SM,201630,49620--sample_49620_k141_436252,0.017194996920823234,1.096238096580427e-05,0.5
SM,201630,49620--sample_49620_k141_709318,0.016049216836925947,9.350583206406512e-06,0.49961210240496506
SM,201630,49620--sample_49620_k141_838211,0.02579710163854913,2.5355692380312132e-05,0.5027322404371585
SM,201630,49620--sample_49620_k141_336741,0.02213708147160319,1.8469539428210947e-05,0.5015576323987538
SM,201630,49627--sample_49627_k141_882587,0.019678834330921137,1.4475105008840827e-05,0.5007776049766719
SM,201630,49626--sample_49626_k141_299629,0.01975502917610968,1.4431281513318546e-05,0.5007776049766719
SM,201630,49620--sample_49620_k141_126210,0.01842613089855323,1.2670523261903138e-05,0.5003885003885004
SM,201630,49627--sample_49627_k141_340580,0.019734169929920855,1.4402925508167997e-05,0.5007776049766719
SM,201630,49621--sample_49621_k141_1098185,0.022174285518304214,1.8413141838847597e-05,0.5015576323987538
SM,201630,49620--sample_49620_k141_443929,0.02466615159864358,2.2844623461706354e-05,0.5023400936037441
SM,201630,49628--sample_49628_k141_1264346,0.014792193184643978,7.911369136035347e-06,0.4992248062015504
SM,201630,49624--sample_49624_k141_808763,0.021033553654386042,1.6230935451045976e-05,0.5011673151750973
SM,201630,49623--sample_49623_k141_620155,0.017196301699830205,1.0944913352649392e-05,0.5
SM,201630,49623--sample_49623_k141_504674,0.01721562245981588,1.0972809486586963e-05,0.5
SM,201630,49621--sample_49621_k141_806044,0.022076240461813043,1.856922897586215e-05,0.5015576323987538
SM,201630,49623--sample_49623_k141_955947,0.019736083276996653,1.447136089301928e-05,0.5007776049766719
SM,201630,49623--sample_49623_k141_639263,0.0195379458887186,1.4640360862604415e-05,0.5007776049766719
SM,201630,49620--sample_49620_k141_293767,0.011092163211019437,4.290954928986473e-06,0.4980665119876257
SM,201630,49620--sample_49620_k141_585705,0.02324441542309047,2.076278123849773e-05,0.5019485580670304
SM,201630,49620--sample_49620_k141_748976,0.01597867864804448,9.3922199732704e-06,0.49961210240496506
SM,201630,49620--sample_49620_k141_25330,0.01737756521118252,1.0839130181090597e-05,0.5
SM,201630,49627--sample_49627_k141_661679,0.018408584969386625,1.2716979896403887e-05,0.5003885003885004
SM,201630,49620--sample_49620_k141_623844,0.01969173330770895,1.443106171706603e-05,0.5007776049766719
SM,201630,49620--sample_49620_k141_122298,0.022027887669329716,1.858040424978591e-05,0.5015576323987538
SM,201630,49623--sample_49623_k141_832889,0.014765943884735577,7.912791184197208e-06,0.4992248062015504
SM,201630,49623--sample_49623_k141_1005056,0.01958747048175791,1.456532236698163e-05,0.5007776049766719
SM,201630,49620--sample_49620_k141_895151,0.023333960947872764,2.066040844476505e-05,0.5019485580670304
SM,201630,49620--sample_49620_k141_807767,0.018393272435604735,1.2673707181010656e-05,0.5003885003885004
SM,201630,49623--sample_49623_k141_941570,0.023434951541309118,2.0514511722804688e-05,0.5019485580670304
SM,201630,49628--sample_49628_k141_1852,0.017116395572875216,1.1018629888131818e-05,0.5
SM,201630,49623--sample_49623_k141_1218155,0.019771136442333144,1.4355253779116839e-05,0.5007776049766719
SM,201630,49620--sample_49620_k141_531304,0.020871284944081255,1.6443808877799768e-05,0.5011673151750973
SM,201630,49620--sample_49620_k141_525399,0.020928932197432443,1.634392792803226e-05,0.5011673151750973
SM,201630,49627--sample_49627_k141_867888,0.015974562859704965,9.45578833853555e-06,0.49961210240496506
SM,201630,49628--sample_49628_k141_1292410,0.014647808407597144,8.022405201830279e-06,0.4992248062015504
SM,201630,49624--sample_49624_k141_367618,0.01598895136114752,9.373873601903863e-06,0.49961210240496506
SM,201630,49620--sample_49620_k141_336437,0.025778875668814864,2.53650139980825e-05,0.5027322404371585
SM,201630,49620--sample_49620_k141_300555,0.01974496030698807,1.4437619617598841e-05,0.5007776049766719
SM,201630,49623--sample_49623_k141_932595,0.017271042801428188,1.0941935338999823e-05,0.5
SM,201630,49624--sample_49624_k141_886731,0.020874759291842716,1.642368422419231e-05,0.5011673151750973
SM,201630,49628--sample_49628_k141_896519,0.014663226208626205,7.987864849851004e-06,0.4992248062015504
SM,201630,49620--sample_49620_k141_537973,0.018527851139204035,1.257851663224092e-05,0.5003885003885004
SM,201630,49620--sample_49620_k141_241114,0.024446662968427763,2.3086480418359996e-05,0.5023400936037441
SM,201630,49621--sample_49621_k141_675292,0.023423446968443166,2.0536762615884418e-05,0.5019485580670304
SM,201630,49620--sample_49620_k141_713240,0.018385528591389578,1.2699865823261011e-05,0.5003885003885004
SM,201630,49628--sample_49628_k141_1335931,0.017301387522401724,1.087085136374838e-05,0.5
SM,201630,49628--sample_49628_k141_1578820,0.018401492075560764,1.270204212210311e-05,0.5003885003885004
SM,201630,49623--sample_49623_k141_595193,0.02333740590161162,2.0669045974392487e-05,0.5019485580670304
SM,201630,49620--sample_49620_k141_345775,0.0221996288484899,1.8388753246826736e-05,0.5015576323987538
SM,201630,49628--sample_49628_k141_1486095,0.023172347680551333,2.081986770135712e-05,0.5019485580670304
SM,201630,49623--sample_49623_k141_635168,0.014883732605496873,7.852986109695496e-06,0.4992248062015504
SM,201630,49624--sample_49624_k141_857349,0.017132237425217068,1.1000592513150672e-05,0.5
SM,201630,49623--sample_49623_k141_921694,0.022180670943890504,1.8416769033602097e-05,0.5015576323987538
SM,201630,49628--sample_49628_k141_870812,0.020883826013067174,1.643613091696616e-05,0.5011673151750973
SM,201630,49620--sample_49620_k141_810609,0.012355443653245896,5.41092370774176e-06,0.4984520123839009
SM,201630,49628--sample_49628_k141_729278,0.013578416428493974,6.565316457215014e-06,0.4988381099922541
SM,201630,49623--sample_49623_k141_805715,0.02463106906619243,2.2818896591482594e-05,0.5023400936037441
SM,201630,49623--sample_49623_k141_1004039,0.015798354607685576,9.555261022739667e-06,0.49961210240496506
SM,201630,49623--sample_49623_k141_783197,0.020757439643366356,1.658191373214607e-05,0.5011673151750973
SM,201630,49623--sample_49623_k141_375876,0.0245237370352894,2.3001844574099078e-05,0.5023400936037441
SM,201630,49620--sample_49620_k141_409549,0.02334490666447785,2.060587331819499e-05,0.5019485580670304
SM,201630,49628--sample_49628_k141_1401107,0.015866787475015628,9.536526800117409e-06,0.49961210240496506
SM,201630,49623--sample_49623_k141_544588,0.02080433435789182,1.6528872149046452e-05,0.5011673151750973
SM,201630,49620--sample_49620_k141_402231,0.017206075274741398,1.099052629570464e-05,0.5
SM,201630,49623--sample_49623_k141_985280,0.022194445722365102,1.8388314747572333e-05,0.5015576323987538
SM,201630,49623--sample_49623_k141_91927,0.022148807388064958,1.8395793595980227e-05,0.5015576323987538
SM,201630,49623--sample_49623_k141_1330012,0.020904067742345316,1.6414144427479676e-05,0.5011673151750973
SM,201630,49620--sample_49620_k141_596290,0.01839491651903844,1.2725157903126707e-05,0.5003885003885004
SM,201630,49628--sample_49628_k141_1712723,0.01841294268474336,1.2679187071180639e-05,0.5003885003885004
SM,201630,49623--sample_49623_k141_1131227,0.017179215304690163,1.099532345315671e-05,0.5
SM,201630,49627--sample_49627_k141_313292,0.02582752160279872,2.5345815570395634e-05,0.5027322404371585
SM,201630,49620--sample_49620_k141_209439,0.018409210319021655,1.2690938217323204e-05,0.5003885003885004
SM,201630,49627--sample_49627_k141_512927,0.020968922000300344,1.6322285901346763e-05,0.5011673151750973
SM,201630,49620--sample_49620_k141_780576,0.02210489618742168,1.8505013073323392e-05,0.5015576323987538
SM,201630,49620--sample_49620_k141_680328,0.01847374328141072,1.2612697568536433e-05,0.5003885003885004
SM,201630,49620--sample_49620_k141_471906,0.017194689309653666,1.095882395259268e-05,0.5
SM,201630,49620--sample_49620_k141_1427,0.01960425487525573,1.4547911685191963e-05,0.5007776049766719
SM,201630,49627--sample_49627_k141_576506,0.025803457417653344,2.53481769358766e-05,0.5027322404371585
SM,201630,49624--sample_49624_k141_183073,0.01978439472391048,1.4356509248360657e-05,0.5007776049766719
SM,201630,49623--sample_49623_k141_440584,0.019640752344085143,1.449919358524753e-05,0.5007776049766719
SM,201630,49620--sample_49620_k141_596468,0.02102689474749615,1.6239154521246416e-05,0.5011673151750973
SM,201630,49620--sample_49620_k141_180772,0.018421820137576563,1.2668412720248293e-05,0.5003885003885004
SM,201630,49623--sample_49623_k141_450039,0.0257028327960293,2.5485746832303415e-05,0.5027322404371585
SM,201630,49620--sample_49620_k141_267223,0.017222461426232818,1.1000413314428142e-05,0.5
SM,201630,49627--sample_49627_k141_739479,0.02088056082800906,1.64362529936609e-05,0.5011673151750973
SM,201630,49620--sample_49620_k141_400183,0.020953926190122943,1.6366162308673953e-05,0.5011673151750973
SM,201630,49620--sample_49620_k141_670690,0.01470025381809582,7.978429813379235e-06,0.4992248062015504
SM,201630,49623--sample_49623_k141_259650,0.017096484439425286,1.1114296223294877e-05,0.5
SM,201630,49623--sample_49623_k141_549495,0.022102442125406064,1.8473376437629302e-05,0.5015576323987538
SM,201630,49620--sample_49620_k141_776021,0.019623424441642542,1.4483189481908012e-05,0.5007776049766719
SM,201630,49620--sample_49620_k141_196964,0.01960570807006997,1.4473183180322722e-05,0.5007776049766719
SM,201630,49620--sample_49620_k141_840562,0.024542411257673553,2.2957043694576654e-05,0.5023400936037441
SM,201630,49623--sample_49623_k141_518176,0.02461225696883195,2.289031928713306e-05,0.5023400936037441
SM,201630,49627--sample_49627_k141_654175,0.01721152192951512,1.0968523368425567e-05,0.5
SM,201630,49627--sample_49627_k141_414467,0.01714333973952043,1.1029163951736843e-05,0.5
SM,201630,49623--sample_49623_k141_1247076,0.015916713096296484,9.502027437161858e-06,0.49961210240496506
SM,201630,49620--sample_49620_k141_374157,0.01587068200550864,9.424264147060456e-06,0.49961210240496506
SM,201630,49620--sample_49620_k141_275674,0.022041177680319563,1.858436209369222e-05,0.5015576323987538
SM,201630,49620--sample_49620_k141_577314,0.020900265205221345,1.6414572161694782e-05,0.5011673151750973
SM,201630,49620--sample_49620_k141_378471,0.017248848418363202,1.0898049208624498e-05,0.5
SM,201630,49624--sample_49624_k141_942387,0.018464521721044822,1.2673112571066186e-05,0.5003885003885004
SM,201630,49628--sample_49628_k141_1506561,0.016049380766365976,9.357778733019685e-06,0.49961210240496506
SM,201630,49624--sample_49624_k141_837100,0.01731064642696416,1.0880941726019542e-05,0.5
SM,201630,49620--sample_49620_k141_697673,0.015902748429066447,9.42953853587589e-06,0.49961210240496506
SM,201630,49623--sample_49623_k141_837177,0.024632798772296214,2.2858265520378898e-05,0.5023400936037441
SM,201630,49623--sample_49623_k141_274362,0.011068733194863687,4.352733344761292e-06,0.4980665119876257
SM,201630,49623--sample_49623_k141_283253,0.019706098311436947,1.4409023414524069e-05,0.5007776049766719
SM,201630,49623--sample_49623_k141_379355,0.01720633872909048,1.101877321152471e-05,0.5
SM,201630,49623--sample_49623_k141_180157,0.018408670699747602,1.2705311577668872e-05,0.5003885003885004
SM,201630,49620--sample_49620_k141_475809,0.01968981944347391,1.4501359209876253e-05,0.5007776049766719
SM,201630,49623--sample_49623_k141_739376,0.017306787464106268,1.0919650736153825e-05,0.5
SM,201630,49621--sample_49621_k141_178506,0.023282828041209565,2.0666600262880266e-05,0.5019485580670304
SM,201630,49620--sample_49620_k141_588205,0.017240807721299836,1.0916208490313957e-05,0.5
SM,201630,49623--sample_49623_k141_762414,0.022170153350028473,1.8381823375483648e-05,0.5015576323987538
SM,201630,49620--sample_49620_k141_308469,0.019575674674894947,1.4533547076717291e-05,0.5007776049766719
SM,201630,49620--sample_49620_k141_344961,0.014673731766926266,7.980501990503707e-06,0.4992248062015504
SM,201630,49628--sample_49628_k141_960275,0.02087104774781226,1.640567049355052e-05,0.5011673151750973
SM,201630,49628--sample_49628_k141_1438869,0.014771597186476713,7.930727056654823e-06,0.4992248062015504
SM,201630,49620--sample_49620_k141_216516,0.02107142804608721,1.6262927226226546e-05,0.5011673151750973
SM,201630,49620--sample_49620_k141_140542,0.025734168842580177,2.5472958753767915e-05,0.5027322404371585
SM,201630,49620--sample_49620_k141_350606,0.022073804598341257,1.852400530019423e-05,0.5015576323987538
SM,201630,49622--sample_49622_k141_541922,0.013463970561561811,6.665175496305225e-06,0.4988381099922541
SM,201630,49620--sample_49620_k141_562938,0.017176017168723655,1.0997998066961595e-05,0.5
SM,201630,49620--sample_49620_k141_345569,0.018406111620860508,1.2699105835187475e-05,0.5003885003885004
SM,201630,49620--sample_49620_k141_268279,0.02339262843087606,2.055405030733069e-05,0.5019485580670304
SM,201630,49620--sample_49620_k141_280585,0.023439673186470174,2.0546587238915233e-05,0.5019485580670304
SM,201630,49627--sample_49627_k141_725460,0.020967068649409008,1.6351447525823027e-05,0.5011673151750973
SM,201630,49628--sample_49628_k141_884471,0.018419743029006813,1.2663108326280868e-05,0.5003885003885004
SM,201630,49628--sample_49628_k141_389027,0.019622567918904658,1.4544591544161692e-05,0.5007776049766719
SM,201630,49620--sample_49620_k141_868983,0.019586967817091006,1.4532637012696207e-05,0.5007776049766719
SM,201630,49623--sample_49623_k141_441108,0.02335185138977064,2.0654952420134e-05,0.5019485580670304
SM,201630,49620--sample_49620_k141_469999,0.022099405982692704,1.8471141644971227e-05,0.5015576323987538
SM,201630,49620--sample_49620_k141_853803,0.01969488810813275,1.4452790536254022e-05,0.5007776049766719
SM,201630,49620--sample_49620_k141_848181,0.02213884870494618,1.8431902168749845e-05,0.5015576323987538
SM,201630,49627--sample_49627_k141_696542,0.024631184861584894,2.2874599787149402e-05,0.5023400936037441
SM,201630,49620--sample_49620_k141_794699,0.018508879098581683,1.2649431587492624e-05,0.5003885003885004
SM,201630,49620--sample_49620_k141_614701,0.02446535710888005,2.3034830441733117e-05,0.5023400936037441
SM,201630,49620--sample_49620_k141_175692,0.020916082657137437,1.6385693489085537e-05,0.5011673151750973
SM,201630,49625--sample_49625_k141_399547,0.013485609645693937,6.672537556258444e-06,0.4988381099922541
SM,201630,49620--sample_49620_k141_714399,0.02217853229202642,1.8434456302556642e-05,0.5015576323987538
SM,201630,49628--sample_49628_k141_1350362,0.01974458151122691,1.4387864803895202e-05,0.5007776049766719
SM,201630,49620--sample_49620_k141_642954,0.01609022584390842,9.32993252000825e-06,0.49961210240496506
SM,201630,49628--sample_49628_k141_1269653,0.018639664528041673,1.2516502471100704e-05,0.5003885003885004
SM,201630,49628--sample_49628_k141_1723366,0.022217375870290237,1.8380906516576072e-05,0.5015576323987538
SM,201630,49622--sample_49622_k141_970025,0.015839530170357004,9.440346959454297e-06,0.49961210240496506
SM,201630,49627--sample_49627_k141_421323,0.020999010265087423,1.626142663652208e-05,0.5011673151750973
SM,201630,49628--sample_49628_k141_1029201,0.017115413984346767,1.1073922058376778e-05,0.5
SM,201630,49628--sample_49628_k141_1211821,0.0246945791176825,2.2860736752138448e-05,0.5023400936037441
SM,201630,49622--sample_49622_k141_822455,0.02083213788679741,1.654303744804359e-05,0.5011673151750973
SM,201630,49620--sample_49620_k141_584834,0.021967675482413098,1.8637926323220493e-05,0.5015576323987538
SM,201630,49620--sample_49620_k141_750463,0.017330802822723666,1.08686252224291e-05,0.5
SM,201630,49623--sample_49623_k141_19062,0.023375646475606086,2.059019740882595e-05,0.5019485580670304
SM,201630,49628--sample_49628_k141_1303741,0.020738664999804913,1.6558815672515387e-05,0.5011673151750973
SM,201630,49627--sample_49627_k141_598482,0.020911497198710053,1.6454551471117624e-05,0.5011673151750973
SM,201630,49623--sample_49623_k141_1355655,0.022136277901587908,1.8422243078228452e-05,0.5015576323987538
SM,201630,49623--sample_49623_k141_303771,0.015892791405049223,9.434044220478158e-06,0.49961210240496506
SM,201630,49620--sample_49620_k141_609283,0.0196390157801276,1.4445166547150706e-05,0.5007776049766719
SM,201630,49628--sample_49628_k141_1400465,0.02334136598808459,2.0612753827548413e-05,0.5019485580670304
SM,201630,49621--sample_49621_k141_1077144,0.019726620776117785,1.4429975761402303e-05,0.5007776049766719
SM,201630,49620--sample_49620_k141_175085,0.016043632630415947,9.372518249301595e-06,0.49961210240496506
SM,201630,49620--sample_49620_k141_473245,0.02092483536046877,1.6392621887496172e-05,0.5011673151750973
SM,201630,49628--sample_49628_k141_751758,0.014747004396873327,8.027026650628007e-06,0.4992248062015504
SM,201630,49620--sample_49620_k141_529134,0.0185242100990373,1.2563751934648334e-05,0.5003885003885004
SM,201630,49623--sample_49623_k141_854320,0.01461875864278802,8.011191881272573e-06,0.4992248062015504
SM,201630,49620--sample_49620_k141_479378,0.018407567894866257,1.2684001111923192e-05,0.5003885003885004
SM,201630,49623--sample_49623_k141_485845,0.02084440337987723,1.647889606577876e-05,0.5011673151750973
SM,201630,49623--sample_49623_k141_1104290,0.020986751240344298,1.6289128001287117e-05,0.5011673151750973
SM,201630,49620--sample_49620_k141_802175,0.018518844774145674,1.259536343862948e-05,0.5003885003885004
SM,201630,49620--sample_49620_k141_708196,0.02095855300581085,1.6347295093786335e-05,0.5011673151750973
SM,201630,49623--sample_49623_k141_239529,0.01452140846401913,8.104912514537403e-06,0.4992248062015504
SM,201630,49627--sample_49627_k141_524154,0.024708292054080833,2.2784031899456808e-05,0.5023400936037441
SM,201630,49627--sample_49627_k141_871592,0.017132005716960014,1.1022535913054025e-05,0.5
SM,201630,49624--sample_49624_k141_462272,0.02214802820073909,1.8511124324687602e-05,0.5015576323987538
SM,201630,49620--sample_49620_k141_609029,0.019606180643052168,1.4541907740866537e-05,0.5007776049766719
SM,201630,49627--sample_49627_k141_650344,0.016047998867742216,9.347581787046043e-06,0.49961210240496506
SM,201630,49620--sample_49620_k141_792699,0.02448196766055505,2.302114607734371e-05,0.5023400936037441
SM,201630,49620--sample_49620_k141_882729,0.01977250394677913,1.4372961803577883e-05,0.5007776049766719
SM,201630,49620--sample_49620_k141_510128,0.025852090624019584,2.5317241579814494e-05,0.5027322404371585
SM,201630,49620--sample_49620_k141_828425,0.022175828366486336,1.837648907460581e-05,0.5015576323987538
SM,201630,49623--sample_49623_k141_973496,0.01719919841819782,1.1008591648295755e-05,0.5
SM,201630,49623--sample_49623_k141_593582,0.019719172380252642,1.4409762793748922e-05,0.5007776049766719
SM,201630,49621--sample_49621_k141_409291,0.020737454880948164,1.6526768370149754e-05,0.5011673151750973
SM,201630,49620--sample_49620_k141_700704,0.02332314163380298,2.0674001805930746e-05,0.5019485580670304
SM,201630,49623--sample_49623_k141_1317120,0.019706446584420213,1.4456229366116412e-05,0.5007776049766719
SM,201630,49623--sample_49623_k141_727605,0.020826109130707204,1.646930608218507e-05,0.5011673151750973
SM,201630,49628--sample_49628_k141_1487610,0.02216788501618634,1.8440431807006207e-05,0.5015576323987538
SM,201630,49627--sample_49627_k141_858468,0.013586610976488233,6.563878969924392e-06,0.4988381099922541
SM,201630,49623--sample_49623_k141_170441,0.018361624317988857,1.273552225653384e-05,0.5003885003885004
SM,201630,49628--sample_49628_k141_1767191,0.019778002917714012,1.4390293002494811e-05,0.5007776049766719
SM,201630,49627--sample_49627_k141_190321,0.02216636693450947,1.84188168589471e-05,0.5015576323987538
SM,201630,49627--sample_49627_k141_749238,0.014634270841175252,8.06432920871353e-06,0.4992248062015504
SM,201630,49620--sample_49620_k141_552424,0.01845593725696648,1.2632608693351611e-05,0.5003885003885004
SM,201630,49623--sample_49623_k141_828017,0.019828694832259512,1.4285710881786896e-05,0.5007776049766719
SM,201630,49627--sample_49627_k141_462720,0.01837941838541333,1.2695297889591615e-05,0.5003885003885004
SM,201630,49621--sample_49621_k141_762393,0.013581534877470033,6.587962964289407e-06,0.4988381099922541
SM,201630,49620--sample_49620_k141_900294,0.023435196991826588,2.0552025189833942e-05,0.5019485580670304
SM,201630,49621--sample_49621_k141_452052,0.018369870497789202,1.2729104046557968e-05,0.5003885003885004
SM,201630,49621--sample_49621_k141_784926,0.024677390365107944,2.2836433242030212e-05,0.5023400936037441
SM,201630,49620--sample_49620_k141_464073,0.02085239817146091,1.645438646199279e-05,0.5011673151750973
SM,201630,49623--sample_49623_k141_402753,0.01847009443426708,1.2619928306731656e-05,0.5003885003885004
SM,201630,49626--sample_49626_k141_514911,0.018477674395105195,1.2622048641127939e-05,0.5003885003885004
SM,201630,49620--sample_49620_k141_89916,0.0122761978694033,5.424899059440388e-06,0.4980665119876257
SM,201630,49621--sample_49621_k141_394250,0.020995908796441153,1.63545933992489e-05,0.5011673151750973
SM,201630,49621--sample_49621_k141_806897,0.022063051712778354,1.8554197763567247e-05,0.5015576323987538
SM,201630,49628--sample_49628_k141_934206,0.01951095793276954,1.465841001980074e-05,0.5007776049766719
SM,201630,49628--sample_49628_k141_1580996,0.025822169032238124,2.5297092735492434e-05,0.5027322404371585
SM,201630,49623--sample_49623_k141_731714,0.01843251665664094,1.2649877276328877e-05,0.5003885003885004
SM,201630,49623--sample_49623_k141_770561,0.02089887979770655,1.6483432008728694e-05,0.5011673151750973
SM,201630,49627--sample_49627_k141_829391,0.0221301418877587,1.851578013857954e-05,0.5015576323987538
SM,201630,49627--sample_49627_k141_571973,0.024668544121410972,2.2842991699233247e-05,0.5023400936037441
SM,201630,49620--sample_49620_k141_93113,0.019659784227053004,1.4466955068336446e-05,0.5007776049766719
SM,201630,49623--sample_49623_k141_687281,0.02088770923358688,1.6416674651909872e-05,0.5011673151750973
SM,201630,49626--sample_49626_k141_590008,0.022179234686374377,1.847605460705843e-05,0.5015576323987538
SM,201630,49620--sample_49620_k141_895379,0.018464747765524158,1.2643008828441358e-05,0.5003885003885004
SM,201630,49620--sample_49620_k141_98203,0.019728798883894776,1.4447779589654282e-05,0.5007776049766719
SM,201630,49625--sample_49625_k141_188852,0.015979761257501394,9.408979588466365e-06,0.49961210240496506
SM,201630,49620--sample_49620_k141_313162,0.01604671095401513,9.390142054412566e-06,0.49961210240496506
SM,201630,49627--sample_49627_k141_276556,0.019702149170962677,1.4491691312465137e-05,0.5007776049766719
SM,201630,49628--sample_49628_k141_1632557,0.02081771146347932,1.65538052441067e-05,0.5011673151750973
SM,201630,49623--sample_49623_k141_1254467,0.019734491825449046,1.4437547624047455e-05,0.5007776049766719
SM,201630,49623--sample_49623_k141_824443,0.019687585036113515,1.4536713157637878e-05,0.5007776049766719
SM,201630,49620--sample_49620_k141_806638,0.020990576672943993,1.6284153427023194e-05,0.5011673151750973
SM,201630,49620--sample_49620_k141_304248,0.018441608906468523,1.265991328060105e-05,0.5003885003885004
SM,201630,49620--sample_49620_k141_174776,0.022154614029419272,1.8382640480929277e-05,0.5015576323987538
SM,201630,49620--sample_49620_k141_347387,0.017178728325400256,1.1018880280146013e-05,0.5
SM,201630,49627--sample_49627_k141_177413,0.017376982829318554,1.0818179270090692e-05,0.5
SM,201630,49620--sample_49620_k141_386392,0.018460480915926364,1.2640912443322022e-05,0.5003885003885004
SM,201630,49620--sample_49620_k141_822760,0.023350596715714933,2.0647537584728666e-05,0.5019485580670304
SM,201630,49627--sample_49627_k141_319949,0.017045087335098536,1.1123108404042365e-05,0.5
SM,201630,49620--sample_49620_k141_343081,0.024554845417440872,2.2982464984694528e-05,0.5023400936037441
SM,201630,49620--sample_49620_k141_629202,0.02346546138994166,2.0477522190986745e-05,0.5019485580670304
SM,201630,49620--sample_49620_k141_300959,0.018486621312706956,1.260575007688991e-05,0.5003885003885004
SM,201630,49628--sample_49628_k141_964811,0.01835029826161933,1.269772856066112e-05,0.5003885003885004
SM,201630,49620--sample_49620_k141_498807,0.018532173568276824,1.2554976317597152e-05,0.5003885003885004
SM,201630,49627--sample_49627_k141_729568,0.019727655816834052,1.4422107459284833e-05,0.5007776049766719
SM,201630,49623--sample_49623_k141_744433,0.01978772229706836,1.4393256536541446e-05,0.5007776049766719
SM,201630,49627--sample_49627_k141_633653,0.025739715816786846,2.5404492870276607e-05,0.5027322404371585
SM,201630,49620--sample_49620_k141_883152,0.016088174676150736,9.354545670471292e-06,0.49961210240496506
SM,201630,49627--sample_49627_k141_515529,0.01715733087809457,1.1023169242759182e-05,0.5
SM,201630,49620--sample_49620_k141_550159,0.017112560371493783,1.1053419532531737e-05,0.5
SM,201630,49624--sample_49624_k141_957901,0.024503007548156132,2.3022821484023723e-05,0.5023400936037441
SM,201630,49623--sample_49623_k141_70638,0.023351285818616906,2.0655860872320632e-05,0.5019485580670304
SM,201630,49620--sample_49620_k141_33066,0.022075942768955845,1.8477197754894914e-05,0.5015576323987538
SM,201630,49620--sample_49620_k141_212651,0.022079937916701414,1.8515686429083233e-05,0.5015576323987538
SM,201630,49623--sample_49623_k141_825568,0.02215039162488852,1.8420846344526627e-05,0.5015576323987538
SM,201630,49620--sample_49620_k141_349419,0.022106468565822227,1.8511174952990808e-05,0.5015576323987538
SM,201630,49625--sample_49625_k141_389451,0.025721753442230787,2.5427911270900447e-05,0.5027322404371585
SM,201630,49623--sample_49623_k141_638582,0.018373635595152597,1.2711615970953698e-05,0.5003885003885004
SM,201630,49623--sample_49623_k141_1032962,0.018590222358290585,1.2547573131359277e-05,0.5003885003885004
SM,201630,49620--sample_49620_k141_772901,0.017253115412031634,1.0923928882483118e-05,0.5
SM,201630,49623--sample_49623_k141_341484,0.0246285704924484,2.2882684259756063e-05,0.5023400936037441
SM,201630,49627--sample_49627_k141_837948,0.021032617923186718,1.6321309423750818e-05,0.5011673151750973
SM,201630,49622--sample_49622_k141_625868,0.0233771332132996,2.0579330512057807e-05,0.5019485580670304
SM,201630,49621--sample_49621_k141_998779,0.02459925962989815,2.295307200219097e-05,0.5023400936037441
SM,201630,49627--sample_49627_k141_754865,0.025888070102279143,2.5298724866173877e-05,0.5027322404371585
SM,201630,49620--sample_49620_k141_315313,0.0196653346038945,1.4486322624483711e-05,0.5007776049766719
SM,201630,49623--sample_49623_k141_728033,0.018403789991028256,1.2724881512351345e-05,0.5003885003885004
SM,201630,49620--sample_49620_k141_92586,0.014773668245414531,7.959018439253125e-06,0.4988381099922541
SM,201630,49625--sample_49625_k141_364346,0.022134321687970717,1.845632441036424e-05,0.5015576323987538
SM,201630,49627--sample_49627_k141_490345,0.02097922290312569,1.6293755837519202e-05,0.5011673151750973
SM,201630,49628--sample_49628_k141_1593967,0.02209558584995468,1.846828615815176e-05,0.5015576323987538
SM,201630,49623--sample_49623_k141_540693,0.018522385857939788,1.2569496853264207e-05,0.5003885003885004
SM,201630,49627--sample_49627_k141_593011,0.02332654113604123,2.0670855281196327e-05,0.5019485580670304
SM,201630,49623--sample_49623_k141_100166,0.0207724748940552,1.653117210589887e-05,0.5011673151750973
SM,201630,49620--sample_49620_k141_188761,0.01848852767249386,1.2586627081722314e-05,0.5003885003885004
SM,201630,49620--sample_49620_k141_852859,0.015895743011352898,9.55453412118385e-06,0.49961210240496506
SM,201630,49620--sample_49620_k141_891883,0.01591932267864376,9.438757827397747e-06,0.49961210240496506
SM,201630,49620--sample_49620_k141_165300,0.023458288732092932,2.0500393883696225e-05,0.5019485580670304
SM,201630,49623--sample_49623_k141_942149,0.01495097029352443,7.835033982739788e-06,0.4992248062015504
SM,201630,49620--sample_49620_k141_749019,0.0147732672454976,7.948202242136321e-06,0.4992248062015504
SM,201630,49620--sample_49620_k141_34612,0.020949750187587032,1.635193594446977e-05,0.5011673151750973
SM,201630,49620--sample_49620_k141_619265,0.01725645812327632,1.098577801862348e-05,0.5
SM,201630,49620--sample_49620_k141_163204,0.02201463487072518,1.8578960981865214e-05,0.5015576323987538
SM,201630,49627--sample_49627_k141_894207,0.020889477697292467,1.64628960603994e-05,0.5011673151750973
SM,201630,49620--sample_49620_k141_892610,0.01956467848504483,1.4568762704934772e-05,0.5007776049766719
SM,201630,49620--sample_49620_k141_879678,0.01973052003802284,1.4385922107473064e-05,0.5007776049766719
SM,201630,49628--sample_49628_k141_549400,0.01591469931804348,9.402461061847132e-06,0.49961210240496506
SM,201630,49628--sample_49628_k141_983346,0.016108073896766578,9.288651777685136e-06,0.49961210240496506
SM,201630,49623--sample_49623_k141_702128,0.023191707188580667,2.0806737975685566e-05,0.5019485580670304
SM,201630,49623--sample_49623_k141_470609,0.015875569212284082,9.497920575241971e-06,0.49961210240496506
SM,201630,49623--sample_49623_k141_1036475,0.02196412839450867,1.8649041044208167e-05,0.5015576323987538
SM,201630,49620--sample_49620_k141_755103,0.02463713608844226,2.286488571341029e-05,0.5023400936037441
SM,201630,49621--sample_49621_k141_68092,0.023245759958132623,2.071063590416764e-05,0.5019485580670304
SM,201630,49623--sample_49623_k141_42735,0.023380757533068647,2.061335901450014e-05,0.5019485580670304
SM,201630,49628--sample_49628_k141_231843,0.014649980986407655,8.01017473963461e-06,0.4992248062015504
SM,201630,49620--sample_49620_k141_345812,0.012291434647804675,5.464698774327853e-06,0.4984520123839009
SM,201630,49625--sample_49625_k141_25563,0.017057283757830728,1.1106882717863856e-05,0.5
SM,201630,49628--sample_49628_k141_1257336,0.017139084615564484,1.1020153622719234e-05,0.5
SM,201630,49625--sample_49625_k141_223344,0.023243086747608346,2.0752154462723337e-05,0.5019485580670304
SM,201630,49620--sample_49620_k141_493131,0.022076409315019946,1.848617635446871e-05,0.5015576323987538
SM,201630,49620--sample_49620_k141_848030,0.022054366410104023,1.8539711567704658e-05,0.5015576323987538
SM,201630,49623--sample_49623_k141_905837,0.013528164964773985,6.588097844702162e-06,0.4988381099922541
SM,201630,49620--sample_49620_k141_524665,0.018342642117032355,1.2701033211602511e-05,0.5003885003885004
SM,201630,49627--sample_49627_k141_606222,0.027029721751775024,2.786209524788799e-05,0.503125
SM,201630,49627--sample_49627_k141_152302,0.01975621816476466,1.440508802247718e-05,0.5007776049766719
SM,201630,49627--sample_49627_k141_381781,0.019568968959586673,1.4566533741165085e-05,0.5007776049766719
SM,201630,49623--sample_49623_k141_1320380,0.01964535738257302,1.451197466111087e-05,0.5007776049766719
SM,201630,49620--sample_49620_k141_237655,0.027012234891999255,2.789441782350599e-05,0.503125
SM,201630,49628--sample_49628_k141_1318930,0.020869041066813157,1.64136957741991e-05,0.5011673151750973
SM,201630,49623--sample_49623_k141_1239734,0.022003147868516627,1.862722817522495e-05,0.5015576323987538
SM,201630,49620--sample_49620_k141_729130,0.01853990351550437,1.2611907699939719e-05,0.5003885003885004
SM,201630,49628--sample_49628_k141_430758,0.022049357871223137,1.854896803613809e-05,0.5015576323987538
SM,201630,49625--sample_49625_k141_170109,0.01609692914343999,9.300209978076085e-06,0.49961210240496506
SM,201630,49623--sample_49623_k141_1074520,0.014772347785619786,7.950704069805114e-06,0.4992248062015504
SM,201630,49620--sample_49620_k141_696406,0.02705073720790456,2.7884516630859728e-05,0.503125
SM,201630,49621--sample_49621_k141_304846,0.018347525331244542,1.2703423403196938e-05,0.5003885003885004
SM,201630,49620--sample_49620_k141_164103,0.017344917407450824,1.085198508113382e-05,0.5
SM,201630,49625--sample_49625_k141_39986,0.019753624487293345,1.443693344540428e-05,0.5007776049766719
SM,201630,49620--sample_49620_k141_379858,0.015830455622450328,9.491217631129687e-06,0.49961210240496506
SM,201630,49623--sample_49623_k141_787874,0.023422947417964104,2.053347432197516e-05,0.5019485580670304
SM,201630,49627--sample_49627_k141_488743,0.02205315088886608,1.8566094933515183e-05,0.5015576323987538
SM,201630,49620--sample_49620_k141_845769,0.024584161520810624,2.2905611051616555e-05,0.5023400936037441
SM,201630,49624--sample_49624_k141_823890,0.020893976506512105,1.6400473615173768e-05,0.5011673151750973
SM,201630,49623--sample_49623_k141_1142358,0.022134168595293713,1.8508567747917134e-05,0.5015576323987538
SM,201630,49623--sample_49623_k141_1351314,0.02214128307716656,1.846928140783707e-05,0.5015576323987538
SM,201630,49623--sample_49623_k141_397605,0.019581535098670836,1.4554709416405052e-05,0.5007776049766719
SM,201630,49628--sample_49628_k141_513653,0.023468714819179982,2.0495963536692222e-05,0.5019485580670304
SM,201630,49620--sample_49620_k141_880376,0.01712186115514667,1.103877904499213e-05,0.5
SM,201630,49621--sample_49621_k141_1049905,0.013500832244373361,6.666654621779381e-06,0.4988381099922541
SM,201630,49620--sample_49620_k141_42888,0.019612833788121214,1.4526689608504249e-05,0.5007776049766719
SM,201630,49628--sample_49628_k141_1150711,0.017157228635118007,1.1018792098840261e-05,0.5
SM,201630,49628--sample_49628_k141_1295079,0.008703197261346687,2.4574034409953532e-06,0.49653045489591363
SM,201630,49628--sample_49628_k141_1557966,0.0221311658815686,1.846939390809924e-05,0.5015576323987538
SM,201630,49623--sample_49623_k141_459679,0.01961094034013214,1.4576041402606514e-05,0.5007776049766719
SM,201630,49621--sample_49621_k141_253982,0.014810595978879926,7.926918018769218e-06,0.4992248062015504
SM,201630,49627--sample_49627_k141_718220,0.017402714725044788,1.0845616055883753e-05,0.5
SM,201630,49620--sample_49620_k141_367257,0.017120680429407474,1.101645481016298e-05,0.5
SM,201630,49621--sample_49621_k141_1078957,0.018375570097637416,1.2743059094613507e-05,0.5003885003885004
SM,201630,49620--sample_49620_k141_350880,0.02455115730098634,2.2944472072511882e-05,0.5023400936037441
SM,201630,49623--sample_49623_k141_1156595,0.01976537433698359,1.4428291820097482e-05,0.5007776049766719
SM,201630,49625--sample_49625_k141_264927,0.02091266119957831,1.6401366515605024e-05,0.5011673151750973
SM,201630,49628--sample_49628_k141_609789,0.017036887717587094,1.1153415843183555e-05,0.5
SM,201630,49620--sample_49620_k141_108508,0.023348843262619788,2.067649336281938e-05,0.5019485580670304
SM,201630,49624--sample_49624_k141_930198,0.02213174570193832,1.847563477598317e-05,0.5015576323987538
SM,201630,49626--sample_49626_k141_577843,0.01841886052451283,1.2727866263300159e-05,0.5003885003885004
SM,201630,49624--sample_49624_k141_404074,0.02468580547850407,2.2780989046427754e-05,0.5023400936037441
SM,201630,49620--sample_49620_k141_557772,0.01719522442236154,1.101392709894027e-05,0.5
SM,201630,49628--sample_49628_k141_1571541,0.017228294388276544,1.0964244483865709e-05,0.5
SM,201630,49623--sample_49623_k141_469107,0.019650239042748104,1.4479798728082272e-05,0.5007776049766719
SM,201630,49626--sample_49626_k141_793367,0.01714323727265029,1.100984859048217e-05,0.5
SM,201630,49621--sample_49621_k141_679065,0.019656680180089703,1.4439356142470322e-05,0.5003885003885004
SM,201630,49623--sample_49623_k141_721938,0.01851331981518676,1.258968176392513e-05,0.5003885003885004
SM,201630,49624--sample_49624_k141_904286,0.020865754579788044,1.6408413127634173e-05,0.5011673151750973
SM,201630,49624--sample_49624_k141_1055872,0.020918871108698566,1.637547435557383e-05,0.5011673151750973
SM,201630,49624--sample_49624_k141_683558,0.011157073788049192,4.2974742395509485e-06,0.4980665119876257
SM,201630,49620--sample_49620_k141_710837,0.01845311500970607,1.2687680367073518e-05,0.5003885003885004
SM,201630,49624--sample_49624_k141_853813,0.02345049465888181,2.0501362075189152e-05,0.5019485580670304
SM,201630,49620--sample_49620_k141_726559,0.018385616029905797,1.269422963910067e-05,0.5003885003885004
SM,201630,49622--sample_49622_k141_1283027,0.017204262467731386,1.1045243546953994e-05,0.5
SM,201630,49628--sample_49628_k141_1606068,0.017255663674189712,1.0960477427251913e-05,0.5
SM,201630,49620--sample_49620_k141_832586,0.018354729716254348,1.2724152129612522e-05,0.5003885003885004
SM,201630,49627--sample_49627_k141_376887,0.020909491159950833,1.6375043907348872e-05,0.5011673151750973
SM,201630,49620--sample_49620_k141_290753,0.01850654022341961,1.2611253596403656e-05,0.5003885003885004
SM,201630,49621--sample_49621_k141_716554,0.01840888201232716,1.2710903646060596e-05,0.5003885003885004
SM,201630,49623--sample_49623_k141_844041,0.022083504278193795,1.849090748065694e-05,0.5015576323987538
SM,201630,49623--sample_49623_k141_611020,0.019774432528836042,1.440013262481005e-05,0.5007776049766719
SM,201630,49620--sample_49620_k141_112955,0.01715460302067527,1.105576909336271e-05,0.5
SM,201630,49620--sample_49620_k141_463131,0.01952753606667151,1.4603236383013585e-05,0.5007776049766719
SM,201630,49621--sample_49621_k141_990772,0.017342588228045828,1.083422386293311e-05,0.5
SM,201630,49620--sample_49620_k141_790877,0.01977019980248269,1.4362085117158004e-05,0.5007776049766719
SM,201630,49620--sample_49620_k141_448102,0.019711058417599087,1.4417726180338534e-05,0.5007776049766719
SM,201630,49620--sample_49620_k141_748451,0.014680264153619208,8.018828852426384e-06,0.4992248062015504
SM,201630,49620--sample_49620_k141_868481,0.02088038696128442,1.64117702276744e-05,0.5011673151750973
SM,201630,49625--sample_49625_k141_231859,0.01606437110739665,9.346235411619746e-06,0.49961210240496506
SM,201630,49623--sample_49623_k141_562214,0.023362871097231196,2.06311132769539e-05,0.5019485580670304
SM,201630,49623--sample_49623_k141_1002962,0.019824874380910434,1.4287856105882028e-05,0.5007776049766719
SM,201630,49620--sample_49620_k141_214413,0.023288302171100988,2.0687406326693555e-05,0.5019485580670304
SM,201630,49623--sample_49623_k141_673444,0.016041312891709347,9.328733001921668e-06,0.49961210240496506
SM,201630,49620--sample_49620_k141_230781,0.01858187161922203,1.2522212889733528e-05,0.5003885003885004
SM,201630,49627--sample_49627_k141_405880,0.022112559912050148,1.846559903412213e-05,0.5015576323987538
SM,201630,49623--sample_49623_k141_207193,0.01474896835338513,7.974189814475514e-06,0.4992248062015504
SM,201630,49623--sample_49623_k141_1169751,0.01964944655899582,1.4419943029272346e-05,0.5007776049766719
SM,201630,49624--sample_49624_k141_468988,0.024577487285969844,2.290169850807832e-05,0.5023400936037441
SM,201630,49620--sample_49620_k141_33513,0.022082222444699366,1.8464046624664502e-05,0.5015576323987538
SM,201630,49623--sample_49623_k141_449686,0.019579700302286847,1.4570906076752558e-05,0.5007776049766719
SM,201630,49627--sample_49627_k141_808611,0.021047201750501395,1.6222004786415542e-05,0.5011673151750973
SM,201630,49641--sample_49641_k141_362688,0.012189243769650701,5.470389716536292e-06,0.4980665119876257
SM,201630,49617--sample_49617_k141_39355,0.018456050072222,1.2622720782210593e-05,0.5003885003885004
SM,201630,49617--sample_49617_k141_35967,0.023431303712082,2.0532875767768244e-05,0.5019485580670304
SM,201630,49640--sample_49640_k141_205688,0.01365417939374295,6.562249484338805e-06,0.4988381099922541
SM,201630,49617--sample_49617_k141_209877,0.017251545333497275,1.1011063379922006e-05,0.5
SM,201630,49617--sample_49617_k141_139293,0.0221493017246759,1.8460468464218138e-05,0.5015576323987538
SM,201630,49642--sample_49642_k141_460602,0.027075257521237822,2.788334373460536e-05,0.503125
SM,201630,49642--sample_49642_k141_46529,0.017243695032864503,1.0920004490557686e-05,0.5
SM,201630,49631--sample_49631_k141_943460,0.023391770174751834,2.0583531170052827e-05,0.5019485580670304
SM,201630,49617--sample_49617_k141_181765,0.018593388220523,1.2507628546240374e-05,0.5003885003885004
SM,201630,53600--sample_53600_k141_319847,0.02336238081139376,2.0572932496949448e-05,0.5019485580670304
SM,201630,49641--sample_49641_k141_517007,0.02459201083076879,2.2930462350721286e-05,0.5023400936037441
SM,201630,49617--sample_49617_k141_231031,0.02212702610662585,1.8461702297467897e-05,0.5015576323987538
SM,201630,49617--sample_49617_k141_157639,0.020855260344165585,1.6417732077435486e-05,0.5011673151750973
SM,201630,49640--sample_49640_k141_443474,0.023317955157021755,2.0702700617707336e-05,0.5019485580670304
SM,201630,49641--sample_49641_k141_569411,0.015938972313256396,9.415336888737488e-06,0.49961210240496506
SM,201630,49617--sample_49617_k141_244635,0.018412928755574723,1.2668905086852585e-05,0.5003885003885004
SM,201630,49633--sample_49633_k141_1364744,0.017127473152033883,1.1047357599478167e-05,0.5
SM,201630,49638--sample_49638_k141_334434,0.018536425110283077,1.2584807691179249e-05,0.5003885003885004
SM,201630,49631--sample_49631_k141_788735,0.011197564840561084,4.261237104560279e-06,0.49768160741885625
SM,201630,49631--sample_49631_k141_901628,0.024569993538897796,2.293256123272768e-05,0.5023400936037441
SM,201630,49615--sample_49615_k141_45890,0.022092087448792756,1.8515465824101062e-05,0.5015576323987538
SM,201630,49633--sample_49633_k141_1000571,0.020956445091092502,1.638619776413977e-05,0.5011673151750973
SM,201630,53600--sample_53600_k141_432760,0.022167901248268142,1.8401746458692955e-05,0.5015576323987538
SM,201630,49631--sample_49631_k141_1063072,0.018385803855317805,1.2742970668189145e-05,0.5003885003885004
SM,201630,49617--sample_49617_k141_126624,0.018379979539288216,1.2693869830950894e-05,0.5003885003885004
SM,201630,49617--sample_49617_k141_63436,0.022144063687134667,1.8454996438536002e-05,0.5015576323987538
SM,201630,49613--sample_49613_k141_516056,0.01836655031979653,1.276770143892345e-05,0.5003885003885004
SM,201630,49638--sample_49638_k141_849125,0.0208849291785079,1.6483624768550765e-05,0.5011673151750973
SM,201630,49633--sample_49633_k141_1105803,0.017260447126322555,1.0930197489988252e-05,0.5
SM,201630,49631--sample_49631_k141_713683,0.014825337334594273,7.887737937589001e-06,0.4992248062015504
SM,201630,49618--sample_49618_k141_24979,0.017115267610290582,1.106811351819905e-05,0.5
SM,201630,49641--sample_49641_k141_526586,0.02226602376195796,1.8352079654319358e-05,0.5015576323987538
SM,201630,49641--sample_49641_k141_594405,0.018405852037823325,1.2697140560398743e-05,0.5003885003885004
SM,201630,49630--sample_49630_k141_653913,0.024572873546775998,2.2985557058332294e-05,0.5023400936037441
SM,201630,49617--sample_49617_k141_71919,0.01592337832359794,9.418869008685897e-06,0.49961210240496506
SM,201630,49617--sample_49617_k141_269743,0.020849007471014456,1.6445678059614688e-05,0.5011673151750973
SM,201630,49631--sample_49631_k141_327282,0.018454320628831174,1.2669936583892571e-05,0.5003885003885004
SM,201630,49613--sample_49613_k141_428032,0.020979393087411213,1.6299875219759938e-05,0.5011673151750973
SM,201630,49617--sample_49617_k141_32695,0.0208747308591129,1.6453345948318986e-05,0.5011673151750973
SM,201630,49618--sample_49618_k141_231410,0.02210644554223272,1.847461155703308e-05,0.5015576323987538
SM,201630,49618--sample_49618_k141_106535,0.02088267006538652,1.6402713517390865e-05,0.5011673151750973
SM,201630,49631--sample_49631_k141_478760,0.01845265858241848,1.2670532954733155e-05,0.5003885003885004
SM,201630,49631--sample_49631_k141_269696,0.02089494383798583,1.6444194021515177e-05,0.5011673151750973
SM,201630,49633--sample_49633_k141_1125289,0.02100986382333765,1.6275781488697108e-05,0.5011673151750973
SM,201630,49641--sample_49641_k141_479465,0.022161471080120832,1.8428625712841946e-05,0.5015576323987538
SM,201630,49631--sample_49631_k141_1077431,0.02338543313790678,2.059788479570539e-05,0.5019485580670304
SM,201630,53598--sample_53598_k141_177344,0.017079811363276853,1.107735589595545e-05,0.5
SM,201630,49631--sample_49631_k141_406326,0.01849251291742042,1.2620319182515404e-05,0.5003885003885004
SM,201630,49617--sample_49617_k141_153159,0.023344336621742217,2.0656893233286538e-05,0.5019485580670304
SM,201630,49641--sample_49641_k141_335608,0.020760165167330848,1.6505288744223635e-05,0.5011673151750973
SM,201630,49633--sample_49633_k141_461652,0.02213779473896569,1.8464186282296203e-05,0.5015576323987538
SM,201630,49641--sample_49641_k141_610039,0.024657715794243376,2.279765692338144e-05,0.5023400936037441
SM,201630,49641--sample_49641_k141_63970,0.023330840279068628,2.0675963989111142e-05,0.5019485580670304
SM,201630,49617--sample_49617_k141_196642,0.022217483557281353,1.837478774991817e-05,0.5015576323987538
SM,201630,49638--sample_49638_k141_293188,0.01710693556876843,1.1077990070920013e-05,0.5
SM,201630,49631--sample_49631_k141_1047950,0.020953128857551573,1.6384137473816718e-05,0.5011673151750973
SM,201630,49631--sample_49631_k141_1078132,0.01854895245757172,1.25459660746701e-05,0.5003885003885004
SM,201630,49617--sample_49617_k141_221011,0.013536295508286946,6.595959703224927e-06,0.4988381099922541
SM,201630,49641--sample_49641_k141_90630,0.018444722898557538,1.2677646147889123e-05,0.5003885003885004
SM,201630,49631--sample_49631_k141_758348,0.01713212247862577,1.1028995876627554e-05,0.5
SM,201630,49617--sample_49617_k141_246435,0.02099415157458601,1.631156987934402e-05,0.5011673151750973
SM,201630,49618--sample_49618_k141_187803,0.022315800219789753,1.8298924342261078e-05,0.5015576323987538
SM,201630,49616--sample_49616_k141_109171,0.02082884768941553,1.6475930575975924e-05,0.5011673151750973
SM,201630,49641--sample_49641_k141_532511,0.02212109642558037,1.8426110591786488e-05,0.5015576323987538
SM,201630,49617--sample_49617_k141_87747,0.023301042505991496,2.066310409772404e-05,0.5019485580670304
SM,201630,49617--sample_49617_k141_135022,0.018457153471994843,1.2656581412522872e-05,0.5003885003885004
SM,201630,49640--sample_49640_k141_411990,0.01584817114450592,9.498828534732634e-06,0.49961210240496506
SM,201630,49617--sample_49617_k141_280219,0.016140708402173416,9.272598409076366e-06,0.49961210240496506
SM,201630,53600--sample_53600_k141_381646,0.02083856246811643,1.6494581425089123e-05,0.5011673151750973
SM,201630,49631--sample_49631_k141_946880,0.022136000120958593,1.8417670575868986e-05,0.5015576323987538
SM,201630,49640--sample_49640_k141_150614,0.01972209322549453,1.4471156601587569e-05,0.5007776049766719
SM,201630,49630--sample_49630_k141_766537,0.02089438082062193,1.64102804836523e-05,0.5011673151750973
SM,201630,49631--sample_49631_k141_161535,0.025838446011604604,2.5305744238321472e-05,0.5027322404371585
SM,201630,49619--sample_49619_k141_276398,0.014671841105391726,8.01024992789415e-06,0.4988381099922541
SM,201630,49635--sample_49635_k141_178072,0.017045165843136516,1.1131119103742072e-05,0.5
SM,201630,49617--sample_49617_k141_20012,0.021017600401051675,1.6261139954296794e-05,0.5011673151750973
SM,201630,49641--sample_49641_k141_266781,0.020906548237267467,1.6429103105191826e-05,0.5011673151750973
SM,201630,49640--sample_49640_k141_295713,0.023516893244911467,2.0470281134438915e-05,0.5019485580670304
SM,201630,49638--sample_49638_k141_940541,0.015996703773543883,9.435969503133325e-06,0.4992248062015504
SM,201630,49631--sample_49631_k141_125937,0.024567625695379666,2.2922487171310737e-05,0.5023400936037441
SM,201630,49617--sample_49617_k141_187462,0.018451461747346957,1.2680960785545252e-05,0.5003885003885004
SM,201630,49618--sample_49618_k141_287800,0.02329496296090658,2.0693080342183898e-05,0.5019485580670304
SM,201630,49631--sample_49631_k141_908461,0.02467120404625739,2.284062937644866e-05,0.5023400936037441
SM,201630,49642--sample_49642_k141_530007,0.023402209212656677,2.0557330496766063e-05,0.5019485580670304
SM,201630,49613--sample_49613_k141_537521,0.020930853593065353,1.635682280093381e-05,0.5011673151750973
SM,201630,49613--sample_49613_k141_11082,0.02218163007676643,1.8452162676169118e-05,0.5015576323987538
SM,201630,49631--sample_49631_k141_548732,0.019655610631103236,1.4492012531662109e-05,0.5007776049766719
SM,201630,49617--sample_49617_k141_179032,0.01711066560946042,1.1038414876009525e-05,0.5
SM,201630,49631--sample_49631_k141_862124,0.020807435904038753,1.6470028705930794e-05,0.5011673151750973
SM,201630,49641--sample_49641_k141_611231,0.01838458618406643,1.2725003820289103e-05,0.5003885003885004
SM,201630,49613--sample_49613_k141_620984,0.02107013766070981,1.6213847192316993e-05,0.5011673151750973
SM,201630,49631--sample_49631_k141_944793,0.019590453626909466,1.4498245942617606e-05,0.5007776049766719
SM,201630,49631--sample_49631_k141_692523,0.01728462467152191,1.0901166180689734e-05,0.5
SM,201630,49631--sample_49631_k141_593099,0.023295256677370885,2.075569426160184e-05,0.5019485580670304
SM,201630,49631--sample_49631_k141_707422,0.023386654265571835,2.061093571711904e-05,0.5019485580670304
SM,201630,49617--sample_49617_k141_196780,0.016152275132315964,9.26935800604666e-06,0.49961210240496506
SM,201630,49617--sample_49617_k141_216564,0.0184568309653608,1.2640946791815707e-05,0.5003885003885004
SM,201630,49618--sample_49618_k141_38856,0.016027275868768582,9.33476296936562e-06,0.49961210240496506
SM,201630,49631--sample_49631_k141_553074,0.0173467770913381,1.0886676051390768e-05,0.5
SM,201630,49641--sample_49641_k141_305580,0.02340951466636532,2.0573235955252842e-05,0.5019485580670304
SM,201630,49636--sample_49636_k141_952298,0.018448132593049556,1.2703085927452103e-05,0.5003885003885004
SM,201630,49617--sample_49617_k141_68029,0.023423672477338675,2.0573474196412728e-05,0.5019485580670304
SM,201630,49631--sample_49631_k141_644005,0.02078022513040705,1.6523187470786586e-05,0.5011673151750973
SM,201630,49617--sample_49617_k141_127714,0.017284995374222466,1.0853376623915124e-05,0.5
SM,201630,49615--sample_49615_k141_95272,0.0208344138740079,1.6478806128084086e-05,0.5011673151750973
SM,201630,49617--sample_49617_k141_122223,0.019726719052895008,1.444985237612643e-05,0.5007776049766719
SM,201630,49640--sample_49640_k141_463518,0.02218104831798235,1.839023321216888e-05,0.5015576323987538
SM,201630,49617--sample_49617_k141_226029,0.019706910747353514,1.4467165064599154e-05,0.5007776049766719
SM,201630,49617--sample_49617_k141_239445,0.015821767599780906,9.513135902830836e-06,0.49961210240496506
SM,201630,49639--sample_49639_k141_455759,0.022007420062548716,1.8557322889486347e-05,0.5015576323987538
SM,201630,49617--sample_49617_k141_136377,0.023359970999490817,2.0655993412455708e-05,0.5019485580670304
SM,201630,49619--sample_49619_k141_252582,0.023421807566546233,2.0576970321307787e-05,0.5019485580670304
SM,201630,49636--sample_49636_k141_1048953,0.024604161118528155,2.292622803133217e-05,0.5023400936037441
SM,201630,49631--sample_49631_k141_226575,0.020812959283417743,1.6508951160034875e-05,0.5011673151750973
SM,201630,49617--sample_49617_k141_27324,0.019623285962277612,1.4529114173938363e-05,0.5007776049766719
SM,201630,49617--sample_49617_k141_96456,0.01226547161786323,5.4855316321601415e-06,0.4984520123839009
SM,201630,49616--sample_49616_k141_70342,0.023387191337186294,2.0658898569784912e-05,0.5019485580670304
SM,201630,49616--sample_49616_k141_23312,0.01840616145396522,1.2703527403983765e-05,0.5003885003885004
SM,201630,49617--sample_49617_k141_118412,0.019725473653611065,1.4466199872197677e-05,0.5007776049766719
SM,201630,49617--sample_49617_k141_33665,0.0196909233608415,1.4397774739204833e-05,0.5007776049766719
SM,201630,49617--sample_49617_k141_295889,0.020884643076706018,1.6420940128123173e-05,0.5011673151750973
SM,201630,49631--sample_49631_k141_810649,0.019727946398342747,1.438694899390894e-05,0.5007776049766719
SM,201630,53601--sample_53601_k141_171030,0.023290809060575554,2.072958638649566e-05,0.5019485580670304
SM,201630,49630--sample_49630_k141_707921,0.020950038928372203,1.6387072310898986e-05,0.5011673151750973
SM,201630,49638--sample_49638_k141_729881,0.025856400944001053,2.527357860417147e-05,0.5027322404371585
SM,201630,49617--sample_49617_k141_188936,0.019754647233552327,1.4354337416695589e-05,0.5007776049766719
SM,201630,49617--sample_49617_k141_242716,0.01956055594956071,1.4546917472418716e-05,0.5007776049766719
SM,201630,49618--sample_49618_k141_228596,0.02216127416419831,1.8454467004395004e-05,0.5015576323987538
SM,201630,49633--sample_49633_k141_851659,0.022073222520551355,1.8513614471243558e-05,0.5015576323987538
SM,201630,49640--sample_49640_k141_182877,0.019620437854374694,1.4481567962452239e-05,0.5007776049766719
SM,201630,49631--sample_49631_k141_825232,0.020758200219828295,1.6539653340123842e-05,0.5011673151750973
SM,201630,49617--sample_49617_k141_262021,0.023217715069840654,2.0732200819612866e-05,0.5019485580670304
SM,201630,49636--sample_49636_k141_1215698,0.01608594148766276,9.32584998015522e-06,0.49961210240496506
SM,201630,49617--sample_49617_k141_189712,0.01729908185415816,1.0948583362011416e-05,0.5
SM,201630,49640--sample_49640_k141_235960,0.018422887842780757,1.270018459168502e-05,0.5003885003885004
SM,201630,49618--sample_49618_k141_257690,0.022150161377799203,1.841172738871823e-05,0.5015576323987538
SM,201630,49640--sample_49640_k141_178191,0.01701470877110678,1.1117981447519658e-05,0.5
SM,201630,49631--sample_49631_k141_902653,0.02346667190439323,2.0513028834831277e-05,0.5019485580670304
SM,201630,49617--sample_49617_k141_225320,0.01708136727288861,1.1049360957891876e-05,0.5
SM,201630,49641--sample_49641_k141_83077,0.02083946426673499,1.6481804036255276e-05,0.5011673151750973
SM,201630,49613--sample_49613_k141_22565,0.01714027765867812,1.097723673285806e-05,0.5
SM,201630,49617--sample_49617_k141_184740,0.018293025797710392,1.2801705153774297e-05,0.5003885003885004
SM,201630,49617--sample_49617_k141_227961,0.022119972061532028,1.85059876693505e-05,0.5015576323987538
SM,201630,49618--sample_49618_k141_119045,0.02324431545803721,2.0757438145560924e-05,0.5019485580670304
SM,201630,49630--sample_49630_k141_199862,0.01731895983209557,1.0869927284034897e-05,0.5
SM,201630,49617--sample_49617_k141_245533,0.01706054311898616,1.1139600503197521e-05,0.5
SM,201630,49618--sample_49618_k141_171794,0.01966977476863766,1.4501471854216533e-05,0.5007776049766719
SM,201630,49631--sample_49631_k141_1072308,0.022113072529466007,1.847278449445639e-05,0.5015576323987538
SM,201630,49631--sample_49631_k141_496773,0.01952549936170108,1.4578524231074683e-05,0.5007776049766719
SM,201630,49617--sample_49617_k141_179071,0.01963025250873639,1.4533892512821473e-05,0.5007776049766719
SM,201630,49642--sample_49642_k141_462958,0.019614690287541904,1.4520655554134304e-05,0.5007776049766719
SM,201630,49613--sample_49613_k141_592411,0.02097927489415712,1.635949296147903e-05,0.5011673151750973
SM,201630,49616--sample_49616_k141_116937,0.014760503609137119,7.974493684026863e-06,0.4992248062015504
SM,201630,49617--sample_49617_k141_269609,0.019720257458105354,1.4413438039421144e-05,0.5007776049766719
SM,201630,49618--sample_49618_k141_46916,0.023340791230227993,2.061843633824614e-05,0.5019485580670304
SM,201630,49617--sample_49617_k141_191897,0.014818362671687926,7.899596063020304e-06,0.4992248062015504
SM,201630,49635--sample_49635_k141_654849,0.022195143187615934,1.8388731608196613e-05,0.5015576323987538
SM,201630,49617--sample_49617_k141_87358,0.01723444517955824,1.0865776094060137e-05,0.5
SM,201630,49617--sample_49617_k141_35964,0.018556604629214248,1.2591781509667629e-05,0.5003885003885004
SM,201630,49617--sample_49617_k141_93901,0.01722122295452708,1.0972628648435457e-05,0.5
SM,201630,49613--sample_49613_k141_91953,0.019586167648332854,1.4515500135205322e-05,0.5007776049766719
SM,201630,49631--sample_49631_k141_940378,0.022113790403451482,1.8481284417629047e-05,0.5015576323987538
SM,201630,49617--sample_49617_k141_123358,0.01718126130967754,1.0977296099773234e-05,0.5
SM,201630,49631--sample_49631_k141_957429,0.01959696199639574,1.4487273755673914e-05,0.5007776049766719
SM,201630,49631--sample_49631_k141_1029560,0.021023262061860667,1.625158624665235e-05,0.5011673151750973
SM,201630,49635--sample_49635_k141_447707,0.024593465210126036,2.2891838645467736e-05,0.5023400936037441
SM,201630,49617--sample_49617_k141_144175,0.017200459689886746,1.1011102361521898e-05,0.5
SM,201630,49631--sample_49631_k141_253438,0.017258268193830008,1.0911366487618066e-05,0.5
SM,201630,49631--sample_49631_k141_20889,0.017155041944894894,1.1060736693389906e-05,0.5
SM,201630,49631--sample_49631_k141_655218,0.014572524590715452,8.05074485894629e-06,0.4992248062015504
SM,201630,49631--sample_49631_k141_816750,0.022196647360088893,1.8366450467959643e-05,0.5015576323987538
SM,201630,49633--sample_49633_k141_192674,0.022268809112282493,1.829509584979255e-05,0.5015576323987538
SM,201630,49631--sample_49631_k141_334345,0.018339217125884294,1.2700855944644578e-05,0.5003885003885004
SM,201630,49638--sample_49638_k141_15595,0.023354927110671404,2.0583550462450926e-05,0.5019485580670304
SM,201630,49638--sample_49638_k141_770173,0.023331000521769365,2.0655372376069265e-05,0.5019485580670304
SM,201630,49631--sample_49631_k141_324547,0.019719249823339904,1.4461012817715474e-05,0.5007776049766719
SM,201630,49630--sample_49630_k141_887611,0.014794252710095782,7.934841109294009e-06,0.4992248062015504
SM,201630,49618--sample_49618_k141_331372,0.01966461796569218,1.4459800789124015e-05,0.5007776049766719
SM,201630,49617--sample_49617_k141_251555,0.023426688245154273,2.051273013566913e-05,0.5019485580670304
SM,201630,49639--sample_49639_k141_508481,0.019611196954951986,1.4525990351563619e-05,0.5007776049766719
SM,201630,49618--sample_49618_k141_213627,0.019506985112527596,1.4625868825223444e-05,0.5007776049766719
SM,201630,49631--sample_49631_k141_664989,0.02452165355762745,2.299909241686282e-05,0.5023400936037441
SM,201630,49613--sample_49613_k141_104397,0.018439581146179825,1.2667856158684544e-05,0.5003885003885004
SM,201630,49641--sample_49641_k141_373091,0.020891910693523138,1.646070271378609e-05,0.5011673151750973
SM,201630,49613--sample_49613_k141_36228,0.014804096827449351,7.936498287008582e-06,0.4992248062015504
SM,201630,49640--sample_49640_k141_106204,0.017187527456949774,1.0974250670065136e-05,0.5
SM,201630,49617--sample_49617_k141_184962,0.019701303150715534,1.4406912597904176e-05,0.5007776049766719
SM,201630,49631--sample_49631_k141_269963,0.01722569546767091,1.0979963990008118e-05,0.5
SM,201630,49632--sample_49632_k141_266809,0.020822211485955783,1.6467760942034173e-05,0.5011673151750973
SM,201630,49613--sample_49613_k141_594659,0.017090951809740566,1.1098948304981176e-05,0.5
SM,201630,53598--sample_53598_k141_349839,0.025821076712176455,2.533368985774711e-05,0.5027322404371585
SM,201630,49617--sample_49617_k141_291128,0.020880434043307652,1.641998908454905e-05,0.5011673151750973
SM,201630,49631--sample_49631_k141_846808,0.017131768781217444,1.1081697087085044e-05,0.5
SM,201630,49631--sample_49631_k141_766424,0.018459182545662485,1.2673704890193982e-05,0.5003885003885004
SM,201630,49617--sample_49617_k141_283587,0.019782534225595522,1.4347426451680508e-05,0.5007776049766719
SM,201630,53602--sample_53602_k141_377025,0.016037683718158516,9.34650312588098e-06,0.49961210240496506
SM,201630,49631--sample_49631_k141_730297,0.023330116955027822,2.064569456878853e-05,0.5019485580670304
SM,201630,49615--sample_49615_k141_91147,0.02079157731191336,1.6501664969385626e-05,0.5011673151750973
SM,201630,49617--sample_49617_k141_299297,0.02079947767309834,1.6476883318420974e-05,0.5011673151750973
SM,201630,49631--sample_49631_k141_866898,0.020852031604916596,1.6502447972205235e-05,0.5011673151750973
SM,201630,49638--sample_49638_k141_452047,0.014897493110177882,7.872569086398023e-06,0.4992248062015504
SM,201630,49615--sample_49615_k141_133391,0.014739592736566566,7.967780677958319e-06,0.4992248062015504
SM,201630,49617--sample_49617_k141_63508,0.023356990410361864,2.064767069489784e-05,0.5019485580670304
SM,201630,53600--sample_53600_k141_59809,0.01979381013480969,1.4371781632833624e-05,0.5007776049766719
SM,201630,53600--sample_53600_k141_22783,0.020858032247993426,1.6467165748096082e-05,0.5011673151750973
SM,201630,49640--sample_49640_k141_328655,0.01354220574112931,6.6599288709505966e-06,0.4988381099922541
SM,201630,49633--sample_49633_k141_938818,0.01725701472236411,1.0950529593119838e-05,0.5
SM,201630,49630--sample_49630_k141_419823,0.014806854748978818,7.94629347400688e-06,0.4992248062015504
SM,201630,49630--sample_49630_k141_177312,0.023499009871523285,2.047466184983558e-05,0.5019485580670304
SM,201630,49641--sample_49641_k141_614314,0.013625783499377934,6.5573764181499645e-06,0.4988381099922541
SM,201630,49642--sample_49642_k141_410126,0.02096655883899343,1.6302393479764268e-05,0.5011673151750973
SM,201630,49617--sample_49617_k141_201511,0.01965172391657888,1.4486393081398198e-05,0.5007776049766719
SM,201630,49617--sample_49617_k141_298815,0.01735615909662187,1.0872895640612604e-05,0.5
SM,201630,49617--sample_49617_k141_61959,0.01965510172777009,1.4477283348104498e-05,0.5007776049766719
SM,201630,49617--sample_49617_k141_66360,0.016003434505694945,9.379098841863738e-06,0.49961210240496506
SM,201630,49631--sample_49631_k141_138255,0.023246844807143584,2.068911895597846e-05,0.5019485580670304
SM,201630,49617--sample_49617_k141_30728,0.02219916639019895,1.83867760785272e-05,0.5015576323987538
SM,201630,49617--sample_49617_k141_262468,0.019691408749734546,1.4489570509629723e-05,0.5007776049766719
SM,201630,49613--sample_49613_k141_620399,0.018569002127754024,1.2564083959847384e-05,0.5003885003885004
SM,201630,49631--sample_49631_k141_875953,0.0220162164754317,1.8531262449412144e-05,0.5015576323987538
SM,201630,49617--sample_49617_k141_295732,0.01247883060091455,5.304191433174002e-06,0.4984520123839009
SM,201630,49617--sample_49617_k141_178119,0.011080803865860106,4.310308202326546e-06,0.49768160741885625
SM,201630,49631--sample_49631_k141_30093,0.018447034283875837,1.2654007857423345e-05,0.5003885003885004
SM,201630,49631--sample_49631_k141_269216,0.020800917527588364,1.6540707525830384e-05,0.5011673151750973
SM,201630,49631--sample_49631_k141_1008652,0.01966977764881017,1.449646437461029e-05,0.5007776049766719
SM,201630,49617--sample_49617_k141_280480,0.019691667636928034,1.4451740906162339e-05,0.5007776049766719
SM,201630,49630--sample_49630_k141_409200,0.020921589116045605,1.642111394323132e-05,0.5011673151750973
SM,201630,49617--sample_49617_k141_276013,0.01729705287321366,1.0913991494917027e-05,0.5
SM,201630,49631--sample_49631_k141_709042,0.020890890321425912,1.6403418886663964e-05,0.5011673151750973
SM,201630,53600--sample_53600_k141_348427,0.022144365364573537,1.8437250922514815e-05,0.5015576323987538
SM,201630,49617--sample_49617_k141_26213,0.0195048456172006,1.4572123838816247e-05,0.5007776049766719
SM,201630,49617--sample_49617_k141_195700,0.016143166692317613,9.283695586909073e-06,0.49961210240496506
SM,201630,49631--sample_49631_k141_581899,0.020863756318091738,1.6429793193683032e-05,0.5011673151750973
SM,201630,49642--sample_49642_k141_628483,0.024506171319778034,2.2997711959411416e-05,0.5023400936037441
SM,201630,49613--sample_49613_k141_532078,0.019771008087855077,1.4414409177890168e-05,0.5007776049766719
SM,201630,49638--sample_49638_k141_599206,0.01971588297755719,1.4416763372513668e-05,0.5007776049766719
SM,201630,49617--sample_49617_k141_150679,0.010947746442656166,4.3792543003625246e-06,0.4980665119876257
SM,201630,49631--sample_49631_k141_1053996,0.02090232909972736,1.6413447416074242e-05,0.5011673151750973
SM,201630,49617--sample_49617_k141_167811,0.022095089148248214,1.8474444746417343e-05,0.5015576323987538
SM,201630,49616--sample_49616_k141_193497,0.014870694493814087,7.912670898908654e-06,0.4992248062015504
SM,201630,49617--sample_49617_k141_24004,0.02092733577224689,1.6373256138427777e-05,0.5011673151750973
SM,201630,49617--sample_49617_k141_77130,0.021012252878926784,1.6258277650839243e-05,0.5011673151750973
SM,201630,49631--sample_49631_k141_743481,0.020883036223462624,1.637406921100992e-05,0.5011673151750973
SM,201630,49640--sample_49640_k141_592906,0.023422620049804024,2.0594763284522213e-05,0.5019485580670304
SM,201630,49639--sample_49639_k141_495848,0.019639657273464946,1.4487366862609903e-05,0.5007776049766719
SM,201630,49631--sample_49631_k141_862268,0.01973486229983849,1.4409937882961915e-05,0.5007776049766719
SM,201630,49642--sample_49642_k141_581549,0.018351234074028243,1.2761261124522082e-05,0.5003885003885004
SM,201630,49631--sample_49631_k141_1007009,0.022067324145209743,1.85152356298029e-05,0.5015576323987538
SM,201630,49619--sample_49619_k141_441181,0.019791279879987456,1.4320079935334593e-05,0.5007776049766719
SM,201630,49631--sample_49631_k141_292675,0.01837112328834929,1.2690494006343477e-05,0.5003885003885004
SM,201630,49630--sample_49630_k141_849450,0.013435859047031479,6.656701815454405e-06,0.4988381099922541
SM,201630,49617--sample_49617_k141_278168,0.01849715462284778,1.2634906995259262e-05,0.5003885003885004
SM,201630,49613--sample_49613_k141_231441,0.018343010739950715,1.2754666276742646e-05,0.5003885003885004
SM,201630,49631--sample_49631_k141_702721,0.017088372303103266,1.1100614367921298e-05,0.5
SM,201630,49640--sample_49640_k141_152891,0.019679865612883436,1.4524615862676781e-05,0.5007776049766719
SM,201630,49641--sample_49641_k141_488055,0.019611333210419055,1.4542828842034247e-05,0.5007776049766719
SM,201630,49640--sample_49640_k141_323313,0.017262286176603973,1.1017859662681313e-05,0.5
SM,201630,49631--sample_49631_k141_1041242,0.02084710539450686,1.644465268170202e-05,0.5011673151750973
SM,201630,49618--sample_49618_k141_137535,0.024643236590553858,2.2835452612284837e-05,0.5023400936037441
SM,201630,49633--sample_49633_k141_1083728,0.019761102835708397,1.4427244719779615e-05,0.5007776049766719
SM,201630,49632--sample_49632_k141_1004910,0.018522177251980933,1.2600429834337236e-05,0.5003885003885004
SM,201630,49618--sample_49618_k141_23248,0.023441227906414005,2.054884805101948e-05,0.5019485580670304
SM,201630,49617--sample_49617_k141_72135,0.023249723759645083,2.077835594887699e-05,0.5019485580670304
SM,201630,49613--sample_49613_k141_461896,0.020886981283747462,1.6386571330404216e-05,0.5011673151750973
SM,201630,49617--sample_49617_k141_86405,0.0222174075179952,1.8325235492041183e-05,0.5015576323987538
SM,201630,49613--sample_49613_k141_165938,0.014804410015150272,7.946607991796596e-06,0.4992248062015504
SM,201630,49631--sample_49631_k141_563528,0.016026377178562885,9.366524130073281e-06,0.49961210240496506
SM,201630,49617--sample_49617_k141_160378,0.012306854855580567,5.366155171812107e-06,0.4980665119876257
SM,201630,49613--sample_49613_k141_682459,0.020960516890988334,1.6357230751784254e-05,0.5011673151750973
SM,201630,49617--sample_49617_k141_61118,0.019577242179253537,1.4529027629310728e-05,0.5007776049766719
SM,201630,49630--sample_49630_k141_343998,0.025800167457488914,2.5417165777902423e-05,0.5027322404371585
SM,201630,49617--sample_49617_k141_127335,0.0195645144928973,1.4585051716791995e-05,0.5007776049766719
SM,201630,49630--sample_49630_k141_90873,0.01973843696492414,1.4382598505841318e-05,0.5007776049766719
SM,201630,49618--sample_49618_k141_299160,0.02087804552576961,1.6474808048269713e-05,0.5011673151750973
SM,201630,49631--sample_49631_k141_167697,0.020893027406672496,1.6435531340584603e-05,0.5011673151750973
SM,201630,49631--sample_49631_k141_569685,0.02080949865264187,1.6465249431389686e-05,0.5011673151750973
SM,201630,49631--sample_49631_k141_148696,0.014801350301214088,7.943334017013672e-06,0.4992248062015504
SM,201630,49617--sample_49617_k141_282111,0.014585717642755064,8.062688016784882e-06,0.4992248062015504
SM,201630,49617--sample_49617_k141_285407,0.025765192812236923,2.543083391322876e-05,0.5027322404371585
SM,201630,49641--sample_49641_k141_284676,0.020951358765473084,1.636252486547965e-05,0.5011673151750973
SM,201630,49617--sample_49617_k141_41126,0.018449006160199486,1.264573338971304e-05,0.5003885003885004
SM,201630,49618--sample_49618_k141_58082,0.02217717270713558,1.8406647644941992e-05,0.5015576323987538
SM,201630,Sample_49638_5,0.13301736445733503,0.033930311272730766,0.5346616853466168
SM,201630,Sample_49629_9.1,0.1281171289573134,0.031120494656968038,0.5225152129817444
SM,201630,Sample_49628_42,0.1343369877544504,0.03541607266247893,0.5395894428152492
SM,201630,Sample_49624_11,0.1320746873829581,0.033619059902205886,0.5328920148944973
SM,201630,Sample_49615_24,0.13676891387919202,0.03736999678231881,0.5469214437367304
SM,201630,Sample_49624_46,0.13682582618098468,0.0363885711340646,0.5446088794926004
SM,201630,49622_ma_contigs,0.14003979178162204,0.03830382749351802,0.5530270502361528
SM,201630,Sample_49625_12,0.13457038135713215,0.03511672274515788,0.5391377145249058
SM,201630,Sample_49613_26,0.13226122700899043,0.03316856421657556,0.5320115654688146
SM,201630,Sample_49613_25,0.13433684291734338,0.035409082728108075,0.5395894428152492
SM,201630,Sample_49628_25.1,0.12515423680251156,0.030367397425759512,0.5174768983527521
SM,201630,Sample_49625_10,0.1334200926819598,0.034973863793291586,0.5373383395911556
SM,201630,Sample_49615_26.2,0.1305177843796608,0.03393318813923072,0.5315724308708213
SM,201630,Sample_49628_33.1,0.12996006788397893,0.03238846276369453,0.5276526013928717
SM,201630,Sample_49615_13,0.13258474411646076,0.03477335731547699,0.5359966708281315
SM,201630,Sample_49625_6,0.13768278817376564,0.03723727172393681,0.5478519778817524
SM,201630,Sample_49618_9,0.134987414673825,0.03581780701449652,0.5414039512400168
SM,201630,Sample_49618_42,0.1359713563930764,0.03675656479258321,0.5441487114490917
SM,201630,Sample_49618_8,0.13164700819611455,0.03361605134037139,0.5324514262091773
SM,201630,Sample_49625_17,0.13346186293737747,0.035759454848490045,0.5391377145249058
SM,201630,Sample_49618_50,0.13769182699264668,0.03680558194188175,0.5469214437367304
SM,201630,Sample_49613_28,0.128517491093551,0.032753471447255406,0.5267893660531697
SM,201630,Sample_49628_55,0.13192276874000697,0.0345655624632609,0.5346616853466168
SM,201630,Sample_49624_8,0.1366704112090168,0.0365673683973468,0.5450698264917477
SM,201630,Sample_49628_40,0.13442745065604525,0.03490348908538344,0.5386867419489754
SM,201630,Sample_49615_5.1,0.13152590991030189,0.03298720260091666,0.530696332921302
SM,201630,Sample_49615_20,0.13717412807283844,0.036326054030970764,0.5450698264917477
SM,201630,Sample_49618_39.1,0.13480129322756143,0.03640561319242698,0.5423157894736842
