Method,Number of Swaps,Node,Eigenvector Centrality,Betweenness Centrality,Closeness Centrality
SM,201630,49614--sample_49614_k141_1366290,0.018368936218825183,1.2711941743670545e-05,0.5003885003885004
SM,201630,49614--sample_49614_k141_1673869,0.022220281909862683,1.837513211400704e-05,0.5015576323987538
SM,201630,49614--sample_49614_k141_361656,0.01967334472603694,1.443479985734759e-05,0.5007776049766719
SM,201630,49614--sample_49614_k141_1427871,0.022217021476990166,1.8364125435120348e-05,0.5015576323987538
SM,201630,49614--sample_49614_k141_1684910,0.022151479940055452,1.841749763650646e-05,0.5015576323987538
SM,201630,49614--sample_49614_k141_1888333,0.02345351505538848,2.0574172009018977e-05,0.5019485580670304
SM,201630,49614--sample_49614_k141_1420726,0.01719466024048569,1.1001782301211795e-05,0.5
SM,201630,49614--sample_49614_k141_1263971,0.018542676135473134,1.252379238704569e-05,0.5003885003885004
SM,201630,49614--sample_49614_k141_1030954,0.013481828992881643,6.632612869380888e-06,0.4988381099922541
SM,201630,49614--sample_49614_k141_1613401,0.01716801278921598,1.10127398943914e-05,0.5
SM,201630,49614--sample_49614_k141_1358288,0.018351173639201954,1.2715744349830626e-05,0.5003885003885004
SM,201630,49614--sample_49614_k141_1030670,0.0196244025843866,1.4535134427868919e-05,0.5007776049766719
SM,201630,49614--sample_49614_k141_1820688,0.01348011492916417,6.623776316867474e-06,0.4988381099922541
SM,201630,49614--sample_49614_k141_1487501,0.0134887399407453,6.66993450549662e-06,0.4988381099922541
SM,201630,49614--sample_49614_k141_1651093,0.022104548995025317,1.8485393468033183e-05,0.5015576323987538
SM,201630,49614--sample_49614_k141_1675793,0.020714959785148403,1.657572299677274e-05,0.5011673151750973
SM,201630,49614--sample_49614_k141_942127,0.019679211198851923,1.445691517905904e-05,0.5007776049766719
SM,201630,49614--sample_49614_k141_656736,0.0196636811408283,1.4481615850502721e-05,0.5007776049766719
SM,201630,49614--sample_49614_k141_1678667,0.01842155400131403,1.2689806575265687e-05,0.5003885003885004
SM,201630,49614--sample_49614_k141_1943765,0.02095841077513908,1.6320734107842453e-05,0.5011673151750973
SM,201630,49614--sample_49614_k141_1816064,0.022074178171049737,1.8521752733167736e-05,0.5015576323987538
SM,201630,49614--sample_49614_k141_149411,0.023182139666938446,2.0869747709492398e-05,0.5019485580670304
SM,201630,49614--sample_49614_k141_1996265,0.0160364313087596,9.338580777525431e-06,0.49961210240496506
SM,201630,49614--sample_49614_k141_1502755,0.01845120284122482,1.265219405925077e-05,0.5003885003885004
SM,201630,49614--sample_49614_k141_259366,0.018394211137168236,1.2665562772098523e-05,0.5003885003885004
SM,201630,49614--sample_49614_k141_75054,0.020945263051036205,1.6392155986549674e-05,0.5011673151750973
SM,201630,49614--sample_49614_k141_2139,0.018452738500582187,1.2650010644712787e-05,0.5003885003885004
SM,201630,49614--sample_49614_k141_823274,0.014673333253963633,7.990486521745572e-06,0.4992248062015504
SM,201630,49614--sample_49614_k141_1735709,0.019832492558632824,1.4364160962208916e-05,0.5007776049766719
SM,201630,49614--sample_49614_k141_762662,0.02223090558772292,1.8290998362983812e-05,0.5015576323987538
SM,201630,49614--sample_49614_k141_1698348,0.01596867320494966,9.431192068105466e-06,0.49961210240496506
SM,201630,49614--sample_49614_k141_1641869,0.019617342117735852,1.452835983105801e-05,0.5007776049766719
SM,201630,49614--sample_49614_k141_262368,0.018336013449444535,1.2725327865323125e-05,0.5003885003885004
SM,201630,49614--sample_49614_k141_611934,0.026999910216428415,2.797549518080855e-05,0.503125
SM,201630,49614--sample_49614_k141_405366,0.019680497452337492,1.44523099110821e-05,0.5007776049766719
SM,201630,49614--sample_49614_k141_1298515,0.01847206394770662,1.2589334655768311e-05,0.5003885003885004
SM,201630,49614--sample_49614_k141_1081030,0.019651771803678258,1.447923243664404e-05,0.5007776049766719
SM,201630,49614--sample_49614_k141_1494757,0.019624468081879967,1.4551694431478436e-05,0.5007776049766719
SM,201630,49614--sample_49614_k141_228945,0.01606602842644624,9.328387216019395e-06,0.49961210240496506
SM,201630,49614--sample_49614_k141_651585,0.018407486106327798,1.2696434754856197e-05,0.5003885003885004
SM,201630,49614--sample_49614_k141_1667848,0.02459224624594393,2.2950086034054093e-05,0.5023400936037441
SM,201630,49614--sample_49614_k141_1582181,0.023355220938326902,2.0662141626118642e-05,0.5019485580670304
SM,201630,49614--sample_49614_k141_888599,0.012340114997406148,5.4233046441664536e-06,0.4984520123839009
SM,201630,49614--sample_49614_k141_589501,0.021015985343222406,1.6255053436257602e-05,0.5011673151750973
SM,201630,49614--sample_49614_k141_1751193,0.017188910005785596,1.0990992255331707e-05,0.5
SM,201630,49614--sample_49614_k141_1297148,0.025696635619422654,2.5470495317176182e-05,0.5027322404371585
SM,201630,49614--sample_49614_k141_2279922,0.019773397763900365,1.4382035410502834e-05,0.5007776049766719
SM,201630,49614--sample_49614_k141_311416,0.02085899683182093,1.6474347486362125e-05,0.5011673151750973
SM,201630,49614--sample_49614_k141_401001,0.02210258802345223,1.847895876666883e-05,0.5015576323987538
SM,201630,49614--sample_49614_k141_1969311,0.017212357828355576,1.0996103827721587e-05,0.5
SM,201630,49614--sample_49614_k141_239722,0.023366897026184556,2.0631177544331128e-05,0.5019485580670304
SM,201630,49614--sample_49614_k141_714468,0.022223387655150372,1.833967309311712e-05,0.5015576323987538
SM,201630,49614--sample_49614_k141_1994231,0.019793995194695022,1.4346240466945824e-05,0.5007776049766719
SM,201630,49614--sample_49614_k141_2178769,0.01973931297914747,1.4445237194797208e-05,0.5007776049766719
SM,201630,49614--sample_49614_k141_461285,0.015914009915143485,9.486295346445431e-06,0.49961210240496506
SM,201630,49614--sample_49614_k141_872999,0.017053557106616324,1.1084966446626653e-05,0.5
SM,201630,49614--sample_49614_k141_60460,0.02093214201483993,1.6361102134609196e-05,0.5011673151750973
SM,201630,49614--sample_49614_k141_2173118,0.023316611287390043,2.0674608934042915e-05,0.5019485580670304
SM,201630,49614--sample_49614_k141_1230032,0.014786763478447604,7.997847809958932e-06,0.4992248062015504
SM,201630,49614--sample_49614_k141_2164689,0.022083095750711206,1.8528043962753274e-05,0.5015576323987538
SM,201630,49614--sample_49614_k141_153009,0.0221233001532279,1.8473414850186407e-05,0.5015576323987538
SM,201630,49614--sample_49614_k141_38739,0.02324572220277061,2.0762947925263866e-05,0.5019485580670304
SM,201630,49614--sample_49614_k141_978190,0.01832523162615919,1.2784637722624047e-05,0.5003885003885004
SM,201630,49614--sample_49614_k141_1331948,0.017161499842911918,1.1053254760235139e-05,0.5
SM,201630,49614--sample_49614_k141_736090,0.023317037400994618,2.0765434756793827e-05,0.5019485580670304
SM,201630,49614--sample_49614_k141_693752,0.020924396709371712,1.6359510936579413e-05,0.5011673151750973
SM,201630,49614--sample_49614_k141_768537,0.02210546981032663,1.851971014273701e-05,0.5015576323987538
SM,201630,49614--sample_49614_k141_1297508,0.024585889499912292,2.294514489335589e-05,0.5023400936037441
SM,201630,49614--sample_49614_k141_1820469,0.020908647401285566,1.6414728091240275e-05,0.5011673151750973
SM,201630,49614--sample_49614_k141_983271,0.025825694836940336,2.533214365582427e-05,0.5027322404371585
SM,201630,49614--sample_49614_k141_1706254,0.02080814571331846,1.6496409114861372e-05,0.5011673151750973
SM,201630,49614--sample_49614_k141_2143008,0.02350112394889181,2.0444213843343047e-05,0.5019485580670304
SM,201630,49614--sample_49614_k141_917802,0.018491375228354267,1.2652529236579833e-05,0.5003885003885004
SM,201630,49614--sample_49614_k141_1082226,0.020953086726333624,1.6406345803156392e-05,0.5011673151750973
SM,201630,49614--sample_49614_k141_2049411,0.025891400811952858,2.524807156249376e-05,0.5027322404371585
SM,201630,49614--sample_49614_k141_1581344,0.018527260201235938,1.2606806626808674e-05,0.5003885003885004
SM,201630,49614--sample_49614_k141_625148,0.022179291057237732,1.8379102149603088e-05,0.5015576323987538
SM,201630,49614--sample_49614_k141_1609489,0.01848323843867747,1.264128698579798e-05,0.5003885003885004
SM,201630,49614--sample_49614_k141_65000,0.018449330504559967,1.2609240670421354e-05,0.5003885003885004
SM,201630,49614--sample_49614_k141_301897,0.02339671835598631,2.0571307470561832e-05,0.5019485580670304
SM,201630,49614--sample_49614_k141_1808202,0.017195372280356485,1.102209553758164e-05,0.5
SM,201630,49614--sample_49614_k141_455871,0.016027750292418853,9.370002537345857e-06,0.49961210240496506
SM,201630,49614--sample_49614_k141_1432154,0.022144698980449996,1.840414305911076e-05,0.5015576323987538
SM,201630,49614--sample_49614_k141_974705,0.017168324352152972,1.1038315345324087e-05,0.5
SM,201630,49614--sample_49614_k141_945712,0.013684775325729962,6.53469434350882e-06,0.4988381099922541
SM,201630,49614--sample_49614_k141_82393,0.019613088334116943,1.4532638565445087e-05,0.5007776049766719
SM,201630,49614--sample_49614_k141_1302202,0.014780248138228612,7.959504731032068e-06,0.4988381099922541
SM,201630,49614--sample_49614_k141_290227,0.017280893102926215,1.0933691616015865e-05,0.5
SM,201630,49614--sample_49614_k141_2198304,0.01969714415416694,1.443711036726243e-05,0.5007776049766719
SM,201630,49614--sample_49614_k141_1239175,0.017258524581761327,1.0918322409986071e-05,0.5
SM,201630,49614--sample_49614_k141_581161,0.022024392911423014,1.8629808296742785e-05,0.5015576323987538
SM,201630,49614--sample_49614_k141_1129144,0.01840103982339888,1.2747980382597832e-05,0.5003885003885004
SM,201630,49614--sample_49614_k141_517086,0.02088892619868036,1.639254423909444e-05,0.5011673151750973
SM,201630,49614--sample_49614_k141_734937,0.014819351103733952,7.89224771046517e-06,0.4992248062015504
SM,201630,49614--sample_49614_k141_1636650,0.0210117395547044,1.6310138086922964e-05,0.5011673151750973
SM,201630,49614--sample_49614_k141_1173914,0.016034264977795396,9.3526776514426e-06,0.49961210240496506
SM,201630,49614--sample_49614_k141_945388,0.011218787197017533,4.271574712219447e-06,0.49768160741885625
SM,201630,49614--sample_49614_k141_518814,0.018489367601819708,1.2625234322296088e-05,0.5003885003885004
SM,201630,49614--sample_49614_k141_1499111,0.020959314154152718,1.637953986110685e-05,0.5011673151750973
SM,201630,49614--sample_49614_k141_1431,0.020823408161761283,1.6501592550728736e-05,0.5011673151750973
SM,201630,49614--sample_49614_k141_2129664,0.0159227347936825,9.456229573312846e-06,0.49961210240496506
SM,201630,49614--sample_49614_k141_1838286,0.020890236886234398,1.6464434143691083e-05,0.5011673151750973
SM,201630,49614--sample_49614_k141_533429,0.02329961685961631,2.0680985541057172e-05,0.5019485580670304
SM,201630,49614--sample_49614_k141_1809878,0.017161655396614083,1.1026416540773264e-05,0.5
SM,201630,49614--sample_49614_k141_924335,0.018312071370491647,1.2806757551203968e-05,0.5003885003885004
SM,201630,49614--sample_49614_k141_575385,0.02083836689326738,1.6484667048561088e-05,0.5011673151750973
SM,201630,49614--sample_49614_k141_1317799,0.024576878009418487,2.2908061268196352e-05,0.5023400936037441
SM,201630,49614--sample_49614_k141_1611182,0.02345613822510586,2.0515424723045748e-05,0.5019485580670304
SM,201630,49614--sample_49614_k141_330023,0.023426756434133257,2.0588820608694637e-05,0.5019485580670304
SM,201630,49614--sample_49614_k141_918242,0.019771286532610403,1.4376268429954435e-05,0.5007776049766719
SM,201630,49614--sample_49614_k141_2021145,0.018531158473612044,1.2606271937453158e-05,0.5003885003885004
SM,201630,49614--sample_49614_k141_1050375,0.01960662127565492,1.4518867060072929e-05,0.5007776049766719
SM,201630,49614--sample_49614_k141_248429,0.017146571178071394,1.1057485805405363e-05,0.5
SM,201630,49614--sample_49614_k141_2013565,0.017179605120990912,1.1016594812424473e-05,0.5
SM,201630,49614--sample_49614_k141_1607582,0.01950857517273139,1.4636806086571458e-05,0.5007776049766719
SM,201630,49614--sample_49614_k141_3196,0.017166923461730536,1.1021731117220298e-05,0.5
SM,201630,49614--sample_49614_k141_134781,0.016001299784240187,9.37030266619926e-06,0.49961210240496506
SM,201630,49614--sample_49614_k141_519892,0.022036443770605568,1.8560936968295088e-05,0.5015576323987538
SM,201630,49614--sample_49614_k141_1887436,0.010925429371287154,4.404212433136992e-06,0.4980665119876257
SM,201630,49614--sample_49614_k141_1615394,0.022078457639606527,1.847545474429737e-05,0.5015576323987538
SM,201630,49614--sample_49614_k141_4744,0.02097547782234242,1.629575700515565e-05,0.5011673151750973
SM,201630,49614--sample_49614_k141_1820321,0.017328514265663574,1.0831309233123854e-05,0.5
SM,201630,49614--sample_49614_k141_806895,0.01601545773995539,9.356945158763819e-06,0.49961210240496506
SM,201630,49614--sample_49614_k141_541379,0.022086848386858995,1.852468529844964e-05,0.5015576323987538
SM,201630,49614--sample_49614_k141_1890593,0.022187182670658806,1.841108442855433e-05,0.5015576323987538
SM,201630,49614--sample_49614_k141_590446,0.019750338186188217,1.4401696774960337e-05,0.5007776049766719
SM,201630,49614--sample_49614_k141_1777190,0.01598555802890213,9.444421709561048e-06,0.49961210240496506
SM,201630,49614--sample_49614_k141_1243219,0.020959961574038784,1.6356757770526344e-05,0.5011673151750973
SM,201630,49614--sample_49614_k141_2043775,0.018380707233202037,1.2741584129738874e-05,0.5003885003885004
SM,201630,49614--sample_49614_k141_1387687,0.022200570162882804,1.8394829868959393e-05,0.5015576323987538
SM,201630,49614--sample_49614_k141_2306863,0.014753383776883414,7.950675484823648e-06,0.4992248062015504
SM,201630,49614--sample_49614_k141_1359850,0.020791794781777288,1.650376456378499e-05,0.5011673151750973
SM,201630,49614--sample_49614_k141_559284,0.0196644515221984,1.4524203739406602e-05,0.5007776049766719
SM,201630,49614--sample_49614_k141_2091805,0.019835402512907416,1.4348149484981241e-05,0.5007776049766719
SM,201630,49614--sample_49614_k141_834841,0.01967278660826397,1.4442684562246865e-05,0.5007776049766719
SM,201630,49614--sample_49614_k141_135183,0.01603967204597716,9.338784098978426e-06,0.49961210240496506
SM,201630,49614--sample_49614_k141_271904,0.024633189135098904,2.2867607365716863e-05,0.5023400936037441
SM,201630,49614--sample_49614_k141_2240088,0.018482087771988825,1.262891674831795e-05,0.5003885003885004
SM,201630,49614--sample_49614_k141_838838,0.018433773422685644,1.2740331262991393e-05,0.5003885003885004
SM,201630,49614--sample_49614_k141_331421,0.020816100299770737,1.6530422441533488e-05,0.5011673151750973
SM,201630,49614--sample_49614_k141_1716839,0.014855077366172455,7.879072159536218e-06,0.4992248062015504
SM,201630,49614--sample_49614_k141_1819997,0.016154208716698166,9.283243913490834e-06,0.49961210240496506
SM,201630,49614--sample_49614_k141_1586341,0.019713565408756305,1.4429618356589582e-05,0.5007776049766719
SM,201630,49614--sample_49614_k141_2131776,0.019695915446213696,1.4430307111139434e-05,0.5007776049766719
SM,201630,49614--sample_49614_k141_1339374,0.022112789260124083,1.8480952846951487e-05,0.5015576323987538
SM,201630,49614--sample_49614_k141_31048,0.022003469053417254,1.8568269995515056e-05,0.5015576323987538
SM,201630,49614--sample_49614_k141_1871025,0.020922885852087198,1.6374137641424875e-05,0.5011673151750973
SM,201630,49614--sample_49614_k141_995602,0.018489510033153047,1.2601049577205658e-05,0.5003885003885004
SM,201630,49614--sample_49614_k141_459191,0.015997142861191353,9.402035100333809e-06,0.49961210240496506
SM,201630,49614--sample_49614_k141_1160020,0.023445302079950766,2.0534475288520865e-05,0.5019485580670304
SM,201630,49614--sample_49614_k141_871051,0.019697464831842742,1.445418477527687e-05,0.5007776049766719
SM,201630,49614--sample_49614_k141_1387103,0.01711871278960171,1.1042921043748598e-05,0.5
SM,201630,49614--sample_49614_k141_70929,0.022247230933624452,1.8341076729057786e-05,0.5015576323987538
SM,201630,49614--sample_49614_k141_674158,0.020889514768141534,1.6444491195159488e-05,0.5011673151750973
SM,201630,49614--sample_49614_k141_148117,0.018444797185666925,1.2701929971053601e-05,0.5003885003885004
SM,201630,49614--sample_49614_k141_2202806,0.01847048777534905,1.265220669478261e-05,0.5003885003885004
SM,201630,49614--sample_49614_k141_2190878,0.028231259704889485,3.063899259722214e-05,0.5035183737294762
SM,201630,49614--sample_49614_k141_1326880,0.02206253983288796,1.8546709131046122e-05,0.5015576323987538
SM,201630,49614--sample_49614_k141_2097207,0.02831975949587467,3.0479799572733873e-05,0.5035183737294762
SM,201630,49614--sample_49614_k141_325554,0.017155051938061078,1.10500198176326e-05,0.5
SM,201630,49614--sample_49614_k141_658929,0.018479116061475082,1.268094729966189e-05,0.5003885003885004
SM,201630,49614--sample_49614_k141_844689,0.016170285398869336,9.201020951910034e-06,0.49961210240496506
SM,201630,49614--sample_49614_k141_1178427,0.014689011683849293,8.009770047625156e-06,0.4992248062015504
SM,201630,49614--sample_49614_k141_924455,0.017220864058142007,1.0987520606905308e-05,0.5
SM,201630,49614--sample_49614_k141_548218,0.01851518166209851,1.2593983550495574e-05,0.5003885003885004
SM,201630,49614--sample_49614_k141_157529,0.02213839535933648,1.8436256368475363e-05,0.5015576323987538
SM,201630,49614--sample_49614_k141_1043792,0.019705400843619707,1.4417521331235134e-05,0.5007776049766719
SM,201630,49614--sample_49614_k141_282500,0.018472342619770307,1.2623689333000582e-05,0.5003885003885004
SM,201630,49614--sample_49614_k141_1047512,0.0184644972843597,1.2634546360615512e-05,0.5003885003885004
SM,201630,49614--sample_49614_k141_1812456,0.024615668289642033,2.2859371107822474e-05,0.5023400936037441
SM,201630,49614--sample_49614_k141_991277,0.02462440911591955,2.28963960777735e-05,0.5023400936037441
SM,201630,49614--sample_49614_k141_2155159,0.02340031408227167,2.0601910259566935e-05,0.5019485580670304
SM,201630,49614--sample_49614_k141_1515117,0.01845498940403156,1.2662825411426207e-05,0.5003885003885004
SM,201630,49614--sample_49614_k141_1610034,0.02089007019623738,1.6434602132709753e-05,0.5011673151750973
SM,201630,49614--sample_49614_k141_438690,0.014720126881173363,8.005843155152051e-06,0.4992248062015504
SM,201630,49614--sample_49614_k141_2037150,0.017325007661078556,1.0859955393033804e-05,0.5
SM,201630,49614--sample_49614_k141_67510,0.01969198545765252,1.4468489506228684e-05,0.5007776049766719
SM,201630,49614--sample_49614_k141_1822828,0.01963038647584175,1.4564767672828751e-05,0.5007776049766719
SM,201630,49614--sample_49614_k141_2097969,0.019710104622738586,1.4435891679664055e-05,0.5007776049766719
SM,201630,49614--sample_49614_k141_2301029,0.024505019194279044,2.3011794070735548e-05,0.5023400936037441
SM,201630,49614--sample_49614_k141_2118289,0.01835443036026828,1.2755790249380164e-05,0.5003885003885004
SM,201630,49614--sample_49614_k141_1139755,0.02207330111261553,1.852103875051994e-05,0.5015576323987538
SM,201630,49614--sample_49614_k141_1080344,0.018392224848351582,1.2707115368860528e-05,0.5003885003885004
SM,201630,49614--sample_49614_k141_1880545,0.013553763684416648,6.652379572392747e-06,0.4988381099922541
SM,201630,49614--sample_49614_k141_326091,0.02206459063004436,1.851826892798708e-05,0.5015576323987538
SM,201630,49614--sample_49614_k141_1735259,0.01727215963654006,1.0923176305792174e-05,0.5
SM,201630,49614--sample_49614_k141_2139246,0.018341961982992813,1.2772490175955351e-05,0.5003885003885004
SM,201630,49614--sample_49614_k141_178616,0.023380853349028608,2.0589414916994916e-05,0.5019485580670304
SM,201630,49614--sample_49614_k141_759014,0.022099178398094683,1.8540381359582584e-05,0.5015576323987538
SM,201630,49614--sample_49614_k141_2133054,0.018432290088759355,1.2692252179210883e-05,0.5003885003885004
SM,201630,49614--sample_49614_k141_31529,0.019591597624693587,1.4516130914198015e-05,0.5007776049766719
SM,201630,49614--sample_49614_k141_2215540,0.01836523438693308,1.274753704359614e-05,0.5003885003885004
SM,201630,49614--sample_49614_k141_1884003,0.017346593692135086,1.0866324908966438e-05,0.5
SM,201630,49614--sample_49614_k141_1264935,0.018298428310010797,1.2811781864275727e-05,0.5003885003885004
SM,201630,49614--sample_49614_k141_2180922,0.02321652868760181,2.0797229264524927e-05,0.5019485580670304
SM,201630,49614--sample_49614_k141_111426,0.01717588426368929,1.100189333032321e-05,0.5
SM,201630,49614--sample_49614_k141_1220811,0.02209992942258711,1.848517482680604e-05,0.5015576323987538
SM,201630,49614--sample_49614_k141_1429385,0.019730249370378,1.440981604797889e-05,0.5007776049766719
SM,201630,49614--sample_49614_k141_1044103,0.018511763375680865,1.2591506437887281e-05,0.5003885003885004
SM,201630,49614--sample_49614_k141_382567,0.022276973571357165,1.8356832055429464e-05,0.5015576323987538
SM,201630,49614--sample_49614_k141_1960330,0.01845936660098623,1.2669116823763549e-05,0.5003885003885004
SM,201630,49614--sample_49614_k141_1204302,0.019751265437927632,1.437834910608739e-05,0.5007776049766719
SM,201630,49614--sample_49614_k141_1362863,0.019729455315098125,1.4464681584711274e-05,0.5007776049766719
SM,201630,49614--sample_49614_k141_562944,0.02336040076236279,2.0577754865892026e-05,0.5019485580670304
SM,201630,49614--sample_49614_k141_267755,0.01832849832588631,1.2770582745790606e-05,0.5003885003885004
SM,201630,49614--sample_49614_k141_1049069,0.0209534839215357,1.635933799028292e-05,0.5011673151750973
SM,201630,49614--sample_49614_k141_2236854,0.019623469092512665,1.450490848881761e-05,0.5007776049766719
SM,201630,49614--sample_49614_k141_345881,0.02202729108139128,1.8579306389639242e-05,0.5015576323987538
SM,201630,49614--sample_49614_k141_1709526,0.02215472808624886,1.844276531344128e-05,0.5015576323987538
SM,201630,49614--sample_49614_k141_1273134,0.01710904050692693,1.1076897216674491e-05,0.5
SM,201630,49614--sample_49614_k141_1003738,0.0173328095716068,1.0875983804447008e-05,0.5
SM,201630,49614--sample_49614_k141_155685,0.017226608082383413,1.0995011780569061e-05,0.5
SM,201630,49614--sample_49614_k141_799411,0.022106627282262613,1.8517452920204663e-05,0.5015576323987538
SM,201630,49614--sample_49614_k141_1876905,0.024620753997168985,2.2857024507438716e-05,0.5023400936037441
SM,201630,49614--sample_49614_k141_6229,0.02221208453526791,1.837008771151415e-05,0.5015576323987538
SM,201630,49614--sample_49614_k141_899836,0.027099953355422982,2.7835432699162142e-05,0.503125
SM,201630,49614--sample_49614_k141_262877,0.022042098033726764,1.8548676436472258e-05,0.5015576323987538
SM,201630,49614--sample_49614_k141_446802,0.01849166979337345,1.2605948269660491e-05,0.5003885003885004
SM,201630,49614--sample_49614_k141_861245,0.022145407589640922,1.8475007115173412e-05,0.5015576323987538
SM,201630,49614--sample_49614_k141_1043592,0.025709551821581262,2.544140285194137e-05,0.5027322404371585
SM,201630,49614--sample_49614_k141_373499,0.024682099950944277,2.279902432994686e-05,0.5023400936037441
SM,201630,49614--sample_49614_k141_1873429,0.019541263861944873,1.4614162933765742e-05,0.5007776049766719
SM,201630,49614--sample_49614_k141_941148,0.024658972709969685,2.2888983581802087e-05,0.5023400936037441
SM,201630,49614--sample_49614_k141_334906,0.011177794428050919,4.273036886404628e-06,0.49768160741885625
SM,201630,49614--sample_49614_k141_317393,0.020839157912021487,1.6531090275934695e-05,0.5011673151750973
SM,201630,49614--sample_49614_k141_1942210,0.02095595479404462,1.6313122426466088e-05,0.5011673151750973
SM,201630,49614--sample_49614_k141_914702,0.024634759377206546,2.285085406737764e-05,0.5023400936037441
SM,201630,49614--sample_49614_k141_991415,0.02086743090028494,1.6493479129331597e-05,0.5011673151750973
SM,201630,49614--sample_49614_k141_274775,0.01978083774881577,1.4403837246836167e-05,0.5007776049766719
SM,201630,49614--sample_49614_k141_2255621,0.01954164851730243,1.461213372735398e-05,0.5007776049766719
SM,201630,49614--sample_49614_k141_52808,0.023511661732387678,2.043982296686725e-05,0.5019485580670304
SM,201630,49614--sample_49614_k141_2244732,0.024583818956534286,2.2898042157930626e-05,0.5023400936037441
SM,201630,49614--sample_49614_k141_1578368,0.017329003799630097,1.089072524119838e-05,0.5
SM,201630,49614--sample_49614_k141_915233,0.01965166334739748,1.4470479583936234e-05,0.5007776049766719
SM,201630,49614--sample_49614_k141_199705,0.013546505049627202,6.600219230416676e-06,0.4988381099922541
SM,201630,49614--sample_49614_k141_897184,0.014728340400887274,8.000276088689475e-06,0.4992248062015504
SM,201630,49614--sample_49614_k141_1964044,0.020822012978074875,1.648769750691593e-05,0.5011673151750973
SM,201630,49614--sample_49614_k141_802310,0.013545338120911198,6.601324729518482e-06,0.4988381099922541
SM,201630,49614--sample_49614_k141_1636768,0.01963965820362499,1.455240415829885e-05,0.5007776049766719
SM,201630,49614--sample_49614_k141_1410062,0.01715480123990742,1.1058717690316574e-05,0.5
SM,201630,49614--sample_49614_k141_2239437,0.019587050822048212,1.457661239747217e-05,0.5007776049766719
SM,201630,49614--sample_49614_k141_380558,0.024623602309858394,2.2840078389785045e-05,0.5023400936037441
SM,201630,49614--sample_49614_k141_825477,0.020945768326542526,1.6307521264454433e-05,0.5011673151750973
SM,201630,49614--sample_49614_k141_1431426,0.017264736402970163,1.0920703620696218e-05,0.5
SM,201630,49614--sample_49614_k141_782554,0.02209503566984057,1.8508003132534447e-05,0.5015576323987538
SM,201630,49614--sample_49614_k141_1469720,0.019682323893292327,1.4424458628964068e-05,0.5007776049766719
SM,201630,49614--sample_49614_k141_1483598,0.01225268867437286,5.4617284460476666e-06,0.4984520123839009
SM,201630,49614--sample_49614_k141_1641711,0.019710161610156304,1.4420007574911199e-05,0.5007776049766719
SM,201630,49614--sample_49614_k141_430119,0.020819614412376033,1.6500746606954518e-05,0.5011673151750973
SM,201630,49614--sample_49614_k141_1480657,0.025837644788425474,2.532771526129229e-05,0.5027322404371585
SM,201630,49614--sample_49614_k141_1548523,0.019733451242495405,1.4415760518610732e-05,0.5007776049766719
SM,201630,49614--sample_49614_k141_1466444,0.02214787225832898,1.842698823088812e-05,0.5015576323987538
SM,201630,49614--sample_49614_k141_997447,0.019658772158566738,1.4455619325560206e-05,0.5007776049766719
SM,201630,49614--sample_49614_k141_781022,0.022136389306640813,1.8515432110501787e-05,0.5015576323987538
SM,201630,49614--sample_49614_k141_2199480,0.019697752824101886,1.4463481182733599e-05,0.5007776049766719
SM,201630,49614--sample_49614_k141_1705538,0.01960486919753299,1.4586073976887867e-05,0.5007776049766719
SM,201630,49614--sample_49614_k141_1802869,0.02335699456575009,2.061246074846879e-05,0.5019485580670304
SM,201630,49614--sample_49614_k141_976496,0.023388237013147097,2.0557325747220366e-05,0.5019485580670304
SM,201630,49614--sample_49614_k141_1998437,0.01842525522934182,1.2713266834794801e-05,0.5003885003885004
SM,201630,49614--sample_49614_k141_802719,0.019719387560130263,1.4447999083973988e-05,0.5007776049766719
SM,201630,49614--sample_49614_k141_177839,0.01957179087310207,1.4584857328299654e-05,0.5007776049766719
SM,201630,49614--sample_49614_k141_1735303,0.018537072152188864,1.2567565258043494e-05,0.5003885003885004
SM,201630,49614--sample_49614_k141_1404475,0.018579129913081322,1.2535461169173698e-05,0.5003885003885004
SM,201630,49614--sample_49614_k141_730698,0.02203638921482222,1.8547705546747752e-05,0.5015576323987538
SM,201630,49614--sample_49614_k141_154118,0.020802971836278848,1.6483901826041214e-05,0.5011673151750973
SM,201630,49614--sample_49614_k141_514814,0.019577926622449917,1.4592560246209388e-05,0.5007776049766719
SM,201630,49614--sample_49614_k141_1898739,0.019730592345938838,1.4393028114613955e-05,0.5007776049766719
SM,201630,49614--sample_49614_k141_470294,0.018491767944190766,1.2604015160250696e-05,0.5003885003885004
SM,201630,49614--sample_49614_k141_927748,0.022014600936158826,1.8620219599202024e-05,0.5015576323987538
SM,201630,49614--sample_49614_k141_204516,0.02082358884625318,1.6505201582306185e-05,0.5011673151750973
SM,201630,49614--sample_49614_k141_471890,0.02092434108727492,1.6393002818189215e-05,0.5011673151750973
SM,201630,49614--sample_49614_k141_346409,0.019512406878103516,1.4646008582921823e-05,0.5007776049766719
SM,201630,49614--sample_49614_k141_1537708,0.019587009370135453,1.4583274745567262e-05,0.5007776049766719
SM,201630,49614--sample_49614_k141_1306799,0.015994528483522535,9.410613332848522e-06,0.49961210240496506
SM,201630,49614--sample_49614_k141_66793,0.023402001972827283,2.057601080227564e-05,0.5019485580670304
SM,201630,49614--sample_49614_k141_989275,0.01731315950128063,1.0891378165054035e-05,0.5
SM,201630,49614--sample_49614_k141_1514836,0.01964283431588868,1.452869149714264e-05,0.5007776049766719
SM,201630,49614--sample_49614_k141_1277494,0.02470372198122779,2.2792586961960147e-05,0.5023400936037441
SM,201630,49614--sample_49614_k141_1991756,0.018537710736841222,1.2565629323637204e-05,0.5003885003885004
SM,201630,49614--sample_49614_k141_1765056,0.020852628382023123,1.6423304225659078e-05,0.5011673151750973
SM,201630,49614--sample_49614_k141_948677,0.022240014825077963,1.8343598097999106e-05,0.5015576323987538
SM,201630,49614--sample_49614_k141_1781326,0.020871840668929685,1.642048122539194e-05,0.5011673151750973
SM,201630,49614--sample_49614_k141_14914,0.018425150128932546,1.269172058699279e-05,0.5003885003885004
SM,201630,49614--sample_49614_k141_1024350,0.022172320293410756,1.8486571990309564e-05,0.5015576323987538
SM,201630,49614--sample_49614_k141_643060,0.014856894859290875,7.910933141883309e-06,0.4992248062015504
SM,201630,49614--sample_49614_k141_347653,0.02206982490079001,1.856858082669684e-05,0.5015576323987538
SM,201630,49614--sample_49614_k141_826830,0.01238597904362383,5.32068520129858e-06,0.4980665119876257
SM,201630,49614--sample_49614_k141_1543738,0.014787897862786841,7.931426685322714e-06,0.4992248062015504
SM,201630,49614--sample_49614_k141_405254,0.02105679600925811,1.6306218681232742e-05,0.5011673151750973
SM,201630,49614--sample_49614_k141_1562782,0.01847712054457251,1.2650087873248634e-05,0.5003885003885004
SM,201630,49614--sample_49614_k141_1907383,0.02094416489008774,1.640696914520392e-05,0.5011673151750973
SM,201630,49614--sample_49614_k141_841379,0.022116457846637638,1.849075582411969e-05,0.5015576323987538
SM,201630,49614--sample_49614_k141_1233744,0.022099130462810323,1.853542635611703e-05,0.5015576323987538
SM,201630,49614--sample_49614_k141_769477,0.017116749878587644,1.1030111973063423e-05,0.5
SM,201630,49614--sample_49614_k141_424750,0.027108579106132912,2.7805348272417418e-05,0.503125
SM,201630,49614--sample_49614_k141_94425,0.014815410218611803,7.912005419628218e-06,0.4992248062015504
SM,201630,49614--sample_49614_k141_164102,0.027059163836564277,2.7835104276696233e-05,0.503125
SM,201630,49614--sample_49614_k141_345191,0.018419305413228785,1.2742789093982198e-05,0.5003885003885004
SM,201630,49614--sample_49614_k141_9421,0.019672615230623403,1.4509236089373658e-05,0.5007776049766719
SM,201630,49614--sample_49614_k141_653688,0.022179601825985103,1.8444623085407446e-05,0.5015576323987538
SM,201630,49614--sample_49614_k141_2023550,0.01228125552627135,5.472014568921848e-06,0.4984520123839009
SM,201630,49614--sample_49614_k141_1060450,0.01854666552845636,1.2632105100085953e-05,0.5003885003885004
SM,201630,49614--sample_49614_k141_664059,0.01232901187217817,5.424800555169137e-06,0.4984520123839009
SM,201630,49614--sample_49614_k141_1372677,0.023365075642197544,2.0660507923661733e-05,0.5019485580670304
SM,201630,49614--sample_49614_k141_1178417,0.0197254572984519,1.4426748488817196e-05,0.5007776049766719
SM,201630,49614--sample_49614_k141_1102734,0.018445720422247684,1.2702631235991618e-05,0.5003885003885004
SM,201630,49614--sample_49614_k141_1537015,0.023374919186714947,2.0632193036937124e-05,0.5019485580670304
SM,201630,49614--sample_49614_k141_1594800,0.023477362706643273,2.0497495674700538e-05,0.5019485580670304
SM,201630,49614--sample_49614_k141_715581,0.020859992861539438,1.6433964898944026e-05,0.5011673151750973
SM,201630,49614--sample_49614_k141_569077,0.013546557636203417,6.58035754550868e-06,0.4988381099922541
SM,201630,49614--sample_49614_k141_155282,0.02572417394650114,2.549211173023169e-05,0.5027322404371585
SM,201630,49614--sample_49614_k141_1912022,0.019654725919869755,1.452139305660158e-05,0.5007776049766719
SM,201630,49614--sample_49614_k141_1674154,0.01958328805504487,1.4549476624340455e-05,0.5007776049766719
SM,201630,49614--sample_49614_k141_812294,0.02715230765864201,2.776279632201091e-05,0.503125
SM,201630,49614--sample_49614_k141_1135820,0.016016312423144413,9.377972650670275e-06,0.49961210240496506
SM,201630,49614--sample_49614_k141_1493257,0.020974192038105542,1.632962364740562e-05,0.5011673151750973
SM,201630,49614--sample_49614_k141_1744629,0.02091156209679683,1.639688706149278e-05,0.5011673151750973
SM,201630,49614--sample_49614_k141_464736,0.02460555555782911,2.289505643486719e-05,0.5023400936037441
SM,201630,49614--sample_49614_k141_716258,0.01716776718805257,1.1018365883521479e-05,0.5
SM,201630,49614--sample_49614_k141_969590,0.023319361704630275,2.071644162163133e-05,0.5019485580670304
SM,201630,49614--sample_49614_k141_335903,0.01966957701477113,1.4511297116216105e-05,0.5007776049766719
SM,201630,49614--sample_49614_k141_795014,0.018290605950472758,1.2824936117645512e-05,0.5003885003885004
SM,201630,49614--sample_49614_k141_1901194,0.019592817524783396,1.4550016865660034e-05,0.5007776049766719
SM,201630,49614--sample_49614_k141_594973,0.012434123079377987,5.337860733460348e-06,0.4984520123839009
SM,201630,49614--sample_49614_k141_603743,0.017217984669485948,1.0988060132992397e-05,0.5
SM,201630,49614--sample_49614_k141_1208694,0.020863058650030165,1.643927677167407e-05,0.5011673151750973
SM,201630,49614--sample_49614_k141_1609013,0.02088050290393075,1.6434004384985904e-05,0.5011673151750973
SM,201630,49614--sample_49614_k141_67942,0.018359476463207174,1.2763770469343969e-05,0.5003885003885004
SM,201630,49614--sample_49614_k141_846583,0.020949421797438177,1.634696064164865e-05,0.5011673151750973
SM,201630,49614--sample_49614_k141_325235,0.025698019893327363,2.5483544845980663e-05,0.5027322404371585
SM,201630,49614--sample_49614_k141_2305531,0.020892217249287193,1.640075191185917e-05,0.5011673151750973
SM,201630,49614--sample_49614_k141_1792272,0.015817889277898727,9.546665177344295e-06,0.49961210240496506
SM,201630,49614--sample_49614_k141_743960,0.019685361742076798,1.4473388902002617e-05,0.5007776049766719
SM,201630,49614--sample_49614_k141_612250,0.01961127160057863,1.460226347032166e-05,0.5007776049766719
SM,201630,49614--sample_49614_k141_412145,0.023416309901535003,2.051208800846737e-05,0.5019485580670304
SM,201630,49620--sample_49620_k141_877568,0.01973221690272153,1.440889565345427e-05,0.5007776049766719
SM,201630,49627--sample_49627_k141_882399,0.022227208797830193,1.8339610926973817e-05,0.5015576323987538
SM,201630,49625--sample_49625_k141_420390,0.013545237021689084,6.647522866058258e-06,0.4988381099922541
SM,201630,49623--sample_49623_k141_465025,0.02093880078993681,1.639434533167987e-05,0.5011673151750973
SM,201630,49626--sample_49626_k141_540134,0.014730947113681881,8.004997835149394e-06,0.4992248062015504
SM,201630,49620--sample_49620_k141_767928,0.01968741312516608,1.4457144321895611e-05,0.5007776049766719
SM,201630,49620--sample_49620_k141_568710,0.017268873599493757,1.0907231832044587e-05,0.5
SM,201630,49620--sample_49620_k141_806973,0.022062277784329978,1.8538951636515196e-05,0.5015576323987538
SM,201630,49620--sample_49620_k141_567263,0.021023736660176,1.6268821244137016e-05,0.5011673151750973
SM,201630,49628--sample_49628_k141_531267,0.022114543170003678,1.853559080433493e-05,0.5015576323987538
SM,201630,49623--sample_49623_k141_1041969,0.023502750248628804,2.0470639135777596e-05,0.5019485580670304
SM,201630,49623--sample_49623_k141_608894,0.018395817388432028,1.2749001463222378e-05,0.5003885003885004
SM,201630,49627--sample_49627_k141_597049,0.020940725390104883,1.636367042179852e-05,0.5011673151750973
SM,201630,49620--sample_49620_k141_602635,0.02216395126289967,1.8415627253514858e-05,0.5015576323987538
SM,201630,49620--sample_49620_k141_662239,0.022199889735568617,1.838908626979213e-05,0.5015576323987538
SM,201630,49624--sample_49624_k141_867497,0.022116796205197322,1.8464705947332206e-05,0.5015576323987538
SM,201630,49620--sample_49620_k141_684559,0.019656138121236885,1.449687272604973e-05,0.5007776049766719
SM,201630,49620--sample_49620_k141_520577,0.022108834737880622,1.849492314628853e-05,0.5015576323987538
SM,201630,49620--sample_49620_k141_366325,0.018520958242438833,1.2576052613584214e-05,0.5003885003885004
SM,201630,49623--sample_49623_k141_1264227,0.018427430650880695,1.2697403021262653e-05,0.5003885003885004
SM,201630,49620--sample_49620_k141_375368,0.0196796107969486,1.449066234833863e-05,0.5007776049766719
SM,201630,49620--sample_49620_k141_593506,0.02458112491225676,2.293259372101325e-05,0.5023400936037441
SM,201630,49624--sample_49624_k141_995177,0.020952782471033608,1.6319535918308108e-05,0.5011673151750973
SM,201630,49624--sample_49624_k141_206758,0.015952224181121407,9.469767811329104e-06,0.49961210240496506
SM,201630,49620--sample_49620_k141_689599,0.019656891787499374,1.4470571643119652e-05,0.5007776049766719
SM,201630,49623--sample_49623_k141_283004,0.02214980800790036,1.8507127550238394e-05,0.5015576323987538
SM,201630,49621--sample_49621_k141_803927,0.023324592269735142,2.0691283001578097e-05,0.5019485580670304
SM,201630,49620--sample_49620_k141_756043,0.02342784953028987,2.0527087562711017e-05,0.5019485580670304
SM,201630,49624--sample_49624_k141_477029,0.01849852993211864,1.2616134336545052e-05,0.5003885003885004
SM,201630,49621--sample_49621_k141_972296,0.019596863404519736,1.4549711858599518e-05,0.5007776049766719
SM,201630,49628--sample_49628_k141_401383,0.022084433318243314,1.856737867155995e-05,0.5015576323987538
SM,201630,49623--sample_49623_k141_553477,0.022045354500434742,1.8566336758256316e-05,0.5015576323987538
SM,201630,49620--sample_49620_k141_629507,0.01963919432425205,1.4470569820012878e-05,0.5007776049766719
SM,201630,49627--sample_49627_k141_620853,0.018440927056661276,1.2732656975036364e-05,0.5003885003885004
SM,201630,49620--sample_49620_k141_346511,0.022076357124879972,1.8543117373642915e-05,0.5015576323987538
SM,201630,49620--sample_49620_k141_863497,0.020895671341959327,1.6434006282916582e-05,0.5011673151750973
SM,201630,49623--sample_49623_k141_418215,0.017141062059034033,1.1065226553218597e-05,0.5
SM,201630,49620--sample_49620_k141_802567,0.018511923872727543,1.2631303925678412e-05,0.5003885003885004
SM,201630,49628--sample_49628_k141_1208708,0.014693135942670176,8.02910650910867e-06,0.4992248062015504
SM,201630,49621--sample_49621_k141_484589,0.020835725038250614,1.6505496161990232e-05,0.5011673151750973
SM,201630,49620--sample_49620_k141_809052,0.01736788803723836,1.0873808126730975e-05,0.5
SM,201630,49628--sample_49628_k141_1213396,0.01974336953980145,1.4377144723212552e-05,0.5007776049766719
SM,201630,49626--sample_49626_k141_546019,0.02082554274520073,1.6512297254768377e-05,0.5011673151750973
SM,201630,49620--sample_49620_k141_475529,0.018575330987304923,1.255042980812174e-05,0.5003885003885004
SM,201630,49628--sample_49628_k141_1253647,0.012328935701991454,5.4237024584429945e-06,0.4984520123839009
SM,201630,49627--sample_49627_k141_212427,0.02092448743274794,1.6358048788410613e-05,0.5011673151750973
SM,201630,49628--sample_49628_k141_1537814,0.02327608719764519,2.0750345993399844e-05,0.5019485580670304
SM,201630,49625--sample_49625_k141_10991,0.015963448298807168,9.447632166766488e-06,0.49961210240496506
SM,201630,49628--sample_49628_k141_820141,0.017289428377158363,1.0933349809175762e-05,0.5
SM,201630,49628--sample_49628_k141_935385,0.022196443522402604,1.839660549041527e-05,0.5015576323987538
SM,201630,49622--sample_49622_k141_790072,0.02466288631617616,2.2829821424921075e-05,0.5023400936037441
SM,201630,49627--sample_49627_k141_866654,0.024531852374908653,2.2988231785483846e-05,0.5023400936037441
SM,201630,49624--sample_49624_k141_512309,0.02108661929765875,1.6215605622377602e-05,0.5011673151750973
SM,201630,49620--sample_49620_k141_863061,0.021911937651974887,1.871524696493809e-05,0.5015576323987538
SM,201630,49622--sample_49622_k141_1034107,0.016007241936167867,9.364435178717977e-06,0.49961210240496506
SM,201630,49628--sample_49628_k141_1268454,0.017292724092739728,1.09177415211821e-05,0.5
SM,201630,49620--sample_49620_k141_890514,0.014763440784649823,7.976472089548405e-06,0.4992248062015504
SM,201630,49623--sample_49623_k141_1191385,0.01840920530519436,1.2691120766659684e-05,0.5003885003885004
SM,201630,49620--sample_49620_k141_258666,0.02217733802903979,1.8450638258839685e-05,0.5015576323987538
SM,201630,49623--sample_49623_k141_181373,0.013465868101924372,6.674471787286063e-06,0.4988381099922541
SM,201630,49625--sample_49625_k141_492119,0.019639180802562585,1.4522416523121287e-05,0.5007776049766719
SM,201630,49620--sample_49620_k141_652095,0.01953615257087455,1.459497365419694e-05,0.5007776049766719
SM,201630,49626--sample_49626_k141_814437,0.020821427526124717,1.6483502870459993e-05,0.5011673151750973
SM,201630,49625--sample_49625_k141_135647,0.01855760142261408,1.2559747638726535e-05,0.5003885003885004
SM,201630,49627--sample_49627_k141_505944,0.017314982120109457,1.0947548277289396e-05,0.5
SM,201630,49625--sample_49625_k141_178018,0.020968525045501858,1.6294997697857253e-05,0.5011673151750973
SM,201630,49622--sample_49622_k141_1297772,0.018411740637039733,1.2709167697593501e-05,0.5003885003885004
SM,201630,49623--sample_49623_k141_1029786,0.024503281949909177,2.3030426679623133e-05,0.5023400936037441
SM,201630,49623--sample_49623_k141_1276103,0.0257702803549727,2.541026133974573e-05,0.5027322404371585
SM,201630,49627--sample_49627_k141_357650,0.02345186914419631,2.0524775612385053e-05,0.5019485580670304
SM,201630,49625--sample_49625_k141_191759,0.021010460197258045,1.6298739483994416e-05,0.5011673151750973
SM,201630,49628--sample_49628_k141_1435203,0.015892305190679273,9.501914965168307e-06,0.49961210240496506
SM,201630,49624--sample_49624_k141_949654,0.019675795685961627,1.448434048550434e-05,0.5007776049766719
SM,201630,49620--sample_49620_k141_336548,0.02084365182042232,1.6490563562013834e-05,0.5011673151750973
SM,201630,49627--sample_49627_k141_712892,0.02706764624017681,2.7835521516266197e-05,0.503125
SM,201630,49625--sample_49625_k141_465783,0.020864561986101617,1.6411816504281595e-05,0.5011673151750973
SM,201630,49620--sample_49620_k141_347894,0.01842949396192695,1.2745011503749802e-05,0.5003885003885004
SM,201630,49623--sample_49623_k141_1338728,0.017204365008292838,1.0981110051587149e-05,0.5
SM,201630,49620--sample_49620_k141_424640,0.019719684538110373,1.4418031150545683e-05,0.5007776049766719
SM,201630,49623--sample_49623_k141_1065488,0.02097275947321863,1.6365633078188674e-05,0.5011673151750973
SM,201630,49620--sample_49620_k141_573928,0.014725474333359577,7.993509044140588e-06,0.4992248062015504
SM,201630,49625--sample_49625_k141_399586,0.02221503527194015,1.8353895151663645e-05,0.5015576323987538
SM,201630,49620--sample_49620_k141_818604,0.022234719237148193,1.834329690162876e-05,0.5015576323987538
SM,201630,49623--sample_49623_k141_1327989,0.022089554620974523,1.8497906325775896e-05,0.5015576323987538
SM,201630,49623--sample_49623_k141_196496,0.018468834276435954,1.2620053570416672e-05,0.5003885003885004
SM,201630,49623--sample_49623_k141_852831,0.021015720800185385,1.6302146603389548e-05,0.5011673151750973
SM,201630,49623--sample_49623_k141_882330,0.01954420869171742,1.45976202635312e-05,0.5007776049766719
SM,201630,49628--sample_49628_k141_1659717,0.013457493422754764,6.667139749987025e-06,0.4988381099922541
SM,201630,49621--sample_49621_k141_1024002,0.017257585959403732,1.0968986730375097e-05,0.5
SM,201630,49623--sample_49623_k141_568308,0.023446425065852365,2.0493447123781398e-05,0.5019485580670304
SM,201630,49623--sample_49623_k141_1126180,0.015962162974237734,9.41467593298999e-06,0.49961210240496506
SM,201630,49624--sample_49624_k141_355515,0.022098559418288182,1.853519983778207e-05,0.5015576323987538
SM,201630,49620--sample_49620_k141_765559,0.01972379925259322,1.4403111568851699e-05,0.5007776049766719
SM,201630,49620--sample_49620_k141_785383,0.014659789843872173,8.029579219700117e-06,0.4992248062015504
SM,201630,49620--sample_49620_k141_92767,0.02342337248851461,2.0535103501615846e-05,0.5019485580670304
SM,201630,49624--sample_49624_k141_928685,0.022189144834685537,1.833378616041479e-05,0.5015576323987538
SM,201630,49620--sample_49620_k141_709303,0.010943951654980175,4.394124165699682e-06,0.4980665119876257
SM,201630,49623--sample_49623_k141_1060510,0.01723026499488921,1.1003646806261248e-05,0.5
SM,201630,49623--sample_49623_k141_524298,0.018415250927396903,1.2693360813915855e-05,0.5003885003885004
SM,201630,49621--sample_49621_k141_875236,0.015939231340918313,9.412739881509411e-06,0.49961210240496506
SM,201630,49627--sample_49627_k141_272944,0.012351151108160761,5.420328336116969e-06,0.4984520123839009
SM,201630,49621--sample_49621_k141_402365,0.01482784127008867,7.925463208731633e-06,0.4992248062015504
SM,201630,49620--sample_49620_k141_88663,0.022003285717172815,1.8597123203358335e-05,0.5015576323987538
SM,201630,49620--sample_49620_k141_486486,0.01972277269098501,1.441903998402677e-05,0.5007776049766719
SM,201630,49623--sample_49623_k141_1358298,0.022113480313679833,1.8448364708813456e-05,0.5015576323987538
SM,201630,49627--sample_49627_k141_218199,0.023329622883664636,2.0704635992410216e-05,0.5019485580670304
SM,201630,49623--sample_49623_k141_232736,0.017283726810229452,1.0978391741726411e-05,0.5
SM,201630,49620--sample_49620_k141_901985,0.019714389520565093,1.4413555859057682e-05,0.5007776049766719
SM,201630,49620--sample_49620_k141_646366,0.014732081369153755,7.993281956969907e-06,0.4992248062015504
SM,201630,49623--sample_49623_k141_960129,0.020941145862299688,1.6389002385805907e-05,0.5011673151750973
SM,201630,49623--sample_49623_k141_241059,0.018392665186681107,1.2724839499280024e-05,0.5003885003885004
SM,201630,49620--sample_49620_k141_853985,0.019651923055076678,1.4534773070378754e-05,0.5007776049766719
SM,201630,49622--sample_49622_k141_1306273,0.0195883810068766,1.4570009773751457e-05,0.5007776049766719
SM,201630,49620--sample_49620_k141_365374,0.01966664247614801,1.4529064491592945e-05,0.5007776049766719
SM,201630,49623--sample_49623_k141_564461,0.020729941938782318,1.6589984472539923e-05,0.5011673151750973
SM,201630,49628--sample_49628_k141_1640420,0.019532814357782268,1.4585888607552428e-05,0.5007776049766719
SM,201630,49628--sample_49628_k141_718209,0.019741740663984857,1.4375552663381973e-05,0.5007776049766719
SM,201630,49623--sample_49623_k141_760367,0.01961853648231339,1.4540368900318861e-05,0.5007776049766719
SM,201630,49620--sample_49620_k141_49753,0.020861809394428003,1.646490075498628e-05,0.5011673151750973
SM,201630,49623--sample_49623_k141_661486,0.014771856119374465,7.965571557050167e-06,0.4988381099922541
SM,201630,49627--sample_49627_k141_195166,0.024640618559446173,2.282647016119994e-05,0.5023400936037441
SM,201630,49628--sample_49628_k141_1299248,0.023314065035903,2.0706260999557366e-05,0.5019485580670304
SM,201630,49623--sample_49623_k141_938959,0.02204837261815711,1.858840748204469e-05,0.5015576323987538
SM,201630,49624--sample_49624_k141_533801,0.02453633348219265,2.2994435564377423e-05,0.5023400936037441
SM,201630,49621--sample_49621_k141_224055,0.01834367512218295,1.276373109814304e-05,0.5003885003885004
SM,201630,49627--sample_49627_k141_323121,0.019802402304335394,1.4355413897546869e-05,0.5007776049766719
SM,201630,49623--sample_49623_k141_457796,0.024682930180604738,2.279894119482474e-05,0.5023400936037441
SM,201630,49626--sample_49626_k141_755790,0.02470162010121928,2.2734358448086984e-05,0.5023400936037441
SM,201630,49625--sample_49625_k141_454481,0.02092587838664398,1.642748050980938e-05,0.5011673151750973
SM,201630,49620--sample_49620_k141_70641,0.019717575175395324,1.4412842063538777e-05,0.5007776049766719
SM,201630,49624--sample_49624_k141_97572,0.017246934476160287,1.0918972949883034e-05,0.5
SM,201630,49620--sample_49620_k141_418151,0.019663449910078235,1.4525749959926201e-05,0.5007776049766719
SM,201630,49621--sample_49621_k141_1010389,0.014715728933689666,7.984287682392631e-06,0.4992248062015504
SM,201630,49620--sample_49620_k141_919365,0.01969181446885861,1.4478356082044334e-05,0.5007776049766719
SM,201630,49620--sample_49620_k141_259532,0.02212713676946875,1.8503919118097995e-05,0.5015576323987538
SM,201630,49622--sample_49622_k141_1244156,0.016008938809929943,9.372528266062461e-06,0.49961210240496506
SM,201630,49628--sample_49628_k141_1125359,0.023394722603902986,2.061385961617121e-05,0.5019485580670304
SM,201630,49623--sample_49623_k141_559190,0.018414390415320465,1.2705824292845916e-05,0.5003885003885004
SM,201630,49623--sample_49623_k141_711938,0.023345428820531946,2.062354979270325e-05,0.5019485580670304
SM,201630,49620--sample_49620_k141_466066,0.014654104385053327,8.035709619080897e-06,0.4992248062015504
SM,201630,49620--sample_49620_k141_378483,0.020773854432735,1.656431860851124e-05,0.5011673151750973
SM,201630,49628--sample_49628_k141_1675224,0.020870802876502243,1.6447747066203902e-05,0.5011673151750973
SM,201630,49624--sample_49624_k141_797817,0.018399899008531524,1.2712376852988381e-05,0.5003885003885004
SM,201630,49623--sample_49623_k141_1243082,0.020963163517762687,1.629737628778586e-05,0.5011673151750973
SM,201630,49623--sample_49623_k141_785898,0.02328702023760331,2.0736126891840432e-05,0.5019485580670304
SM,201630,49621--sample_49621_k141_1034486,0.02341067023265214,2.06007666663558e-05,0.5019485580670304
SM,201630,49620--sample_49620_k141_889730,0.013507945417041875,6.639857542248191e-06,0.4988381099922541
SM,201630,49620--sample_49620_k141_671303,0.018491526637592966,1.26073834897803e-05,0.5003885003885004
SM,201630,49624--sample_49624_k141_567864,0.023352796187928487,2.0675045553350257e-05,0.5019485580670304
SM,201630,49620--sample_49620_k141_905364,0.014709165314016934,8.011113078720102e-06,0.4992248062015504
SM,201630,49620--sample_49620_k141_878908,0.020979257952796756,1.637963795537356e-05,0.5011673151750973
SM,201630,49620--sample_49620_k141_27744,0.01342705076715136,6.65425722358598e-06,0.4988381099922541
SM,201630,49624--sample_49624_k141_1056874,0.01712867505260647,1.100241745043559e-05,0.5
SM,201630,49627--sample_49627_k141_864816,0.024508414589029553,2.3025946314821223e-05,0.5023400936037441
SM,201630,49623--sample_49623_k141_677674,0.02086864526576836,1.6430571253931383e-05,0.5011673151750973
SM,201630,49620--sample_49620_k141_389073,0.01723662050650312,1.0957038263118646e-05,0.5
SM,201630,49627--sample_49627_k141_829165,0.025903113741123435,2.5252469989964483e-05,0.5027322404371585
SM,201630,49627--sample_49627_k141_469894,0.024627157415849667,2.284277705834247e-05,0.5023400936037441
SM,201630,49620--sample_49620_k141_882757,0.020871181744822147,1.6447263380831454e-05,0.5011673151750973
SM,201630,49621--sample_49621_k141_71256,0.019668133292012367,1.4454977307117526e-05,0.5007776049766719
SM,201630,49620--sample_49620_k141_774058,0.020831938140421544,1.650462015055089e-05,0.5011673151750973
SM,201630,49623--sample_49623_k141_1064114,0.019650668653106117,1.4506145083084869e-05,0.5007776049766719
SM,201630,49623--sample_49623_k141_500018,0.02209231018290892,1.8519955556052463e-05,0.5015576323987538
SM,201630,49620--sample_49620_k141_289863,0.023347233875456265,2.064430347068405e-05,0.5019485580670304
SM,201630,49623--sample_49623_k141_1029074,0.017176400548865305,1.1027414046387846e-05,0.5
SM,201630,49623--sample_49623_k141_767519,0.017321827783303666,1.08867494036395e-05,0.5
SM,201630,49621--sample_49621_k141_584922,0.018487842660635124,1.2671588963691147e-05,0.5003885003885004
SM,201630,49623--sample_49623_k141_779668,0.023414423533464627,2.0573061042104803e-05,0.5019485580670304
SM,201630,49620--sample_49620_k141_491955,0.024559756507320125,2.303532022216905e-05,0.5023400936037441
SM,201630,49628--sample_49628_k141_1420505,0.019668135541782397,1.443034841836319e-05,0.5007776049766719
SM,201630,49627--sample_49627_k141_787512,0.012320335745174105,5.3904432517120044e-06,0.4984520123839009
SM,201630,49622--sample_49622_k141_677407,0.02330384003338579,2.0744196903049092e-05,0.5019485580670304
SM,201630,49620--sample_49620_k141_660138,0.014768673742262059,7.937278835148759e-06,0.4992248062015504
SM,201630,49623--sample_49623_k141_854348,0.023267764829915237,2.075089553402908e-05,0.5019485580670304
SM,201630,49624--sample_49624_k141_725260,0.018569089930237512,1.2506941517323037e-05,0.5003885003885004
SM,201630,49627--sample_49627_k141_117580,0.022123571820492464,1.849241703513319e-05,0.5015576323987538
SM,201630,49623--sample_49623_k141_1085947,0.020816713387845937,1.6493729590980844e-05,0.5011673151750973
SM,201630,49623--sample_49623_k141_1306255,0.014845766056693096,7.8886968691335e-06,0.4992248062015504
SM,201630,49620--sample_49620_k141_894471,0.019739071986604226,1.441867599185509e-05,0.5007776049766719
SM,201630,49620--sample_49620_k141_704684,0.020882344618937457,1.6407638704717818e-05,0.5011673151750973
SM,201630,49628--sample_49628_k141_1721245,0.01722242020295617,1.0959900081159177e-05,0.5
SM,201630,49628--sample_49628_k141_999266,0.01858608940357722,1.2567661737356717e-05,0.5003885003885004
SM,201630,49628--sample_49628_k141_813340,0.01482541900310468,7.86226429846888e-06,0.4992248062015504
SM,201630,49620--sample_49620_k141_752177,0.01832524108488779,1.279091341846841e-05,0.5003885003885004
SM,201630,49620--sample_49620_k141_108148,0.022175902666574435,1.845087345410564e-05,0.5015576323987538
SM,201630,49620--sample_49620_k141_305001,0.019734271601569854,1.4431717036667381e-05,0.5007776049766719
SM,201630,49620--sample_49620_k141_809408,0.02326147617467443,2.074805985295371e-05,0.5019485580670304
SM,201630,49620--sample_49620_k141_298856,0.025709837586680474,2.5513276250135036e-05,0.5027322404371585
SM,201630,49620--sample_49620_k141_845971,0.018349454206623636,1.2819882985506749e-05,0.5003885003885004
SM,201630,49620--sample_49620_k141_473883,0.021035310437419918,1.6317719667889927e-05,0.5011673151750973
SM,201630,49623--sample_49623_k141_1322247,0.0148052391560296,7.906558383233628e-06,0.4992248062015504
SM,201630,49623--sample_49623_k141_1050270,0.019714353612159424,1.4439604856648937e-05,0.5007776049766719
SM,201630,49627--sample_49627_k141_741011,0.0221067129559408,1.8476534047037316e-05,0.5015576323987538
SM,201630,49620--sample_49620_k141_880152,0.02451037068547629,2.3066614851705464e-05,0.5023400936037441
SM,201630,49620--sample_49620_k141_311412,0.015913151109235014,9.446364653421964e-06,0.49961210240496506
SM,201630,49627--sample_49627_k141_604251,0.01955650380820888,1.4636088537052356e-05,0.5007776049766719
SM,201630,49620--sample_49620_k141_862254,0.022035306368034423,1.854050319981795e-05,0.5015576323987538
SM,201630,49620--sample_49620_k141_858421,0.019728089215048362,1.4448288827590921e-05,0.5007776049766719
SM,201630,49628--sample_49628_k141_1354571,0.0172401488494177,1.0982271415554126e-05,0.5
SM,201630,49623--sample_49623_k141_974752,0.02473860176515123,2.2748414099480644e-05,0.5023400936037441
SM,201630,49625--sample_49625_k141_104980,0.017250828889843143,1.0937498558030475e-05,0.5
SM,201630,49620--sample_49620_k141_897547,0.018537427633598624,1.2554734331514841e-05,0.5003885003885004
SM,201630,49623--sample_49623_k141_305095,0.023249443615260195,2.079322454988469e-05,0.5019485580670304
SM,201630,49620--sample_49620_k141_707658,0.022209153930693143,1.840302698092573e-05,0.5015576323987538
SM,201630,49620--sample_49620_k141_464296,0.01964518618235953,1.4524354955107613e-05,0.5007776049766719
SM,201630,49620--sample_49620_k141_58738,0.015982341661372704,9.406360948743778e-06,0.49961210240496506
SM,201630,49620--sample_49620_k141_221339,0.019560772153648407,1.4590603500434747e-05,0.5007776049766719
SM,201630,49620--sample_49620_k141_519009,0.01837436554346929,1.2706139638260996e-05,0.5003885003885004
SM,201630,49620--sample_49620_k141_785591,0.020849283678679928,1.648457556304534e-05,0.5011673151750973
SM,201630,49620--sample_49620_k141_545144,0.017270107738307824,1.0931246808671249e-05,0.5
SM,201630,49627--sample_49627_k141_689341,0.015870014228728736,9.480052325968271e-06,0.49961210240496506
SM,201630,49628--sample_49628_k141_443953,0.0245831888277025,2.2943110557113307e-05,0.5023400936037441
SM,201630,49623--sample_49623_k141_909731,0.01846440488103379,1.2626030724540368e-05,0.5003885003885004
SM,201630,49623--sample_49623_k141_745389,0.018366549905871804,1.2739423468960532e-05,0.5003885003885004
SM,201630,49620--sample_49620_k141_123959,0.011103182270092991,4.333336689404379e-06,0.4980665119876257
SM,201630,49621--sample_49621_k141_18954,0.014686519761195204,7.98624672695611e-06,0.4992248062015504
SM,201630,49620--sample_49620_k141_611392,0.017144021259239625,1.11265080965826e-05,0.5
SM,201630,49620--sample_49620_k141_34923,0.018467228268043864,1.2570704759254498e-05,0.5003885003885004
SM,201630,49627--sample_49627_k141_825498,0.023345201144081635,2.06543363798761e-05,0.5019485580670304
SM,201630,49620--sample_49620_k141_426288,0.015941576641752827,9.450687596631662e-06,0.49961210240496506
SM,201630,49620--sample_49620_k141_797190,0.0208105133358001,1.6557096913954344e-05,0.5011673151750973
SM,201630,49620--sample_49620_k141_878757,0.020803704299731805,1.6546538538313008e-05,0.5011673151750973
SM,201630,49620--sample_49620_k141_612686,0.017250694636678443,1.0957235682605734e-05,0.5
SM,201630,49620--sample_49620_k141_336042,0.019841200093001405,1.4356064596008294e-05,0.5007776049766719
SM,201630,49628--sample_49628_k141_1344925,0.02327719491365339,2.0772623853143922e-05,0.5019485580670304
SM,201630,49621--sample_49621_k141_767634,0.019534975142844305,1.4596353401276625e-05,0.5007776049766719
SM,201630,49628--sample_49628_k141_1441280,0.019583569236071997,1.4576288895109441e-05,0.5007776049766719
SM,201630,49625--sample_49625_k141_424543,0.023316515590335745,2.0714310473788316e-05,0.5019485580670304
SM,201630,49627--sample_49627_k141_63191,0.01973395349529834,1.4445971102088076e-05,0.5007776049766719
SM,201630,49623--sample_49623_k141_142584,0.019690494807036933,1.4474821593437998e-05,0.5007776049766719
SM,201630,49620--sample_49620_k141_634331,0.020922132305847805,1.6426789238637506e-05,0.5011673151750973
SM,201630,49622--sample_49622_k141_237199,0.0184093235857421,1.2690542160866086e-05,0.5003885003885004
SM,201630,49623--sample_49623_k141_447354,0.017129218018505504,1.1074032162372049e-05,0.5
SM,201630,49620--sample_49620_k141_400844,0.01467180871293457,8.00933940934499e-06,0.4992248062015504
SM,201630,49620--sample_49620_k141_458278,0.01977939512427948,1.439173447140109e-05,0.5007776049766719
SM,201630,49623--sample_49623_k141_1350425,0.024518250145759393,2.301548270591027e-05,0.5023400936037441
SM,201630,49620--sample_49620_k141_611969,0.018423878230822078,1.2712016575906466e-05,0.5003885003885004
SM,201630,49620--sample_49620_k141_109507,0.014656630253883338,8.078077767580983e-06,0.4992248062015504
SM,201630,49623--sample_49623_k141_1060122,0.0234368187214806,2.0589540966223046e-05,0.5019485580670304
SM,201630,49627--sample_49627_k141_875042,0.018338339837128504,1.2770927217559695e-05,0.5003885003885004
SM,201630,49628--sample_49628_k141_169027,0.01845553957757984,1.2614177486233774e-05,0.5003885003885004
SM,201630,49623--sample_49623_k141_604689,0.021052724647247414,1.6298504925759182e-05,0.5011673151750973
SM,201630,49623--sample_49623_k141_735064,0.019573488873392438,1.4574002255691698e-05,0.5007776049766719
SM,201630,49623--sample_49623_k141_182928,0.013633974297066597,6.565859638772371e-06,0.4988381099922541
SM,201630,49628--sample_49628_k141_544373,0.014705536186087617,7.942551977458113e-06,0.4992248062015504
SM,201630,49623--sample_49623_k141_629916,0.019555822043900578,1.4602095667241961e-05,0.5007776049766719
SM,201630,49624--sample_49624_k141_503759,0.020877842506535477,1.6494031019151066e-05,0.5011673151750973
SM,201630,49623--sample_49623_k141_659201,0.022082099129659017,1.8516909291894245e-05,0.5015576323987538
SM,201630,49620--sample_49620_k141_106568,0.018429937173703007,1.2713338958521033e-05,0.5003885003885004
SM,201630,49623--sample_49623_k141_906484,0.015920887196528486,9.471060827717886e-06,0.49961210240496506
SM,201630,49620--sample_49620_k141_378030,0.01853987408629724,1.260327983498284e-05,0.5003885003885004
SM,201630,49623--sample_49623_k141_1305944,0.018499520071624885,1.2601402884810752e-05,0.5003885003885004
SM,201630,49623--sample_49623_k141_1375097,0.020939976995158923,1.6384696395022795e-05,0.5011673151750973
SM,201630,49625--sample_49625_k141_244511,0.017291955044875438,1.092705775026608e-05,0.5
SM,201630,49620--sample_49620_k141_639941,0.022182289330718377,1.845607459199368e-05,0.5015576323987538
SM,201630,49623--sample_49623_k141_435193,0.01967550930410152,1.4441898336136456e-05,0.5007776049766719
SM,201630,49627--sample_49627_k141_356105,0.022125854205328956,1.8448277041965063e-05,0.5015576323987538
SM,201630,49623--sample_49623_k141_1038317,0.024531475109205423,2.302653229639692e-05,0.5023400936037441
SM,201630,49627--sample_49627_k141_663776,0.01965833177639097,1.4476444635790155e-05,0.5007776049766719
SM,201630,49620--sample_49620_k141_417201,0.01476790486635012,7.94306447348912e-06,0.4992248062015504
SM,201630,49620--sample_49620_k141_745399,0.020859212936284503,1.6451832803087412e-05,0.5011673151750973
SM,201630,49621--sample_49621_k141_829693,0.0185169665065987,1.2590404521489923e-05,0.5003885003885004
SM,201630,49623--sample_49623_k141_649493,0.023410239072392685,2.0535206521514963e-05,0.5019485580670304
SM,201630,49620--sample_49620_k141_779465,0.014639578814126225,8.059102346805564e-06,0.4992248062015504
SM,201630,49621--sample_49621_k141_1073290,0.023360784099444126,2.06321647949608e-05,0.5019485580670304
SM,201630,49620--sample_49620_k141_370309,0.013432239342805323,6.666254898295327e-06,0.4984520123839009
SM,201630,49628--sample_49628_k141_1201807,0.019733083632852266,1.4408135928903548e-05,0.5007776049766719
SM,201630,49620--sample_49620_k141_436252,0.019622889083475707,1.4506402028648283e-05,0.5007776049766719
SM,201630,49620--sample_49620_k141_709318,0.018488354770305183,1.2653617550682404e-05,0.5003885003885004
SM,201630,49620--sample_49620_k141_838211,0.01969949099736918,1.4421888938328127e-05,0.5007776049766719
SM,201630,49620--sample_49620_k141_336741,0.019646171607256947,1.452076702717222e-05,0.5007776049766719
SM,201630,49627--sample_49627_k141_882587,0.02213187661880699,1.8477049352252197e-05,0.5015576323987538
SM,201630,49626--sample_49626_k141_299629,0.02096667934418949,1.631761357460001e-05,0.5011673151750973
SM,201630,49620--sample_49620_k141_126210,0.01836171648033286,1.2753234937744623e-05,0.5003885003885004
SM,201630,49627--sample_49627_k141_340580,0.019669538564409714,1.4451087106607727e-05,0.5007776049766719
SM,201630,49621--sample_49621_k141_1098185,0.018443042826669427,1.2710932660065755e-05,0.5003885003885004
SM,201630,49620--sample_49620_k141_443929,0.018389064683861867,1.2684281043593379e-05,0.5003885003885004
SM,201630,49628--sample_49628_k141_1264346,0.01834178231736567,1.2762616895822397e-05,0.5003885003885004
SM,201630,49624--sample_49624_k141_808763,0.02465703478420306,2.281567017517233e-05,0.5023400936037441
SM,201630,49623--sample_49623_k141_620155,0.020891744818038866,1.643609947976069e-05,0.5011673151750973
SM,201630,49623--sample_49623_k141_504674,0.022116388554932483,1.846470208305744e-05,0.5015576323987538
SM,201630,49621--sample_49621_k141_806044,0.017236321433421246,1.094379895931363e-05,0.5
SM,201630,49623--sample_49623_k141_955947,0.018432355280264805,1.2713691018833078e-05,0.5003885003885004
SM,201630,49623--sample_49623_k141_639263,0.021027165171361707,1.623685776276415e-05,0.5011673151750973
SM,201630,49620--sample_49620_k141_293767,0.018509445968611617,1.2627866798443057e-05,0.5003885003885004
SM,201630,49620--sample_49620_k141_585705,0.018349506624199725,1.2787292905804156e-05,0.5003885003885004
SM,201630,49620--sample_49620_k141_748976,0.0160487093602507,9.356272343779828e-06,0.49961210240496506
SM,201630,49620--sample_49620_k141_25330,0.020889865256758143,1.6390233569861403e-05,0.5011673151750973
SM,201630,49627--sample_49627_k141_661679,0.025872386957222052,2.5306282121305072e-05,0.5027322404371585
SM,201630,49620--sample_49620_k141_623844,0.01848470839597213,1.2605204350528072e-05,0.5003885003885004
SM,201630,49620--sample_49620_k141_122298,0.020939898922207725,1.633460479475209e-05,0.5011673151750973
SM,201630,49623--sample_49623_k141_832889,0.017238861342031522,1.0920436996583507e-05,0.5
SM,201630,49623--sample_49623_k141_1005056,0.017216841830802534,1.0952091553150897e-05,0.5
SM,201630,49620--sample_49620_k141_895151,0.0221914095246824,1.8359610639276755e-05,0.5015576323987538
SM,201630,49620--sample_49620_k141_807767,0.018402858836298573,1.2736124724093566e-05,0.5003885003885004
SM,201630,49623--sample_49623_k141_941570,0.017329518963552767,1.088306537286801e-05,0.5
SM,201630,49628--sample_49628_k141_1852,0.02695747931655626,2.8015308462987732e-05,0.503125
SM,201630,49623--sample_49623_k141_1218155,0.01729572778392301,1.0909514025354721e-05,0.5
SM,201630,49620--sample_49620_k141_531304,0.015915938278149116,9.44420675643528e-06,0.49961210240496506
SM,201630,49620--sample_49620_k141_525399,0.0185432569062978,1.2572914375151198e-05,0.5003885003885004
SM,201630,49627--sample_49627_k141_867888,0.023371923090231745,2.0652400828310127e-05,0.5019485580670304
SM,201630,49628--sample_49628_k141_1292410,0.018684060682193582,1.2458537302968666e-05,0.5003885003885004
SM,201630,49624--sample_49624_k141_367618,0.018446068339725872,1.2623274428941808e-05,0.5003885003885004
SM,201630,49620--sample_49620_k141_336437,0.02465590926803476,2.2854143140146947e-05,0.5023400936037441
SM,201630,49620--sample_49620_k141_300555,0.01482273560069396,7.925223014309701e-06,0.4992248062015504
SM,201630,49623--sample_49623_k141_932595,0.018468007749871278,1.2633449315638953e-05,0.5003885003885004
SM,201630,49624--sample_49624_k141_886731,0.013492054931877077,6.67153784722453e-06,0.4988381099922541
SM,201630,49628--sample_49628_k141_896519,0.017205477898323284,1.0961324704033984e-05,0.5
SM,201630,49620--sample_49620_k141_537973,0.020908121348321904,1.6377640666055735e-05,0.5011673151750973
SM,201630,49620--sample_49620_k141_241114,0.017307074391681054,1.0907949120619298e-05,0.5
SM,201630,49621--sample_49621_k141_675292,0.02332696157939385,2.0660759165328897e-05,0.5019485580670304
SM,201630,49620--sample_49620_k141_713240,0.017233582555960674,1.095839624485076e-05,0.5
SM,201630,49628--sample_49628_k141_1335931,0.020868565046750817,1.6441903477494398e-05,0.5011673151750973
SM,201630,49628--sample_49628_k141_1578820,0.019615668781009662,1.4520373763881817e-05,0.5007776049766719
SM,201630,49623--sample_49623_k141_595193,0.01839468256523811,1.2736020858133102e-05,0.5003885003885004
SM,201630,49620--sample_49620_k141_345775,0.014721635162304339,8.014198363123287e-06,0.4992248062015504
SM,201630,49628--sample_49628_k141_1486095,0.019730064032013578,1.4447568595095644e-05,0.5007776049766719
SM,201630,49623--sample_49623_k141_635168,0.01716732387250042,1.1024181740828392e-05,0.5
SM,201630,49624--sample_49624_k141_857349,0.023387290443390305,2.0615483781290546e-05,0.5019485580670304
SM,201630,49623--sample_49623_k141_921694,0.028206197371714002,3.0655590786157514e-05,0.5035183737294762
SM,201630,49628--sample_49628_k141_870812,0.013567972564888928,6.59682706436287e-06,0.4988381099922541
SM,201630,49620--sample_49620_k141_810609,0.023423451319304272,2.0566676274951725e-05,0.5019485580670304
SM,201630,49628--sample_49628_k141_729278,0.027031756897932267,2.7904632093857994e-05,0.503125
SM,201630,49623--sample_49623_k141_805715,0.021996328129779363,1.8617253362005405e-05,0.5015576323987538
SM,201630,49623--sample_49623_k141_1004039,0.020841208157990697,1.6509960563032616e-05,0.5011673151750973
SM,201630,49623--sample_49623_k141_783197,0.01719551294710649,1.101437607852514e-05,0.5
SM,201630,49623--sample_49623_k141_375876,0.022137854517829608,1.841311933305865e-05,0.5015576323987538
SM,201630,49620--sample_49620_k141_409549,0.018240974535722845,1.2829055634090903e-05,0.5003885003885004
SM,201630,49628--sample_49628_k141_1401107,0.018423049939706383,1.2653027580634498e-05,0.5003885003885004
SM,201630,49623--sample_49623_k141_544588,0.017216706336654307,1.09581131968851e-05,0.5
SM,201630,49620--sample_49620_k141_402231,0.02205620824781931,1.8549130655610254e-05,0.5015576323987538
SM,201630,49623--sample_49623_k141_985280,0.018276801210098996,1.2844052132717032e-05,0.5003885003885004
SM,201630,49623--sample_49623_k141_91927,0.022249498579099736,1.8279043010257955e-05,0.5015576323987538
SM,201630,49623--sample_49623_k141_1330012,0.01719161245596329,1.1023241069398082e-05,0.5
SM,201630,49620--sample_49620_k141_596290,0.017195143193204834,1.0984520811507573e-05,0.5
SM,201630,49628--sample_49628_k141_1712723,0.02217825453955108,1.838089991236397e-05,0.5015576323987538
SM,201630,49623--sample_49623_k141_1131227,0.0184689003728305,1.2638445849341926e-05,0.5003885003885004
SM,201630,49627--sample_49627_k141_313292,0.014732796237120172,7.952363180176446e-06,0.4992248062015504
SM,201630,49620--sample_49620_k141_209439,0.022162339296961566,1.842018342422941e-05,0.5015576323987538
SM,201630,49627--sample_49627_k141_512927,0.015974206106550322,9.438368765850559e-06,0.49961210240496506
SM,201630,49620--sample_49620_k141_780576,0.01974356406750832,1.4427213594773778e-05,0.5007776049766719
SM,201630,49620--sample_49620_k141_680328,0.02082787767580521,1.647445948267506e-05,0.5011673151750973
SM,201630,49620--sample_49620_k141_471906,0.02214038044774133,1.843717746000025e-05,0.5015576323987538
SM,201630,49620--sample_49620_k141_1427,0.01844466309593259,1.2667054112046955e-05,0.5003885003885004
SM,201630,49627--sample_49627_k141_576506,0.02209277087154069,1.8518082376867126e-05,0.5015576323987538
SM,201630,49624--sample_49624_k141_183073,0.017127831282088342,1.1056266740254607e-05,0.5
SM,201630,49623--sample_49623_k141_440584,0.013459000421127024,6.670557311081658e-06,0.4988381099922541
SM,201630,49620--sample_49620_k141_596468,0.018355126336448882,1.2726170997360565e-05,0.5003885003885004
SM,201630,49620--sample_49620_k141_180772,0.02349316437268681,2.0494573300456164e-05,0.5019485580670304
SM,201630,49623--sample_49623_k141_450039,0.01858214856800321,1.2536415747738475e-05,0.5003885003885004
SM,201630,49620--sample_49620_k141_267223,0.019840301770902666,1.432148091480848e-05,0.5007776049766719
SM,201630,49627--sample_49627_k141_739479,0.019801533915876628,1.4309192997457437e-05,0.5007776049766719
SM,201630,49620--sample_49620_k141_400183,0.024621628120180122,2.2886827583260446e-05,0.5023400936037441
SM,201630,49620--sample_49620_k141_670690,0.019655456453291927,1.4468293069819021e-05,0.5007776049766719
SM,201630,49623--sample_49623_k141_259650,0.022055210178053872,1.8527405893341108e-05,0.5015576323987538
SM,201630,49623--sample_49623_k141_549495,0.019614731833016333,1.4533793324638371e-05,0.5007776049766719
SM,201630,49620--sample_49620_k141_776021,0.0221571716247126,1.841913040109875e-05,0.5015576323987538
SM,201630,49620--sample_49620_k141_196964,0.01348496530872543,6.680633724718752e-06,0.4988381099922541
SM,201630,49620--sample_49620_k141_840562,0.02089858072814937,1.641748244939613e-05,0.5011673151750973
SM,201630,49623--sample_49623_k141_518176,0.022201794080414314,1.8344780928145713e-05,0.5015576323987538
SM,201630,49627--sample_49627_k141_654175,0.022115406533146538,1.84732554355757e-05,0.5015576323987538
SM,201630,49627--sample_49627_k141_414467,0.019740259725336752,1.4434259027577387e-05,0.5007776049766719
SM,201630,49623--sample_49623_k141_1247076,0.020845207177819278,1.6473114266960016e-05,0.5011673151750973
SM,201630,49620--sample_49620_k141_374157,0.019745662691057535,1.4435659679747412e-05,0.5007776049766719
SM,201630,49620--sample_49620_k141_275674,0.01834839834995619,1.275085908541884e-05,0.5003885003885004
SM,201630,49620--sample_49620_k141_577314,0.02463571827466145,2.2828722520456305e-05,0.5023400936037441
SM,201630,49620--sample_49620_k141_378471,0.02093683835701602,1.6425306876069043e-05,0.5011673151750973
SM,201630,49624--sample_49624_k141_942387,0.018394799510360677,1.2765575209145998e-05,0.5003885003885004
SM,201630,49628--sample_49628_k141_1506561,0.019611144046609165,1.4528053436098608e-05,0.5007776049766719
SM,201630,49624--sample_49624_k141_837100,0.018409521939400757,1.2696149441880112e-05,0.5003885003885004
SM,201630,49620--sample_49620_k141_697673,0.019720819295895725,1.4442962514067716e-05,0.5007776049766719
SM,201630,49623--sample_49623_k141_837177,0.022109018100248318,1.850027878366355e-05,0.5015576323987538
SM,201630,49623--sample_49623_k141_274362,0.01729245498508717,1.0947571430914189e-05,0.5
SM,201630,49623--sample_49623_k141_283253,0.02337087398882935,2.0581518475576408e-05,0.5019485580670304
SM,201630,49623--sample_49623_k141_379355,0.014765910983151307,7.911998852551756e-06,0.4992248062015504
SM,201630,49623--sample_49623_k141_180157,0.018427148395614008,1.2716869018592265e-05,0.5003885003885004
SM,201630,49620--sample_49620_k141_475809,0.015907091176258874,9.503951545067863e-06,0.49961210240496506
SM,201630,49623--sample_49623_k141_739376,0.018496438156769608,1.2602547062836802e-05,0.5003885003885004
SM,201630,49621--sample_49621_k141_178506,0.022152988265827626,1.8438301654980002e-05,0.5015576323987538
SM,201630,49620--sample_49620_k141_588205,0.018428418096986664,1.2682767126343578e-05,0.5003885003885004
SM,201630,49623--sample_49623_k141_762414,0.020798747135501568,1.6542901774860915e-05,0.5011673151750973
SM,201630,49620--sample_49620_k141_308469,0.017321155296086552,1.0861641326577693e-05,0.5
SM,201630,49620--sample_49620_k141_344961,0.02208569547844639,1.8468986264165372e-05,0.5015576323987538
SM,201630,49628--sample_49628_k141_960275,0.02450836838229635,2.3030612843753038e-05,0.5023400936037441
SM,201630,49628--sample_49628_k141_1438869,0.01472453100393326,7.940427186801693e-06,0.4992248062015504
SM,201630,49620--sample_49620_k141_216516,0.01832342176786172,1.2742253094759522e-05,0.5003885003885004
SM,201630,49620--sample_49620_k141_140542,0.022213013330078277,1.8321449375826995e-05,0.5015576323987538
SM,201630,49620--sample_49620_k141_350606,0.019717794683829087,1.4469371948514552e-05,0.5007776049766719
SM,201630,49622--sample_49622_k141_541922,0.01963815068272755,1.4495691697769099e-05,0.5007776049766719
SM,201630,49620--sample_49620_k141_562938,0.017244402114742957,1.0945699434000986e-05,0.5
SM,201630,49620--sample_49620_k141_345569,0.024586979122211763,2.2917277070382663e-05,0.5023400936037441
SM,201630,49620--sample_49620_k141_268279,0.017253298245847037,1.0947491995055131e-05,0.5
SM,201630,49620--sample_49620_k141_280585,0.019731722032438132,1.443627884649173e-05,0.5007776049766719
SM,201630,49627--sample_49627_k141_725460,0.022069337949365393,1.854151892658403e-05,0.5015576323987538
SM,201630,49628--sample_49628_k141_884471,0.019818639879942455,1.4334788191130427e-05,0.5007776049766719
SM,201630,49628--sample_49628_k141_389027,0.012258075944269753,5.418201276757312e-06,0.4980665119876257
SM,201630,49620--sample_49620_k141_868983,0.01835110977452666,1.2721311666729546e-05,0.5
SM,201630,49623--sample_49623_k141_441108,0.015901740675321338,9.467486020727146e-06,0.49961210240496506
SM,201630,49620--sample_49620_k141_469999,0.022092126815235997,1.8543233488047234e-05,0.5015576323987538
SM,201630,49620--sample_49620_k141_853803,0.015884211876386008,9.499173375348895e-06,0.49961210240496506
SM,201630,49620--sample_49620_k141_848181,0.024577655708957973,2.2928050036632116e-05,0.5023400936037441
SM,201630,49627--sample_49627_k141_696542,0.014805158702275282,7.917490996725833e-06,0.4988381099922541
SM,201630,49620--sample_49620_k141_794699,0.020940058664815384,1.636592754988947e-05,0.5011673151750973
SM,201630,49620--sample_49620_k141_614701,0.016017390218369513,9.350375668013297e-06,0.49961210240496506
SM,201630,49620--sample_49620_k141_175692,0.018343203064479105,1.2728597568338129e-05,0.5003885003885004
SM,201630,49625--sample_49625_k141_399547,0.01961349514523667,1.454901073637774e-05,0.5007776049766719
SM,201630,49620--sample_49620_k141_714399,0.020878301045079393,1.6415940957415553e-05,0.5011673151750973
SM,201630,49628--sample_49628_k141_1350362,0.018511364179552722,1.2620999744308312e-05,0.5003885003885004
SM,201630,49620--sample_49620_k141_642954,0.02214543354447226,1.847548797502099e-05,0.5015576323987538
SM,201630,49628--sample_49628_k141_1269653,0.019600071654993948,1.4539293587637014e-05,0.5007776049766719
SM,201630,49628--sample_49628_k141_1723366,0.02215593913734657,1.841118532688059e-05,0.5015576323987538
SM,201630,49622--sample_49622_k141_970025,0.021019779019837478,1.6313022005312633e-05,0.5011673151750973
SM,201630,49627--sample_49627_k141_421323,0.02335860344678288,2.0656388743842638e-05,0.5019485580670304
SM,201630,49628--sample_49628_k141_1029201,0.02460593350214267,2.295419814096124e-05,0.5023400936037441
SM,201630,49628--sample_49628_k141_1211821,0.022077370927930322,1.851598859422367e-05,0.5015576323987538
SM,201630,49622--sample_49622_k141_822455,0.02215148304336188,1.83969431441615e-05,0.5015576323987538
SM,201630,49620--sample_49620_k141_584834,0.022202861841064073,1.8342701450633626e-05,0.5015576323987538
SM,201630,49620--sample_49620_k141_750463,0.017214102839141043,1.1006078870060948e-05,0.5
SM,201630,49623--sample_49623_k141_19062,0.019607420853319076,1.451674238078655e-05,0.5007776049766719
SM,201630,49628--sample_49628_k141_1303741,0.014848274060072563,7.90451452687258e-06,0.4992248062015504
SM,201630,49627--sample_49627_k141_598482,0.018494505305537062,1.263849409966843e-05,0.5003885003885004
SM,201630,49623--sample_49623_k141_1355655,0.01586210756061944,9.479929745654249e-06,0.49961210240496506
SM,201630,49623--sample_49623_k141_303771,0.01961884358773182,1.454082210908103e-05,0.5007776049766719
SM,201630,49620--sample_49620_k141_609283,0.01851771225906026,1.261615630765624e-05,0.5003885003885004
SM,201630,49628--sample_49628_k141_1400465,0.0258543819569741,2.5299787344821437e-05,0.5027322404371585
SM,201630,49621--sample_49621_k141_1077144,0.02572467499964699,2.5431239014884844e-05,0.5027322404371585
SM,201630,49620--sample_49620_k141_175085,0.020867306564449177,1.6446035489615486e-05,0.5011673151750973
SM,201630,49620--sample_49620_k141_473245,0.024522936071131343,2.3068473453274646e-05,0.5023400936037441
SM,201630,49628--sample_49628_k141_751758,0.019614261104686836,1.4507777578666542e-05,0.5007776049766719
SM,201630,49620--sample_49620_k141_529134,0.02092885406132584,1.6346330592268596e-05,0.5011673151750973
SM,201630,49623--sample_49623_k141_854320,0.018399893318884742,1.270010126024854e-05,0.5003885003885004
SM,201630,49620--sample_49620_k141_479378,0.01967132201129915,1.4479063075072393e-05,0.5007776049766719
SM,201630,49623--sample_49623_k141_485845,0.014860144770782645,7.82147213169009e-06,0.4992248062015504
SM,201630,49623--sample_49623_k141_1104290,0.02703366100805951,2.7894592370668703e-05,0.503125
SM,201630,49620--sample_49620_k141_802175,0.024585873478170168,2.297609949712069e-05,0.5023400936037441
SM,201630,49620--sample_49620_k141_708196,0.025722235477517983,2.5433823995449715e-05,0.5027322404371585
SM,201630,49623--sample_49623_k141_239529,0.01717804639410806,1.0980446931914898e-05,0.5
SM,201630,49627--sample_49627_k141_524154,0.017163157254690423,1.10209021954155e-05,0.5
SM,201630,49627--sample_49627_k141_871592,0.020938268313306217,1.6416222141276545e-05,0.5011673151750973
SM,201630,49624--sample_49624_k141_462272,0.01727140373534203,1.0875971966893692e-05,0.5
SM,201630,49620--sample_49620_k141_609029,0.012348535360894117,5.357591747890248e-06,0.4984520123839009
SM,201630,49627--sample_49627_k141_650344,0.022072944331768707,1.8549690220828878e-05,0.5015576323987538
SM,201630,49620--sample_49620_k141_792699,0.023363637072372313,2.0687688327057384e-05,0.5019485580670304
SM,201630,49620--sample_49620_k141_882729,0.0197556472530118,1.4328316085802146e-05,0.5007776049766719
SM,201630,49620--sample_49620_k141_510128,0.019647701017924398,1.4501523761053932e-05,0.5007776049766719
SM,201630,49620--sample_49620_k141_828425,0.017266220904850096,1.088321507244765e-05,0.5
SM,201630,49623--sample_49623_k141_973496,0.027169342643602584,2.7733307226496563e-05,0.503125
SM,201630,49623--sample_49623_k141_593582,0.018429159450460142,1.2662298154557812e-05,0.5003885003885004
SM,201630,49621--sample_49621_k141_409291,0.01729918435475355,1.0866707035316545e-05,0.5
SM,201630,49620--sample_49620_k141_700704,0.012347411478446216,5.397217163494694e-06,0.4980665119876257
SM,201630,49623--sample_49623_k141_1317120,0.02336767788168158,2.060504082517964e-05,0.5019485580670304
SM,201630,49623--sample_49623_k141_727605,0.019742158514570424,1.443095906568535e-05,0.5007776049766719
SM,201630,49628--sample_49628_k141_1487610,0.02223547766175469,1.8349754791392724e-05,0.5015576323987538
SM,201630,49627--sample_49627_k141_858468,0.018469325247961358,1.2654632339862726e-05,0.5003885003885004
SM,201630,49623--sample_49623_k141_170441,0.018442626997180453,1.2687961278319115e-05,0.5003885003885004
SM,201630,49628--sample_49628_k141_1767191,0.017459829961316668,1.0738413547915541e-05,0.5
SM,201630,49627--sample_49627_k141_190321,0.018447468113605647,1.2639173340236993e-05,0.5003885003885004
SM,201630,49627--sample_49627_k141_749238,0.013574188322547674,6.530619770310423e-06,0.4988381099922541
SM,201630,49620--sample_49620_k141_552424,0.013490737432246583,6.689219818494407e-06,0.4988381099922541
SM,201630,49623--sample_49623_k141_828017,0.021043123327613784,1.6252222128702794e-05,0.5011673151750973
SM,201630,49627--sample_49627_k141_462720,0.018574906981849902,1.2559252732995779e-05,0.5003885003885004
SM,201630,49621--sample_49621_k141_762393,0.019600278004356875,1.4524583845529205e-05,0.5007776049766719
SM,201630,49620--sample_49620_k141_900294,0.018446904938549884,1.2630922655463991e-05,0.5003885003885004
SM,201630,49621--sample_49621_k141_452052,0.014743987378542357,7.964440443711957e-06,0.4992248062015504
SM,201630,49621--sample_49621_k141_784926,0.0208749544859525,1.6413654147895706e-05,0.5011673151750973
SM,201630,49620--sample_49620_k141_464073,0.01974213916791723,1.444376163635629e-05,0.5007776049766719
SM,201630,49623--sample_49623_k141_402753,0.023467453341447213,2.0538157205381124e-05,0.5019485580670304
SM,201630,49626--sample_49626_k141_514911,0.0208519909037737,1.6489823391054155e-05,0.5011673151750973
SM,201630,49620--sample_49620_k141_89916,0.020903219020053803,1.6406168231887092e-05,0.5011673151750973
SM,201630,49621--sample_49621_k141_394250,0.018416620203896113,1.266989576732007e-05,0.5003885003885004
SM,201630,49621--sample_49621_k141_806897,0.013445719981862371,6.669014733379987e-06,0.4984520123839009
SM,201630,49628--sample_49628_k141_934206,0.018524557346338653,1.2571461342361484e-05,0.5003885003885004
SM,201630,49628--sample_49628_k141_1580996,0.025878873452606845,2.5258465812346704e-05,0.5027322404371585
SM,201630,49623--sample_49623_k141_731714,0.018464732695561877,1.2658546745300845e-05,0.5003885003885004
SM,201630,49623--sample_49623_k141_770561,0.02586406576612792,2.523978837637252e-05,0.5027322404371585
SM,201630,49627--sample_49627_k141_829391,0.017314739221094347,1.0889105978173108e-05,0.5
SM,201630,49627--sample_49627_k141_571973,0.017111441699781314,1.1073179793010158e-05,0.5
SM,201630,49620--sample_49620_k141_93113,0.0195778721488723,1.4557983451838367e-05,0.5007776049766719
SM,201630,49623--sample_49623_k141_687281,0.022105740596286123,1.8517420004997635e-05,0.5015576323987538
SM,201630,49626--sample_49626_k141_590008,0.020784871227374616,1.65521070948473e-05,0.5011673151750973
SM,201630,49620--sample_49620_k141_895379,0.019761395820680927,1.4397587114949603e-05,0.5007776049766719
SM,201630,49620--sample_49620_k141_98203,0.01713863528813694,1.1085518448647841e-05,0.5
SM,201630,49625--sample_49625_k141_188852,0.018450384758979626,1.2645573176476474e-05,0.5003885003885004
SM,201630,49620--sample_49620_k141_313162,0.018505801044532356,1.2629000550414353e-05,0.5003885003885004
SM,201630,49627--sample_49627_k141_276556,0.017280664898716398,1.09122830234826e-05,0.5
SM,201630,49628--sample_49628_k141_1632557,0.020864103929737993,1.643901600270692e-05,0.5011673151750973
SM,201630,49623--sample_49623_k141_1254467,0.022146779440323217,1.8439763559393702e-05,0.5015576323987538
SM,201630,49623--sample_49623_k141_824443,0.022188996609685638,1.8422090036967063e-05,0.5015576323987538
SM,201630,49620--sample_49620_k141_806638,0.02452218396670224,2.2973188517374276e-05,0.5023400936037441
SM,201630,49620--sample_49620_k141_304248,0.023416122470726605,2.0530172064936204e-05,0.5019485580670304
SM,201630,49620--sample_49620_k141_174776,0.02208323157699338,1.8509235802263605e-05,0.5015576323987538
SM,201630,49620--sample_49620_k141_347387,0.017126930490252948,1.1109030384348817e-05,0.5
SM,201630,49627--sample_49627_k141_177413,0.019631095958864798,1.4547734930548144e-05,0.5007776049766719
SM,201630,49620--sample_49620_k141_386392,0.02095030414760148,1.6387409812463415e-05,0.5011673151750973
SM,201630,49620--sample_49620_k141_822760,0.019454254232030104,1.467680874125773e-05,0.5007776049766719
SM,201630,49627--sample_49627_k141_319949,0.0208880063907907,1.6370306804661674e-05,0.5011673151750973
SM,201630,49620--sample_49620_k141_343081,0.01726019121808044,1.0886775765228987e-05,0.5
SM,201630,49620--sample_49620_k141_629202,0.019652619509210538,1.4511693879808605e-05,0.5007776049766719
SM,201630,49620--sample_49620_k141_300959,0.019534551858723003,1.459489192157374e-05,0.5007776049766719
SM,201630,49628--sample_49628_k141_964811,0.019731107496804283,1.4441803889182761e-05,0.5007776049766719
SM,201630,49620--sample_49620_k141_498807,0.019657165298616906,1.444360832375689e-05,0.5007776049766719
SM,201630,49627--sample_49627_k141_729568,0.022021137145434484,1.8610540407840442e-05,0.5015576323987538
SM,201630,49623--sample_49623_k141_744433,0.023347201886865638,2.061009755954055e-05,0.5019485580670304
SM,201630,49627--sample_49627_k141_633653,0.019785105801757123,1.4319616014842272e-05,0.5007776049766719
SM,201630,49620--sample_49620_k141_883152,0.02710643872312286,2.779158890595883e-05,0.503125
SM,201630,49627--sample_49627_k141_515529,0.022133551595016718,1.842791040643883e-05,0.5015576323987538
SM,201630,49620--sample_49620_k141_550159,0.018366089898280168,1.2793960604421587e-05,0.5003885003885004
SM,201630,49624--sample_49624_k141_957901,0.0245580518674618,2.2984313956518087e-05,0.5023400936037441
SM,201630,49623--sample_49623_k141_70638,0.017290886505060058,1.0927130329214569e-05,0.5
SM,201630,49620--sample_49620_k141_33066,0.018364210002590843,1.2764370403146972e-05,0.5003885003885004
SM,201630,49620--sample_49620_k141_212651,0.018442156498940928,1.2674562238627425e-05,0.5003885003885004
SM,201630,49623--sample_49623_k141_825568,0.018509312423734766,1.2601762516982293e-05,0.5003885003885004
SM,201630,49620--sample_49620_k141_349419,0.0245681832303997,2.2963825244391388e-05,0.5023400936037441
SM,201630,49625--sample_49625_k141_389451,0.015923131626927968,9.45013217814772e-06,0.49961210240496506
SM,201630,49623--sample_49623_k141_638582,0.02101240507550072,1.6288924749899097e-05,0.5011673151750973
SM,201630,49623--sample_49623_k141_1032962,0.018479278805580684,1.262158892796668e-05,0.5003885003885004
SM,201630,49620--sample_49620_k141_772901,0.01954070826299658,1.4586458863143653e-05,0.5007776049766719
SM,201630,49623--sample_49623_k141_341484,0.01725866664545221,1.0927721492081705e-05,0.5
SM,201630,49627--sample_49627_k141_837948,0.020910370833580837,1.6436844111434877e-05,0.5011673151750973
SM,201630,49622--sample_49622_k141_625868,0.013493097206610013,6.63003852961547e-06,0.4988381099922541
SM,201630,49621--sample_49621_k141_998779,0.01597989539178731,9.44533682562169e-06,0.49961210240496506
SM,201630,49627--sample_49627_k141_754865,0.016013776427853593,9.405252750723084e-06,0.49961210240496506
SM,201630,49620--sample_49620_k141_315313,0.02335456951146623,2.0632115398072823e-05,0.5019485580670304
SM,201630,49623--sample_49623_k141_728033,0.02469444269012535,2.278306652292359e-05,0.5023400936037441
SM,201630,49620--sample_49620_k141_92586,0.014777721697705576,7.983415904306308e-06,0.4992248062015504
SM,201630,49625--sample_49625_k141_364346,0.01706071355674706,1.10907050842373e-05,0.5
SM,201630,49627--sample_49627_k141_490345,0.016132785022948633,9.275831131034965e-06,0.49961210240496506
SM,201630,49628--sample_49628_k141_1593967,0.018436015539876376,1.2652486169383968e-05,0.5003885003885004
SM,201630,49623--sample_49623_k141_540693,0.02220466892882505,1.8357305338096072e-05,0.5015576323987538
SM,201630,49627--sample_49627_k141_593011,0.020920369096446418,1.6333841064739143e-05,0.5011673151750973
SM,201630,49623--sample_49623_k141_100166,0.0159199882706319,9.462752278607377e-06,0.49961210240496506
SM,201630,49620--sample_49620_k141_188761,0.018343702145406964,1.2727285851061993e-05,0.5003885003885004
SM,201630,49620--sample_49620_k141_852859,0.01956420575083472,1.457060326951791e-05,0.5007776049766719
SM,201630,49620--sample_49620_k141_891883,0.02096618051600928,1.6310102160709913e-05,0.5011673151750973
SM,201630,49620--sample_49620_k141_165300,0.022121153445598712,1.8444242326691264e-05,0.5015576323987538
SM,201630,49623--sample_49623_k141_942149,0.017216134941286515,1.1002509392359544e-05,0.5
SM,201630,49620--sample_49620_k141_749019,0.018506728612602236,1.2560990647182714e-05,0.5003885003885004
SM,201630,49620--sample_49620_k141_34612,0.021027845975189596,1.631065761367715e-05,0.5011673151750973
SM,201630,49620--sample_49620_k141_619265,0.023349801661368297,2.0636162805234782e-05,0.5019485580670304
SM,201630,49620--sample_49620_k141_163204,0.0134198023851796,6.724440544560544e-06,0.4988381099922541
SM,201630,49627--sample_49627_k141_894207,0.016118333211005392,9.257501947746571e-06,0.49961210240496506
SM,201630,49620--sample_49620_k141_892610,0.022238007598564848,1.8402555226223556e-05,0.5015576323987538
SM,201630,49620--sample_49620_k141_879678,0.01716562123584667,1.102122544664577e-05,0.5
SM,201630,49628--sample_49628_k141_549400,0.0233822468561049,2.0630732892324303e-05,0.5019485580670304
SM,201630,49628--sample_49628_k141_983346,0.020993681252315627,1.629413634189928e-05,0.5011673151750973
SM,201630,49623--sample_49623_k141_702128,0.01225271982043568,5.453925340528429e-06,0.4984520123839009
SM,201630,49623--sample_49623_k141_470609,0.013517022704254512,6.637670120619685e-06,0.4988381099922541
SM,201630,49623--sample_49623_k141_1036475,0.02212392413801011,1.8445231451469793e-05,0.5015576323987538
SM,201630,49620--sample_49620_k141_755103,0.01472694763890934,7.984247509377753e-06,0.4992248062015504
SM,201630,49621--sample_49621_k141_68092,0.022084600058699957,1.8536183398879623e-05,0.5015576323987538
SM,201630,49623--sample_49623_k141_42735,0.017139325307842682,1.1061499638634373e-05,0.5
SM,201630,49628--sample_49628_k141_231843,0.020797749734162683,1.6519281725805664e-05,0.5011673151750973
SM,201630,49620--sample_49620_k141_345812,0.015943719219536783,9.452783095764754e-06,0.49961210240496506
SM,201630,49625--sample_49625_k141_25563,0.018360616676393368,1.2718036046300997e-05,0.5003885003885004
SM,201630,49628--sample_49628_k141_1257336,0.01717095311518121,1.1052087956062367e-05,0.5
SM,201630,49625--sample_49625_k141_223344,0.0196228045040521,1.450547163031761e-05,0.5007776049766719
SM,201630,49620--sample_49620_k141_493131,0.01847179651567775,1.2629882728248482e-05,0.5003885003885004
SM,201630,49620--sample_49620_k141_848030,0.022164275052178817,1.837293300645148e-05,0.5015576323987538
SM,201630,49623--sample_49623_k141_905837,0.017213978667010455,1.0964501833806563e-05,0.5
SM,201630,49620--sample_49620_k141_524665,0.015921003636879042,9.485973493456434e-06,0.49961210240496506
SM,201630,49627--sample_49627_k141_606222,0.02089841510394564,1.6389134848658056e-05,0.5011673151750973
SM,201630,49627--sample_49627_k141_152302,0.019666331089879,1.4494757268323146e-05,0.5007776049766719
SM,201630,49627--sample_49627_k141_381781,0.01855259243422347,1.2575444536685307e-05,0.5003885003885004
SM,201630,49623--sample_49623_k141_1320380,0.01593128539812171,9.430603055027064e-06,0.49961210240496506
SM,201630,49620--sample_49620_k141_237655,0.01849849204581692,1.2627825559171673e-05,0.5003885003885004
SM,201630,49628--sample_49628_k141_1318930,0.022249288566807225,1.82843196931894e-05,0.5015576323987538
SM,201630,49623--sample_49623_k141_1239734,0.020927818597172302,1.6410170773447213e-05,0.5011673151750973
SM,201630,49620--sample_49620_k141_729130,0.021996539123297187,1.8612472174928528e-05,0.5015576323987538
SM,201630,49628--sample_49628_k141_430758,0.015959226904513703,9.451717673151979e-06,0.49961210240496506
SM,201630,49625--sample_49625_k141_170109,0.023305629335967328,2.0679952129894685e-05,0.5019485580670304
SM,201630,49623--sample_49623_k141_1074520,0.019610648334586027,1.4558934303065575e-05,0.5007776049766719
SM,201630,49620--sample_49620_k141_696406,0.020839410300675862,1.650771802460762e-05,0.5011673151750973
SM,201630,49621--sample_49621_k141_304846,0.020977905034027914,1.6369097327336056e-05,0.5011673151750973
SM,201630,49620--sample_49620_k141_164103,0.018452708677678037,1.2653582125375978e-05,0.5003885003885004
SM,201630,49625--sample_49625_k141_39986,0.025781209297077085,2.5399845562505775e-05,0.5027322404371585
SM,201630,49620--sample_49620_k141_379858,0.01725305255372957,1.0951918776512191e-05,0.5
SM,201630,49623--sample_49623_k141_787874,0.0233548876075217,2.061530935162012e-05,0.5019485580670304
SM,201630,49627--sample_49627_k141_488743,0.022082515049768076,1.8521041984920397e-05,0.5015576323987538
SM,201630,49620--sample_49620_k141_845769,0.01720552126408879,1.0990262940574714e-05,0.5
SM,201630,49624--sample_49624_k141_823890,0.017206698302926704,1.0954980093752762e-05,0.5
SM,201630,49623--sample_49623_k141_1142358,0.020976064383861338,1.633257153779593e-05,0.5011673151750973
SM,201630,49623--sample_49623_k141_1351314,0.022015006734540953,1.8560857856961918e-05,0.5015576323987538
SM,201630,49623--sample_49623_k141_397605,0.013446875618896938,6.69633276044146e-06,0.4988381099922541
SM,201630,49628--sample_49628_k141_513653,0.022104425843970744,1.853625008720663e-05,0.5015576323987538
SM,201630,49620--sample_49620_k141_880376,0.01968879897280049,1.4413171620937912e-05,0.5007776049766719
SM,201630,49621--sample_49621_k141_1049905,0.018334472873025025,1.2750644285370352e-05,0.5003885003885004
SM,201630,49620--sample_49620_k141_42888,0.019757239341885623,1.4382399207651998e-05,0.5007776049766719
SM,201630,49628--sample_49628_k141_1150711,0.022104157712819147,1.8494010680002563e-05,0.5015576323987538
SM,201630,49628--sample_49628_k141_1295079,0.023332196237052398,2.069720747159498e-05,0.5019485580670304
SM,201630,49628--sample_49628_k141_1557966,0.019583063361003093,1.4567653261537834e-05,0.5007776049766719
SM,201630,49623--sample_49623_k141_459679,0.01971687128603611,1.4358799505588899e-05,0.5007776049766719
SM,201630,49621--sample_49621_k141_253982,0.0234271440804066,2.0527632766780124e-05,0.5019485580670304
SM,201630,49627--sample_49627_k141_718220,0.016067543350663075,9.327023481266001e-06,0.49961210240496506
SM,201630,49620--sample_49620_k141_367257,0.012389427982092981,5.3692061342726165e-06,0.4980665119876257
SM,201630,49621--sample_49621_k141_1078957,0.022173162650067458,1.8385669373373666e-05,0.5015576323987538
SM,201630,49620--sample_49620_k141_350880,0.023232478041855815,2.0775352085504008e-05,0.5019485580670304
SM,201630,49623--sample_49623_k141_1156595,0.015835375211799695,9.515735460435e-06,0.49961210240496506
SM,201630,49625--sample_49625_k141_264927,0.02205541619131428,1.8563702454532088e-05,0.5015576323987538
SM,201630,49628--sample_49628_k141_609789,0.025803348011777624,2.534803501210413e-05,0.5027322404371585
SM,201630,49620--sample_49620_k141_108508,0.01704611352635252,1.1111028068499906e-05,0.5
SM,201630,49624--sample_49624_k141_930198,0.02088426296285178,1.645549021115268e-05,0.5011673151750973
SM,201630,49626--sample_49626_k141_577843,0.020958606340779794,1.636038722605221e-05,0.5011673151750973
SM,201630,49624--sample_49624_k141_404074,0.021014330207270317,1.6323167577566948e-05,0.5011673151750973
SM,201630,49620--sample_49620_k141_557772,0.022185342463858764,1.844892949453438e-05,0.5015576323987538
SM,201630,49628--sample_49628_k141_1571541,0.022224218246643078,1.832443644012235e-05,0.5015576323987538
SM,201630,49623--sample_49623_k141_469107,0.01966437748040705,1.4502302371326778e-05,0.5007776049766719
SM,201630,49626--sample_49626_k141_793367,0.015931799874903875,9.473678835022576e-06,0.49961210240496506
SM,201630,49621--sample_49621_k141_679065,0.020880845602218766,1.639862421355307e-05,0.5011673151750973
SM,201630,49623--sample_49623_k141_721938,0.016026180448591644,9.388331942672994e-06,0.49961210240496506
SM,201630,49624--sample_49624_k141_904286,0.023268276392615018,2.0740915752614697e-05,0.5019485580670304
SM,201630,49624--sample_49624_k141_1055872,0.013552754535414126,6.620683555358563e-06,0.4988381099922541
SM,201630,49624--sample_49624_k141_683558,0.02338466805462048,2.064054572784571e-05,0.5019485580670304
SM,201630,49620--sample_49620_k141_710837,0.02340883570981514,2.0548159682321745e-05,0.5019485580670304
SM,201630,49624--sample_49624_k141_853813,0.019611033051213634,1.4528860941515769e-05,0.5007776049766719
SM,201630,49620--sample_49620_k141_726559,0.018393882764878126,1.266211728695538e-05,0.5003885003885004
SM,201630,49622--sample_49622_k141_1283027,0.019677929159953096,1.4435522464586741e-05,0.5007776049766719
SM,201630,49628--sample_49628_k141_1606068,0.022227376825144102,1.8343858438090693e-05,0.5015576323987538
SM,201630,49620--sample_49620_k141_832586,0.020948081333138392,1.6370250471361785e-05,0.5011673151750973
SM,201630,49627--sample_49627_k141_376887,0.020806561304144794,1.650110125514372e-05,0.5011673151750973
SM,201630,49620--sample_49620_k141_290753,0.015899986915236024,9.47190490607593e-06,0.49961210240496506
SM,201630,49621--sample_49621_k141_716554,0.022007717050561194,1.860114083230032e-05,0.5015576323987538
SM,201630,49623--sample_49623_k141_844041,0.023358634484408888,2.0658271102567374e-05,0.5019485580670304
SM,201630,49623--sample_49623_k141_611020,0.022201206300767422,1.835889333369027e-05,0.5015576323987538
SM,201630,49620--sample_49620_k141_112955,0.020980553745454173,1.6278079777033896e-05,0.5011673151750973
SM,201630,49620--sample_49620_k141_463131,0.025892636227559034,2.5278210159581114e-05,0.5027322404371585
SM,201630,49621--sample_49621_k141_990772,0.019626209919716302,1.452808005777763e-05,0.5007776049766719
SM,201630,49620--sample_49620_k141_790877,0.01949511462713329,1.4649044186475466e-05,0.5007776049766719
SM,201630,49620--sample_49620_k141_448102,0.018375564610665075,1.2708852160548881e-05,0.5003885003885004
SM,201630,49620--sample_49620_k141_748451,0.022166793673209964,1.837131093792776e-05,0.5015576323987538
SM,201630,49620--sample_49620_k141_868481,0.023430550777050575,2.0575709399724024e-05,0.5019485580670304
SM,201630,49625--sample_49625_k141_231859,0.025865557585375155,2.531703177935964e-05,0.5027322404371585
SM,201630,49623--sample_49623_k141_562214,0.023364806536494306,2.059191258437007e-05,0.5019485580670304
SM,201630,49623--sample_49623_k141_1002962,0.020947436379743167,1.637263363363225e-05,0.5011673151750973
SM,201630,49620--sample_49620_k141_214413,0.01837395582144438,1.2696180072521522e-05,0.5003885003885004
SM,201630,49623--sample_49623_k141_673444,0.02227433653410809,1.8354712891557886e-05,0.5015576323987538
SM,201630,49620--sample_49620_k141_230781,0.01604288205949511,9.399476026979842e-06,0.49961210240496506
SM,201630,49627--sample_49627_k141_405880,0.019700535851336198,1.4426420312579157e-05,0.5007776049766719
SM,201630,49623--sample_49623_k141_207193,0.020926835310356374,1.6420824784038378e-05,0.5011673151750973
SM,201630,49623--sample_49623_k141_1169751,0.0160825429216079,9.300019780512812e-06,0.49961210240496506
SM,201630,49624--sample_49624_k141_468988,0.023300326135650685,2.0700108650895035e-05,0.5019485580670304
SM,201630,49620--sample_49620_k141_33513,0.017173893670404766,1.1050241198209416e-05,0.5
SM,201630,49623--sample_49623_k141_449686,0.01840882614373478,1.2643825601726005e-05,0.5003885003885004
SM,201630,49627--sample_49627_k141_808611,0.016014548796281666,9.405962535068338e-06,0.49961210240496506
SM,201630,49641--sample_49641_k141_362688,0.01590601628378518,9.4725262984021e-06,0.49961210240496506
SM,201630,49617--sample_49617_k141_39355,0.0221684924941401,1.845144926237859e-05,0.5015576323987538
SM,201630,49617--sample_49617_k141_35967,0.014765405020055071,7.939466384583656e-06,0.4992248062015504
SM,201630,49640--sample_49640_k141_205688,0.020655222328708398,1.6683898038226955e-05,0.5011673151750973
SM,201630,49617--sample_49617_k141_209877,0.01600107886345012,9.401287776853183e-06,0.49961210240496506
SM,201630,49617--sample_49617_k141_139293,0.01342153076380302,6.66983141082944e-06,0.4988381099922541
SM,201630,49642--sample_49642_k141_460602,0.015990970424922268,9.388463852535826e-06,0.49961210240496506
SM,201630,49642--sample_49642_k141_46529,0.022072466015022087,1.8514200872906863e-05,0.5015576323987538
SM,201630,49631--sample_49631_k141_943460,0.017271344443520808,1.0932796286454044e-05,0.5
SM,201630,49617--sample_49617_k141_181765,0.02338847079795881,2.06285379061156e-05,0.5019485580670304
SM,201630,53600--sample_53600_k141_319847,0.01717293917273456,1.101539844278815e-05,0.5
SM,201630,49641--sample_49641_k141_517007,0.016114682274620956,9.300226870173122e-06,0.49961210240496506
SM,201630,49617--sample_49617_k141_231031,0.015825475817111124,9.560975826092896e-06,0.49961210240496506
SM,201630,49617--sample_49617_k141_157639,0.02215965593849768,1.84246412382655e-05,0.5015576323987538
SM,201630,49640--sample_49640_k141_443474,0.018321730487596707,1.2767865747683925e-05,0.5003885003885004
SM,201630,49641--sample_49641_k141_569411,0.011126809070601327,4.337621068287228e-06,0.49768160741885625
SM,201630,49617--sample_49617_k141_244635,0.020918784521037934,1.6408607482583713e-05,0.5011673151750973
SM,201630,49633--sample_49633_k141_1364744,0.014776810296430482,7.917382444868035e-06,0.4992248062015504
SM,201630,49638--sample_49638_k141_334434,0.019514566513309354,1.4674655000682892e-05,0.5007776049766719
SM,201630,49631--sample_49631_k141_788735,0.01604260920936312,9.391648342481595e-06,0.49961210240496506
SM,201630,49631--sample_49631_k141_901628,0.02222559871567003,1.8402536566298057e-05,0.5015576323987538
SM,201630,49615--sample_49615_k141_45890,0.02457533911523749,2.2925453079917617e-05,0.5023400936037441
SM,201630,49633--sample_49633_k141_1000571,0.02211237058581683,1.8463666044649886e-05,0.5015576323987538
SM,201630,53600--sample_53600_k141_432760,0.02337551903302172,2.0587541179348684e-05,0.5019485580670304
SM,201630,49631--sample_49631_k141_1063072,0.019636807410447116,1.4478586643042742e-05,0.5007776049766719
SM,201630,49617--sample_49617_k141_126624,0.022166658755696178,1.841730045535505e-05,0.5015576323987538
SM,201630,49617--sample_49617_k141_63436,0.02336492686896801,2.066209549982513e-05,0.5019485580670304
SM,201630,49613--sample_49613_k141_516056,0.023388700561707856,2.0562722979107033e-05,0.5019485580670304
SM,201630,49638--sample_49638_k141_849125,0.014656566958982454,7.991751230123383e-06,0.4992248062015504
SM,201630,49633--sample_49633_k141_1105803,0.014656868280204561,8.013889471199703e-06,0.4988381099922541
SM,201630,49631--sample_49631_k141_713683,0.012341704042261271,5.384535753319051e-06,0.4980665119876257
SM,201630,49618--sample_49618_k141_24979,0.02336198743777335,2.059678111571083e-05,0.5019485580670304
SM,201630,49641--sample_49641_k141_526586,0.017228544183159337,1.0980270330858816e-05,0.5
SM,201630,49641--sample_49641_k141_594405,0.015992800675244657,9.443947722301006e-06,0.49961210240496506
SM,201630,49630--sample_49630_k141_653913,0.020974187316751707,1.6357897586863494e-05,0.5011673151750973
SM,201630,49617--sample_49617_k141_71919,0.018504116559213225,1.2644010081806646e-05,0.5003885003885004
SM,201630,49617--sample_49617_k141_269743,0.017189779988116403,1.0963805997353701e-05,0.5
SM,201630,49631--sample_49631_k141_327282,0.01729464093329084,1.0939502526550728e-05,0.5
SM,201630,49613--sample_49613_k141_428032,0.020778121926019105,1.6539082023730393e-05,0.5011673151750973
SM,201630,49617--sample_49617_k141_32695,0.025831595703902407,2.534462484628791e-05,0.5027322404371585
SM,201630,49618--sample_49618_k141_231410,0.024692363860159112,2.282021010909926e-05,0.5023400936037441
SM,201630,49618--sample_49618_k141_106535,0.01599149062271557,9.374196544725465e-06,0.49961210240496506
SM,201630,49631--sample_49631_k141_478760,0.02210276299540463,1.851916305207867e-05,0.5015576323987538
SM,201630,49631--sample_49631_k141_269696,0.017249166424648344,1.0991793858892745e-05,0.5
SM,201630,49633--sample_49633_k141_1125289,0.0196644226031709,1.449698864620104e-05,0.5007776049766719
SM,201630,49641--sample_49641_k141_479465,0.02084682005611952,1.6491632929275293e-05,0.5011673151750973
SM,201630,49631--sample_49631_k141_1077431,0.01850278080141066,1.2567823112458062e-05,0.5003885003885004
SM,201630,53598--sample_53598_k141_177344,0.012201143713130688,5.493004194013347e-06,0.4984520123839009
SM,201630,49631--sample_49631_k141_406326,0.014739710709603563,7.956515176923038e-06,0.4992248062015504
SM,201630,49617--sample_49617_k141_153159,0.022032660289239888,1.8529961285516e-05,0.5015576323987538
SM,201630,49641--sample_49641_k141_335608,0.013621285860514745,6.580621453465829e-06,0.4988381099922541
SM,201630,49633--sample_49633_k141_461652,0.019706053198170724,1.4429432455549261e-05,0.5007776049766719
SM,201630,49641--sample_49641_k141_610039,0.01590284944092,9.514429216077736e-06,0.49961210240496506
SM,201630,49641--sample_49641_k141_63970,0.024628966651178825,2.2880075516986583e-05,0.5023400936037441
SM,201630,49617--sample_49617_k141_196642,0.018373967078176387,1.2708301798457682e-05,0.5003885003885004
SM,201630,49638--sample_49638_k141_293188,0.02085228004433112,1.6487692099124488e-05,0.5011673151750973
SM,201630,49631--sample_49631_k141_1047950,0.01722132287677697,1.0970987412861234e-05,0.5
SM,201630,49631--sample_49631_k141_1078132,0.020893401721958114,1.6419082390220785e-05,0.5011673151750973
SM,201630,49617--sample_49617_k141_221011,0.01972800804581228,1.4435919762337461e-05,0.5007776049766719
SM,201630,49641--sample_49641_k141_90630,0.020913787300217673,1.6387961011862334e-05,0.5011673151750973
SM,201630,49631--sample_49631_k141_758348,0.017262099109587273,1.096975188039145e-05,0.5
SM,201630,49617--sample_49617_k141_246435,0.01731203003936146,1.0938655894755205e-05,0.5
SM,201630,49618--sample_49618_k141_187803,0.010962717874218,4.38152230107116e-06,0.49768160741885625
SM,201630,49616--sample_49616_k141_109171,0.0220561621679587,1.8600064202096833e-05,0.5015576323987538
SM,201630,49641--sample_49641_k141_532511,0.01601564524472098,9.45453844360739e-06,0.49961210240496506
SM,201630,49617--sample_49617_k141_87747,0.02207934293418889,1.8478005043967077e-05,0.5015576323987538
SM,201630,49617--sample_49617_k141_135022,0.01854111866378535,1.2574674564693385e-05,0.5003885003885004
SM,201630,49640--sample_49640_k141_411990,0.015999665660979073,9.424186059883046e-06,0.49961210240496506
SM,201630,49617--sample_49617_k141_280219,0.019701817488107527,1.4451268964916839e-05,0.5007776049766719
SM,201630,53600--sample_53600_k141_381646,0.02586134629737124,2.5310436013748093e-05,0.5027322404371585
SM,201630,49631--sample_49631_k141_946880,0.016019180581353674,9.406601766605134e-06,0.49961210240496506
SM,201630,49640--sample_49640_k141_150614,0.01849557481833031,1.263583127595357e-05,0.5003885003885004
SM,201630,49630--sample_49630_k141_766537,0.018354404273447915,1.2775848894232493e-05,0.5003885003885004
SM,201630,49631--sample_49631_k141_161535,0.02340398101042756,2.0636701953159238e-05,0.5019485580670304
SM,201630,49619--sample_49619_k141_276398,0.015893209100454834,9.509484118515619e-06,0.49961210240496506
SM,201630,49635--sample_49635_k141_178072,0.0233222038385449,2.0688860471136024e-05,0.5019485580670304
SM,201630,49617--sample_49617_k141_20012,0.018542802108304023,1.2572111735039987e-05,0.5003885003885004
SM,201630,49641--sample_49641_k141_266781,0.013434240463007787,6.688137718413786e-06,0.4988381099922541
SM,201630,49640--sample_49640_k141_295713,0.01848638328361822,1.2585518956864819e-05,0.5003885003885004
SM,201630,49638--sample_49638_k141_940541,0.017182599012655307,1.0998616249391154e-05,0.5
SM,201630,49631--sample_49631_k141_125937,0.017181737659923313,1.1055617993463625e-05,0.5
SM,201630,49617--sample_49617_k141_187462,0.013564253900789178,6.622852540406096e-06,0.4988381099922541
SM,201630,49618--sample_49618_k141_287800,0.022176865326486904,1.842369119009173e-05,0.5015576323987538
SM,201630,49631--sample_49631_k141_908461,0.02206141407943868,1.8560250619987625e-05,0.5015576323987538
SM,201630,49642--sample_49642_k141_530007,0.022046367517441563,1.8538816169768984e-05,0.5015576323987538
SM,201630,49613--sample_49613_k141_537521,0.01835487633444027,1.2788675576067465e-05,0.5003885003885004
SM,201630,49613--sample_49613_k141_11082,0.01974715280177884,1.4411611480671126e-05,0.5007776049766719
SM,201630,49631--sample_49631_k141_548732,0.020958176001206644,1.6404898038065346e-05,0.5011673151750973
SM,201630,49617--sample_49617_k141_179032,0.023443169298888854,2.054723845155453e-05,0.5019485580670304
SM,201630,49631--sample_49631_k141_862124,0.01972159340085329,1.4471964940077229e-05,0.5007776049766719
SM,201630,49641--sample_49641_k141_611231,0.015922266957848066,9.455924134955643e-06,0.49961210240496506
SM,201630,49613--sample_49613_k141_620984,0.023291259174062585,2.0704186179609724e-05,0.5019485580670304
SM,201630,49631--sample_49631_k141_944793,0.015945234923701576,9.44892256139608e-06,0.49961210240496506
SM,201630,49631--sample_49631_k141_692523,0.012223051528575734,5.467953163547026e-06,0.4980665119876257
SM,201630,49631--sample_49631_k141_593099,0.01964445009266697,1.447347075023585e-05,0.5007776049766719
SM,201630,49631--sample_49631_k141_707422,0.0220729159516947,1.8553724824197485e-05,0.5015576323987538
SM,201630,49617--sample_49617_k141_196780,0.017198339856923716,1.1029961227568328e-05,0.5
SM,201630,49617--sample_49617_k141_216564,0.017142585780067148,1.1034952292762502e-05,0.5
SM,201630,49618--sample_49618_k141_38856,0.019714906949586046,1.4439938319908199e-05,0.5007776049766719
SM,201630,49631--sample_49631_k141_553074,0.02083837571307533,1.6496688979070738e-05,0.5011673151750973
SM,201630,49641--sample_49641_k141_305580,0.020877278771702843,1.6414513448496972e-05,0.5011673151750973
SM,201630,49636--sample_49636_k141_952298,0.017303353971468934,1.0908889106552174e-05,0.5
SM,201630,49617--sample_49617_k141_68029,0.009734499002662366,3.414998350608923e-06,0.49768160741885625
SM,201630,49631--sample_49631_k141_644005,0.017169522459666273,1.1010240776471445e-05,0.5
SM,201630,49617--sample_49617_k141_127714,0.01954733672332864,1.4603910729169615e-05,0.5007776049766719
SM,201630,49615--sample_49615_k141_95272,0.02466123325463701,2.2846937268119397e-05,0.5023400936037441
SM,201630,49617--sample_49617_k141_122223,0.01841667574285634,1.2623646628986847e-05,0.5003885003885004
SM,201630,49640--sample_49640_k141_463518,0.022202595203043123,1.840942013748621e-05,0.5015576323987538
SM,201630,49617--sample_49617_k141_226029,0.02217842370669564,1.843876503791593e-05,0.5015576323987538
SM,201630,49617--sample_49617_k141_239445,0.020899651246555986,1.641684038273793e-05,0.5011673151750973
SM,201630,49639--sample_49639_k141_455759,0.013493531052771566,6.60314037995678e-06,0.4988381099922541
SM,201630,49617--sample_49617_k141_136377,0.018404220635868985,1.2695005799687407e-05,0.5003885003885004
SM,201630,49619--sample_49619_k141_252582,0.022071519819832935,1.8560791151614746e-05,0.5015576323987538
SM,201630,49636--sample_49636_k141_1048953,0.022213030295006635,1.8386465780777307e-05,0.5015576323987538
SM,201630,49631--sample_49631_k141_226575,0.022095696508044445,1.8538150766689373e-05,0.5015576323987538
SM,201630,49617--sample_49617_k141_27324,0.01614021684208883,9.306305475659703e-06,0.49961210240496506
SM,201630,49617--sample_49617_k141_96456,0.015953700306842285,9.425555227304141e-06,0.49961210240496506
SM,201630,49616--sample_49616_k141_70342,0.017201806271456146,1.0989011539614166e-05,0.5
SM,201630,49616--sample_49616_k141_23312,0.018407489008312558,1.2730665714865695e-05,0.5003885003885004
SM,201630,49617--sample_49617_k141_118412,0.02209815385490503,1.8580834688985974e-05,0.5015576323987538
SM,201630,49617--sample_49617_k141_33665,0.019695768808493705,1.4410366746565584e-05,0.5007776049766719
SM,201630,49617--sample_49617_k141_295889,0.01840884259620182,1.2702194111446573e-05,0.5003885003885004
SM,201630,49631--sample_49631_k141_810649,0.024611318125720184,2.288881599132844e-05,0.5023400936037441
SM,201630,53601--sample_53601_k141_171030,0.015968236070879133,9.40660214910661e-06,0.49961210240496506
SM,201630,49630--sample_49630_k141_707921,0.01711631607774998,1.105691902227689e-05,0.5
SM,201630,49638--sample_49638_k141_729881,0.020864173474614917,1.6433468826717885e-05,0.5011673151750973
SM,201630,49617--sample_49617_k141_188936,0.023395489936713216,2.0598786528655385e-05,0.5019485580670304
SM,201630,49617--sample_49617_k141_242716,0.019603299444273675,1.4520952764032027e-05,0.5007776049766719
SM,201630,49618--sample_49618_k141_228596,0.016020408417829226,9.37220758675082e-06,0.49961210240496506
SM,201630,49633--sample_49633_k141_851659,0.018471960341921594,1.2670418843126302e-05,0.5003885003885004
SM,201630,49640--sample_49640_k141_182877,0.017157117998631927,1.1039571520551242e-05,0.5
SM,201630,49631--sample_49631_k141_825232,0.019667358517931256,1.4475968601882006e-05,0.5007776049766719
SM,201630,49617--sample_49617_k141_262021,0.02087046662062411,1.6438597277503996e-05,0.5011673151750973
SM,201630,49636--sample_49636_k141_1215698,0.020958470752452944,1.6386588929982488e-05,0.5011673151750973
SM,201630,49617--sample_49617_k141_189712,0.01599445850530243,9.419154218244199e-06,0.49961210240496506
SM,201630,49640--sample_49640_k141_235960,0.020936331257924504,1.637481867589088e-05,0.5011673151750973
SM,201630,49618--sample_49618_k141_257690,0.014680118750166574,8.04874593463594e-06,0.4992248062015504
SM,201630,49640--sample_49640_k141_178191,0.0160151079824379,9.41364083708381e-06,0.49961210240496506
SM,201630,49631--sample_49631_k141_902653,0.013508525404208143,6.6442480214358165e-06,0.4988381099922541
SM,201630,49617--sample_49617_k141_225320,0.013678424682185834,6.514712305938939e-06,0.4988381099922541
SM,201630,49641--sample_49641_k141_83077,0.020870924021375088,1.6471983580588343e-05,0.5011673151750973
SM,201630,49613--sample_49613_k141_22565,0.020977659852791042,1.6355201703656756e-05,0.5011673151750973
SM,201630,49617--sample_49617_k141_184740,0.01850841269090758,1.2555956751385244e-05,0.5003885003885004
SM,201630,49617--sample_49617_k141_227961,0.017065296545720123,1.1098576889473918e-05,0.5
SM,201630,49618--sample_49618_k141_119045,0.023268173908414198,2.0737388458183187e-05,0.5019485580670304
SM,201630,49630--sample_49630_k141_199862,0.016104548172398103,9.339134458418153e-06,0.49961210240496506
SM,201630,49617--sample_49617_k141_245533,0.018509560656443543,1.2611417501304653e-05,0.5003885003885004
SM,201630,49618--sample_49618_k141_171794,0.02094374716548027,1.637871183265685e-05,0.5011673151750973
SM,201630,49631--sample_49631_k141_1072308,0.020878703810735765,1.649344749590936e-05,0.5011673151750973
SM,201630,49631--sample_49631_k141_496773,0.025844579435452902,2.530198297633306e-05,0.5027322404371585
SM,201630,49617--sample_49617_k141_179071,0.018497975651788578,1.2575016798657216e-05,0.5003885003885004
SM,201630,49642--sample_49642_k141_462958,0.02212411676016622,1.8481568672623654e-05,0.5015576323987538
SM,201630,49613--sample_49613_k141_592411,0.020925512420508736,1.640049777235838e-05,0.5011673151750973
SM,201630,49616--sample_49616_k141_116937,0.02092441502020278,1.6404225727571408e-05,0.5011673151750973
SM,201630,49617--sample_49617_k141_269609,0.0196401976426974,1.4468157914057897e-05,0.5007776049766719
SM,201630,49618--sample_49618_k141_46916,0.012284454072513074,5.4737750354992135e-06,0.4984520123839009
SM,201630,49617--sample_49617_k141_191897,0.024518602605620318,2.3015942072440723e-05,0.5023400936037441
SM,201630,49635--sample_49635_k141_654849,0.019759921407578176,1.4431724230841034e-05,0.5007776049766719
SM,201630,49617--sample_49617_k141_87358,0.020903469499385995,1.639312816669731e-05,0.5011673151750973
SM,201630,49617--sample_49617_k141_35964,0.01839697229882798,1.2708840007579727e-05,0.5003885003885004
SM,201630,49617--sample_49617_k141_93901,0.022047676330990265,1.8547020053211055e-05,0.5015576323987538
SM,201630,49613--sample_49613_k141_91953,0.015982798204452083,9.421918179519442e-06,0.49961210240496506
SM,201630,49631--sample_49631_k141_940378,0.014781980779843192,7.900925103178866e-06,0.4992248062015504
SM,201630,49617--sample_49617_k141_123358,0.019593196510091785,1.460988204833332e-05,0.5007776049766719
SM,201630,49631--sample_49631_k141_957429,0.018487171116076673,1.2568551560735436e-05,0.5003885003885004
SM,201630,49631--sample_49631_k141_1029560,0.022019291517527375,1.859229064622696e-05,0.5015576323987538
SM,201630,49635--sample_49635_k141_447707,0.019667563261293455,1.44900257412486e-05,0.5007776049766719
SM,201630,49617--sample_49617_k141_144175,0.019645232298429308,1.4516641029761456e-05,0.5007776049766719
SM,201630,49631--sample_49631_k141_253438,0.02093699489842802,1.638134102152829e-05,0.5011673151750973
SM,201630,49631--sample_49631_k141_20889,0.0221931177801158,1.8356854183587186e-05,0.5015576323987538
SM,201630,49631--sample_49631_k141_655218,0.021974925927698983,1.863246195400228e-05,0.5015576323987538
SM,201630,49631--sample_49631_k141_816750,0.02089853681330937,1.6406387777625614e-05,0.5011673151750973
SM,201630,49633--sample_49633_k141_192674,0.01958241001714446,1.4601786313360277e-05,0.5007776049766719
SM,201630,49631--sample_49631_k141_334345,0.018321310666909774,1.2782707038925002e-05,0.5003885003885004
SM,201630,49638--sample_49638_k141_15595,0.02203312921463207,1.8597878404602435e-05,0.5015576323987538
SM,201630,49638--sample_49638_k141_770173,0.020815380113605723,1.6504692641053203e-05,0.5011673151750973
SM,201630,49631--sample_49631_k141_324547,0.0196280535653844,1.4571760444324111e-05,0.5007776049766719
SM,201630,49630--sample_49630_k141_887611,0.018505212211857476,1.2609633568043987e-05,0.5003885003885004
SM,201630,49618--sample_49618_k141_331372,0.020820179444585526,1.6508759514635523e-05,0.5011673151750973
SM,201630,49617--sample_49617_k141_251555,0.022175153184455083,1.8447453860307675e-05,0.5015576323987538
SM,201630,49639--sample_49639_k141_508481,0.019648463127025596,1.4516816658027838e-05,0.5007776049766719
SM,201630,49618--sample_49618_k141_213627,0.018418298641887532,1.2740855743719348e-05,0.5003885003885004
SM,201630,49631--sample_49631_k141_664989,0.02335746589143316,2.0621582359557853e-05,0.5019485580670304
SM,201630,49613--sample_49613_k141_104397,0.01940861867914491,1.4757058502525792e-05,0.5007776049766719
SM,201630,49641--sample_49641_k141_373091,0.01578555527657535,9.586033760653913e-06,0.49961210240496506
SM,201630,49613--sample_49613_k141_36228,0.01604148654139553,9.378453219261936e-06,0.49961210240496506
SM,201630,49640--sample_49640_k141_106204,0.02212880940651833,1.84830855429685e-05,0.5015576323987538
SM,201630,49617--sample_49617_k141_184962,0.01604938945186658,9.35517205922378e-06,0.49961210240496506
SM,201630,49631--sample_49631_k141_269963,0.020933379131944714,1.6397729722591895e-05,0.5011673151750973
SM,201630,49632--sample_49632_k141_266809,0.022120894108762116,1.8460757159493682e-05,0.5015576323987538
SM,201630,49613--sample_49613_k141_594659,0.0146402701694411,8.032224980643353e-06,0.4992248062015504
SM,201630,53598--sample_53598_k141_349839,0.0221267685801328,1.8468943842018925e-05,0.5015576323987538
SM,201630,49617--sample_49617_k141_291128,0.019744885273294762,1.438158913138438e-05,0.5007776049766719
SM,201630,49631--sample_49631_k141_846808,0.018438144922285706,1.2682821340580395e-05,0.5003885003885004
SM,201630,49631--sample_49631_k141_766424,0.01606675585358202,9.323228311341748e-06,0.49961210240496506
SM,201630,49617--sample_49617_k141_283587,0.02091666884720547,1.632856898261662e-05,0.5011673151750973
SM,201630,53602--sample_53602_k141_377025,0.01975834032681201,1.4381174919570067e-05,0.5007776049766719
SM,201630,49631--sample_49631_k141_730297,0.02458467633337859,2.2938516215513945e-05,0.5023400936037441
SM,201630,49615--sample_49615_k141_91147,0.020946810639626414,1.6325577309782292e-05,0.5011673151750973
SM,201630,49617--sample_49617_k141_299297,0.022162175689775337,1.843764423163183e-05,0.5015576323987538
SM,201630,49631--sample_49631_k141_866898,0.024625107229825926,2.2900742065396094e-05,0.5023400936037441
SM,201630,49638--sample_49638_k141_452047,0.01850324440060508,1.2656021183144613e-05,0.5003885003885004
SM,201630,49615--sample_49615_k141_133391,0.02086705411599617,1.6460475609871363e-05,0.5011673151750973
SM,201630,49617--sample_49617_k141_63508,0.02446430973358242,2.311533370332198e-05,0.5023400936037441
SM,201630,53600--sample_53600_k141_59809,0.019731854538160936,1.4385083005315207e-05,0.5007776049766719
SM,201630,53600--sample_53600_k141_22783,0.02208955472220069,1.8510982832210518e-05,0.5015576323987538
SM,201630,49640--sample_49640_k141_328655,0.022098384768943474,1.847046549312015e-05,0.5015576323987538
SM,201630,49633--sample_49633_k141_938818,0.022113140080611677,1.8513091646864214e-05,0.5015576323987538
SM,201630,49630--sample_49630_k141_419823,0.01594529621574239,9.417088410064885e-06,0.49961210240496506
SM,201630,49630--sample_49630_k141_177312,0.023388261083351236,2.0638964616077025e-05,0.5019485580670304
SM,201630,49641--sample_49641_k141_614314,0.019617420848220078,1.457614097739957e-05,0.5007776049766719
SM,201630,49642--sample_49642_k141_410126,0.022218521330265802,1.8353214991458405e-05,0.5015576323987538
SM,201630,49617--sample_49617_k141_201511,0.02344806609607584,2.0540335116863604e-05,0.5019485580670304
SM,201630,49617--sample_49617_k141_298815,0.023288183150147312,2.0732811307848767e-05,0.5019485580670304
SM,201630,49617--sample_49617_k141_61959,0.025922819084230404,2.5161593764034358e-05,0.5027322404371585
SM,201630,49617--sample_49617_k141_66360,0.024554000522752265,2.3011632720931936e-05,0.5023400936037441
SM,201630,49631--sample_49631_k141_138255,0.023282782203100892,2.0740853510334818e-05,0.5019485580670304
SM,201630,49617--sample_49617_k141_30728,0.013625187271195554,6.5873064466027905e-06,0.4988381099922541
SM,201630,49617--sample_49617_k141_262468,0.02814648210453179,3.075671155821651e-05,0.5035183737294762
SM,201630,49613--sample_49613_k141_620399,0.01971793323127381,1.441797526378945e-05,0.5007776049766719
SM,201630,49631--sample_49631_k141_875953,0.018522078934479907,1.2585830041773493e-05,0.5003885003885004
SM,201630,49617--sample_49617_k141_295732,0.01347750081479336,6.6338706512006245e-06,0.4984520123839009
SM,201630,49617--sample_49617_k141_178119,0.01590454468875926,9.449089714927824e-06,0.49961210240496506
SM,201630,49631--sample_49631_k141_30093,0.017253199336099655,1.0902476130724001e-05,0.5
SM,201630,49631--sample_49631_k141_269216,0.018387010171635295,1.2763551400295503e-05,0.5003885003885004
SM,201630,49631--sample_49631_k141_1008652,0.019668545798096584,1.4485212401607371e-05,0.5007776049766719
SM,201630,49617--sample_49617_k141_280480,0.018450800919583694,1.2686937850573511e-05,0.5003885003885004
SM,201630,49630--sample_49630_k141_409200,0.01467319021390249,7.989437481913103e-06,0.4992248062015504
SM,201630,49617--sample_49617_k141_276013,0.018433032395003913,1.269130767780616e-05,0.5003885003885004
SM,201630,49631--sample_49631_k141_709042,0.023349958191375614,2.066445133527136e-05,0.5019485580670304
SM,201630,53600--sample_53600_k141_348427,0.02463093957906485,2.2891960328601052e-05,0.5023400936037441
SM,201630,49617--sample_49617_k141_26213,0.019704108496313655,1.4461440103436026e-05,0.5007776049766719
SM,201630,49617--sample_49617_k141_195700,0.01847018015376723,1.2657787571171683e-05,0.5003885003885004
SM,201630,49631--sample_49631_k141_581899,0.02091804815342091,1.6391855800774006e-05,0.5011673151750973
SM,201630,49642--sample_49642_k141_628483,0.016059540201288,9.318510933903831e-06,0.49961210240496506
SM,201630,49613--sample_49613_k141_532078,0.02469150460942015,2.280246413561306e-05,0.5023400936037441
SM,201630,49638--sample_49638_k141_599206,0.019680987362793157,1.4472509531901668e-05,0.5007776049766719
SM,201630,49617--sample_49617_k141_150679,0.013589770334505456,6.589425621681508e-06,0.4988381099922541
SM,201630,49631--sample_49631_k141_1053996,0.017234982510919872,1.0964713072617828e-05,0.5
SM,201630,49617--sample_49617_k141_167811,0.018403293469641306,1.272560729634843e-05,0.5003885003885004
SM,201630,49616--sample_49616_k141_193497,0.01601666617601749,9.34557518313187e-06,0.49961210240496506
SM,201630,49617--sample_49617_k141_24004,0.01983087175693356,1.4283235961333421e-05,0.5007776049766719
SM,201630,49617--sample_49617_k141_77130,0.0234465094184435,2.057747633637075e-05,0.5019485580670304
SM,201630,49631--sample_49631_k141_743481,0.022249363085293693,1.835367039747298e-05,0.5015576323987538
SM,201630,49640--sample_49640_k141_592906,0.022121029487223644,1.8483451863085353e-05,0.5015576323987538
SM,201630,49639--sample_49639_k141_495848,0.019703706243983377,1.4413794231471268e-05,0.5007776049766719
SM,201630,49631--sample_49631_k141_862268,0.009832511962338192,3.371250601747638e-06,0.49691358024691357
SM,201630,49642--sample_49642_k141_581549,0.01835196280607236,1.2726343595122296e-05,0.5003885003885004
SM,201630,49631--sample_49631_k141_1007009,0.02322846746797837,2.0766443996041993e-05,0.5019485580670304
SM,201630,49619--sample_49619_k141_441181,0.015897378605512786,9.43431898687594e-06,0.49961210240496506
SM,201630,49631--sample_49631_k141_292675,0.018593198867494456,1.2498452666472151e-05,0.5003885003885004
SM,201630,49630--sample_49630_k141_849450,0.022192706833830435,1.8333514087513433e-05,0.5015576323987538
SM,201630,49617--sample_49617_k141_278168,0.019754707723972646,1.437502778375811e-05,0.5007776049766719
SM,201630,49613--sample_49613_k141_231441,0.01467000293293283,8.02905684550958e-06,0.4992248062015504
SM,201630,49631--sample_49631_k141_702721,0.01722365990979495,1.0981962399321103e-05,0.5
SM,201630,49640--sample_49640_k141_152891,0.018549032216563944,1.2554281806101263e-05,0.5003885003885004
SM,201630,49641--sample_49641_k141_488055,0.018426512540904043,1.2728817109389239e-05,0.5003885003885004
SM,201630,49640--sample_49640_k141_323313,0.023432671686980697,2.0494986014693587e-05,0.5019485580670304
SM,201630,49631--sample_49631_k141_1041242,0.01839752238169771,1.2757050639137918e-05,0.5003885003885004
SM,201630,49618--sample_49618_k141_137535,0.0208613093187513,1.64423007337707e-05,0.5011673151750973
SM,201630,49633--sample_49633_k141_1083728,0.02079558422736543,1.6522822716762947e-05,0.5011673151750973
SM,201630,49632--sample_49632_k141_1004910,0.019633350739276176,1.448046213997152e-05,0.5007776049766719
SM,201630,49618--sample_49618_k141_23248,0.017281548521343913,1.0964448936797197e-05,0.5
SM,201630,49617--sample_49617_k141_72135,0.018464937787333123,1.269681758842848e-05,0.5003885003885004
SM,201630,49613--sample_49613_k141_461896,0.02330907988266065,2.0655635405000762e-05,0.5019485580670304
SM,201630,49617--sample_49617_k141_86405,0.01860669456418651,1.2479691457375464e-05,0.5003885003885004
SM,201630,49613--sample_49613_k141_165938,0.016053506181683035,9.333426208781327e-06,0.49961210240496506
SM,201630,49631--sample_49631_k141_563528,0.02091814487142321,1.6375195200542648e-05,0.5011673151750973
SM,201630,49617--sample_49617_k141_160378,0.024581063832499726,2.2930259162617262e-05,0.5023400936037441
SM,201630,49613--sample_49613_k141_682459,0.024578808770247845,2.298974188222102e-05,0.5023400936037441
SM,201630,49617--sample_49617_k141_61118,0.019777995782596015,1.436496704457085e-05,0.5007776049766719
SM,201630,49630--sample_49630_k141_343998,0.023349020896132576,2.067531243875069e-05,0.5019485580670304
SM,201630,49617--sample_49617_k141_127335,0.024606334701717584,2.291956071115506e-05,0.5023400936037441
SM,201630,49630--sample_49630_k141_90873,0.018305218135805996,1.2840439667657476e-05,0.5003885003885004
SM,201630,49618--sample_49618_k141_299160,0.01714028647703378,1.1037323778699945e-05,0.5
SM,201630,49631--sample_49631_k141_167697,0.020921399089829523,1.6389408068380805e-05,0.5011673151750973
SM,201630,49631--sample_49631_k141_569685,0.024550765363546324,2.2962035636137834e-05,0.5023400936037441
SM,201630,49631--sample_49631_k141_148696,0.020929594002855257,1.6349475957545764e-05,0.5011673151750973
SM,201630,49617--sample_49617_k141_282111,0.011133319368659338,4.2909672628963854e-06,0.4980665119876257
SM,201630,49617--sample_49617_k141_285407,0.02341887791401271,2.058510294333689e-05,0.5019485580670304
SM,201630,49641--sample_49641_k141_284676,0.017299472212590483,1.0880579197734029e-05,0.5
SM,201630,49617--sample_49617_k141_41126,0.019646154664970928,1.4515047125879163e-05,0.5007776049766719
SM,201630,49618--sample_49618_k141_58082,0.017133270072086974,1.1063171675272064e-05,0.5
SM,201630,Sample_49638_5,0.13135079788281043,0.03373005359980619,0.5324514262091773
SM,201630,Sample_49629_9.1,0.13001341456232166,0.03278719524783512,0.5285186704965121
SM,201630,Sample_49628_42,0.13189139869004302,0.03351191530808456,0.5324514262091773
SM,201630,Sample_49624_11,0.13655003776849362,0.03650688803470124,0.5446088794926004
SM,201630,Sample_49615_24,0.1345537730213833,0.03472254342048976,0.5382365231926453
SM,201630,Sample_49624_46,0.13262960536365295,0.03433068706065655,0.5351059410054009
SM,201630,49622_ma_contigs,0.1324908448261516,0.03468684101710028,0.5355509355509356
SM,201630,Sample_49625_12,0.13465163646379008,0.03543463822317866,0.5395894428152492
SM,201630,Sample_49613_26,0.1329692530541345,0.03467209513816094,0.5364431486880467
SM,201630,Sample_49613_25,0.1359402748698364,0.03557356414069682,0.5418594867480017
SM,201630,Sample_49628_25.1,0.13490244126666576,0.03662710881148999,0.5427728613569321
SM,201630,Sample_49625_10,0.13402253372789058,0.03562133720312793,0.5395894428152492
SM,201630,Sample_49615_26.2,0.1293566554560351,0.032438919069612396,0.5267893660531697
SM,201630,Sample_49628_33.1,0.13325638100085568,0.03486293472912101,0.5368903709879116
SM,201630,Sample_49615_13,0.13426979483302498,0.03547603638764848,0.5395894428152492
SM,201630,Sample_49625_6,0.1322149237296443,0.03377326061364552,0.5333333333333333
SM,201630,Sample_49618_9,0.13266238183448106,0.03491082506436815,0.5364431486880467
SM,201630,Sample_49618_42,0.13836265474774814,0.036410663873005185,0.5469214437367304
SM,201630,Sample_49618_8,0.12865196709252097,0.03155608520198933,0.5242165242165242
SM,201630,Sample_49625_17,0.13016143479583733,0.03374590915567476,0.530696332921302
SM,201630,Sample_49618_50,0.13760264764298755,0.038243827984327426,0.5501922255446391
SM,201630,Sample_49613_28,0.1318150036975067,0.034417639734969176,0.5342181667357943
SM,201630,Sample_49628_55,0.12994735645208547,0.03396167247440956,0.530696332921302
SM,201630,Sample_49624_8,0.14114046936069605,0.03824276149872078,0.5544554455445545
SM,201630,Sample_49628_40,0.13456366473752554,0.034988242377350126,0.5386867419489754
SM,201630,Sample_49615_5.1,0.13215241954517676,0.03343514808604644,0.5324514262091773
SM,201630,Sample_49615_20,0.1337062112961121,0.03478877771445839,0.5373383395911556
SM,201630,Sample_49618_39.1,0.13883983091228105,0.037325307786117194,0.5492537313432836
