Method,Number of Swaps,Node,Eigenvector Centrality,Betweenness Centrality,Closeness Centrality
SM,201630,49614--sample_49614_k141_1366290,0.018527594946499235,1.262811569809551e-05,0.5003885003885004
SM,201630,49614--sample_49614_k141_1673869,0.018516110966166364,1.2575131698424153e-05,0.5003885003885004
SM,201630,49614--sample_49614_k141_361656,0.019719237395467954,1.4424197658011216e-05,0.5007776049766719
SM,201630,49614--sample_49614_k141_1427871,0.01841151479444832,1.2673413907592874e-05,0.5003885003885004
SM,201630,49614--sample_49614_k141_1684910,0.022138614337495678,1.8501212198224027e-05,0.5015576323987538
SM,201630,49614--sample_49614_k141_1888333,0.019723503069060573,1.4369251534874385e-05,0.5007776049766719
SM,201630,49614--sample_49614_k141_1420726,0.018377853323573473,1.2743651601118424e-05,0.5003885003885004
SM,201630,49614--sample_49614_k141_1263971,0.02208816775321211,1.851770239135292e-05,0.5015576323987538
SM,201630,49614--sample_49614_k141_1030954,0.02581824298871205,2.5360107680139878e-05,0.5027322404371585
SM,201630,49614--sample_49614_k141_1613401,0.0195690777177997,1.4603101213635237e-05,0.5007776049766719
SM,201630,49614--sample_49614_k141_1358288,0.018492215929641172,1.2648569297407542e-05,0.5003885003885004
SM,201630,49614--sample_49614_k141_1030670,0.02078539588100465,1.6519408519901222e-05,0.5011673151750973
SM,201630,49614--sample_49614_k141_1820688,0.018461267479988212,1.2699740021765827e-05,0.5003885003885004
SM,201630,49614--sample_49614_k141_1487501,0.018576750196624546,1.2563430450229861e-05,0.5003885003885004
SM,201630,49614--sample_49614_k141_1651093,0.015878775026058934,9.390732482526896e-06,0.4992248062015504
SM,201630,49614--sample_49614_k141_1675793,0.020801676995139174,1.65464709710302e-05,0.5011673151750973
SM,201630,49614--sample_49614_k141_942127,0.01592324597323004,9.475316813437294e-06,0.49961210240496506
SM,201630,49614--sample_49614_k141_656736,0.014762899955783318,7.95408232037948e-06,0.4992248062015504
SM,201630,49614--sample_49614_k141_1678667,0.020946551427092265,1.6329082727899264e-05,0.5011673151750973
SM,201630,49614--sample_49614_k141_1943765,0.02194822031318981,1.8650607655704284e-05,0.5015576323987538
SM,201630,49614--sample_49614_k141_1816064,0.01732924208840586,1.0851027559555066e-05,0.5
SM,201630,49614--sample_49614_k141_149411,0.018543081531685206,1.2539148714989762e-05,0.5003885003885004
SM,201630,49614--sample_49614_k141_1996265,0.012404303650823794,5.350236351193353e-06,0.4980665119876257
SM,201630,49614--sample_49614_k141_1502755,0.02093928837362588,1.643305510645955e-05,0.5011673151750973
SM,201630,49614--sample_49614_k141_259366,0.01601140663901361,9.436883560484113e-06,0.49961210240496506
SM,201630,49614--sample_49614_k141_75054,0.01597705513637315,9.411692102747209e-06,0.49961210240496506
SM,201630,49614--sample_49614_k141_2139,0.017331753357425848,1.0907747757416127e-05,0.5
SM,201630,49614--sample_49614_k141_823274,0.025781863972794403,2.5411995944557268e-05,0.5027322404371585
SM,201630,49614--sample_49614_k141_1735709,0.01706219229191929,1.1050561575122592e-05,0.49961210240496506
SM,201630,49614--sample_49614_k141_762662,0.019648884660836342,1.4573282378331886e-05,0.5007776049766719
SM,201630,49614--sample_49614_k141_1698348,0.01956923949139626,1.4632826364359451e-05,0.5007776049766719
SM,201630,49614--sample_49614_k141_1641869,0.019803981677694805,1.4384862421811138e-05,0.5007776049766719
SM,201630,49614--sample_49614_k141_262368,0.016001516635372803,9.383033679557342e-06,0.49961210240496506
SM,201630,49614--sample_49614_k141_611934,0.02094171790138673,1.6387797502420494e-05,0.5011673151750973
SM,201630,49614--sample_49614_k141_405366,0.019663180650935863,1.4501163240734573e-05,0.5007776049766719
SM,201630,49614--sample_49614_k141_1298515,0.02219173970407871,1.841186408738651e-05,0.5015576323987538
SM,201630,49614--sample_49614_k141_1081030,0.019722266213220586,1.438765681981892e-05,0.5007776049766719
SM,201630,49614--sample_49614_k141_1494757,0.017187856884341372,1.0995882601531118e-05,0.5
SM,201630,49614--sample_49614_k141_228945,0.019718303971542128,1.4401097574835618e-05,0.5007776049766719
SM,201630,49614--sample_49614_k141_651585,0.023323895625569812,2.0700529123473333e-05,0.5019485580670304
SM,201630,49614--sample_49614_k141_1667848,0.02340602874443007,2.0626528121187728e-05,0.5019485580670304
SM,201630,49614--sample_49614_k141_1582181,0.017058963519538263,1.1132649307845339e-05,0.5
SM,201630,49614--sample_49614_k141_888599,0.016103345723053056,9.272803604973357e-06,0.49961210240496506
SM,201630,49614--sample_49614_k141_589501,0.019679730060048667,1.451088180014087e-05,0.5007776049766719
SM,201630,49614--sample_49614_k141_1751193,0.020897377448159886,1.647194116519314e-05,0.5011673151750973
SM,201630,49614--sample_49614_k141_1297148,0.01851541277075583,1.2608559975337408e-05,0.5003885003885004
SM,201630,49614--sample_49614_k141_2279922,0.02575712389543744,2.542058272344753e-05,0.5027322404371585
SM,201630,49614--sample_49614_k141_311416,0.014935527854120015,7.843922754222451e-06,0.4992248062015504
SM,201630,49614--sample_49614_k141_401001,0.02474203447431894,2.2822136666823863e-05,0.5023400936037441
SM,201630,49614--sample_49614_k141_1969311,0.022182700756640826,1.8413079726177294e-05,0.5015576323987538
SM,201630,49614--sample_49614_k141_239722,0.01844463586952599,1.2631091104866901e-05,0.5003885003885004
SM,201630,49614--sample_49614_k141_714468,0.01974223563503244,1.4404121439830664e-05,0.5007776049766719
SM,201630,49614--sample_49614_k141_1994231,0.022254373960022604,1.8310970701918652e-05,0.5015576323987538
SM,201630,49614--sample_49614_k141_2178769,0.017137923028321515,1.1049149400959247e-05,0.5
SM,201630,49614--sample_49614_k141_461285,0.018471601874478803,1.2622932852503384e-05,0.5003885003885004
SM,201630,49614--sample_49614_k141_872999,0.02100976534495808,1.630068149265213e-05,0.5011673151750973
SM,201630,49614--sample_49614_k141_60460,0.02102455465669012,1.624581965839442e-05,0.5011673151750973
SM,201630,49614--sample_49614_k141_2173118,0.020863406348525324,1.6424181898106035e-05,0.5011673151750973
SM,201630,49614--sample_49614_k141_1230032,0.01711753510069281,1.0969089653194407e-05,0.49961210240496506
SM,201630,49614--sample_49614_k141_2164689,0.019716910183216564,1.4461490333275453e-05,0.5007776049766719
SM,201630,49614--sample_49614_k141_153009,0.01961474606412583,1.4498132362637942e-05,0.5007776049766719
SM,201630,49614--sample_49614_k141_38739,0.019571227934726043,1.4628656208940833e-05,0.5007776049766719
SM,201630,49614--sample_49614_k141_978190,0.018612387164544716,1.2559839712520647e-05,0.5003885003885004
SM,201630,49614--sample_49614_k141_1331948,0.01974834832198146,1.4436534328748347e-05,0.5007776049766719
SM,201630,49614--sample_49614_k141_736090,0.023391134421680095,2.0610986215670243e-05,0.5019485580670304
SM,201630,49614--sample_49614_k141_693752,0.024625656015606165,2.283662996212331e-05,0.5023400936037441
SM,201630,49614--sample_49614_k141_768537,0.02330415132631602,2.0701302798688383e-05,0.5019485580670304
SM,201630,49614--sample_49614_k141_1297508,0.017192467502075894,1.1022928570473364e-05,0.5
SM,201630,49614--sample_49614_k141_1820469,0.02205730215212557,1.8468958014724835e-05,0.5015576323987538
SM,201630,49614--sample_49614_k141_983271,0.019689290157035085,1.4490449029175672e-05,0.5007776049766719
SM,201630,49614--sample_49614_k141_1706254,0.02208789598769488,1.859183172569435e-05,0.5015576323987538
SM,201630,49614--sample_49614_k141_2143008,0.020838241549523337,1.6508021747916854e-05,0.5011673151750973
SM,201630,49614--sample_49614_k141_917802,0.0172361882379153,1.0958414490067739e-05,0.5
SM,201630,49614--sample_49614_k141_1082226,0.017237566773408628,1.0945336845845536e-05,0.5
SM,201630,49614--sample_49614_k141_2049411,0.024619203669309205,2.2884943049771693e-05,0.5023400936037441
SM,201630,49614--sample_49614_k141_1581344,0.01838113252300322,1.2726358568111148e-05,0.5
SM,201630,49614--sample_49614_k141_625148,0.023349238937492675,2.06552665095259e-05,0.5019485580670304
SM,201630,49614--sample_49614_k141_1609489,0.02206863349925303,1.8586566655740256e-05,0.5015576323987538
SM,201630,49614--sample_49614_k141_65000,0.025714794768627095,2.5480113217910666e-05,0.5027322404371585
SM,201630,49614--sample_49614_k141_301897,0.015834471388080508,9.509299274305648e-06,0.49961210240496506
SM,201630,49614--sample_49614_k141_1808202,0.019623822604966083,1.450625127017655e-05,0.5007776049766719
SM,201630,49614--sample_49614_k141_455871,0.019691565363467185,1.4454162208958124e-05,0.5007776049766719
SM,201630,49614--sample_49614_k141_1432154,0.017228035997905365,1.0998634415759266e-05,0.5
SM,201630,49614--sample_49614_k141_974705,0.017409967361033757,1.0828512244484697e-05,0.5
SM,201630,49614--sample_49614_k141_945712,0.017231791488447484,1.099449856058562e-05,0.5
SM,201630,49614--sample_49614_k141_82393,0.020733111387272886,1.658370163680947e-05,0.5011673151750973
SM,201630,49614--sample_49614_k141_1302202,0.012300680510459707,5.439925034366324e-06,0.4984520123839009
SM,201630,49614--sample_49614_k141_290227,0.02208760125050227,1.849818709938392e-05,0.5015576323987538
SM,201630,49614--sample_49614_k141_2198304,0.012303255493707624,5.3972226240669695e-06,0.4984520123839009
SM,201630,49614--sample_49614_k141_1239175,0.022101663182372992,1.8547343019839875e-05,0.5015576323987538
SM,201630,49614--sample_49614_k141_581161,0.018404428341711944,1.2711259613969786e-05,0.5003885003885004
SM,201630,49614--sample_49614_k141_1129144,0.01972562547654028,1.4395101469011497e-05,0.5007776049766719
SM,201630,49614--sample_49614_k141_517086,0.017111011497278266,1.1057676195341958e-05,0.5
SM,201630,49614--sample_49614_k141_734937,0.019691517094538986,1.4468465526809356e-05,0.5007776049766719
SM,201630,49614--sample_49614_k141_1636650,0.022157043865375516,1.8433658941413256e-05,0.5015576323987538
SM,201630,49614--sample_49614_k141_1173914,0.019723529030896227,1.4448355227366856e-05,0.5007776049766719
SM,201630,49614--sample_49614_k141_945388,0.016062299631491132,9.340372839981198e-06,0.49961210240496506
SM,201630,49614--sample_49614_k141_518814,0.02327285685367149,2.0756923282223132e-05,0.5019485580670304
SM,201630,49614--sample_49614_k141_1499111,0.02340706263870879,2.0627210072629543e-05,0.5019485580670304
SM,201630,49614--sample_49614_k141_1431,0.021044211291222196,1.624832209991294e-05,0.5011673151750973
SM,201630,49614--sample_49614_k141_2129664,0.02203191344023638,1.863009127242348e-05,0.5015576323987538
SM,201630,49614--sample_49614_k141_1838286,0.022173276059214844,1.842462967970872e-05,0.5015576323987538
SM,201630,49614--sample_49614_k141_533429,0.012188334764363427,5.48303038086518e-06,0.4984520123839009
SM,201630,49614--sample_49614_k141_1809878,0.017180814913702835,1.1011543600630218e-05,0.5
SM,201630,49614--sample_49614_k141_924335,0.017283506458577368,1.0926338974208559e-05,0.5
SM,201630,49614--sample_49614_k141_575385,0.01968562087130901,1.4514715422972974e-05,0.5007776049766719
SM,201630,49614--sample_49614_k141_1317799,0.018355750249615752,1.276590087616852e-05,0.5003885003885004
SM,201630,49614--sample_49614_k141_1611182,0.019587852111745782,1.452711399326121e-05,0.5007776049766719
SM,201630,49614--sample_49614_k141_330023,0.016004689101044724,9.372439157576928e-06,0.49961210240496506
SM,201630,49614--sample_49614_k141_918242,0.02218884409147944,1.8424886512823476e-05,0.5015576323987538
SM,201630,49614--sample_49614_k141_2021145,0.020833006401888683,1.6552919530536024e-05,0.5011673151750973
SM,201630,49614--sample_49614_k141_1050375,0.01957751444642149,1.463324440056951e-05,0.5007776049766719
SM,201630,49614--sample_49614_k141_248429,0.02338349639382526,2.0669877082842916e-05,0.5019485580670304
SM,201630,49614--sample_49614_k141_2013565,0.0231868880833205,2.0853639719487658e-05,0.5019485580670304
SM,201630,49614--sample_49614_k141_1607582,0.016011683013421676,9.387950526995272e-06,0.49961210240496506
SM,201630,49614--sample_49614_k141_3196,0.01701695797673424,1.1104199577000008e-05,0.5
SM,201630,49614--sample_49614_k141_134781,0.017200706472505423,1.0975495685531328e-05,0.5
SM,201630,49614--sample_49614_k141_519892,0.018344921385355196,1.2722067368375062e-05,0.5003885003885004
SM,201630,49614--sample_49614_k141_1887436,0.02096817446813618,1.635543525157378e-05,0.5011673151750973
SM,201630,49614--sample_49614_k141_1615394,0.01847851366091635,1.2627567846561239e-05,0.5003885003885004
SM,201630,49614--sample_49614_k141_4744,0.014775940413629033,7.915105108966879e-06,0.4992248062015504
SM,201630,49614--sample_49614_k141_1820321,0.022180927694209433,1.8425952768794745e-05,0.5015576323987538
SM,201630,49614--sample_49614_k141_806895,0.01591301703700162,9.506304062031043e-06,0.49961210240496506
SM,201630,49614--sample_49614_k141_541379,0.018522556229549507,1.2568494054843247e-05,0.5003885003885004
SM,201630,49614--sample_49614_k141_1890593,0.018402215551056467,1.2713967195839019e-05,0.5003885003885004
SM,201630,49614--sample_49614_k141_590446,0.019526485986353332,1.4657796236429802e-05,0.5007776049766719
SM,201630,49614--sample_49614_k141_1777190,0.018265693705383328,1.2810692185694197e-05,0.5003885003885004
SM,201630,49614--sample_49614_k141_1243219,0.01727888583654693,1.0932261443432446e-05,0.5
SM,201630,49614--sample_49614_k141_2043775,0.01720988216367092,1.1027450303968799e-05,0.5
SM,201630,49614--sample_49614_k141_1387687,0.01831403228503109,1.2813241949330048e-05,0.5003885003885004
SM,201630,49614--sample_49614_k141_2306863,0.01964236547761708,1.4521099288456661e-05,0.5007776049766719
SM,201630,49614--sample_49614_k141_1359850,0.02338182234442629,2.0593970123395337e-05,0.5019485580670304
SM,201630,49614--sample_49614_k141_559284,0.018582908474923332,1.2531827518959402e-05,0.5003885003885004
SM,201630,49614--sample_49614_k141_2091805,0.022141834358009836,1.842796316816907e-05,0.5015576323987538
SM,201630,49614--sample_49614_k141_834841,0.018345826394144147,1.2736426471990431e-05,0.5003885003885004
SM,201630,49614--sample_49614_k141_135183,0.013491657658539422,6.645047185841671e-06,0.4988381099922541
SM,201630,49614--sample_49614_k141_271904,0.014817995629087173,7.953588268384085e-06,0.4992248062015504
SM,201630,49614--sample_49614_k141_2240088,0.020899820208977272,1.6416969572374333e-05,0.5011673151750973
SM,201630,49614--sample_49614_k141_838838,0.02338061420038004,2.063272861549121e-05,0.5019485580670304
SM,201630,49614--sample_49614_k141_331421,0.01721708720315668,1.0970357720961155e-05,0.5
SM,201630,49614--sample_49614_k141_1716839,0.023432563702031298,2.0577202014247117e-05,0.5019485580670304
SM,201630,49614--sample_49614_k141_1819997,0.02342464723797077,2.0589690023465625e-05,0.5019485580670304
SM,201630,49614--sample_49614_k141_1586341,0.022020901513126315,1.8595791757730678e-05,0.5015576323987538
SM,201630,49614--sample_49614_k141_2131776,0.019582043789185995,1.4503543730195434e-05,0.5003885003885004
SM,201630,49614--sample_49614_k141_1339374,0.014760590879386649,7.93329452109832e-06,0.4992248062015504
SM,201630,49614--sample_49614_k141_31048,0.01845383154987058,1.2634232109394631e-05,0.5003885003885004
SM,201630,49614--sample_49614_k141_1871025,0.019685928117534224,1.4445501012027656e-05,0.5003885003885004
SM,201630,49614--sample_49614_k141_995602,0.02689067333027189,2.8023882224847368e-05,0.503125
SM,201630,49614--sample_49614_k141_459191,0.020855630072245186,1.638749702667171e-05,0.5011673151750973
SM,201630,49614--sample_49614_k141_1160020,0.015924467144076124,9.462090705329786e-06,0.49961210240496506
SM,201630,49614--sample_49614_k141_871051,0.022091063251007688,1.852544154285431e-05,0.5015576323987538
SM,201630,49614--sample_49614_k141_1387103,0.021018412195782217,1.6268844193491605e-05,0.5011673151750973
SM,201630,49614--sample_49614_k141_70929,0.02105108017430276,1.6281917412258458e-05,0.5011673151750973
SM,201630,49614--sample_49614_k141_674158,0.020799434109072177,1.651607711630887e-05,0.5011673151750973
SM,201630,49614--sample_49614_k141_148117,0.0243858065635466,2.3141403159435046e-05,0.5023400936037441
SM,201630,49614--sample_49614_k141_2202806,0.019610514226425547,1.4499606692590078e-05,0.5007776049766719
SM,201630,49614--sample_49614_k141_2190878,0.023304261660326765,2.0663742016549267e-05,0.5019485580670304
SM,201630,49614--sample_49614_k141_1326880,0.02215154545035795,1.8448641619860192e-05,0.5015576323987538
SM,201630,49614--sample_49614_k141_2097207,0.025921042635035595,2.525685739937649e-05,0.5027322404371585
SM,201630,49614--sample_49614_k141_325554,0.022110368059468036,1.8512220675518123e-05,0.5015576323987538
SM,201630,49614--sample_49614_k141_658929,0.01734535698556405,1.0934616052116298e-05,0.5
SM,201630,49614--sample_49614_k141_844689,0.017289638059656852,1.0982088538623047e-05,0.5
SM,201630,49614--sample_49614_k141_1178427,0.019723540473439355,1.4489960239138317e-05,0.5007776049766719
SM,201630,49614--sample_49614_k141_924455,0.016025383325005325,9.421477541106939e-06,0.49961210240496506
SM,201630,49614--sample_49614_k141_548218,0.017249019767629308,1.091845220997333e-05,0.5
SM,201630,49614--sample_49614_k141_157529,0.020929648378057112,1.6389819263191824e-05,0.5011673151750973
SM,201630,49614--sample_49614_k141_1043792,0.02592291568683211,2.525044893615155e-05,0.5027322404371585
SM,201630,49614--sample_49614_k141_282500,0.014701736461607077,7.954960618658804e-06,0.4988381099922541
SM,201630,49614--sample_49614_k141_1047512,0.020943010662850123,1.636836001339383e-05,0.5011673151750973
SM,201630,49614--sample_49614_k141_1812456,0.022183716226068302,1.83375566273345e-05,0.5015576323987538
SM,201630,49614--sample_49614_k141_991277,0.018507633814565938,1.2584882094253398e-05,0.5003885003885004
SM,201630,49614--sample_49614_k141_2155159,0.019577756837364582,1.464612902389274e-05,0.5007776049766719
SM,201630,49614--sample_49614_k141_1515117,0.012316047488797215,5.403404367531195e-06,0.4984520123839009
SM,201630,49614--sample_49614_k141_1610034,0.025799449482839843,2.5431567557248514e-05,0.5027322404371585
SM,201630,49614--sample_49614_k141_438690,0.02100315290476496,1.6276697938736757e-05,0.5011673151750973
SM,201630,49614--sample_49614_k141_2037150,0.022166518789859514,1.8437006645572994e-05,0.5015576323987538
SM,201630,49614--sample_49614_k141_67510,0.015966638239503835,9.453231906794282e-06,0.49961210240496506
SM,201630,49614--sample_49614_k141_1822828,0.025716627840181815,2.5478375606273568e-05,0.5027322404371585
SM,201630,49614--sample_49614_k141_2097969,0.02216430778095635,1.8482449038372956e-05,0.5015576323987538
SM,201630,49614--sample_49614_k141_2301029,0.020832756552755825,1.6476268012854094e-05,0.5011673151750973
SM,201630,49614--sample_49614_k141_2118289,0.02204047843884596,1.8607576534266715e-05,0.5015576323987538
SM,201630,49614--sample_49614_k141_1139755,0.018424627607082612,1.2668028780272053e-05,0.5003885003885004
SM,201630,49614--sample_49614_k141_1080344,0.012346586366201302,5.391888809835362e-06,0.4980665119876257
SM,201630,49614--sample_49614_k141_1880545,0.017125906144945656,1.1048364663914687e-05,0.5
SM,201630,49614--sample_49614_k141_326091,0.025729809543076347,2.5418567969909866e-05,0.5027322404371585
SM,201630,49614--sample_49614_k141_1735259,0.025841085000946274,2.5352670475642085e-05,0.5027322404371585
SM,201630,49614--sample_49614_k141_2139246,0.02464160003840347,2.2845697348574152e-05,0.5023400936037441
SM,201630,49614--sample_49614_k141_178616,0.01855850255511962,1.2596568021512526e-05,0.5003885003885004
SM,201630,49614--sample_49614_k141_759014,0.02450834822740552,2.304664232706501e-05,0.5023400936037441
SM,201630,49614--sample_49614_k141_2133054,0.020714374669518087,1.6589971660155835e-05,0.5011673151750973
SM,201630,49614--sample_49614_k141_31529,0.017070238650897452,1.1079354568193182e-05,0.5
SM,201630,49614--sample_49614_k141_2215540,0.013592592631966249,6.606456308782601e-06,0.4984520123839009
SM,201630,49614--sample_49614_k141_1884003,0.020790570880160657,1.644333448297759e-05,0.5011673151750973
SM,201630,49614--sample_49614_k141_1264935,0.01971461934088099,1.4430937325903737e-05,0.5007776049766719
SM,201630,49614--sample_49614_k141_2180922,0.014664465367140295,8.023965371524352e-06,0.4992248062015504
SM,201630,49614--sample_49614_k141_111426,0.022150477841280294,1.8481792985366094e-05,0.5015576323987538
SM,201630,49614--sample_49614_k141_1220811,0.020952090527723562,1.6423780252756467e-05,0.5011673151750973
SM,201630,49614--sample_49614_k141_1429385,0.01835285773251308,1.2730439827927714e-05,0.5003885003885004
SM,201630,49614--sample_49614_k141_1044103,0.022100571510255348,1.8494233633744566e-05,0.5015576323987538
SM,201630,49614--sample_49614_k141_382567,0.023198498410377664,2.0783540064022516e-05,0.5019485580670304
SM,201630,49614--sample_49614_k141_1960330,0.023420719951700468,2.0510690653793296e-05,0.5019485580670304
SM,201630,49614--sample_49614_k141_1204302,0.02227825233801024,1.8326259459765264e-05,0.5015576323987538
SM,201630,49614--sample_49614_k141_1362863,0.02694709421451445,2.802763584266307e-05,0.503125
SM,201630,49614--sample_49614_k141_562944,0.019568537593944637,1.461446751798496e-05,0.5007776049766719
SM,201630,49614--sample_49614_k141_267755,0.017064023581069752,1.1075994730577407e-05,0.49961210240496506
SM,201630,49614--sample_49614_k141_1049069,0.022268019470062038,1.833536360310065e-05,0.5015576323987538
SM,201630,49614--sample_49614_k141_2236854,0.019527817702843397,1.4610001235671803e-05,0.5007776049766719
SM,201630,49614--sample_49614_k141_345881,0.01847062975342779,1.2608699424507145e-05,0.5003885003885004
SM,201630,49614--sample_49614_k141_1709526,0.02088740275626761,1.6431737356799722e-05,0.5011673151750973
SM,201630,49614--sample_49614_k141_1273134,0.020955165741235078,1.6381662432059914e-05,0.5011673151750973
SM,201630,49614--sample_49614_k141_1003738,0.01616909929254582,9.266172330468286e-06,0.49961210240496506
SM,201630,49614--sample_49614_k141_155685,0.017278325017902052,1.0965004573302997e-05,0.5
SM,201630,49614--sample_49614_k141_799411,0.01830330299655726,1.2737880121229059e-05,0.5003885003885004
SM,201630,49614--sample_49614_k141_1876905,0.025820754043830187,2.5365458968717492e-05,0.5027322404371585
SM,201630,49614--sample_49614_k141_6229,0.01705439502346447,1.1032373396072903e-05,0.5
SM,201630,49614--sample_49614_k141_899836,0.02569926598200004,2.553004084755954e-05,0.5027322404371585
SM,201630,49614--sample_49614_k141_262877,0.022071695520939336,1.8500097118292672e-05,0.5015576323987538
SM,201630,49614--sample_49614_k141_446802,0.01978027325290327,1.434301294397502e-05,0.5007776049766719
SM,201630,49614--sample_49614_k141_861245,0.019736875292280694,1.4406271653891033e-05,0.5007776049766719
SM,201630,49614--sample_49614_k141_1043592,0.01951630446024015,1.4607255506964972e-05,0.5007776049766719
SM,201630,49614--sample_49614_k141_373499,0.01473215482088095,7.935582786919663e-06,0.4992248062015504
SM,201630,49614--sample_49614_k141_1873429,0.019545270271077206,1.4604522678355064e-05,0.5007776049766719
SM,201630,49614--sample_49614_k141_941148,0.018517632305307084,1.2615243479439683e-05,0.5003885003885004
SM,201630,49614--sample_49614_k141_334906,0.015789446198055748,9.548210311042516e-06,0.4992248062015504
SM,201630,49614--sample_49614_k141_317393,0.020770061102704688,1.647607953973262e-05,0.5007776049766719
SM,201630,49614--sample_49614_k141_1942210,0.013533470433783664,6.652823050890739e-06,0.4988381099922541
SM,201630,49614--sample_49614_k141_914702,0.02580687202565368,2.536241080751768e-05,0.5027322404371585
SM,201630,49614--sample_49614_k141_991415,0.01608148908643914,9.3845631965355e-06,0.49961210240496506
SM,201630,49614--sample_49614_k141_274775,0.022073146622446423,1.8542215790428982e-05,0.5015576323987538
SM,201630,49614--sample_49614_k141_2255621,0.0220949339524558,1.8462963389549946e-05,0.5015576323987538
SM,201630,49614--sample_49614_k141_52808,0.020869914029267363,1.6422240282674606e-05,0.5011673151750973
SM,201630,49614--sample_49614_k141_2244732,0.02098391861524156,1.633829043284523e-05,0.5011673151750973
SM,201630,49614--sample_49614_k141_1578368,0.021953110779432128,1.8633822295080534e-05,0.5015576323987538
SM,201630,49614--sample_49614_k141_915233,0.022195918320479773,1.8374361981772797e-05,0.5015576323987538
SM,201630,49614--sample_49614_k141_199705,0.022124440497658052,1.8467084801275907e-05,0.5015576323987538
SM,201630,49614--sample_49614_k141_897184,0.01726318903761809,1.0940516756992401e-05,0.5
SM,201630,49614--sample_49614_k141_1964044,0.023350515646614667,2.0740013323721922e-05,0.5019485580670304
SM,201630,49614--sample_49614_k141_802310,0.018418701862138388,1.2670196667265937e-05,0.5003885003885004
SM,201630,49614--sample_49614_k141_1636768,0.017336631122653177,1.0910921168026422e-05,0.5
SM,201630,49614--sample_49614_k141_1410062,0.025843011143996078,2.536526947316453e-05,0.5027322404371585
SM,201630,49614--sample_49614_k141_2239437,0.020784952707463163,1.6540127903891794e-05,0.5011673151750973
SM,201630,49614--sample_49614_k141_380558,0.02473671827195217,2.2772450230900615e-05,0.5023400936037441
SM,201630,49614--sample_49614_k141_825477,0.020961790447252594,1.6402701932637787e-05,0.5011673151750973
SM,201630,49614--sample_49614_k141_1431426,0.018469076328205648,1.2684303110201395e-05,0.5003885003885004
SM,201630,49614--sample_49614_k141_782554,0.022039994743724985,1.8634347822349893e-05,0.5015576323987538
SM,201630,49614--sample_49614_k141_1469720,0.01735750588410181,1.0857824159376847e-05,0.5
SM,201630,49614--sample_49614_k141_1483598,0.02331710299224893,2.065070541043479e-05,0.5019485580670304
SM,201630,49614--sample_49614_k141_1641711,0.020935947190111492,1.632590576982164e-05,0.5011673151750973
SM,201630,49614--sample_49614_k141_430119,0.02203472837440123,1.854608466378269e-05,0.5015576323987538
SM,201630,49614--sample_49614_k141_1480657,0.030701007214224127,3.6271562357285385e-05,0.5043069694596711
SM,201630,49614--sample_49614_k141_1548523,0.014854982922334756,7.930724965517052e-06,0.4992248062015504
SM,201630,49614--sample_49614_k141_1466444,0.01724155815729809,1.0990717221280391e-05,0.5
SM,201630,49614--sample_49614_k141_997447,0.01711498180198337,1.103659602688276e-05,0.5
SM,201630,49614--sample_49614_k141_781022,0.018432580732840997,1.2714117851670172e-05,0.5003885003885004
SM,201630,49614--sample_49614_k141_2199480,0.019630684138484678,1.4506979803817493e-05,0.5007776049766719
SM,201630,49614--sample_49614_k141_1705538,0.016105247685310117,9.281606041961801e-06,0.49961210240496506
SM,201630,49614--sample_49614_k141_1802869,0.015934162843897783,9.446407872505627e-06,0.49961210240496506
SM,201630,49614--sample_49614_k141_976496,0.01853485264555846,1.2623251064091986e-05,0.5003885003885004
SM,201630,49614--sample_49614_k141_1998437,0.02197503792111446,1.8575490792057132e-05,0.5015576323987538
SM,201630,49614--sample_49614_k141_802719,0.022134467629275144,1.8406347341386616e-05,0.5015576323987538
SM,201630,49614--sample_49614_k141_177839,0.02449691380259576,2.3005775591089637e-05,0.5023400936037441
SM,201630,49614--sample_49614_k141_1735303,0.018384973212851697,1.2688818844708603e-05,0.5003885003885004
SM,201630,49614--sample_49614_k141_1404475,0.01586463066509199,9.49351039718513e-06,0.49961210240496506
SM,201630,49614--sample_49614_k141_730698,0.023203144839116664,2.080134337715548e-05,0.5019485580670304
SM,201630,49614--sample_49614_k141_154118,0.012377506442921727,5.40114550757556e-06,0.4984520123839009
SM,201630,49614--sample_49614_k141_514814,0.01490432902342377,7.842664926771594e-06,0.4992248062015504
SM,201630,49614--sample_49614_k141_1898739,0.020809927429847924,1.6454940235057074e-05,0.5011673151750973
SM,201630,49614--sample_49614_k141_470294,0.022069061153542475,1.858505307818241e-05,0.5015576323987538
SM,201630,49614--sample_49614_k141_927748,0.014704778469690937,7.968460026029386e-06,0.4992248062015504
SM,201630,49614--sample_49614_k141_204516,0.01966018718254939,1.4492971162058147e-05,0.5007776049766719
SM,201630,49614--sample_49614_k141_471890,0.017241430000224538,1.0982629518201941e-05,0.5
SM,201630,49614--sample_49614_k141_346409,0.015931947652431597,9.396780851051703e-06,0.4992248062015504
SM,201630,49614--sample_49614_k141_1537708,0.022226191179139498,1.8337554272519938e-05,0.5015576323987538
SM,201630,49614--sample_49614_k141_1306799,0.014615482649447372,8.016466907703675e-06,0.4988381099922541
SM,201630,49614--sample_49614_k141_66793,0.018560148121042504,1.2624487583698537e-05,0.5003885003885004
SM,201630,49614--sample_49614_k141_989275,0.01975498767110069,1.440966433570873e-05,0.5007776049766719
SM,201630,49614--sample_49614_k141_1514836,0.019650298383542247,1.451702883497672e-05,0.5007776049766719
SM,201630,49614--sample_49614_k141_1277494,0.020808203994915415,1.6482694012426753e-05,0.5011673151750973
SM,201630,49614--sample_49614_k141_1991756,0.017199378846022285,1.1032570691688826e-05,0.5
SM,201630,49614--sample_49614_k141_1765056,0.01708071462548486,1.107155618060141e-05,0.5
SM,201630,49614--sample_49614_k141_948677,0.01474025013937918,7.977473223067298e-06,0.4992248062015504
SM,201630,49614--sample_49614_k141_1781326,0.015897648656044552,9.49569171369522e-06,0.49961210240496506
SM,201630,49614--sample_49614_k141_14914,0.02324452568761218,2.0771230536823736e-05,0.5019485580670304
SM,201630,49614--sample_49614_k141_1024350,0.019664043145600708,1.4479873345958914e-05,0.5007776049766719
SM,201630,49614--sample_49614_k141_643060,0.020804626572313828,1.6557303484642487e-05,0.5011673151750973
SM,201630,49614--sample_49614_k141_347653,0.02207198766917356,1.8558622743362947e-05,0.5015576323987538
SM,201630,49614--sample_49614_k141_826830,0.01965462358526343,1.4419811390818327e-05,0.5007776049766719
SM,201630,49614--sample_49614_k141_1543738,0.01708801404613532,1.1088248556442292e-05,0.5
SM,201630,49614--sample_49614_k141_405254,0.018397875199498866,1.269214729993799e-05,0.5003885003885004
SM,201630,49614--sample_49614_k141_1562782,0.017122860573305247,1.112929609958014e-05,0.5
SM,201630,49614--sample_49614_k141_1907383,0.01602683015697297,9.37170197611822e-06,0.49961210240496506
SM,201630,49614--sample_49614_k141_841379,0.02828841673522578,3.051740409210451e-05,0.5035183737294762
SM,201630,49614--sample_49614_k141_1233744,0.018386990853315258,1.270132564206327e-05,0.5003885003885004
SM,201630,49614--sample_49614_k141_769477,0.022183481313787924,1.844422497118012e-05,0.5015576323987538
SM,201630,49614--sample_49614_k141_424750,0.020918514070126022,1.63714998261896e-05,0.5011673151750973
SM,201630,49614--sample_49614_k141_94425,0.019563962074079743,1.4624308792817011e-05,0.5007776049766719
SM,201630,49614--sample_49614_k141_164102,0.023280275201210992,2.0729873890845966e-05,0.5019485580670304
SM,201630,49614--sample_49614_k141_345191,0.015901392132894838,9.440105844492036e-06,0.4992248062015504
SM,201630,49614--sample_49614_k141_9421,0.016006215289565667,9.38772067553947e-06,0.49961210240496506
SM,201630,49614--sample_49614_k141_653688,0.019728709121286134,1.4446296520521114e-05,0.5007776049766719
SM,201630,49614--sample_49614_k141_2023550,0.022187350419874532,1.84072060140877e-05,0.5015576323987538
SM,201630,49614--sample_49614_k141_1060450,0.01972098808219359,1.4512769262113608e-05,0.5007776049766719
SM,201630,49614--sample_49614_k141_664059,0.019687317264139633,1.441571388466693e-05,0.5007776049766719
SM,201630,49614--sample_49614_k141_1372677,0.018373859248781325,1.2708566047623234e-05,0.5003885003885004
SM,201630,49614--sample_49614_k141_1178417,0.016061122051787457,9.364733575632995e-06,0.49961210240496506
SM,201630,49614--sample_49614_k141_1102734,0.023458490317629244,2.0545350637995612e-05,0.5019485580670304
SM,201630,49614--sample_49614_k141_1537015,0.020876145682199553,1.6447078765737358e-05,0.5011673151750973
SM,201630,49614--sample_49614_k141_1594800,0.018293570387719317,1.2793978272299096e-05,0.5003885003885004
SM,201630,49614--sample_49614_k141_715581,0.022080652629990916,1.848984032030222e-05,0.5015576323987538
SM,201630,49614--sample_49614_k141_569077,0.01595896249103202,9.409126603201078e-06,0.49961210240496506
SM,201630,49614--sample_49614_k141_155282,0.022009541819364233,1.8657534549192014e-05,0.5015576323987538
SM,201630,49614--sample_49614_k141_1912022,0.020782558792963403,1.654942183946521e-05,0.5011673151750973
SM,201630,49614--sample_49614_k141_1674154,0.02703041245393748,2.7927415062266894e-05,0.503125
SM,201630,49614--sample_49614_k141_812294,0.0159169020909327,9.474919901590063e-06,0.49961210240496506
SM,201630,49614--sample_49614_k141_1135820,0.0220620745278426,1.850644551383686e-05,0.5015576323987538
SM,201630,49614--sample_49614_k141_1493257,0.02085450365052877,1.64511615630829e-05,0.5011673151750973
SM,201630,49614--sample_49614_k141_1744629,0.019677008443151664,1.4515741862595996e-05,0.5007776049766719
SM,201630,49614--sample_49614_k141_464736,0.018537291352900182,1.2602453283659159e-05,0.5003885003885004
SM,201630,49614--sample_49614_k141_716258,0.011071294562163717,4.3481966991533605e-06,0.49768160741885625
SM,201630,49614--sample_49614_k141_969590,0.015973966142949363,9.46705551204022e-06,0.49961210240496506
SM,201630,49614--sample_49614_k141_335903,0.023315912296650927,2.066142547112995e-05,0.5019485580670304
SM,201630,49614--sample_49614_k141_795014,0.013400195502395212,6.703594262754409e-06,0.4988381099922541
SM,201630,49614--sample_49614_k141_1901194,0.013518356217545357,6.602511883442943e-06,0.4984520123839009
SM,201630,49614--sample_49614_k141_594973,0.01846452646129504,1.266228022735166e-05,0.5003885003885004
SM,201630,49614--sample_49614_k141_603743,0.01591029313794845,9.493975107918022e-06,0.49961210240496506
SM,201630,49614--sample_49614_k141_1208694,0.018375557773945242,1.2684378407874953e-05,0.5003885003885004
SM,201630,49614--sample_49614_k141_1609013,0.023337659281897297,2.065588548248195e-05,0.5019485580670304
SM,201630,49614--sample_49614_k141_67942,0.020830863252002015,1.6424586328055874e-05,0.5011673151750973
SM,201630,49614--sample_49614_k141_846583,0.02823061989144474,3.0636132194676154e-05,0.5035183737294762
SM,201630,49614--sample_49614_k141_325235,0.018584330973365298,1.2570644787412595e-05,0.5003885003885004
SM,201630,49614--sample_49614_k141_2305531,0.017227852753449537,1.094863004829304e-05,0.5
SM,201630,49614--sample_49614_k141_1792272,0.01730327266281696,1.0886874761429698e-05,0.5
SM,201630,49614--sample_49614_k141_743960,0.011154777385461286,4.3033266855782474e-06,0.49768160741885625
SM,201630,49614--sample_49614_k141_612250,0.020825735022877656,1.6534290515313352e-05,0.5011673151750973
SM,201630,49614--sample_49614_k141_412145,0.018446667274603146,1.270602456693857e-05,0.5003885003885004
SM,201630,49620--sample_49620_k141_877568,0.01962628911799968,1.4585589074963218e-05,0.5007776049766719
SM,201630,49627--sample_49627_k141_882399,0.022153942904674196,1.8404099844935246e-05,0.5015576323987538
SM,201630,49625--sample_49625_k141_420390,0.02224021529023401,1.8289683086646716e-05,0.5015576323987538
SM,201630,49623--sample_49623_k141_465025,0.02574212931203136,2.5457007819726133e-05,0.5027322404371585
SM,201630,49626--sample_49626_k141_540134,0.018375809448409955,1.2709702628502936e-05,0.5003885003885004
SM,201630,49620--sample_49620_k141_767928,0.018355268705549987,1.2736385094669675e-05,0.5003885003885004
SM,201630,49620--sample_49620_k141_568710,0.018483722673034775,1.2628978334952593e-05,0.5003885003885004
SM,201630,49620--sample_49620_k141_806973,0.014700342387704842,7.99140037305963e-06,0.4984520123839009
SM,201630,49620--sample_49620_k141_567263,0.017266523161920427,1.0880368761270862e-05,0.49961210240496506
SM,201630,49628--sample_49628_k141_531267,0.0221842914061288,1.8432339717044225e-05,0.5015576323987538
SM,201630,49623--sample_49623_k141_1041969,0.020924784022837536,1.6375767302926185e-05,0.5011673151750973
SM,201630,49623--sample_49623_k141_608894,0.01715909686939838,1.1023774088994094e-05,0.5
SM,201630,49627--sample_49627_k141_597049,0.02582606033983351,2.534301275495275e-05,0.5027322404371585
SM,201630,49620--sample_49620_k141_602635,0.018523456898664307,1.2612801924488384e-05,0.5003885003885004
SM,201630,49620--sample_49620_k141_662239,0.02206360555873982,1.8535011835559582e-05,0.5015576323987538
SM,201630,49624--sample_49624_k141_867497,0.01847765518692361,1.2683007895982081e-05,0.5003885003885004
SM,201630,49620--sample_49620_k141_684559,0.01733856715270141,1.0910416414746523e-05,0.5
SM,201630,49620--sample_49620_k141_520577,0.022295217349972665,1.8346613392647666e-05,0.5015576323987538
SM,201630,49620--sample_49620_k141_366325,0.02212932017193515,1.849654363602362e-05,0.5015576323987538
SM,201630,49623--sample_49623_k141_1264227,0.01838835660824669,1.2610319088119394e-05,0.5003885003885004
SM,201630,49620--sample_49620_k141_375368,0.02344657703118299,2.046550899408776e-05,0.5019485580670304
SM,201630,49620--sample_49620_k141_593506,0.01590989624015976,9.475875541667705e-06,0.49961210240496506
SM,201630,49624--sample_49624_k141_995177,0.021086070413727686,1.6275764066508545e-05,0.5011673151750973
SM,201630,49624--sample_49624_k141_206758,0.016006686088024063,9.45407291133904e-06,0.49961210240496506
SM,201630,49620--sample_49620_k141_689599,0.025689166981405668,2.5511236579747848e-05,0.5027322404371585
SM,201630,49623--sample_49623_k141_283004,0.018381686484103092,1.2741410266702712e-05,0.5003885003885004
SM,201630,49621--sample_49621_k141_803927,0.017215861029144883,1.0980097981983104e-05,0.5
SM,201630,49620--sample_49620_k141_756043,0.016051763993164547,9.361114145204262e-06,0.49961210240496506
SM,201630,49624--sample_49624_k141_477029,0.01469435790855272,7.971142647679046e-06,0.4992248062015504
SM,201630,49621--sample_49621_k141_972296,0.02194917918478234,1.8655981795352676e-05,0.5015576323987538
SM,201630,49628--sample_49628_k141_401383,0.015994200390292736,9.396766106801883e-06,0.49961210240496506
SM,201630,49623--sample_49623_k141_553477,0.024530294738728715,2.305488474837684e-05,0.5023400936037441
SM,201630,49620--sample_49620_k141_629507,0.019574765149339177,1.455471361958011e-05,0.5007776049766719
SM,201630,49627--sample_49627_k141_620853,0.020918336133884385,1.639999954200707e-05,0.5011673151750973
SM,201630,49620--sample_49620_k141_346511,0.017144837627417853,1.1078083733277652e-05,0.5
SM,201630,49620--sample_49620_k141_863497,0.014649588736319004,8.009406139678784e-06,0.4992248062015504
SM,201630,49623--sample_49623_k141_418215,0.022022900590671034,1.8542655239229075e-05,0.5015576323987538
SM,201630,49620--sample_49620_k141_802567,0.019787260013593797,1.4347642470895624e-05,0.5007776049766719
SM,201630,49628--sample_49628_k141_1208708,0.01830742937135034,1.278765018780163e-05,0.5003885003885004
SM,201630,49621--sample_49621_k141_484589,0.014742688621643286,8.001248372835101e-06,0.4992248062015504
SM,201630,49620--sample_49620_k141_809052,0.02071877344049876,1.654202041938084e-05,0.5011673151750973
SM,201630,49628--sample_49628_k141_1213396,0.024630363895073983,2.2913164041931323e-05,0.5023400936037441
SM,201630,49626--sample_49626_k141_546019,0.022055432029953387,1.861620991585103e-05,0.5015576323987538
SM,201630,49620--sample_49620_k141_475529,0.02331865562133091,2.0683053832490323e-05,0.5019485580670304
SM,201630,49628--sample_49628_k141_1253647,0.02586195541450492,2.531807634492522e-05,0.5027322404371585
SM,201630,49627--sample_49627_k141_212427,0.025616402244184298,2.5554132681017597e-05,0.5027322404371585
SM,201630,49628--sample_49628_k141_1537814,0.017159477949056517,1.1061886528548876e-05,0.5
SM,201630,49625--sample_49625_k141_10991,0.014785594478858919,7.965249369284381e-06,0.4992248062015504
SM,201630,49628--sample_49628_k141_820141,0.019705219051463635,1.4464618242616782e-05,0.5007776049766719
SM,201630,49628--sample_49628_k141_935385,0.014862609061279845,7.929417463994617e-06,0.4992248062015504
SM,201630,49622--sample_49622_k141_790072,0.02096861251954275,1.6338146230741456e-05,0.5011673151750973
SM,201630,49627--sample_49627_k141_866654,0.023275658059331364,2.0729669797132347e-05,0.5019485580670304
SM,201630,49624--sample_49624_k141_512309,0.017100582818849814,1.1040390894519223e-05,0.5
SM,201630,49620--sample_49620_k141_863061,0.0183782984121781,1.2755204872103207e-05,0.5003885003885004
SM,201630,49622--sample_49622_k141_1034107,0.020822861283490222,1.6490986377552448e-05,0.5011673151750973
SM,201630,49628--sample_49628_k141_1268454,0.02581284735436952,2.5447377956383396e-05,0.5027322404371585
SM,201630,49620--sample_49620_k141_890514,0.013593305132526748,6.616162518286879e-06,0.4988381099922541
SM,201630,49623--sample_49623_k141_1191385,0.017238602397700007,1.0966795417578076e-05,0.5
SM,201630,49620--sample_49620_k141_258666,0.017184925740189747,1.0971579192448367e-05,0.49961210240496506
SM,201630,49623--sample_49623_k141_181373,0.01958424062193739,1.4574792886746336e-05,0.5007776049766719
SM,201630,49625--sample_49625_k141_492119,0.02450365224175888,2.3041144649918683e-05,0.5023400936037441
SM,201630,49620--sample_49620_k141_652095,0.015786083424797683,9.52802524125526e-06,0.49961210240496506
SM,201630,49626--sample_49626_k141_814437,0.022196937790084824,1.83594310455218e-05,0.5015576323987538
SM,201630,49625--sample_49625_k141_135647,0.019594573523234467,1.4552046606908866e-05,0.5007776049766719
SM,201630,49627--sample_49627_k141_505944,0.02202075938566452,1.8596428909411408e-05,0.5015576323987538
SM,201630,49625--sample_49625_k141_178018,0.0244578771457914,2.3045013996078057e-05,0.5023400936037441
SM,201630,49622--sample_49622_k141_1297772,0.01845122877354056,1.267481542328033e-05,0.5003885003885004
SM,201630,49623--sample_49623_k141_1029786,0.02092887134416558,1.6405696468719444e-05,0.5011673151750973
SM,201630,49623--sample_49623_k141_1276103,0.027023277690381098,2.7928102543794495e-05,0.503125
SM,201630,49627--sample_49627_k141_357650,0.017276379091249038,1.0968964572253358e-05,0.5
SM,201630,49625--sample_49625_k141_191759,0.0184912735675863,1.2591518031247693e-05,0.5003885003885004
SM,201630,49628--sample_49628_k141_1435203,0.019725079137784925,1.4439141545829143e-05,0.5007776049766719
SM,201630,49624--sample_49624_k141_949654,0.018399257513168753,1.2739085424425611e-05,0.5003885003885004
SM,201630,49620--sample_49620_k141_336548,0.01978318994289875,1.4345188023223328e-05,0.5007776049766719
SM,201630,49627--sample_49627_k141_712892,0.015948104167974805,9.37404344631745e-06,0.4992248062015504
SM,201630,49625--sample_49625_k141_465783,0.02710557534835625,2.7848240156313247e-05,0.503125
SM,201630,49620--sample_49620_k141_347894,0.022041186866993998,1.860985028633804e-05,0.5015576323987538
SM,201630,49623--sample_49623_k141_1338728,0.018464972815792333,1.2651493942548802e-05,0.5003885003885004
SM,201630,49620--sample_49620_k141_424640,0.017230896823231288,1.0996919976837553e-05,0.5
SM,201630,49623--sample_49623_k141_1065488,0.019727173939070836,1.4443946672422889e-05,0.5007776049766719
SM,201630,49620--sample_49620_k141_573928,0.022234530856081382,1.834078426200395e-05,0.5015576323987538
SM,201630,49625--sample_49625_k141_399586,0.01581728030486731,9.47820634279613e-06,0.49961210240496506
SM,201630,49620--sample_49620_k141_818604,0.01972471885034434,1.4437704254196268e-05,0.5007776049766719
SM,201630,49623--sample_49623_k141_1327989,0.017187300717807556,1.1007824902753074e-05,0.5
SM,201630,49623--sample_49623_k141_196496,0.023396019738119403,2.061676262369893e-05,0.5019485580670304
SM,201630,49623--sample_49623_k141_852831,0.019668570162272334,1.4502656652779809e-05,0.5007776049766719
SM,201630,49623--sample_49623_k141_882330,0.020983261949697133,1.6340522721111854e-05,0.5011673151750973
SM,201630,49628--sample_49628_k141_1659717,0.019552241059841217,1.4562990975733839e-05,0.5007776049766719
SM,201630,49621--sample_49621_k141_1024002,0.019584660211786942,1.4558095282633575e-05,0.5007776049766719
SM,201630,49623--sample_49623_k141_568308,0.018489449482885025,1.2673719561622723e-05,0.5003885003885004
SM,201630,49623--sample_49623_k141_1126180,0.017041328986338405,1.1129046879769572e-05,0.5
SM,201630,49624--sample_49624_k141_355515,0.018398963773719624,1.2712986988218766e-05,0.5003885003885004
SM,201630,49620--sample_49620_k141_765559,0.020942918983153532,1.6368597350856513e-05,0.5011673151750973
SM,201630,49620--sample_49620_k141_785383,0.01960838440930679,1.4573554361077289e-05,0.5007776049766719
SM,201630,49620--sample_49620_k141_92767,0.020764932584655043,1.6601773436386587e-05,0.5011673151750973
SM,201630,49624--sample_49624_k141_928685,0.01967832763633027,1.4460676751876515e-05,0.5007776049766719
SM,201630,49620--sample_49620_k141_709303,0.018642763486697324,1.2478968066050251e-05,0.5003885003885004
SM,201630,49623--sample_49623_k141_1060510,0.015924805151327003,9.470071433421289e-06,0.49961210240496506
SM,201630,49623--sample_49623_k141_524298,0.017236560507937704,1.0936299077210886e-05,0.5
SM,201630,49621--sample_49621_k141_875236,0.018515017133082342,1.2573597180568964e-05,0.5003885003885004
SM,201630,49627--sample_49627_k141_272944,0.018410430101843706,1.2681451492183124e-05,0.5003885003885004
SM,201630,49621--sample_49621_k141_402365,0.01710132178954447,1.1088834585316435e-05,0.5
SM,201630,49620--sample_49620_k141_88663,0.017224420005638345,1.0952577990549588e-05,0.5
SM,201630,49620--sample_49620_k141_486486,0.019783550349891356,1.4417557601703144e-05,0.5007776049766719
SM,201630,49623--sample_49623_k141_1358298,0.015915024723218235,9.462090920295017e-06,0.49961210240496506
SM,201630,49627--sample_49627_k141_218199,0.01843173324702962,1.2703521927706129e-05,0.5003885003885004
SM,201630,49623--sample_49623_k141_232736,0.017114598593975194,1.1055996279324333e-05,0.49961210240496506
SM,201630,49620--sample_49620_k141_901985,0.022014983082530616,1.8616972767985114e-05,0.5015576323987538
SM,201630,49620--sample_49620_k141_646366,0.023221602172530324,2.0776272645730878e-05,0.5019485580670304
SM,201630,49623--sample_49623_k141_960129,0.020975253722808757,1.639550359867761e-05,0.5011673151750973
SM,201630,49623--sample_49623_k141_241059,0.013429208179996183,6.692916578477015e-06,0.4984520123839009
SM,201630,49620--sample_49620_k141_853985,0.022065226017996462,1.8610853473175677e-05,0.5015576323987538
SM,201630,49622--sample_49622_k141_1306273,0.023272449885225116,2.0678764487327495e-05,0.5019485580670304
SM,201630,49620--sample_49620_k141_365374,0.01969465765662113,1.4494864939004487e-05,0.5007776049766719
SM,201630,49623--sample_49623_k141_564461,0.01826857582550518,1.2787749795109753e-05,0.5003885003885004
SM,201630,49628--sample_49628_k141_1640420,0.01969765411768858,1.4436936430595613e-05,0.5007776049766719
SM,201630,49628--sample_49628_k141_718209,0.015974368403052792,9.449142652421069e-06,0.49961210240496506
SM,201630,49623--sample_49623_k141_760367,0.024621064652231357,2.289086343302352e-05,0.5023400936037441
SM,201630,49620--sample_49620_k141_49753,0.021937648435275663,1.8621966385998453e-05,0.5015576323987538
SM,201630,49623--sample_49623_k141_661486,0.017207905369113,1.101740959683794e-05,0.5
SM,201630,49627--sample_49627_k141_195166,0.020928167948198156,1.636407744429343e-05,0.5011673151750973
SM,201630,49628--sample_49628_k141_1299248,0.018541911636645526,1.2588873009351025e-05,0.5003885003885004
SM,201630,49623--sample_49623_k141_938959,0.02337591087328522,2.0581094811088276e-05,0.5019485580670304
SM,201630,49624--sample_49624_k141_533801,0.02099537732852282,1.6278547251145664e-05,0.5011673151750973
SM,201630,49621--sample_49621_k141_224055,0.01832950006571267,1.276213209408642e-05,0.5003885003885004
SM,201630,49627--sample_49627_k141_323121,0.02108455902715417,1.6218004136276157e-05,0.5011673151750973
SM,201630,49623--sample_49623_k141_457796,0.018419236482359037,1.2621523676487214e-05,0.5003885003885004
SM,201630,49626--sample_49626_k141_755790,0.02202331530350028,1.8576097766265393e-05,0.5015576323987538
SM,201630,49625--sample_49625_k141_454481,0.01835992713785449,1.2738964542908735e-05,0.5003885003885004
SM,201630,49620--sample_49620_k141_70641,0.018427347740697268,1.2659734463335426e-05,0.5003885003885004
SM,201630,49624--sample_49624_k141_97572,0.0245756862348834,2.294782390317436e-05,0.5023400936037441
SM,201630,49620--sample_49620_k141_418151,0.023398952985581693,2.0645795092210064e-05,0.5019485580670304
SM,201630,49621--sample_49621_k141_1010389,0.019673486569125032,1.4490394866717342e-05,0.5007776049766719
SM,201630,49620--sample_49620_k141_919365,0.01616649764190844,9.281855248880611e-06,0.49961210240496506
SM,201630,49620--sample_49620_k141_259532,0.022056123723451514,1.8536979154640462e-05,0.5015576323987538
SM,201630,49622--sample_49622_k141_1244156,0.019719282758376616,1.4444215199123128e-05,0.5007776049766719
SM,201630,49628--sample_49628_k141_1125359,0.020871980602817572,1.6429316532039964e-05,0.5011673151750973
SM,201630,49623--sample_49623_k141_559190,0.01961255009452619,1.4558555108236022e-05,0.5007776049766719
SM,201630,49623--sample_49623_k141_711938,0.015889060777712596,9.460085291642748e-06,0.49961210240496506
SM,201630,49620--sample_49620_k141_466066,0.018349209821496456,1.2787182164450148e-05,0.5003885003885004
SM,201630,49620--sample_49620_k141_378483,0.020908803307822462,1.64211852352254e-05,0.5011673151750973
SM,201630,49628--sample_49628_k141_1675224,0.016011064207481843,9.410484257807177e-06,0.49961210240496506
SM,201630,49624--sample_49624_k141_797817,0.01837067259044397,1.2674694223428104e-05,0.5003885003885004
SM,201630,49623--sample_49623_k141_1243082,0.01588641011447368,9.487836979805636e-06,0.49961210240496506
SM,201630,49623--sample_49623_k141_785898,0.0158665514632869,9.536134008840535e-06,0.49961210240496506
SM,201630,49621--sample_49621_k141_1034486,0.013565023214134764,6.606968563864329e-06,0.4988381099922541
SM,201630,49620--sample_49620_k141_889730,0.019698577068448905,1.4448540562911708e-05,0.5007776049766719
SM,201630,49620--sample_49620_k141_671303,0.01844773668257693,1.2669298000443634e-05,0.5003885003885004
SM,201630,49624--sample_49624_k141_567864,0.023390888597490236,2.0611054609502744e-05,0.5019485580670304
SM,201630,49620--sample_49620_k141_905364,0.02702994697187528,2.7932498875570787e-05,0.503125
SM,201630,49620--sample_49620_k141_878908,0.01979152954966338,1.4367173509887691e-05,0.5007776049766719
SM,201630,49620--sample_49620_k141_27744,0.014692268818722131,7.935589707789732e-06,0.4988381099922541
SM,201630,49624--sample_49624_k141_1056874,0.018408233669671367,1.271793232029923e-05,0.5003885003885004
SM,201630,49627--sample_49627_k141_864816,0.02340373479779417,2.0561404368148813e-05,0.5019485580670304
SM,201630,49623--sample_49623_k141_677674,0.02194090696780513,1.86539565220134e-05,0.5015576323987538
SM,201630,49620--sample_49620_k141_389073,0.01469370767310427,7.988986303816074e-06,0.4992248062015504
SM,201630,49627--sample_49627_k141_829165,0.01954219498016685,1.454239076954431e-05,0.5003885003885004
SM,201630,49627--sample_49627_k141_469894,0.02215540728177496,1.842793858109917e-05,0.5015576323987538
SM,201630,49620--sample_49620_k141_882757,0.01839388050338274,1.2739210691304548e-05,0.5003885003885004
SM,201630,49621--sample_49621_k141_71256,0.01711988675265945,1.1058457733640226e-05,0.49961210240496506
SM,201630,49620--sample_49620_k141_774058,0.015921503019286624,9.393751400381416e-06,0.49961210240496506
SM,201630,49623--sample_49623_k141_1064114,0.022120797600265217,1.840021048235653e-05,0.5015576323987538
SM,201630,49623--sample_49623_k141_500018,0.018339948916489036,1.2719175424803205e-05,0.5003885003885004
SM,201630,49620--sample_49620_k141_289863,0.022111468304477272,1.841605493234465e-05,0.5015576323987538
SM,201630,49623--sample_49623_k141_1029074,0.020967775081743096,1.6338469763817992e-05,0.5011673151750973
SM,201630,49623--sample_49623_k141_767519,0.023405555696766583,2.0631876121126263e-05,0.5019485580670304
SM,201630,49621--sample_49621_k141_584922,0.018283660375772663,1.2792575923411575e-05,0.5003885003885004
SM,201630,49623--sample_49623_k141_779668,0.017121405317834643,1.1054529786750109e-05,0.5
SM,201630,49620--sample_49620_k141_491955,0.020909835829953677,1.6288389716231383e-05,0.5011673151750973
SM,201630,49628--sample_49628_k141_1420505,0.023209085667536485,2.0812341530058442e-05,0.5019485580670304
SM,201630,49627--sample_49627_k141_787512,0.0222080554285472,1.8431895298404868e-05,0.5015576323987538
SM,201630,49622--sample_49622_k141_677407,0.024573181857349996,2.3004134428159094e-05,0.5023400936037441
SM,201630,49620--sample_49620_k141_660138,0.02091222810849677,1.647877533195695e-05,0.5011673151750973
SM,201630,49623--sample_49623_k141_854348,0.01708259581890902,1.106233804776641e-05,0.49961210240496506
SM,201630,49624--sample_49624_k141_725260,0.023433014303348116,2.056846455897158e-05,0.5019485580670304
SM,201630,49627--sample_49627_k141_117580,0.01961696910478932,1.4578490670090315e-05,0.5007776049766719
SM,201630,49623--sample_49623_k141_1085947,0.024432975477402363,2.3078808976325363e-05,0.5023400936037441
SM,201630,49623--sample_49623_k141_1306255,0.020738833977766737,1.6567028806463063e-05,0.5011673151750973
SM,201630,49620--sample_49620_k141_894471,0.022162242515054588,1.847384316434398e-05,0.5015576323987538
SM,201630,49620--sample_49620_k141_704684,0.008594174212610509,2.5366357698648173e-06,0.49576597382602
SM,201630,49628--sample_49628_k141_1721245,0.023293065337076264,2.0720855185807218e-05,0.5019485580670304
SM,201630,49628--sample_49628_k141_999266,0.022207435035766495,1.8393757619615662e-05,0.5015576323987538
SM,201630,49628--sample_49628_k141_813340,0.022089531550616597,1.8530074023826972e-05,0.5015576323987538
SM,201630,49620--sample_49620_k141_752177,0.02094557012566722,1.6389476404841227e-05,0.5011673151750973
SM,201630,49620--sample_49620_k141_108148,0.01739910901320749,1.0807208930371595e-05,0.5
SM,201630,49620--sample_49620_k141_305001,0.018493617894177753,1.26491264319278e-05,0.5003885003885004
SM,201630,49620--sample_49620_k141_809408,0.015859106781126394,9.49884943842419e-06,0.49961210240496506
SM,201630,49620--sample_49620_k141_298856,0.022177895582329434,1.8410518669125608e-05,0.5015576323987538
SM,201630,49620--sample_49620_k141_845971,0.017132275927872136,1.1102883920465842e-05,0.5
SM,201630,49620--sample_49620_k141_473883,0.017221019410993795,1.095665701034246e-05,0.5
SM,201630,49623--sample_49623_k141_1322247,0.022315792990805418,1.833814625190656e-05,0.5015576323987538
SM,201630,49623--sample_49623_k141_1050270,0.012291131294676455,5.423909537549951e-06,0.4980665119876257
SM,201630,49627--sample_49627_k141_741011,0.017115936813937645,1.1027539243030726e-05,0.5
SM,201630,49620--sample_49620_k141_880152,0.020865349131468834,1.6422097910365006e-05,0.5011673151750973
SM,201630,49620--sample_49620_k141_311412,0.018413791490166243,1.2697291942535683e-05,0.5003885003885004
SM,201630,49627--sample_49627_k141_604251,0.017304899938984358,1.0898666439967619e-05,0.5
SM,201630,49620--sample_49620_k141_862254,0.020926079633403087,1.6334986419276867e-05,0.5011673151750973
SM,201630,49620--sample_49620_k141_858421,0.017111897189951934,1.1081074447021088e-05,0.5
SM,201630,49628--sample_49628_k141_1354571,0.018397676455452944,1.2733242894105547e-05,0.5003885003885004
SM,201630,49623--sample_49623_k141_974752,0.01961056214386218,1.4497287814251106e-05,0.5007776049766719
SM,201630,49625--sample_49625_k141_104980,0.020785005037793305,1.653848972555836e-05,0.5011673151750973
SM,201630,49620--sample_49620_k141_897547,0.013570068270423055,6.601413647376399e-06,0.4984520123839009
SM,201630,49623--sample_49623_k141_305095,0.015901667320557245,9.47012040827612e-06,0.49961210240496506
SM,201630,49620--sample_49620_k141_707658,0.02203554065393121,1.856001245986536e-05,0.5015576323987538
SM,201630,49620--sample_49620_k141_464296,0.019585358036909084,1.4538609788895324e-05,0.5007776049766719
SM,201630,49620--sample_49620_k141_58738,0.01816538776147507,1.2885061278761626e-05,0.5
SM,201630,49620--sample_49620_k141_221339,0.020906849563035977,1.6415233538502333e-05,0.5011673151750973
SM,201630,49620--sample_49620_k141_519009,0.02207184688272258,1.8466156350446366e-05,0.5015576323987538
SM,201630,49620--sample_49620_k141_785591,0.015958210119408598,9.457030487425985e-06,0.49961210240496506
SM,201630,49620--sample_49620_k141_545144,0.020806598575040976,1.6506719744632736e-05,0.5011673151750973
SM,201630,49627--sample_49627_k141_689341,0.02210979643717536,1.8511932150483537e-05,0.5015576323987538
SM,201630,49628--sample_49628_k141_443953,0.014764830071207156,7.954712474091752e-06,0.4992248062015504
SM,201630,49623--sample_49623_k141_909731,0.015957394209269254,9.398953918619324e-06,0.49961210240496506
SM,201630,49623--sample_49623_k141_745389,0.017082420988853497,1.107867759915016e-05,0.5
SM,201630,49620--sample_49620_k141_123959,0.023441901368797473,2.0535400337815184e-05,0.5019485580670304
SM,201630,49621--sample_49621_k141_18954,0.023360355956590893,2.0668292650107563e-05,0.5019485580670304
SM,201630,49620--sample_49620_k141_611392,0.024711467042753385,2.2787348867879162e-05,0.5023400936037441
SM,201630,49620--sample_49620_k141_34923,0.022038381533643518,1.857892991850814e-05,0.5015576323987538
SM,201630,49627--sample_49627_k141_825498,0.019560464816764947,1.4538387525059418e-05,0.5007776049766719
SM,201630,49620--sample_49620_k141_426288,0.017205269684286515,1.0995771204900683e-05,0.5
SM,201630,49620--sample_49620_k141_797190,0.014750988449303956,7.98163121196099e-06,0.4992248062015504
SM,201630,49620--sample_49620_k141_878757,0.01967945907007595,1.4428743240479119e-05,0.5007776049766719
SM,201630,49620--sample_49620_k141_612686,0.02450806948592961,2.310080319985716e-05,0.5023400936037441
SM,201630,49620--sample_49620_k141_336042,0.019713267570109858,1.4459880184565668e-05,0.5007776049766719
SM,201630,49628--sample_49628_k141_1344925,0.020814784437281537,1.6468483259562323e-05,0.5011673151750973
SM,201630,49621--sample_49621_k141_767634,0.02452667172445832,2.3040326008214137e-05,0.5023400936037441
SM,201630,49628--sample_49628_k141_1441280,0.014720535543403308,7.99300227709873e-06,0.4992248062015504
SM,201630,49625--sample_49625_k141_424543,0.013528903991397554,6.604298780586489e-06,0.4988381099922541
SM,201630,49627--sample_49627_k141_63191,0.02086850118417016,1.6428756039048382e-05,0.5011673151750973
SM,201630,49623--sample_49623_k141_142584,0.020876438456885544,1.6465589432577423e-05,0.5011673151750973
SM,201630,49620--sample_49620_k141_634331,0.015983831808121983,9.354241133457554e-06,0.49961210240496506
SM,201630,49622--sample_49622_k141_237199,0.02466827305051871,2.2887373319441268e-05,0.5023400936037441
SM,201630,49623--sample_49623_k141_447354,0.0234136027877595,2.059222304101504e-05,0.5019485580670304
SM,201630,49620--sample_49620_k141_400844,0.01591765177386314,9.475280030566753e-06,0.49961210240496506
SM,201630,49620--sample_49620_k141_458278,0.014644492942791765,8.043235381198857e-06,0.4992248062015504
SM,201630,49623--sample_49623_k141_1350425,0.023249738008157113,2.0772625462214895e-05,0.5019485580670304
SM,201630,49620--sample_49620_k141_611969,0.019515040841820697,1.4654496106045141e-05,0.5007776049766719
SM,201630,49620--sample_49620_k141_109507,0.015953538424894283,9.40163274387187e-06,0.49961210240496506
SM,201630,49623--sample_49623_k141_1060122,0.013706121382489207,6.5896526377944515e-06,0.4988381099922541
SM,201630,49627--sample_49627_k141_875042,0.022094445733486186,1.846961425316819e-05,0.5015576323987538
SM,201630,49628--sample_49628_k141_169027,0.013413705767588926,6.683449337548409e-06,0.4984520123839009
SM,201630,49623--sample_49623_k141_604689,0.022031553854144372,1.8571147031056613e-05,0.5015576323987538
SM,201630,49623--sample_49623_k141_735064,0.018515028729491352,1.2622438541417362e-05,0.5003885003885004
SM,201630,49623--sample_49623_k141_182928,0.020903535821967602,1.6464045225186115e-05,0.5011673151750973
SM,201630,49628--sample_49628_k141_544373,0.0172311323026209,1.098775071446427e-05,0.5
SM,201630,49623--sample_49623_k141_629916,0.024561760298899716,2.291500161049759e-05,0.5023400936037441
SM,201630,49624--sample_49624_k141_503759,0.024523099504221102,2.3059060306254616e-05,0.5023400936037441
SM,201630,49623--sample_49623_k141_659201,0.017277807884340635,1.0881300772586878e-05,0.5
SM,201630,49620--sample_49620_k141_106568,0.014801870840008597,7.933625158584275e-06,0.4992248062015504
SM,201630,49623--sample_49623_k141_906484,0.02327445049793979,2.0770610961860286e-05,0.5019485580670304
SM,201630,49620--sample_49620_k141_378030,0.01835671587570848,1.2709234193323986e-05,0.5003885003885004
SM,201630,49623--sample_49623_k141_1305944,0.019643674212058402,1.4511743310126903e-05,0.5007776049766719
SM,201630,49623--sample_49623_k141_1375097,0.022093413830986956,1.848061984266317e-05,0.5015576323987538
SM,201630,49625--sample_49625_k141_244511,0.01838335665509138,1.2687425376533458e-05,0.5003885003885004
SM,201630,49620--sample_49620_k141_639941,0.022023866560216945,1.8574110118175302e-05,0.5015576323987538
SM,201630,49623--sample_49623_k141_435193,0.020884809925781282,1.6462349123116118e-05,0.5011673151750973
SM,201630,49627--sample_49627_k141_356105,0.019744207117142674,1.4434020998019868e-05,0.5007776049766719
SM,201630,49623--sample_49623_k141_1038317,0.01834599881412653,1.270814557745043e-05,0.5003885003885004
SM,201630,49627--sample_49627_k141_663776,0.019492690686886624,1.4632452685303845e-05,0.5007776049766719
SM,201630,49620--sample_49620_k141_417201,0.01593722124591362,9.416077856178062e-06,0.49961210240496506
SM,201630,49620--sample_49620_k141_745399,0.021886790676818126,1.871980077933111e-05,0.5015576323987538
SM,201630,49621--sample_49621_k141_829693,0.02096050626170899,1.6373262840516293e-05,0.5011673151750973
SM,201630,49623--sample_49623_k141_649493,0.018241308155254855,1.2872562469431503e-05,0.5003885003885004
SM,201630,49620--sample_49620_k141_779465,0.014674091325673847,7.988476640315545e-06,0.4992248062015504
SM,201630,49621--sample_49621_k141_1073290,0.011015610571587325,4.3538274257632576e-06,0.4980665119876257
SM,201630,49620--sample_49620_k141_370309,0.02344078082606942,2.061385708121166e-05,0.5019485580670304
SM,201630,49628--sample_49628_k141_1201807,0.020887093311685433,1.645299572686478e-05,0.5011673151750973
SM,201630,49620--sample_49620_k141_436252,0.017369241656515155,1.0874780075566054e-05,0.5
SM,201630,49620--sample_49620_k141_709318,0.014756386090675878,7.94347136886937e-06,0.4988381099922541
SM,201630,49620--sample_49620_k141_838211,0.015871709070398247,9.452550530117596e-06,0.49961210240496506
SM,201630,49620--sample_49620_k141_336741,0.022073534674413784,1.857041461915456e-05,0.5015576323987538
SM,201630,49627--sample_49627_k141_882587,0.0208604297439054,1.6476086874606043e-05,0.5011673151750973
SM,201630,49626--sample_49626_k141_299629,0.0182547460240211,1.2794289659080016e-05,0.5003885003885004
SM,201630,49620--sample_49620_k141_126210,0.018482565659519407,1.2673296088851715e-05,0.5003885003885004
SM,201630,49627--sample_49627_k141_340580,0.017101164888148262,1.1034391237701873e-05,0.5
SM,201630,49621--sample_49621_k141_1098185,0.019589417415211367,1.4518289959324979e-05,0.5007776049766719
SM,201630,49620--sample_49620_k141_443929,0.02078040265109894,1.650505372153876e-05,0.5011673151750973
SM,201630,49628--sample_49628_k141_1264346,0.014812926796429433,7.962551373505385e-06,0.4992248062015504
SM,201630,49624--sample_49624_k141_808763,0.012279693877160242,5.42042921499144e-06,0.4972972972972973
SM,201630,49623--sample_49623_k141_620155,0.020850295441410087,1.6463378716084664e-05,0.5011673151750973
SM,201630,49623--sample_49623_k141_504674,0.017194662203481797,1.0980338155014752e-05,0.5
SM,201630,49621--sample_49621_k141_806044,0.022102245572684975,1.851648291727366e-05,0.5015576323987538
SM,201630,49623--sample_49623_k141_955947,0.020948510161878185,1.633456705964434e-05,0.5011673151750973
SM,201630,49623--sample_49623_k141_639263,0.022110359079742764,1.8516776491514425e-05,0.5015576323987538
SM,201630,49620--sample_49620_k141_293767,0.02205458907314341,1.8554348713695783e-05,0.5015576323987538
SM,201630,49620--sample_49620_k141_585705,0.02457855881322974,2.3000883167687782e-05,0.5023400936037441
SM,201630,49620--sample_49620_k141_748976,0.02336912403242836,2.0636015308159553e-05,0.5019485580670304
SM,201630,49620--sample_49620_k141_25330,0.019616976461684085,1.459305371414597e-05,0.5007776049766719
SM,201630,49627--sample_49627_k141_661679,0.012159563273210395,5.5212801243064365e-06,0.4984520123839009
SM,201630,49620--sample_49620_k141_623844,0.022076036681692782,1.852423142033406e-05,0.5015576323987538
SM,201630,49620--sample_49620_k141_122298,0.02086137631880984,1.6445759117724826e-05,0.5011673151750973
SM,201630,49623--sample_49623_k141_832889,0.02700565340773644,2.7907767473444333e-05,0.503125
SM,201630,49623--sample_49623_k141_1005056,0.022109357586994983,1.8498260462059694e-05,0.5015576323987538
SM,201630,49620--sample_49620_k141_895151,0.018297595579074465,1.275679320629343e-05,0.5003885003885004
SM,201630,49620--sample_49620_k141_807767,0.019634183939655717,1.4569655174152448e-05,0.5007776049766719
SM,201630,49623--sample_49623_k141_941570,0.024572827194888316,2.3009312346867554e-05,0.5023400936037441
SM,201630,49628--sample_49628_k141_1852,0.01589753260439394,9.500137959913549e-06,0.49961210240496506
SM,201630,49623--sample_49623_k141_1218155,0.01967735630063826,1.4495350359405068e-05,0.5007776049766719
SM,201630,49620--sample_49620_k141_531304,0.016005669702383755,9.434254008552525e-06,0.49961210240496506
SM,201630,49620--sample_49620_k141_525399,0.020909091960900957,1.6342660278685114e-05,0.5011673151750973
SM,201630,49627--sample_49627_k141_867888,0.02077596681618931,1.6502691140980254e-05,0.5011673151750973
SM,201630,49628--sample_49628_k141_1292410,0.01966323372903601,1.4494768470176366e-05,0.5007776049766719
SM,201630,49624--sample_49624_k141_367618,0.02229707930711534,1.8316721233814268e-05,0.5015576323987538
SM,201630,49620--sample_49620_k141_336437,0.0234657616608776,2.053553872520506e-05,0.5019485580670304
SM,201630,49620--sample_49620_k141_300555,0.019756806095983258,1.4438392640672633e-05,0.5007776049766719
SM,201630,49623--sample_49623_k141_932595,0.018434974107005047,1.271803831302086e-05,0.5003885003885004
SM,201630,49624--sample_49624_k141_886731,0.024599134580695965,2.2982457897236344e-05,0.5023400936037441
SM,201630,49628--sample_49628_k141_896519,0.025808001644479526,2.5385592350578007e-05,0.5027322404371585
SM,201630,49620--sample_49620_k141_537973,0.023295483086254398,2.0745977881220994e-05,0.5019485580670304
SM,201630,49620--sample_49620_k141_241114,0.02456957386272744,2.2961598906854048e-05,0.5023400936037441
SM,201630,49621--sample_49621_k141_675292,0.02199299732219692,1.8593742775194724e-05,0.5015576323987538
SM,201630,49620--sample_49620_k141_713240,0.018510162138395576,1.2609631125780795e-05,0.5003885003885004
SM,201630,49628--sample_49628_k141_1335931,0.017287198861587506,1.0976610293646263e-05,0.5
SM,201630,49628--sample_49628_k141_1578820,0.020930081004646543,1.6362675973451873e-05,0.5011673151750973
SM,201630,49623--sample_49623_k141_595193,0.015984957558371135,9.382888190763814e-06,0.49961210240496506
SM,201630,49620--sample_49620_k141_345775,0.01965999009172629,1.4432152300806827e-05,0.5007776049766719
SM,201630,49628--sample_49628_k141_1486095,0.015936891037131435,9.429434576973012e-06,0.49961210240496506
SM,201630,49623--sample_49623_k141_635168,0.01960417392378198,1.455728618666624e-05,0.5007776049766719
SM,201630,49624--sample_49624_k141_857349,0.01596948884956964,9.418615291803429e-06,0.49961210240496506
SM,201630,49623--sample_49623_k141_921694,0.02324047129630173,2.0697321536005573e-05,0.5019485580670304
SM,201630,49628--sample_49628_k141_870812,0.014829471164012117,7.888930794582331e-06,0.4988381099922541
SM,201630,49620--sample_49620_k141_810609,0.022059721100928617,1.8531565704986804e-05,0.5015576323987538
SM,201630,49628--sample_49628_k141_729278,0.017280373018110893,1.0961370067504404e-05,0.5
SM,201630,49623--sample_49623_k141_805715,0.0220296262793438,1.8564788658135313e-05,0.5015576323987538
SM,201630,49623--sample_49623_k141_1004039,0.019623191554532887,1.4572734475731288e-05,0.5007776049766719
SM,201630,49623--sample_49623_k141_783197,0.0220827902386657,1.848102480607763e-05,0.5015576323987538
SM,201630,49623--sample_49623_k141_375876,0.01831441641574425,1.2787630203548156e-05,0.5003885003885004
SM,201630,49620--sample_49620_k141_409549,0.022058175565163048,1.856345903481342e-05,0.5015576323987538
SM,201630,49628--sample_49628_k141_1401107,0.01848395341802457,1.2665886369855016e-05,0.5003885003885004
SM,201630,49623--sample_49623_k141_544588,0.013639460839835256,6.594350724772092e-06,0.4988381099922541
SM,201630,49620--sample_49620_k141_402231,0.01954124667465871,1.4614451702472707e-05,0.5007776049766719
SM,201630,49623--sample_49623_k141_985280,0.018605478845916838,1.2515836590018379e-05,0.5003885003885004
SM,201630,49623--sample_49623_k141_91927,0.02331036532879693,2.065150158403436e-05,0.5019485580670304
SM,201630,49623--sample_49623_k141_1330012,0.02353174645550141,2.0434427810587894e-05,0.5019485580670304
SM,201630,49620--sample_49620_k141_596290,0.017077160860642357,1.1042629871720865e-05,0.49961210240496506
SM,201630,49628--sample_49628_k141_1712723,0.020808547545205006,1.6461717978467997e-05,0.5011673151750973
SM,201630,49623--sample_49623_k141_1131227,0.020990382006671186,1.6323375663926632e-05,0.5011673151750973
SM,201630,49627--sample_49627_k141_313292,0.019609832346851416,1.450587718045755e-05,0.5007776049766719
SM,201630,49620--sample_49620_k141_209439,0.01974797257600784,1.4448287400064852e-05,0.5007776049766719
SM,201630,49627--sample_49627_k141_512927,0.018641353589513975,1.2491360912872748e-05,0.5003885003885004
SM,201630,49620--sample_49620_k141_780576,0.014758663392251735,7.97116701753374e-06,0.4988381099922541
SM,201630,49620--sample_49620_k141_680328,0.018489610090532127,1.2641024882211896e-05,0.5003885003885004
SM,201630,49620--sample_49620_k141_471906,0.02087166549906041,1.6424136969688227e-05,0.5011673151750973
SM,201630,49620--sample_49620_k141_1427,0.0208780468903698,1.645885762219901e-05,0.5011673151750973
SM,201630,49627--sample_49627_k141_576506,0.017235797275535387,1.0963114826034357e-05,0.5
SM,201630,49624--sample_49624_k141_183073,0.02346256485112586,2.0539446902040196e-05,0.5019485580670304
SM,201630,49623--sample_49623_k141_440584,0.02086409170950514,1.6431256188699648e-05,0.5011673151750973
SM,201630,49620--sample_49620_k141_596468,0.013562480464021693,6.614248655328573e-06,0.4988381099922541
SM,201630,49620--sample_49620_k141_180772,0.019570353605409683,1.4635684370360104e-05,0.5007776049766719
SM,201630,49623--sample_49623_k141_450039,0.02223163115509968,1.8376630158817155e-05,0.5015576323987538
SM,201630,49620--sample_49620_k141_267223,0.0184120419736535,1.2735114918886321e-05,0.5003885003885004
SM,201630,49627--sample_49627_k141_739479,0.014812758489162258,7.940017694432169e-06,0.4992248062015504
SM,201630,49620--sample_49620_k141_400183,0.020800033338978344,1.6492709539297438e-05,0.5011673151750973
SM,201630,49620--sample_49620_k141_670690,0.017080382730247215,1.1041464968979565e-05,0.5
SM,201630,49623--sample_49623_k141_259650,0.02204263410149208,1.8534039682870426e-05,0.5015576323987538
SM,201630,49623--sample_49623_k141_549495,0.017318001559855287,1.0905816062530796e-05,0.5
SM,201630,49620--sample_49620_k141_776021,0.02583153265321827,2.5311073482398997e-05,0.5027322404371585
SM,201630,49620--sample_49620_k141_196964,0.01593564680951272,9.422933202602129e-06,0.49961210240496506
SM,201630,49620--sample_49620_k141_840562,0.01848971402202176,1.2670855173336358e-05,0.5003885003885004
SM,201630,49623--sample_49623_k141_518176,0.021054013395923242,1.6276647873638436e-05,0.5011673151750973
SM,201630,49627--sample_49627_k141_654175,0.023202465934948187,2.0770837181376116e-05,0.5019485580670304
SM,201630,49627--sample_49627_k141_414467,0.02221795478405466,1.8373222848398807e-05,0.5015576323987538
SM,201630,49623--sample_49623_k141_1247076,0.015996237344131786,9.467981932929923e-06,0.49961210240496506
SM,201630,49620--sample_49620_k141_374157,0.017264746179963698,1.0940578553555164e-05,0.5
SM,201630,49620--sample_49620_k141_275674,0.01724869426424582,1.0973544930466148e-05,0.5
SM,201630,49620--sample_49620_k141_577314,0.019788472119033746,1.4358876900975715e-05,0.5007776049766719
SM,201630,49620--sample_49620_k141_378471,0.023330272741207594,2.0650952979280382e-05,0.5019485580670304
SM,201630,49624--sample_49624_k141_942387,0.023272875322028302,2.072439628483092e-05,0.5019485580670304
SM,201630,49628--sample_49628_k141_1506561,0.02226113353026844,1.8342262733284217e-05,0.5015576323987538
SM,201630,49624--sample_49624_k141_837100,0.01963122400100549,1.4494322234265411e-05,0.5007776049766719
SM,201630,49620--sample_49620_k141_697673,0.017179279932149,1.1027154219280751e-05,0.5
SM,201630,49623--sample_49623_k141_837177,0.018352015746323586,1.2698077915798135e-05,0.5
SM,201630,49623--sample_49623_k141_274362,0.012231878207667376,5.448220630073013e-06,0.4984520123839009
SM,201630,49623--sample_49623_k141_283253,0.02214141648150819,1.8437362975350877e-05,0.5015576323987538
SM,201630,49623--sample_49623_k141_379355,0.02949756048436026,3.337422696124537e-05,0.5039123630672926
SM,201630,49623--sample_49623_k141_180157,0.02223825808336948,1.840847415016444e-05,0.5015576323987538
SM,201630,49620--sample_49620_k141_475809,0.02091203117705264,1.645499705484491e-05,0.5011673151750973
SM,201630,49623--sample_49623_k141_739376,0.0196688373073315,1.4504597343143337e-05,0.5007776049766719
SM,201630,49621--sample_49621_k141_178506,0.025860083387176554,2.531523784619288e-05,0.5027322404371585
SM,201630,49620--sample_49620_k141_588205,0.02108724870505584,1.6268847963946402e-05,0.5011673151750973
SM,201630,49623--sample_49623_k141_762414,0.01237603616185844,5.425275486314434e-06,0.4984520123839009
SM,201630,49620--sample_49620_k141_308469,0.020922163881260013,1.6428298736705e-05,0.5011673151750973
SM,201630,49620--sample_49620_k141_344961,0.024549188483219332,2.296656087358482e-05,0.5023400936037441
SM,201630,49628--sample_49628_k141_960275,0.018483116879204817,1.2642514448033556e-05,0.5003885003885004
SM,201630,49628--sample_49628_k141_1438869,0.019642552006154817,1.446188409991716e-05,0.5007776049766719
SM,201630,49620--sample_49620_k141_216516,0.02089580163459763,1.6363088934743456e-05,0.5011673151750973
SM,201630,49620--sample_49620_k141_140542,0.018454828871735263,1.2603604818578847e-05,0.5003885003885004
SM,201630,49620--sample_49620_k141_350606,0.01727693511611718,1.0959694855279463e-05,0.5
SM,201630,49622--sample_49622_k141_541922,0.013495907434815997,6.657169572434005e-06,0.4988381099922541
SM,201630,49620--sample_49620_k141_562938,0.02347785068639518,2.0533729029816955e-05,0.5019485580670304
SM,201630,49620--sample_49620_k141_345569,0.022009586387223033,1.85966536465965e-05,0.5015576323987538
SM,201630,49620--sample_49620_k141_268279,0.018338902520633606,1.278629246223246e-05,0.5003885003885004
SM,201630,49620--sample_49620_k141_280585,0.018241064002690568,1.2792447209887817e-05,0.5003885003885004
SM,201630,49627--sample_49627_k141_725460,0.01840859521138704,1.2722405030217906e-05,0.5003885003885004
SM,201630,49628--sample_49628_k141_884471,0.02332623290348415,2.0737932594793154e-05,0.5019485580670304
SM,201630,49628--sample_49628_k141_389027,0.02806500389364449,3.0798366848292e-05,0.5035183737294762
SM,201630,49620--sample_49620_k141_868983,0.020997760488373075,1.6386565486037437e-05,0.5011673151750973
SM,201630,49623--sample_49623_k141_441108,0.016081554771275236,9.357262704063298e-06,0.49961210240496506
SM,201630,49620--sample_49620_k141_469999,0.017318558836662556,1.0902847079267619e-05,0.5
SM,201630,49620--sample_49620_k141_853803,0.015974596691217164,9.458297295146802e-06,0.49961210240496506
SM,201630,49620--sample_49620_k141_848181,0.01955482336729026,1.455599311262515e-05,0.5007776049766719
SM,201630,49627--sample_49627_k141_696542,0.017181629273863606,1.1012743799782476e-05,0.5
SM,201630,49620--sample_49620_k141_794699,0.02463751047292823,2.2879661076135943e-05,0.5023400936037441
SM,201630,49620--sample_49620_k141_614701,0.017399968124155438,1.0828226433379505e-05,0.5
SM,201630,49620--sample_49620_k141_175692,0.014723901661743264,8.028539105340905e-06,0.4992248062015504
SM,201630,49625--sample_49625_k141_399547,0.019732655390903426,1.4433127981685426e-05,0.5007776049766719
SM,201630,49620--sample_49620_k141_714399,0.018480596287196106,1.2638093044087819e-05,0.5003885003885004
SM,201630,49628--sample_49628_k141_1350362,0.015936784802174562,9.4209285421147e-06,0.49961210240496506
SM,201630,49620--sample_49620_k141_642954,0.022076313654363612,1.8492894124331586e-05,0.5015576323987538
SM,201630,49628--sample_49628_k141_1269653,0.020806822057783753,1.6486921884357936e-05,0.5011673151750973
SM,201630,49628--sample_49628_k141_1723366,0.020785085016134176,1.6579326915394456e-05,0.5011673151750973
SM,201630,49622--sample_49622_k141_970025,0.01342753730239813,6.668769367335189e-06,0.4988381099922541
SM,201630,49627--sample_49627_k141_421323,0.02214590311944076,1.8439099678064818e-05,0.5015576323987538
SM,201630,49628--sample_49628_k141_1029201,0.019629045117786063,1.452554493251769e-05,0.5007776049766719
SM,201630,49628--sample_49628_k141_1211821,0.02098903095391613,1.637799319017085e-05,0.5011673151750973
SM,201630,49622--sample_49622_k141_822455,0.01726530251691035,1.0958702469199066e-05,0.5
SM,201630,49620--sample_49620_k141_584834,0.019792979551898696,1.438001448545987e-05,0.5007776049766719
SM,201630,49620--sample_49620_k141_750463,0.01971997631546318,1.4416350026084864e-05,0.5007776049766719
SM,201630,49623--sample_49623_k141_19062,0.02707697402885916,2.7911575905015504e-05,0.503125
SM,201630,49628--sample_49628_k141_1303741,0.016080618798368144,9.324344292190514e-06,0.49961210240496506
SM,201630,49627--sample_49627_k141_598482,0.017242156928972536,1.099183162797563e-05,0.5
SM,201630,49623--sample_49623_k141_1355655,0.020696376801517247,1.6576051726096874e-05,0.5011673151750973
SM,201630,49623--sample_49623_k141_303771,0.020948993771982602,1.6393992653752332e-05,0.5011673151750973
SM,201630,49620--sample_49620_k141_609283,0.02209289469789577,1.8515112713959363e-05,0.5015576323987538
SM,201630,49628--sample_49628_k141_1400465,0.02083834496118149,1.6486295864186372e-05,0.5011673151750973
SM,201630,49621--sample_49621_k141_1077144,0.020824395078789283,1.650553902150814e-05,0.5011673151750973
SM,201630,49620--sample_49620_k141_175085,0.014702827462511007,8.047952504494916e-06,0.4992248062015504
SM,201630,49620--sample_49620_k141_473245,0.018258440218262548,1.284103172474417e-05,0.5003885003885004
SM,201630,49628--sample_49628_k141_751758,0.02463614357991024,2.2930638206156636e-05,0.5023400936037441
SM,201630,49620--sample_49620_k141_529134,0.017122529015819024,1.1089013966636253e-05,0.5
SM,201630,49623--sample_49623_k141_854320,0.014903517661554615,7.823398840947175e-06,0.4992248062015504
SM,201630,49620--sample_49620_k141_479378,0.01976504721569509,1.43856036472945e-05,0.5007776049766719
SM,201630,49623--sample_49623_k141_485845,0.011045711482677929,4.349401396287263e-06,0.49768160741885625
SM,201630,49623--sample_49623_k141_1104290,0.0184181911099167,1.2711007293857522e-05,0.5003885003885004
SM,201630,49620--sample_49620_k141_802175,0.019615910715675873,1.458418523376318e-05,0.5007776049766719
SM,201630,49620--sample_49620_k141_708196,0.020798010083915148,1.643929437035338e-05,0.5007776049766719
SM,201630,49623--sample_49623_k141_239529,0.01720097779807313,1.093705707231497e-05,0.5
SM,201630,49627--sample_49627_k141_524154,0.02198414149919111,1.8591051724805004e-05,0.5015576323987538
SM,201630,49627--sample_49627_k141_871592,0.018268475490268526,1.276610573078689e-05,0.5003885003885004
SM,201630,49624--sample_49624_k141_462272,0.028105309190431218,3.0735973942090235e-05,0.5035183737294762
SM,201630,49620--sample_49620_k141_609029,0.01719520792649644,1.0974192162322255e-05,0.5
SM,201630,49627--sample_49627_k141_650344,0.020886950955564764,1.6430935352274235e-05,0.5011673151750973
SM,201630,49620--sample_49620_k141_792699,0.01591657588258691,9.446342588971952e-06,0.49961210240496506
SM,201630,49620--sample_49620_k141_882729,0.02329682220203727,2.07338917924634e-05,0.5019485580670304
SM,201630,49620--sample_49620_k141_510128,0.02091194384715662,1.6373915701049638e-05,0.5011673151750973
SM,201630,49620--sample_49620_k141_828425,0.018524470132462306,1.2644451891318932e-05,0.5003885003885004
SM,201630,49623--sample_49623_k141_973496,0.02343658511466653,2.051126731646966e-05,0.5019485580670304
SM,201630,49623--sample_49623_k141_593582,0.019604034171533204,1.4533366389527353e-05,0.5007776049766719
SM,201630,49621--sample_49621_k141_409291,0.021044972197069536,1.6252280292796317e-05,0.5011673151750973
SM,201630,49620--sample_49620_k141_700704,0.02343767227967489,2.0536600275292453e-05,0.5019485580670304
SM,201630,49623--sample_49623_k141_1317120,0.020792663167442126,1.6524105643549362e-05,0.5011673151750973
SM,201630,49623--sample_49623_k141_727605,0.020931421491361506,1.6378028470159632e-05,0.5011673151750973
SM,201630,49628--sample_49628_k141_1487610,0.020891926717973033,1.6451269160749873e-05,0.5011673151750973
SM,201630,49627--sample_49627_k141_858468,0.020885129832346857,1.64074397676454e-05,0.5011673151750973
SM,201630,49623--sample_49623_k141_170441,0.0221278456927213,1.8502164902503606e-05,0.5015576323987538
SM,201630,49628--sample_49628_k141_1767191,0.019569928587504,1.4575369911725193e-05,0.5007776049766719
SM,201630,49627--sample_49627_k141_190321,0.027030268812174473,2.792277262154034e-05,0.503125
SM,201630,49627--sample_49627_k141_749238,0.01732986807745715,1.0942743235508509e-05,0.5
SM,201630,49620--sample_49620_k141_552424,0.023302854017546577,2.0718637082073115e-05,0.5019485580670304
SM,201630,49623--sample_49623_k141_828017,0.017252184877518603,1.0984703820962954e-05,0.5
SM,201630,49627--sample_49627_k141_462720,0.025868980714657576,2.526263894993732e-05,0.5027322404371585
SM,201630,49621--sample_49621_k141_762393,0.01357404017713887,6.589242385601616e-06,0.4988381099922541
SM,201630,49620--sample_49620_k141_900294,0.022172852822554347,1.837323956779377e-05,0.5015576323987538
SM,201630,49621--sample_49621_k141_452052,0.018403453446908104,1.2722401697386864e-05,0.5003885003885004
SM,201630,49621--sample_49621_k141_784926,0.019623829351022384,1.451986180255238e-05,0.5007776049766719
SM,201630,49620--sample_49620_k141_464073,0.028370558056183322,3.0416483168137398e-05,0.5035183737294762
SM,201630,49623--sample_49623_k141_402753,0.019575260131342493,1.4587190963339272e-05,0.5007776049766719
SM,201630,49626--sample_49626_k141_514911,0.01839487724116015,1.2701424718453518e-05,0.5003885003885004
SM,201630,49620--sample_49620_k141_89916,0.01710787803568585,1.1037703003455125e-05,0.5
SM,201630,49621--sample_49621_k141_394250,0.019586372367395334,1.4533094229296081e-05,0.5007776049766719
SM,201630,49621--sample_49621_k141_806897,0.024542675304640844,2.3003580868394037e-05,0.5023400936037441
SM,201630,49628--sample_49628_k141_934206,0.019798140636844517,1.4329069509699567e-05,0.5007776049766719
SM,201630,49628--sample_49628_k141_1580996,0.01719232081386686,1.1006604225120303e-05,0.49961210240496506
SM,201630,49623--sample_49623_k141_731714,0.013503678851994933,6.603797633820402e-06,0.4984520123839009
SM,201630,49623--sample_49623_k141_770561,0.014751946682799253,7.997522680005944e-06,0.4992248062015504
SM,201630,49627--sample_49627_k141_829391,0.015943374995401237,9.474358887483325e-06,0.49961210240496506
SM,201630,49627--sample_49627_k141_571973,0.017118766258420463,1.1005572534181018e-05,0.5
SM,201630,49620--sample_49620_k141_93113,0.0148004576448085,7.927313667840674e-06,0.4992248062015504
SM,201630,49623--sample_49623_k141_687281,0.022055048140105924,1.8614143526914744e-05,0.5015576323987538
SM,201630,49626--sample_49626_k141_590008,0.018442441284433283,1.2686585778248304e-05,0.5003885003885004
SM,201630,49620--sample_49620_k141_895379,0.012358903180191868,5.40147613004644e-06,0.4984520123839009
SM,201630,49620--sample_49620_k141_98203,0.014696218345689746,7.973552067892187e-06,0.4992248062015504
SM,201630,49625--sample_49625_k141_188852,0.02587881636595175,2.528803485626273e-05,0.5027322404371585
SM,201630,49620--sample_49620_k141_313162,0.018246521954443796,1.279240387116863e-05,0.5003885003885004
SM,201630,49627--sample_49627_k141_276556,0.02078743737475413,1.6541058210396308e-05,0.5011673151750973
SM,201630,49628--sample_49628_k141_1632557,0.019800893295700093,1.4362370865017852e-05,0.5007776049766719
SM,201630,49623--sample_49623_k141_1254467,0.009810115973860407,3.3739644486357275e-06,0.49691358024691357
SM,201630,49623--sample_49623_k141_824443,0.018376928020737072,1.2700393388090756e-05,0.5003885003885004
SM,201630,49620--sample_49620_k141_806638,0.016026154847212013,9.415334211573718e-06,0.49961210240496506
SM,201630,49620--sample_49620_k141_304248,0.02709641417057429,2.784473678332319e-05,0.503125
SM,201630,49620--sample_49620_k141_174776,0.0195561286710338,1.4623244973980766e-05,0.5007776049766719
SM,201630,49620--sample_49620_k141_347387,0.013451770322053604,6.723811263525257e-06,0.4988381099922541
SM,201630,49627--sample_49627_k141_177413,0.02092483868210024,1.6366496115853144e-05,0.5011673151750973
SM,201630,49620--sample_49620_k141_386392,0.014766935232736806,7.941095850687737e-06,0.4992248062015504
SM,201630,49620--sample_49620_k141_822760,0.014660732516008275,8.048499103585688e-06,0.4992248062015504
SM,201630,49627--sample_49627_k141_319949,0.02079496662078502,1.6498476840577945e-05,0.5011673151750973
SM,201630,49620--sample_49620_k141_343081,0.02203939097997656,1.8587469867093577e-05,0.5015576323987538
SM,201630,49620--sample_49620_k141_629202,0.020910276947145767,1.6414330512764695e-05,0.5011673151750973
SM,201630,49620--sample_49620_k141_300959,0.02103742568162828,1.6341182714392425e-05,0.5011673151750973
SM,201630,49628--sample_49628_k141_964811,0.024676511666195066,2.2879047237599864e-05,0.5023400936037441
SM,201630,49620--sample_49620_k141_498807,0.02330028445788293,2.0667184185503794e-05,0.5019485580670304
SM,201630,49627--sample_49627_k141_729568,0.02210002475804318,1.8470510768267322e-05,0.5015576323987538
SM,201630,49623--sample_49623_k141_744433,0.0172543765535895,1.0908715840935623e-05,0.5
SM,201630,49627--sample_49627_k141_633653,0.02087500230271194,1.641913654946519e-05,0.5011673151750973
SM,201630,49620--sample_49620_k141_883152,0.01956904098422835,1.4608010397564841e-05,0.5007776049766719
SM,201630,49627--sample_49627_k141_515529,0.02081047904040671,1.647734841470102e-05,0.5011673151750973
SM,201630,49620--sample_49620_k141_550159,0.02207368439462896,1.8488843764300586e-05,0.5015576323987538
SM,201630,49624--sample_49624_k141_957901,0.019533790473069072,1.4591184511707594e-05,0.5007776049766719
SM,201630,49623--sample_49623_k141_70638,0.014629707936873047,8.063718908616323e-06,0.4992248062015504
SM,201630,49620--sample_49620_k141_33066,0.01841967446532769,1.2680630488353392e-05,0.5003885003885004
SM,201630,49620--sample_49620_k141_212651,0.020863069946874074,1.646613126432904e-05,0.5011673151750973
SM,201630,49623--sample_49623_k141_825568,0.02586644174473668,2.5273483164133607e-05,0.5027322404371585
SM,201630,49620--sample_49620_k141_349419,0.019713770651021683,1.4457864578258864e-05,0.5007776049766719
SM,201630,49625--sample_49625_k141_389451,0.005018249420164622,7.074986474072613e-07,0.4820359281437126
SM,201630,49623--sample_49623_k141_638582,0.023395450628960483,2.067484938343664e-05,0.5019485580670304
SM,201630,49623--sample_49623_k141_1032962,0.019559905653210995,1.4536914553174268e-05,0.5007776049766719
SM,201630,49620--sample_49620_k141_772901,0.019595151998602525,1.4564666748665168e-05,0.5007776049766719
SM,201630,49623--sample_49623_k141_341484,0.020887623370926263,1.6431179811859598e-05,0.5011673151750973
SM,201630,49627--sample_49627_k141_837948,0.016087221694738228,9.326674165970838e-06,0.49961210240496506
SM,201630,49622--sample_49622_k141_625868,0.01968570545456628,1.4468335512374473e-05,0.5007776049766719
SM,201630,49621--sample_49621_k141_998779,0.019752042153304845,1.4419661726366247e-05,0.5007776049766719
SM,201630,49627--sample_49627_k141_754865,0.018388979351902826,1.265600229326496e-05,0.5003885003885004
SM,201630,49620--sample_49620_k141_315313,0.022229669525564526,1.841572772671369e-05,0.5015576323987538
SM,201630,49623--sample_49623_k141_728033,0.020815094385491686,1.6553140488819348e-05,0.5011673151750973
SM,201630,49620--sample_49620_k141_92586,0.022056646912696355,1.8496772976024006e-05,0.5015576323987538
SM,201630,49625--sample_49625_k141_364346,0.020944690037548515,1.6388745379634533e-05,0.5011673151750973
SM,201630,49627--sample_49627_k141_490345,0.020938738867406402,1.63873974635729e-05,0.5011673151750973
SM,201630,49628--sample_49628_k141_1593967,0.019694740874841507,1.4481586203061352e-05,0.5007776049766719
SM,201630,49623--sample_49623_k141_540693,0.018513433595182986,1.2632772472015214e-05,0.5003885003885004
SM,201630,49627--sample_49627_k141_593011,0.0232440445352852,2.0776456325618953e-05,0.5019485580670304
SM,201630,49623--sample_49623_k141_100166,0.020900127002021998,1.6411109472122176e-05,0.5011673151750973
SM,201630,49620--sample_49620_k141_188761,0.019655525270579424,1.4523665165863392e-05,0.5007776049766719
SM,201630,49620--sample_49620_k141_852859,0.015949937129110962,9.38533382436348e-06,0.49961210240496506
SM,201630,49620--sample_49620_k141_891883,0.015916250735435792,9.449988546417573e-06,0.4992248062015504
SM,201630,49620--sample_49620_k141_165300,0.023404827905939438,2.0601603092500105e-05,0.5019485580670304
SM,201630,49623--sample_49623_k141_942149,0.01840465271208931,1.2734195818514126e-05,0.5003885003885004
SM,201630,49620--sample_49620_k141_749019,0.020783487641581295,1.6490953795794542e-05,0.5011673151750973
SM,201630,49620--sample_49620_k141_34612,0.01954192335504673,1.4598431094025855e-05,0.5007776049766719
SM,201630,49620--sample_49620_k141_619265,0.01969901812391294,1.441856691539334e-05,0.5007776049766719
SM,201630,49620--sample_49620_k141_163204,0.01846172136773108,1.2727029474037806e-05,0.5003885003885004
SM,201630,49627--sample_49627_k141_894207,0.0184128269909429,1.2674934950039293e-05,0.5003885003885004
SM,201630,49620--sample_49620_k141_892610,0.0171247363302051,1.1108493741694417e-05,0.5
SM,201630,49620--sample_49620_k141_879678,0.020785292746704608,1.6547194999888764e-05,0.5011673151750973
SM,201630,49628--sample_49628_k141_549400,0.019661114891944383,1.4463645171848826e-05,0.5007776049766719
SM,201630,49628--sample_49628_k141_983346,0.01960893174675329,1.4580414204851081e-05,0.5007776049766719
SM,201630,49623--sample_49623_k141_702128,0.019671119135756733,1.4480794723097574e-05,0.5007776049766719
SM,201630,49623--sample_49623_k141_470609,0.02203975060102338,1.8575005015389875e-05,0.5015576323987538
SM,201630,49623--sample_49623_k141_1036475,0.02341650619916626,2.0545650288651487e-05,0.5019485580670304
SM,201630,49620--sample_49620_k141_755103,0.019590731290356486,1.4611428003726473e-05,0.5007776049766719
SM,201630,49621--sample_49621_k141_68092,0.01350983653390911,6.655004409500482e-06,0.4988381099922541
SM,201630,49623--sample_49623_k141_42735,0.018402658859617498,1.275227530589077e-05,0.5003885003885004
SM,201630,49628--sample_49628_k141_231843,0.013486748622899444,6.6658199551491916e-06,0.4988381099922541
SM,201630,49620--sample_49620_k141_345812,0.01980588607769496,1.4435325058361108e-05,0.5007776049766719
SM,201630,49625--sample_49625_k141_25563,0.02464475774111616,2.2843475012303327e-05,0.5023400936037441
SM,201630,49628--sample_49628_k141_1257336,0.01104450426539746,4.321040106228856e-06,0.4980665119876257
SM,201630,49625--sample_49625_k141_223344,0.019579207014409673,1.4616769773735494e-05,0.5007776049766719
SM,201630,49620--sample_49620_k141_493131,0.020903047078782135,1.6449160537291188e-05,0.5011673151750973
SM,201630,49620--sample_49620_k141_848030,0.02077809495431663,1.652791194339638e-05,0.5011673151750973
SM,201630,49623--sample_49623_k141_905837,0.01725976026474003,1.0884000698002985e-05,0.5
SM,201630,49620--sample_49620_k141_524665,0.02462876394781635,2.2908430117903406e-05,0.5023400936037441
SM,201630,49627--sample_49627_k141_606222,0.021016525330361573,1.6310137268388325e-05,0.5011673151750973
SM,201630,49627--sample_49627_k141_152302,0.019628723769590187,1.4480070460294283e-05,0.5007776049766719
SM,201630,49627--sample_49627_k141_381781,0.018535527777731067,1.2628615962031196e-05,0.5003885003885004
SM,201630,49623--sample_49623_k141_1320380,0.020786197688385945,1.648131394173786e-05,0.5011673151750973
SM,201630,49620--sample_49620_k141_237655,0.02101479044389717,1.6329688097253817e-05,0.5011673151750973
SM,201630,49628--sample_49628_k141_1318930,0.017147617065536608,1.104543829610367e-05,0.5
SM,201630,49623--sample_49623_k141_1239734,0.02449687417225732,2.304999611923875e-05,0.5023400936037441
SM,201630,49620--sample_49620_k141_729130,0.024609458016650813,2.2918540249547172e-05,0.5023400936037441
SM,201630,49628--sample_49628_k141_430758,0.0210005365685707,1.628389066427378e-05,0.5011673151750973
SM,201630,49625--sample_49625_k141_170109,0.020949141452539594,1.6379606943213143e-05,0.5011673151750973
SM,201630,49623--sample_49623_k141_1074520,0.019734015457459654,1.4448453436836757e-05,0.5007776049766719
SM,201630,49620--sample_49620_k141_696406,0.022184924567658092,1.840954374772636e-05,0.5015576323987538
SM,201630,49621--sample_49621_k141_304846,0.0233709193063275,2.0676266037937285e-05,0.5019485580670304
SM,201630,49620--sample_49620_k141_164103,0.026991746099311827,2.8028753961228313e-05,0.503125
SM,201630,49625--sample_49625_k141_39986,0.019718572619010867,1.443725022824733e-05,0.5007776049766719
SM,201630,49620--sample_49620_k141_379858,0.015910533381207743,9.443091783480275e-06,0.49961210240496506
SM,201630,49623--sample_49623_k141_787874,0.01585228386896446,9.48355186226741e-06,0.49961210240496506
SM,201630,49627--sample_49627_k141_488743,0.017240237244547298,1.1013617699851263e-05,0.5
SM,201630,49620--sample_49620_k141_845769,0.023263230825664283,2.0748569806077585e-05,0.5019485580670304
SM,201630,49624--sample_49624_k141_823890,0.0196771089219077,1.4452930767490665e-05,0.5007776049766719
SM,201630,49623--sample_49623_k141_1142358,0.01704102450848975,1.1114387079192782e-05,0.5
SM,201630,49623--sample_49623_k141_1351314,0.02089356829413768,1.643707933858331e-05,0.5011673151750973
SM,201630,49623--sample_49623_k141_397605,0.018498485886759345,1.2607866935812253e-05,0.5003885003885004
SM,201630,49628--sample_49628_k141_513653,0.02087290978346328,1.6410215200485796e-05,0.5011673151750973
SM,201630,49620--sample_49620_k141_880376,0.02230166550921074,1.8287879129586555e-05,0.5015576323987538
SM,201630,49621--sample_49621_k141_1049905,0.01721855598234412,1.1041297072611083e-05,0.5
SM,201630,49620--sample_49620_k141_42888,0.023439931533567254,2.0535263962777572e-05,0.5019485580670304
SM,201630,49628--sample_49628_k141_1150711,0.02206491253586922,1.850928486959639e-05,0.5015576323987538
SM,201630,49628--sample_49628_k141_1295079,0.020919807514435167,1.637861387860751e-05,0.5011673151750973
SM,201630,49628--sample_49628_k141_1557966,0.019621817529896533,1.455913140412938e-05,0.5007776049766719
SM,201630,49623--sample_49623_k141_459679,0.022089429398085527,1.8528205402850717e-05,0.5015576323987538
SM,201630,49621--sample_49621_k141_253982,0.018551993070890175,1.2558256983601088e-05,0.5003885003885004
SM,201630,49627--sample_49627_k141_718220,0.0206581890273875,1.6639188752335967e-05,0.5011673151750973
SM,201630,49620--sample_49620_k141_367257,0.024583932339712032,2.294752829643518e-05,0.5023400936037441
SM,201630,49621--sample_49621_k141_1078957,0.01844696769186798,1.269940502738368e-05,0.5003885003885004
SM,201630,49620--sample_49620_k141_350880,0.01346568950625305,6.715799979925953e-06,0.4988381099922541
SM,201630,49623--sample_49623_k141_1156595,0.01734323529552552,1.087910455058752e-05,0.5
SM,201630,49625--sample_49625_k141_264927,0.0208651339523822,1.6493314944900992e-05,0.5011673151750973
SM,201630,49628--sample_49628_k141_609789,0.020878801076650896,1.6441943617837436e-05,0.5011673151750973
SM,201630,49620--sample_49620_k141_108508,0.019618708624449824,1.45208827351373e-05,0.5007776049766719
SM,201630,49624--sample_49624_k141_930198,0.01967999965820922,1.443467793224662e-05,0.5007776049766719
SM,201630,49626--sample_49626_k141_577843,0.022191635017979126,1.8395948968965782e-05,0.5015576323987538
SM,201630,49624--sample_49624_k141_404074,0.020888968892906205,1.6451393212557738e-05,0.5011673151750973
SM,201630,49620--sample_49620_k141_557772,0.01835956300187329,1.2772469483874565e-05,0.5003885003885004
SM,201630,49628--sample_49628_k141_1571541,0.018533962144661895,1.2603844130319404e-05,0.5003885003885004
SM,201630,49623--sample_49623_k141_469107,0.019694411424089838,1.4551182484089686e-05,0.5007776049766719
SM,201630,49626--sample_49626_k141_793367,0.01714828952227902,1.1082281345773627e-05,0.5
SM,201630,49621--sample_49621_k141_679065,0.02080888799132564,1.6515070123531246e-05,0.5011673151750973
SM,201630,49623--sample_49623_k141_721938,0.012284652118929358,5.45335966161827e-06,0.4984520123839009
SM,201630,49624--sample_49624_k141_904286,0.016144832716395604,9.249996125309855e-06,0.49961210240496506
SM,201630,49624--sample_49624_k141_1055872,0.02593811090240759,2.5183827983665496e-05,0.5027322404371585
SM,201630,49624--sample_49624_k141_683558,0.02073928520880117,1.6557316843643252e-05,0.5011673151750973
SM,201630,49620--sample_49620_k141_710837,0.0247075271036056,2.2825082690507296e-05,0.5023400936037441
SM,201630,49624--sample_49624_k141_853813,0.0172555611284001,1.092214655472258e-05,0.5
SM,201630,49620--sample_49620_k141_726559,0.01590043271752458,9.436167974622636e-06,0.49961210240496506
SM,201630,49622--sample_49622_k141_1283027,0.014647844263183451,8.008852695037561e-06,0.4988381099922541
SM,201630,49628--sample_49628_k141_1606068,0.020879023065295637,1.6454105814417296e-05,0.5011673151750973
SM,201630,49620--sample_49620_k141_832586,0.024620778481246965,2.2886054874933516e-05,0.5023400936037441
SM,201630,49627--sample_49627_k141_376887,0.020808200599062285,1.6510297661658566e-05,0.5011673151750973
SM,201630,49620--sample_49620_k141_290753,0.021861086007171914,1.872560258483457e-05,0.5015576323987538
SM,201630,49621--sample_49621_k141_716554,0.018390241635898148,1.2679437586345776e-05,0.5003885003885004
SM,201630,49623--sample_49623_k141_844041,0.019678014867154963,1.4486946156639827e-05,0.5007776049766719
SM,201630,49623--sample_49623_k141_611020,0.014665620092965384,8.02748606473428e-06,0.4992248062015504
SM,201630,49620--sample_49620_k141_112955,0.019703108007799477,1.44529723215161e-05,0.5007776049766719
SM,201630,49620--sample_49620_k141_463131,0.020831491418162085,1.6381677221228336e-05,0.5007776049766719
SM,201630,49621--sample_49621_k141_990772,0.02084916679916696,1.6506181494227207e-05,0.5011673151750973
SM,201630,49620--sample_49620_k141_790877,0.026936271432968197,2.8044122987528955e-05,0.503125
SM,201630,49620--sample_49620_k141_448102,0.018301769646808658,1.2786234924918773e-05,0.5003885003885004
SM,201630,49620--sample_49620_k141_748451,0.020999011128179444,1.6359834351883766e-05,0.5011673151750973
SM,201630,49620--sample_49620_k141_868481,0.02082653367661173,1.643969196861709e-05,0.5011673151750973
SM,201630,49625--sample_49625_k141_231859,0.020955506628991385,1.636264755446004e-05,0.5011673151750973
SM,201630,49623--sample_49623_k141_562214,0.0170164278742025,1.1116898313050138e-05,0.5
SM,201630,49623--sample_49623_k141_1002962,0.02088832487058538,1.6437764203713838e-05,0.5011673151750973
SM,201630,49620--sample_49620_k141_214413,0.017287957981678283,1.095277482711003e-05,0.5
SM,201630,49623--sample_49623_k141_673444,0.02209871413553824,1.852393067308294e-05,0.5015576323987538
SM,201630,49620--sample_49620_k141_230781,0.01964677640287364,1.4535887975294498e-05,0.5007776049766719
SM,201630,49627--sample_49627_k141_405880,0.014894326438634215,7.873248903626743e-06,0.4992248062015504
SM,201630,49623--sample_49623_k141_207193,0.023296005358525506,2.075545146148024e-05,0.5019485580670304
SM,201630,49623--sample_49623_k141_1169751,0.01717201141988452,1.0986350280253153e-05,0.5
SM,201630,49624--sample_49624_k141_468988,0.019715711793616968,1.4410157763099628e-05,0.5007776049766719
SM,201630,49620--sample_49620_k141_33513,0.025838055718454357,2.537805050287983e-05,0.5027322404371585
SM,201630,49623--sample_49623_k141_449686,0.018579590254604834,1.2557931897048657e-05,0.5003885003885004
SM,201630,49627--sample_49627_k141_808611,0.020945623344935087,1.6383807027034608e-05,0.5011673151750973
SM,201630,49641--sample_49641_k141_362688,0.018486712265766557,1.2660024814261439e-05,0.5003885003885004
SM,201630,49617--sample_49617_k141_39355,0.01962115533438682,1.4562213391353926e-05,0.5007776049766719
SM,201630,49617--sample_49617_k141_35967,0.017211866476368923,1.0969938881105068e-05,0.5
SM,201630,49640--sample_49640_k141_205688,0.016106073484970375,9.321999191004072e-06,0.49961210240496506
SM,201630,49617--sample_49617_k141_209877,0.0135409481479484,6.617161622151471e-06,0.4988381099922541
SM,201630,49617--sample_49617_k141_139293,0.016041125900092074,9.366585232396168e-06,0.49961210240496506
SM,201630,49642--sample_49642_k141_460602,0.01608550992515137,9.320043648834447e-06,0.49961210240496506
SM,201630,49642--sample_49642_k141_46529,0.014621953005952098,8.018389990934053e-06,0.4992248062015504
SM,201630,49631--sample_49631_k141_943460,0.018383684332105542,1.2734397204488461e-05,0.5003885003885004
SM,201630,49617--sample_49617_k141_181765,0.023461901032122066,2.0565901162769295e-05,0.5019485580670304
SM,201630,53600--sample_53600_k141_319847,0.019785806723749536,1.4404942440466202e-05,0.5007776049766719
SM,201630,49641--sample_49641_k141_517007,0.018314979957538103,1.2753530724455233e-05,0.5003885003885004
SM,201630,49617--sample_49617_k141_231031,0.013558426904529209,6.626622497239577e-06,0.4988381099922541
SM,201630,49617--sample_49617_k141_157639,0.013499689669405112,6.614445742941684e-06,0.4988381099922541
SM,201630,49640--sample_49640_k141_443474,0.02200842178572641,1.858575337083156e-05,0.5015576323987538
SM,201630,49641--sample_49641_k141_569411,0.023315379199380263,2.0681445756758854e-05,0.5019485580670304
SM,201630,49617--sample_49617_k141_244635,0.020867335233857122,1.6445205202759667e-05,0.5011673151750973
SM,201630,49633--sample_49633_k141_1364744,0.015836615022088385,9.556382065281647e-06,0.49961210240496506
SM,201630,49638--sample_49638_k141_334434,0.020805320129704603,1.6476695468995327e-05,0.5007776049766719
SM,201630,49631--sample_49631_k141_788735,0.026962456286644162,2.7968200340115795e-05,0.503125
SM,201630,49631--sample_49631_k141_901628,0.01467181226796187,7.98009245767807e-06,0.4992248062015504
SM,201630,49615--sample_49615_k141_45890,0.022098685961968314,1.8558683577713237e-05,0.5015576323987538
SM,201630,49633--sample_49633_k141_1000571,0.022103650022763214,1.8510942897485724e-05,0.5015576323987538
SM,201630,53600--sample_53600_k141_432760,0.019536151212954454,1.4550920647827682e-05,0.5007776049766719
SM,201630,49631--sample_49631_k141_1063072,0.020802225837843503,1.652039627976164e-05,0.5011673151750973
SM,201630,49617--sample_49617_k141_126624,0.017273729395382145,1.0917428422554237e-05,0.5
SM,201630,49617--sample_49617_k141_63436,0.02457849248575064,2.2987359856838405e-05,0.5023400936037441
SM,201630,49613--sample_49613_k141_516056,0.024536217986281514,2.3010364287127236e-05,0.5023400936037441
SM,201630,49638--sample_49638_k141_849125,0.017306332235240605,1.0860681239232227e-05,0.5
SM,201630,49633--sample_49633_k141_1105803,0.015973982051387444,9.433261165003585e-06,0.49961210240496506
SM,201630,49631--sample_49631_k141_713683,0.013444782048966578,6.6747075491540575e-06,0.4988381099922541
SM,201630,49618--sample_49618_k141_24979,0.017223827924314972,1.0979162720484943e-05,0.5
SM,201630,49641--sample_49641_k141_526586,0.02213310074342466,1.845840498578984e-05,0.5015576323987538
SM,201630,49641--sample_49641_k141_594405,0.0196878932316037,1.4463707700118631e-05,0.5007776049766719
SM,201630,49630--sample_49630_k141_653913,0.022127747074659445,1.8500958157398193e-05,0.5015576323987538
SM,201630,49617--sample_49617_k141_71919,0.02202165727592692,1.860310250847524e-05,0.5015576323987538
SM,201630,49617--sample_49617_k141_269743,0.01974207409121107,1.4416713955478648e-05,0.5007776049766719
SM,201630,49631--sample_49631_k141_327282,0.020922056300644212,1.6422298154104592e-05,0.5011673151750973
SM,201630,49613--sample_49613_k141_428032,0.017240656459461982,1.098001561885888e-05,0.5
SM,201630,49617--sample_49617_k141_32695,0.018375344515683123,1.27467707889574e-05,0.5003885003885004
SM,201630,49618--sample_49618_k141_231410,0.019462697498525187,1.4662402245619713e-05,0.5007776049766719
SM,201630,49618--sample_49618_k141_106535,0.019812943709011512,1.4381457322864159e-05,0.5007776049766719
SM,201630,49631--sample_49631_k141_478760,0.02466617447610234,2.2806830885487842e-05,0.5023400936037441
SM,201630,49631--sample_49631_k141_269696,0.01959445836609271,1.4542142842950444e-05,0.5007776049766719
SM,201630,49633--sample_49633_k141_1125289,0.020781698172495422,1.6509331957595774e-05,0.5011673151750973
SM,201630,49641--sample_49641_k141_479465,0.017320309191922952,1.0902198333749651e-05,0.5
SM,201630,49631--sample_49631_k141_1077431,0.0196251496256183,1.449910535330409e-05,0.5007776049766719
SM,201630,53598--sample_53598_k141_177344,0.017196769761692814,1.1006954315665665e-05,0.5
SM,201630,49631--sample_49631_k141_406326,0.02193797022997405,1.8669396470194247e-05,0.5015576323987538
SM,201630,49617--sample_49617_k141_153159,0.020871438133360242,1.6385393215861435e-05,0.5011673151750973
SM,201630,49641--sample_49641_k141_335608,0.022048914632372418,1.8562085540323573e-05,0.5015576323987538
SM,201630,49633--sample_49633_k141_461652,0.020879820154492405,1.6425530789397708e-05,0.5011673151750973
SM,201630,49641--sample_49641_k141_610039,0.022289740926554367,1.8331751178221047e-05,0.5015576323987538
SM,201630,49641--sample_49641_k141_63970,0.023432538039635298,2.0545844023527542e-05,0.5019485580670304
SM,201630,49617--sample_49617_k141_196642,0.03071863211204031,3.6186489884862245e-05,0.5043069694596711
SM,201630,49638--sample_49638_k141_293188,0.018451919091838565,1.261813354903961e-05,0.5003885003885004
SM,201630,49631--sample_49631_k141_1047950,0.019590678722242728,1.459147131623203e-05,0.5007776049766719
SM,201630,49631--sample_49631_k141_1078132,0.01978428891798895,1.4410369639228803e-05,0.5007776049766719
SM,201630,49617--sample_49617_k141_221011,0.014910562595850605,7.888254004740523e-06,0.4992248062015504
SM,201630,49641--sample_49641_k141_90630,0.02086295205699384,1.6429587465276527e-05,0.5011673151750973
SM,201630,49631--sample_49631_k141_758348,0.023439716348370734,2.058252990488229e-05,0.5019485580670304
SM,201630,49617--sample_49617_k141_246435,0.014713367678795566,8.003106283050245e-06,0.4992248062015504
SM,201630,49618--sample_49618_k141_187803,0.027051589424972624,2.785182690763344e-05,0.503125
SM,201630,49616--sample_49616_k141_109171,0.019614254424491242,1.4557858652292832e-05,0.5007776049766719
SM,201630,49641--sample_49641_k141_532511,0.018442807136450256,1.2675491181424804e-05,0.5003885003885004
SM,201630,49617--sample_49617_k141_87747,0.02223705824102861,1.835630872922528e-05,0.5015576323987538
SM,201630,49617--sample_49617_k141_135022,0.02219539646167398,1.844684259015966e-05,0.5015576323987538
SM,201630,49640--sample_49640_k141_411990,0.020767764509467962,1.6480947511173503e-05,0.5011673151750973
SM,201630,49617--sample_49617_k141_280219,0.01597018946335756,9.448078583192035e-06,0.49961210240496506
SM,201630,53600--sample_53600_k141_381646,0.024504092195658553,2.307725651053867e-05,0.5023400936037441
SM,201630,49631--sample_49631_k141_946880,0.014691017066604308,8.010530415931564e-06,0.4992248062015504
SM,201630,49640--sample_49640_k141_150614,0.01717761413410652,1.100654961817672e-05,0.5
SM,201630,49630--sample_49630_k141_766537,0.02464198066767029,2.2877750820734864e-05,0.5023400936037441
SM,201630,49631--sample_49631_k141_161535,0.01840419769328919,1.2671066652244543e-05,0.5003885003885004
SM,201630,49619--sample_49619_k141_276398,0.028239416592415172,3.064683948973148e-05,0.5035183737294762
SM,201630,49635--sample_49635_k141_178072,0.01951827899963251,1.4582261801928667e-05,0.5007776049766719
SM,201630,49617--sample_49617_k141_20012,0.018480634854320346,1.2635308837776606e-05,0.5003885003885004
SM,201630,49641--sample_49641_k141_266781,0.017219735631821383,1.0987295528930398e-05,0.5
SM,201630,49640--sample_49640_k141_295713,0.022110255166691458,1.8471303674116438e-05,0.5015576323987538
SM,201630,49638--sample_49638_k141_940541,0.016049702847901984,9.388457642674931e-06,0.49961210240496506
SM,201630,49631--sample_49631_k141_125937,0.022238432590300436,1.8364150698140208e-05,0.5015576323987538
SM,201630,49617--sample_49617_k141_187462,0.022123705190027092,1.8419880638440074e-05,0.5011673151750973
SM,201630,49618--sample_49618_k141_287800,0.01960889006898321,1.4529056002838034e-05,0.5007776049766719
SM,201630,49631--sample_49631_k141_908461,0.02086938179931512,1.6496800583808725e-05,0.5011673151750973
SM,201630,49642--sample_49642_k141_530007,0.01101027278507404,4.360878367807408e-06,0.4980665119876257
SM,201630,49613--sample_49613_k141_537521,0.018369197774992047,1.2784457615073337e-05,0.5003885003885004
SM,201630,49613--sample_49613_k141_11082,0.014629507405188674,8.040360055034149e-06,0.4992248062015504
SM,201630,49631--sample_49631_k141_548732,0.01594145158204712,9.426107393142132e-06,0.49961210240496506
SM,201630,49617--sample_49617_k141_179032,0.020932386490160087,1.635252290894214e-05,0.5011673151750973
SM,201630,49631--sample_49631_k141_862124,0.019616489998236404,1.4443895038267812e-05,0.5007776049766719
SM,201630,49641--sample_49641_k141_611231,0.016164741945925293,9.265487699034415e-06,0.49961210240496506
SM,201630,49613--sample_49613_k141_620984,0.02086264938620989,1.6464631422843638e-05,0.5011673151750973
SM,201630,49631--sample_49631_k141_944793,0.016053848780481533,9.346788605565904e-06,0.49961210240496506
SM,201630,49631--sample_49631_k141_692523,0.014689498894439391,8.065021741038143e-06,0.4992248062015504
SM,201630,49631--sample_49631_k141_593099,0.02218122024082653,1.837860864531853e-05,0.5015576323987538
SM,201630,49631--sample_49631_k141_707422,0.018416458754691143,1.2668102167217001e-05,0.5
SM,201630,49617--sample_49617_k141_196780,0.019791067933661876,1.4362451955726508e-05,0.5007776049766719
SM,201630,49617--sample_49617_k141_216564,0.018389706816281316,1.2715964713334087e-05,0.5003885003885004
SM,201630,49618--sample_49618_k141_38856,0.020885086517079106,1.642488237499504e-05,0.5011673151750973
SM,201630,49631--sample_49631_k141_553074,0.020740340705289437,1.6501169521650257e-05,0.5011673151750973
SM,201630,49641--sample_49641_k141_305580,0.01960574947106995,1.4598055239728187e-05,0.5007776049766719
SM,201630,49636--sample_49636_k141_952298,0.022169085908264784,1.8417928714426346e-05,0.5015576323987538
SM,201630,49617--sample_49617_k141_68029,0.018417385566963783,1.2635286015419636e-05,0.5003885003885004
SM,201630,49631--sample_49631_k141_644005,0.01840818822689403,1.2687146783186385e-05,0.5003885003885004
SM,201630,49617--sample_49617_k141_127714,0.018428792874959545,1.2730837151072302e-05,0.5003885003885004
SM,201630,49615--sample_49615_k141_95272,0.024500888694534546,2.3027566610426623e-05,0.5023400936037441
SM,201630,49617--sample_49617_k141_122223,0.022120125362127728,1.852229468347047e-05,0.5015576323987538
SM,201630,49640--sample_49640_k141_463518,0.02091852511911425,1.6341851615494343e-05,0.5011673151750973
SM,201630,49617--sample_49617_k141_226029,0.023381828604912516,2.056575758406231e-05,0.5019485580670304
SM,201630,49617--sample_49617_k141_239445,0.0184932049733924,1.2679423038839782e-05,0.5003885003885004
SM,201630,49639--sample_49639_k141_455759,0.018360623691893313,1.2702289023145779e-05,0.5003885003885004
SM,201630,49617--sample_49617_k141_136377,0.020880459427262837,1.6477612431976102e-05,0.5011673151750973
SM,201630,49619--sample_49619_k141_252582,0.016018107277466886,9.346341397320871e-06,0.49961210240496506
SM,201630,49636--sample_49636_k141_1048953,0.023325166007575945,2.067665490541242e-05,0.5019485580670304
SM,201630,49631--sample_49631_k141_226575,0.018507263532270755,1.2674907424578814e-05,0.5003885003885004
SM,201630,49617--sample_49617_k141_27324,0.01835478061947211,1.2760880265683279e-05,0.5003885003885004
SM,201630,49617--sample_49617_k141_96456,0.023311542325694712,2.065057822538403e-05,0.5019485580670304
SM,201630,49616--sample_49616_k141_70342,0.022044541221138105,1.854044651318694e-05,0.5015576323987538
SM,201630,49616--sample_49616_k141_23312,0.01584691948911545,9.499683553876196e-06,0.4992248062015504
SM,201630,49617--sample_49617_k141_118412,0.014838784613059909,7.853231635325274e-06,0.4992248062015504
SM,201630,49617--sample_49617_k141_33665,0.020879277342692713,1.6495099972334624e-05,0.5011673151750973
SM,201630,49617--sample_49617_k141_295889,0.01852025059499114,1.263409821315494e-05,0.5003885003885004
SM,201630,49631--sample_49631_k141_810649,0.020857446842206796,1.6470518304461893e-05,0.5011673151750973
SM,201630,53601--sample_53601_k141_171030,0.023282750325902917,2.074397453868769e-05,0.5019485580670304
SM,201630,49630--sample_49630_k141_707921,0.018246334931040612,1.2811631305505095e-05,0.5003885003885004
SM,201630,49638--sample_49638_k141_729881,0.017233768452649827,1.0963507996516817e-05,0.5
SM,201630,49617--sample_49617_k141_188936,0.015870545700059996,9.42900561628323e-06,0.49961210240496506
SM,201630,49617--sample_49617_k141_242716,0.019723196421046293,1.443667316087267e-05,0.5007776049766719
SM,201630,49618--sample_49618_k141_228596,0.02212594331093453,1.8453665935743125e-05,0.5015576323987538
SM,201630,49633--sample_49633_k141_851659,0.018459915886897174,1.2691075092955633e-05,0.5003885003885004
SM,201630,49640--sample_49640_k141_182877,0.017225396510836877,1.0989062820788672e-05,0.5
SM,201630,49631--sample_49631_k141_825232,0.013590624051176756,6.568384822031866e-06,0.4988381099922541
SM,201630,49617--sample_49617_k141_262021,0.016044143275530737,9.397939972619673e-06,0.49961210240496506
SM,201630,49636--sample_49636_k141_1215698,0.022306749871126266,1.828103029488087e-05,0.5015576323987538
SM,201630,49617--sample_49617_k141_189712,0.025751533361349166,2.5452416417724782e-05,0.5027322404371585
SM,201630,49640--sample_49640_k141_235960,0.021979269365443938,1.8581290015754376e-05,0.5015576323987538
SM,201630,49618--sample_49618_k141_257690,0.013565288808201037,6.5897194733865795e-06,0.4984520123839009
SM,201630,49640--sample_49640_k141_178191,0.016994720332740586,1.1159851219111849e-05,0.5
SM,201630,49631--sample_49631_k141_902653,0.017190146988981334,1.099295481405972e-05,0.5
SM,201630,49617--sample_49617_k141_225320,0.018466840976798935,1.2597381802752454e-05,0.5003885003885004
SM,201630,49641--sample_49641_k141_83077,0.01846072706836912,1.2665828479016056e-05,0.5003885003885004
SM,201630,49613--sample_49613_k141_22565,0.015902969607397236,9.468669801592179e-06,0.49961210240496506
SM,201630,49617--sample_49617_k141_184740,0.01841403837502343,1.2675374208933925e-05,0.5003885003885004
SM,201630,49617--sample_49617_k141_227961,0.019626427147029418,1.4480160967273853e-05,0.5007776049766719
SM,201630,49618--sample_49618_k141_119045,0.018607053497772974,1.2566850596026063e-05,0.5003885003885004
SM,201630,49630--sample_49630_k141_199862,0.01231127170691591,5.4037050231499135e-06,0.4980665119876257
SM,201630,49617--sample_49617_k141_245533,0.02090934373390532,1.639344999730379e-05,0.5011673151750973
SM,201630,49618--sample_49618_k141_171794,0.019692116058102938,1.4500618943423695e-05,0.5007776049766719
SM,201630,49631--sample_49631_k141_1072308,0.022008194432497803,1.8574150604928375e-05,0.5015576323987538
SM,201630,49631--sample_49631_k141_496773,0.023404259329293825,2.0566458233466043e-05,0.5019485580670304
SM,201630,49617--sample_49617_k141_179071,0.018528341370999804,1.2602488282073548e-05,0.5003885003885004
SM,201630,49642--sample_49642_k141_462958,0.020975535761424663,1.6345843648988594e-05,0.5011673151750973
SM,201630,49613--sample_49613_k141_592411,0.020911977761468154,1.6416424233969372e-05,0.5011673151750973
SM,201630,49616--sample_49616_k141_116937,0.014713258542970146,7.97003080587494e-06,0.4992248062015504
SM,201630,49617--sample_49617_k141_269609,0.01855139077118673,1.2567559309737634e-05,0.5003885003885004
SM,201630,49618--sample_49618_k141_46916,0.024583678485140002,2.2956347114083643e-05,0.5023400936037441
SM,201630,49617--sample_49617_k141_191897,0.028296909083549055,3.049889284542648e-05,0.5035183737294762
SM,201630,49635--sample_49635_k141_654849,0.01950011349853995,1.4594995398854418e-05,0.5007776049766719
SM,201630,49617--sample_49617_k141_87358,0.01733175803104985,1.0893275839921231e-05,0.5
SM,201630,49617--sample_49617_k141_35964,0.02067405174527191,1.6638063038748028e-05,0.5011673151750973
SM,201630,49617--sample_49617_k141_93901,0.01841560427406501,1.2697657328232131e-05,0.5003885003885004
SM,201630,49613--sample_49613_k141_91953,0.014769856508367105,7.938475540762788e-06,0.4992248062015504
SM,201630,49631--sample_49631_k141_940378,0.013650323493416595,6.557606979523973e-06,0.4988381099922541
SM,201630,49617--sample_49617_k141_123358,0.020972884249364325,1.6346066565246637e-05,0.5011673151750973
SM,201630,49631--sample_49631_k141_957429,0.019684143721868403,1.4482861662505105e-05,0.5007776049766719
SM,201630,49631--sample_49631_k141_1029560,0.018446796126410377,1.2727978336231884e-05,0.5003885003885004
SM,201630,49635--sample_49635_k141_447707,0.01718354361875839,1.1056538805344148e-05,0.5
SM,201630,49617--sample_49617_k141_144175,0.01970102149375118,1.448441752687694e-05,0.5007776049766719
SM,201630,49631--sample_49631_k141_253438,0.023302912258322088,2.075881706145817e-05,0.5019485580670304
SM,201630,49631--sample_49631_k141_20889,0.02208631894865251,1.8448873544124206e-05,0.5015576323987538
SM,201630,49631--sample_49631_k141_655218,0.020860332909834616,1.645129362369157e-05,0.5011673151750973
SM,201630,49631--sample_49631_k141_816750,0.020961880943471106,1.6338325475742076e-05,0.5011673151750973
SM,201630,49633--sample_49633_k141_192674,0.01850835193647807,1.2603863706375874e-05,0.5003885003885004
SM,201630,49631--sample_49631_k141_334345,0.02082522111239671,1.645756666372144e-05,0.5011673151750973
SM,201630,49638--sample_49638_k141_15595,0.01849969429157754,1.261402332927336e-05,0.5003885003885004
SM,201630,49638--sample_49638_k141_770173,0.020733146660316063,1.6580725458425304e-05,0.5011673151750973
SM,201630,49631--sample_49631_k141_324547,0.013363688964151223,6.703865678620157e-06,0.4984520123839009
SM,201630,49630--sample_49630_k141_887611,0.022246679552330985,1.8348820634331276e-05,0.5015576323987538
SM,201630,49618--sample_49618_k141_331372,0.022101154829820443,1.8525044288748792e-05,0.5015576323987538
SM,201630,49617--sample_49617_k141_251555,0.020932278146115157,1.6444488450406553e-05,0.5011673151750973
SM,201630,49639--sample_49639_k141_508481,0.023241557991820063,2.0759528863744596e-05,0.5019485580670304
SM,201630,49618--sample_49618_k141_213627,0.015940853972057197,9.450231371906427e-06,0.49961210240496506
SM,201630,49631--sample_49631_k141_664989,0.020973405316321875,1.6292852862635016e-05,0.5011673151750973
SM,201630,49613--sample_49613_k141_104397,0.02320965616525381,2.0822979649458358e-05,0.5019485580670304
SM,201630,49641--sample_49641_k141_373091,0.017216254900936492,1.1001087862545014e-05,0.5
SM,201630,49613--sample_49613_k141_36228,0.020716796910373897,1.658624099628731e-05,0.5011673151750973
SM,201630,49640--sample_49640_k141_106204,0.020939796448532454,1.6358853043302125e-05,0.5011673151750973
SM,201630,49617--sample_49617_k141_184962,0.019658504833379265,1.4538887028099236e-05,0.5007776049766719
SM,201630,49631--sample_49631_k141_269963,0.019573311453114795,1.4569013801502034e-05,0.5007776049766719
SM,201630,49632--sample_49632_k141_266809,0.02081135178346335,1.6480385865994713e-05,0.5011673151750973
SM,201630,49613--sample_49613_k141_594659,0.020901148772500874,1.6392684638382833e-05,0.5011673151750973
SM,201630,53598--sample_53598_k141_349839,0.018328498609066466,1.2819287226557717e-05,0.5003885003885004
SM,201630,49617--sample_49617_k141_291128,0.01839822506498578,1.264691413508298e-05,0.5003885003885004
SM,201630,49631--sample_49631_k141_846808,0.014787944243892716,7.92256826209794e-06,0.4992248062015504
SM,201630,49631--sample_49631_k141_766424,0.01722497740451039,1.0922145050142744e-05,0.5
SM,201630,49617--sample_49617_k141_283587,0.013512091312246345,6.586381174121164e-06,0.4988381099922541
SM,201630,53602--sample_53602_k141_377025,0.01855293292152856,1.2663893244709823e-05,0.5003885003885004
SM,201630,49631--sample_49631_k141_730297,0.017273651074451394,1.0951096600149733e-05,0.5
SM,201630,49615--sample_49615_k141_91147,0.023245076452473562,2.075250320254354e-05,0.5019485580670304
SM,201630,49617--sample_49617_k141_299297,0.025867001536740507,2.5325582013056313e-05,0.5027322404371585
SM,201630,49631--sample_49631_k141_866898,0.017191583997526665,1.1015563759719162e-05,0.5
SM,201630,49638--sample_49638_k141_452047,0.018425841480510435,1.2699512037204501e-05,0.5003885003885004
SM,201630,49615--sample_49615_k141_133391,0.01843790401132915,1.2654422086442464e-05,0.5003885003885004
SM,201630,49617--sample_49617_k141_63508,0.02077528783622048,1.6588182890669783e-05,0.5011673151750973
SM,201630,53600--sample_53600_k141_59809,0.022118412127439587,1.84909064309219e-05,0.5015576323987538
SM,201630,53600--sample_53600_k141_22783,0.019644244700344694,1.4514984148275816e-05,0.5007776049766719
SM,201630,49640--sample_49640_k141_328655,0.019830285962894583,1.4344704373363986e-05,0.5007776049766719
SM,201630,49633--sample_49633_k141_938818,0.017215267206717004,1.1008422650713771e-05,0.5
SM,201630,49630--sample_49630_k141_419823,0.017042007626052746,1.1118714297418757e-05,0.5
SM,201630,49630--sample_49630_k141_177312,0.021890649176198873,1.8708373823556113e-05,0.5015576323987538
SM,201630,49641--sample_49641_k141_614314,0.02812597227661256,3.068562223952262e-05,0.5035183737294762
SM,201630,49642--sample_49642_k141_410126,0.018524928067024174,1.264386624240933e-05,0.5003885003885004
SM,201630,49617--sample_49617_k141_201511,0.01965558282784853,1.4538596801314372e-05,0.5007776049766719
SM,201630,49617--sample_49617_k141_298815,0.018483786547094525,1.2605425865528667e-05,0.5003885003885004
SM,201630,49617--sample_49617_k141_61959,0.01717327439828479,1.0998536607340638e-05,0.5
SM,201630,49617--sample_49617_k141_66360,0.0208209737351991,1.6448411446410416e-05,0.5011673151750973
SM,201630,49631--sample_49631_k141_138255,0.016149806313930107,9.276187841353e-06,0.49961210240496506
SM,201630,49617--sample_49617_k141_30728,0.01970393252513658,1.4478469955186773e-05,0.5007776049766719
SM,201630,49617--sample_49617_k141_262468,0.021980576116090455,1.8632024302778798e-05,0.5015576323987538
SM,201630,49613--sample_49613_k141_620399,0.019827392107502395,1.4345368163082657e-05,0.5007776049766719
SM,201630,49631--sample_49631_k141_875953,0.020937585754899807,1.6425489266427482e-05,0.5011673151750973
SM,201630,49617--sample_49617_k141_295732,0.014814770093908537,7.906890438611653e-06,0.4992248062015504
SM,201630,49617--sample_49617_k141_178119,0.022161685849934352,1.8469180892369096e-05,0.5015576323987538
SM,201630,49631--sample_49631_k141_30093,0.02584074004604135,2.5321466941674895e-05,0.5027322404371585
SM,201630,49631--sample_49631_k141_269216,0.02195850085472306,1.8663378171175345e-05,0.5015576323987538
SM,201630,49631--sample_49631_k141_1008652,0.014627977439813988,8.038494540824031e-06,0.4984520123839009
SM,201630,49617--sample_49617_k141_280480,0.019758236888059638,1.4433241615789127e-05,0.5007776049766719
SM,201630,49630--sample_49630_k141_409200,0.019801754163512084,1.436994465968781e-05,0.5007776049766719
SM,201630,49617--sample_49617_k141_276013,0.013650355941567665,6.5512022702864835e-06,0.4988381099922541
SM,201630,49631--sample_49631_k141_709042,0.01851560969885157,1.2604356163082601e-05,0.5003885003885004
SM,201630,53600--sample_53600_k141_348427,0.020948728572463483,1.63872948310834e-05,0.5011673151750973
SM,201630,49617--sample_49617_k141_26213,0.01725170973048656,1.0973012104038627e-05,0.5
SM,201630,49617--sample_49617_k141_195700,0.022187897270203653,1.845365217100529e-05,0.5015576323987538
SM,201630,49631--sample_49631_k141_581899,0.022087403301374993,1.8473958846087375e-05,0.5015576323987538
SM,201630,49642--sample_49642_k141_628483,0.01829974654043425,1.2825879030290125e-05,0.5003885003885004
SM,201630,49613--sample_49613_k141_532078,0.017217056095853497,1.0963261236975868e-05,0.5
SM,201630,49638--sample_49638_k141_599206,0.0221259784335982,1.842583722675836e-05,0.5015576323987538
SM,201630,49617--sample_49617_k141_150679,0.025716798598805254,2.5370949348924755e-05,0.5023400936037441
SM,201630,49631--sample_49631_k141_1053996,0.012278432028254618,5.429167383323664e-06,0.4980665119876257
SM,201630,49617--sample_49617_k141_167811,0.01717667734161312,1.1007205055850976e-05,0.5
SM,201630,49616--sample_49616_k141_193497,0.023422144615078355,2.0577311789427386e-05,0.5019485580670304
SM,201630,49617--sample_49617_k141_24004,0.019655547892957495,1.451410243733296e-05,0.5007776049766719
SM,201630,49617--sample_49617_k141_77130,0.015987117596224124,9.426461278595032e-06,0.49961210240496506
SM,201630,49631--sample_49631_k141_743481,0.02084430567503225,1.6526812214732978e-05,0.5011673151750973
SM,201630,49640--sample_49640_k141_592906,0.018345271954312195,1.276578005137779e-05,0.5003885003885004
SM,201630,49639--sample_49639_k141_495848,0.018468405108488864,1.2687992908446562e-05,0.5003885003885004
SM,201630,49631--sample_49631_k141_862268,0.023290470391087875,2.069240062703918e-05,0.5019485580670304
SM,201630,49642--sample_49642_k141_581549,0.023357251067796802,2.062545558722055e-05,0.5019485580670304
SM,201630,49631--sample_49631_k141_1007009,0.027099419363018237,2.7873668405103444e-05,0.503125
SM,201630,49619--sample_49619_k141_441181,0.020860860733161683,1.644606390781181e-05,0.5011673151750973
SM,201630,49631--sample_49631_k141_292675,0.01602174114098672,9.403669393709955e-06,0.49961210240496506
SM,201630,49630--sample_49630_k141_849450,0.01953829905899614,1.4642182443558599e-05,0.5007776049766719
SM,201630,49617--sample_49617_k141_278168,0.01722496567547734,1.09514804600784e-05,0.5
SM,201630,49613--sample_49613_k141_231441,0.017187221912562015,1.0973981894969818e-05,0.5
SM,201630,49631--sample_49631_k141_702721,0.018402826587869115,1.2773912288410035e-05,0.5003885003885004
SM,201630,49640--sample_49640_k141_152891,0.02216180068312905,1.837476364498657e-05,0.5015576323987538
SM,201630,49641--sample_49641_k141_488055,0.019648741213861287,1.447862919389595e-05,0.5007776049766719
SM,201630,49640--sample_49640_k141_323313,0.019874073965311323,1.4261544263857484e-05,0.5007776049766719
SM,201630,49631--sample_49631_k141_1041242,0.017243608185965598,1.0941066077479098e-05,0.5
SM,201630,49618--sample_49618_k141_137535,0.020851516544011125,1.64606643257513e-05,0.5011673151750973
SM,201630,49633--sample_49633_k141_1083728,0.023465194287682088,2.051246760323923e-05,0.5019485580670304
SM,201630,49632--sample_49632_k141_1004910,0.01833830201092738,1.2767547527932303e-05,0.5003885003885004
SM,201630,49618--sample_49618_k141_23248,0.02077302943649418,1.6567206716607914e-05,0.5011673151750973
SM,201630,49617--sample_49617_k141_72135,0.023433824644393114,2.05873088267424e-05,0.5019485580670304
SM,201630,49613--sample_49613_k141_461896,0.02457008888523146,2.2979018381160185e-05,0.5023400936037441
SM,201630,49617--sample_49617_k141_86405,0.025852362799280108,2.5312807735631576e-05,0.5027322404371585
SM,201630,49613--sample_49613_k141_165938,0.023242068345670098,2.0793602125345276e-05,0.5019485580670304
SM,201630,49631--sample_49631_k141_563528,0.014842726931344209,7.921415418375156e-06,0.4992248062015504
SM,201630,49617--sample_49617_k141_160378,0.01602034944517199,9.374148651208803e-06,0.49961210240496506
SM,201630,49613--sample_49613_k141_682459,0.02229030781188638,1.8248019215572684e-05,0.5015576323987538
SM,201630,49617--sample_49617_k141_61118,0.01832470818580574,1.2743877445033977e-05,0.5003885003885004
SM,201630,49630--sample_49630_k141_343998,0.01961346308920772,1.4492370278790727e-05,0.5007776049766719
SM,201630,49617--sample_49617_k141_127335,0.019729217695917466,1.4463714191038818e-05,0.5007776049766719
SM,201630,49630--sample_49630_k141_90873,0.01711716825028709,1.1038423533339134e-05,0.5
SM,201630,49618--sample_49618_k141_299160,0.022207890255840333,1.8340738874845924e-05,0.5015576323987538
SM,201630,49631--sample_49631_k141_167697,0.023352271375319273,2.062077088792836e-05,0.5019485580670304
SM,201630,49631--sample_49631_k141_569685,0.02099849472113027,1.6261840516448812e-05,0.5011673151750973
SM,201630,49631--sample_49631_k141_148696,0.018329789978079217,1.2826635200891301e-05,0.5003885003885004
SM,201630,49617--sample_49617_k141_282111,0.019528173121797724,1.4568366187694244e-05,0.5007776049766719
SM,201630,49617--sample_49617_k141_285407,0.019618301842957226,1.4484653137492589e-05,0.5007776049766719
SM,201630,49641--sample_49641_k141_284676,0.015929902069507184,9.439356646881053e-06,0.49961210240496506
SM,201630,49617--sample_49617_k141_41126,0.018534781916534238,1.2665770236258309e-05,0.5003885003885004
SM,201630,49618--sample_49618_k141_58082,0.01480566515015098,7.958083601083646e-06,0.4992248062015504
SM,201630,Sample_49638_5,0.13691983925151635,0.03674921041283666,0.5459940652818991
SM,201630,Sample_49629_9.1,0.137639664780828,0.03697700229240296,0.546457361052185
SM,201630,Sample_49628_42,0.13400668683125255,0.03510591506843975,0.5382365231926453
SM,201630,Sample_49624_11,0.13326105735673166,0.03410263238938549,0.5355509355509356
SM,201630,Sample_49615_24,0.13254974426927674,0.0347788133336825,0.5359966708281315
SM,201630,Sample_49624_46,0.13201616342059208,0.03377168203633549,0.5328920148944973
SM,201630,49622_ma_contigs,0.12940902570345175,0.032926786197964304,0.5280852808528085
SM,201630,Sample_49625_12,0.13460293091387185,0.0354967829896865,0.540041928721174
SM,201630,Sample_49613_26,0.13092611608589516,0.03389545893403318,0.5320115654688146
SM,201630,Sample_49613_25,0.1336818811955823,0.03429586960801651,0.5364431486880467
SM,201630,Sample_49628_25.1,0.1325897930313934,0.034399565986778326,0.5351059410054009
SM,201630,Sample_49625_10,0.13143139059917783,0.03362843799278309,0.5324514262091773
SM,201630,Sample_49615_26.2,0.12614147438460663,0.0314649496795865,0.5212464589235127
SM,201630,Sample_49628_33.1,0.1340447937840501,0.03648796464763081,0.5414039512400168
SM,201630,Sample_49615_13,0.13830412292233923,0.0373892221077128,0.5492537313432836
SM,201630,Sample_49625_6,0.13057753029113686,0.033504692108345946,0.530696332921302
SM,201630,Sample_49618_9,0.13080831304807097,0.03416772705637455,0.5324514262091773
SM,201630,Sample_49618_42,0.1296576302131341,0.03285284370502541,0.5280852808528085
SM,201630,Sample_49618_8,0.13154710071892134,0.0331020009400212,0.5311340206185567
SM,201630,Sample_49625_17,0.13828646569850134,0.037254780099961554,0.5487856838517257
SM,201630,Sample_49618_50,0.13548279521983767,0.03593803812657954,0.5418594867480017
SM,201630,Sample_49613_28,0.12944848501074743,0.031283600861756036,0.5246435845213849
SM,201630,Sample_49628_55,0.1376455362914752,0.03710573796069448,0.5473863153421165
SM,201630,Sample_49624_8,0.13627315086201774,0.03594509957708021,0.5432307043441585
SM,201630,Sample_49628_40,0.1363195709122919,0.035609397695527345,0.5423157894736842
SM,201630,Sample_49615_5.1,0.1307139065844029,0.032688815514326446,0.5293875873407317
SM,201630,Sample_49615_20,0.14232431033889031,0.04047863709069457,0.5607313887679582
SM,201630,Sample_49618_39.1,0.13370899615078347,0.035431888506847246,0.5386867419489754
