Method,Number of Swaps,Node,Eigenvector Centrality,Betweenness Centrality,Closeness Centrality
SM,201630,49614--sample_49614_k141_1366290,0.02088892657037442,1.6414456266854697e-05,0.5011673151750973
SM,201630,49614--sample_49614_k141_1673869,0.02335952818017645,2.0669770683002443e-05,0.5019485580670304
SM,201630,49614--sample_49614_k141_361656,0.020923229349450297,1.6473049840775644e-05,0.5011673151750973
SM,201630,49614--sample_49614_k141_1427871,0.022056915133594226,1.8551760889062574e-05,0.5015576323987538
SM,201630,49614--sample_49614_k141_1684910,0.020832138963807555,1.651396277596776e-05,0.5011673151750973
SM,201630,49614--sample_49614_k141_1888333,0.018328686928480817,1.2801142102667634e-05,0.5003885003885004
SM,201630,49614--sample_49614_k141_1420726,0.02470882670791666,2.2827023009756708e-05,0.5023400936037441
SM,201630,49614--sample_49614_k141_1263971,0.02333605307638355,2.067106708345185e-05,0.5019485580670304
SM,201630,49614--sample_49614_k141_1030954,0.017177989282042123,1.1026057227088014e-05,0.5
SM,201630,49614--sample_49614_k141_1613401,0.015988538859119474,9.435658953173355e-06,0.49961210240496506
SM,201630,49614--sample_49614_k141_1358288,0.01731822852386561,1.086764251844593e-05,0.5
SM,201630,49614--sample_49614_k141_1030670,0.021037508146442386,1.6278256572907816e-05,0.5011673151750973
SM,201630,49614--sample_49614_k141_1820688,0.022090316717563247,1.856933663567074e-05,0.5015576323987538
SM,201630,49614--sample_49614_k141_1487501,0.020793838917658382,1.6548279517155435e-05,0.5011673151750973
SM,201630,49614--sample_49614_k141_1651093,0.02094186940852562,1.6420473713181158e-05,0.5011673151750973
SM,201630,49614--sample_49614_k141_1675793,0.019607006142785204,1.4529336646555358e-05,0.5007776049766719
SM,201630,49614--sample_49614_k141_942127,0.017171044762856726,1.1092255450128508e-05,0.5
SM,201630,49614--sample_49614_k141_656736,0.018419594166135568,1.266844326597549e-05,0.5003885003885004
SM,201630,49614--sample_49614_k141_1678667,0.0234390236612982,2.0562453081629903e-05,0.5019485580670304
SM,201630,49614--sample_49614_k141_1943765,0.025750152941899997,2.550905396104832e-05,0.5027322404371585
SM,201630,49614--sample_49614_k141_1816064,0.023441119191516,2.0575442984830986e-05,0.5019485580670304
SM,201630,49614--sample_49614_k141_149411,0.011000762045971394,4.367874782228005e-06,0.4980665119876257
SM,201630,49614--sample_49614_k141_1996265,0.018499730754449467,1.2622524512190563e-05,0.5003885003885004
SM,201630,49614--sample_49614_k141_1502755,0.023352016155843293,2.068517324180509e-05,0.5019485580670304
SM,201630,49614--sample_49614_k141_259366,0.018415299926838654,1.2727889403792878e-05,0.5003885003885004
SM,201630,49614--sample_49614_k141_75054,0.019565363354545364,1.4584883658177106e-05,0.5007776049766719
SM,201630,49614--sample_49614_k141_2139,0.01489934405231922,7.821510620349052e-06,0.4992248062015504
SM,201630,49614--sample_49614_k141_823274,0.0221605260386616,1.8432700122614684e-05,0.5015576323987538
SM,201630,49614--sample_49614_k141_1735709,0.022190936173949804,1.8408493500875033e-05,0.5015576323987538
SM,201630,49614--sample_49614_k141_762662,0.019613629949645082,1.450546559674033e-05,0.5007776049766719
SM,201630,49614--sample_49614_k141_1698348,0.01973380486286178,1.4500927949724014e-05,0.5007776049766719
SM,201630,49614--sample_49614_k141_1641869,0.019772007996751585,1.437011432138294e-05,0.5007776049766719
SM,201630,49614--sample_49614_k141_262368,0.02326864338253134,2.0802120827564766e-05,0.5019485580670304
SM,201630,49614--sample_49614_k141_611934,0.02096324188001807,1.6392380062289842e-05,0.5011673151750973
SM,201630,49614--sample_49614_k141_405366,0.02220237006191784,1.836235393524202e-05,0.5015576323987538
SM,201630,49614--sample_49614_k141_1298515,0.017162683563064465,1.1011644762719005e-05,0.5
SM,201630,49614--sample_49614_k141_1081030,0.02081281468053008,1.6490974370737618e-05,0.5011673151750973
SM,201630,49614--sample_49614_k141_1494757,0.019685953539471425,1.4475561073959404e-05,0.5007776049766719
SM,201630,49614--sample_49614_k141_228945,0.020888219784546885,1.6435636942428868e-05,0.5011673151750973
SM,201630,49614--sample_49614_k141_651585,0.022058025399619305,1.861899852918751e-05,0.5015576323987538
SM,201630,49614--sample_49614_k141_1667848,0.01719502692626701,1.0995682674297875e-05,0.5
SM,201630,49614--sample_49614_k141_1582181,0.01957716283332574,1.4589352425350474e-05,0.5007776049766719
SM,201630,49614--sample_49614_k141_888599,0.020977455756147397,1.6375459252206625e-05,0.5011673151750973
SM,201630,49614--sample_49614_k141_589501,0.01852987902917746,1.2582292282293423e-05,0.5003885003885004
SM,201630,49614--sample_49614_k141_1751193,0.02335696071108662,2.0636800398332556e-05,0.5019485580670304
SM,201630,49614--sample_49614_k141_1297148,0.020881374457806332,1.645875460714277e-05,0.5011673151750973
SM,201630,49614--sample_49614_k141_2279922,0.01835816578755541,1.2745347442831798e-05,0.5003885003885004
SM,201630,49614--sample_49614_k141_311416,0.021978568760429196,1.8614775986762628e-05,0.5015576323987538
SM,201630,49614--sample_49614_k141_401001,0.020996271438783732,1.630575095451807e-05,0.5011673151750973
SM,201630,49614--sample_49614_k141_1969311,0.022120146515802627,1.8465010396853826e-05,0.5015576323987538
SM,201630,49614--sample_49614_k141_239722,0.02090718052271598,1.6425050510351116e-05,0.5011673151750973
SM,201630,49614--sample_49614_k141_714468,0.017277398311162272,1.0949213376179459e-05,0.5
SM,201630,49614--sample_49614_k141_1994231,0.02341591780514151,2.058096714249735e-05,0.5019485580670304
SM,201630,49614--sample_49614_k141_2178769,0.022164833497795848,1.8479451438376058e-05,0.5015576323987538
SM,201630,49614--sample_49614_k141_461285,0.017201293926905233,1.098873869273262e-05,0.5
SM,201630,49614--sample_49614_k141_872999,0.02208849361486409,1.85124108987825e-05,0.5015576323987538
SM,201630,49614--sample_49614_k141_60460,0.019606262116290123,1.4528167034449517e-05,0.5007776049766719
SM,201630,49614--sample_49614_k141_2173118,0.02090244768589858,1.643145489907524e-05,0.5011673151750973
SM,201630,49614--sample_49614_k141_1230032,0.021037070787176225,1.6254470794663637e-05,0.5011673151750973
SM,201630,49614--sample_49614_k141_2164689,0.01845709528499504,1.2641880051199623e-05,0.5003885003885004
SM,201630,49614--sample_49614_k141_153009,0.0221413621138972,1.8435373064892335e-05,0.5015576323987538
SM,201630,49614--sample_49614_k141_38739,0.015975963931107253,9.39959102902602e-06,0.49961210240496506
SM,201630,49614--sample_49614_k141_978190,0.017389316242238557,1.0811891638944024e-05,0.5
SM,201630,49614--sample_49614_k141_1331948,0.01972329498965863,1.4476176258543285e-05,0.5007776049766719
SM,201630,49614--sample_49614_k141_736090,0.019789959130384865,1.4380415350357421e-05,0.5007776049766719
SM,201630,49614--sample_49614_k141_693752,0.01722202949293314,1.0965402904986884e-05,0.5
SM,201630,49614--sample_49614_k141_768537,0.020770709673496326,1.6559550755512616e-05,0.5011673151750973
SM,201630,49614--sample_49614_k141_1297508,0.01972757991745891,1.4488005972994625e-05,0.5007776049766719
SM,201630,49614--sample_49614_k141_1820469,0.022140672259663343,1.847236514373463e-05,0.5015576323987538
SM,201630,49614--sample_49614_k141_983271,0.019625355286642467,1.4504006880191709e-05,0.5007776049766719
SM,201630,49614--sample_49614_k141_1706254,0.022111479929416276,1.8541998720562052e-05,0.5015576323987538
SM,201630,49614--sample_49614_k141_2143008,0.024510539961602695,2.3017487393961884e-05,0.5023400936037441
SM,201630,49614--sample_49614_k141_917802,0.018454545583531656,1.2681447190088238e-05,0.5003885003885004
SM,201630,49614--sample_49614_k141_1082226,0.019710455205827385,1.4488475608018315e-05,0.5007776049766719
SM,201630,49614--sample_49614_k141_2049411,0.02336672793952195,2.064759467273053e-05,0.5019485580670304
SM,201630,49614--sample_49614_k141_1581344,0.019729140495670563,1.4455625975397144e-05,0.5007776049766719
SM,201630,49614--sample_49614_k141_625148,0.023330567011351454,2.066635289195397e-05,0.5019485580670304
SM,201630,49614--sample_49614_k141_1609489,0.014945209106304933,7.80991757893426e-06,0.4992248062015504
SM,201630,49614--sample_49614_k141_65000,0.021003115970573662,1.6288728015138307e-05,0.5011673151750973
SM,201630,49614--sample_49614_k141_301897,0.014849501495539737,7.882159232827023e-06,0.4992248062015504
SM,201630,49614--sample_49614_k141_1808202,0.01843885394460682,1.2707023696833521e-05,0.5003885003885004
SM,201630,49614--sample_49614_k141_455871,0.017185687795441825,1.1028421853399067e-05,0.5
SM,201630,49614--sample_49614_k141_1432154,0.02210652454803523,1.8547433007327653e-05,0.5015576323987538
SM,201630,49614--sample_49614_k141_974705,0.02093899322844638,1.639061140912171e-05,0.5011673151750973
SM,201630,49614--sample_49614_k141_945712,0.013424284216286872,6.7317860073351636e-06,0.4988381099922541
SM,201630,49614--sample_49614_k141_82393,0.019712552949067253,1.4465301827005929e-05,0.5007776049766719
SM,201630,49614--sample_49614_k141_1302202,0.022205519285716676,1.8386712112933382e-05,0.5015576323987538
SM,201630,49614--sample_49614_k141_290227,0.01840094415868811,1.2705759022818865e-05,0.5003885003885004
SM,201630,49614--sample_49614_k141_2198304,0.02349060638138406,2.047127594865363e-05,0.5019485580670304
SM,201630,49614--sample_49614_k141_1239175,0.02224781130369657,1.835102665628253e-05,0.5015576323987538
SM,201630,49614--sample_49614_k141_581161,0.018372594291610814,1.2768887732342213e-05,0.5003885003885004
SM,201630,49614--sample_49614_k141_1129144,0.018496789054749302,1.2599905489155025e-05,0.5003885003885004
SM,201630,49614--sample_49614_k141_517086,0.024496550430347045,2.3021934743318798e-05,0.5023400936037441
SM,201630,49614--sample_49614_k141_734937,0.01719038228666603,1.0990929903411299e-05,0.5
SM,201630,49614--sample_49614_k141_1636650,0.01843613996736727,1.2694832583734052e-05,0.5003885003885004
SM,201630,49614--sample_49614_k141_1173914,0.02083296798706698,1.6573125092205974e-05,0.5011673151750973
SM,201630,49614--sample_49614_k141_945388,0.02206799936488083,1.8569441628864366e-05,0.5015576323987538
SM,201630,49614--sample_49614_k141_518814,0.02330842553651907,2.0680464017149776e-05,0.5019485580670304
SM,201630,49614--sample_49614_k141_1499111,0.022051308898216066,1.8581486118467542e-05,0.5015576323987538
SM,201630,49614--sample_49614_k141_1431,0.02467767197083115,2.2817356541659937e-05,0.5023400936037441
SM,201630,49614--sample_49614_k141_2129664,0.02207253550687752,1.854060597176863e-05,0.5015576323987538
SM,201630,49614--sample_49614_k141_1838286,0.022127845789866228,1.851026622999898e-05,0.5015576323987538
SM,201630,49614--sample_49614_k141_533429,0.02092294052042574,1.641569255843771e-05,0.5011673151750973
SM,201630,49614--sample_49614_k141_1809878,0.018475093054187215,1.2655149530208831e-05,0.5003885003885004
SM,201630,49614--sample_49614_k141_924335,0.0221720200633369,1.8434979738538108e-05,0.5015576323987538
SM,201630,49614--sample_49614_k141_575385,0.01716904704392922,1.0993927796427654e-05,0.5
SM,201630,49614--sample_49614_k141_1317799,0.014633869720793061,8.069987005148244e-06,0.4992248062015504
SM,201630,49614--sample_49614_k141_1611182,0.017255383451444697,1.0968677975539923e-05,0.5
SM,201630,49614--sample_49614_k141_330023,0.024656182942455435,2.2833169817036033e-05,0.5023400936037441
SM,201630,49614--sample_49614_k141_918242,0.017215805915998385,1.1027224372099867e-05,0.5
SM,201630,49614--sample_49614_k141_2021145,0.02341660986569137,2.062669933521219e-05,0.5019485580670304
SM,201630,49614--sample_49614_k141_1050375,0.023280758544490958,2.0784475165435877e-05,0.5019485580670304
SM,201630,49614--sample_49614_k141_248429,0.019770705851102358,1.435794455638221e-05,0.5007776049766719
SM,201630,49614--sample_49614_k141_2013565,0.019798865002432622,1.436303141483119e-05,0.5007776049766719
SM,201630,49614--sample_49614_k141_1607582,0.017321469245769296,1.0899752337365604e-05,0.5
SM,201630,49614--sample_49614_k141_3196,0.02219063766019956,1.8437582935010938e-05,0.5015576323987538
SM,201630,49614--sample_49614_k141_134781,0.022214204926116272,1.8394428753481392e-05,0.5015576323987538
SM,201630,49614--sample_49614_k141_519892,0.019593899181868244,1.459694660075439e-05,0.5007776049766719
SM,201630,49614--sample_49614_k141_1887436,0.019689866596445633,1.4473798165104675e-05,0.5007776049766719
SM,201630,49614--sample_49614_k141_1615394,0.01727056540771215,1.0959835345781389e-05,0.5
SM,201630,49614--sample_49614_k141_4744,0.020956416728093934,1.635846917786676e-05,0.5011673151750973
SM,201630,49614--sample_49614_k141_1820321,0.024710106165709955,2.2772057064612863e-05,0.5023400936037441
SM,201630,49614--sample_49614_k141_806895,0.023391087458837976,2.0570195552309525e-05,0.5019485580670304
SM,201630,49614--sample_49614_k141_541379,0.02083486148653477,1.644341222396194e-05,0.5011673151750973
SM,201630,49614--sample_49614_k141_1890593,0.02337391281732115,2.0592153677629167e-05,0.5019485580670304
SM,201630,49614--sample_49614_k141_590446,0.023321546322563825,2.07368663601211e-05,0.5019485580670304
SM,201630,49614--sample_49614_k141_1777190,0.0208850470679118,1.6500788065270113e-05,0.5011673151750973
SM,201630,49614--sample_49614_k141_1243219,0.015965469231375016,9.467868970294558e-06,0.49961210240496506
SM,201630,49614--sample_49614_k141_2043775,0.01852081567488264,1.260909757625735e-05,0.5003885003885004
SM,201630,49614--sample_49614_k141_1387687,0.019639226881426122,1.4508214336243406e-05,0.5007776049766719
SM,201630,49614--sample_49614_k141_2306863,0.017146714896524126,1.103923786274435e-05,0.5
SM,201630,49614--sample_49614_k141_1359850,0.020941926683647537,1.6396131274494947e-05,0.5011673151750973
SM,201630,49614--sample_49614_k141_559284,0.019600735232851288,1.457621929526567e-05,0.5007776049766719
SM,201630,49614--sample_49614_k141_2091805,0.011043539938248303,4.361809301788717e-06,0.49768160741885625
SM,201630,49614--sample_49614_k141_834841,0.021061965625508054,1.6279809672533597e-05,0.5011673151750973
SM,201630,49614--sample_49614_k141_135183,0.020848565411110853,1.6478175960887866e-05,0.5011673151750973
SM,201630,49614--sample_49614_k141_271904,0.019587476338584524,1.4544565620605905e-05,0.5007776049766719
SM,201630,49614--sample_49614_k141_2240088,0.01472635651304576,8.047402550789505e-06,0.4992248062015504
SM,201630,49614--sample_49614_k141_838838,0.025870462856072404,2.52936343032511e-05,0.5027322404371585
SM,201630,49614--sample_49614_k141_331421,0.020884261579653174,1.644901504638358e-05,0.5011673151750973
SM,201630,49614--sample_49614_k141_1716839,0.013559430332751317,6.605050710982659e-06,0.4988381099922541
SM,201630,49614--sample_49614_k141_1819997,0.01974623826459033,1.4447877757288358e-05,0.5007776049766719
SM,201630,49614--sample_49614_k141_1586341,0.017163166027148534,1.0971255280566775e-05,0.5
SM,201630,49614--sample_49614_k141_2131776,0.024451138786978355,2.3155706842155883e-05,0.5023400936037441
SM,201630,49614--sample_49614_k141_1339374,0.015953182912077906,9.480231019681127e-06,0.49961210240496506
SM,201630,49614--sample_49614_k141_31048,0.017133691167834777,1.103593211913987e-05,0.5
SM,201630,49614--sample_49614_k141_1871025,0.021004413043917328,1.6320888452893472e-05,0.5011673151750973
SM,201630,49614--sample_49614_k141_995602,0.018455034398949927,1.2703446886624086e-05,0.5003885003885004
SM,201630,49614--sample_49614_k141_459191,0.019659261485598867,1.4580522322037802e-05,0.5007776049766719
SM,201630,49614--sample_49614_k141_1160020,0.02088865179076782,1.636570508783205e-05,0.5011673151750973
SM,201630,49614--sample_49614_k141_871051,0.020912632263069993,1.637660101705913e-05,0.5011673151750973
SM,201630,49614--sample_49614_k141_1387103,0.01854170702505603,1.2601706118176827e-05,0.5003885003885004
SM,201630,49614--sample_49614_k141_70929,0.019678799743285912,1.4502018967582631e-05,0.5007776049766719
SM,201630,49614--sample_49614_k141_674158,0.01964767540741438,1.4527551709649166e-05,0.5007776049766719
SM,201630,49614--sample_49614_k141_148117,0.019681368195285442,1.4477157545152444e-05,0.5007776049766719
SM,201630,49614--sample_49614_k141_2202806,0.015970149881325026,9.442852080879957e-06,0.49961210240496506
SM,201630,49614--sample_49614_k141_2190878,0.02091291066274206,1.641571689474995e-05,0.5011673151750973
SM,201630,49614--sample_49614_k141_1326880,0.017300868795620636,1.091844267159025e-05,0.5
SM,201630,49614--sample_49614_k141_2097207,0.01705505643479428,1.1136587901756568e-05,0.5
SM,201630,49614--sample_49614_k141_325554,0.018368320153491286,1.2760000954082602e-05,0.5003885003885004
SM,201630,49614--sample_49614_k141_658929,0.022239626551754873,1.8331686490146024e-05,0.5015576323987538
SM,201630,49614--sample_49614_k141_844689,0.020914555974110294,1.6346905220496528e-05,0.5011673151750973
SM,201630,49614--sample_49614_k141_1178427,0.012294243067245038,5.401334219396085e-06,0.4984520123839009
SM,201630,49614--sample_49614_k141_924455,0.02451516440562927,2.3077586217904703e-05,0.5023400936037441
SM,201630,49614--sample_49614_k141_548218,0.020944279017494776,1.64055422976949e-05,0.5011673151750973
SM,201630,49614--sample_49614_k141_157529,0.016004786566147407,9.419480348060546e-06,0.49961210240496506
SM,201630,49614--sample_49614_k141_1043792,0.02455455453093572,2.3064237150298986e-05,0.5023400936037441
SM,201630,49614--sample_49614_k141_282500,0.017391297184188956,1.0836700207385083e-05,0.5
SM,201630,49614--sample_49614_k141_1047512,0.01976396578084203,1.4333979876919507e-05,0.5007776049766719
SM,201630,49614--sample_49614_k141_1812456,0.01840904593487739,1.2679000625379794e-05,0.5003885003885004
SM,201630,49614--sample_49614_k141_991277,0.020894802332170614,1.6479185960213898e-05,0.5011673151750973
SM,201630,49614--sample_49614_k141_2155159,0.01961794754073197,1.4545677676933486e-05,0.5007776049766719
SM,201630,49614--sample_49614_k141_1515117,0.015983213490508397,9.404948059681416e-06,0.49961210240496506
SM,201630,49614--sample_49614_k141_1610034,0.020829341501915392,1.65374227118038e-05,0.5011673151750973
SM,201630,49614--sample_49614_k141_438690,0.023401761653917035,2.058380005297794e-05,0.5019485580670304
SM,201630,49614--sample_49614_k141_2037150,0.019700052912529364,1.4440054919552986e-05,0.5007776049766719
SM,201630,49614--sample_49614_k141_67510,0.014770912767242433,7.961699031592687e-06,0.4992248062015504
SM,201630,49614--sample_49614_k141_1822828,0.0172703354916684,1.0960502176993987e-05,0.5
SM,201630,49614--sample_49614_k141_2097969,0.02212096520081294,1.842204904584362e-05,0.5015576323987538
SM,201630,49614--sample_49614_k141_2301029,0.017146697831502272,1.111042756762217e-05,0.5
SM,201630,49614--sample_49614_k141_2118289,0.018496426313452392,1.2658514973665255e-05,0.5003885003885004
SM,201630,49614--sample_49614_k141_1139755,0.02094294107310712,1.6377324029128832e-05,0.5011673151750973
SM,201630,49614--sample_49614_k141_1080344,0.016087181981665727,9.32642786817739e-06,0.49961210240496506
SM,201630,49614--sample_49614_k141_1880545,0.01978987458858562,1.4367844835194722e-05,0.5007776049766719
SM,201630,49614--sample_49614_k141_326091,0.0245853473393305,2.3045350887925216e-05,0.5023400936037441
SM,201630,49614--sample_49614_k141_1735259,0.019608976780915412,1.4561411528505331e-05,0.5007776049766719
SM,201630,49614--sample_49614_k141_2139246,0.02449136839473991,2.3103482014118034e-05,0.5023400936037441
SM,201630,49614--sample_49614_k141_178616,0.02334615721342593,2.0693310047121068e-05,0.5019485580670304
SM,201630,49614--sample_49614_k141_759014,0.018544437355846717,1.2620034636284197e-05,0.5003885003885004
SM,201630,49614--sample_49614_k141_2133054,0.017113591898639542,1.1091571867936087e-05,0.5
SM,201630,49614--sample_49614_k141_31529,0.023275173694481066,2.074626718457074e-05,0.5019485580670304
SM,201630,49614--sample_49614_k141_2215540,0.017202263489793104,1.0996848982307454e-05,0.5
SM,201630,49614--sample_49614_k141_1884003,0.014778241433910445,7.97420340238665e-06,0.4992248062015504
SM,201630,49614--sample_49614_k141_1264935,0.022092818956622046,1.8539312819892202e-05,0.5015576323987538
SM,201630,49614--sample_49614_k141_2180922,0.023265734153906484,2.0795001473775244e-05,0.5019485580670304
SM,201630,49614--sample_49614_k141_111426,0.019572361732306656,1.4599576565112528e-05,0.5007776049766719
SM,201630,49614--sample_49614_k141_1220811,0.02087488017499978,1.6388007210943326e-05,0.5011673151750973
SM,201630,49614--sample_49614_k141_1429385,0.022089447046314784,1.8525836137617517e-05,0.5015576323987538
SM,201630,49614--sample_49614_k141_1044103,0.020956893951838237,1.6401877344110242e-05,0.5011673151750973
SM,201630,49614--sample_49614_k141_382567,0.02338508949744637,2.0624311623030055e-05,0.5019485580670304
SM,201630,49614--sample_49614_k141_1960330,0.019651822344963852,1.4511491436292977e-05,0.5007776049766719
SM,201630,49614--sample_49614_k141_1204302,0.02344025342944475,2.0598275584506565e-05,0.5019485580670304
SM,201630,49614--sample_49614_k141_1362863,0.018368990521239456,1.2792674780841286e-05,0.5003885003885004
SM,201630,49614--sample_49614_k141_562944,0.022048805574154624,1.859251323164676e-05,0.5015576323987538
SM,201630,49614--sample_49614_k141_267755,0.01838898493606489,1.2744255803241872e-05,0.5003885003885004
SM,201630,49614--sample_49614_k141_1049069,0.020913314000440757,1.63987549025686e-05,0.5011673151750973
SM,201630,49614--sample_49614_k141_2236854,0.01846239275175462,1.2649624158725259e-05,0.5003885003885004
SM,201630,49614--sample_49614_k141_345881,0.023362444044718468,2.0707801496923176e-05,0.5019485580670304
SM,201630,49614--sample_49614_k141_1709526,0.018455526978271606,1.2643833338606743e-05,0.5003885003885004
SM,201630,49614--sample_49614_k141_1273134,0.01969274857974449,1.4464394654460242e-05,0.5007776049766719
SM,201630,49614--sample_49614_k141_1003738,0.01593617132287497,9.48213638427043e-06,0.49961210240496506
SM,201630,49614--sample_49614_k141_155685,0.019696631829075537,1.4483155560370873e-05,0.5007776049766719
SM,201630,49614--sample_49614_k141_799411,0.020935437336810983,1.6362254648418227e-05,0.5011673151750973
SM,201630,49614--sample_49614_k141_1876905,0.023402578555588593,2.0590525347797346e-05,0.5019485580670304
SM,201630,49614--sample_49614_k141_6229,0.02212013304662023,1.8464060542308673e-05,0.5015576323987538
SM,201630,49614--sample_49614_k141_899836,0.017175694341849915,1.100390539702061e-05,0.5
SM,201630,49614--sample_49614_k141_262877,0.01588263279054072,9.511328825158613e-06,0.49961210240496506
SM,201630,49614--sample_49614_k141_446802,0.020907175673527973,1.6434906913263928e-05,0.5011673151750973
SM,201630,49614--sample_49614_k141_861245,0.01855319842953109,1.263640949857097e-05,0.5003885003885004
SM,201630,49614--sample_49614_k141_1043592,0.023392968050538764,2.0627041839000252e-05,0.5019485580670304
SM,201630,49614--sample_49614_k141_373499,0.0234633640959688,2.053254147801392e-05,0.5019485580670304
SM,201630,49614--sample_49614_k141_1873429,0.019848645995549405,1.4332583697082306e-05,0.5007776049766719
SM,201630,49614--sample_49614_k141_941148,0.02220116039653395,1.8392690567179472e-05,0.5015576323987538
SM,201630,49614--sample_49614_k141_334906,0.025838068562097746,2.534837994927424e-05,0.5027322404371585
SM,201630,49614--sample_49614_k141_317393,0.018520073510776128,1.2622170614737038e-05,0.5003885003885004
SM,201630,49614--sample_49614_k141_1942210,0.017280147227526233,1.0965911021487762e-05,0.5
SM,201630,49614--sample_49614_k141_914702,0.0246019897936874,2.2863513189243706e-05,0.5023400936037441
SM,201630,49614--sample_49614_k141_991415,0.024644854462747338,2.2946017411769353e-05,0.5023400936037441
SM,201630,49614--sample_49614_k141_274775,0.01842567690463679,1.271747004600071e-05,0.5003885003885004
SM,201630,49614--sample_49614_k141_2255621,0.018358192004509655,1.2802437085184381e-05,0.5003885003885004
SM,201630,49614--sample_49614_k141_52808,0.019793298316811203,1.4335204746905393e-05,0.5007776049766719
SM,201630,49614--sample_49614_k141_2244732,0.020842536344457187,1.646640625677256e-05,0.5011673151750973
SM,201630,49614--sample_49614_k141_1578368,0.018433167218826995,1.2693247205840957e-05,0.5003885003885004
SM,201630,49614--sample_49614_k141_915233,0.018404343206623038,1.2744305763576998e-05,0.5003885003885004
SM,201630,49614--sample_49614_k141_199705,0.018488953082751038,1.2660004297266126e-05,0.5003885003885004
SM,201630,49614--sample_49614_k141_897184,0.014693511131961571,7.994713153653956e-06,0.4992248062015504
SM,201630,49614--sample_49614_k141_1964044,0.025800784961385576,2.5383189955458993e-05,0.5027322404371585
SM,201630,49614--sample_49614_k141_802310,0.01729544903353963,1.0937027104149976e-05,0.5
SM,201630,49614--sample_49614_k141_1636768,0.023368865668947594,2.0610816378967748e-05,0.5019485580670304
SM,201630,49614--sample_49614_k141_1410062,0.013557676108952655,6.6400958368085886e-06,0.4988381099922541
SM,201630,49614--sample_49614_k141_2239437,0.024572459885066126,2.3014647067784808e-05,0.5023400936037441
SM,201630,49614--sample_49614_k141_380558,0.017217594848896223,1.0959386413477121e-05,0.5
SM,201630,49614--sample_49614_k141_825477,0.01710800276204715,1.1093189312329332e-05,0.5
SM,201630,49614--sample_49614_k141_1431426,0.02086697842329695,1.6487218218424172e-05,0.5011673151750973
SM,201630,49614--sample_49614_k141_782554,0.016026781635539944,9.402224863918192e-06,0.49961210240496506
SM,201630,49614--sample_49614_k141_1469720,0.017173472561273575,1.1043256391966707e-05,0.5
SM,201630,49614--sample_49614_k141_1483598,0.017287318391350077,1.0902742471946128e-05,0.5
SM,201630,49614--sample_49614_k141_1641711,0.024691692621613817,2.282487907671697e-05,0.5023400936037441
SM,201630,49614--sample_49614_k141_430119,0.01970859588018141,1.4472639563606817e-05,0.5007776049766719
SM,201630,49614--sample_49614_k141_1480657,0.018462997635332087,1.263458174007451e-05,0.5003885003885004
SM,201630,49614--sample_49614_k141_1548523,0.017171378705025265,1.1036185125365987e-05,0.5
SM,201630,49614--sample_49614_k141_1466444,0.018467110965548927,1.2673131395499377e-05,0.5003885003885004
SM,201630,49614--sample_49614_k141_997447,0.019691911012637498,1.4510985753415692e-05,0.5007776049766719
SM,201630,49614--sample_49614_k141_781022,0.01710180714423696,1.1075058005417821e-05,0.5
SM,201630,49614--sample_49614_k141_2199480,0.020961369176224574,1.6414173574010937e-05,0.5011673151750973
SM,201630,49614--sample_49614_k141_1705538,0.017285525849387275,1.0924899190681818e-05,0.5
SM,201630,49614--sample_49614_k141_1802869,0.014765128043513613,7.992634162662273e-06,0.4992248062015504
SM,201630,49614--sample_49614_k141_976496,0.013620918096504748,6.590381169353115e-06,0.4988381099922541
SM,201630,49614--sample_49614_k141_1998437,0.013430093783679016,6.738053969016226e-06,0.4988381099922541
SM,201630,49614--sample_49614_k141_802719,0.022243859231798904,1.8344173748890474e-05,0.5015576323987538
SM,201630,49614--sample_49614_k141_177839,0.02333542132717486,2.068939337767955e-05,0.5019485580670304
SM,201630,49614--sample_49614_k141_1735303,0.019655501624335703,1.4475576770444984e-05,0.5007776049766719
SM,201630,49614--sample_49614_k141_1404475,0.021002017127765407,1.6297262984782578e-05,0.5011673151750973
SM,201630,49614--sample_49614_k141_730698,0.019663539928996436,1.4586042848784546e-05,0.5007776049766719
SM,201630,49614--sample_49614_k141_154118,0.022173752259362082,1.838370055220698e-05,0.5015576323987538
SM,201630,49614--sample_49614_k141_514814,0.01977490558791661,1.4400296341755689e-05,0.5007776049766719
SM,201630,49614--sample_49614_k141_1898739,0.022154511954815406,1.8479130130812068e-05,0.5015576323987538
SM,201630,49614--sample_49614_k141_470294,0.01741395545204074,1.0806096265540562e-05,0.5
SM,201630,49614--sample_49614_k141_927748,0.015970980935316872,9.35589874621303e-06,0.49961210240496506
SM,201630,49614--sample_49614_k141_204516,0.020903824716355535,1.6426847934420197e-05,0.5011673151750973
SM,201630,49614--sample_49614_k141_471890,0.014819387793726494,7.889751375599631e-06,0.4992248062015504
SM,201630,49614--sample_49614_k141_346409,0.020852857139408307,1.6483608246430983e-05,0.5011673151750973
SM,201630,49614--sample_49614_k141_1537708,0.02334969056793921,2.0680943954136043e-05,0.5019485580670304
SM,201630,49614--sample_49614_k141_1306799,0.019699569496619728,1.4424184082935738e-05,0.5007776049766719
SM,201630,49614--sample_49614_k141_66793,0.02221069845512539,1.8326220601047155e-05,0.5015576323987538
SM,201630,49614--sample_49614_k141_989275,0.01713699656471884,1.105234006503019e-05,0.5
SM,201630,49614--sample_49614_k141_1514836,0.019666079075571653,1.446772901261912e-05,0.5007776049766719
SM,201630,49614--sample_49614_k141_1277494,0.01962091832842631,1.4521242910690928e-05,0.5007776049766719
SM,201630,49614--sample_49614_k141_1991756,0.020996985052342813,1.635347641326886e-05,0.5011673151750973
SM,201630,49614--sample_49614_k141_1765056,0.022138514379240457,1.8469955462821375e-05,0.5015576323987538
SM,201630,49614--sample_49614_k141_948677,0.024528850098956084,2.3023944297961368e-05,0.5023400936037441
SM,201630,49614--sample_49614_k141_1781326,0.022194411596742656,1.8422116767109027e-05,0.5015576323987538
SM,201630,49614--sample_49614_k141_14914,0.024640240112184048,2.2923651817577547e-05,0.5023400936037441
SM,201630,49614--sample_49614_k141_1024350,0.024512965470709885,2.3064857961509097e-05,0.5023400936037441
SM,201630,49614--sample_49614_k141_643060,0.018365315022732774,1.2789306248354313e-05,0.5003885003885004
SM,201630,49614--sample_49614_k141_347653,0.01959606179590729,1.4607766613876815e-05,0.5007776049766719
SM,201630,49614--sample_49614_k141_826830,0.014739851420425684,8.005160757655916e-06,0.4992248062015504
SM,201630,49614--sample_49614_k141_1543738,0.015968132166170452,9.424951519206465e-06,0.49961210240496506
SM,201630,49614--sample_49614_k141_405254,0.024598309376601714,2.293742880136939e-05,0.5023400936037441
SM,201630,49614--sample_49614_k141_1562782,0.02093537328654834,1.637832991157666e-05,0.5011673151750973
SM,201630,49614--sample_49614_k141_1907383,0.01963321764996172,1.4522522083909986e-05,0.5007776049766719
SM,201630,49614--sample_49614_k141_841379,0.012280325821517644,5.437473340834765e-06,0.4984520123839009
SM,201630,49614--sample_49614_k141_1233744,0.02335172617241786,2.068433332408242e-05,0.5019485580670304
SM,201630,49614--sample_49614_k141_769477,0.024697554494875824,2.2858939146319215e-05,0.5023400936037441
SM,201630,49614--sample_49614_k141_424750,0.01605916798385622,9.343353840754469e-06,0.49961210240496506
SM,201630,49614--sample_49614_k141_94425,0.017189581740428454,1.1035536220056044e-05,0.5
SM,201630,49614--sample_49614_k141_164102,0.01480447749623592,7.931811276895708e-06,0.4992248062015504
SM,201630,49614--sample_49614_k141_345191,0.01962326560990187,1.4570863507263829e-05,0.5007776049766719
SM,201630,49614--sample_49614_k141_9421,0.017250743433328313,1.094967596917912e-05,0.5
SM,201630,49614--sample_49614_k141_653688,0.018346881505077836,1.2749693820180705e-05,0.5003885003885004
SM,201630,49614--sample_49614_k141_2023550,0.01597689428730991,9.383828004542478e-06,0.49961210240496506
SM,201630,49614--sample_49614_k141_1060450,0.018412884080024446,1.266715400972148e-05,0.5003885003885004
SM,201630,49614--sample_49614_k141_664059,0.018584703082162448,1.2536563327784142e-05,0.5003885003885004
SM,201630,49614--sample_49614_k141_1372677,0.019660664200223586,1.4457854647995299e-05,0.5007776049766719
SM,201630,49614--sample_49614_k141_1178417,0.014838724407959478,7.90504354661274e-06,0.4992248062015504
SM,201630,49614--sample_49614_k141_1102734,0.01838353511224804,1.2805490856683787e-05,0.5003885003885004
SM,201630,49614--sample_49614_k141_1537015,0.0147329603786003,7.96761576673247e-06,0.4992248062015504
SM,201630,49614--sample_49614_k141_1594800,0.022156024022995765,1.848947415578594e-05,0.5015576323987538
SM,201630,49614--sample_49614_k141_715581,0.012236961958049727,5.483882049164956e-06,0.4980665119876257
SM,201630,49614--sample_49614_k141_569077,0.020861082988116852,1.644762371397039e-05,0.5011673151750973
SM,201630,49614--sample_49614_k141_155282,0.02090031631963037,1.6467415291189526e-05,0.5011673151750973
SM,201630,49614--sample_49614_k141_1912022,0.012410373272737996,5.389621559077886e-06,0.4984520123839009
SM,201630,49614--sample_49614_k141_1674154,0.020905025572290778,1.6443534624654953e-05,0.5011673151750973
SM,201630,49614--sample_49614_k141_812294,0.02078623612663102,1.652184240976241e-05,0.5011673151750973
SM,201630,49614--sample_49614_k141_1135820,0.018517991502160953,1.2650331762188628e-05,0.5003885003885004
SM,201630,49614--sample_49614_k141_1493257,0.024648700726889895,2.2889320526695677e-05,0.5023400936037441
SM,201630,49614--sample_49614_k141_1744629,0.02101939323230566,1.6318167079223014e-05,0.5011673151750973
SM,201630,49614--sample_49614_k141_464736,0.0196925369008548,1.4503266666833441e-05,0.5007776049766719
SM,201630,49614--sample_49614_k141_716258,0.017282358638849644,1.092256344301159e-05,0.5
SM,201630,49614--sample_49614_k141_969590,0.022142639578686407,1.8461916459042137e-05,0.5015576323987538
SM,201630,49614--sample_49614_k141_335903,0.014786103207050838,7.939412912877125e-06,0.4992248062015504
SM,201630,49614--sample_49614_k141_795014,0.020918779693880302,1.6442275992172495e-05,0.5011673151750973
SM,201630,49614--sample_49614_k141_1901194,0.019703383990804315,1.447675443177571e-05,0.5007776049766719
SM,201630,49614--sample_49614_k141_594973,0.018453046686153433,1.2641302730719333e-05,0.5003885003885004
SM,201630,49614--sample_49614_k141_603743,0.02457444698152778,2.295807963882666e-05,0.5023400936037441
SM,201630,49614--sample_49614_k141_1208694,0.017212918642563788,1.1032209809123219e-05,0.5
SM,201630,49614--sample_49614_k141_1609013,0.017145781552680567,1.10563929147462e-05,0.5
SM,201630,49614--sample_49614_k141_67942,0.019619527156886158,1.4563125698178672e-05,0.5007776049766719
SM,201630,49614--sample_49614_k141_846583,0.01723274215953482,1.0979253167905776e-05,0.5
SM,201630,49614--sample_49614_k141_325235,0.019742547809095883,1.4492901975382514e-05,0.5007776049766719
SM,201630,49614--sample_49614_k141_2305531,0.020810574981617605,1.6514376814435657e-05,0.5011673151750973
SM,201630,49614--sample_49614_k141_1792272,0.0183457704438933,1.2782390039216203e-05,0.5003885003885004
SM,201630,49614--sample_49614_k141_743960,0.018483362570790376,1.259669722437995e-05,0.5003885003885004
SM,201630,49614--sample_49614_k141_612250,0.020966198432755274,1.6356207595276443e-05,0.5011673151750973
SM,201630,49614--sample_49614_k141_412145,0.019787356853520944,1.438006350290491e-05,0.5007776049766719
SM,201630,49620--sample_49620_k141_877568,0.02088636854230586,1.6475121238672226e-05,0.5011673151750973
SM,201630,49627--sample_49627_k141_882399,0.01975886769386612,1.4434443620173429e-05,0.5007776049766719
SM,201630,49625--sample_49625_k141_420390,0.01979321896611421,1.4369476423889667e-05,0.5007776049766719
SM,201630,49623--sample_49623_k141_465025,0.01718265399488929,1.0995197214604558e-05,0.5
SM,201630,49626--sample_49626_k141_540134,0.016001693986037468,9.391574615450345e-06,0.49961210240496506
SM,201630,49620--sample_49620_k141_767928,0.01598772797018575,9.438335210199401e-06,0.49961210240496506
SM,201630,49620--sample_49620_k141_568710,0.022068790949110195,1.856176190540145e-05,0.5015576323987538
SM,201630,49620--sample_49620_k141_806973,0.019668791050486197,1.4555441571955588e-05,0.5007776049766719
SM,201630,49620--sample_49620_k141_567263,0.018543458542949635,1.2567029486870063e-05,0.5003885003885004
SM,201630,49628--sample_49628_k141_531267,0.027056207861950517,2.788695982944138e-05,0.503125
SM,201630,49623--sample_49623_k141_1041969,0.019616728572678196,1.4582841969996055e-05,0.5007776049766719
SM,201630,49623--sample_49623_k141_608894,0.015933872519489595,9.482685847735543e-06,0.49961210240496506
SM,201630,49627--sample_49627_k141_597049,0.0160477916137115,9.349524977501949e-06,0.49961210240496506
SM,201630,49620--sample_49620_k141_602635,0.02091136734249725,1.6428082219508355e-05,0.5011673151750973
SM,201630,49620--sample_49620_k141_662239,0.022173386208514945,1.8400817217072367e-05,0.5015576323987538
SM,201630,49624--sample_49624_k141_867497,0.016102975748820237,9.334207524354787e-06,0.49961210240496506
SM,201630,49620--sample_49620_k141_684559,0.0207662794509674,1.65761429721104e-05,0.5011673151750973
SM,201630,49620--sample_49620_k141_520577,0.015998089511911867,9.422112319771763e-06,0.49961210240496506
SM,201630,49620--sample_49620_k141_366325,0.02212980153210759,1.848406361803809e-05,0.5015576323987538
SM,201630,49623--sample_49623_k141_1264227,0.022070184332130316,1.856765836805078e-05,0.5015576323987538
SM,201630,49620--sample_49620_k141_375368,0.014679632831978736,8.034885980437415e-06,0.4992248062015504
SM,201630,49620--sample_49620_k141_593506,0.017316358637109442,1.0858654953203393e-05,0.5
SM,201630,49624--sample_49624_k141_995177,0.019688272994040763,1.4513184586530105e-05,0.5007776049766719
SM,201630,49624--sample_49624_k141_206758,0.020933170354746032,1.640272981116692e-05,0.5011673151750973
SM,201630,49620--sample_49620_k141_689599,0.018483182806120563,1.2664881692762067e-05,0.5003885003885004
SM,201630,49623--sample_49623_k141_283004,0.02344135531455464,2.059912424134052e-05,0.5019485580670304
SM,201630,49621--sample_49621_k141_803927,0.019628392136567543,1.4537576002993515e-05,0.5007776049766719
SM,201630,49620--sample_49620_k141_756043,0.013572821461010904,6.565753553974524e-06,0.4984520123839009
SM,201630,49624--sample_49624_k141_477029,0.016030789246048508,9.362146480351528e-06,0.49961210240496506
SM,201630,49621--sample_49621_k141_972296,0.017377796081707066,1.086922047212027e-05,0.5
SM,201630,49628--sample_49628_k141_401383,0.02208836604624246,1.8509493833434627e-05,0.5015576323987538
SM,201630,49623--sample_49623_k141_553477,0.019727438501865223,1.4424809077434342e-05,0.5007776049766719
SM,201630,49620--sample_49620_k141_629507,0.024661928888157738,2.2832349712451734e-05,0.5023400936037441
SM,201630,49627--sample_49627_k141_620853,0.01354442949962492,6.619188435655873e-06,0.4980665119876257
SM,201630,49620--sample_49620_k141_346511,0.02097130086746005,1.637015860046025e-05,0.5011673151750973
SM,201630,49620--sample_49620_k141_863497,0.02099106364311721,1.6340388713491065e-05,0.5011673151750973
SM,201630,49623--sample_49623_k141_418215,0.02712827643778725,2.7860182623198042e-05,0.503125
SM,201630,49620--sample_49620_k141_802567,0.01482468898536917,7.916263077426558e-06,0.4992248062015504
SM,201630,49628--sample_49628_k141_1208708,0.020957889975747077,1.6297587041840133e-05,0.5011673151750973
SM,201630,49621--sample_49621_k141_484589,0.020843545945619574,1.651176399187034e-05,0.5011673151750973
SM,201630,49620--sample_49620_k141_809052,0.020923348656963454,1.6388153369251946e-05,0.5011673151750973
SM,201630,49628--sample_49628_k141_1213396,0.017267107894557373,1.0929384022658232e-05,0.5
SM,201630,49626--sample_49626_k141_546019,0.022167587055025636,1.846026753671064e-05,0.5015576323987538
SM,201630,49620--sample_49620_k141_475529,0.019676665574409585,1.4437859099255965e-05,0.5007776049766719
SM,201630,49628--sample_49628_k141_1253647,0.02214686247397188,1.850882418240201e-05,0.5015576323987538
SM,201630,49627--sample_49627_k141_212427,0.022136008678593826,1.8502169927616286e-05,0.5015576323987538
SM,201630,49628--sample_49628_k141_1537814,0.013565445486598906,6.616221679279195e-06,0.4988381099922541
SM,201630,49625--sample_49625_k141_10991,0.015898765916353447,9.485989980450645e-06,0.49961210240496506
SM,201630,49628--sample_49628_k141_820141,0.018387648897385298,1.2791601535481751e-05,0.5003885003885004
SM,201630,49628--sample_49628_k141_935385,0.022099038838564556,1.8522082190370842e-05,0.5015576323987538
SM,201630,49622--sample_49622_k141_790072,0.02336302726495018,2.0617209427112387e-05,0.5019485580670304
SM,201630,49627--sample_49627_k141_866654,0.019603648916729718,1.4606865995781708e-05,0.5007776049766719
SM,201630,49624--sample_49624_k141_512309,0.01847439021851949,1.2696318496114768e-05,0.5003885003885004
SM,201630,49620--sample_49620_k141_863061,0.02219830772538882,1.8419310491395745e-05,0.5015576323987538
SM,201630,49622--sample_49622_k141_1034107,0.0184579435018833,1.2721491664690205e-05,0.5003885003885004
SM,201630,49628--sample_49628_k141_1268454,0.020881564044811708,1.6439753323727206e-05,0.5011673151750973
SM,201630,49620--sample_49620_k141_890514,0.017196333387087055,1.1018881684586079e-05,0.5
SM,201630,49623--sample_49623_k141_1191385,0.020894989245544438,1.6454330766253778e-05,0.5011673151750973
SM,201630,49620--sample_49620_k141_258666,0.017251440275140077,1.0935588049447798e-05,0.5
SM,201630,49623--sample_49623_k141_181373,0.01846024386923266,1.2653825021504024e-05,0.5003885003885004
SM,201630,49625--sample_49625_k141_492119,0.017066100402768736,1.1120108254529974e-05,0.5
SM,201630,49620--sample_49620_k141_652095,0.0147845604078383,7.95446767429656e-06,0.4992248062015504
SM,201630,49626--sample_49626_k141_814437,0.018275326735900006,1.2866607703474722e-05,0.5003885003885004
SM,201630,49625--sample_49625_k141_135647,0.02586915310713393,2.5272754211799288e-05,0.5027322404371585
SM,201630,49627--sample_49627_k141_505944,0.01967479944556065,1.4521367165812447e-05,0.5007776049766719
SM,201630,49625--sample_49625_k141_178018,0.022143843859407826,1.851204272447557e-05,0.5015576323987538
SM,201630,49622--sample_49622_k141_1297772,0.02333269535047762,2.067571084427873e-05,0.5019485580670304
SM,201630,49623--sample_49623_k141_1029786,0.011004170504014907,4.408912730528603e-06,0.49768160741885625
SM,201630,49623--sample_49623_k141_1276103,0.018469460294641072,1.2670848219062036e-05,0.5003885003885004
SM,201630,49627--sample_49627_k141_357650,0.02215556277962133,1.8451782156677943e-05,0.5015576323987538
SM,201630,49625--sample_49625_k141_191759,0.019624705901811108,1.4544330833524772e-05,0.5007776049766719
SM,201630,49628--sample_49628_k141_1435203,0.025899730691047167,2.5285114460576504e-05,0.5027322404371585
SM,201630,49624--sample_49624_k141_949654,0.017264513961155595,1.091772627247003e-05,0.5
SM,201630,49620--sample_49620_k141_336548,0.021055721233372744,1.623141415384169e-05,0.5011673151750973
SM,201630,49627--sample_49627_k141_712892,0.019657849860560198,1.4568274006574627e-05,0.5007776049766719
SM,201630,49625--sample_49625_k141_465783,0.020932974788831334,1.637599855296792e-05,0.5011673151750973
SM,201630,49620--sample_49620_k141_347894,0.01851139745965067,1.2639586220990784e-05,0.5003885003885004
SM,201630,49623--sample_49623_k141_1338728,0.018546648142979467,1.2582858360501294e-05,0.5003885003885004
SM,201630,49620--sample_49620_k141_424640,0.018484831451344292,1.261020735416852e-05,0.5003885003885004
SM,201630,49623--sample_49623_k141_1065488,0.017331316361997865,1.0886022286290977e-05,0.5
SM,201630,49620--sample_49620_k141_573928,0.019532616479157244,1.4669876368158569e-05,0.5007776049766719
SM,201630,49625--sample_49625_k141_399586,0.022069546484415344,1.860392491406706e-05,0.5015576323987538
SM,201630,49620--sample_49620_k141_818604,0.01983714570101735,1.4295354095826583e-05,0.5007776049766719
SM,201630,49623--sample_49623_k141_1327989,0.027008459358177663,2.7964956025872734e-05,0.503125
SM,201630,49623--sample_49623_k141_196496,0.01981111849948837,1.4348235259395595e-05,0.5007776049766719
SM,201630,49623--sample_49623_k141_852831,0.019588785238000717,1.4559195895083962e-05,0.5007776049766719
SM,201630,49623--sample_49623_k141_882330,0.01594252363578459,9.455262137189756e-06,0.49961210240496506
SM,201630,49628--sample_49628_k141_1659717,0.020946994054963128,1.640067325720322e-05,0.5011673151750973
SM,201630,49621--sample_49621_k141_1024002,0.01846742801287012,1.2659261544458019e-05,0.5003885003885004
SM,201630,49623--sample_49623_k141_568308,0.014779094620937967,7.946462706122156e-06,0.4992248062015504
SM,201630,49623--sample_49623_k141_1126180,0.019552951592944953,1.4568454005699712e-05,0.5007776049766719
SM,201630,49624--sample_49624_k141_355515,0.015946927958195547,9.436749880261038e-06,0.49961210240496506
SM,201630,49620--sample_49620_k141_765559,0.02217154790004422,1.846351592091407e-05,0.5015576323987538
SM,201630,49620--sample_49620_k141_785383,0.021005893424821384,1.6320901206136887e-05,0.5011673151750973
SM,201630,49620--sample_49620_k141_92767,0.01594199674413568,9.463617432995777e-06,0.49961210240496506
SM,201630,49624--sample_49624_k141_928685,0.01724367747988528,1.0958680912879863e-05,0.5
SM,201630,49620--sample_49620_k141_709303,0.022160697515279305,1.839662408480676e-05,0.5015576323987538
SM,201630,49623--sample_49623_k141_1060510,0.019704834538683078,1.4429304405499261e-05,0.5007776049766719
SM,201630,49623--sample_49623_k141_524298,0.022206884633973755,1.837100795269845e-05,0.5015576323987538
SM,201630,49621--sample_49621_k141_875236,0.014712745413833352,8.011217665890537e-06,0.4992248062015504
SM,201630,49627--sample_49627_k141_272944,0.022099996937242412,1.8522153436242143e-05,0.5015576323987538
SM,201630,49621--sample_49621_k141_402365,0.017303902866373875,1.092753556072332e-05,0.5
SM,201630,49620--sample_49620_k141_88663,0.018488778138080076,1.2642758240824908e-05,0.5003885003885004
SM,201630,49620--sample_49620_k141_486486,0.020920310960041547,1.64188877742741e-05,0.5011673151750973
SM,201630,49623--sample_49623_k141_1358298,0.014741517924439573,8.03108631312621e-06,0.4992248062015504
SM,201630,49627--sample_49627_k141_218199,0.022172195167621884,1.8409917073979557e-05,0.5015576323987538
SM,201630,49623--sample_49623_k141_232736,0.01970496766430572,1.4437387080235971e-05,0.5007776049766719
SM,201630,49620--sample_49620_k141_901985,0.019600125332997747,1.4547202023278667e-05,0.5007776049766719
SM,201630,49620--sample_49620_k141_646366,0.01851669110163335,1.2632503881055225e-05,0.5003885003885004
SM,201630,49623--sample_49623_k141_960129,0.018372580377951725,1.2733604135791442e-05,0.5003885003885004
SM,201630,49623--sample_49623_k141_241059,0.026988729711239952,2.8033920881553962e-05,0.503125
SM,201630,49620--sample_49620_k141_853985,0.018515755557558963,1.2579125420742933e-05,0.5003885003885004
SM,201630,49622--sample_49622_k141_1306273,0.02217419275730827,1.8478681571691303e-05,0.5015576323987538
SM,201630,49620--sample_49620_k141_365374,0.022125047026704217,1.8514948203400094e-05,0.5015576323987538
SM,201630,49623--sample_49623_k141_564461,0.020904053625021426,1.6405667857423725e-05,0.5011673151750973
SM,201630,49628--sample_49628_k141_1640420,0.018297792125649043,1.2815526188615859e-05,0.5003885003885004
SM,201630,49628--sample_49628_k141_718209,0.02090178378917613,1.6433786305693716e-05,0.5011673151750973
SM,201630,49623--sample_49623_k141_760367,0.020947531518875094,1.638094497674715e-05,0.5011673151750973
SM,201630,49620--sample_49620_k141_49753,0.01837710105349835,1.2729725833451536e-05,0.5003885003885004
SM,201630,49623--sample_49623_k141_661486,0.02098981102116347,1.6308812620849934e-05,0.5011673151750973
SM,201630,49627--sample_49627_k141_195166,0.014703511405207351,8.015958487784181e-06,0.4992248062015504
SM,201630,49628--sample_49628_k141_1299248,0.02211289428934064,1.8493919843624773e-05,0.5015576323987538
SM,201630,49623--sample_49623_k141_938959,0.02086299154662123,1.646231610469998e-05,0.5011673151750973
SM,201630,49624--sample_49624_k141_533801,0.01851314736087687,1.2638972538112241e-05,0.5003885003885004
SM,201630,49621--sample_49621_k141_224055,0.02215076953912384,1.8497045549415103e-05,0.5015576323987538
SM,201630,49627--sample_49627_k141_323121,0.019584858796666018,1.4568476629021263e-05,0.5007776049766719
SM,201630,49623--sample_49623_k141_457796,0.01850525998903941,1.2611058734359166e-05,0.5003885003885004
SM,201630,49626--sample_49626_k141_755790,0.01712095463055791,1.1056833138304176e-05,0.5
SM,201630,49625--sample_49625_k141_454481,0.02207665529126253,1.853361378143955e-05,0.5015576323987538
SM,201630,49620--sample_49620_k141_70641,0.017256776303368842,1.0952685084062995e-05,0.5
SM,201630,49624--sample_49624_k141_97572,0.020881595420635606,1.6444734994456587e-05,0.5011673151750973
SM,201630,49620--sample_49620_k141_418151,0.016075220021380426,9.358683619569635e-06,0.49961210240496506
SM,201630,49621--sample_49621_k141_1010389,0.01609582682060499,9.304205972770802e-06,0.49961210240496506
SM,201630,49620--sample_49620_k141_919365,0.022183673931213507,1.8394143730166966e-05,0.5015576323987538
SM,201630,49620--sample_49620_k141_259532,0.016056441434886905,9.365414571501114e-06,0.49961210240496506
SM,201630,49622--sample_49622_k141_1244156,0.024607473038784338,2.291318939764719e-05,0.5023400936037441
SM,201630,49628--sample_49628_k141_1125359,0.020986692680671777,1.6309846424680487e-05,0.5011673151750973
SM,201630,49623--sample_49623_k141_559190,0.01736608566578828,1.0902666220063756e-05,0.5
SM,201630,49623--sample_49623_k141_711938,0.017113369414734483,1.1076470962773126e-05,0.5
SM,201630,49620--sample_49620_k141_466066,0.02470645317821615,2.2817956272083456e-05,0.5023400936037441
SM,201630,49620--sample_49620_k141_378483,0.020917447958650894,1.6378338717037574e-05,0.5011673151750973
SM,201630,49628--sample_49628_k141_1675224,0.020912477741610015,1.641463185736358e-05,0.5011673151750973
SM,201630,49624--sample_49624_k141_797817,0.014630803664263541,7.986551448643267e-06,0.4992248062015504
SM,201630,49623--sample_49623_k141_1243082,0.023371987265702065,2.063445190563832e-05,0.5019485580670304
SM,201630,49623--sample_49623_k141_785898,0.022210043205417633,1.8374859865712636e-05,0.5015576323987538
SM,201630,49621--sample_49621_k141_1034486,0.022185217466552373,1.8461224747989013e-05,0.5015576323987538
SM,201630,49620--sample_49620_k141_889730,0.022146836606207223,1.8453831625091932e-05,0.5015576323987538
SM,201630,49620--sample_49620_k141_671303,0.012327298040411975,5.443091132174109e-06,0.4984520123839009
SM,201630,49624--sample_49624_k141_567864,0.01596917838181408,9.426187121417856e-06,0.49961210240496506
SM,201630,49620--sample_49620_k141_905364,0.01840965559872758,1.2773501528742374e-05,0.5003885003885004
SM,201630,49620--sample_49620_k141_878908,0.022198883616530708,1.8440445632204294e-05,0.5015576323987538
SM,201630,49620--sample_49620_k141_27744,0.01713868876162194,1.1005770418397749e-05,0.5
SM,201630,49624--sample_49624_k141_1056874,0.019695503705519684,1.4466376430873123e-05,0.5007776049766719
SM,201630,49627--sample_49627_k141_864816,0.014755715415370099,7.953535552568625e-06,0.4992248062015504
SM,201630,49623--sample_49623_k141_677674,0.02093499490792164,1.641269732351332e-05,0.5011673151750973
SM,201630,49620--sample_49620_k141_389073,0.02468509157720375,2.2818518266671828e-05,0.5023400936037441
SM,201630,49627--sample_49627_k141_829165,0.020970218414128,1.6343649896857124e-05,0.5011673151750973
SM,201630,49627--sample_49627_k141_469894,0.01590022237959429,9.485247563199199e-06,0.49961210240496506
SM,201630,49620--sample_49620_k141_882757,0.024562178347846034,2.3006616956756794e-05,0.5023400936037441
SM,201630,49621--sample_49621_k141_71256,0.024570389627225686,2.3003592604078635e-05,0.5023400936037441
SM,201630,49620--sample_49620_k141_774058,0.019773046333669133,1.4409383975626098e-05,0.5007776049766719
SM,201630,49623--sample_49623_k141_1064114,0.0208862430213292,1.641789505593435e-05,0.5011673151750973
SM,201630,49623--sample_49623_k141_500018,0.015960181330337265,9.431685439829104e-06,0.49961210240496506
SM,201630,49620--sample_49620_k141_289863,0.01848488706773338,1.2646175969348173e-05,0.5003885003885004
SM,201630,49623--sample_49623_k141_1029074,0.019509188015256366,1.4607403121791672e-05,0.5007776049766719
SM,201630,49623--sample_49623_k141_767519,0.018460209269385217,1.2650291549318403e-05,0.5003885003885004
SM,201630,49621--sample_49621_k141_584922,0.02098018173262752,1.6353259339203877e-05,0.5011673151750973
SM,201630,49623--sample_49623_k141_779668,0.015877530546913883,9.512218290511814e-06,0.49961210240496506
SM,201630,49620--sample_49620_k141_491955,0.020770342554258008,1.6606413755136604e-05,0.5011673151750973
SM,201630,49628--sample_49628_k141_1420505,0.02338210233101883,2.0618727955978474e-05,0.5019485580670304
SM,201630,49627--sample_49627_k141_787512,0.02207950882476852,1.8567456061010178e-05,0.5015576323987538
SM,201630,49622--sample_49622_k141_677407,0.017189406434457006,1.1048223667779681e-05,0.5
SM,201630,49620--sample_49620_k141_660138,0.020840798266743073,1.6489263732342484e-05,0.5011673151750973
SM,201630,49623--sample_49623_k141_854348,0.017287832976442485,1.085501141970107e-05,0.5
SM,201630,49624--sample_49624_k141_725260,0.022184130381521824,1.846113008426155e-05,0.5015576323987538
SM,201630,49627--sample_49627_k141_117580,0.015967843560538177,9.415015253305262e-06,0.49961210240496506
SM,201630,49623--sample_49623_k141_1085947,0.012290556211414507,5.4289768983315896e-06,0.4984520123839009
SM,201630,49623--sample_49623_k141_1306255,0.019711858669163942,1.4493735235123736e-05,0.5007776049766719
SM,201630,49620--sample_49620_k141_894471,0.023367470176761957,2.0634546868075658e-05,0.5019485580670304
SM,201630,49620--sample_49620_k141_704684,0.020821244376337665,1.6499664354530396e-05,0.5011673151750973
SM,201630,49628--sample_49628_k141_1721245,0.014815611549305342,7.940067886888462e-06,0.4992248062015504
SM,201630,49628--sample_49628_k141_999266,0.022175558674641885,1.8399660255992144e-05,0.5015576323987538
SM,201630,49628--sample_49628_k141_813340,0.025814564095111365,2.5401687161791684e-05,0.5027322404371585
SM,201630,49620--sample_49620_k141_752177,0.01844629111228001,1.268843860738747e-05,0.5003885003885004
SM,201630,49620--sample_49620_k141_108148,0.019707286963886527,1.4471297343908643e-05,0.5007776049766719
SM,201630,49620--sample_49620_k141_305001,0.02089308255452935,1.6432969498745968e-05,0.5011673151750973
SM,201630,49620--sample_49620_k141_809408,0.01963140478402953,1.4509796698769449e-05,0.5007776049766719
SM,201630,49620--sample_49620_k141_298856,0.019688330668826626,1.4506944841227707e-05,0.5007776049766719
SM,201630,49620--sample_49620_k141_845971,0.018560761369554687,1.256833880360973e-05,0.5003885003885004
SM,201630,49620--sample_49620_k141_473883,0.022188835573816262,1.8401586711225636e-05,0.5015576323987538
SM,201630,49623--sample_49623_k141_1322247,0.01956728595070889,1.460489661681733e-05,0.5007776049766719
SM,201630,49623--sample_49623_k141_1050270,0.019798932284883462,1.4326145751148926e-05,0.5007776049766719
SM,201630,49627--sample_49627_k141_741011,0.02093188936752098,1.6369046197399213e-05,0.5011673151750973
SM,201630,49620--sample_49620_k141_880152,0.0208584396604308,1.644237319085358e-05,0.5011673151750973
SM,201630,49620--sample_49620_k141_311412,0.0209100922935734,1.645984883967414e-05,0.5011673151750973
SM,201630,49627--sample_49627_k141_604251,0.01848221677723417,1.262228609667758e-05,0.5003885003885004
SM,201630,49620--sample_49620_k141_862254,0.01972152244561838,1.4435356569607587e-05,0.5007776049766719
SM,201630,49620--sample_49620_k141_858421,0.01604619028856226,9.36943357478768e-06,0.49961210240496506
SM,201630,49628--sample_49628_k141_1354571,0.01955621521521427,1.4667144217187295e-05,0.5007776049766719
SM,201630,49623--sample_49623_k141_974752,0.019679280398351262,1.44661870712395e-05,0.5007776049766719
SM,201630,49625--sample_49625_k141_104980,0.015834500288873034,9.5640507528664e-06,0.49961210240496506
SM,201630,49620--sample_49620_k141_897547,0.020914333451514125,1.6438353507671423e-05,0.5011673151750973
SM,201630,49623--sample_49623_k141_305095,0.01598618812007188,9.411698840975623e-06,0.49961210240496506
SM,201630,49620--sample_49620_k141_707658,0.018351144702438506,1.2817962608382843e-05,0.5003885003885004
SM,201630,49620--sample_49620_k141_464296,0.018474013001193324,1.265930911276816e-05,0.5003885003885004
SM,201630,49620--sample_49620_k141_58738,0.023336576142709325,2.0752188304285522e-05,0.5019485580670304
SM,201630,49620--sample_49620_k141_221339,0.018461055036493253,1.2660412793415912e-05,0.5003885003885004
SM,201630,49620--sample_49620_k141_519009,0.01476821564100668,7.973666286238037e-06,0.4992248062015504
SM,201630,49620--sample_49620_k141_785591,0.017263767406120654,1.0952838311120614e-05,0.5
SM,201630,49620--sample_49620_k141_545144,0.018486999290605936,1.262206694560952e-05,0.5003885003885004
SM,201630,49627--sample_49627_k141_689341,0.015928903265954152,9.460730406986437e-06,0.49961210240496506
SM,201630,49628--sample_49628_k141_443953,0.024476023648603285,2.3140453815895892e-05,0.5023400936037441
SM,201630,49623--sample_49623_k141_909731,0.015996247386085235,9.361507683703358e-06,0.49961210240496506
SM,201630,49623--sample_49623_k141_745389,0.01849454646823905,1.2633662167689176e-05,0.5003885003885004
SM,201630,49620--sample_49620_k141_123959,0.022080249647065085,1.8598022738079554e-05,0.5015576323987538
SM,201630,49621--sample_49621_k141_18954,0.022152071544968396,1.854342993375033e-05,0.5015576323987538
SM,201630,49620--sample_49620_k141_611392,0.02087151935549748,1.6513956327037833e-05,0.5011673151750973
SM,201630,49620--sample_49620_k141_34923,0.028234154855349903,3.0604705224158144e-05,0.5035183737294762
SM,201630,49627--sample_49627_k141_825498,0.017206622128659192,1.0955049239388596e-05,0.5
SM,201630,49620--sample_49620_k141_426288,0.01847738029459687,1.2603667095868916e-05,0.5003885003885004
SM,201630,49620--sample_49620_k141_797190,0.01600056542842963,9.38495002591776e-06,0.49961210240496506
SM,201630,49620--sample_49620_k141_878757,0.01714970296122202,1.1068159527070156e-05,0.5
SM,201630,49620--sample_49620_k141_612686,0.019620307819497133,1.4563105578451893e-05,0.5007776049766719
SM,201630,49620--sample_49620_k141_336042,0.0210459895918792,1.628065056092589e-05,0.5011673151750973
SM,201630,49628--sample_49628_k141_1344925,0.014761256426517868,7.96991430195574e-06,0.4992248062015504
SM,201630,49621--sample_49621_k141_767634,0.01858191454178165,1.2536387299084654e-05,0.5003885003885004
SM,201630,49628--sample_49628_k141_1441280,0.022156451572920583,1.8374629645332256e-05,0.5015576323987538
SM,201630,49625--sample_49625_k141_424543,0.020829826162285854,1.6576457880178802e-05,0.5011673151750973
SM,201630,49627--sample_49627_k141_63191,0.01960163346833239,1.4562564732830575e-05,0.5007776049766719
SM,201630,49623--sample_49623_k141_142584,0.027043511917325836,2.784503362672274e-05,0.503125
SM,201630,49620--sample_49620_k141_634331,0.020858775369839565,1.6431296421951105e-05,0.5011673151750973
SM,201630,49622--sample_49622_k141_237199,0.022021300021967897,1.855356229910358e-05,0.5015576323987538
SM,201630,49623--sample_49623_k141_447354,0.024565193231864534,2.2992785653836594e-05,0.5023400936037441
SM,201630,49620--sample_49620_k141_400844,0.022129563961729416,1.8473976950050366e-05,0.5015576323987538
SM,201630,49620--sample_49620_k141_458278,0.025752726824910383,2.5433458816923834e-05,0.5027322404371585
SM,201630,49623--sample_49623_k141_1350425,0.020874344103401003,1.6437838520388814e-05,0.5011673151750973
SM,201630,49620--sample_49620_k141_611969,0.01962866614862016,1.4541314873668355e-05,0.5007776049766719
SM,201630,49620--sample_49620_k141_109507,0.022168978464730642,1.8466444294305606e-05,0.5015576323987538
SM,201630,49623--sample_49623_k141_1060122,0.023345278137949343,2.0677313222849688e-05,0.5019485580670304
SM,201630,49627--sample_49627_k141_875042,0.016062679697719084,9.405000594553014e-06,0.49961210240496506
SM,201630,49628--sample_49628_k141_169027,0.02567284945043591,2.558880786154555e-05,0.5027322404371585
SM,201630,49623--sample_49623_k141_604689,0.019606907237626866,1.4520982465362252e-05,0.5007776049766719
SM,201630,49623--sample_49623_k141_735064,0.017194072158125843,1.1020591711699459e-05,0.5
SM,201630,49623--sample_49623_k141_182928,0.01838424734117902,1.2748904032510288e-05,0.5003885003885004
SM,201630,49628--sample_49628_k141_544373,0.01973222381249236,1.4470561129659314e-05,0.5007776049766719
SM,201630,49623--sample_49623_k141_629916,0.022179833185268318,1.836802237786679e-05,0.5015576323987538
SM,201630,49624--sample_49624_k141_503759,0.020912929388721527,1.638546208815144e-05,0.5011673151750973
SM,201630,49623--sample_49623_k141_659201,0.02089611363889796,1.6469345493798756e-05,0.5011673151750973
SM,201630,49620--sample_49620_k141_106568,0.025844235191878184,2.5303018505129217e-05,0.5027322404371585
SM,201630,49623--sample_49623_k141_906484,0.023381198402746998,2.0648462049347364e-05,0.5019485580670304
SM,201630,49620--sample_49620_k141_378030,0.024575452592085947,2.2916352207581126e-05,0.5023400936037441
SM,201630,49623--sample_49623_k141_1305944,0.01957614302741899,1.4565344934644063e-05,0.5007776049766719
SM,201630,49623--sample_49623_k141_1375097,0.020984050413741535,1.629403860830432e-05,0.5011673151750973
SM,201630,49625--sample_49625_k141_244511,0.019719979079458626,1.4442746478719995e-05,0.5007776049766719
SM,201630,49620--sample_49620_k141_639941,0.015896869842823687,9.493560012119406e-06,0.49961210240496506
SM,201630,49623--sample_49623_k141_435193,0.019604015622227217,1.4541532606984671e-05,0.5007776049766719
SM,201630,49627--sample_49627_k141_356105,0.013551688421024572,6.5993659808548135e-06,0.4988381099922541
SM,201630,49623--sample_49623_k141_1038317,0.024711398351798922,2.281723163702458e-05,0.5023400936037441
SM,201630,49627--sample_49627_k141_663776,0.015890688214919447,9.472856108992549e-06,0.49961210240496506
SM,201630,49620--sample_49620_k141_417201,0.019793146438516505,1.4372058794380675e-05,0.5007776049766719
SM,201630,49620--sample_49620_k141_745399,0.016098061761225937,9.311577353007098e-06,0.49961210240496506
SM,201630,49621--sample_49621_k141_829693,0.023408074493110234,2.0562305838740988e-05,0.5019485580670304
SM,201630,49623--sample_49623_k141_649493,0.017150660243947326,1.1015065486424686e-05,0.5
SM,201630,49620--sample_49620_k141_779465,0.019613376984470028,1.4535494682582961e-05,0.5007776049766719
SM,201630,49621--sample_49621_k141_1073290,0.014745916194282492,7.982178642521302e-06,0.4992248062015504
SM,201630,49620--sample_49620_k141_370309,0.027127873647578207,2.7813084490852506e-05,0.503125
SM,201630,49628--sample_49628_k141_1201807,0.02335058650195713,2.0699148994406134e-05,0.5019485580670304
SM,201630,49620--sample_49620_k141_436252,0.018432820057219898,1.2714631280165122e-05,0.5003885003885004
SM,201630,49620--sample_49620_k141_709318,0.02084894726800918,1.6504665252212113e-05,0.5011673151750973
SM,201630,49620--sample_49620_k141_838211,0.02345204841017477,2.051925533756598e-05,0.5019485580670304
SM,201630,49620--sample_49620_k141_336741,0.01724423993498163,1.0969753699653283e-05,0.5
SM,201630,49627--sample_49627_k141_882587,0.020859057575496737,1.6475659319216757e-05,0.5011673151750973
SM,201630,49626--sample_49626_k141_299629,0.019687228476169452,1.4476314590519059e-05,0.5007776049766719
SM,201630,49620--sample_49620_k141_126210,0.019736078892386003,1.440250103011392e-05,0.5007776049766719
SM,201630,49627--sample_49627_k141_340580,0.018331468029529147,1.2799305838645886e-05,0.5003885003885004
SM,201630,49621--sample_49621_k141_1098185,0.01846464734084633,1.266436257934178e-05,0.5003885003885004
SM,201630,49620--sample_49620_k141_443929,0.01720890576988835,1.0991176658538037e-05,0.5
SM,201630,49628--sample_49628_k141_1264346,0.017265405931613426,1.0921351198892336e-05,0.5
SM,201630,49624--sample_49624_k141_808763,0.019612226789959487,1.4646399276165079e-05,0.5007776049766719
SM,201630,49623--sample_49623_k141_620155,0.01840993787245842,1.2726679686641764e-05,0.5003885003885004
SM,201630,49623--sample_49623_k141_504674,0.024623943094802356,2.291009914012162e-05,0.5023400936037441
SM,201630,49621--sample_49621_k141_806044,0.02096726752093078,1.6384895904176046e-05,0.5011673151750973
SM,201630,49623--sample_49623_k141_955947,0.01722876559004771,1.0993959563063007e-05,0.5
SM,201630,49623--sample_49623_k141_639263,0.020926635140542327,1.6426360145384216e-05,0.5011673151750973
SM,201630,49620--sample_49620_k141_293767,0.015951235254394163,9.483027040529521e-06,0.49961210240496506
SM,201630,49620--sample_49620_k141_585705,0.017147730225681817,1.1063004686345996e-05,0.5
SM,201630,49620--sample_49620_k141_748976,0.02217232897866034,1.8435786290091585e-05,0.5015576323987538
SM,201630,49620--sample_49620_k141_25330,0.023429922980918703,2.0602011173725682e-05,0.5019485580670304
SM,201630,49627--sample_49627_k141_661679,0.01349973471437535,6.675772045833825e-06,0.4988381099922541
SM,201630,49620--sample_49620_k141_623844,0.019771302718071405,1.4443184026866869e-05,0.5007776049766719
SM,201630,49620--sample_49620_k141_122298,0.019648228768591444,1.4527457716490035e-05,0.5007776049766719
SM,201630,49623--sample_49623_k141_832889,0.021031377084007413,1.6287779913730394e-05,0.5011673151750973
SM,201630,49623--sample_49623_k141_1005056,0.017235578989663318,1.0949514737865904e-05,0.5
SM,201630,49620--sample_49620_k141_895151,0.018306117681064833,1.279692713848847e-05,0.5003885003885004
SM,201630,49620--sample_49620_k141_807767,0.01963548767562775,1.4519153734864758e-05,0.5007776049766719
SM,201630,49623--sample_49623_k141_941570,0.01474361119778122,7.96091131455644e-06,0.4992248062015504
SM,201630,49628--sample_49628_k141_1852,0.011080444417659619,4.363839356093816e-06,0.4980665119876257
SM,201630,49623--sample_49623_k141_1218155,0.023365155261691636,2.0662107547350213e-05,0.5019485580670304
SM,201630,49620--sample_49620_k141_531304,0.020811634815564417,1.6569578636645248e-05,0.5011673151750973
SM,201630,49620--sample_49620_k141_525399,0.023413557626153977,2.059902570819255e-05,0.5019485580670304
SM,201630,49627--sample_49627_k141_867888,0.01977044528179529,1.4429756330666762e-05,0.5007776049766719
SM,201630,49628--sample_49628_k141_1292410,0.017214943926280556,1.1008074265167614e-05,0.5
SM,201630,49624--sample_49624_k141_367618,0.024534307883860174,2.304548085118328e-05,0.5023400936037441
SM,201630,49620--sample_49620_k141_336437,0.016119391004031376,9.289240904346934e-06,0.49961210240496506
SM,201630,49620--sample_49620_k141_300555,0.018427650637400712,1.2690580536107507e-05,0.5003885003885004
SM,201630,49623--sample_49623_k141_932595,0.02209271511481639,1.8559105644289618e-05,0.5015576323987538
SM,201630,49624--sample_49624_k141_886731,0.02087283450175563,1.6459662269186624e-05,0.5011673151750973
SM,201630,49628--sample_49628_k141_896519,0.01848815727240442,1.2670738896402913e-05,0.5003885003885004
SM,201630,49620--sample_49620_k141_537973,0.020815940479677122,1.6490723337163888e-05,0.5011673151750973
SM,201630,49620--sample_49620_k141_241114,0.019616875356565016,1.4543059010995071e-05,0.5007776049766719
SM,201630,49621--sample_49621_k141_675292,0.01858024139323547,1.2561281730450906e-05,0.5003885003885004
SM,201630,49620--sample_49620_k141_713240,0.01850255115228074,1.2620351275650831e-05,0.5003885003885004
SM,201630,49628--sample_49628_k141_1335931,0.020869946311582694,1.646541097351297e-05,0.5011673151750973
SM,201630,49628--sample_49628_k141_1578820,0.02222916513745476,1.8421366040884366e-05,0.5015576323987538
SM,201630,49623--sample_49623_k141_595193,0.017284445720550858,1.0941253682010847e-05,0.5
SM,201630,49620--sample_49620_k141_345775,0.017292179226282265,1.0943166718115794e-05,0.5
SM,201630,49628--sample_49628_k141_1486095,0.018359629314970684,1.2768080033930924e-05,0.5003885003885004
SM,201630,49623--sample_49623_k141_635168,0.017075548348537924,1.1089585870582219e-05,0.5
SM,201630,49624--sample_49624_k141_857349,0.014711926750421787,7.973280907348287e-06,0.4992248062015504
SM,201630,49623--sample_49623_k141_921694,0.018562935037837555,1.260326375326245e-05,0.5003885003885004
SM,201630,49628--sample_49628_k141_870812,0.017267447265159833,1.092119700663588e-05,0.5
SM,201630,49620--sample_49620_k141_810609,0.0209126442505865,1.638642776921358e-05,0.5011673151750973
SM,201630,49628--sample_49628_k141_729278,0.019658664720618883,1.4473736956054506e-05,0.5007776049766719
SM,201630,49623--sample_49623_k141_805715,0.02102075304190491,1.635242092808842e-05,0.5011673151750973
SM,201630,49623--sample_49623_k141_1004039,0.0196435213929725,1.4517783290697545e-05,0.5007776049766719
SM,201630,49623--sample_49623_k141_783197,0.02332752911188283,2.0734223371442187e-05,0.5019485580670304
SM,201630,49623--sample_49623_k141_375876,0.019798120281346095,1.434699713647305e-05,0.5007776049766719
SM,201630,49620--sample_49620_k141_409549,0.024621075879151678,2.293182569106376e-05,0.5023400936037441
SM,201630,49628--sample_49628_k141_1401107,0.021016138055435337,1.62575546509284e-05,0.5011673151750973
SM,201630,49623--sample_49623_k141_544588,0.019752545061719546,1.4365936181662688e-05,0.5007776049766719
SM,201630,49620--sample_49620_k141_402231,0.019683170850002728,1.4495150936062574e-05,0.5007776049766719
SM,201630,49623--sample_49623_k141_985280,0.018420681479317764,1.2669655431503317e-05,0.5003885003885004
SM,201630,49623--sample_49623_k141_91927,0.021011199864333724,1.633005895783924e-05,0.5011673151750973
SM,201630,49623--sample_49623_k141_1330012,0.018473441804605563,1.2703924505868047e-05,0.5003885003885004
SM,201630,49620--sample_49620_k141_596290,0.0147338167572523,7.958751135037516e-06,0.4992248062015504
SM,201630,49628--sample_49628_k141_1712723,0.022020775921473727,1.857867425039639e-05,0.5015576323987538
SM,201630,49623--sample_49623_k141_1131227,0.024695873720578788,2.283479921009476e-05,0.5023400936037441
SM,201630,49627--sample_49627_k141_313292,0.019667961751030322,1.4509669280335765e-05,0.5007776049766719
SM,201630,49620--sample_49620_k141_209439,0.02075711632571604,1.6504031216749607e-05,0.5011673151750973
SM,201630,49627--sample_49627_k141_512927,0.023428191589104242,2.0632541064084265e-05,0.5019485580670304
SM,201630,49620--sample_49620_k141_780576,0.01851140650972318,1.2662589434280107e-05,0.5003885003885004
SM,201630,49620--sample_49620_k141_680328,0.019719859226473707,1.445279528222137e-05,0.5007776049766719
SM,201630,49620--sample_49620_k141_471906,0.02098886590106255,1.635578786712156e-05,0.5011673151750973
SM,201630,49620--sample_49620_k141_1427,0.024593058697168216,2.299232480529188e-05,0.5023400936037441
SM,201630,49627--sample_49627_k141_576506,0.01972587129177979,1.4427193603766424e-05,0.5007776049766719
SM,201630,49624--sample_49624_k141_183073,0.014738475552470029,7.959664525582457e-06,0.4992248062015504
SM,201630,49623--sample_49623_k141_440584,0.020918581282231,1.645324175173541e-05,0.5011673151750973
SM,201630,49620--sample_49620_k141_596468,0.014791391551381157,7.968326372700915e-06,0.4992248062015504
SM,201630,49620--sample_49620_k141_180772,0.016060747825326956,9.358283474664565e-06,0.49961210240496506
SM,201630,49623--sample_49623_k141_450039,0.02216215432027515,1.8497245159282065e-05,0.5015576323987538
SM,201630,49620--sample_49620_k141_267223,0.01959596753293698,1.4564068289998295e-05,0.5007776049766719
SM,201630,49627--sample_49627_k141_739479,0.020912585048936495,1.6374041741707885e-05,0.5011673151750973
SM,201630,49620--sample_49620_k141_400183,0.022257576468701936,1.8348066857561684e-05,0.5015576323987538
SM,201630,49620--sample_49620_k141_670690,0.020828554452456446,1.649991811414494e-05,0.5011673151750973
SM,201630,49623--sample_49623_k141_259650,0.02204494040111117,1.8606555491090563e-05,0.5015576323987538
SM,201630,49623--sample_49623_k141_549495,0.016030394852976148,9.381248313110717e-06,0.49961210240496506
SM,201630,49620--sample_49620_k141_776021,0.02210353857077354,1.851681027781867e-05,0.5015576323987538
SM,201630,49620--sample_49620_k141_196964,0.02331337464853399,2.072302776445517e-05,0.5019485580670304
SM,201630,49620--sample_49620_k141_840562,0.022091379937157346,1.8452572464937096e-05,0.5015576323987538
SM,201630,49623--sample_49623_k141_518176,0.022135341314971885,1.8465209527204482e-05,0.5015576323987538
SM,201630,49627--sample_49627_k141_654175,0.028282328255499124,3.0629930514158755e-05,0.5035183737294762
SM,201630,49627--sample_49627_k141_414467,0.018534107015416145,1.2601860577967417e-05,0.5003885003885004
SM,201630,49623--sample_49623_k141_1247076,0.023328411864777653,2.0676486608465466e-05,0.5019485580670304
SM,201630,49620--sample_49620_k141_374157,0.017256136841336457,1.0925877657699681e-05,0.5
SM,201630,49620--sample_49620_k141_275674,0.016048502464783024,9.37129795850196e-06,0.49961210240496506
SM,201630,49620--sample_49620_k141_577314,0.0209902803462999,1.6301311531804357e-05,0.5011673151750973
SM,201630,49620--sample_49620_k141_378471,0.020877984754384536,1.6445062226086313e-05,0.5011673151750973
SM,201630,49624--sample_49624_k141_942387,0.016007594716253043,9.470452625896632e-06,0.49961210240496506
SM,201630,49628--sample_49628_k141_1506561,0.02083616771417289,1.6464375821531004e-05,0.5011673151750973
SM,201630,49624--sample_49624_k141_837100,0.016053254507322,9.363659848806398e-06,0.49961210240496506
SM,201630,49620--sample_49620_k141_697673,0.020854495075627526,1.6516373655766036e-05,0.5011673151750973
SM,201630,49623--sample_49623_k141_837177,0.015955038296794594,9.420665095209782e-06,0.49961210240496506
SM,201630,49623--sample_49623_k141_274362,0.019672276758480055,1.45261420151389e-05,0.5007776049766719
SM,201630,49623--sample_49623_k141_283253,0.014699910319152886,7.950245227496614e-06,0.4992248062015504
SM,201630,49623--sample_49623_k141_379355,0.020857303467938806,1.6525908078397686e-05,0.5011673151750973
SM,201630,49623--sample_49623_k141_180157,0.020850219747580133,1.653419944170598e-05,0.5011673151750973
SM,201630,49620--sample_49620_k141_475809,0.025797775708033138,2.5389312294304342e-05,0.5027322404371585
SM,201630,49623--sample_49623_k141_739376,0.018522417609687213,1.2602398124470007e-05,0.5003885003885004
SM,201630,49621--sample_49621_k141_178506,0.011071564497947176,4.348212716297414e-06,0.4972972972972973
SM,201630,49620--sample_49620_k141_588205,0.02218117884493609,1.8433355554622597e-05,0.5015576323987538
SM,201630,49623--sample_49623_k141_762414,0.01956888050765462,1.4567092761788127e-05,0.5007776049766719
SM,201630,49620--sample_49620_k141_308469,0.022283146686546126,1.831218389890417e-05,0.5015576323987538
SM,201630,49620--sample_49620_k141_344961,0.012418799644479039,5.348676812343619e-06,0.4984520123839009
SM,201630,49628--sample_49628_k141_960275,0.018336599358000957,1.2781958610433978e-05,0.5003885003885004
SM,201630,49628--sample_49628_k141_1438869,0.018537949772905543,1.255216492438081e-05,0.5003885003885004
SM,201630,49620--sample_49620_k141_216516,0.02454153206798666,2.3007150775805122e-05,0.5023400936037441
SM,201630,49620--sample_49620_k141_140542,0.018405545217622103,1.2726465465601367e-05,0.5003885003885004
SM,201630,49620--sample_49620_k141_350606,0.012366503350870741,5.35593484788861e-06,0.4980665119876257
SM,201630,49622--sample_49622_k141_541922,0.020865200859086712,1.6487157781356516e-05,0.5011673151750973
SM,201630,49620--sample_49620_k141_562938,0.0172881071259951,1.0948663437023259e-05,0.5
SM,201630,49620--sample_49620_k141_345569,0.02462590939369194,2.2925822103695793e-05,0.5023400936037441
SM,201630,49620--sample_49620_k141_268279,0.022272877883435373,1.8347348870893097e-05,0.5015576323987538
SM,201630,49620--sample_49620_k141_280585,0.01714155857033389,1.1080534057751255e-05,0.5
SM,201630,49627--sample_49627_k141_725460,0.019758220929041323,1.4421107583561366e-05,0.5007776049766719
SM,201630,49628--sample_49628_k141_884471,0.020947337328201667,1.6384286170277394e-05,0.5011673151750973
SM,201630,49628--sample_49628_k141_389027,0.018428724194169018,1.2677829252063102e-05,0.5003885003885004
SM,201630,49620--sample_49620_k141_868983,0.014806891557272382,7.924228078631382e-06,0.4992248062015504
SM,201630,49623--sample_49623_k141_441108,0.019628495642690952,1.4516823753710375e-05,0.5007776049766719
SM,201630,49620--sample_49620_k141_469999,0.02213770497224,1.853324262748033e-05,0.5015576323987538
SM,201630,49620--sample_49620_k141_853803,0.018571381041036977,1.2535138499846385e-05,0.5003885003885004
SM,201630,49620--sample_49620_k141_848181,0.011118377823943726,4.3373500463026055e-06,0.4980665119876257
SM,201630,49627--sample_49627_k141_696542,0.014742950461890825,7.955294323374098e-06,0.4992248062015504
SM,201630,49620--sample_49620_k141_794699,0.024596330551523934,2.2943630868284635e-05,0.5023400936037441
SM,201630,49620--sample_49620_k141_614701,0.023352445694291294,2.0654088081273028e-05,0.5019485580670304
SM,201630,49620--sample_49620_k141_175692,0.018381746576280344,1.276456838426477e-05,0.5003885003885004
SM,201630,49625--sample_49625_k141_399547,0.022023961987611477,1.857468370706865e-05,0.5015576323987538
SM,201630,49620--sample_49620_k141_714399,0.019585663865353948,1.4548896852773318e-05,0.5007776049766719
SM,201630,49628--sample_49628_k141_1350362,0.019496436383539036,1.4684937694593004e-05,0.5007776049766719
SM,201630,49620--sample_49620_k141_642954,0.022047429252523103,1.8560689644580706e-05,0.5015576323987538
SM,201630,49628--sample_49628_k141_1269653,0.018426116913438453,1.2687162654486628e-05,0.5
SM,201630,49628--sample_49628_k141_1723366,0.018434699620328485,1.2679657082964667e-05,0.5003885003885004
SM,201630,49622--sample_49622_k141_970025,0.017195834658687837,1.1017602616921853e-05,0.5
SM,201630,49627--sample_49627_k141_421323,0.016024246862864265,9.376501411185399e-06,0.49961210240496506
SM,201630,49628--sample_49628_k141_1029201,0.02341511349897284,2.0659827394305647e-05,0.5019485580670304
SM,201630,49628--sample_49628_k141_1211821,0.019689322120430255,1.4473508639536368e-05,0.5007776049766719
SM,201630,49622--sample_49622_k141_822455,0.02462338362492865,2.290146302854467e-05,0.5023400936037441
SM,201630,49620--sample_49620_k141_584834,0.017142407974996027,1.109972991046278e-05,0.5
SM,201630,49620--sample_49620_k141_750463,0.024729070472581473,2.2773214555142662e-05,0.5023400936037441
SM,201630,49623--sample_49623_k141_19062,0.019653171236525317,1.4492408724576607e-05,0.5007776049766719
SM,201630,49628--sample_49628_k141_1303741,0.021024490267100408,1.6329502634378355e-05,0.5011673151750973
SM,201630,49627--sample_49627_k141_598482,0.014778469421664147,7.968469642794117e-06,0.4992248062015504
SM,201630,49623--sample_49623_k141_1355655,0.019636394518860328,1.4539503452263291e-05,0.5007776049766719
SM,201630,49623--sample_49623_k141_303771,0.018472706125716522,1.2636722013668768e-05,0.5003885003885004
SM,201630,49620--sample_49620_k141_609283,0.022179586530493085,1.8440011373200877e-05,0.5015576323987538
SM,201630,49628--sample_49628_k141_1400465,0.015855359287880934,9.548014283276102e-06,0.49961210240496506
SM,201630,49621--sample_49621_k141_1077144,0.01840498706729632,1.266812012676024e-05,0.5003885003885004
SM,201630,49620--sample_49620_k141_175085,0.02225838577714333,1.8297599337689684e-05,0.5015576323987538
SM,201630,49620--sample_49620_k141_473245,0.022095771078142704,1.852193479656397e-05,0.5015576323987538
SM,201630,49628--sample_49628_k141_751758,0.019670894115131572,1.4448339173409462e-05,0.5007776049766719
SM,201630,49620--sample_49620_k141_529134,0.01724571134413106,1.0956527172313274e-05,0.5
SM,201630,49623--sample_49623_k141_854320,0.02089359680165739,1.6410381802677666e-05,0.5011673151750973
SM,201630,49620--sample_49620_k141_479378,0.01602178059594476,9.368959868899834e-06,0.49961210240496506
SM,201630,49623--sample_49623_k141_485845,0.02095088333173556,1.6389076812408168e-05,0.5011673151750973
SM,201630,49623--sample_49623_k141_1104290,0.017236417459496608,1.0991675165420347e-05,0.5
SM,201630,49620--sample_49620_k141_802175,0.020818211287005593,1.6543115180279855e-05,0.5011673151750973
SM,201630,49620--sample_49620_k141_708196,0.020913951474455017,1.6395930414131693e-05,0.5011673151750973
SM,201630,49623--sample_49623_k141_239529,0.02460033907650697,2.2947655727835036e-05,0.5023400936037441
SM,201630,49627--sample_49627_k141_524154,0.022109779882470315,1.8522973669600844e-05,0.5015576323987538
SM,201630,49627--sample_49627_k141_871592,0.01600022633065691,9.447093117932017e-06,0.49961210240496506
SM,201630,49624--sample_49624_k141_462272,0.017203487149443593,1.1038469717113263e-05,0.5
SM,201630,49620--sample_49620_k141_609029,0.019667335158338836,1.4554087039335796e-05,0.5007776049766719
SM,201630,49627--sample_49627_k141_650344,0.01599730469697568,9.433884542285427e-06,0.49961210240496506
SM,201630,49620--sample_49620_k141_792699,0.01475597092693914,7.963320736537564e-06,0.4992248062015504
SM,201630,49620--sample_49620_k141_882729,0.017380355684474526,1.087392913011392e-05,0.5
SM,201630,49620--sample_49620_k141_510128,0.02581004615882276,2.5392888001085018e-05,0.5027322404371585
SM,201630,49620--sample_49620_k141_828425,0.020911690538808314,1.6402240417898226e-05,0.5011673151750973
SM,201630,49623--sample_49623_k141_973496,0.02341825179845165,2.055985018188244e-05,0.5019485580670304
SM,201630,49623--sample_49623_k141_593582,0.02463392379052031,2.2946744246052665e-05,0.5023400936037441
SM,201630,49621--sample_49621_k141_409291,0.013565935128906052,6.61128972900901e-06,0.4988381099922541
SM,201630,49620--sample_49620_k141_700704,0.022129975636538245,1.845916750360685e-05,0.5015576323987538
SM,201630,49623--sample_49623_k141_1317120,0.02096907236293261,1.634933429476082e-05,0.5011673151750973
SM,201630,49623--sample_49623_k141_727605,0.01849020407119314,1.2593064051655094e-05,0.5003885003885004
SM,201630,49628--sample_49628_k141_1487610,0.020925174967334988,1.641433616656973e-05,0.5011673151750973
SM,201630,49627--sample_49627_k141_858468,0.020901552504726705,1.6404877897230647e-05,0.5011673151750973
SM,201630,49623--sample_49623_k141_170441,0.01828962349665212,1.2824489267176245e-05,0.5003885003885004
SM,201630,49628--sample_49628_k141_1767191,0.022220817452714415,1.8396694445440993e-05,0.5015576323987538
SM,201630,49627--sample_49627_k141_190321,0.017159235981137264,1.0963771145703142e-05,0.5
SM,201630,49627--sample_49627_k141_749238,0.017285833247225418,1.0913068814936722e-05,0.5
SM,201630,49620--sample_49620_k141_552424,0.018378735803547045,1.2785638781541196e-05,0.5003885003885004
SM,201630,49623--sample_49623_k141_828017,0.018363054023521803,1.2757804737804331e-05,0.5003885003885004
SM,201630,49627--sample_49627_k141_462720,0.01965349914592601,1.4536269679727657e-05,0.5007776049766719
SM,201630,49621--sample_49621_k141_762393,0.015953928040266227,9.41048370915542e-06,0.49961210240496506
SM,201630,49620--sample_49620_k141_900294,0.023398237968674383,2.0619799624556883e-05,0.5019485580670304
SM,201630,49621--sample_49621_k141_452052,0.019636659394495395,1.4520866121528068e-05,0.5007776049766719
SM,201630,49621--sample_49621_k141_784926,0.01603265222398984,9.389237436013284e-06,0.49961210240496506
SM,201630,49620--sample_49620_k141_464073,0.02222967043232389,1.8370083817768226e-05,0.5015576323987538
SM,201630,49623--sample_49623_k141_402753,0.024537704858867464,2.3025237718098238e-05,0.5023400936037441
SM,201630,49626--sample_49626_k141_514911,0.023390702835417124,2.0584333634591798e-05,0.5019485580670304
SM,201630,49620--sample_49620_k141_89916,0.0197845136388017,1.4361680454783633e-05,0.5007776049766719
SM,201630,49621--sample_49621_k141_394250,0.02078295206232149,1.6511186659426954e-05,0.5011673151750973
SM,201630,49621--sample_49621_k141_806897,0.024637658316945275,2.2879258296538786e-05,0.5023400936037441
SM,201630,49628--sample_49628_k141_934206,0.020996556824843766,1.6390873079980034e-05,0.5011673151750973
SM,201630,49628--sample_49628_k141_1580996,0.016086134783557596,9.305938021372658e-06,0.49961210240496506
SM,201630,49623--sample_49623_k141_731714,0.024580398035847325,2.3018723892659363e-05,0.5023400936037441
SM,201630,49623--sample_49623_k141_770561,0.020937516140178587,1.642481257883883e-05,0.5011673151750973
SM,201630,49627--sample_49627_k141_829391,0.014833293027235432,7.93074934440302e-06,0.4992248062015504
SM,201630,49627--sample_49627_k141_571973,0.016011040004517623,9.341914900329608e-06,0.49961210240496506
SM,201630,49620--sample_49620_k141_93113,0.019509695881029226,1.4648546393643561e-05,0.5007776049766719
SM,201630,49623--sample_49623_k141_687281,0.020925862230973133,1.6369725200045914e-05,0.5011673151750973
SM,201630,49626--sample_49626_k141_590008,0.02211876939295139,1.850830571193104e-05,0.5015576323987538
SM,201630,49620--sample_49620_k141_895379,0.024605653295779982,2.290319546915048e-05,0.5023400936037441
SM,201630,49620--sample_49620_k141_98203,0.01715830435243151,1.1061233832115547e-05,0.5
SM,201630,49625--sample_49625_k141_188852,0.018380884092336833,1.275467112352689e-05,0.5
SM,201630,49620--sample_49620_k141_313162,0.020854499313141598,1.6512531948778077e-05,0.5011673151750973
SM,201630,49627--sample_49627_k141_276556,0.012319734930924456,5.395269530208072e-06,0.4984520123839009
SM,201630,49628--sample_49628_k141_1632557,0.02212334806232848,1.850215509438985e-05,0.5015576323987538
SM,201630,49623--sample_49623_k141_1254467,0.014696290298188065,8.033803686639164e-06,0.4992248062015504
SM,201630,49623--sample_49623_k141_824443,0.014813099018175206,7.922658024510104e-06,0.4992248062015504
SM,201630,49620--sample_49620_k141_806638,0.017268650260551115,1.0894148569668828e-05,0.5
SM,201630,49620--sample_49620_k141_304248,0.018443556362198108,1.2681556593330573e-05,0.5003885003885004
SM,201630,49620--sample_49620_k141_174776,0.023266850713217126,2.0812446114917946e-05,0.5019485580670304
SM,201630,49620--sample_49620_k141_347387,0.01961256520670636,1.4547150569296248e-05,0.5007776049766719
SM,201630,49627--sample_49627_k141_177413,0.02474225750625266,2.2730306807767784e-05,0.5023400936037441
SM,201630,49620--sample_49620_k141_386392,0.020793565757931887,1.649531594039035e-05,0.5011673151750973
SM,201630,49620--sample_49620_k141_822760,0.018436274758114567,1.268728445993337e-05,0.5003885003885004
SM,201630,49627--sample_49627_k141_319949,0.02089294890731034,1.6516150915919405e-05,0.5011673151750973
SM,201630,49620--sample_49620_k141_343081,0.017155944274579202,1.1058184422636677e-05,0.5
SM,201630,49620--sample_49620_k141_629202,0.02591281180431447,2.5221604781384465e-05,0.5027322404371585
SM,201630,49620--sample_49620_k141_300959,0.016101736094562478,9.331179272634526e-06,0.49961210240496506
SM,201630,49628--sample_49628_k141_964811,0.0196037301880681,1.454136718054785e-05,0.5007776049766719
SM,201630,49620--sample_49620_k141_498807,0.019766143177074452,1.4411897195020173e-05,0.5007776049766719
SM,201630,49627--sample_49627_k141_729568,0.02462471176470999,2.288131288906066e-05,0.5023400936037441
SM,201630,49623--sample_49623_k141_744433,0.017219661084165738,1.0985194843137603e-05,0.5
SM,201630,49627--sample_49627_k141_633653,0.018415268909418636,1.2690026437777772e-05,0.5003885003885004
SM,201630,49620--sample_49620_k141_883152,0.018424723851549005,1.2690155023268084e-05,0.5003885003885004
SM,201630,49627--sample_49627_k141_515529,0.020927914639313396,1.6342651043328332e-05,0.5011673151750973
SM,201630,49620--sample_49620_k141_550159,0.014737874838598054,7.93111997242326e-06,0.4992248062015504
SM,201630,49624--sample_49624_k141_957901,0.014677775283490058,8.063628050834044e-06,0.4992248062015504
SM,201630,49623--sample_49623_k141_70638,0.01851858996355928,1.2649865922814647e-05,0.5003885003885004
SM,201630,49620--sample_49620_k141_33066,0.022054587459404713,1.8598032499446406e-05,0.5015576323987538
SM,201630,49620--sample_49620_k141_212651,0.01727563286210067,1.0948623448425024e-05,0.5
SM,201630,49623--sample_49623_k141_825568,0.015926202849869057,9.464578624909203e-06,0.49961210240496506
SM,201630,49620--sample_49620_k141_349419,0.0196754959691221,1.4495519547195682e-05,0.5007776049766719
SM,201630,49625--sample_49625_k141_389451,0.02335505758820659,2.069158415303345e-05,0.5019485580670304
SM,201630,49623--sample_49623_k141_638582,0.024674865201498437,2.2856642184885834e-05,0.5023400936037441
SM,201630,49623--sample_49623_k141_1032962,0.02212137722052691,1.8487199511249014e-05,0.5015576323987538
SM,201630,49620--sample_49620_k141_772901,0.025862753246893036,2.531121430747688e-05,0.5027322404371585
SM,201630,49623--sample_49623_k141_341484,0.023487776005172156,2.0510891248651654e-05,0.5019485580670304
SM,201630,49627--sample_49627_k141_837948,0.02090206327497031,1.6370178561850585e-05,0.5011673151750973
SM,201630,49622--sample_49622_k141_625868,0.019697344459764628,1.4486179771226195e-05,0.5007776049766719
SM,201630,49621--sample_49621_k141_998779,0.022161859256899515,1.8476056995887628e-05,0.5015576323987538
SM,201630,49627--sample_49627_k141_754865,0.01725436785326881,1.0942082682035309e-05,0.5
SM,201630,49620--sample_49620_k141_315313,0.02204100559720019,1.8580446246971116e-05,0.5015576323987538
SM,201630,49623--sample_49623_k141_728033,0.01978543506009437,1.4397215219774466e-05,0.5007776049766719
SM,201630,49620--sample_49620_k141_92586,0.024598758977418523,2.2998529367196958e-05,0.5023400936037441
SM,201630,49625--sample_49625_k141_364346,0.015924056533931894,9.475982908626902e-06,0.49961210240496506
SM,201630,49627--sample_49627_k141_490345,0.02710547295319319,2.784165996664859e-05,0.503125
SM,201630,49628--sample_49628_k141_1593967,0.02085552406802296,1.643025825618356e-05,0.5011673151750973
SM,201630,49623--sample_49623_k141_540693,0.022177766326873887,1.839392173993193e-05,0.5015576323987538
SM,201630,49627--sample_49627_k141_593011,0.013570588549253573,6.6121770220959916e-06,0.4988381099922541
SM,201630,49623--sample_49623_k141_100166,0.018448863025669997,1.2707855261992021e-05,0.5003885003885004
SM,201630,49620--sample_49620_k141_188761,0.01954324679172749,1.4645624739824082e-05,0.5007776049766719
SM,201630,49620--sample_49620_k141_852859,0.0197327701901076,1.4486739932273777e-05,0.5007776049766719
SM,201630,49620--sample_49620_k141_891883,0.01968479762763483,1.4464554152933758e-05,0.5007776049766719
SM,201630,49620--sample_49620_k141_165300,0.02211615493383857,1.8473801224900284e-05,0.5015576323987538
SM,201630,49623--sample_49623_k141_942149,0.019641605386886585,1.4531917821646416e-05,0.5007776049766719
SM,201630,49620--sample_49620_k141_749019,0.020839822725246888,1.6530912207891146e-05,0.5011673151750973
SM,201630,49620--sample_49620_k141_34612,0.019767418634440072,1.4407054397985556e-05,0.5007776049766719
SM,201630,49620--sample_49620_k141_619265,0.019765865056263734,1.4413622369949487e-05,0.5007776049766719
SM,201630,49620--sample_49620_k141_163204,0.02222484540142456,1.839369829061678e-05,0.5015576323987538
SM,201630,49627--sample_49627_k141_894207,0.012437188961673524,5.366075499752344e-06,0.4984520123839009
SM,201630,49620--sample_49620_k141_892610,0.022133530403116615,1.846224194965595e-05,0.5015576323987538
SM,201630,49620--sample_49620_k141_879678,0.01602807499936354,9.35909154150234e-06,0.49961210240496506
SM,201630,49628--sample_49628_k141_549400,0.019750707387292014,1.435894444591827e-05,0.5007776049766719
SM,201630,49628--sample_49628_k141_983346,0.020867002670606746,1.6515214796943995e-05,0.5011673151750973
SM,201630,49623--sample_49623_k141_702128,0.02086988679261349,1.6445276749556603e-05,0.5011673151750973
SM,201630,49623--sample_49623_k141_470609,0.02085870107459866,1.646124780715099e-05,0.5011673151750973
SM,201630,49623--sample_49623_k141_1036475,0.023391508710671867,2.0612405694951637e-05,0.5019485580670304
SM,201630,49620--sample_49620_k141_755103,0.017225311681377233,1.0916173762998853e-05,0.5
SM,201630,49621--sample_49621_k141_68092,0.018398172189284853,1.2750576816511684e-05,0.5003885003885004
SM,201630,49623--sample_49623_k141_42735,0.024613980763375804,2.296498035879492e-05,0.5023400936037441
SM,201630,49628--sample_49628_k141_231843,0.02217220136053251,1.8411283954433372e-05,0.5015576323987538
SM,201630,49620--sample_49620_k141_345812,0.012357761993868389,5.385544505462406e-06,0.4984520123839009
SM,201630,49625--sample_49625_k141_25563,0.024604397581122463,2.2967438814075048e-05,0.5023400936037441
SM,201630,49628--sample_49628_k141_1257336,0.014730803483918843,7.957306626051371e-06,0.4992248062015504
SM,201630,49625--sample_49625_k141_223344,0.024633562420926514,2.2947842824010957e-05,0.5023400936037441
SM,201630,49620--sample_49620_k141_493131,0.01350202769085677,6.6768080951908225e-06,0.4988381099922541
SM,201630,49620--sample_49620_k141_848030,0.02585829344817311,2.5289012179360742e-05,0.5027322404371585
SM,201630,49623--sample_49623_k141_905837,0.023433627293901575,2.0556502623052727e-05,0.5019485580670304
SM,201630,49620--sample_49620_k141_524665,0.019776885526416755,1.4340646054777037e-05,0.5007776049766719
SM,201630,49627--sample_49627_k141_606222,0.018386929627448416,1.274901235935146e-05,0.5003885003885004
SM,201630,49627--sample_49627_k141_152302,0.017256298867499062,1.0934862629052452e-05,0.5
SM,201630,49627--sample_49627_k141_381781,0.02095438100954576,1.6377885621831312e-05,0.5011673151750973
SM,201630,49623--sample_49623_k141_1320380,0.013644912018882101,6.547815443306672e-06,0.4988381099922541
SM,201630,49620--sample_49620_k141_237655,0.02093081569011413,1.6422109226569094e-05,0.5011673151750973
SM,201630,49628--sample_49628_k141_1318930,0.018348824537192485,1.2797700835019248e-05,0.5003885003885004
SM,201630,49623--sample_49623_k141_1239734,0.022190653898035154,1.8419872911068e-05,0.5015576323987538
SM,201630,49620--sample_49620_k141_729130,0.018447706155010096,1.2677670683748163e-05,0.5003885003885004
SM,201630,49628--sample_49628_k141_430758,0.022198831032249088,1.83826483756472e-05,0.5015576323987538
SM,201630,49625--sample_49625_k141_170109,0.023438765264262893,2.0527730254989103e-05,0.5019485580670304
SM,201630,49623--sample_49623_k141_1074520,0.01836045993551003,1.2776748130078105e-05,0.5003885003885004
SM,201630,49620--sample_49620_k141_696406,0.02216750114377013,1.8468451997618343e-05,0.5015576323987538
SM,201630,49621--sample_49621_k141_304846,0.02200833550904345,1.864264651994499e-05,0.5015576323987538
SM,201630,49620--sample_49620_k141_164103,0.017108717182027246,1.1107412334927155e-05,0.5
SM,201630,49625--sample_49625_k141_39986,0.015956124960675954,9.465700880869545e-06,0.49961210240496506
SM,201630,49620--sample_49620_k141_379858,0.01960298579335557,1.457946023126055e-05,0.5007776049766719
SM,201630,49623--sample_49623_k141_787874,0.01723429939123175,1.1010836942083552e-05,0.5
SM,201630,49627--sample_49627_k141_488743,0.01835114492758319,1.2764277845651802e-05,0.5003885003885004
SM,201630,49620--sample_49620_k141_845769,0.017164432206605584,1.1071309019214376e-05,0.5
SM,201630,49624--sample_49624_k141_823890,0.02339633528203674,2.066048609778428e-05,0.5019485580670304
SM,201630,49623--sample_49623_k141_1142358,0.018456387774720345,1.2637615006404821e-05,0.5003885003885004
SM,201630,49623--sample_49623_k141_1351314,0.01976135875645343,1.436491806891335e-05,0.5007776049766719
SM,201630,49623--sample_49623_k141_397605,0.02083035862736071,1.6514773132056312e-05,0.5011673151750973
SM,201630,49628--sample_49628_k141_513653,0.017174047828447402,1.1023340480902782e-05,0.5
SM,201630,49620--sample_49620_k141_880376,0.01719741927860472,1.0985357036691598e-05,0.5
SM,201630,49621--sample_49621_k141_1049905,0.013426352061896055,6.71259007698943e-06,0.4988381099922541
SM,201630,49620--sample_49620_k141_42888,0.018385490402464354,1.271539477292981e-05,0.5003885003885004
SM,201630,49628--sample_49628_k141_1150711,0.017312099923498164,1.0885848225037885e-05,0.5
SM,201630,49628--sample_49628_k141_1295079,0.020876675287132444,1.645768951080226e-05,0.5011673151750973
SM,201630,49628--sample_49628_k141_1557966,0.020904567341820016,1.6392939286485168e-05,0.5011673151750973
SM,201630,49623--sample_49623_k141_459679,0.014657799469763607,8.025605592811172e-06,0.4992248062015504
SM,201630,49621--sample_49621_k141_253982,0.01844540991159042,1.2697238268756652e-05,0.5003885003885004
SM,201630,49627--sample_49627_k141_718220,0.022115420874047418,1.845627400835716e-05,0.5015576323987538
SM,201630,49620--sample_49620_k141_367257,0.018444126020440075,1.2731913538952438e-05,0.5003885003885004
SM,201630,49621--sample_49621_k141_1078957,0.013545614538343452,6.658297907475285e-06,0.4988381099922541
SM,201630,49620--sample_49620_k141_350880,0.015986199934218737,9.445600259568215e-06,0.49961210240496506
SM,201630,49623--sample_49623_k141_1156595,0.02083773823744902,1.6521080763364238e-05,0.5011673151750973
SM,201630,49625--sample_49625_k141_264927,0.024528926897845096,2.3059313422500922e-05,0.5023400936037441
SM,201630,49628--sample_49628_k141_609789,0.023271268714752852,2.0798320682255852e-05,0.5019485580670304
SM,201630,49620--sample_49620_k141_108508,0.01958024548055051,1.4531229544760541e-05,0.5007776049766719
SM,201630,49624--sample_49624_k141_930198,0.020920944313375198,1.6452579893124033e-05,0.5011673151750973
SM,201630,49626--sample_49626_k141_577843,0.017165211697673943,1.1064881085296171e-05,0.5
SM,201630,49624--sample_49624_k141_404074,0.023250205947754808,2.0790158847781048e-05,0.5019485580670304
SM,201630,49620--sample_49620_k141_557772,0.025826041724255337,2.5371871983719895e-05,0.5027322404371585
SM,201630,49628--sample_49628_k141_1571541,0.01843271983091476,1.272073575840215e-05,0.5003885003885004
SM,201630,49623--sample_49623_k141_469107,0.0195996223088969,1.4591099599112015e-05,0.5007776049766719
SM,201630,49626--sample_49626_k141_793367,0.01712392058666003,1.1093468697711492e-05,0.5
SM,201630,49621--sample_49621_k141_679065,0.018414325314441617,1.2663342977909346e-05,0.5003885003885004
SM,201630,49623--sample_49623_k141_721938,0.027059036929469746,2.788248404031911e-05,0.503125
SM,201630,49624--sample_49624_k141_904286,0.022177733208193603,1.844559595693163e-05,0.5015576323987538
SM,201630,49624--sample_49624_k141_1055872,0.020819964692313033,1.6532931868342118e-05,0.5011673151750973
SM,201630,49624--sample_49624_k141_683558,0.018395779919818146,1.274756461880083e-05,0.5003885003885004
SM,201630,49620--sample_49620_k141_710837,0.021982372517835958,1.8671023382133314e-05,0.5015576323987538
SM,201630,49624--sample_49624_k141_853813,0.022227873556580714,1.8388036870465178e-05,0.5015576323987538
SM,201630,49620--sample_49620_k141_726559,0.01345957382832536,6.667402962630277e-06,0.4988381099922541
SM,201630,49622--sample_49622_k141_1283027,0.02468412155456998,2.2839627548490037e-05,0.5023400936037441
SM,201630,49628--sample_49628_k141_1606068,0.020805218405800335,1.6548643492867734e-05,0.5011673151750973
SM,201630,49620--sample_49620_k141_832586,0.021002005157066555,1.631740120366213e-05,0.5011673151750973
SM,201630,49627--sample_49627_k141_376887,0.019709607666604807,1.445907487630155e-05,0.5007776049766719
SM,201630,49620--sample_49620_k141_290753,0.023397435669413928,2.066539046338436e-05,0.5019485580670304
SM,201630,49621--sample_49621_k141_716554,0.023507836796482804,2.048437048760337e-05,0.5019485580670304
SM,201630,49623--sample_49623_k141_844041,0.018246596364090286,1.2805812977623105e-05,0.5003885003885004
SM,201630,49623--sample_49623_k141_611020,0.01609218973365471,9.35509023761796e-06,0.49961210240496506
SM,201630,49620--sample_49620_k141_112955,0.018401098240966144,1.2721470957717183e-05,0.5003885003885004
SM,201630,49620--sample_49620_k141_463131,0.01721832381380896,1.0989715810098545e-05,0.5
SM,201630,49621--sample_49621_k141_990772,0.020998766226681224,1.6335563237173263e-05,0.5011673151750973
SM,201630,49620--sample_49620_k141_790877,0.018461592666786934,1.2700541341089126e-05,0.5003885003885004
SM,201630,49620--sample_49620_k141_448102,0.022206057671098983,1.8368753602015132e-05,0.5015576323987538
SM,201630,49620--sample_49620_k141_748451,0.02095886183753873,1.6350449305906497e-05,0.5011673151750973
SM,201630,49620--sample_49620_k141_868481,0.021025559016642697,1.6335561655339152e-05,0.5011673151750973
SM,201630,49625--sample_49625_k141_231859,0.01846674030767732,1.2612689248023068e-05,0.5003885003885004
SM,201630,49623--sample_49623_k141_562214,0.019606242842730843,1.4579092016859661e-05,0.5007776049766719
SM,201630,49623--sample_49623_k141_1002962,0.01710245107970454,1.1084879231603853e-05,0.5
SM,201630,49620--sample_49620_k141_214413,0.01955916097852737,1.4642083800026071e-05,0.5007776049766719
SM,201630,49623--sample_49623_k141_673444,0.009874807995679712,3.350032720439989e-06,0.49768160741885625
SM,201630,49620--sample_49620_k141_230781,0.017208506220099826,1.0988128101660881e-05,0.5
SM,201630,49627--sample_49627_k141_405880,0.014720793601119877,8.02078387054754e-06,0.4992248062015504
SM,201630,49623--sample_49623_k141_207193,0.0233054262917949,2.072088720796735e-05,0.5019485580670304
SM,201630,49623--sample_49623_k141_1169751,0.018453833873817358,1.2678761697470091e-05,0.5003885003885004
SM,201630,49624--sample_49624_k141_468988,0.018458219834862562,1.2667765600221135e-05,0.5003885003885004
SM,201630,49620--sample_49620_k141_33513,0.01487080467254578,7.87851660968992e-06,0.4992248062015504
SM,201630,49623--sample_49623_k141_449686,0.02466260988598347,2.2838461187520367e-05,0.5023400936037441
SM,201630,49627--sample_49627_k141_808611,0.012283508528628312,5.4595863883907155e-06,0.4984520123839009
SM,201630,49641--sample_49641_k141_362688,0.01588465913447981,9.489586344978862e-06,0.49961210240496506
SM,201630,49617--sample_49617_k141_39355,0.022132036617115117,1.8466761419656423e-05,0.5015576323987538
SM,201630,49617--sample_49617_k141_35967,0.02340377967627366,2.0575078181808255e-05,0.5019485580670304
SM,201630,49640--sample_49640_k141_205688,0.025794383517209328,2.5391334806461328e-05,0.5027322404371585
SM,201630,49617--sample_49617_k141_209877,0.01594294027085005,9.456788363460121e-06,0.49961210240496506
SM,201630,49617--sample_49617_k141_139293,0.017305017964570794,1.0888427994649414e-05,0.5
SM,201630,49642--sample_49642_k141_460602,0.016031685607401043,9.412658847437735e-06,0.49961210240496506
SM,201630,49642--sample_49642_k141_46529,0.01845909385335456,1.2685141487893468e-05,0.5003885003885004
SM,201630,49631--sample_49631_k141_943460,0.02105395081524601,1.626830337301765e-05,0.5011673151750973
SM,201630,49617--sample_49617_k141_181765,0.017237272121740525,1.0978055676797195e-05,0.5
SM,201630,53600--sample_53600_k141_319847,0.01724355901399102,1.0955967855889755e-05,0.5
SM,201630,49641--sample_49641_k141_517007,0.01962185805615979,1.4553383543782935e-05,0.5007776049766719
SM,201630,49617--sample_49617_k141_231031,0.02339786146711653,2.0556162926744173e-05,0.5019485580670304
SM,201630,49617--sample_49617_k141_157639,0.022165929120192832,1.8441131331627534e-05,0.5015576323987538
SM,201630,49640--sample_49640_k141_443474,0.019669765199221072,1.4545600993078871e-05,0.5007776049766719
SM,201630,49641--sample_49641_k141_569411,0.01965330198317967,1.4478863393644581e-05,0.5007776049766719
SM,201630,49617--sample_49617_k141_244635,0.01729833998761881,1.089489798332121e-05,0.5
SM,201630,49633--sample_49633_k141_1364744,0.024602904295283508,2.2927979256476393e-05,0.5023400936037441
SM,201630,49638--sample_49638_k141_334434,0.02346011778872712,2.0528680827335783e-05,0.5019485580670304
SM,201630,49631--sample_49631_k141_788735,0.022046704910051704,1.8584723609936e-05,0.5015576323987538
SM,201630,49631--sample_49631_k141_901628,0.01973063821512155,1.4441970962376376e-05,0.5007776049766719
SM,201630,49615--sample_49615_k141_45890,0.023350297494717422,2.0677529010065698e-05,0.5019485580670304
SM,201630,49633--sample_49633_k141_1000571,0.02212738120555994,1.8549660554703134e-05,0.5015576323987538
SM,201630,53600--sample_53600_k141_432760,0.018418061482110077,1.2687729372052429e-05,0.5003885003885004
SM,201630,49631--sample_49631_k141_1063072,0.014698032845048016,8.010428276379631e-06,0.4992248062015504
SM,201630,49617--sample_49617_k141_126624,0.011135972776156251,4.329682388621857e-06,0.4980665119876257
SM,201630,49617--sample_49617_k141_63436,0.017337690472823807,1.0872921288195723e-05,0.5
SM,201630,49613--sample_49613_k141_516056,0.019663628111490822,1.4467892127309439e-05,0.5007776049766719
SM,201630,49638--sample_49638_k141_849125,0.020916330169703807,1.64093316450282e-05,0.5011673151750973
SM,201630,49633--sample_49633_k141_1105803,0.014764786617876247,7.952347664820922e-06,0.4992248062015504
SM,201630,49631--sample_49631_k141_713683,0.020824463548017716,1.6550968798590175e-05,0.5011673151750973
SM,201630,49618--sample_49618_k141_24979,0.013534895229677098,6.691455974418309e-06,0.4988381099922541
SM,201630,49641--sample_49641_k141_526586,0.01234356136909879,5.424026663636324e-06,0.4984520123839009
SM,201630,49641--sample_49641_k141_594405,0.017239018532119618,1.0989919134448726e-05,0.5
SM,201630,49630--sample_49630_k141_653913,0.027065253914239557,2.7961471966513335e-05,0.503125
SM,201630,49617--sample_49617_k141_71919,0.01604968040667106,9.37921335857841e-06,0.49961210240496506
SM,201630,49617--sample_49617_k141_269743,0.024622158865147268,2.294219379466712e-05,0.5023400936037441
SM,201630,49631--sample_49631_k141_327282,0.019620730924618048,1.4554991058177593e-05,0.5007776049766719
SM,201630,49613--sample_49613_k141_428032,0.01728791765558389,1.0940369271007661e-05,0.5
SM,201630,49617--sample_49617_k141_32695,0.01601031357404212,9.389036945270032e-06,0.49961210240496506
SM,201630,49618--sample_49618_k141_231410,0.020771502905294663,1.657059208009604e-05,0.5011673151750973
SM,201630,49618--sample_49618_k141_106535,0.02600135054602879,2.5147814920507917e-05,0.5027322404371585
SM,201630,49631--sample_49631_k141_478760,0.01725980404181363,1.0949092151490692e-05,0.5
SM,201630,49631--sample_49631_k141_269696,0.013493079488317367,6.677158414457994e-06,0.4988381099922541
SM,201630,49633--sample_49633_k141_1125289,0.017109499226969988,1.108364319775389e-05,0.5
SM,201630,49641--sample_49641_k141_479465,0.022062642740455232,1.8547221664140867e-05,0.5015576323987538
SM,201630,49631--sample_49631_k141_1077431,0.022155609026242633,1.8484075421496957e-05,0.5015576323987538
SM,201630,53598--sample_53598_k141_177344,0.022229085459063942,1.8371877215528594e-05,0.5015576323987538
SM,201630,49631--sample_49631_k141_406326,0.01962960178248675,1.4591511054824086e-05,0.5007776049766719
SM,201630,49617--sample_49617_k141_153159,0.02454064103540623,2.2969590098291052e-05,0.5023400936037441
SM,201630,49641--sample_49641_k141_335608,0.017259880996918983,1.0984759918992197e-05,0.5
SM,201630,49633--sample_49633_k141_461652,0.017291317121234412,1.0942483166823584e-05,0.5
SM,201630,49641--sample_49641_k141_610039,0.014617270466767154,8.067893777327206e-06,0.4992248062015504
SM,201630,49641--sample_49641_k141_63970,0.014844621709751739,7.886283335625412e-06,0.4992248062015504
SM,201630,49617--sample_49617_k141_196642,0.015940989550965606,9.459813891393593e-06,0.49961210240496506
SM,201630,49638--sample_49638_k141_293188,0.023311609437154147,2.076085782551321e-05,0.5019485580670304
SM,201630,49631--sample_49631_k141_1047950,0.024605647825125466,2.2882244209811653e-05,0.5023400936037441
SM,201630,49631--sample_49631_k141_1078132,0.01585795968710914,9.536785329609087e-06,0.49961210240496506
SM,201630,49617--sample_49617_k141_221011,0.01962496779007355,1.4528633916846476e-05,0.5007776049766719
SM,201630,49641--sample_49641_k141_90630,0.020862132405331437,1.6456813311954686e-05,0.5011673151750973
SM,201630,49631--sample_49631_k141_758348,0.023357131452479144,2.069387119075361e-05,0.5019485580670304
SM,201630,49617--sample_49617_k141_246435,0.01973173473527607,1.4461116901920005e-05,0.5007776049766719
SM,201630,49618--sample_49618_k141_187803,0.024568465986937398,2.298874017189528e-05,0.5023400936037441
SM,201630,49616--sample_49616_k141_109171,0.024636474333558252,2.2918898993389076e-05,0.5023400936037441
SM,201630,49641--sample_49641_k141_532511,0.024668460861065458,2.2879492977418943e-05,0.5023400936037441
SM,201630,49617--sample_49617_k141_87747,0.02100569311923148,1.629445744448499e-05,0.5011673151750973
SM,201630,49617--sample_49617_k141_135022,0.017123981509348078,1.1101600727546143e-05,0.5
SM,201630,49640--sample_49640_k141_411990,0.01592125239197475,9.488984316185559e-06,0.49961210240496506
SM,201630,49617--sample_49617_k141_280219,0.011079947249604117,4.329676663897303e-06,0.4972972972972973
SM,201630,53600--sample_53600_k141_381646,0.014644428391726924,8.045450708295652e-06,0.4992248062015504
SM,201630,49631--sample_49631_k141_946880,0.019644684632876202,1.4544573569310935e-05,0.5007776049766719
SM,201630,49640--sample_49640_k141_150614,0.019768262733354115,1.4409532399366049e-05,0.5007776049766719
SM,201630,49630--sample_49630_k141_766537,0.022136866405902757,1.8474674355167586e-05,0.5015576323987538
SM,201630,49631--sample_49631_k141_161535,0.0197520239630105,1.442496307550935e-05,0.5007776049766719
SM,201630,49619--sample_49619_k141_276398,0.022061387514479506,1.8580526789252832e-05,0.5015576323987538
SM,201630,49635--sample_49635_k141_178072,0.02581588355950194,2.5412042645563614e-05,0.5027322404371585
SM,201630,49617--sample_49617_k141_20012,0.024643396101111506,2.2930508400871822e-05,0.5023400936037441
SM,201630,49641--sample_49641_k141_266781,0.027175110531751128,2.7701201308643066e-05,0.503125
SM,201630,49640--sample_49640_k141_295713,0.025900059445856414,2.5262681746034984e-05,0.5027322404371585
SM,201630,49638--sample_49638_k141_940541,0.01233742870483892,5.418375366719662e-06,0.4984520123839009
SM,201630,49631--sample_49631_k141_125937,0.017325831626498915,1.084943080381242e-05,0.5
SM,201630,49617--sample_49617_k141_187462,0.016009382791909096,9.430980851312499e-06,0.49961210240496506
SM,201630,49618--sample_49618_k141_287800,0.022198513813999406,1.8393366136956506e-05,0.5015576323987538
SM,201630,49631--sample_49631_k141_908461,0.024604492711510193,2.293308989230796e-05,0.5023400936037441
SM,201630,49642--sample_49642_k141_530007,0.022143815317920347,1.8493135252933203e-05,0.5015576323987538
SM,201630,49613--sample_49613_k141_537521,0.017227397911114956,1.1037935786886216e-05,0.5
SM,201630,49613--sample_49613_k141_11082,0.02344188184525361,2.0578069890194762e-05,0.5019485580670304
SM,201630,49631--sample_49631_k141_548732,0.016051900951522848,9.332699334286884e-06,0.49961210240496506
SM,201630,49617--sample_49617_k141_179032,0.020901816104070995,1.645382431833773e-05,0.5011673151750973
SM,201630,49631--sample_49631_k141_862124,0.02206035060087501,1.854794436478751e-05,0.5015576323987538
SM,201630,49641--sample_49641_k141_611231,0.0183978886776552,1.2726170607050783e-05,0.5003885003885004
SM,201630,49613--sample_49613_k141_620984,0.02216283838363667,1.8509066652858046e-05,0.5015576323987538
SM,201630,49631--sample_49631_k141_944793,0.018511527844092317,1.2602444517623178e-05,0.5003885003885004
SM,201630,49631--sample_49631_k141_692523,0.018408874982461923,1.2754801374070402e-05,0.5003885003885004
SM,201630,49631--sample_49631_k141_593099,0.02336439776781303,2.0650596423470552e-05,0.5019485580670304
SM,201630,49631--sample_49631_k141_707422,0.020943557339581028,1.642841997702902e-05,0.5011673151750973
SM,201630,49617--sample_49617_k141_196780,0.017233197648673027,1.10115903881375e-05,0.5
SM,201630,49617--sample_49617_k141_216564,0.013540445851626436,6.605658434865024e-06,0.4984520123839009
SM,201630,49618--sample_49618_k141_38856,0.015973676551398013,9.391212741705742e-06,0.49961210240496506
SM,201630,49631--sample_49631_k141_553074,0.020844852538485694,1.6545772896208882e-05,0.5011673151750973
SM,201630,49641--sample_49641_k141_305580,0.021942168310303222,1.874814406963434e-05,0.5015576323987538
SM,201630,49636--sample_49636_k141_952298,0.020917961239864113,1.644980679289909e-05,0.5011673151750973
SM,201630,49617--sample_49617_k141_68029,0.024493195752367556,2.3080823164104455e-05,0.5023400936037441
SM,201630,49631--sample_49631_k141_644005,0.018631198682904086,1.254264404723452e-05,0.5003885003885004
SM,201630,49617--sample_49617_k141_127714,0.012403028895268196,5.364646207548607e-06,0.4984520123839009
SM,201630,49615--sample_49615_k141_95272,0.018481126783787254,1.2666844572329394e-05,0.5003885003885004
SM,201630,49617--sample_49617_k141_122223,0.020883765476004065,1.6468850197156304e-05,0.5011673151750973
SM,201630,49640--sample_49640_k141_463518,0.019700260288267574,1.4421708451795187e-05,0.5007776049766719
SM,201630,49617--sample_49617_k141_226029,0.013531833209936193,6.643751076646865e-06,0.4988381099922541
SM,201630,49617--sample_49617_k141_239445,0.017234164085537178,1.1010515578946411e-05,0.5
SM,201630,49639--sample_49639_k141_455759,0.014787435805750931,7.949731852402942e-06,0.4992248062015504
SM,201630,49617--sample_49617_k141_136377,0.017141824867969623,1.1095162082316084e-05,0.5
SM,201630,49619--sample_49619_k141_252582,0.01975914422285375,1.4432009951071122e-05,0.5007776049766719
SM,201630,49636--sample_49636_k141_1048953,0.01958125939995538,1.461909391714436e-05,0.5007776049766719
SM,201630,49631--sample_49631_k141_226575,0.018653636231784152,1.2463591690639543e-05,0.5003885003885004
SM,201630,49617--sample_49617_k141_27324,0.02330545829425297,2.076045494637249e-05,0.5019485580670304
SM,201630,49617--sample_49617_k141_96456,0.019680563937760364,1.445469813504901e-05,0.5007776049766719
SM,201630,49616--sample_49616_k141_70342,0.02081348980078555,1.651059877651445e-05,0.5011673151750973
SM,201630,49616--sample_49616_k141_23312,0.023372188826874925,2.063478323879051e-05,0.5019485580670304
SM,201630,49617--sample_49617_k141_118412,0.020983826239563824,1.6319411699116754e-05,0.5011673151750973
SM,201630,49617--sample_49617_k141_33665,0.02334584465740474,2.070852365293403e-05,0.5019485580670304
SM,201630,49617--sample_49617_k141_295889,0.018415824731361347,1.2754661742245929e-05,0.5003885003885004
SM,201630,49631--sample_49631_k141_810649,0.01837511298948453,1.2730577997818368e-05,0.5003885003885004
SM,201630,53601--sample_53601_k141_171030,0.018422901414440408,1.2712025349062453e-05,0.5003885003885004
SM,201630,49630--sample_49630_k141_707921,0.01970100136432568,1.4436021797986837e-05,0.5007776049766719
SM,201630,49638--sample_49638_k141_729881,0.023413293964500582,2.065203061613869e-05,0.5019485580670304
SM,201630,49617--sample_49617_k141_188936,0.0210342275765551,1.6253216176547598e-05,0.5011673151750973
SM,201630,49617--sample_49617_k141_242716,0.01358487822335228,6.606788954688188e-06,0.4988381099922541
SM,201630,49618--sample_49618_k141_228596,0.017217296407137952,1.0936613608128468e-05,0.5
SM,201630,49633--sample_49633_k141_851659,0.01608855956861882,9.30433231630593e-06,0.49961210240496506
SM,201630,49640--sample_49640_k141_182877,0.01964030624678898,1.4541796967549348e-05,0.5007776049766719
SM,201630,49631--sample_49631_k141_825232,0.022152673886553634,1.8488101156469103e-05,0.5015576323987538
SM,201630,49617--sample_49617_k141_262021,0.02700392196417378,2.801561445609103e-05,0.503125
SM,201630,49636--sample_49636_k141_1215698,0.01726329365493069,1.0922158184429234e-05,0.5
SM,201630,49617--sample_49617_k141_189712,0.023369937167707397,2.067416173068397e-05,0.5019485580670304
SM,201630,49640--sample_49640_k141_235960,0.017126388124546827,1.1092130570078089e-05,0.5
SM,201630,49618--sample_49618_k141_257690,0.019573133954997327,1.4599341667104365e-05,0.5007776049766719
SM,201630,49640--sample_49640_k141_178191,0.020907975817278712,1.64566408934735e-05,0.5011673151750973
SM,201630,49631--sample_49631_k141_902653,0.017226312090180003,1.0981512203118881e-05,0.5
SM,201630,49617--sample_49617_k141_225320,0.022219828807108124,1.8369545155181963e-05,0.5015576323987538
SM,201630,49641--sample_49641_k141_83077,0.022172750696531924,1.8398023231182232e-05,0.5015576323987538
SM,201630,49613--sample_49613_k141_22565,0.015905315400656,9.451523047360308e-06,0.49961210240496506
SM,201630,49617--sample_49617_k141_184740,0.014669707108731209,8.02302332684266e-06,0.4992248062015504
SM,201630,49617--sample_49617_k141_227961,0.018475465589037364,1.2657857952758472e-05,0.5003885003885004
SM,201630,49618--sample_49618_k141_119045,0.019509953692546697,1.4655581187500569e-05,0.5007776049766719
SM,201630,49630--sample_49630_k141_199862,0.020972882807370426,1.63408672040939e-05,0.5011673151750973
SM,201630,49617--sample_49617_k141_245533,0.01965535139591098,1.4549180700404632e-05,0.5007776049766719
SM,201630,49618--sample_49618_k141_171794,0.022188086104355922,1.83884941321478e-05,0.5015576323987538
SM,201630,49631--sample_49631_k141_1072308,0.017190174222151716,1.1000865582715233e-05,0.5
SM,201630,49631--sample_49631_k141_496773,0.02582392373093932,2.536600504307924e-05,0.5027322404371585
SM,201630,49617--sample_49617_k141_179071,0.018503927507146235,1.2629178447719064e-05,0.5003885003885004
SM,201630,49642--sample_49642_k141_462958,0.013550274236101426,6.597631723525585e-06,0.4988381099922541
SM,201630,49613--sample_49613_k141_592411,0.023484388497004845,2.0535238262275875e-05,0.5019485580670304
SM,201630,49616--sample_49616_k141_116937,0.02082899782064907,1.649108555836889e-05,0.5011673151750973
SM,201630,49617--sample_49617_k141_269609,0.022076402632788622,1.8516766688008856e-05,0.5015576323987538
SM,201630,49618--sample_49618_k141_46916,0.01961178090560457,1.4509442265938984e-05,0.5007776049766719
SM,201630,49617--sample_49617_k141_191897,0.017209393378084942,1.0907591071515441e-05,0.5
SM,201630,49635--sample_49635_k141_654849,0.01970466017251688,1.4443722150994665e-05,0.5007776049766719
SM,201630,49617--sample_49617_k141_87358,0.01969470831257525,1.4422293722441848e-05,0.5007776049766719
SM,201630,49617--sample_49617_k141_35964,0.019626578384972206,1.4526962540066631e-05,0.5007776049766719
SM,201630,49617--sample_49617_k141_93901,0.019627123161500042,1.452752396946379e-05,0.5007776049766719
SM,201630,49613--sample_49613_k141_91953,0.01718039075654834,1.1005260999914593e-05,0.5
SM,201630,49631--sample_49631_k141_940378,0.02334737177670899,2.0703404017228884e-05,0.5019485580670304
SM,201630,49617--sample_49617_k141_123358,0.020934790827522847,1.6386658067719036e-05,0.5011673151750973
SM,201630,49631--sample_49631_k141_957429,0.02459227060656983,2.2891315354411748e-05,0.5023400936037441
SM,201630,49631--sample_49631_k141_1029560,0.02210692304780657,1.854097765806738e-05,0.5015576323987538
SM,201630,49635--sample_49635_k141_447707,0.024579550841583506,2.2934059516187573e-05,0.5023400936037441
SM,201630,49617--sample_49617_k141_144175,0.022145505467321185,1.849102390454552e-05,0.5015576323987538
SM,201630,49631--sample_49631_k141_253438,0.019746448743475656,1.4384043383533548e-05,0.5007776049766719
SM,201630,49631--sample_49631_k141_20889,0.019666208354151313,1.4495072432224372e-05,0.5007776049766719
SM,201630,49631--sample_49631_k141_655218,0.01838708540808919,1.2733945982368107e-05,0.5003885003885004
SM,201630,49631--sample_49631_k141_816750,0.020948546656556342,1.6422724324799744e-05,0.5011673151750973
SM,201630,49633--sample_49633_k141_192674,0.017208694571227492,1.099487770087305e-05,0.5
SM,201630,49631--sample_49631_k141_334345,0.022137106470333262,1.8444536853355836e-05,0.5015576323987538
SM,201630,49638--sample_49638_k141_15595,0.021998533417853797,1.8656765883669624e-05,0.5015576323987538
SM,201630,49638--sample_49638_k141_770173,0.020920473672616905,1.6394287141911447e-05,0.5011673151750973
SM,201630,49631--sample_49631_k141_324547,0.022237764145243016,1.836235292385322e-05,0.5015576323987538
SM,201630,49630--sample_49630_k141_887611,0.018311301628085298,1.2778422717524855e-05,0.5003885003885004
SM,201630,49618--sample_49618_k141_331372,0.014857616772535609,7.891043029263667e-06,0.4992248062015504
SM,201630,49617--sample_49617_k141_251555,0.014771890817757021,7.936988316298914e-06,0.4992248062015504
SM,201630,49639--sample_49639_k141_508481,0.017188682464287335,1.1003980448338608e-05,0.5
SM,201630,49618--sample_49618_k141_213627,0.014778723924889619,7.923591591927196e-06,0.4992248062015504
SM,201630,49631--sample_49631_k141_664989,0.015992369437112294,9.421959581972147e-06,0.49961210240496506
SM,201630,49613--sample_49613_k141_104397,0.01727798421420014,1.0906260821301308e-05,0.5
SM,201630,49641--sample_49641_k141_373091,0.016017314854484065,9.383642529213052e-06,0.49961210240496506
SM,201630,49613--sample_49613_k141_36228,0.018330965543749043,1.2769786480289713e-05,0.5003885003885004
SM,201630,49640--sample_49640_k141_106204,0.01972642403552748,1.4447638028632032e-05,0.5007776049766719
SM,201630,49617--sample_49617_k141_184962,0.014735838676036062,8.020772645662858e-06,0.4992248062015504
SM,201630,49631--sample_49631_k141_269963,0.02342143122323712,2.0638113286720528e-05,0.5019485580670304
SM,201630,49632--sample_49632_k141_266809,0.023386055524064125,2.062178477225047e-05,0.5019485580670304
SM,201630,49613--sample_49613_k141_594659,0.014698480167531669,8.02177598972529e-06,0.4992248062015504
SM,201630,53598--sample_53598_k141_349839,0.019693277996571952,1.4488472845291782e-05,0.5007776049766719
SM,201630,49617--sample_49617_k141_291128,0.0172272091284507,1.0949086011542311e-05,0.5
SM,201630,49631--sample_49631_k141_846808,0.01970806901456794,1.4491400706183323e-05,0.5007776049766719
SM,201630,49631--sample_49631_k141_766424,0.021038257350093053,1.6260944247492804e-05,0.5011673151750973
SM,201630,49617--sample_49617_k141_283587,0.019626439983272074,1.4540393672804883e-05,0.5007776049766719
SM,201630,53602--sample_53602_k141_377025,0.019652858259375735,1.4512659718934483e-05,0.5007776049766719
SM,201630,49631--sample_49631_k141_730297,0.019693493749362793,1.4468038319937902e-05,0.5007776049766719
SM,201630,49615--sample_49615_k141_91147,0.020868177617030876,1.64795699457486e-05,0.5011673151750973
SM,201630,49617--sample_49617_k141_299297,0.01708558856163784,1.1063843970633748e-05,0.5
SM,201630,49631--sample_49631_k141_866898,0.014754976256624563,7.976710111636803e-06,0.4992248062015504
SM,201630,49638--sample_49638_k141_452047,0.022064521886947897,1.8568546370168668e-05,0.5015576323987538
SM,201630,49615--sample_49615_k141_133391,0.022205017236911474,1.8366597631692117e-05,0.5015576323987538
SM,201630,49617--sample_49617_k141_63508,0.01966187792766956,1.4522468910395578e-05,0.5007776049766719
SM,201630,53600--sample_53600_k141_59809,0.01730194603321952,1.0930358649843906e-05,0.5
SM,201630,53600--sample_53600_k141_22783,0.01610841846213855,9.336521101699746e-06,0.49961210240496506
SM,201630,49640--sample_49640_k141_328655,0.019680454823966822,1.4500032230476887e-05,0.5007776049766719
SM,201630,49633--sample_49633_k141_938818,0.022162961469212414,1.8432955790383836e-05,0.5015576323987538
SM,201630,49630--sample_49630_k141_419823,0.016004125871167476,9.4110177402947e-06,0.49961210240496506
SM,201630,49630--sample_49630_k141_177312,0.022021127149771128,1.8643157916637047e-05,0.5015576323987538
SM,201630,49641--sample_49641_k141_614314,0.022213140083248463,1.843349576704684e-05,0.5015576323987538
SM,201630,49642--sample_49642_k141_410126,0.017276327686371204,1.0927976836140058e-05,0.5
SM,201630,49617--sample_49617_k141_201511,0.018479614601161817,1.2645519107627569e-05,0.5003885003885004
SM,201630,49617--sample_49617_k141_298815,0.020802084826843335,1.65672799508234e-05,0.5011673151750973
SM,201630,49617--sample_49617_k141_61959,0.015962316566261164,9.457915766785499e-06,0.49961210240496506
SM,201630,49617--sample_49617_k141_66360,0.015976624112082293,9.408522496029067e-06,0.49961210240496506
SM,201630,49631--sample_49631_k141_138255,0.020928240799994443,1.6337230939779852e-05,0.5011673151750973
SM,201630,49617--sample_49617_k141_30728,0.019845724024084143,1.4333429156977895e-05,0.5007776049766719
SM,201630,49617--sample_49617_k141_262468,0.013603625966067836,6.554598303026902e-06,0.4988381099922541
SM,201630,49613--sample_49613_k141_620399,0.023250165214480045,2.0798498879154865e-05,0.5019485580670304
SM,201630,49631--sample_49631_k141_875953,0.0146070502479789,8.103905644677719e-06,0.4992248062015504
SM,201630,49617--sample_49617_k141_295732,0.01598706905485572,9.422452914337879e-06,0.49961210240496506
SM,201630,49617--sample_49617_k141_178119,0.023338933564217956,2.0613796698606254e-05,0.5019485580670304
SM,201630,49631--sample_49631_k141_30093,0.025918533410917356,2.525006370291537e-05,0.5027322404371585
SM,201630,49631--sample_49631_k141_269216,0.015900928681815977,9.45533598980708e-06,0.49961210240496506
SM,201630,49631--sample_49631_k141_1008652,0.02215258616144679,1.8406115509728623e-05,0.5015576323987538
SM,201630,49617--sample_49617_k141_280480,0.014652849717988714,7.998841444969397e-06,0.4992248062015504
SM,201630,49630--sample_49630_k141_409200,0.018512472099716487,1.2571431838439582e-05,0.5003885003885004
SM,201630,49617--sample_49617_k141_276013,0.018491879685009316,1.2618972477972599e-05,0.5003885003885004
SM,201630,49631--sample_49631_k141_709042,0.017239707006251926,1.0971638187959468e-05,0.5
SM,201630,53600--sample_53600_k141_348427,0.02460120789551193,2.2988214313302376e-05,0.5023400936037441
SM,201630,49617--sample_49617_k141_26213,0.023406594107390166,2.0553646875154714e-05,0.5019485580670304
SM,201630,49617--sample_49617_k141_195700,0.022213672225535403,1.8372193993462522e-05,0.5015576323987538
SM,201630,49631--sample_49631_k141_581899,0.025855844169131108,2.531750091317273e-05,0.5027322404371585
SM,201630,49642--sample_49642_k141_628483,0.014749667815999727,7.972555448048632e-06,0.4992248062015504
SM,201630,49613--sample_49613_k141_532078,0.02208653577048788,1.8519888616561597e-05,0.5015576323987538
SM,201630,49638--sample_49638_k141_599206,0.020890117493846214,1.643628778966668e-05,0.5011673151750973
SM,201630,49617--sample_49617_k141_150679,0.024741359034437273,2.2731192457879325e-05,0.5023400936037441
SM,201630,49631--sample_49631_k141_1053996,0.015825357916687384,9.560289326136181e-06,0.49961210240496506
SM,201630,49617--sample_49617_k141_167811,0.018553803375540877,1.2609545224165523e-05,0.5003885003885004
SM,201630,49616--sample_49616_k141_193497,0.02341938849902376,2.057771949051895e-05,0.5019485580670304
SM,201630,49617--sample_49617_k141_24004,0.018393589338693783,1.2767878959677294e-05,0.5003885003885004
SM,201630,49617--sample_49617_k141_77130,0.018405629156751847,1.2773528728460746e-05,0.5003885003885004
SM,201630,49631--sample_49631_k141_743481,0.01848177494778067,1.259560666140799e-05,0.5
SM,201630,49640--sample_49640_k141_592906,0.01976860558889419,1.4425730839633054e-05,0.5007776049766719
SM,201630,49639--sample_49639_k141_495848,0.022017984442911552,1.8612763679389455e-05,0.5015576323987538
SM,201630,49631--sample_49631_k141_862268,0.020930709450148275,1.6420358982920256e-05,0.5011673151750973
SM,201630,49642--sample_49642_k141_581549,0.02085247592020458,1.648259905685995e-05,0.5011673151750973
SM,201630,49631--sample_49631_k141_1007009,0.014681203411885807,8.03547932256885e-06,0.4992248062015504
SM,201630,49619--sample_49619_k141_441181,0.01732814400830068,1.0920217851164732e-05,0.5
SM,201630,49631--sample_49631_k141_292675,0.013566280704201258,6.685814699929514e-06,0.4988381099922541
SM,201630,49630--sample_49630_k141_849450,0.019621549479177592,1.4571043013470135e-05,0.5007776049766719
SM,201630,49617--sample_49617_k141_278168,0.017212445282415886,1.0992879683915754e-05,0.5
SM,201630,49613--sample_49613_k141_231441,0.020924650565270472,1.6404768527894655e-05,0.5011673151750973
SM,201630,49631--sample_49631_k141_702721,0.01717876260000108,1.0974156487679037e-05,0.49961210240496506
SM,201630,49640--sample_49640_k141_152891,0.020952511088098747,1.6402555394847954e-05,0.5011673151750973
SM,201630,49641--sample_49641_k141_488055,0.020935079023170426,1.6420409719904775e-05,0.5011673151750973
SM,201630,49640--sample_49640_k141_323313,0.020911643859215474,1.6425424989029577e-05,0.5011673151750973
SM,201630,49631--sample_49631_k141_1041242,0.014783214886408628,7.95709207516566e-06,0.4992248062015504
SM,201630,49618--sample_49618_k141_137535,0.018413597557766545,1.2661105286783216e-05,0.5003885003885004
SM,201630,49633--sample_49633_k141_1083728,0.01844509950667844,1.2645147336006002e-05,0.5003885003885004
SM,201630,49632--sample_49632_k141_1004910,0.020905178245407663,1.63912561044365e-05,0.5011673151750973
SM,201630,49618--sample_49618_k141_23248,0.014664575635483726,8.073234743415509e-06,0.4992248062015504
SM,201630,49617--sample_49617_k141_72135,0.01838236955576682,1.2780587986479475e-05,0.5003885003885004
SM,201630,49613--sample_49613_k141_461896,0.018374491835315154,1.2754199870297394e-05,0.5003885003885004
SM,201630,49617--sample_49617_k141_86405,0.019732975623975305,1.4426990615869411e-05,0.5007776049766719
SM,201630,49613--sample_49613_k141_165938,0.01845099885546823,1.269420024487114e-05,0.5003885003885004
SM,201630,49631--sample_49631_k141_563528,0.023386230997197367,2.0625364260588476e-05,0.5019485580670304
SM,201630,49617--sample_49617_k141_160378,0.01968991116104175,1.4468594060298818e-05,0.5007776049766719
SM,201630,49613--sample_49613_k141_682459,0.020832645435445694,1.6493633245551468e-05,0.5011673151750973
SM,201630,49617--sample_49617_k141_61118,0.011032419189676955,4.400721151388204e-06,0.4980665119876257
SM,201630,49630--sample_49630_k141_343998,0.019677390870062404,1.4518547431932468e-05,0.5007776049766719
SM,201630,49617--sample_49617_k141_127335,0.022078972308260152,1.8549996743854467e-05,0.5015576323987538
SM,201630,49630--sample_49630_k141_90873,0.02089420201332684,1.6428763877662827e-05,0.5011673151750973
SM,201630,49618--sample_49618_k141_299160,0.02335175294224491,2.0608899490347697e-05,0.5019485580670304
SM,201630,49631--sample_49631_k141_167697,0.015926690043699353,9.46642572930996e-06,0.49961210240496506
SM,201630,49631--sample_49631_k141_569685,0.018426827937790307,1.2701496256421941e-05,0.5003885003885004
SM,201630,49631--sample_49631_k141_148696,0.019562493831002642,1.4607535336276896e-05,0.5007776049766719
SM,201630,49617--sample_49617_k141_282111,0.019624916434556706,1.4585453393171706e-05,0.5007776049766719
SM,201630,49617--sample_49617_k141_285407,0.02210053010760946,1.8558703913494443e-05,0.5015576323987538
SM,201630,49641--sample_49641_k141_284676,0.01842210712433624,1.2674088632257332e-05,0.5003885003885004
SM,201630,49617--sample_49617_k141_41126,0.0197887378550318,1.4418953169743048e-05,0.5007776049766719
SM,201630,49618--sample_49618_k141_58082,0.017154111991013438,1.0983596674247693e-05,0.5
SM,201630,Sample_49638_5,0.13240240961212682,0.03453865798170717,0.5351059410054009
SM,201630,Sample_49629_9.1,0.13156657893114115,0.03442976548985025,0.5337753833402403
SM,201630,Sample_49628_42,0.13099012838078042,0.033148919289591704,0.530696332921302
SM,201630,Sample_49624_11,0.1357400237791136,0.03613894589662928,0.5427728613569321
SM,201630,Sample_49615_24,0.1350327797851982,0.035760735143852716,0.5409491810163797
SM,201630,Sample_49624_46,0.13545454751075506,0.03473459623241235,0.5395894428152492
SM,201630,49622_ma_contigs,0.13553148512559263,0.035190111603998146,0.5404951741502309
SM,201630,Sample_49625_12,0.13621368624186522,0.03592633978475606,0.5427728613569321
SM,201630,Sample_49613_26,0.1321469509704036,0.03379466852504797,0.5333333333333333
SM,201630,Sample_49613_25,0.13356742712346048,0.03508742797606505,0.5377870563674322
SM,201630,Sample_49628_25.1,0.13282101494579754,0.03392165716573962,0.5346616853466168
SM,201630,Sample_49625_10,0.13099922161041044,0.033112895542044836,0.5302593659942363
SM,201630,Sample_49615_26.2,0.12935720873468667,0.03268103167485507,0.5276526013928717
SM,201630,Sample_49628_33.1,0.13675304411982073,0.036439516557643784,0.5446088794926004
SM,201630,Sample_49615_13,0.12909119948362666,0.032665450993755105,0.5272206303724928
SM,201630,Sample_49625_6,0.13397559334220482,0.035146865459053364,0.5386867419489754
SM,201630,Sample_49618_9,0.1352917968198983,0.03598571322841002,0.5418594867480017
SM,201630,Sample_49618_42,0.13822601761302927,0.03635767792506363,0.546457361052185
SM,201630,Sample_49618_8,0.137795983982401,0.037642545212321486,0.5487856838517257
SM,201630,Sample_49625_17,0.13365497551040756,0.03449248087064994,0.5368903709879116
SM,201630,Sample_49618_50,0.13385345553662462,0.035730161750828826,0.5391377145249058
SM,201630,Sample_49613_28,0.13173495815313976,0.033735254456081824,0.5328920148944973
SM,201630,Sample_49628_55,0.13498141102770594,0.034440838587821494,0.5382365231926453
SM,201630,Sample_49624_8,0.1262914035256524,0.03174944176476293,0.5216686917780478
SM,201630,Sample_49628_40,0.13359954656837222,0.035906231737150324,0.5395894428152492
SM,201630,Sample_49615_5.1,0.13065486002747898,0.0335420533530208,0.5311340206185567
SM,201630,Sample_49615_20,0.1365906074074949,0.0370448268062428,0.5455315544260907
SM,201630,Sample_49618_39.1,0.13644310593115924,0.03743565490154403,0.546457361052185
