Method,Number of Swaps,Node,Eigenvector Centrality,Betweenness Centrality,Closeness Centrality
SM,201630,49614--sample_49614_k141_1366290,0.01848891469797269,1.2528614397657773e-05,0.5003885003885004
SM,201630,49614--sample_49614_k141_1673869,0.014808110676163317,7.904854889543083e-06,0.4992248062015504
SM,201630,49614--sample_49614_k141_361656,0.02580422307217507,2.5293880430620417e-05,0.5027322404371585
SM,201630,49614--sample_49614_k141_1427871,0.020918735424567722,1.637427988237362e-05,0.5011673151750973
SM,201630,49614--sample_49614_k141_1684910,0.02334096366782412,2.061191718033977e-05,0.5019485580670304
SM,201630,49614--sample_49614_k141_1888333,0.025661611818151592,2.5464887324010003e-05,0.5027322404371585
SM,201630,49614--sample_49614_k141_1420726,0.019770194983806336,1.4311854819521602e-05,0.5007776049766719
SM,201630,49614--sample_49614_k141_1263971,0.017245090029679683,1.0894459223615595e-05,0.5
SM,201630,49614--sample_49614_k141_1030954,0.022152240588600644,1.843324264853825e-05,0.5015576323987538
SM,201630,49614--sample_49614_k141_1613401,0.01845070872406471,1.2656374403211287e-05,0.5003885003885004
SM,201630,49614--sample_49614_k141_1358288,0.02327837412805595,2.0626806882282268e-05,0.5019485580670304
SM,201630,49614--sample_49614_k141_1030670,0.024588683254596812,2.290326887776735e-05,0.5023400936037441
SM,201630,49614--sample_49614_k141_1820688,0.018470493837317015,1.2588117091439997e-05,0.5003885003885004
SM,201630,49614--sample_49614_k141_1487501,0.02201916668110197,1.8528733994396586e-05,0.5015576323987538
SM,201630,49614--sample_49614_k141_1651093,0.012207973628828668,5.4876740224635405e-06,0.4984520123839009
SM,201630,49614--sample_49614_k141_1675793,0.019703481058172562,1.4344749600021212e-05,0.5007776049766719
SM,201630,49614--sample_49614_k141_942127,0.014735966641695455,7.945194739743067e-06,0.4992248062015504
SM,201630,49614--sample_49614_k141_656736,0.025775321952484432,2.5320380892396936e-05,0.5027322404371585
SM,201630,49614--sample_49614_k141_1678667,0.0184882648842904,1.2605983337305434e-05,0.5003885003885004
SM,201630,49614--sample_49614_k141_1943765,0.01720678607638026,1.0933615723841964e-05,0.5
SM,201630,49614--sample_49614_k141_1816064,0.018503567408410453,1.2571549216534595e-05,0.5003885003885004
SM,201630,49614--sample_49614_k141_149411,0.01718579994441258,1.0949457477134037e-05,0.5
SM,201630,49614--sample_49614_k141_1996265,0.022007148536166473,1.8547636366686994e-05,0.5015576323987538
SM,201630,49614--sample_49614_k141_1502755,0.015845720614760993,9.471086751586676e-06,0.49961210240496506
SM,201630,49614--sample_49614_k141_259366,0.012199990785247883,5.465737524105235e-06,0.4984520123839009
SM,201630,49614--sample_49614_k141_75054,0.01587705826005058,9.487550597115419e-06,0.49961210240496506
SM,201630,49614--sample_49614_k141_2139,0.01969937668879904,1.4437637101425955e-05,0.5007776049766719
SM,201630,49614--sample_49614_k141_823274,0.022068807822717935,1.8506139343040665e-05,0.5015576323987538
SM,201630,49614--sample_49614_k141_1735709,0.024660782917584816,2.2778417839435385e-05,0.5023400936037441
SM,201630,49614--sample_49614_k141_762662,0.015891564684698906,9.483700166657863e-06,0.49961210240496506
SM,201630,49614--sample_49614_k141_1698348,0.019667747608635062,1.446224343767482e-05,0.5007776049766719
SM,201630,49614--sample_49614_k141_1641869,0.028212166452233126,3.0603741361750416e-05,0.5035183737294762
SM,201630,49614--sample_49614_k141_262368,0.02585637209958748,2.5217464119770268e-05,0.5027322404371585
SM,201630,49614--sample_49614_k141_611934,0.01839889810696284,1.2712155305879474e-05,0.5003885003885004
SM,201630,49614--sample_49614_k141_405366,0.022158063632634614,1.8469029178403463e-05,0.5015576323987538
SM,201630,49614--sample_49614_k141_1298515,0.02328999672705247,2.067956924379063e-05,0.5019485580670304
SM,201630,49614--sample_49614_k141_1081030,0.016043035556714855,9.342606483487222e-06,0.49961210240496506
SM,201630,49614--sample_49614_k141_1494757,0.023357518017991546,2.0626226510161734e-05,0.5019485580670304
SM,201630,49614--sample_49614_k141_228945,0.018395959458971264,1.2708718667432042e-05,0.5003885003885004
SM,201630,49614--sample_49614_k141_651585,0.02082866463007582,1.6430650813512294e-05,0.5011673151750973
SM,201630,49614--sample_49614_k141_1667848,0.017108291792960185,1.0970936238495408e-05,0.5
SM,201630,49614--sample_49614_k141_1582181,0.020884821896224818,1.641443433338379e-05,0.5011673151750973
SM,201630,49614--sample_49614_k141_888599,0.018406659084960475,1.2645930526436785e-05,0.5003885003885004
SM,201630,49614--sample_49614_k141_589501,0.02084132637439151,1.6467183816772994e-05,0.5011673151750973
SM,201630,49614--sample_49614_k141_1751193,0.023469472528616968,2.0491138385789e-05,0.5019485580670304
SM,201630,49614--sample_49614_k141_1297148,0.020802437528661545,1.648172978247863e-05,0.5011673151750973
SM,201630,49614--sample_49614_k141_2279922,0.022123462891339894,1.8368928715810694e-05,0.5015576323987538
SM,201630,49614--sample_49614_k141_311416,0.01726920472038715,1.0877379415503917e-05,0.5
SM,201630,49614--sample_49614_k141_401001,0.01843362785430247,1.2669920686642732e-05,0.5003885003885004
SM,201630,49614--sample_49614_k141_1969311,0.02466675908684058,2.28178818572857e-05,0.5023400936037441
SM,201630,49614--sample_49614_k141_239722,0.018460017491644515,1.2638257693293543e-05,0.5003885003885004
SM,201630,49614--sample_49614_k141_714468,0.018500669125717316,1.2557277534109491e-05,0.5003885003885004
SM,201630,49614--sample_49614_k141_1994231,0.018472861218605297,1.258758463915071e-05,0.5003885003885004
SM,201630,49614--sample_49614_k141_2178769,0.02085102301981912,1.6432028558311526e-05,0.5011673151750973
SM,201630,49614--sample_49614_k141_461285,0.017139011697968814,1.0967514819716819e-05,0.5
SM,201630,49614--sample_49614_k141_872999,0.02699107430500137,2.7948625806314295e-05,0.503125
SM,201630,49614--sample_49614_k141_60460,0.013502342352035766,6.661482132482276e-06,0.4988381099922541
SM,201630,49614--sample_49614_k141_2173118,0.01596851668832271,9.426498860662476e-06,0.49961210240496506
SM,201630,49614--sample_49614_k141_1230032,0.019734507335653097,1.441363114998144e-05,0.5007776049766719
SM,201630,49614--sample_49614_k141_2164689,0.024496355301077553,2.296233250011361e-05,0.5023400936037441
SM,201630,49614--sample_49614_k141_153009,0.019611625025370283,1.450140245399009e-05,0.5007776049766719
SM,201630,49614--sample_49614_k141_38739,0.027064943440539276,2.7815076355795873e-05,0.503125
SM,201630,49614--sample_49614_k141_978190,0.022030590542265572,1.8567629762045857e-05,0.5015576323987538
SM,201630,49614--sample_49614_k141_1331948,0.017203888749602977,1.0951972372972438e-05,0.5
SM,201630,49614--sample_49614_k141_736090,0.02463814742366607,2.2874736648054098e-05,0.5023400936037441
SM,201630,49614--sample_49614_k141_693752,0.020971581820775638,1.630878856779328e-05,0.5011673151750973
SM,201630,49614--sample_49614_k141_768537,0.01947993288020708,1.4629735078819411e-05,0.5007776049766719
SM,201630,49614--sample_49614_k141_1297508,0.02218091165776862,1.840037781691832e-05,0.5015576323987538
SM,201630,49614--sample_49614_k141_1820469,0.020869687037244667,1.6436676339033783e-05,0.5011673151750973
SM,201630,49614--sample_49614_k141_983271,0.02330759204087867,2.0607838347927972e-05,0.5019485580670304
SM,201630,49614--sample_49614_k141_1706254,0.01463464647595938,8.070992015798123e-06,0.4992248062015504
SM,201630,49614--sample_49614_k141_2143008,0.022201256187578285,1.8312441543119623e-05,0.5015576323987538
SM,201630,49614--sample_49614_k141_917802,0.020803381545211982,1.6488396936402423e-05,0.5011673151750973
SM,201630,49614--sample_49614_k141_1082226,0.022135184248411228,1.8420595949239745e-05,0.5015576323987538
SM,201630,49614--sample_49614_k141_2049411,0.020815313405082542,1.641428623991356e-05,0.5011673151750973
SM,201630,49614--sample_49614_k141_1581344,0.019577908109757604,1.454479673422461e-05,0.5007776049766719
SM,201630,49614--sample_49614_k141_625148,0.01727463938672825,1.0845838468197103e-05,0.5
SM,201630,49614--sample_49614_k141_1609489,0.017286450975492775,1.0871926784907093e-05,0.5
SM,201630,49614--sample_49614_k141_65000,0.022338783119798904,1.8115815714507532e-05,0.5015576323987538
SM,201630,49614--sample_49614_k141_301897,0.02212912708161633,1.8373415651570835e-05,0.5015576323987538
SM,201630,49614--sample_49614_k141_1808202,0.01709766809802816,1.1074909110030053e-05,0.5
SM,201630,49614--sample_49614_k141_455871,0.01610733115045926,9.246551097805783e-06,0.49961210240496506
SM,201630,49614--sample_49614_k141_1432154,0.018497960063814656,1.2574678686930525e-05,0.5003885003885004
SM,201630,49614--sample_49614_k141_974705,0.014854367109551255,7.863072567979848e-06,0.4992248062015504
SM,201630,49614--sample_49614_k141_945712,0.018512564607266864,1.2555735343482287e-05,0.5003885003885004
SM,201630,49614--sample_49614_k141_82393,0.019719741803225502,1.437428586876393e-05,0.5007776049766719
SM,201630,49614--sample_49614_k141_1302202,0.018409447394687906,1.2594321227347155e-05,0.5003885003885004
SM,201630,49614--sample_49614_k141_290227,0.017094351469944903,1.1038452877810948e-05,0.5
SM,201630,49614--sample_49614_k141_2198304,0.01969446485426756,1.4419992010163903e-05,0.5007776049766719
SM,201630,49614--sample_49614_k141_1239175,0.018456380954945575,1.2645437219848266e-05,0.5003885003885004
SM,201630,49614--sample_49614_k141_581161,0.01229391893062617,5.4182160142549916e-06,0.4980665119876257
SM,201630,49614--sample_49614_k141_1129144,0.02089253141943649,1.637660154075695e-05,0.5011673151750973
SM,201630,49614--sample_49614_k141_517086,0.01720801677039967,1.0948986410241765e-05,0.5
SM,201630,49614--sample_49614_k141_734937,0.016110347389853924,9.282060781681248e-06,0.49961210240496506
SM,201630,49614--sample_49614_k141_1636650,0.01831142399215529,1.2719112852842175e-05,0.5003885003885004
SM,201630,49614--sample_49614_k141_1173914,0.02195632813220157,1.8644444650666615e-05,0.5015576323987538
SM,201630,49614--sample_49614_k141_945388,0.01715970946977477,1.1008950373627694e-05,0.5
SM,201630,49614--sample_49614_k141_518814,0.017195414082052232,1.1002038839560858e-05,0.5
SM,201630,49614--sample_49614_k141_1499111,0.02957675286806853,3.309194530431034e-05,0.5039123630672926
SM,201630,49614--sample_49614_k141_1431,0.02454171679184758,2.3006585291681904e-05,0.5023400936037441
SM,201630,49614--sample_49614_k141_2129664,0.020894867085546717,1.634656000845453e-05,0.5011673151750973
SM,201630,49614--sample_49614_k141_1838286,0.01844521098829793,1.2626011405889402e-05,0.5003885003885004
SM,201630,49614--sample_49614_k141_533429,0.020922664452364962,1.6297428355899532e-05,0.5011673151750973
SM,201630,49614--sample_49614_k141_1809878,0.022123145329317813,1.8400695300557086e-05,0.5015576323987538
SM,201630,49614--sample_49614_k141_924335,0.01959784972945511,1.4525015561227297e-05,0.5007776049766719
SM,201630,49614--sample_49614_k141_575385,0.020919897221461897,1.6419704028756737e-05,0.5011673151750973
SM,201630,49614--sample_49614_k141_1317799,0.023382407512061474,2.060510103993408e-05,0.5019485580670304
SM,201630,49614--sample_49614_k141_1611182,0.019520863970979793,1.4608961236360958e-05,0.5007776049766719
SM,201630,49614--sample_49614_k141_330023,0.013420431159062704,6.697087630990714e-06,0.4988381099922541
SM,201630,49614--sample_49614_k141_918242,0.019731683040745372,1.4363001680127396e-05,0.5007776049766719
SM,201630,49614--sample_49614_k141_2021145,0.017071702122804046,1.1036464017335166e-05,0.5
SM,201630,49614--sample_49614_k141_1050375,0.016094455160562106,9.325105455913654e-06,0.49961210240496506
SM,201630,49614--sample_49614_k141_248429,0.01592453930470293,9.436536218269429e-06,0.49961210240496506
SM,201630,49614--sample_49614_k141_2013565,0.022203769977417017,1.8376401250876795e-05,0.5015576323987538
SM,201630,49614--sample_49614_k141_1607582,0.024626989723687917,2.280565866655444e-05,0.5023400936037441
SM,201630,49614--sample_49614_k141_3196,0.018542906990880625,1.257581714361348e-05,0.5003885003885004
SM,201630,49614--sample_49614_k141_134781,0.023259531252772567,2.069914639197052e-05,0.5019485580670304
SM,201630,49614--sample_49614_k141_519892,0.020933378694546954,1.6329771573158147e-05,0.5011673151750973
SM,201630,49614--sample_49614_k141_1887436,0.016160114446395833,9.29066136734288e-06,0.49961210240496506
SM,201630,49614--sample_49614_k141_1615394,0.017162979620382893,1.1013568577251635e-05,0.5
SM,201630,49614--sample_49614_k141_4744,0.015878839299545172,9.467378155248657e-06,0.49961210240496506
SM,201630,49614--sample_49614_k141_1820321,0.01595942437406517,9.430453069760778e-06,0.49961210240496506
SM,201630,49614--sample_49614_k141_806895,0.025716670874647574,2.546590413718871e-05,0.5027322404371585
SM,201630,49614--sample_49614_k141_541379,0.019708156217879316,1.4438945339210332e-05,0.5007776049766719
SM,201630,49614--sample_49614_k141_1890593,0.022203586501890065,1.8341933756547316e-05,0.5015576323987538
SM,201630,49614--sample_49614_k141_590446,0.015925435167733967,9.422174098732662e-06,0.49961210240496506
SM,201630,49614--sample_49614_k141_1777190,0.016041004899567245,9.355833541243667e-06,0.49961210240496506
SM,201630,49614--sample_49614_k141_1243219,0.01847286613802803,1.2587336515510529e-05,0.5003885003885004
SM,201630,49614--sample_49614_k141_2043775,0.01595906102243571,9.424075174470584e-06,0.49961210240496506
SM,201630,49614--sample_49614_k141_1387687,0.018263630422686927,1.2794159246254743e-05,0.5003885003885004
SM,201630,49614--sample_49614_k141_2306863,0.018407393169274717,1.2691252976824104e-05,0.5003885003885004
SM,201630,49614--sample_49614_k141_1359850,0.01830070961145079,1.2768427125333827e-05,0.5003885003885004
SM,201630,49614--sample_49614_k141_559284,0.012274683277531952,5.456317168670709e-06,0.4984520123839009
SM,201630,49614--sample_49614_k141_2091805,0.019626585154532274,1.4498303559652434e-05,0.5007776049766719
SM,201630,49614--sample_49614_k141_834841,0.02084879786291593,1.6370358374283016e-05,0.5011673151750973
SM,201630,49614--sample_49614_k141_135183,0.013489221383957018,6.6375944204427165e-06,0.4988381099922541
SM,201630,49614--sample_49614_k141_271904,0.014912229127131183,7.799431773299012e-06,0.4992248062015504
SM,201630,49614--sample_49614_k141_2240088,0.022225290381686604,1.8344884537070484e-05,0.5015576323987538
SM,201630,49614--sample_49614_k141_838838,0.017205887414299237,1.1010435058589919e-05,0.5
SM,201630,49614--sample_49614_k141_331421,0.016067440218663756,9.335943576904905e-06,0.49961210240496506
SM,201630,49614--sample_49614_k141_1716839,0.018367963493824337,1.2703323241840755e-05,0.5003885003885004
SM,201630,49614--sample_49614_k141_1819997,0.01984892046364112,1.4275773122000823e-05,0.5007776049766719
SM,201630,49614--sample_49614_k141_1586341,0.023328737996579724,2.0621065844840662e-05,0.5019485580670304
SM,201630,49614--sample_49614_k141_2131776,0.02088400448701588,1.6440963538494467e-05,0.5011673151750973
SM,201630,49614--sample_49614_k141_1339374,0.02088624853124788,1.6349772564210446e-05,0.5011673151750973
SM,201630,49614--sample_49614_k141_31048,0.023338203066724246,2.0527805080453172e-05,0.5019485580670304
SM,201630,49614--sample_49614_k141_1871025,0.02079519044632498,1.651186732985502e-05,0.5011673151750973
SM,201630,49614--sample_49614_k141_995602,0.019671998910995057,1.4497757694102956e-05,0.5007776049766719
SM,201630,49614--sample_49614_k141_459191,0.022187758510736174,1.8289771126615535e-05,0.5015576323987538
SM,201630,49614--sample_49614_k141_1160020,0.014665890205002722,8.00001416828454e-06,0.4992248062015504
SM,201630,49614--sample_49614_k141_871051,0.01847327593474652,1.2597368101137646e-05,0.5003885003885004
SM,201630,49614--sample_49614_k141_1387103,0.0186108833817225,1.249389985053809e-05,0.5003885003885004
SM,201630,49614--sample_49614_k141_70929,0.017144938327888055,1.1020277945799326e-05,0.5
SM,201630,49614--sample_49614_k141_674158,0.017184071373050093,1.0958962634293711e-05,0.5
SM,201630,49614--sample_49614_k141_148117,0.018384977323210604,1.2695126428099495e-05,0.5003885003885004
SM,201630,49614--sample_49614_k141_2202806,0.017113169082489617,1.110449575723706e-05,0.5
SM,201630,49614--sample_49614_k141_2190878,0.020882645078503823,1.6345104467459026e-05,0.5011673151750973
SM,201630,49614--sample_49614_k141_1326880,0.014741356662569562,7.95500341595518e-06,0.4992248062015504
SM,201630,49614--sample_49614_k141_2097207,0.01591973800215212,9.445492182902021e-06,0.49961210240496506
SM,201630,49614--sample_49614_k141_325554,0.019679219253548392,1.4464166428195907e-05,0.5007776049766719
SM,201630,49614--sample_49614_k141_658929,0.022093526575491518,1.845253665430447e-05,0.5015576323987538
SM,201630,49614--sample_49614_k141_844689,0.01964757895766951,1.448558774775017e-05,0.5007776049766719
SM,201630,49614--sample_49614_k141_1178427,0.018485246656021626,1.2593712453350093e-05,0.5003885003885004
SM,201630,49614--sample_49614_k141_924455,0.017049564233024696,1.1090623131192146e-05,0.5
SM,201630,49614--sample_49614_k141_548218,0.018495365886877183,1.2595835555370406e-05,0.5003885003885004
SM,201630,49614--sample_49614_k141_157529,0.023522900463745038,2.043254653183962e-05,0.5019485580670304
SM,201630,49614--sample_49614_k141_1043792,0.026998201559871714,2.7901131518614066e-05,0.503125
SM,201630,49614--sample_49614_k141_282500,0.020919419090469387,1.6403027045210576e-05,0.5011673151750973
SM,201630,49614--sample_49614_k141_1047512,0.02332624440087264,2.0661814929564088e-05,0.5019485580670304
SM,201630,49614--sample_49614_k141_1812456,0.020942635740973468,1.6359129085958533e-05,0.5011673151750973
SM,201630,49614--sample_49614_k141_991277,0.017237840318649437,1.0936347260439901e-05,0.5
SM,201630,49614--sample_49614_k141_2155159,0.018384992703039078,1.2669878718818932e-05,0.5003885003885004
SM,201630,49614--sample_49614_k141_1515117,0.02341841346145275,2.0561079038310566e-05,0.5019485580670304
SM,201630,49614--sample_49614_k141_1610034,0.019654837035637116,1.4454877651843313e-05,0.5007776049766719
SM,201630,49614--sample_49614_k141_438690,0.01851321056441948,1.258926001887159e-05,0.5003885003885004
SM,201630,49614--sample_49614_k141_2037150,0.023369836891734493,2.0594456258104255e-05,0.5019485580670304
SM,201630,49614--sample_49614_k141_67510,0.017203053317340213,1.1005674860186643e-05,0.5
SM,201630,49614--sample_49614_k141_1822828,0.022183708206097046,1.83326479091886e-05,0.5015576323987538
SM,201630,49614--sample_49614_k141_2097969,0.02331267786192658,2.0623163669565818e-05,0.5019485580670304
SM,201630,49614--sample_49614_k141_2301029,0.02090404149241925,1.6405764767106918e-05,0.5011673151750973
SM,201630,49614--sample_49614_k141_2118289,0.022042103757487042,1.8518813817628787e-05,0.5015576323987538
SM,201630,49614--sample_49614_k141_1139755,0.024553229745556623,2.2933243789163097e-05,0.5023400936037441
SM,201630,49614--sample_49614_k141_1080344,0.020961229750179035,1.6276758526172796e-05,0.5011673151750973
SM,201630,49614--sample_49614_k141_1880545,0.018338750106061074,1.2755680696443043e-05,0.5003885003885004
SM,201630,49614--sample_49614_k141_326091,0.022180560034389733,1.834355866782691e-05,0.5015576323987538
SM,201630,49614--sample_49614_k141_1735259,0.014832413997239079,7.876971288626207e-06,0.4992248062015504
SM,201630,49614--sample_49614_k141_2139246,0.013534995006064155,6.617651206808804e-06,0.4988381099922541
SM,201630,49614--sample_49614_k141_178616,0.023341540066782938,2.0604891595431143e-05,0.5019485580670304
SM,201630,49614--sample_49614_k141_759014,0.020890548864488084,1.638315500071671e-05,0.5011673151750973
SM,201630,49614--sample_49614_k141_2133054,0.0220769725935268,1.8467355920878376e-05,0.5015576323987538
SM,201630,49614--sample_49614_k141_31529,0.02089513568354294,1.6404443932498737e-05,0.5011673151750973
SM,201630,49614--sample_49614_k141_2215540,0.01709025472605576,1.1104116101224542e-05,0.5
SM,201630,49614--sample_49614_k141_1884003,0.017188654579351346,1.0964639377593588e-05,0.5
SM,201630,49614--sample_49614_k141_1264935,0.015860740670089628,9.480140428734309e-06,0.49961210240496506
SM,201630,49614--sample_49614_k141_2180922,0.02081618302849065,1.645699219555925e-05,0.5011673151750973
SM,201630,49614--sample_49614_k141_111426,0.01712630550056441,1.1013040599620211e-05,0.5
SM,201630,49614--sample_49614_k141_1220811,0.015957443774848055,9.414634305886505e-06,0.49961210240496506
SM,201630,49614--sample_49614_k141_1429385,0.022108490116171425,1.844456170807424e-05,0.5015576323987538
SM,201630,49614--sample_49614_k141_1044103,0.019763949089350794,1.4378892137945264e-05,0.5007776049766719
SM,201630,49614--sample_49614_k141_382567,0.015943842250654285,9.416675835919027e-06,0.49961210240496506
SM,201630,49614--sample_49614_k141_1960330,0.02085214845009365,1.6447606025008666e-05,0.5011673151750973
SM,201630,49614--sample_49614_k141_1204302,0.02093205705637822,1.6325562412080947e-05,0.5011673151750973
SM,201630,49614--sample_49614_k141_1362863,0.015864984782886272,9.518505237532518e-06,0.49961210240496506
SM,201630,49614--sample_49614_k141_562944,0.017358674993305914,1.084085167826264e-05,0.5
SM,201630,49614--sample_49614_k141_267755,0.013558912235758723,6.582827990138475e-06,0.4988381099922541
SM,201630,49614--sample_49614_k141_1049069,0.023362746341310255,2.059454907619503e-05,0.5019485580670304
SM,201630,49614--sample_49614_k141_2236854,0.02073120396252944,1.6558655595077845e-05,0.5011673151750973
SM,201630,49614--sample_49614_k141_345881,0.01827771353955932,1.276215086591011e-05,0.5003885003885004
SM,201630,49614--sample_49614_k141_1709526,0.019794250941148644,1.431454092729752e-05,0.5007776049766719
SM,201630,49614--sample_49614_k141_1273134,0.024552639081853296,2.2897330202974485e-05,0.5023400936037441
SM,201630,49614--sample_49614_k141_1003738,0.018303687330785422,1.2772676003827984e-05,0.5003885003885004
SM,201630,49614--sample_49614_k141_155685,0.019628679721386717,1.439914221986984e-05,0.5007776049766719
SM,201630,49614--sample_49614_k141_799411,0.02218622572686874,1.8316217028723855e-05,0.5015576323987538
SM,201630,49614--sample_49614_k141_1876905,0.01734901106920353,1.0809302257077134e-05,0.5
SM,201630,49614--sample_49614_k141_6229,0.01595348502266717,9.454800082231525e-06,0.49961210240496506
SM,201630,49614--sample_49614_k141_899836,0.019686347546360432,1.4383926856767735e-05,0.5007776049766719
SM,201630,49614--sample_49614_k141_262877,0.020792077723299243,1.644974637725989e-05,0.5011673151750973
SM,201630,49614--sample_49614_k141_446802,0.022100354519640326,1.8421051068888442e-05,0.5015576323987538
SM,201630,49614--sample_49614_k141_861245,0.014762894940229136,7.939850954869367e-06,0.4992248062015504
SM,201630,49614--sample_49614_k141_1043592,0.020832005840611983,1.64487067779878e-05,0.5011673151750973
SM,201630,49614--sample_49614_k141_373499,0.022195232421634382,1.8359118131586522e-05,0.5015576323987538
SM,201630,49614--sample_49614_k141_1873429,0.019731375975049606,1.4372794019602805e-05,0.5007776049766719
SM,201630,49614--sample_49614_k141_941148,0.022195500845630833,1.8360477862802544e-05,0.5015576323987538
SM,201630,49614--sample_49614_k141_334906,0.01862476764514433,1.2459028664511252e-05,0.5003885003885004
SM,201630,49614--sample_49614_k141_317393,0.017274312880598743,1.0918591404667107e-05,0.5
SM,201630,49614--sample_49614_k141_1942210,0.027111640335075182,2.7735877561843354e-05,0.503125
SM,201630,49614--sample_49614_k141_914702,0.02354685277990509,2.038395869525152e-05,0.5019485580670304
SM,201630,49614--sample_49614_k141_991415,0.01966366043335283,1.4444040789279031e-05,0.5007776049766719
SM,201630,49614--sample_49614_k141_274775,0.014918085278088626,7.822612656016365e-06,0.4992248062015504
SM,201630,49614--sample_49614_k141_2255621,0.01974186322345441,1.4398104012740607e-05,0.5007776049766719
SM,201630,49614--sample_49614_k141_52808,0.017097524483747337,1.1077617745443196e-05,0.5
SM,201630,49614--sample_49614_k141_2244732,0.016075289108944953,9.333868868934732e-06,0.49961210240496506
SM,201630,49614--sample_49614_k141_1578368,0.01723055686027725,1.0905471474433294e-05,0.5
SM,201630,49614--sample_49614_k141_915233,0.01962619720181583,1.4508895383209129e-05,0.5007776049766719
SM,201630,49614--sample_49614_k141_199705,0.017173264919653323,1.101946694282029e-05,0.5
SM,201630,49614--sample_49614_k141_897184,0.014807823275885104,7.913705891786494e-06,0.4992248062015504
SM,201630,49614--sample_49614_k141_1964044,0.024655934881255087,2.2780961492785108e-05,0.5023400936037441
SM,201630,49614--sample_49614_k141_802310,0.020751128881271404,1.655800915495902e-05,0.5011673151750973
SM,201630,49614--sample_49614_k141_1636768,0.01846849001040259,1.2594712395318641e-05,0.5003885003885004
SM,201630,49614--sample_49614_k141_1410062,0.01950787397069771,1.4609943911553718e-05,0.5007776049766719
SM,201630,49614--sample_49614_k141_2239437,0.023531300950372345,2.0366153410055805e-05,0.5019485580670304
SM,201630,49614--sample_49614_k141_380558,0.02091665042820937,1.6325358536296064e-05,0.5011673151750973
SM,201630,49614--sample_49614_k141_825477,0.01969834364309492,1.4450895036777063e-05,0.5007776049766719
SM,201630,49614--sample_49614_k141_1431426,0.01968163113787913,1.4420715580705274e-05,0.5007776049766719
SM,201630,49614--sample_49614_k141_782554,0.022163256688864562,1.8362678388890583e-05,0.5015576323987538
SM,201630,49614--sample_49614_k141_1469720,0.014736338538953897,7.971258368326754e-06,0.4992248062015504
SM,201630,49614--sample_49614_k141_1483598,0.020886458049442502,1.641524179732444e-05,0.5011673151750973
SM,201630,49614--sample_49614_k141_1641711,0.01955272805787811,1.4574082882923442e-05,0.5007776049766719
SM,201630,49614--sample_49614_k141_430119,0.022129308186636987,1.8407513162964662e-05,0.5015576323987538
SM,201630,49614--sample_49614_k141_1480657,0.024751460640392835,2.266889295488509e-05,0.5023400936037441
SM,201630,49614--sample_49614_k141_1548523,0.013439482883775061,6.6482956869339e-06,0.4988381099922541
SM,201630,49614--sample_49614_k141_1466444,0.01586369410915629,9.472217540567584e-06,0.49961210240496506
SM,201630,49614--sample_49614_k141_997447,0.012348052502757337,5.385194347747988e-06,0.4984520123839009
SM,201630,49614--sample_49614_k141_781022,0.02336031076726292,2.0650670804373952e-05,0.5019485580670304
SM,201630,49614--sample_49614_k141_2199480,0.01976922561932593,1.429063422139743e-05,0.5007776049766719
SM,201630,49614--sample_49614_k141_1705538,0.017163863063085837,1.1015684951473217e-05,0.5
SM,201630,49614--sample_49614_k141_1802869,0.023387808102342606,2.0571001601304237e-05,0.5019485580670304
SM,201630,49614--sample_49614_k141_976496,0.02200963075688105,1.852797200171467e-05,0.5015576323987538
SM,201630,49614--sample_49614_k141_1998437,0.017175537663790354,1.0931466886142002e-05,0.5
SM,201630,49614--sample_49614_k141_802719,0.0232680278405495,2.0711356766889196e-05,0.5019485580670304
SM,201630,49614--sample_49614_k141_177839,0.01959757530964762,1.4501885932840468e-05,0.5007776049766719
SM,201630,49614--sample_49614_k141_1735303,0.01828957217857319,1.27712053290504e-05,0.5003885003885004
SM,201630,49614--sample_49614_k141_1404475,0.025743702238158674,2.5336709387910785e-05,0.5027322404371585
SM,201630,49614--sample_49614_k141_730698,0.013522017328208078,6.575536940832994e-06,0.4988381099922541
SM,201630,49614--sample_49614_k141_154118,0.01849631460433866,1.2603107977138438e-05,0.5003885003885004
SM,201630,49614--sample_49614_k141_514814,0.015963743601535487,9.407761456037333e-06,0.49961210240496506
SM,201630,49614--sample_49614_k141_1898739,0.016039760724834876,9.367374418306836e-06,0.49961210240496506
SM,201630,49614--sample_49614_k141_470294,0.021999385358664192,1.858924248492444e-05,0.5015576323987538
SM,201630,49614--sample_49614_k141_927748,0.019787123986269393,1.4341815124871362e-05,0.5007776049766719
SM,201630,49614--sample_49614_k141_204516,0.015878415463959638,9.489058910042035e-06,0.49961210240496506
SM,201630,49614--sample_49614_k141_471890,0.018410860459247752,1.2710113805796996e-05,0.5003885003885004
SM,201630,49614--sample_49614_k141_346409,0.015973974438983518,9.44880573663067e-06,0.49961210240496506
SM,201630,49614--sample_49614_k141_1537708,0.01467415702722113,7.989699659224472e-06,0.4992248062015504
SM,201630,49614--sample_49614_k141_1306799,0.017249280984128493,1.0858660341084558e-05,0.5
SM,201630,49614--sample_49614_k141_66793,0.023332267638912062,2.0620624998069086e-05,0.5019485580670304
SM,201630,49614--sample_49614_k141_989275,0.018364683698587982,1.2707996866208418e-05,0.5003885003885004
SM,201630,49614--sample_49614_k141_1514836,0.02700666516198316,2.7876272648048943e-05,0.503125
SM,201630,49614--sample_49614_k141_1277494,0.019686854179427376,1.4373706931121866e-05,0.5007776049766719
SM,201630,49614--sample_49614_k141_1991756,0.01575933719267161,9.582803640050312e-06,0.49961210240496506
SM,201630,49614--sample_49614_k141_1765056,0.019656550812819973,1.4467218169502398e-05,0.5007776049766719
SM,201630,49614--sample_49614_k141_948677,0.020870768988661116,1.639228552057537e-05,0.5011673151750973
SM,201630,49614--sample_49614_k141_1781326,0.018436223523379442,1.2691108488382307e-05,0.5003885003885004
SM,201630,49614--sample_49614_k141_14914,0.019675057020825424,1.4496788059799952e-05,0.5007776049766719
SM,201630,49614--sample_49614_k141_1024350,0.023426465529556757,2.048803080098386e-05,0.5019485580670304
SM,201630,49614--sample_49614_k141_643060,0.01724757569481809,1.0936012403896419e-05,0.5
SM,201630,49614--sample_49614_k141_347653,0.020908371529784857,1.6401037100441318e-05,0.5011673151750973
SM,201630,49614--sample_49614_k141_826830,0.01850834964776079,1.2589005417936278e-05,0.5003885003885004
SM,201630,49614--sample_49614_k141_1543738,0.022071630728093507,1.8474371259551218e-05,0.5015576323987538
SM,201630,49614--sample_49614_k141_405254,0.022024477753490045,1.8503045303990647e-05,0.5015576323987538
SM,201630,49614--sample_49614_k141_1562782,0.019649017808256206,1.4501946890742458e-05,0.5007776049766719
SM,201630,49614--sample_49614_k141_1907383,0.020889506193945064,1.6352741961841157e-05,0.5011673151750973
SM,201630,49614--sample_49614_k141_841379,0.01597026862686698,9.40277217308769e-06,0.49961210240496506
SM,201630,49614--sample_49614_k141_1233744,0.011082723693324543,4.31265197904988e-06,0.49768160741885625
SM,201630,49614--sample_49614_k141_769477,0.022218771960971873,1.8360534113715262e-05,0.5015576323987538
SM,201630,49614--sample_49614_k141_424750,0.024543355956117507,2.2910307658553e-05,0.5023400936037441
SM,201630,49614--sample_49614_k141_94425,0.018597773390813522,1.2478190748383033e-05,0.5003885003885004
SM,201630,49614--sample_49614_k141_164102,0.020885823697328915,1.6438025130145812e-05,0.5011673151750973
SM,201630,49614--sample_49614_k141_345191,0.015882274868729857,9.473910430273352e-06,0.49961210240496506
SM,201630,49614--sample_49614_k141_9421,0.019580898105649322,1.4523392582979583e-05,0.5007776049766719
SM,201630,49614--sample_49614_k141_653688,0.028283555703022496,3.052961871858691e-05,0.5035183737294762
SM,201630,49614--sample_49614_k141_2023550,0.014826563630367494,7.922308312275212e-06,0.4992248062015504
SM,201630,49614--sample_49614_k141_1060450,0.01728839207348934,1.0883657013900905e-05,0.5
SM,201630,49614--sample_49614_k141_664059,0.019609294372909914,1.4572024326843217e-05,0.5007776049766719
SM,201630,49614--sample_49614_k141_1372677,0.016075213067952048,9.297253860532773e-06,0.49961210240496506
SM,201630,49614--sample_49614_k141_1178417,0.02098587517630839,1.6255938518794956e-05,0.5011673151750973
SM,201630,49614--sample_49614_k141_1102734,0.019692415666974133,1.4412236825148536e-05,0.5007776049766719
SM,201630,49614--sample_49614_k141_1537015,0.01977502685864416,1.442498050596925e-05,0.5007776049766719
SM,201630,49614--sample_49614_k141_1594800,0.02584678358717454,2.5205961193487925e-05,0.5027322404371585
SM,201630,49614--sample_49614_k141_715581,0.019665359269330794,1.445421717908563e-05,0.5007776049766719
SM,201630,49614--sample_49614_k141_569077,0.018540184460945863,1.2506417138046862e-05,0.5003885003885004
SM,201630,49614--sample_49614_k141_155282,0.018402334760108434,1.269131901192813e-05,0.5003885003885004
SM,201630,49614--sample_49614_k141_1912022,0.018460577354113668,1.2620531745816639e-05,0.5003885003885004
SM,201630,49614--sample_49614_k141_1674154,0.018367521663682586,1.2721722819697343e-05,0.5003885003885004
SM,201630,49614--sample_49614_k141_812294,0.020867913538375124,1.6435191058652712e-05,0.5011673151750973
SM,201630,49614--sample_49614_k141_1135820,0.01854564671890237,1.2536981828994876e-05,0.5003885003885004
SM,201630,49614--sample_49614_k141_1493257,0.01609672481461778,9.31493473463698e-06,0.49961210240496506
SM,201630,49614--sample_49614_k141_1744629,0.02210836438414042,1.8482540200363574e-05,0.5015576323987538
SM,201630,49614--sample_49614_k141_464736,0.021077062346340995,1.6153364949793465e-05,0.5011673151750973
SM,201630,49614--sample_49614_k141_716258,0.018334770461997038,1.2756525329567603e-05,0.5003885003885004
SM,201630,49614--sample_49614_k141_969590,0.015940346805214962,9.401835925772267e-06,0.49961210240496506
SM,201630,49614--sample_49614_k141_335903,0.023413139761455558,2.053704980149441e-05,0.5019485580670304
SM,201630,49614--sample_49614_k141_795014,0.01611412845776529,9.33125193547615e-06,0.49961210240496506
SM,201630,49614--sample_49614_k141_1901194,0.020835605490427667,1.642914845673968e-05,0.5011673151750973
SM,201630,49614--sample_49614_k141_594973,0.018516348584212843,1.2627256898607806e-05,0.5003885003885004
SM,201630,49614--sample_49614_k141_603743,0.012376172507721914,5.342924121316403e-06,0.4984520123839009
SM,201630,49614--sample_49614_k141_1208694,0.021093707176090323,1.617042284322895e-05,0.5011673151750973
SM,201630,49614--sample_49614_k141_1609013,0.019762371054803416,1.433869361391329e-05,0.5007776049766719
SM,201630,49614--sample_49614_k141_67942,0.014796603952118662,7.891787770788497e-06,0.4988381099922541
SM,201630,49614--sample_49614_k141_846583,0.017303530280258283,1.0844375164626966e-05,0.5
SM,201630,49614--sample_49614_k141_325235,0.022085948861502936,1.844749749898252e-05,0.5015576323987538
SM,201630,49614--sample_49614_k141_2305531,0.02198603924805808,1.857917563968457e-05,0.5015576323987538
SM,201630,49614--sample_49614_k141_1792272,0.017061188490423592,1.1153841008842313e-05,0.5
SM,201630,49614--sample_49614_k141_743960,0.019734341111771133,1.4366632370802586e-05,0.5007776049766719
SM,201630,49614--sample_49614_k141_612250,0.017064520765163137,1.1052719471515104e-05,0.5
SM,201630,49614--sample_49614_k141_412145,0.02087351243631179,1.640219043399801e-05,0.5011673151750973
SM,201630,49620--sample_49620_k141_877568,0.013477654981877519,6.634741664050046e-06,0.4988381099922541
SM,201630,49627--sample_49627_k141_882399,0.023192285378069222,2.078532562788679e-05,0.5019485580670304
SM,201630,49625--sample_49625_k141_420390,0.024737461626322843,2.2730655957022523e-05,0.5023400936037441
SM,201630,49623--sample_49623_k141_465025,0.02208524627352385,1.8452232739861196e-05,0.5015576323987538
SM,201630,49626--sample_49626_k141_540134,0.015909238135011796,9.482119285758739e-06,0.49961210240496506
SM,201630,49620--sample_49620_k141_767928,0.023339670320320426,2.067270166098673e-05,0.5019485580670304
SM,201630,49620--sample_49620_k141_568710,0.015924475376169877,9.453727688289457e-06,0.49961210240496506
SM,201630,49620--sample_49620_k141_806973,0.014768738888455792,7.972821286401946e-06,0.4992248062015504
SM,201630,49620--sample_49620_k141_567263,0.01590509604230251,9.464971020272477e-06,0.49961210240496506
SM,201630,49628--sample_49628_k141_531267,0.016131606236304403,9.267204082258642e-06,0.49961210240496506
SM,201630,49623--sample_49623_k141_1041969,0.01595430643539549,9.406624483808006e-06,0.49961210240496506
SM,201630,49623--sample_49623_k141_608894,0.01973153829957735,1.4366523407995508e-05,0.5007776049766719
SM,201630,49627--sample_49627_k141_597049,0.015885173922612995,9.47248506499102e-06,0.49961210240496506
SM,201630,49620--sample_49620_k141_602635,0.016021630569272506,9.315988128643728e-06,0.49961210240496506
SM,201630,49620--sample_49620_k141_662239,0.025875252944508646,2.5225650618847524e-05,0.5027322404371585
SM,201630,49624--sample_49624_k141_867497,0.02209766610632881,1.8550008549921408e-05,0.5015576323987538
SM,201630,49620--sample_49620_k141_684559,0.025723951211366537,2.5343123917059886e-05,0.5027322404371585
SM,201630,49620--sample_49620_k141_520577,0.01971924766221028,1.4383034676395069e-05,0.5007776049766719
SM,201630,49620--sample_49620_k141_366325,0.01482034865761863,7.872087389782729e-06,0.4992248062015504
SM,201630,49623--sample_49623_k141_1264227,0.020935547344615,1.6322540836677083e-05,0.5011673151750973
SM,201630,49620--sample_49620_k141_375368,0.020945571900309927,1.629575881435485e-05,0.5011673151750973
SM,201630,49620--sample_49620_k141_593506,0.018444054425732066,1.2591342237955234e-05,0.5003885003885004
SM,201630,49624--sample_49624_k141_995177,0.019814503691585317,1.4247725688795523e-05,0.5007776049766719
SM,201630,49624--sample_49624_k141_206758,0.018455735916566435,1.2597120699146527e-05,0.5003885003885004
SM,201630,49620--sample_49620_k141_689599,0.020882143311193226,1.6394372735474795e-05,0.5011673151750973
SM,201630,49623--sample_49623_k141_283004,0.02217416568370076,1.8375305218458173e-05,0.5015576323987538
SM,201630,49621--sample_49621_k141_803927,0.025978945560212238,2.5010490205211248e-05,0.5027322404371585
SM,201630,49620--sample_49620_k141_756043,0.020988028504635166,1.626370233153208e-05,0.5011673151750973
SM,201630,49624--sample_49624_k141_477029,0.01850236452773177,1.2578968896477317e-05,0.5003885003885004
SM,201630,49621--sample_49621_k141_972296,0.01484119271961051,7.877144762564416e-06,0.4992248062015504
SM,201630,49628--sample_49628_k141_401383,0.018280877871098417,1.281284545627145e-05,0.5003885003885004
SM,201630,49623--sample_49623_k141_553477,0.01843901575399904,1.2676899873616874e-05,0.5003885003885004
SM,201630,49620--sample_49620_k141_629507,0.019747638578526062,1.432502741400574e-05,0.5007776049766719
SM,201630,49627--sample_49627_k141_620853,0.017354522063048793,1.0837944231622737e-05,0.5
SM,201630,49620--sample_49620_k141_346511,0.016020394662138202,9.427193730628195e-06,0.49961210240496506
SM,201630,49620--sample_49620_k141_863497,0.015932700658524028,9.398586059794644e-06,0.49961210240496506
SM,201630,49623--sample_49623_k141_418215,0.00992947745452223,3.3321137034071265e-06,0.49768160741885625
SM,201630,49620--sample_49620_k141_802567,0.023374755148490706,2.0510732087096045e-05,0.5019485580670304
SM,201630,49628--sample_49628_k141_1208708,0.020850900148651114,1.6364808763185994e-05,0.5011673151750973
SM,201630,49621--sample_49621_k141_484589,0.015886280194013534,9.515719779049005e-06,0.49961210240496506
SM,201630,49620--sample_49620_k141_809052,0.019790003261952793,1.4288811212266124e-05,0.5007776049766719
SM,201630,49628--sample_49628_k141_1213396,0.01953896365638002,1.456430562732585e-05,0.5007776049766719
SM,201630,49626--sample_49626_k141_546019,0.01981557688752322,1.4316486065005202e-05,0.5007776049766719
SM,201630,49620--sample_49620_k141_475529,0.018467631032491393,1.2634761106196085e-05,0.5003885003885004
SM,201630,49628--sample_49628_k141_1253647,0.018336681591652013,1.2777214874987124e-05,0.5003885003885004
SM,201630,49627--sample_49627_k141_212427,0.01848735491061672,1.2540729518726696e-05,0.5003885003885004
SM,201630,49628--sample_49628_k141_1537814,0.020941233774097054,1.6332415664459956e-05,0.5011673151750973
SM,201630,49625--sample_49625_k141_10991,0.019633974570093114,1.45298685741298e-05,0.5007776049766719
SM,201630,49628--sample_49628_k141_820141,0.01723973004689443,1.0931521076853518e-05,0.5
SM,201630,49628--sample_49628_k141_935385,0.018341028776341965,1.2732540820107298e-05,0.5003885003885004
SM,201630,49622--sample_49622_k141_790072,0.019688086230169263,1.4472369211551702e-05,0.5007776049766719
SM,201630,49627--sample_49627_k141_866654,0.02087326446413399,1.6434445644259226e-05,0.5011673151750973
SM,201630,49624--sample_49624_k141_512309,0.023363816646245372,2.0571014043692353e-05,0.5019485580670304
SM,201630,49620--sample_49620_k141_863061,0.01953389922313589,1.4587168988770595e-05,0.5007776049766719
SM,201630,49622--sample_49622_k141_1034107,0.0170681803091217,1.105406221230042e-05,0.5
SM,201630,49628--sample_49628_k141_1268454,0.025718103751203522,2.5463309017935325e-05,0.5027322404371585
SM,201630,49620--sample_49620_k141_890514,0.018361600307844655,1.2724021207777429e-05,0.5003885003885004
SM,201630,49623--sample_49623_k141_1191385,0.013616979177478852,6.560354224392907e-06,0.4988381099922541
SM,201630,49620--sample_49620_k141_258666,0.019704473271917645,1.4395577759154103e-05,0.5007776049766719
SM,201630,49623--sample_49623_k141_181373,0.02340011101152644,2.0559484003799127e-05,0.5019485580670304
SM,201630,49625--sample_49625_k141_492119,0.018367742864603874,1.2700179732731343e-05,0.5003885003885004
SM,201630,49620--sample_49620_k141_652095,0.01589789609839914,9.486409777446464e-06,0.49961210240496506
SM,201630,49626--sample_49626_k141_814437,0.023465020732166112,2.0545975036807154e-05,0.5019485580670304
SM,201630,49625--sample_49625_k141_135647,0.023263373146764684,2.074285096816146e-05,0.5019485580670304
SM,201630,49627--sample_49627_k141_505944,0.019586700155215922,1.4457390006342907e-05,0.5007776049766719
SM,201630,49625--sample_49625_k141_178018,0.01714194486867114,1.0986266905809547e-05,0.5
SM,201630,49622--sample_49622_k141_1297772,0.022058888802742083,1.851915710823517e-05,0.5015576323987538
SM,201630,49623--sample_49623_k141_1029786,0.02700089891621075,2.7859462238507533e-05,0.503125
SM,201630,49623--sample_49623_k141_1276103,0.020945370247675746,1.633392902703874e-05,0.5011673151750973
SM,201630,49627--sample_49627_k141_357650,0.020952847640131632,1.62936297892804e-05,0.5011673151750973
SM,201630,49625--sample_49625_k141_191759,0.012294226448966957,5.442153389952896e-06,0.4984520123839009
SM,201630,49628--sample_49628_k141_1435203,0.019659735904487382,1.4451426660152332e-05,0.5007776049766719
SM,201630,49624--sample_49624_k141_949654,0.01831746343609297,1.2842060824546744e-05,0.5003885003885004
SM,201630,49620--sample_49620_k141_336548,0.02705981124924177,2.7831037010042785e-05,0.503125
SM,201630,49627--sample_49627_k141_712892,0.01596472280359176,9.443187602603975e-06,0.49961210240496506
SM,201630,49625--sample_49625_k141_465783,0.01960864130855989,1.4484681061714182e-05,0.5007776049766719
SM,201630,49620--sample_49620_k141_347894,0.015873913293175203,9.471632004307623e-06,0.49961210240496506
SM,201630,49623--sample_49623_k141_1338728,0.01951835653981954,1.4645205254403266e-05,0.5007776049766719
SM,201630,49620--sample_49620_k141_424640,0.01468149702550053,8.0112306663536e-06,0.4992248062015504
SM,201630,49623--sample_49623_k141_1065488,0.022083330613585254,1.8555522478273497e-05,0.5015576323987538
SM,201630,49620--sample_49620_k141_573928,0.0198183223893504,1.4294552006197263e-05,0.5007776049766719
SM,201630,49625--sample_49625_k141_399586,0.020944062094833387,1.6308055857835918e-05,0.5011673151750973
SM,201630,49620--sample_49620_k141_818604,0.01972746941570651,1.4396717603787743e-05,0.5007776049766719
SM,201630,49623--sample_49623_k141_1327989,0.014668606818314514,8.010235802914575e-06,0.4992248062015504
SM,201630,49623--sample_49623_k141_196496,0.01858338268492573,1.251302762773884e-05,0.5003885003885004
SM,201630,49623--sample_49623_k141_852831,0.022103416620541813,1.845297366692987e-05,0.5015576323987538
SM,201630,49623--sample_49623_k141_882330,0.023253749878340012,2.0649139481174987e-05,0.5019485580670304
SM,201630,49628--sample_49628_k141_1659717,0.022154343831799754,1.8384239621120362e-05,0.5015576323987538
SM,201630,49621--sample_49621_k141_1024002,0.016041531114846744,9.321694943303693e-06,0.49961210240496506
SM,201630,49623--sample_49623_k141_568308,0.018488401490911868,1.2599241404131339e-05,0.5003885003885004
SM,201630,49623--sample_49623_k141_1126180,0.016037832853593014,9.359999206141364e-06,0.49961210240496506
SM,201630,49624--sample_49624_k141_355515,0.022079971094481534,1.846940635661277e-05,0.5015576323987538
SM,201630,49620--sample_49620_k141_765559,0.017309286366679943,1.0940297782932112e-05,0.5
SM,201630,49620--sample_49620_k141_785383,0.01728748328974563,1.0847678557523023e-05,0.5
SM,201630,49620--sample_49620_k141_92767,0.015872242871275886,9.519090049651285e-06,0.49961210240496506
SM,201630,49624--sample_49624_k141_928685,0.019588891927005067,1.4623812660307707e-05,0.5007776049766719
SM,201630,49620--sample_49620_k141_709303,0.018356396529448416,1.2760250400616266e-05,0.5003885003885004
SM,201630,49623--sample_49623_k141_1060510,0.02089458731200359,1.6397458815941673e-05,0.5011673151750973
SM,201630,49623--sample_49623_k141_524298,0.01842957549872806,1.2603588081770456e-05,0.5003885003885004
SM,201630,49621--sample_49621_k141_875236,0.017294681478546018,1.0876452311103462e-05,0.5
SM,201630,49627--sample_49627_k141_272944,0.01481135695270063,7.927706160983453e-06,0.4992248062015504
SM,201630,49621--sample_49621_k141_402365,0.030645507440809756,3.623779729804111e-05,0.5043069694596711
SM,201630,49620--sample_49620_k141_88663,0.018377041339699342,1.2727975395035032e-05,0.5003885003885004
SM,201630,49620--sample_49620_k141_486486,0.02340847665649214,2.0477320972433898e-05,0.5019485580670304
SM,201630,49623--sample_49623_k141_1358298,0.015813026918767358,9.540858857857109e-06,0.49961210240496506
SM,201630,49627--sample_49627_k141_218199,0.01713440813461874,1.1032097841185747e-05,0.5
SM,201630,49623--sample_49623_k141_232736,0.019703510058358152,1.4458000295160902e-05,0.5007776049766719
SM,201630,49620--sample_49620_k141_901985,0.02347865975742292,2.042090390055126e-05,0.5019485580670304
SM,201630,49620--sample_49620_k141_646366,0.020843432843282363,1.6425560252494038e-05,0.5011673151750973
SM,201630,49623--sample_49623_k141_960129,0.022189614439085372,1.8324197548173386e-05,0.5015576323987538
SM,201630,49623--sample_49623_k141_241059,0.02196862868021105,1.860161537132004e-05,0.5015576323987538
SM,201630,49620--sample_49620_k141_853985,0.01600864684914392,9.412706074890705e-06,0.49961210240496506
SM,201630,49622--sample_49622_k141_1306273,0.023246639963069676,2.0683412656900175e-05,0.5019485580670304
SM,201630,49620--sample_49620_k141_365374,0.014840489215840594,7.83432553629034e-06,0.4992248062015504
SM,201630,49623--sample_49623_k141_564461,0.01485586240012361,7.8426423107483e-06,0.4992248062015504
SM,201630,49628--sample_49628_k141_1640420,0.01723896514750117,1.0930207927867426e-05,0.5
SM,201630,49628--sample_49628_k141_718209,0.016026139056110104,9.414515442015011e-06,0.49961210240496506
SM,201630,49623--sample_49623_k141_760367,0.012277909670881949,5.44236014451589e-06,0.4984520123839009
SM,201630,49620--sample_49620_k141_49753,0.01973848513363708,1.4435635908511046e-05,0.5007776049766719
SM,201630,49623--sample_49623_k141_661486,0.020793544618538176,1.6455733188183673e-05,0.5011673151750973
SM,201630,49627--sample_49627_k141_195166,0.01718924001659237,1.102143596038203e-05,0.5
SM,201630,49628--sample_49628_k141_1299248,0.019639628518673853,1.4452416586451812e-05,0.5007776049766719
SM,201630,49623--sample_49623_k141_938959,0.01960129556768376,1.4522180027223981e-05,0.5007776049766719
SM,201630,49624--sample_49624_k141_533801,0.023318153538939384,2.057068512409424e-05,0.5019485580670304
SM,201630,49621--sample_49621_k141_224055,0.02324092696282186,2.080239330700227e-05,0.5019485580670304
SM,201630,49627--sample_49627_k141_323121,0.024456625860167874,2.302947892210959e-05,0.5023400936037441
SM,201630,49623--sample_49623_k141_457796,0.01583541427381661,9.545389371507785e-06,0.49961210240496506
SM,201630,49626--sample_49626_k141_755790,0.01717615650083126,1.0946085808257316e-05,0.5
SM,201630,49625--sample_49625_k141_454481,0.02341718843131738,2.0456802897436235e-05,0.5019485580670304
SM,201630,49620--sample_49620_k141_70641,0.013608607813256157,6.557743863340515e-06,0.4988381099922541
SM,201630,49624--sample_49624_k141_97572,0.01973350875952691,1.4379016774803357e-05,0.5007776049766719
SM,201630,49620--sample_49620_k141_418151,0.020878527216603066,1.645797664391341e-05,0.5011673151750973
SM,201630,49621--sample_49621_k141_1010389,0.017186580599120756,1.1007095152234956e-05,0.5
SM,201630,49620--sample_49620_k141_919365,0.015953110410933207,9.435877318341605e-06,0.49961210240496506
SM,201630,49620--sample_49620_k141_259532,0.017186907637279973,1.0972151413920928e-05,0.5
SM,201630,49622--sample_49622_k141_1244156,0.014719302217077835,8.020887507715278e-06,0.4992248062015504
SM,201630,49628--sample_49628_k141_1125359,0.01842886170543136,1.2655460561382507e-05,0.5003885003885004
SM,201630,49623--sample_49623_k141_559190,0.009776850472933031,3.405164413733166e-06,0.49614791987673346
SM,201630,49623--sample_49623_k141_711938,0.020969634986743636,1.6324878300195703e-05,0.5011673151750973
SM,201630,49620--sample_49620_k141_466066,0.02103915657819099,1.623520433988823e-05,0.5011673151750973
SM,201630,49620--sample_49620_k141_378483,0.018499851908140224,1.2608823502365764e-05,0.5003885003885004
SM,201630,49628--sample_49628_k141_1675224,0.02204169982947809,1.854792078930372e-05,0.5015576323987538
SM,201630,49624--sample_49624_k141_797817,0.02218154061016576,1.831948520477669e-05,0.5015576323987538
SM,201630,49623--sample_49623_k141_1243082,0.016006220795203696,9.395785103613725e-06,0.49961210240496506
SM,201630,49623--sample_49623_k141_785898,0.018332581160866543,1.2754703499683111e-05,0.5003885003885004
SM,201630,49621--sample_49621_k141_1034486,0.018671070262065503,1.241058366137376e-05,0.5003885003885004
SM,201630,49620--sample_49620_k141_889730,0.020960497964577683,1.630479773420775e-05,0.5011673151750973
SM,201630,49620--sample_49620_k141_671303,0.019725163657567123,1.4398386593121263e-05,0.5007776049766719
SM,201630,49624--sample_49624_k141_567864,0.014703761777202768,7.983092820339181e-06,0.4992248062015504
SM,201630,49620--sample_49620_k141_905364,0.020794101843662278,1.6470222038390925e-05,0.5011673151750973
SM,201630,49620--sample_49620_k141_878908,0.02198609812709013,1.863934563485851e-05,0.5015576323987538
SM,201630,49620--sample_49620_k141_27744,0.023330571113163504,2.058572574063487e-05,0.5019485580670304
SM,201630,49624--sample_49624_k141_1056874,0.016048721538241523,9.349299784344377e-06,0.49961210240496506
SM,201630,49627--sample_49627_k141_864816,0.015917334551601155,9.403260065724448e-06,0.49961210240496506
SM,201630,49623--sample_49623_k141_677674,0.025833260460488883,2.5249028799192836e-05,0.5027322404371585
SM,201630,49620--sample_49620_k141_389073,0.022101235034926572,1.8516038904804424e-05,0.5015576323987538
SM,201630,49627--sample_49627_k141_829165,0.02202872350771053,1.8545486116868218e-05,0.5015576323987538
SM,201630,49627--sample_49627_k141_469894,0.022171209556342657,1.8392692787025815e-05,0.5015576323987538
SM,201630,49620--sample_49620_k141_882757,0.019653719700807232,1.4504041423020804e-05,0.5007776049766719
SM,201630,49621--sample_49621_k141_71256,0.020918740411246875,1.6408211841261224e-05,0.5011673151750973
SM,201630,49620--sample_49620_k141_774058,0.01571914677033366,9.570209540338702e-06,0.49961210240496506
SM,201630,49623--sample_49623_k141_1064114,0.014846788230889899,7.89799075816105e-06,0.4992248062015504
SM,201630,49623--sample_49623_k141_500018,0.019639887186311423,1.4478503086994214e-05,0.5007776049766719
SM,201630,49620--sample_49620_k141_289863,0.018425545691786848,1.2689628249435353e-05,0.5003885003885004
SM,201630,49623--sample_49623_k141_1029074,0.02213003992082568,1.8406993379141945e-05,0.5015576323987538
SM,201630,49623--sample_49623_k141_767519,0.015842752101600854,9.520936683257645e-06,0.49961210240496506
SM,201630,49621--sample_49621_k141_584922,0.02215975028206882,1.8392523600858085e-05,0.5015576323987538
SM,201630,49623--sample_49623_k141_779668,0.02083337452323036,1.638676262979253e-05,0.5011673151750973
SM,201630,49620--sample_49620_k141_491955,0.022191617993462996,1.8410231669136967e-05,0.5015576323987538
SM,201630,49628--sample_49628_k141_1420505,0.014745181694846864,7.978167498817022e-06,0.4992248062015504
SM,201630,49627--sample_49627_k141_787512,0.0270539485915141,2.779902295308934e-05,0.503125
SM,201630,49622--sample_49622_k141_677407,0.01967583969634479,1.4449733978332426e-05,0.5007776049766719
SM,201630,49620--sample_49620_k141_660138,0.02208857673783537,1.846773219216822e-05,0.5015576323987538
SM,201630,49623--sample_49623_k141_854348,0.022210004735307712,1.8376484344593795e-05,0.5015576323987538
SM,201630,49624--sample_49624_k141_725260,0.01713305521929303,1.104351095041658e-05,0.5
SM,201630,49627--sample_49627_k141_117580,0.021991510914392002,1.8650298881799423e-05,0.5015576323987538
SM,201630,49623--sample_49623_k141_1085947,0.01948616288720921,1.4642962959418847e-05,0.5007776049766719
SM,201630,49623--sample_49623_k141_1306255,0.01834428421635313,1.2726576829624474e-05,0.5003885003885004
SM,201630,49620--sample_49620_k141_894471,0.01736742486936589,1.080400579430937e-05,0.5
SM,201630,49620--sample_49620_k141_704684,0.023332280288227137,2.060824079450206e-05,0.5019485580670304
SM,201630,49628--sample_49628_k141_1721245,0.022121655106359762,1.8417706217279087e-05,0.5015576323987538
SM,201630,49628--sample_49628_k141_999266,0.022043226590168687,1.8501402981984294e-05,0.5015576323987538
SM,201630,49628--sample_49628_k141_813340,0.018387707913111548,1.2624235824934848e-05,0.5003885003885004
SM,201630,49620--sample_49620_k141_752177,0.01835583801587733,1.269340869461717e-05,0.5003885003885004
SM,201630,49620--sample_49620_k141_108148,0.017156270397244374,1.0990168884609876e-05,0.5
SM,201630,49620--sample_49620_k141_305001,0.029565760831384326,3.315845275358605e-05,0.5039123630672926
SM,201630,49620--sample_49620_k141_809408,0.024571094796519574,2.2842358046768126e-05,0.5023400936037441
SM,201630,49620--sample_49620_k141_298856,0.013464378600225028,6.638779428106601e-06,0.4988381099922541
SM,201630,49620--sample_49620_k141_845971,0.017236267880852214,1.0957691125669083e-05,0.5
SM,201630,49620--sample_49620_k141_473883,0.017169514232038677,1.104247149552146e-05,0.5
SM,201630,49623--sample_49623_k141_1322247,0.018329760335451015,1.2738260001198682e-05,0.5003885003885004
SM,201630,49623--sample_49623_k141_1050270,0.023355720916154923,2.054309556073401e-05,0.5019485580670304
SM,201630,49627--sample_49627_k141_741011,0.020807358919620673,1.65273689308979e-05,0.5011673151750973
SM,201630,49620--sample_49620_k141_880152,0.022184469819969285,1.8390439427418418e-05,0.5015576323987538
SM,201630,49620--sample_49620_k141_311412,0.018470013573003943,1.2622033505938437e-05,0.5003885003885004
SM,201630,49627--sample_49627_k141_604251,0.02208541017126978,1.846282027700588e-05,0.5015576323987538
SM,201630,49620--sample_49620_k141_862254,0.018533359810502213,1.2555318889638814e-05,0.5003885003885004
SM,201630,49620--sample_49620_k141_858421,0.019652573240628957,1.4472810547564034e-05,0.5007776049766719
SM,201630,49628--sample_49628_k141_1354571,0.025852199785349212,2.5246702883705027e-05,0.5027322404371585
SM,201630,49623--sample_49623_k141_974752,0.017253144255839962,1.0894048978420818e-05,0.5
SM,201630,49625--sample_49625_k141_104980,0.02098496328721436,1.620604504758389e-05,0.5011673151750973
SM,201630,49620--sample_49620_k141_897547,0.020903690604294846,1.6419987017758266e-05,0.5011673151750973
SM,201630,49623--sample_49623_k141_305095,0.018528723524340054,1.25794871531848e-05,0.5003885003885004
SM,201630,49620--sample_49620_k141_707658,0.0220537659857768,1.849695064757356e-05,0.5015576323987538
SM,201630,49620--sample_49620_k141_464296,0.019653460633003446,1.4457376010695196e-05,0.5007776049766719
SM,201630,49620--sample_49620_k141_58738,0.019511363414751473,1.4602271455920083e-05,0.5007776049766719
SM,201630,49620--sample_49620_k141_221339,0.016023652793862333,9.359938238108697e-06,0.49961210240496506
SM,201630,49620--sample_49620_k141_519009,0.016947907212704665,1.1200911862589534e-05,0.5
SM,201630,49620--sample_49620_k141_785591,0.022191218811055832,1.8346054956828876e-05,0.5015576323987538
SM,201630,49620--sample_49620_k141_545144,0.023384282331922322,2.0518276091269505e-05,0.5019485580670304
SM,201630,49627--sample_49627_k141_689341,0.017128379250118928,1.1066405658023937e-05,0.5
SM,201630,49628--sample_49628_k141_443953,0.018529125874709933,1.2495391080762024e-05,0.5003885003885004
SM,201630,49623--sample_49623_k141_909731,0.022356281523605498,1.8119669896864926e-05,0.5015576323987538
SM,201630,49623--sample_49623_k141_745389,0.02210273681248584,1.8379955146036487e-05,0.5015576323987538
SM,201630,49620--sample_49620_k141_123959,0.02094343374186832,1.6303988725101886e-05,0.5011673151750973
SM,201630,49621--sample_49621_k141_18954,0.024625212751392463,2.2836834517552338e-05,0.5023400936037441
SM,201630,49620--sample_49620_k141_611392,0.017067637941503507,1.109105889041502e-05,0.5
SM,201630,49620--sample_49620_k141_34923,0.01602959089951913,9.351095490763211e-06,0.49961210240496506
SM,201630,49627--sample_49627_k141_825498,0.014802128962501177,7.872481000737262e-06,0.4992248062015504
SM,201630,49620--sample_49620_k141_426288,0.02325970087726711,2.079769868353069e-05,0.5019485580670304
SM,201630,49620--sample_49620_k141_797190,0.023343589009216268,2.0563866718843874e-05,0.5019485580670304
SM,201630,49620--sample_49620_k141_878757,0.01726317782108813,1.0905065530424243e-05,0.5
SM,201630,49620--sample_49620_k141_612686,0.01839253436440594,1.2662040747478413e-05,0.5003885003885004
SM,201630,49620--sample_49620_k141_336042,0.019858504125339453,1.4245778676837907e-05,0.5007776049766719
SM,201630,49628--sample_49628_k141_1344925,0.022206787652731864,1.8397702243755588e-05,0.5015576323987538
SM,201630,49621--sample_49621_k141_767634,0.02697168167358221,2.79115639615122e-05,0.503125
SM,201630,49628--sample_49628_k141_1441280,0.01968367512559212,1.4495255726456611e-05,0.5007776049766719
SM,201630,49625--sample_49625_k141_424543,0.019714317245994525,1.4420829386990069e-05,0.5007776049766719
SM,201630,49627--sample_49627_k141_63191,0.019688482846476764,1.4387145802063512e-05,0.5007776049766719
SM,201630,49623--sample_49623_k141_142584,0.019871595800667136,1.4211975284631246e-05,0.5007776049766719
SM,201630,49620--sample_49620_k141_634331,0.023471524749178393,2.048545814715955e-05,0.5019485580670304
SM,201630,49622--sample_49622_k141_237199,0.019579804035030377,1.4526533621769467e-05,0.5007776049766719
SM,201630,49623--sample_49623_k141_447354,0.020944347749230745,1.631485903380664e-05,0.5011673151750973
SM,201630,49620--sample_49620_k141_400844,0.017203167915812296,1.0979965415784714e-05,0.5
SM,201630,49620--sample_49620_k141_458278,0.015825429573761086,9.517634217836974e-06,0.49961210240496506
SM,201630,49623--sample_49623_k141_1350425,0.021020987361152845,1.6214585977523063e-05,0.5011673151750973
SM,201630,49620--sample_49620_k141_611969,0.014887657018698656,7.789670942285274e-06,0.4992248062015504
SM,201630,49620--sample_49620_k141_109507,0.024640742393800565,2.2801630489018078e-05,0.5023400936037441
SM,201630,49623--sample_49623_k141_1060122,0.018412384220997675,1.2667066380842942e-05,0.5003885003885004
SM,201630,49627--sample_49627_k141_875042,0.018389401004898213,1.2670172026565097e-05,0.5003885003885004
SM,201630,49628--sample_49628_k141_169027,0.02455292782941294,2.2985580899996817e-05,0.5023400936037441
SM,201630,49623--sample_49623_k141_604689,0.018385856949595963,1.2672020766179834e-05,0.5003885003885004
SM,201630,49623--sample_49623_k141_735064,0.018375373714389888,1.269028866891477e-05,0.5003885003885004
SM,201630,49623--sample_49623_k141_182928,0.014866050384711824,7.8664698979324e-06,0.4992248062015504
SM,201630,49628--sample_49628_k141_544373,0.023475927708576597,2.0434116726285313e-05,0.5019485580670304
SM,201630,49623--sample_49623_k141_629916,0.017188411785944668,1.093682687050393e-05,0.5
SM,201630,49624--sample_49624_k141_503759,0.01606091537200337,9.302369779491842e-06,0.49961210240496506
SM,201630,49623--sample_49623_k141_659201,0.013389395565013189,6.736239838476667e-06,0.4988381099922541
SM,201630,49620--sample_49620_k141_106568,0.015999563746021073,9.393404053641958e-06,0.49961210240496506
SM,201630,49623--sample_49623_k141_906484,0.016045054476497612,9.326920739739389e-06,0.49961210240496506
SM,201630,49620--sample_49620_k141_378030,0.017105206629360353,1.101170822749284e-05,0.5
SM,201630,49623--sample_49623_k141_1305944,0.018407064564023887,1.266941913014885e-05,0.5003885003885004
SM,201630,49623--sample_49623_k141_1375097,0.020988031784951757,1.626500035616911e-05,0.5011673151750973
SM,201630,49625--sample_49625_k141_244511,0.02221420917295468,1.8294730475628202e-05,0.5015576323987538
SM,201630,49620--sample_49620_k141_639941,0.019550350138146183,1.4592153089021127e-05,0.5007776049766719
SM,201630,49623--sample_49623_k141_435193,0.01242117617643415,5.36265172480079e-06,0.4984520123839009
SM,201630,49627--sample_49627_k141_356105,0.022034248505391308,1.8577093850078217e-05,0.5015576323987538
SM,201630,49623--sample_49623_k141_1038317,0.020888191319000632,1.638064867018348e-05,0.5011673151750973
SM,201630,49627--sample_49627_k141_663776,0.021025685175496092,1.6194264322915004e-05,0.5011673151750973
SM,201630,49620--sample_49620_k141_417201,0.013499133118695833,6.614628540302595e-06,0.4984520123839009
SM,201630,49620--sample_49620_k141_745399,0.022164998062150835,1.836972927300437e-05,0.5015576323987538
SM,201630,49621--sample_49621_k141_829693,0.0195655022662852,1.4610153625493224e-05,0.5007776049766719
SM,201630,49623--sample_49623_k141_649493,0.02218934296175865,1.8346068783753853e-05,0.5015576323987538
SM,201630,49620--sample_49620_k141_779465,0.012299637656918584,5.415507983849842e-06,0.4984520123839009
SM,201630,49621--sample_49621_k141_1073290,0.01605901747175072,9.384516483054421e-06,0.49961210240496506
SM,201630,49620--sample_49620_k141_370309,0.019721110568931957,1.44001526678519e-05,0.5007776049766719
SM,201630,49628--sample_49628_k141_1201807,0.01852240030948713,1.2582257453235955e-05,0.5003885003885004
SM,201630,49620--sample_49620_k141_436252,0.022258203711908314,1.825907270191746e-05,0.5015576323987538
SM,201630,49620--sample_49620_k141_709318,0.014762884144151877,7.940176692358958e-06,0.4988381099922541
SM,201630,49620--sample_49620_k141_838211,0.015929910947332926,9.456364688167183e-06,0.49961210240496506
SM,201630,49620--sample_49620_k141_336741,0.02322086774696385,2.069401335264269e-05,0.5019485580670304
SM,201630,49627--sample_49627_k141_882587,0.02096842405030674,1.6281055419518515e-05,0.5011673151750973
SM,201630,49626--sample_49626_k141_299629,0.025766506579350153,2.541875051481581e-05,0.5027322404371585
SM,201630,49620--sample_49620_k141_126210,0.018492127071032045,1.2605304193426598e-05,0.5003885003885004
SM,201630,49627--sample_49627_k141_340580,0.017083619392958146,1.1040455173264634e-05,0.5
SM,201630,49621--sample_49621_k141_1098185,0.023295072946770978,2.0639140227629103e-05,0.5019485580670304
SM,201630,49620--sample_49620_k141_443929,0.02463244734354418,2.278895261965542e-05,0.5023400936037441
SM,201630,49628--sample_49628_k141_1264346,0.020917252762013814,1.6415970897670733e-05,0.5011673151750973
SM,201630,49624--sample_49624_k141_808763,0.020915386823078818,1.6381093423333625e-05,0.5011673151750973
SM,201630,49623--sample_49623_k141_620155,0.02091284998376668,1.640201516739517e-05,0.5011673151750973
SM,201630,49623--sample_49623_k141_504674,0.022141882698146015,1.8362512930990933e-05,0.5015576323987538
SM,201630,49621--sample_49621_k141_806044,0.017334171608764447,1.0836367696987523e-05,0.5
SM,201630,49623--sample_49623_k141_955947,0.023243649401047478,2.0726205743841097e-05,0.5019485580670304
SM,201630,49623--sample_49623_k141_639263,0.017238396445564942,1.093241609224548e-05,0.5
SM,201630,49620--sample_49620_k141_293767,0.018464368831532997,1.2685240517266364e-05,0.5003885003885004
SM,201630,49620--sample_49620_k141_585705,0.018446910602993576,1.2596327367903157e-05,0.5003885003885004
SM,201630,49620--sample_49620_k141_748976,0.015953523483149837,9.399749949092013e-06,0.4992248062015504
SM,201630,49620--sample_49620_k141_25330,0.0220924355596194,1.8514871151010543e-05,0.5015576323987538
SM,201630,49627--sample_49627_k141_661679,0.020702052488687873,1.6635817209617433e-05,0.5011673151750973
SM,201630,49620--sample_49620_k141_623844,0.021999504635909186,1.8586610788516818e-05,0.5015576323987538
SM,201630,49620--sample_49620_k141_122298,0.01581070331807646,9.497500940364165e-06,0.49961210240496506
SM,201630,49623--sample_49623_k141_832889,0.020858088002896152,1.6359530098257106e-05,0.5011673151750973
SM,201630,49623--sample_49623_k141_1005056,0.018521523569587754,1.255922698742977e-05,0.5003885003885004
SM,201630,49620--sample_49620_k141_895151,0.019819563908963646,1.4311907718262376e-05,0.5007776049766719
SM,201630,49620--sample_49620_k141_807767,0.019687581323853988,1.438725784396584e-05,0.5007776049766719
SM,201630,49623--sample_49623_k141_941570,0.01949352684962076,1.4688184780776652e-05,0.5007776049766719
SM,201630,49628--sample_49628_k141_1852,0.024478934530861335,2.304451774201787e-05,0.5023400936037441
SM,201630,49623--sample_49623_k141_1218155,0.0219942776137744,1.861949697112404e-05,0.5015576323987538
SM,201630,49620--sample_49620_k141_531304,0.022226610921141775,1.8255552703089304e-05,0.5015576323987538
SM,201630,49620--sample_49620_k141_525399,0.022098823620135186,1.8546786551658652e-05,0.5015576323987538
SM,201630,49627--sample_49627_k141_867888,0.0183120839156559,1.2741260877702143e-05,0.5003885003885004
SM,201630,49628--sample_49628_k141_1292410,0.020860256290020633,1.646127631610628e-05,0.5011673151750973
SM,201630,49624--sample_49624_k141_367618,0.02082009023714223,1.6455292404724542e-05,0.5011673151750973
SM,201630,49620--sample_49620_k141_336437,0.01840022243337306,1.2687396588162515e-05,0.5003885003885004
SM,201630,49620--sample_49620_k141_300555,0.022078595810782902,1.8471517809053895e-05,0.5015576323987538
SM,201630,49623--sample_49623_k141_932595,0.02586792193647036,2.523965501480398e-05,0.5027322404371585
SM,201630,49624--sample_49624_k141_886731,0.02088193313617557,1.643771172387668e-05,0.5011673151750973
SM,201630,49628--sample_49628_k141_896519,0.017223707020099094,1.0966050949782443e-05,0.5
SM,201630,49620--sample_49620_k141_537973,0.014709995173522327,8.019868782391787e-06,0.4992248062015504
SM,201630,49620--sample_49620_k141_241114,0.017153452489159067,1.0985132610608611e-05,0.5
SM,201630,49621--sample_49621_k141_675292,0.02468131717396598,2.279776219868092e-05,0.5023400936037441
SM,201630,49620--sample_49620_k141_713240,0.019664852801859707,1.4469882202118921e-05,0.5007776049766719
SM,201630,49628--sample_49628_k141_1335931,0.019619143206817923,1.4522034017393671e-05,0.5007776049766719
SM,201630,49628--sample_49628_k141_1578820,0.0209542941708188,1.6310525114672012e-05,0.5011673151750973
SM,201630,49623--sample_49623_k141_595193,0.01716775542095809,1.1049905679382566e-05,0.5
SM,201630,49620--sample_49620_k141_345775,0.024529636074432083,2.296380626811805e-05,0.5023400936037441
SM,201630,49628--sample_49628_k141_1486095,0.02339638809018192,2.056375985403788e-05,0.5019485580670304
SM,201630,49623--sample_49623_k141_635168,0.020798343747323974,1.6491949215082588e-05,0.5011673151750973
SM,201630,49624--sample_49624_k141_857349,0.02455910519440035,2.294392324995497e-05,0.5023400936037441
SM,201630,49623--sample_49623_k141_921694,0.019535370343985278,1.4586052881024852e-05,0.5007776049766719
SM,201630,49628--sample_49628_k141_870812,0.02213373701698409,1.8439636360892852e-05,0.5015576323987538
SM,201630,49620--sample_49620_k141_810609,0.01603270937316894,9.372583600398504e-06,0.49961210240496506
SM,201630,49628--sample_49628_k141_729278,0.018446759956641315,1.2651372426125605e-05,0.5003885003885004
SM,201630,49623--sample_49623_k141_805715,0.022156914442795522,1.834241860392251e-05,0.5015576323987538
SM,201630,49623--sample_49623_k141_1004039,0.02193914416288592,1.862428172272543e-05,0.5015576323987538
SM,201630,49623--sample_49623_k141_783197,0.017332176785675227,1.0843425039954121e-05,0.5
SM,201630,49623--sample_49623_k141_375876,0.01973896198196568,1.4391359807447503e-05,0.5007776049766719
SM,201630,49620--sample_49620_k141_409549,0.02217396120827656,1.837613290082482e-05,0.5015576323987538
SM,201630,49628--sample_49628_k141_1401107,0.018368600405810443,1.268845032919068e-05,0.5003885003885004
SM,201630,49623--sample_49623_k141_544588,0.019788303365333184,1.4361974146616854e-05,0.5007776049766719
SM,201630,49620--sample_49620_k141_402231,0.017188631124058915,1.0947158957663047e-05,0.5
SM,201630,49623--sample_49623_k141_985280,0.01588671071135158,9.51936910843274e-06,0.49961210240496506
SM,201630,49623--sample_49623_k141_91927,0.02064465045271982,1.6630137022100333e-05,0.5011673151750973
SM,201630,49623--sample_49623_k141_1330012,0.022123060420870734,1.839844352747968e-05,0.5015576323987538
SM,201630,49620--sample_49620_k141_596290,0.02212411152244687,1.8486781628599476e-05,0.5015576323987538
SM,201630,49628--sample_49628_k141_1712723,0.019697873654858093,1.4463140775307608e-05,0.5007776049766719
SM,201630,49623--sample_49623_k141_1131227,0.013472568830784027,6.6232928629530284e-06,0.4988381099922541
SM,201630,49627--sample_49627_k141_313292,0.01470181970864136,8.001946048799357e-06,0.4992248062015504
SM,201630,49620--sample_49620_k141_209439,0.02328865327560371,2.0713814847270465e-05,0.5019485580670304
SM,201630,49627--sample_49627_k141_512927,0.02083111632358841,1.6390369011016693e-05,0.5011673151750973
SM,201630,49620--sample_49620_k141_780576,0.02075893784094357,1.6502932156116532e-05,0.5011673151750973
SM,201630,49620--sample_49620_k141_680328,0.016149372583967894,9.237440081747192e-06,0.49961210240496506
SM,201630,49620--sample_49620_k141_471906,0.014733934189859865,7.935569002614768e-06,0.4988381099922541
SM,201630,49620--sample_49620_k141_1427,0.01851698630567588,1.2582419268975567e-05,0.5003885003885004
SM,201630,49627--sample_49627_k141_576506,0.018388261424079233,1.2692856130431086e-05,0.5003885003885004
SM,201630,49624--sample_49624_k141_183073,0.013526478113149533,6.609864427159404e-06,0.4984520123839009
SM,201630,49623--sample_49623_k141_440584,0.020891919443413946,1.6411287999643433e-05,0.5011673151750973
SM,201630,49620--sample_49620_k141_596468,0.017282443282541096,1.0908091384835501e-05,0.5
SM,201630,49620--sample_49620_k141_180772,0.019548121059135098,1.454378181138198e-05,0.5007776049766719
SM,201630,49623--sample_49623_k141_450039,0.018599618839558983,1.2446000104073267e-05,0.5003885003885004
SM,201630,49620--sample_49620_k141_267223,0.02101554928295387,1.6263455460750085e-05,0.5011673151750973
SM,201630,49627--sample_49627_k141_739479,0.028264200259201462,3.045176983501206e-05,0.5035183737294762
SM,201630,49620--sample_49620_k141_400183,0.024536722420398907,2.294063257357264e-05,0.5023400936037441
SM,201630,49620--sample_49620_k141_670690,0.01475601571013777,7.949705022828491e-06,0.4992248062015504
SM,201630,49623--sample_49623_k141_259650,0.019679688608266053,1.4477030914199793e-05,0.5007776049766719
SM,201630,49623--sample_49623_k141_549495,0.02091538133507675,1.6337905825506664e-05,0.5011673151750973
SM,201630,49620--sample_49620_k141_776021,0.023370320868284045,2.0592768154438775e-05,0.5019485580670304
SM,201630,49620--sample_49620_k141_196964,0.015922662983685762,9.44444143549548e-06,0.49961210240496506
SM,201630,49620--sample_49620_k141_840562,0.021010866115270737,1.6271404458644277e-05,0.5011673151750973
SM,201630,49623--sample_49623_k141_518176,0.02335562778381886,2.0628547821400445e-05,0.5019485580670304
SM,201630,49627--sample_49627_k141_654175,0.015873830235956853,9.493931388294615e-06,0.49961210240496506
SM,201630,49627--sample_49627_k141_414467,0.020761807872274184,1.657072018540764e-05,0.5011673151750973
SM,201630,49623--sample_49623_k141_1247076,0.017282500786455525,1.090033929452261e-05,0.5
SM,201630,49620--sample_49620_k141_374157,0.022027331441885314,1.8544347365905744e-05,0.5015576323987538
SM,201630,49620--sample_49620_k141_275674,0.02341153664000548,2.0568460038456074e-05,0.5019485580670304
SM,201630,49620--sample_49620_k141_577314,0.018301809174494733,1.2754413385340602e-05,0.5003885003885004
SM,201630,49620--sample_49620_k141_378471,0.017226905223773552,1.0973109819543704e-05,0.5
SM,201630,49624--sample_49624_k141_942387,0.018379847017949476,1.269075351893161e-05,0.5003885003885004
SM,201630,49628--sample_49628_k141_1506561,0.0147912040715733,7.864903049755525e-06,0.4992248062015504
SM,201630,49624--sample_49624_k141_837100,0.019508740059045647,1.4575005995886242e-05,0.5007776049766719
SM,201630,49620--sample_49620_k141_697673,0.024702030821884647,2.2741091954539934e-05,0.5023400936037441
SM,201630,49623--sample_49623_k141_837177,0.016059907029127032,9.3091596690825e-06,0.49961210240496506
SM,201630,49623--sample_49623_k141_274362,0.01712232965477203,1.1036372536497477e-05,0.5
SM,201630,49623--sample_49623_k141_283253,0.022092502573419912,1.845416916461264e-05,0.5015576323987538
SM,201630,49623--sample_49623_k141_379355,0.018460611664352547,1.2665839568606292e-05,0.5003885003885004
SM,201630,49623--sample_49623_k141_180157,0.018355926906441247,1.2708700957788969e-05,0.5003885003885004
SM,201630,49620--sample_49620_k141_475809,0.0171620905933359,1.1019575416628117e-05,0.5
SM,201630,49623--sample_49623_k141_739376,0.024498328190899935,2.3003405696727e-05,0.5023400936037441
SM,201630,49621--sample_49621_k141_178506,0.023195368955706015,2.0843553973935982e-05,0.5019485580670304
SM,201630,49620--sample_49620_k141_588205,0.013716592116898643,6.47964474684361e-06,0.4988381099922541
SM,201630,49623--sample_49623_k141_762414,0.017203541644224652,1.0948304433828155e-05,0.5
SM,201630,49620--sample_49620_k141_308469,0.02215716278074008,1.8421427382536376e-05,0.5015576323987538
SM,201630,49620--sample_49620_k141_344961,0.02098448558519715,1.622826608655124e-05,0.5011673151750973
SM,201630,49628--sample_49628_k141_960275,0.014738333022988985,7.97165372054384e-06,0.4992248062015504
SM,201630,49628--sample_49628_k141_1438869,0.016011491461180513,9.37348976350103e-06,0.49961210240496506
SM,201630,49620--sample_49620_k141_216516,0.013541144146060122,6.568019062813609e-06,0.4988381099922541
SM,201630,49620--sample_49620_k141_140542,0.020924314212895482,1.6330400265240197e-05,0.5011673151750973
SM,201630,49620--sample_49620_k141_350606,0.012362864704380045,5.34524678969314e-06,0.4984520123839009
SM,201630,49622--sample_49622_k141_541922,0.022063069120788894,1.8494629870788166e-05,0.5015576323987538
SM,201630,49620--sample_49620_k141_562938,0.018399249461473415,1.2702995629796238e-05,0.5003885003885004
SM,201630,49620--sample_49620_k141_345569,0.02088881018943486,1.6370890109102426e-05,0.5011673151750973
SM,201630,49620--sample_49620_k141_268279,0.01838376575865113,1.27309460575125e-05,0.5003885003885004
SM,201630,49620--sample_49620_k141_280585,0.023253010014817124,2.0680410152454933e-05,0.5019485580670304
SM,201630,49627--sample_49627_k141_725460,0.0245119003962905,2.2922572365298307e-05,0.5023400936037441
SM,201630,49628--sample_49628_k141_884471,0.022156110569005388,1.841548358373133e-05,0.5015576323987538
SM,201630,49628--sample_49628_k141_389027,0.013578894216723675,6.593590591249782e-06,0.4988381099922541
SM,201630,49620--sample_49620_k141_868983,0.02087477664553886,1.6409867498231217e-05,0.5011673151750973
SM,201630,49623--sample_49623_k141_441108,0.02209667364782392,1.848513642025266e-05,0.5015576323987538
SM,201630,49620--sample_49620_k141_469999,0.023257726555727037,2.0661938391771173e-05,0.5019485580670304
SM,201630,49620--sample_49620_k141_853803,0.02585606676446614,2.52300911982408e-05,0.5027322404371585
SM,201630,49620--sample_49620_k141_848181,0.017114421381377726,1.1030359643708617e-05,0.5
SM,201630,49627--sample_49627_k141_696542,0.01849006962740553,1.2602005382974288e-05,0.5003885003885004
SM,201630,49620--sample_49620_k141_794699,0.01962445239243177,1.4564146725330434e-05,0.5007776049766719
SM,201630,49620--sample_49620_k141_614701,0.020734427311156687,1.6528089518064695e-05,0.5011673151750973
SM,201630,49620--sample_49620_k141_175692,0.02325762331895758,2.0748175219110626e-05,0.5019485580670304
SM,201630,49625--sample_49625_k141_399547,0.01841653801100653,1.2633014210376386e-05,0.5003885003885004
SM,201630,49620--sample_49620_k141_714399,0.022125088801332207,1.8350671073101557e-05,0.5015576323987538
SM,201630,49628--sample_49628_k141_1350362,0.017154211316610463,1.102446802169732e-05,0.5
SM,201630,49620--sample_49620_k141_642954,0.01714021104205714,1.096464160340416e-05,0.5
SM,201630,49628--sample_49628_k141_1269653,0.02460833213865597,2.2862924651969228e-05,0.5023400936037441
SM,201630,49628--sample_49628_k141_1723366,0.020783558781558395,1.6488462812222752e-05,0.5011673151750973
SM,201630,49622--sample_49622_k141_970025,0.025821199915892473,2.5342183824433918e-05,0.5027322404371585
SM,201630,49627--sample_49627_k141_421323,0.01599225402086271,9.401506094111489e-06,0.49961210240496506
SM,201630,49628--sample_49628_k141_1029201,0.017283082367378425,1.0842634675311772e-05,0.5
SM,201630,49628--sample_49628_k141_1211821,0.018331918533026365,1.2664128926873817e-05,0.5003885003885004
SM,201630,49622--sample_49622_k141_822455,0.024529403737997727,2.293417616134649e-05,0.5023400936037441
SM,201630,49620--sample_49620_k141_584834,0.021001419691413597,1.6274502566359158e-05,0.5011673151750973
SM,201630,49620--sample_49620_k141_750463,0.01724709524554387,1.0901683773484525e-05,0.5
SM,201630,49623--sample_49623_k141_19062,0.022075867543648195,1.8448614367862082e-05,0.5015576323987538
SM,201630,49628--sample_49628_k141_1303741,0.023377485904341657,2.057288816984518e-05,0.5019485580670304
SM,201630,49627--sample_49627_k141_598482,0.024562222439571898,2.2926676661204076e-05,0.5023400936037441
SM,201630,49623--sample_49623_k141_1355655,0.024655196453061308,2.2774626410244153e-05,0.5023400936037441
SM,201630,49623--sample_49623_k141_303771,0.018428858527219927,1.2658247002062988e-05,0.5003885003885004
SM,201630,49620--sample_49620_k141_609283,0.01958933587900517,1.4503577599684258e-05,0.5007776049766719
SM,201630,49628--sample_49628_k141_1400465,0.013609412767961912,6.533890551403935e-06,0.4988381099922541
SM,201630,49621--sample_49621_k141_1077144,0.015835881801940316,9.51357323917366e-06,0.49961210240496506
SM,201630,49620--sample_49620_k141_175085,0.01713888367886771,1.1034477501093263e-05,0.5
SM,201630,49620--sample_49620_k141_473245,0.022083991866639206,1.845346808719684e-05,0.5015576323987538
SM,201630,49628--sample_49628_k141_751758,0.021983751079832966,1.8597720210311204e-05,0.5015576323987538
SM,201630,49620--sample_49620_k141_529134,0.024678012483423366,2.2775701687992163e-05,0.5023400936037441
SM,201630,49623--sample_49623_k141_854320,0.020914123104553428,1.6334023296147593e-05,0.5011673151750973
SM,201630,49620--sample_49620_k141_479378,0.024606610529094363,2.2894528612963675e-05,0.5023400936037441
SM,201630,49623--sample_49623_k141_485845,0.02203866389416506,1.8553099859183632e-05,0.5015576323987538
SM,201630,49623--sample_49623_k141_1104290,0.01730780719096907,1.093990649903113e-05,0.5
SM,201630,49620--sample_49620_k141_802175,0.017253056664827494,1.0916831355453234e-05,0.5
SM,201630,49620--sample_49620_k141_708196,0.01964420789051697,1.4431364976852343e-05,0.5007776049766719
SM,201630,49623--sample_49623_k141_239529,0.018538094209267587,1.2573383023689183e-05,0.5003885003885004
SM,201630,49627--sample_49627_k141_524154,0.01592279512914526,9.461503600762228e-06,0.49961210240496506
SM,201630,49627--sample_49627_k141_871592,0.018423717597975828,1.265638350519026e-05,0.5003885003885004
SM,201630,49624--sample_49624_k141_462272,0.01971552633931502,1.4370516505457587e-05,0.5007776049766719
SM,201630,49620--sample_49620_k141_609029,0.01731392114676432,1.0847113433249408e-05,0.5
SM,201630,49627--sample_49627_k141_650344,0.02223910607243885,1.8308061865906253e-05,0.5015576323987538
SM,201630,49620--sample_49620_k141_792699,0.020785461071754576,1.6564354744229837e-05,0.5011673151750973
SM,201630,49620--sample_49620_k141_882729,0.02208433292052464,1.8462736671198344e-05,0.5015576323987538
SM,201630,49620--sample_49620_k141_510128,0.0172748929253061,1.0947783050117138e-05,0.5
SM,201630,49620--sample_49620_k141_828425,0.020968365182477626,1.631431199970309e-05,0.5011673151750973
SM,201630,49623--sample_49623_k141_973496,0.01860706997522684,1.2449615371144733e-05,0.5003885003885004
SM,201630,49623--sample_49623_k141_593582,0.017260517696749928,1.0925602785709308e-05,0.5
SM,201630,49621--sample_49621_k141_409291,0.0161228635107469,9.254341186853128e-06,0.49961210240496506
SM,201630,49620--sample_49620_k141_700704,0.025859551414401362,2.524102485614715e-05,0.5027322404371585
SM,201630,49623--sample_49623_k141_1317120,0.024493469204214986,2.3044572396601666e-05,0.5023400936037441
SM,201630,49623--sample_49623_k141_727605,0.018422110471119326,1.270271381777968e-05,0.5003885003885004
SM,201630,49628--sample_49628_k141_1487610,0.013569983146051331,6.5783993634725545e-06,0.4988381099922541
SM,201630,49627--sample_49627_k141_858468,0.020943569215272153,1.6356317227985397e-05,0.5011673151750973
SM,201630,49623--sample_49623_k141_170441,0.016110913541911364,9.313961443715064e-06,0.49961210240496506
SM,201630,49628--sample_49628_k141_1767191,0.020943725823032378,1.6312885092237914e-05,0.5011673151750973
SM,201630,49627--sample_49627_k141_190321,0.025657155365128106,2.5525012340755913e-05,0.5027322404371585
SM,201630,49627--sample_49627_k141_749238,0.019677199389146256,1.4451016107656109e-05,0.5007776049766719
SM,201630,49620--sample_49620_k141_552424,0.023332535157640017,2.0634308478915368e-05,0.5019485580670304
SM,201630,49623--sample_49623_k141_828017,0.017264898000621292,1.0869158425268015e-05,0.5
SM,201630,49627--sample_49627_k141_462720,0.018486743415643273,1.2616806369327464e-05,0.5003885003885004
SM,201630,49621--sample_49621_k141_762393,0.018439146752244333,1.2678877960683478e-05,0.5003885003885004
SM,201630,49620--sample_49620_k141_900294,0.024475011102675918,2.3062881449200217e-05,0.5023400936037441
SM,201630,49621--sample_49621_k141_452052,0.018557075293169713,1.2514680549378449e-05,0.5003885003885004
SM,201630,49621--sample_49621_k141_784926,0.019651413614190344,1.4469087217109342e-05,0.5007776049766719
SM,201630,49620--sample_49620_k141_464073,0.019799877102978935,1.4314701115787481e-05,0.5007776049766719
SM,201630,49623--sample_49623_k141_402753,0.018481847655310083,1.2606138646150771e-05,0.5003885003885004
SM,201630,49626--sample_49626_k141_514911,0.024617858400033756,2.2858515377023512e-05,0.5023400936037441
SM,201630,49620--sample_49620_k141_89916,0.01731607299076046,1.0853895310468484e-05,0.5
SM,201630,49621--sample_49621_k141_394250,0.01837056822972871,1.2693065017238962e-05,0.5003885003885004
SM,201630,49621--sample_49621_k141_806897,0.019723038544723286,1.4408144285846703e-05,0.5007776049766719
SM,201630,49628--sample_49628_k141_934206,0.02325871373763582,2.0703527135632482e-05,0.5019485580670304
SM,201630,49628--sample_49628_k141_1580996,0.019614483067940003,1.4517033164500367e-05,0.5007776049766719
SM,201630,49623--sample_49623_k141_731714,0.013467027578599005,6.628757077039908e-06,0.4988381099922541
SM,201630,49623--sample_49623_k141_770561,0.02211722108273889,1.8444950728700785e-05,0.5015576323987538
SM,201630,49627--sample_49627_k141_829391,0.023362452285292653,2.0585083902856732e-05,0.5019485580670304
SM,201630,49627--sample_49627_k141_571973,0.023421212390177134,2.0522798840681705e-05,0.5019485580670304
SM,201630,49620--sample_49620_k141_93113,0.014892880940569845,7.841376485748848e-06,0.4992248062015504
SM,201630,49623--sample_49623_k141_687281,0.0184717055353856,1.2596341541775772e-05,0.5003885003885004
SM,201630,49626--sample_49626_k141_590008,0.024632827197011258,2.2819075053329497e-05,0.5023400936037441
SM,201630,49620--sample_49620_k141_895379,0.018328154316976226,1.2719551810305184e-05,0.5003885003885004
SM,201630,49620--sample_49620_k141_98203,0.02088015118354083,1.639610074593744e-05,0.5011673151750973
SM,201630,49625--sample_49625_k141_188852,0.016048135122773276,9.352691540291651e-06,0.49961210240496506
SM,201630,49620--sample_49620_k141_313162,0.02347579417336632,2.042530335370345e-05,0.5019485580670304
SM,201630,49627--sample_49627_k141_276556,0.02078619156960994,1.6516241894380844e-05,0.5011673151750973
SM,201630,49628--sample_49628_k141_1632557,0.021075340787145114,1.615912898107212e-05,0.5011673151750973
SM,201630,49623--sample_49623_k141_1254467,0.017256454901042925,1.0887663758495061e-05,0.5
SM,201630,49623--sample_49623_k141_824443,0.02089697731613196,1.634554678469482e-05,0.5011673151750973
SM,201630,49620--sample_49620_k141_806638,0.02464207268603651,2.2834306323910104e-05,0.5023400936037441
SM,201630,49620--sample_49620_k141_304248,0.014642603954800087,8.00310153568791e-06,0.4992248062015504
SM,201630,49620--sample_49620_k141_174776,0.02334196638773912,2.056815650018662e-05,0.5019485580670304
SM,201630,49620--sample_49620_k141_347387,0.018443496085682427,1.2634109477370333e-05,0.5003885003885004
SM,201630,49627--sample_49627_k141_177413,0.019703056675545512,1.4415799012550134e-05,0.5007776049766719
SM,201630,49620--sample_49620_k141_386392,0.017200633440623666,1.095900835616664e-05,0.5
SM,201630,49620--sample_49620_k141_822760,0.018329781549166858,1.2720126635563615e-05,0.5003885003885004
SM,201630,49627--sample_49627_k141_319949,0.016005996419780028,9.362079018265509e-06,0.49961210240496506
SM,201630,49620--sample_49620_k141_343081,0.02466341487127927,2.27682322745343e-05,0.5023400936037441
SM,201630,49620--sample_49620_k141_629202,0.019693634351715374,1.4400488650436269e-05,0.5007776049766719
SM,201630,49620--sample_49620_k141_300959,0.017175394319577035,1.0965794285982526e-05,0.5
SM,201630,49628--sample_49628_k141_964811,0.020780366855225513,1.650566726599632e-05,0.5011673151750973
SM,201630,49620--sample_49620_k141_498807,0.01959791219700843,1.447913341818349e-05,0.5007776049766719
SM,201630,49627--sample_49627_k141_729568,0.020883349401580386,1.6397699537048746e-05,0.5011673151750973
SM,201630,49623--sample_49623_k141_744433,0.020921679549425087,1.632697254903877e-05,0.5011673151750973
SM,201630,49627--sample_49627_k141_633653,0.022199858548719364,1.837240564643686e-05,0.5015576323987538
SM,201630,49620--sample_49620_k141_883152,0.01843867772739417,1.2665482210263757e-05,0.5003885003885004
SM,201630,49627--sample_49627_k141_515529,0.019679722337807116,1.445203608989264e-05,0.5007776049766719
SM,201630,49620--sample_49620_k141_550159,0.022161000159416546,1.8435803142998503e-05,0.5015576323987538
SM,201630,49624--sample_49624_k141_957901,0.02216942300613067,1.834304824126773e-05,0.5015576323987538
SM,201630,49623--sample_49623_k141_70638,0.01587202059838164,9.472733460553496e-06,0.49961210240496506
SM,201630,49620--sample_49620_k141_33066,0.01835407749462442,1.2714231161937232e-05,0.5003885003885004
SM,201630,49620--sample_49620_k141_212651,0.028248240657479672,3.0497278941009654e-05,0.5035183737294762
SM,201630,49623--sample_49623_k141_825568,0.019662739222710494,1.4442509798911798e-05,0.5007776049766719
SM,201630,49620--sample_49620_k141_349419,0.024525630357485534,2.290003762624264e-05,0.5023400936037441
SM,201630,49625--sample_49625_k141_389451,0.01461451060804315,8.080170215125812e-06,0.4992248062015504
SM,201630,49623--sample_49623_k141_638582,0.020814933576386873,1.6489625816052365e-05,0.5011673151750973
SM,201630,49623--sample_49623_k141_1032962,0.02208624902353017,1.8408887023513445e-05,0.5015576323987538
SM,201630,49620--sample_49620_k141_772901,0.020726388658815587,1.6589285703286187e-05,0.5011673151750973
SM,201630,49623--sample_49623_k141_341484,0.016077188935932303,9.328003805424447e-06,0.49961210240496506
SM,201630,49627--sample_49627_k141_837948,0.012382701918610971,5.35198213289493e-06,0.4984520123839009
SM,201630,49622--sample_49622_k141_625868,0.020926304831003013,1.6367447711636178e-05,0.5011673151750973
SM,201630,49621--sample_49621_k141_998779,0.018386915880521073,1.2690576402470752e-05,0.5003885003885004
SM,201630,49627--sample_49627_k141_754865,0.020825736490677017,1.6459638443287867e-05,0.5011673151750973
SM,201630,49620--sample_49620_k141_315313,0.017021987362898658,1.1127132607553695e-05,0.5
SM,201630,49623--sample_49623_k141_728033,0.02333888019021653,2.0634588272236997e-05,0.5019485580670304
SM,201630,49620--sample_49620_k141_92586,0.02222147399175589,1.830525939719049e-05,0.5015576323987538
SM,201630,49625--sample_49625_k141_364346,0.02212575082297593,1.844434479594181e-05,0.5015576323987538
SM,201630,49627--sample_49627_k141_490345,0.019625875496480427,1.44686153177994e-05,0.5007776049766719
SM,201630,49628--sample_49628_k141_1593967,0.015910942217015916,9.490745418303938e-06,0.49961210240496506
SM,201630,49623--sample_49623_k141_540693,0.02081716425136187,1.641583381214047e-05,0.5011673151750973
SM,201630,49627--sample_49627_k141_593011,0.01725683000855937,1.0908917641601541e-05,0.5
SM,201630,49623--sample_49623_k141_100166,0.019742609515309553,1.4398021318552551e-05,0.5007776049766719
SM,201630,49620--sample_49620_k141_188761,0.015904577619483978,9.433383652296334e-06,0.49961210240496506
SM,201630,49620--sample_49620_k141_852859,0.01598168508135203,9.349614766584263e-06,0.49961210240496506
SM,201630,49620--sample_49620_k141_891883,0.024450781371326683,2.2985970124988017e-05,0.5023400936037441
SM,201630,49620--sample_49620_k141_165300,0.02222262480533,1.8326920360735798e-05,0.5015576323987538
SM,201630,49623--sample_49623_k141_942149,0.011076620676175175,4.293485745945682e-06,0.49768160741885625
SM,201630,49620--sample_49620_k141_749019,0.02216737704925646,1.8337355634594067e-05,0.5015576323987538
SM,201630,49620--sample_49620_k141_34612,0.019630419124165983,1.4534527716167883e-05,0.5007776049766719
SM,201630,49620--sample_49620_k141_619265,0.014701782077864774,7.970152258919584e-06,0.4992248062015504
SM,201630,49620--sample_49620_k141_163204,0.019600441504991635,1.4456952239696945e-05,0.5007776049766719
SM,201630,49627--sample_49627_k141_894207,0.019585724210441108,1.4548172676866845e-05,0.5007776049766719
SM,201630,49620--sample_49620_k141_892610,0.01968245559003164,1.4396547611923481e-05,0.5007776049766719
SM,201630,49620--sample_49620_k141_879678,0.022221846700988614,1.8282262592699072e-05,0.5015576323987538
SM,201630,49628--sample_49628_k141_549400,0.020841525807083712,1.6395024484497097e-05,0.5011673151750973
SM,201630,49628--sample_49628_k141_983346,0.02208391554806224,1.850531481623407e-05,0.5015576323987538
SM,201630,49623--sample_49623_k141_702128,0.022087251754515033,1.847491596606301e-05,0.5015576323987538
SM,201630,49623--sample_49623_k141_470609,0.01963456548281012,1.447497334386088e-05,0.5007776049766719
SM,201630,49623--sample_49623_k141_1036475,0.019597980330852912,1.4552006380869924e-05,0.5007776049766719
SM,201630,49620--sample_49620_k141_755103,0.01847424897877168,1.2615210445166232e-05,0.5003885003885004
SM,201630,49621--sample_49621_k141_68092,0.0221093987549147,1.843522348789075e-05,0.5015576323987538
SM,201630,49623--sample_49623_k141_42735,0.022068767666966478,1.8519135620441476e-05,0.5015576323987538
SM,201630,49628--sample_49628_k141_231843,0.013538319499355423,6.626296194222881e-06,0.4988381099922541
SM,201630,49620--sample_49620_k141_345812,0.015934965407969903,9.432548596958233e-06,0.49961210240496506
SM,201630,49625--sample_49625_k141_25563,0.019719649966261535,1.437283868484218e-05,0.5007776049766719
SM,201630,49628--sample_49628_k141_1257336,0.020799878128081983,1.6486496579482877e-05,0.5011673151750973
SM,201630,49625--sample_49625_k141_223344,0.018537764759515896,1.2543554783266146e-05,0.5003885003885004
SM,201630,49620--sample_49620_k141_493131,0.021978913388436685,1.861638333150034e-05,0.5015576323987538
SM,201630,49620--sample_49620_k141_848030,0.017204594980102805,1.0949110772574049e-05,0.5
SM,201630,49623--sample_49623_k141_905837,0.018384534619406805,1.2662604599516729e-05,0.5003885003885004
SM,201630,49620--sample_49620_k141_524665,0.013487732935833907,6.684568298849605e-06,0.4988381099922541
SM,201630,49627--sample_49627_k141_606222,0.019571023932537606,1.4569108674430407e-05,0.5007776049766719
SM,201630,49627--sample_49627_k141_152302,0.018426980272952177,1.2647680565257743e-05,0.5003885003885004
SM,201630,49627--sample_49627_k141_381781,0.018438869694330583,1.2671933171971348e-05,0.5003885003885004
SM,201630,49623--sample_49623_k141_1320380,0.022040720958941395,1.853903743369441e-05,0.5015576323987538
SM,201630,49620--sample_49620_k141_237655,0.0183829033602584,1.2735854423010096e-05,0.5003885003885004
SM,201630,49628--sample_49628_k141_1318930,0.0196737406942216,1.4445515676644887e-05,0.5007776049766719
SM,201630,49623--sample_49623_k141_1239734,0.01861522306674658,1.2426165359922088e-05,0.5003885003885004
SM,201630,49620--sample_49620_k141_729130,0.022285945954517963,1.8222296409368346e-05,0.5015576323987538
SM,201630,49628--sample_49628_k141_430758,0.0233037612245125,2.0676138743838e-05,0.5019485580670304
SM,201630,49625--sample_49625_k141_170109,0.022081799593700546,1.8532763298999383e-05,0.5015576323987538
SM,201630,49623--sample_49623_k141_1074520,0.018457991529869714,1.2628217037228076e-05,0.5003885003885004
SM,201630,49620--sample_49620_k141_696406,0.02218818331528649,1.835720376189094e-05,0.5015576323987538
SM,201630,49621--sample_49621_k141_304846,0.01972408604227828,1.4424603745267315e-05,0.5007776049766719
SM,201630,49620--sample_49620_k141_164103,0.01847001106901127,1.262054992822095e-05,0.5003885003885004
SM,201630,49625--sample_49625_k141_39986,0.019731250960112152,1.4378029513816098e-05,0.5007776049766719
SM,201630,49620--sample_49620_k141_379858,0.023317509022309398,2.0648516895620503e-05,0.5019485580670304
SM,201630,49623--sample_49623_k141_787874,0.01469664555185296,7.962154991001017e-06,0.4992248062015504
SM,201630,49627--sample_49627_k141_488743,0.025783438013688466,2.5332484196369828e-05,0.5027322404371585
SM,201630,49620--sample_49620_k141_845769,0.02447261610784698,2.3036522090947502e-05,0.5023400936037441
SM,201630,49624--sample_49624_k141_823890,0.023379646819620008,2.059650654734847e-05,0.5019485580670304
SM,201630,49623--sample_49623_k141_1142358,0.022161104820613297,1.8380034889495224e-05,0.5015576323987538
SM,201630,49623--sample_49623_k141_1351314,0.019702541289878528,1.4424022073805272e-05,0.5007776049766719
SM,201630,49623--sample_49623_k141_397605,0.024490940468938016,2.2981231905973234e-05,0.5023400936037441
SM,201630,49628--sample_49628_k141_513653,0.02341664228685505,2.051252419275282e-05,0.5019485580670304
SM,201630,49620--sample_49620_k141_880376,0.008642418616559575,2.5278869972835592e-06,0.49691358024691357
SM,201630,49621--sample_49621_k141_1049905,0.019815941932986834,1.4306444936296874e-05,0.5007776049766719
SM,201630,49620--sample_49620_k141_42888,0.01963743743880093,1.4500356332089176e-05,0.5007776049766719
SM,201630,49628--sample_49628_k141_1150711,0.015816427068176344,9.541677284470568e-06,0.49961210240496506
SM,201630,49628--sample_49628_k141_1295079,0.027039539333320036,2.7761390167631186e-05,0.503125
SM,201630,49628--sample_49628_k141_1557966,0.0183380318976352,1.2772303731267206e-05,0.5003885003885004
SM,201630,49623--sample_49623_k141_459679,0.012321780002953515,5.428791217237839e-06,0.4984520123839009
SM,201630,49621--sample_49621_k141_253982,0.020885032603120794,1.6403882251906004e-05,0.5011673151750973
SM,201630,49627--sample_49627_k141_718220,0.013418930368236973,6.674472107161381e-06,0.4988381099922541
SM,201630,49620--sample_49620_k141_367257,0.02326163136900706,2.0744832482556028e-05,0.5019485580670304
SM,201630,49621--sample_49621_k141_1078957,0.014486527660710215,8.167998139843542e-06,0.4992248062015504
SM,201630,49620--sample_49620_k141_350880,0.020945979996803733,1.633871549360332e-05,0.5011673151750973
SM,201630,49623--sample_49623_k141_1156595,0.01859986354158605,1.2472901585788894e-05,0.5003885003885004
SM,201630,49625--sample_49625_k141_264927,0.022178086092470732,1.841536314818473e-05,0.5015576323987538
SM,201630,49628--sample_49628_k141_609789,0.019475614818580542,1.4601375566782783e-05,0.5007776049766719
SM,201630,49620--sample_49620_k141_108508,0.022002809256601856,1.8575180102143625e-05,0.5015576323987538
SM,201630,49624--sample_49624_k141_930198,0.018338488479117003,1.2739836855602779e-05,0.5003885003885004
SM,201630,49626--sample_49626_k141_577843,0.019656850010017962,1.4455547462719126e-05,0.5007776049766719
SM,201630,49624--sample_49624_k141_404074,0.02093859293492345,1.6297590404440418e-05,0.5011673151750973
SM,201630,49620--sample_49620_k141_557772,0.019626882758590886,1.4482746751603592e-05,0.5007776049766719
SM,201630,49628--sample_49628_k141_1571541,0.024526906047187214,2.2944798492259657e-05,0.5023400936037441
SM,201630,49623--sample_49623_k141_469107,0.017067496126122517,1.1117006651778316e-05,0.5
SM,201630,49626--sample_49626_k141_793367,0.02197839865274566,1.859386532472012e-05,0.5015576323987538
SM,201630,49621--sample_49621_k141_679065,0.018400946143043675,1.2705992113567724e-05,0.5003885003885004
SM,201630,49623--sample_49623_k141_721938,0.020910173851450366,1.63607426804477e-05,0.5011673151750973
SM,201630,49624--sample_49624_k141_904286,0.01837167828948985,1.2675168588366855e-05,0.5003885003885004
SM,201630,49624--sample_49624_k141_1055872,0.018485463274628147,1.2597856571848568e-05,0.5003885003885004
SM,201630,49624--sample_49624_k141_683558,0.020789198793165264,1.6510909781452034e-05,0.5011673151750973
SM,201630,49620--sample_49620_k141_710837,0.0209330565298533,1.634620571401353e-05,0.5011673151750973
SM,201630,49624--sample_49624_k141_853813,0.020956813296778183,1.6344767470426262e-05,0.5011673151750973
SM,201630,49620--sample_49620_k141_726559,0.023325187374747994,2.0661368663210336e-05,0.5019485580670304
SM,201630,49622--sample_49622_k141_1283027,0.019692289749761564,1.4388050683805535e-05,0.5007776049766719
SM,201630,49628--sample_49628_k141_1606068,0.011094771439331304,4.324600690595019e-06,0.4980665119876257
SM,201630,49620--sample_49620_k141_832586,0.019653836254289268,1.4412963946190827e-05,0.5007776049766719
SM,201630,49627--sample_49627_k141_376887,0.020959064401789015,1.628253456852526e-05,0.5011673151750973
SM,201630,49620--sample_49620_k141_290753,0.018435448624779954,1.2707406552841821e-05,0.5003885003885004
SM,201630,49621--sample_49621_k141_716554,0.02346074817486804,2.0462886590879696e-05,0.5019485580670304
SM,201630,49623--sample_49623_k141_844041,0.02219784843195727,1.8284476677749003e-05,0.5015576323987538
SM,201630,49623--sample_49623_k141_611020,0.019701946735789632,1.4441007697995396e-05,0.5007776049766719
SM,201630,49620--sample_49620_k141_112955,0.02224290444110749,1.8294892294993916e-05,0.5015576323987538
SM,201630,49620--sample_49620_k141_463131,0.01584850252444453,9.48820959645898e-06,0.49961210240496506
SM,201630,49621--sample_49621_k141_990772,0.01728480417820896,1.0871212310469749e-05,0.5
SM,201630,49620--sample_49620_k141_790877,0.0172367826235102,1.0915068921586221e-05,0.5
SM,201630,49620--sample_49620_k141_448102,0.02208300896725198,1.8471216565209247e-05,0.5015576323987538
SM,201630,49620--sample_49620_k141_748451,0.019507293661777024,1.465114812759507e-05,0.5007776049766719
SM,201630,49620--sample_49620_k141_868481,0.02078222854923814,1.6549562891809048e-05,0.5011673151750973
SM,201630,49625--sample_49625_k141_231859,0.014766689298868589,7.94382164046655e-06,0.4992248062015504
SM,201630,49623--sample_49623_k141_562214,0.018556700724516217,1.2464118556281077e-05,0.5003885003885004
SM,201630,49623--sample_49623_k141_1002962,0.022154678595410676,1.838933066622626e-05,0.5015576323987538
SM,201630,49620--sample_49620_k141_214413,0.022156412324327565,1.8471971183415646e-05,0.5015576323987538
SM,201630,49623--sample_49623_k141_673444,0.0170220478775095,1.1140851299502213e-05,0.5
SM,201630,49620--sample_49620_k141_230781,0.020661986238405747,1.6653236093067434e-05,0.5011673151750973
SM,201630,49627--sample_49627_k141_405880,0.02075322091220312,1.6531915683962176e-05,0.5011673151750973
SM,201630,49623--sample_49623_k141_207193,0.015855871665135357,9.465509757200322e-06,0.49961210240496506
SM,201630,49623--sample_49623_k141_1169751,0.02075241480349258,1.654491814377786e-05,0.5011673151750973
SM,201630,49624--sample_49624_k141_468988,0.02328946689084796,2.072614873092304e-05,0.5019485580670304
SM,201630,49620--sample_49620_k141_33513,0.01836922456104748,1.2702171078488393e-05,0.5003885003885004
SM,201630,49623--sample_49623_k141_449686,0.017207250450276008,1.0998879730319342e-05,0.5
SM,201630,49627--sample_49627_k141_808611,0.023231439398028395,2.0710186054574762e-05,0.5019485580670304
SM,201630,49641--sample_49641_k141_362688,0.018269824730975246,1.2809511837135249e-05,0.5003885003885004
SM,201630,49617--sample_49617_k141_39355,0.016119363024703934,9.275299882121683e-06,0.49961210240496506
SM,201630,49617--sample_49617_k141_35967,0.020793521065151227,1.6546174332085647e-05,0.5011673151750973
SM,201630,49640--sample_49640_k141_205688,0.014794752209906246,7.921729900200968e-06,0.4992248062015504
SM,201630,49617--sample_49617_k141_209877,0.017382295634494328,1.0820073416321626e-05,0.5
SM,201630,49617--sample_49617_k141_139293,0.02091099667759892,1.63621499464523e-05,0.5011673151750973
SM,201630,49642--sample_49642_k141_460602,0.019541614376558516,1.4536382985170763e-05,0.5007776049766719
SM,201630,49642--sample_49642_k141_46529,0.022177102462462968,1.8356042596729036e-05,0.5015576323987538
SM,201630,49631--sample_49631_k141_943460,0.017252879470091118,1.0912962004110717e-05,0.5
SM,201630,49617--sample_49617_k141_181765,0.018423725519991392,1.2689736708601289e-05,0.5003885003885004
SM,201630,53600--sample_53600_k141_319847,0.020875495516215332,1.6398667203737308e-05,0.5011673151750973
SM,201630,49641--sample_49641_k141_517007,0.018478391816401922,1.2624620092809087e-05,0.5003885003885004
SM,201630,49617--sample_49617_k141_231031,0.023260233360867844,2.0645943669425055e-05,0.5019485580670304
SM,201630,49617--sample_49617_k141_157639,0.02094799391616448,1.6330887350078223e-05,0.5011673151750973
SM,201630,49640--sample_49640_k141_443474,0.01611214634357406,9.320400206418107e-06,0.49961210240496506
SM,201630,49641--sample_49641_k141_569411,0.01601586535850058,9.378236410777379e-06,0.49961210240496506
SM,201630,49617--sample_49617_k141_244635,0.013409037884573238,6.716335913240208e-06,0.4988381099922541
SM,201630,49633--sample_49633_k141_1364744,0.019548921183199702,1.4520726757162016e-05,0.5007776049766719
SM,201630,49638--sample_49638_k141_334434,0.01849668612543184,1.2515237689795024e-05,0.5003885003885004
SM,201630,49631--sample_49631_k141_788735,0.02089086761970856,1.6350009336882448e-05,0.5011673151750973
SM,201630,49631--sample_49631_k141_901628,0.022114767658090704,1.8537314348674585e-05,0.5015576323987538
SM,201630,49615--sample_49615_k141_45890,0.01717913488827644,1.1011560415794574e-05,0.5
SM,201630,49633--sample_49633_k141_1000571,0.017117530087225025,1.0992077719919538e-05,0.5
SM,201630,53600--sample_53600_k141_432760,0.02094523170718546,1.6351979508741877e-05,0.5011673151750973
SM,201630,49631--sample_49631_k141_1063072,0.020966627253491334,1.6255402522379414e-05,0.5011673151750973
SM,201630,49617--sample_49617_k141_126624,0.011224366373998899,4.26572403131489e-06,0.4980665119876257
SM,201630,49617--sample_49617_k141_63436,0.02346142049463997,2.0467374026332935e-05,0.5019485580670304
SM,201630,49613--sample_49613_k141_516056,0.01211672548285238,5.5254769317725094e-06,0.4984520123839009
SM,201630,49638--sample_49638_k141_849125,0.023409602142273098,2.0521332893821147e-05,0.5019485580670304
SM,201630,49633--sample_49633_k141_1105803,0.018587867073525027,1.2477803779574643e-05,0.5003885003885004
SM,201630,49631--sample_49631_k141_713683,0.022171657930108876,1.8350821563307604e-05,0.5015576323987538
SM,201630,49618--sample_49618_k141_24979,0.02093247992336055,1.6368243499322735e-05,0.5011673151750973
SM,201630,49641--sample_49641_k141_526586,0.020810266966605796,1.649140611239654e-05,0.5011673151750973
SM,201630,49641--sample_49641_k141_594405,0.0220839316466116,1.8494423561755818e-05,0.5015576323987538
SM,201630,49630--sample_49630_k141_653913,0.016017607641589108,9.377505842389499e-06,0.49961210240496506
SM,201630,49617--sample_49617_k141_71919,0.012126541823658445,5.5246236480544285e-06,0.4984520123839009
SM,201630,49617--sample_49617_k141_269743,0.016090324332164296,9.30717337312764e-06,0.49961210240496506
SM,201630,49631--sample_49631_k141_327282,0.02080121513578374,1.6455206882129528e-05,0.5011673151750973
SM,201630,49613--sample_49613_k141_428032,0.01838593545114608,1.2678717618348654e-05,0.5
SM,201630,49617--sample_49617_k141_32695,0.018298505634095595,1.2729203924407405e-05,0.5003885003885004
SM,201630,49618--sample_49618_k141_231410,0.024586250845090408,2.287704596022417e-05,0.5023400936037441
SM,201630,49618--sample_49618_k141_106535,0.02343721300289469,2.0542449993895042e-05,0.5019485580670304
SM,201630,49631--sample_49631_k141_478760,0.019729420454713032,1.4422776597350043e-05,0.5007776049766719
SM,201630,49631--sample_49631_k141_269696,0.023335202521917432,2.0575858567387685e-05,0.5019485580670304
SM,201630,49633--sample_49633_k141_1125289,0.01961731930865327,1.4457180654268543e-05,0.5007776049766719
SM,201630,49641--sample_49641_k141_479465,0.02579479380107024,2.529849325650868e-05,0.5027322404371585
SM,201630,49631--sample_49631_k141_1077431,0.019503615441391634,1.4608695686440055e-05,0.5007776049766719
SM,201630,53598--sample_53598_k141_177344,0.01973964738722331,1.4407504962447685e-05,0.5007776049766719
SM,201630,49631--sample_49631_k141_406326,0.02209180090378842,1.8484771088195134e-05,0.5015576323987538
SM,201630,49617--sample_49617_k141_153159,0.017103460951992996,1.1089349263500401e-05,0.5
SM,201630,49641--sample_49641_k141_335608,0.019645174479134577,1.4537422918127737e-05,0.5007776049766719
SM,201630,49633--sample_49633_k141_461652,0.021976247925622246,1.8657274288413547e-05,0.5015576323987538
SM,201630,49641--sample_49641_k141_610039,0.02222247981278063,1.8324068635220092e-05,0.5015576323987538
SM,201630,49641--sample_49641_k141_63970,0.020955969057786197,1.6394281162520365e-05,0.5011673151750973
SM,201630,49617--sample_49617_k141_196642,0.01971855104545416,1.4359213431541071e-05,0.5007776049766719
SM,201630,49638--sample_49638_k141_293188,0.02085685725835304,1.6384251794264747e-05,0.5011673151750973
SM,201630,49631--sample_49631_k141_1047950,0.019556311287777135,1.4578260217839262e-05,0.5007776049766719
SM,201630,49631--sample_49631_k141_1078132,0.023477709490400844,2.0433975591809357e-05,0.5019485580670304
SM,201630,49617--sample_49617_k141_221011,0.016017182921633583,9.382547756722785e-06,0.49961210240496506
SM,201630,49641--sample_49641_k141_90630,0.02585697751126146,2.5273045949145523e-05,0.5027322404371585
SM,201630,49631--sample_49631_k141_758348,0.019538015686020465,1.4619798898855087e-05,0.5007776049766719
SM,201630,49617--sample_49617_k141_246435,0.026946197353734613,2.793487540480616e-05,0.503125
SM,201630,49618--sample_49618_k141_187803,0.018414589655883374,1.2624826150029838e-05,0.5003885003885004
SM,201630,49616--sample_49616_k141_109171,0.018341802028628774,1.2731053737009834e-05,0.5003885003885004
SM,201630,49641--sample_49641_k141_532511,0.017116086069894267,1.1043548309049732e-05,0.5
SM,201630,49617--sample_49617_k141_87747,0.017428688061900188,1.0738627800758285e-05,0.5
SM,201630,49617--sample_49617_k141_135022,0.014738080719903367,7.98324347814367e-06,0.4992248062015504
SM,201630,49640--sample_49640_k141_411990,0.02198383789375872,1.8564437480591667e-05,0.5015576323987538
SM,201630,49617--sample_49617_k141_280219,0.02075901291978245,1.6563173760308907e-05,0.5011673151750973
SM,201630,53600--sample_53600_k141_381646,0.019544113214098328,1.4558407511143501e-05,0.5007776049766719
SM,201630,49631--sample_49631_k141_946880,0.020795047202537276,1.6453051766098013e-05,0.5011673151750973
SM,201630,49640--sample_49640_k141_150614,0.014727743550678468,7.935924099151634e-06,0.4992248062015504
SM,201630,49630--sample_49630_k141_766537,0.01717559209632689,1.095884121170808e-05,0.5
SM,201630,49631--sample_49631_k141_161535,0.01962296337029835,1.4489475882712969e-05,0.5007776049766719
SM,201630,49619--sample_49619_k141_276398,0.02579960183108294,2.531980018333096e-05,0.5027322404371585
SM,201630,49635--sample_49635_k141_178072,0.020801131276497315,1.6439364827573153e-05,0.5011673151750973
SM,201630,49617--sample_49617_k141_20012,0.017153364285182215,1.095357915870098e-05,0.5
SM,201630,49641--sample_49641_k141_266781,0.0258424876573986,2.5195164996981117e-05,0.5027322404371585
SM,201630,49640--sample_49640_k141_295713,0.018339858363562594,1.2753559028967826e-05,0.5003885003885004
SM,201630,49638--sample_49638_k141_940541,0.023284938263922413,2.0687926468796236e-05,0.5019485580670304
SM,201630,49631--sample_49631_k141_125937,0.01482823822755175,7.88103038925348e-06,0.4992248062015504
SM,201630,49617--sample_49617_k141_187462,0.022088478344537563,1.8450876900489333e-05,0.5015576323987538
SM,201630,49618--sample_49618_k141_287800,0.021961960033603106,1.8639319758465137e-05,0.5015576323987538
SM,201630,49631--sample_49631_k141_908461,0.020890903191309654,1.636998085507278e-05,0.5011673151750973
SM,201630,49642--sample_49642_k141_530007,0.015951155581236682,9.424097721477964e-06,0.49961210240496506
SM,201630,49613--sample_49613_k141_537521,0.027077237938297704,2.77239653111959e-05,0.503125
SM,201630,49613--sample_49613_k141_11082,0.019632149931274635,1.4523302943252479e-05,0.5007776049766719
SM,201630,49631--sample_49631_k141_548732,0.019745593669842437,1.437211861993027e-05,0.5007776049766719
SM,201630,49617--sample_49617_k141_179032,0.0207485677888685,1.6513918543982903e-05,0.5011673151750973
SM,201630,49631--sample_49631_k141_862124,0.02219800027846976,1.8413854634883104e-05,0.5015576323987538
SM,201630,49641--sample_49641_k141_611231,0.027030938705878353,2.7822800650225473e-05,0.503125
SM,201630,49613--sample_49613_k141_620984,0.018327913715586442,1.2757441400256932e-05,0.5003885003885004
SM,201630,49631--sample_49631_k141_944793,0.013474691165180526,6.693595547170509e-06,0.4988381099922541
SM,201630,49631--sample_49631_k141_692523,0.012259614040683743,5.430335995443272e-06,0.4984520123839009
SM,201630,49631--sample_49631_k141_593099,0.019450684758309904,1.4660669210435638e-05,0.5007776049766719
SM,201630,49631--sample_49631_k141_707422,0.020958657469890726,1.6362238419953292e-05,0.5011673151750973
SM,201630,49617--sample_49617_k141_196780,0.023305513280168402,2.0611537289580377e-05,0.5019485580670304
SM,201630,49617--sample_49617_k141_216564,0.019765897842146454,1.438025828450077e-05,0.5007776049766719
SM,201630,49618--sample_49618_k141_38856,0.01843665208271802,1.2627293083827904e-05,0.5003885003885004
SM,201630,49631--sample_49631_k141_553074,0.02090267114837789,1.6358327167250395e-05,0.5011673151750973
SM,201630,49641--sample_49641_k141_305580,0.018328399213563783,1.2688717218563573e-05,0.5003885003885004
SM,201630,49636--sample_49636_k141_952298,0.022009391541051117,1.8561500198842457e-05,0.5015576323987538
SM,201630,49617--sample_49617_k141_68029,0.022157862375516264,1.8429314541904827e-05,0.5015576323987538
SM,201630,49631--sample_49631_k141_644005,0.022026426894757613,1.8471011448396938e-05,0.5015576323987538
SM,201630,49617--sample_49617_k141_127714,0.020819427215288795,1.644197818863136e-05,0.5011673151750973
SM,201630,49615--sample_49615_k141_95272,0.016074793841693413,9.33778420648325e-06,0.49961210240496506
SM,201630,49617--sample_49617_k141_122223,0.02330986321637771,2.062049146395644e-05,0.5019485580670304
SM,201630,49640--sample_49640_k141_463518,0.01977690647520279,1.432480223963488e-05,0.5007776049766719
SM,201630,49617--sample_49617_k141_226029,0.02090162014208539,1.637377174639214e-05,0.5011673151750973
SM,201630,49617--sample_49617_k141_239445,0.022127974095751565,1.8446341391429905e-05,0.5015576323987538
SM,201630,49639--sample_49639_k141_455759,0.02333321569539273,2.0643117388457643e-05,0.5019485580670304
SM,201630,49617--sample_49617_k141_136377,0.022202824260113375,1.837589700442487e-05,0.5015576323987538
SM,201630,49619--sample_49619_k141_252582,0.019685057938496307,1.4453568004158704e-05,0.5007776049766719
SM,201630,49636--sample_49636_k141_1048953,0.014756536538868178,7.914932904412118e-06,0.4992248062015504
SM,201630,49631--sample_49631_k141_226575,0.019665031543325,1.4455374196503112e-05,0.5007776049766719
SM,201630,49617--sample_49617_k141_27324,0.014561859619268239,8.066846435515511e-06,0.4992248062015504
SM,201630,49617--sample_49617_k141_96456,0.01718794927269616,1.099541173872338e-05,0.5
SM,201630,49616--sample_49616_k141_70342,0.02205150140056946,1.853298220778392e-05,0.5015576323987538
SM,201630,49616--sample_49616_k141_23312,0.020915589651901753,1.632394360321081e-05,0.5011673151750973
SM,201630,49617--sample_49617_k141_118412,0.020847003735971235,1.64146793607064e-05,0.5011673151750973
SM,201630,49617--sample_49617_k141_33665,0.01952825993033566,1.4617664310183822e-05,0.5007776049766719
SM,201630,49617--sample_49617_k141_295889,0.01354384391793219,6.641852397083299e-06,0.4988381099922541
SM,201630,49631--sample_49631_k141_810649,0.023319114591279402,2.0627729333567966e-05,0.5019485580670304
SM,201630,53601--sample_53601_k141_171030,0.01360841549609042,6.507410002740773e-06,0.4984520123839009
SM,201630,49630--sample_49630_k141_707921,0.01959019084624545,1.4504833580093034e-05,0.5007776049766719
SM,201630,49638--sample_49638_k141_729881,0.02327919581653563,2.0652908457528684e-05,0.5019485580670304
SM,201630,49617--sample_49617_k141_188936,0.020818263133746878,1.6499946677675384e-05,0.5011673151750973
SM,201630,49617--sample_49617_k141_242716,0.020886691553382148,1.6327513018606137e-05,0.5011673151750973
SM,201630,49618--sample_49618_k141_228596,0.01462428972020647,8.06931022005167e-06,0.4992248062015504
SM,201630,49633--sample_49633_k141_851659,0.02094421962914698,1.6315859943544236e-05,0.5011673151750973
SM,201630,49640--sample_49640_k141_182877,0.013602347027623158,6.588762573735477e-06,0.4988381099922541
SM,201630,49631--sample_49631_k141_825232,0.022132836138413717,1.847346363855884e-05,0.5015576323987538
SM,201630,49617--sample_49617_k141_262021,0.013486110398606284,6.6274175010138415e-06,0.4988381099922541
SM,201630,49636--sample_49636_k141_1215698,0.024534372695079954,2.2901881078726254e-05,0.5023400936037441
SM,201630,49617--sample_49617_k141_189712,0.020897554711591677,1.6329124459496507e-05,0.5007776049766719
SM,201630,49640--sample_49640_k141_235960,0.014687197909885848,7.965724661779679e-06,0.4992248062015504
SM,201630,49618--sample_49618_k141_257690,0.023347620939983306,2.060170790977798e-05,0.5019485580670304
SM,201630,49640--sample_49640_k141_178191,0.021072350470028544,1.619025293016139e-05,0.5011673151750973
SM,201630,49631--sample_49631_k141_902653,0.02103335035654924,1.6206584970539046e-05,0.5011673151750973
SM,201630,49617--sample_49617_k141_225320,0.02205290598151676,1.845112772971394e-05,0.5015576323987538
SM,201630,49641--sample_49641_k141_83077,0.016008198782627072,9.370309741756878e-06,0.49961210240496506
SM,201630,49613--sample_49613_k141_22565,0.02460170104426167,2.284185811363869e-05,0.5023400936037441
SM,201630,49617--sample_49617_k141_184740,0.019719160200104675,1.4412049078268207e-05,0.5007776049766719
SM,201630,49617--sample_49617_k141_227961,0.01590970092918037,9.461504894068085e-06,0.49961210240496506
SM,201630,49618--sample_49618_k141_119045,0.02209136678980946,1.845871314512132e-05,0.5015576323987538
SM,201630,49630--sample_49630_k141_199862,0.022092837176032547,1.850599575178446e-05,0.5015576323987538
SM,201630,49617--sample_49617_k141_245533,0.020772746809934513,1.650527210198181e-05,0.5011673151750973
SM,201630,49618--sample_49618_k141_171794,0.021962623090938275,1.8569983392531775e-05,0.5015576323987538
SM,201630,49631--sample_49631_k141_1072308,0.024630725473095375,2.2861307089629808e-05,0.5023400936037441
SM,201630,49631--sample_49631_k141_496773,0.01713026676290569,1.1005955712299966e-05,0.5
SM,201630,49617--sample_49617_k141_179071,0.020754877212367604,1.6520322161603253e-05,0.5011673151750973
SM,201630,49642--sample_49642_k141_462958,0.015997508030527404,9.410849231378268e-06,0.49961210240496506
SM,201630,49613--sample_49613_k141_592411,0.0170781837222147,1.1080721471753126e-05,0.5
SM,201630,49616--sample_49616_k141_116937,0.024592484875843375,2.2903986456432748e-05,0.5023400936037441
SM,201630,49617--sample_49617_k141_269609,0.01461404208628136,8.075560680542067e-06,0.4992248062015504
SM,201630,49618--sample_49618_k141_46916,0.018381280026664008,1.2714625080937126e-05,0.5003885003885004
SM,201630,49617--sample_49617_k141_191897,0.02326826467748418,2.0718486462491987e-05,0.5019485580670304
SM,201630,49635--sample_49635_k141_654849,0.019667149774310045,1.4487041769235901e-05,0.5007776049766719
SM,201630,49617--sample_49617_k141_87358,0.018374357274910155,1.2712153937603761e-05,0.5003885003885004
SM,201630,49617--sample_49617_k141_35964,0.01843174881430021,1.2642706240539534e-05,0.5003885003885004
SM,201630,49617--sample_49617_k141_93901,0.024569397376931666,2.2949338537744777e-05,0.5023400936037441
SM,201630,49613--sample_49613_k141_91953,0.02207002309642674,1.8561321310905136e-05,0.5015576323987538
SM,201630,49631--sample_49631_k141_940378,0.02703764016727579,2.78617568110686e-05,0.503125
SM,201630,49617--sample_49617_k141_123358,0.02584998958626581,2.5284082911065878e-05,0.5027322404371585
SM,201630,49631--sample_49631_k141_957429,0.017106874717163812,1.1002537314387378e-05,0.5
SM,201630,49631--sample_49631_k141_1029560,0.018545505987730485,1.2539772382915767e-05,0.5003885003885004
SM,201630,49635--sample_49635_k141_447707,0.020839794206864902,1.645024895709279e-05,0.5011673151750973
SM,201630,49617--sample_49617_k141_144175,0.02080624043603523,1.6469209853347933e-05,0.5011673151750973
SM,201630,49631--sample_49631_k141_253438,0.021020149503338706,1.627768147097428e-05,0.5011673151750973
SM,201630,49631--sample_49631_k141_20889,0.020881383700759426,1.63690003038402e-05,0.5011673151750973
SM,201630,49631--sample_49631_k141_655218,0.01480972245421131,7.870165464067607e-06,0.4992248062015504
SM,201630,49631--sample_49631_k141_816750,0.018567732756800164,1.2539013882242616e-05,0.5003885003885004
SM,201630,49633--sample_49633_k141_192674,0.01837468196597639,1.2689120042345301e-05,0.5003885003885004
SM,201630,49631--sample_49631_k141_334345,0.013467071769450516,6.639442563835333e-06,0.4988381099922541
SM,201630,49638--sample_49638_k141_15595,0.019571931418375873,1.4507489903673344e-05,0.5007776049766719
SM,201630,49638--sample_49638_k141_770173,0.015986935468231895,9.350273424225178e-06,0.49961210240496506
SM,201630,49631--sample_49631_k141_324547,0.014803751509989591,7.972054652628878e-06,0.4992248062015504
SM,201630,49630--sample_49630_k141_887611,0.019458458660632703,1.469080380261448e-05,0.5007776049766719
SM,201630,49618--sample_49618_k141_331372,0.027036369891962668,2.7858978693601526e-05,0.503125
SM,201630,49617--sample_49617_k141_251555,0.018443614293654653,1.2615740819879124e-05,0.5003885003885004
SM,201630,49639--sample_49639_k141_508481,0.019657901167806968,1.4473154728754296e-05,0.5007776049766719
SM,201630,49618--sample_49618_k141_213627,0.024635916439524903,2.2846987842705803e-05,0.5023400936037441
SM,201630,49631--sample_49631_k141_664989,0.019714993937011458,1.4429606745126186e-05,0.5007776049766719
SM,201630,49613--sample_49613_k141_104397,0.012111433758812025,5.54792628221548e-06,0.4984520123839009
SM,201630,49641--sample_49641_k141_373091,0.018472387405040726,1.2615679079213087e-05,0.5003885003885004
SM,201630,49613--sample_49613_k141_36228,0.01844358834283228,1.2668862530741545e-05,0.5003885003885004
SM,201630,49640--sample_49640_k141_106204,0.01959454944590783,1.4571354402188345e-05,0.5007776049766719
SM,201630,49617--sample_49617_k141_184962,0.017082701106100752,1.1068263796049625e-05,0.5
SM,201630,49631--sample_49631_k141_269963,0.02457651268496972,2.2851036816394993e-05,0.5023400936037441
SM,201630,49632--sample_49632_k141_266809,0.023132834245504903,2.0844352026535315e-05,0.5019485580670304
SM,201630,49613--sample_49613_k141_594659,0.022088098034796836,1.8386923961507083e-05,0.5015576323987538
SM,201630,53598--sample_53598_k141_349839,0.018433048426273073,1.2646848182536285e-05,0.5003885003885004
SM,201630,49617--sample_49617_k141_291128,0.025752570290012208,2.5314966240892427e-05,0.5027322404371585
SM,201630,49631--sample_49631_k141_846808,0.02330643770787411,2.0627818335375037e-05,0.5019485580670304
SM,201630,49631--sample_49631_k141_766424,0.020806811257084796,1.645840532680785e-05,0.5011673151750973
SM,201630,49617--sample_49617_k141_283587,0.020890583575829052,1.6377272222980315e-05,0.5011673151750973
SM,201630,53602--sample_53602_k141_377025,0.01843586095386906,1.2662117268423872e-05,0.5003885003885004
SM,201630,49631--sample_49631_k141_730297,0.023264904620518636,2.06330698491209e-05,0.5019485580670304
SM,201630,49615--sample_49615_k141_91147,0.017220790467589252,1.090520548474762e-05,0.5
SM,201630,49617--sample_49617_k141_299297,0.025916891719859024,2.5126730162646697e-05,0.5027322404371585
SM,201630,49631--sample_49631_k141_866898,0.01721729210837757,1.0937859515833602e-05,0.5
SM,201630,49638--sample_49638_k141_452047,0.020965767070721418,1.633261409429384e-05,0.5011673151750973
SM,201630,49615--sample_49615_k141_133391,0.020788077800826345,1.654870743205165e-05,0.5011673151750973
SM,201630,49617--sample_49617_k141_63508,0.01838398606365217,1.2685405756981045e-05,0.5003885003885004
SM,201630,53600--sample_53600_k141_59809,0.014678540902787245,7.993963639564248e-06,0.4992248062015504
SM,201630,53600--sample_53600_k141_22783,0.015998584413976155,9.379996469719242e-06,0.49961210240496506
SM,201630,49640--sample_49640_k141_328655,0.017371175381726646,1.0836332428767994e-05,0.5
SM,201630,49633--sample_49633_k141_938818,0.018386984917270026,1.2721024825304382e-05,0.5003885003885004
SM,201630,49630--sample_49630_k141_419823,0.01962917410462939,1.4481459947557951e-05,0.5007776049766719
SM,201630,49630--sample_49630_k141_177312,0.015985619263130423,9.395508272507843e-06,0.49961210240496506
SM,201630,49641--sample_49641_k141_614314,0.022219223115498093,1.8328565210158344e-05,0.5015576323987538
SM,201630,49642--sample_49642_k141_410126,0.0207922947570072,1.6487649922787497e-05,0.5011673151750973
SM,201630,49617--sample_49617_k141_201511,0.019523127282225997,1.4564408997603642e-05,0.5007776049766719
SM,201630,49617--sample_49617_k141_298815,0.022208613084341917,1.8284684904333534e-05,0.5015576323987538
SM,201630,49617--sample_49617_k141_61959,0.024561151970070506,2.2892567935114224e-05,0.5023400936037441
SM,201630,49617--sample_49617_k141_66360,0.023348909505408143,2.0561003176978424e-05,0.5019485580670304
SM,201630,49631--sample_49631_k141_138255,0.022068301751203737,1.8506998008571596e-05,0.5015576323987538
SM,201630,49617--sample_49617_k141_30728,0.019737959076739586,1.4346817564674234e-05,0.5007776049766719
SM,201630,49617--sample_49617_k141_262468,0.02336585764393079,2.0613095774117556e-05,0.5019485580670304
SM,201630,49613--sample_49613_k141_620399,0.022080521474430074,1.847661952718186e-05,0.5015576323987538
SM,201630,49631--sample_49631_k141_875953,0.020947676676640284,1.628918757384207e-05,0.5011673151750973
SM,201630,49617--sample_49617_k141_295732,0.013443941095129055,6.6712709780492435e-06,0.4988381099922541
SM,201630,49617--sample_49617_k141_178119,0.01592608338118129,9.482010032632657e-06,0.49961210240496506
SM,201630,49631--sample_49631_k141_30093,0.012107504576888344,5.514041659383876e-06,0.4984520123839009
SM,201630,49631--sample_49631_k141_269216,0.018481325677859775,1.2601815173904903e-05,0.5003885003885004
SM,201630,49631--sample_49631_k141_1008652,0.019783515244613272,1.4322171524447568e-05,0.5007776049766719
SM,201630,49617--sample_49617_k141_280480,0.01732172678843971,1.0835815844114273e-05,0.5
SM,201630,49630--sample_49630_k141_409200,0.013637030490201514,6.539979132038856e-06,0.4988381099922541
SM,201630,49617--sample_49617_k141_276013,0.01964484910781063,1.448652515186499e-05,0.5007776049766719
SM,201630,49631--sample_49631_k141_709042,0.020837559212505262,1.6430946438872657e-05,0.5011673151750973
SM,201630,53600--sample_53600_k141_348427,0.023236564578262082,2.0740083477035286e-05,0.5019485580670304
SM,201630,49617--sample_49617_k141_26213,0.020979692033334444,1.6266079709157775e-05,0.5011673151750973
SM,201630,49617--sample_49617_k141_195700,0.020800234739884526,1.640845171480784e-05,0.5011673151750973
SM,201630,49631--sample_49631_k141_581899,0.02069247940582404,1.660180502402532e-05,0.5011673151750973
SM,201630,49642--sample_49642_k141_628483,0.018508539420965385,1.2558952005665212e-05,0.5003885003885004
SM,201630,49613--sample_49613_k141_532078,0.020839830827999305,1.643745816492943e-05,0.5011673151750973
SM,201630,49638--sample_49638_k141_599206,0.020895785817147405,1.635639488915197e-05,0.5011673151750973
SM,201630,49617--sample_49617_k141_150679,0.020788697593118504,1.6497138462206972e-05,0.5011673151750973
SM,201630,49631--sample_49631_k141_1053996,0.019543060523492427,1.4608149715216339e-05,0.5007776049766719
SM,201630,49617--sample_49617_k141_167811,0.01840166188920087,1.265144520968673e-05,0.5003885003885004
SM,201630,49616--sample_49616_k141_193497,0.023288883618575063,2.068833459489794e-05,0.5019485580670304
SM,201630,49617--sample_49617_k141_24004,0.019620505920022287,1.4423338037126533e-05,0.5007776049766719
SM,201630,49617--sample_49617_k141_77130,0.01964513866278632,1.4470524000934049e-05,0.5007776049766719
SM,201630,49631--sample_49631_k141_743481,0.015931460447490477,9.42742322954659e-06,0.49961210240496506
SM,201630,49640--sample_49640_k141_592906,0.025857446234126117,2.5287308135656944e-05,0.5027322404371585
SM,201630,49639--sample_49639_k141_495848,0.019816738383618103,1.4262463635182944e-05,0.5007776049766719
SM,201630,49631--sample_49631_k141_862268,0.023375859822412432,2.05916718802557e-05,0.5019485580670304
SM,201630,49642--sample_49642_k141_581549,0.02213664684705393,1.837704898995566e-05,0.5015576323987538
SM,201630,49631--sample_49631_k141_1007009,0.01973140492552455,1.4408225369285752e-05,0.5007776049766719
SM,201630,49619--sample_49619_k141_441181,0.02339079834421142,2.0561802046440803e-05,0.5019485580670304
SM,201630,49631--sample_49631_k141_292675,0.02097190729869305,1.633713780851522e-05,0.5011673151750973
SM,201630,49630--sample_49630_k141_849450,0.021013517478343423,1.6248237418287356e-05,0.5011673151750973
SM,201630,49617--sample_49617_k141_278168,0.019636357788166327,1.4527017951916136e-05,0.5007776049766719
SM,201630,49613--sample_49613_k141_231441,0.023425799692687054,2.04309811910154e-05,0.5019485580670304
SM,201630,49631--sample_49631_k141_702721,0.01730591353358941,1.0844524589702762e-05,0.5
SM,201630,49640--sample_49640_k141_152891,0.014791597319545498,7.951131806174105e-06,0.4992248062015504
SM,201630,49641--sample_49641_k141_488055,0.019766286311278313,1.4371042641468798e-05,0.5007776049766719
SM,201630,49640--sample_49640_k141_323313,0.015945701904352804,9.413288931445751e-06,0.4992248062015504
SM,201630,49631--sample_49631_k141_1041242,0.02086868975031985,1.6417901145131815e-05,0.5011673151750973
SM,201630,49618--sample_49618_k141_137535,0.019719550839516774,1.4393353162481256e-05,0.5007776049766719
SM,201630,49633--sample_49633_k141_1083728,0.014716961200893181,8.029112145181427e-06,0.4992248062015504
SM,201630,49632--sample_49632_k141_1004910,0.02457496129136189,2.288137933417869e-05,0.5023400936037441
SM,201630,49618--sample_49618_k141_23248,0.022014887507397586,1.8538650483093182e-05,0.5015576323987538
SM,201630,49617--sample_49617_k141_72135,0.018452650208544755,1.259316546774123e-05,0.5003885003885004
SM,201630,49613--sample_49613_k141_461896,0.018555168630498445,1.2495065015018405e-05,0.5003885003885004
SM,201630,49617--sample_49617_k141_86405,0.019572151037036124,1.4562003676788007e-05,0.5007776049766719
SM,201630,49613--sample_49613_k141_165938,0.018457393483862473,1.262490215789574e-05,0.5003885003885004
SM,201630,49631--sample_49631_k141_563528,0.017173093742245703,1.0965648723579976e-05,0.5
SM,201630,49617--sample_49617_k141_160378,0.017196770236622673,1.0994191399716484e-05,0.5
SM,201630,49613--sample_49613_k141_682459,0.0209404103414539,1.631467770824926e-05,0.5011673151750973
SM,201630,49617--sample_49617_k141_61118,0.014860721496340792,7.871239419724544e-06,0.4992248062015504
SM,201630,49630--sample_49630_k141_343998,0.022185076227981,1.8343399806256085e-05,0.5015576323987538
SM,201630,49617--sample_49617_k141_127335,0.018493751011550656,1.2596609303018426e-05,0.5003885003885004
SM,201630,49630--sample_49630_k141_90873,0.020778297612629615,1.646856712862836e-05,0.5011673151750973
SM,201630,49618--sample_49618_k141_299160,0.024542019288894438,2.289349272434706e-05,0.5023400936037441
SM,201630,49631--sample_49631_k141_167697,0.024637986542680842,2.2753160008234077e-05,0.5023400936037441
SM,201630,49631--sample_49631_k141_569685,0.019824591374596447,1.4345119144357443e-05,0.5007776049766719
SM,201630,49631--sample_49631_k141_148696,0.017108438511522044,1.1024277329374004e-05,0.5
SM,201630,49617--sample_49617_k141_282111,0.02079283371926616,1.6444299161107013e-05,0.5011673151750973
SM,201630,49617--sample_49617_k141_285407,0.018428502170161495,1.2690699771242703e-05,0.5003885003885004
SM,201630,49641--sample_49641_k141_284676,0.02330807382631099,2.0637752627322236e-05,0.5019485580670304
SM,201630,49617--sample_49617_k141_41126,0.02210979155000254,1.8438548020381714e-05,0.5015576323987538
SM,201630,49618--sample_49618_k141_58082,0.013468531146981341,6.64550378492046e-06,0.4988381099922541
SM,201630,Sample_49638_5,0.13719672656569262,0.03706753263685642,0.546457361052185
SM,201630,Sample_49629_9.1,0.13582703904767823,0.035502373752765874,0.5414039512400168
SM,201630,Sample_49628_42,0.13963061659172082,0.03773381781878334,0.5516059957173447
SM,201630,Sample_49624_11,0.13313802139826061,0.03426945916418924,0.5355509355509356
SM,201630,Sample_49615_24,0.13369991505052936,0.03341022632566176,0.5346616853466168
SM,201630,Sample_49624_46,0.1308212519343785,0.03301906991225025,0.5298231180584122
SM,201630,49622_ma_contigs,0.1302541335307918,0.03321421045761996,0.5298231180584122
SM,201630,Sample_49625_12,0.1384017194188613,0.03701666658165668,0.5487856838517257
SM,201630,Sample_49613_26,0.13584461818495686,0.03580350595124941,0.5423157894736842
SM,201630,Sample_49613_25,0.13031890243522593,0.033853934807548135,0.5315724308708213
SM,201630,Sample_49628_25.1,0.1322552405546339,0.03424338032192528,0.5342181667357943
SM,201630,Sample_49625_10,0.12711276222202528,0.03213506094085687,0.5237901586010574
SM,201630,Sample_49615_26.2,0.1344647957753667,0.034803618727082604,0.5382365231926453
SM,201630,Sample_49628_33.1,0.13415245338321283,0.034546592978162406,0.5373383395911556
SM,201630,Sample_49615_13,0.13299658593492586,0.033698054633218545,0.5342181667357943
SM,201630,Sample_49625_6,0.1357550968963251,0.03627987365266065,0.5432307043441585
SM,201630,Sample_49618_9,0.13342463335068472,0.0358542799856495,0.5391377145249058
SM,201630,Sample_49618_42,0.1343442889046983,0.03606523401946697,0.5409491810163797
SM,201630,Sample_49618_8,0.13473853783967726,0.03588295976672383,0.5409491810163797
SM,201630,Sample_49625_17,0.1340187437271426,0.036166014197801966,0.5404951741502309
SM,201630,Sample_49618_50,0.1256647719933225,0.030444126630891372,0.5183098591549296
SM,201630,Sample_49613_28,0.1349001985788297,0.035322902570167174,0.540041928721174
SM,201630,Sample_49628_55,0.13636564424309663,0.03536259965523084,0.5418594867480017
SM,201630,Sample_49624_8,0.13884417916612518,0.038351428819869186,0.5516059957173447
SM,201630,Sample_49628_40,0.13364155585084095,0.034624307887643535,0.5368903709879116
SM,201630,Sample_49615_5.1,0.12700700044449167,0.031062968214759342,0.5212464589235127
SM,201630,Sample_49615_20,0.13506510684252598,0.03657237617214828,0.5427728613569321
SM,201630,Sample_49618_39.1,0.13049422560063514,0.03447509585100683,0.5328920148944973
