Method,Iteration,Number of Swaps,Nestedness
Prediction,Prediction,394190,61.0361387336295
CM,Null iteration 1,394190,60.97388937701599
CM,Null iteration 2,394190,50.19347304068824
CM,Null iteration 3,394190,47.12133069177638
CM,Null iteration 4,394190,45.821580485123235
CM,Null iteration 5,394190,45.614618843953664
