Method,Iteration,Number of Swaps,Nestedness
Prediction,Prediction,394190,61.0361387336295
CM,Null iteration 1,394190,60.06572992302145
CM,Null iteration 2,394190,55.44587046683779
CM,Null iteration 3,394190,53.10955491193597
CM,Null iteration 4,394190,53.719660268956865
CM,Null iteration 5,394190,54.77354841572945
