Method,Iteration,Percent Shuffle,Nestedness
Prediction,Prediction,0.5,61.0361387336295
CM,Null iteration 1,0.5,60.74244455392436
CM,Null iteration 2,0.5,54.0741687343278
CM,Null iteration 3,0.5,51.15642750469051
CM,Null iteration 4,0.5,38.78071734334482
CM,Null iteration 5,0.5,36.565177454170666
