Method,Iteration,Number of Swaps,Nestedness
Prediction,Prediction,394190,61.0361387336295
CM,Null iteration 1,394190,63.10461906741601
CM,Null iteration 2,394190,63.115746271119136
CM,Null iteration 3,394190,63.09587625439531
CM,Null iteration 4,394190,63.14241792422807
CM,Null iteration 5,394190,63.08075204757996
